timestamp_seconds,event,x,y,velocity_x,velocity_y,action,info
835.523,session_start,392.0,624.0,0.0,0.0,,
835.576,jump_peak_reached,392.0,624.0,0.0,37.037036895752,jump_peak,x_392.0_y_624.0
835.678,platform_landed,392.0,638.988403320312,0.0,0.0,land_on_platform,platform_scene-1/Tile Map/21_36_layer_Tile Map_tile_21_36_source_1_atlas_2_0
835.678,landed,392.0,638.988403320312,0.0,0.0,land,surface_wood_impact_0.51851849365234
836.484,move_left_pressed,392.0,638.988403320312,-33.3333320617676,0.0,Move_Left,pressed
836.946,move_right_pressed,360.846618652344,638.925659179688,33.3333320617676,0.0,Move_Right,pressed
838.013,jump_input_pressed,386.013275146484,638.925659179688,0.0,0.0,Jump,pressed
838.013,jump_executed,386.013275146484,638.925659179688,0.0,-500.0,jump,x_386.013275146484_y_638.925659179688
838.112,jump_input_released,386.013275146484,594.080749511719,0.0,-376.166595458984,Jump,released
838.204,jump_peak_reached,386.013275146484,589.2890625,0.0,41.2037048339844,jump_peak,x_386.013275146484_y_589.2890625
838.404,platform_landed,386.013275146484,638.966186523438,0.0,0.0,land_on_platform,platform_scene-1/Tile Map/21_36_layer_Tile Map_tile_21_36_source_1_atlas_2_0
838.404,landed,386.013275146484,638.966186523438,0.0,0.0,land,surface_wood_impact_0.97129644775391
838.654,move_left_pressed,386.013275146484,638.966186523438,-33.3333320617676,0.0,Move_Left,pressed
838.895,move_left_pressed,372.846618652344,638.966186523438,-33.3333320617676,0.0,Move_Left,pressed
839.379,move_right_pressed,326.679962158203,638.929443359375,33.3333320617676,0.0,Move_Right,pressed
839.528,jump_input_pressed,347.013275146484,638.929443359375,180.0,0.0,Jump,pressed
839.528,jump_executed,347.013275146484,638.929443359375,180.0,-500.0,jump,x_347.013275146484_y_638.929443359375
839.703,jump_input_released,380.014801025391,566.090942382812,180.0,-274.499877929688,Jump,released
839.803,jump_peak_reached,398.014801025391,561.299255371094,180.0,41.2037048339844,jump_peak,x_398.014801025391_y_561.299255371094
839.937,platform_landed,425.014801025391,584.933715820312,180.0,0.0,land_on_platform,platform_scene-1/Tile Map/23_33_layer_Tile Map_tile_23_33_source_1_atlas_3_0
839.937,landed,425.014801025391,584.933715820312,180.0,0.0,land,surface_wood_impact_0.67500006103516
840.261,move_left_pressed,429.84814453125,584.933715820312,-33.3333320617676,0.0,Move_Left,pressed
840.702,platform_landed,380.658782958984,638.992980957031,0.0,0.0,land_on_platform,platform_scene-1/Tile Map/21_36_layer_Tile Map_tile_21_36_source_1_atlas_2_0
840.703,landed,380.658782958984,638.992980957031,0.0,0.0,land,surface_wood_impact_0.96296307373047
841.104,move_left_pressed,380.658782958984,638.992980957031,-33.3333320617676,0.0,Move_Left,pressed
841.128,jump_input_pressed,380.103240966797,638.992980957031,-66.6666641235352,0.0,Jump,pressed
841.129,jump_executed,380.103240966797,638.992980957031,-66.6666641235352,-500.0,jump,x_380.103240966797_y_638.992980957031
841.312,jump_peak_reached,356.371154785156,570.691711425781,0.0,74.0740737915039,jump_peak,x_356.371154785156_y_570.691711425781
841.328,move_left_pressed,356.371154785156,571.92626953125,-15.0,111.111114501953,Move_Left,pressed
841.378,jump_input_released,354.871154785156,579.333679199219,-60.0,222.222213745117,Jump,released
841.529,platform_landed,333.871154785156,638.933349609375,-180.0,0.0,land_on_platform,platform_scene-1/Tile Map/18_36_layer_Tile Map_tile_18_36_source_1_atlas_2_0
841.529,landed,333.871154785156,638.933349609375,-180.0,0.0,land,surface_wood_impact_1.11111120605469
842.463,move_left_pressed,212.037811279297,638.925231933594,-33.3333320617676,0.0,Move_Left,pressed
842.562,jump_input_pressed,200.704467773438,638.925231933594,-180.0,0.0,Jump,pressed
842.563,jump_executed,200.704467773438,638.925231933594,-180.0,-500.0,jump,x_200.704467773438_y_638.925231933594
842.654,jump_input_released,182.704116821289,594.080810546875,-180.0,-376.166595458984,Jump,released
842.753,jump_peak_reached,171.87077331543,589.289123535156,0.0,41.2037048339844,jump_peak,x_171.87077331543_y_589.289123535156
842.953,platform_landed,171.87077331543,638.966247558594,0.0,0.0,land_on_platform,platform_scene-1/Tile Map/9_36_layer_Tile Map_tile_9_36_source_1_atlas_2_0
842.954,landed,171.87077331543,638.966247558594,0.0,0.0,land,surface_wood_impact_0.97129644775391
843.229,move_left_pressed,171.87077331543,638.966247558594,-33.3333320617676,0.0,Move_Left,pressed
843.279,jump_input_pressed,168.53742980957,638.966247558594,-133.33332824707,0.0,Jump,pressed
843.279,jump_executed,168.53742980957,638.966247558594,-133.33332824707,-500.0,jump,x_168.53742980957_y_638.966247558594
843.638,jump_input_released,132.57470703125,533.932861328125,-96.6666641235352,-55.722110748291,Jump,released
843.703,jump_peak_reached,130.741363525391,532.301391601562,0.0,43.8149261474609,jump_peak,x_130.741363525391_y_532.301391601562
843.853,platform_landed,130.741363525391,566.98876953125,0.0,0.0,land_on_platform,platform_scene-1/Tile Map/7_32_layer_Tile Map_tile_7_32_source_1_atlas_0_0
843.853,landed,130.741363525391,566.98876953125,0.0,0.0,land,surface_wood_impact_0.75429656982422
844.263,move_left_pressed,130.741363525391,566.98876953125,-33.3333320617676,0.0,Move_Left,pressed
844.378,jump_input_pressed,116.390983581543,569.090637207031,-180.0,111.111114501953,Jump,pressed
844.579,platform_landed,77.390983581543,638.933410644531,-180.0,0.0,land_on_platform,platform_scene-1/Tile Map/4_36_layer_Tile Map_tile_4_36_source_1_atlas_2_0
844.579,landed,77.390983581543,638.933410644531,-180.0,0.0,land,surface_wood_impact_1.11111120605469
844.72,jump_input_released,53.390983581543,638.933410644531,-180.0,0.0,Jump,released
845.087,move_right_pressed,48.5576515197754,638.933410644531,33.3333320617676,0.0,Move_Right,pressed
845.353,jump_input_pressed,89.8909912109375,638.933410644531,180.0,0.0,Jump,pressed
845.353,jump_executed,89.8909912109375,638.933410644531,180.0,-500.0,jump,x_89.8909912109375_y_638.933410644531
845.512,jump_input_released,116.893600463867,576.2734375,180.0,-314.999908447266,Jump,released
845.604,jump_peak_reached,120.404914855957,571.462341308594,16.7106456756592,41.2037048339844,jump_peak,x_120.404914855957_y_571.462341308594
845.837,platform_landed,119.925285339355,638.962768554688,0.0,0.0,land_on_platform,platform_scene-1/Tile Map/6_36_layer_Tile Map_tile_6_36_source_1_atlas_2_0
845.837,landed,119.925285339355,638.962768554688,0.0,0.0,land,surface_wood_impact_1.11944458007812
846.078,move_right_pressed,119.925285339355,638.962768554688,33.3333320617676,0.0,Move_Right,pressed
846.38,jump_input_pressed,165.869735717773,638.962768554688,13.3333311080933,0.0,Jump,pressed
846.38,jump_executed,165.869735717773,638.962768554688,13.3333311080933,-500.0,jump,x_165.869735717773_y_638.962768554688
846.461,move_right_pressed,166.092849731445,600.702209472656,15.0,-396.666595458984,Move_Right,pressed
846.513,jump_input_released,167.592849731445,581.87353515625,60.0,-335.333251953125,Jump,released
846.603,jump_peak_reached,177.342849731445,577.081848144531,150.0,41.2037048339844,jump_peak,x_177.342849731445_y_577.081848144531
846.82,platform_landed,180.953964233398,638.989562988281,0.0,0.0,land_on_platform,platform_scene-1/Tile Map/9_36_layer_Tile Map_tile_9_36_source_1_atlas_2_0
846.82,landed,180.953964233398,638.989562988281,0.0,0.0,land,surface_wood_impact_1.04537048339844
847.296,move_right_pressed,180.953964233398,638.989562988281,33.3333320617676,0.0,Move_Right,pressed
847.703,move_right_pressed,197.122299194336,638.929260253906,33.3333320617676,0.0,Move_Right,pressed
848.012,move_left_pressed,219.288986206055,638.929260253906,-33.3333320617676,0.0,Move_Left,pressed
848.279,move_right_pressed,200.122299194336,638.929260253906,33.3333320617676,0.0,Move_Right,pressed
849.145,jump_input_pressed,352.455657958984,638.929260253906,180.0,0.0,Jump,pressed
849.145,jump_executed,352.455657958984,638.929260253906,180.0,-500.0,jump,x_352.455657958984_y_638.929260253906
849.278,jump_input_released,376.457122802734,581.869689941406,180.0,-335.333251953125,Jump,released
849.379,jump_peak_reached,393.068237304688,577.078002929688,13.3333311080933,41.2037048339844,jump_peak,x_393.068237304688_y_577.078002929688
849.445,platform_landed,393.290466308594,586.061950683594,0.0,0.0,land_on_platform,platform_scene-1/Tile Map/22_33_layer_Tile Map_tile_22_33_source_1_atlas_1_0
849.445,landed,393.290466308594,586.061950683594,0.0,0.0,land,surface_wood_impact_0.37870370483398
849.47,musicking,393.290466308594,586.061950683594,0.0,0.0,osc_received,"value_[1, ""platform_pan_nav""]"
849.772,move_right_pressed,393.290466308594,586.061950683594,33.3333320617676,0.0,Move_Right,pressed
849.92,move_right_pressed,408.945373535156,584.994445800781,46.6666641235352,0.0,Move_Right,pressed
850.03,jump_input_pressed,424.389831542969,584.93310546875,180.0,0.0,Jump,pressed
850.03,jump_executed,424.389831542969,584.93310546875,180.0,-500.0,jump,x_424.389831542969_y_584.93310546875
850.13,jump_input_released,442.392364501953,540.082580566406,180.0,-376.166595458984,Jump,released
850.228,jump_peak_reached,460.392364501953,535.290893554688,180.0,41.2037048339844,jump_peak,x_460.392364501953_y_535.290893554688
850.262,coin_collected,466.392364501953,537.281616210938,180.0,78.2407455444336,collect_coin,coin_coin_score_2
850.264,sonification,469.392364501953,539.202941894531,180.0,115.277786254883,osc_received,"value_[1, ""coins-with-pitch""]"
850.328,platform_landed,471.225708007812,548.996398925781,0.0,0.0,land_on_platform,platform_scene-1/Tile Map/26_31_layer_Tile Map_tile_26_31_source_1_atlas_2_0
850.328,landed,471.225708007812,548.996398925781,0.0,0.0,land,surface_wood_impact_0.52685186767578
850.704,move_right_pressed,471.225708007812,548.996398925781,33.3333320617676,0.0,Move_Right,pressed
850.836,jump_input_pressed,488.559020996094,548.996398925781,180.0,0.0,Jump,pressed
850.836,jump_executed,488.559020996094,548.996398925781,180.0,-500.0,jump,x_488.559020996094_y_548.996398925781
851.013,jump_input_released,503.847747802734,476.39990234375,120.0,-274.499877929688,Jump,released
851.112,jump_peak_reached,506.458862304688,471.608245849609,0.0,41.2037048339844,jump_peak,x_506.458862304688_y_471.608245849609
851.245,platform_landed,506.458862304688,494.968322753906,0.0,0.0,land_on_platform,platform_scene-1/Tile Map/28_28_layer_Tile Map_tile_28_28_source_1_atlas_1_0
851.245,landed,506.458862304688,494.968322753906,0.0,0.0,land,surface_wood_impact_0.67500006103516
851.346,move_right_pressed,506.458862304688,494.968322753906,33.3333320617676,0.0,Move_Right,pressed
851.686,move_right_pressed,531.62548828125,494.968322753906,33.3333320617676,0.0,Move_Right,pressed
851.963,move_left_pressed,553.792114257812,494.968322753906,-33.3333320617676,0.0,Move_Left,pressed
852.232,jump_input_pressed,512.458801269531,494.968322753906,-180.0,0.0,Jump,pressed
852.232,jump_executed,512.458801269531,494.968322753906,-180.0,-500.0,jump,x_512.458801269531_y_494.968322753906
852.396,jump_input_released,482.446502685547,427.022125244141,-180.0,-294.722106933594,Jump,released
852.486,jump_peak_reached,464.446502685547,422.23046875,-180.0,41.2037048339844,jump_peak,x_464.446502685547_y_422.23046875
852.654,platform_landed,431.4501953125,458.929443359375,-180.0,0.0,land_on_platform,platform_scene-1/Tile Map/23_26_layer_Tile Map_tile_23_26_source_1_atlas_2_0
852.654,landed,431.4501953125,458.929443359375,-180.0,0.0,land,surface_wood_impact_0.82314825439453
852.671,musicking,429.839080810547,458.929443359375,-96.6666641235352,0.0,osc_received,"value_[1, ""platform_pan_nav""]"
852.978,move_right_pressed,429.616851806641,458.929443359375,33.3333320617676,0.0,Move_Right,pressed
853.23,jump_input_pressed,467.967681884766,465.446014404297,180.0,185.185180664062,Jump,pressed
853.429,platform_landed,507.393524169922,549.125,180.0,0.0,land_on_platform,platform_scene-1/Tile Map/27_31_layer_Tile Map_tile_27_31_source_1_atlas_3_0
853.429,landed,507.393524169922,549.125,180.0,0.0,land,surface_wood_impact_1.25925939941406
853.505,jump_input_released,519.3935546875,552.828735351562,180.0,148.148147583008,Jump,released
853.729,platform_landed,527.226867675781,638.978393554688,0.0,0.0,land_on_platform,platform_scene-1/Tile Map/29_36_layer_Tile Map_tile_29_36_source_1_atlas_2_0
853.729,landed,527.226867675781,638.978393554688,0.0,0.0,land,surface_wood_impact_1.25925939941406
854.012,move_left_pressed,527.226867675781,638.978393554688,-33.3333320617676,0.0,Move_Left,pressed
854.379,jump_input_pressed,467.8935546875,638.978393554688,-180.0,0.0,Jump,pressed
854.379,jump_executed,467.8935546875,638.978393554688,-180.0,-500.0,jump,x_467.8935546875_y_638.978393554688
854.505,jump_input_released,443.878448486328,581.880920410156,-180.0,-335.333251953125,Jump,released
854.604,jump_peak_reached,425.878448486328,577.089233398438,-180.0,41.2037048339844,jump_peak,x_425.878448486328_y_577.089233398438
854.671,platform_landed,410.878448486328,584.933776855469,-180.0,0.0,land_on_platform,platform_scene-1/Tile Map/22_33_layer_Tile Map_tile_22_33_source_1_atlas_1_0
854.671,landed,410.878448486328,584.933776855469,-180.0,0.0,land,surface_wood_impact_0.37870370483398
855.063,move_right_pressed,403.045104980469,584.933776855469,33.3333320617676,0.0,Move_Right,pressed
855.161,jump_input_pressed,414.37841796875,584.933776855469,180.0,0.0,Jump,pressed
855.162,jump_executed,414.37841796875,584.933776855469,180.0,-500.0,jump,x_414.37841796875_y_584.933776855469
855.279,jump_input_released,435.381134033203,533.806823730469,96.6666641235352,-355.722137451172,Jump,released
855.378,jump_peak_reached,437.214477539062,529.01513671875,0.0,41.2037048339844,jump_peak,x_437.214477539062_y_529.01513671875
855.563,move_right_pressed,437.214477539062,570.519775390625,15.0,448.611175537109,Move_Right,pressed
855.687,platform_landed,449.733032226562,638.933654785156,120.0,0.0,land_on_platform,platform_scene-1/Tile Map/24_36_layer_Tile Map_tile_24_36_source_1_atlas_2_0
855.687,landed,449.733032226562,638.933654785156,120.0,0.0,land,surface_wood_impact_1.41574096679688
856.046,move_left_pressed,466.121917724609,638.933654785156,-33.3333320617676,0.0,Move_Left,pressed
856.178,jump_input_pressed,448.788604736328,638.933654785156,-180.0,0.0,Jump,pressed
856.178,jump_executed,448.788604736328,638.933654785156,-180.0,-500.0,jump,x_448.788604736328_y_638.933654785156
856.345,jump_input_released,436.579010009766,571.842895507812,-105.0,-294.722106933594,Jump,released
856.437,jump_peak_reached,432.217895507812,567.051208496094,0.0,41.2037048339844,jump_peak,x_432.217895507812_y_567.051208496094
856.553,platform_landed,432.217895507812,584.987548828125,0.0,0.0,land_on_platform,platform_scene-1/Tile Map/23_33_layer_Tile Map_tile_23_33_source_1_atlas_3_0
856.553,landed,432.217895507812,584.987548828125,0.0,0.0,land,surface_wood_impact_0.60092596435547
856.703,move_left_pressed,432.217895507812,584.987548828125,-33.3333320617676,0.0,Move_Left,pressed
857.162,move_right_pressed,404.051239013672,584.932189941406,33.3333320617676,0.0,Move_Right,pressed
857.328,jump_input_pressed,427.384552001953,584.932189941406,180.0,0.0,Jump,pressed
857.329,jump_executed,427.384552001953,584.932189941406,180.0,-500.0,jump,x_427.384552001953_y_584.932189941406
857.487,jump_input_released,457.386840820312,517.013854980469,180.0,-294.722106933594,Jump,released
857.586,jump_peak_reached,475.386840820312,512.22216796875,180.0,41.2037048339844,jump_peak,x_475.386840820312_y_512.22216796875
857.753,platform_landed,489.220184326172,548.984069824219,0.0,0.0,land_on_platform,platform_scene-1/Tile Map/27_31_layer_Tile Map_tile_27_31_source_1_atlas_3_0
857.753,landed,489.220184326172,548.984069824219,0.0,0.0,land,surface_wood_impact_0.82314825439453
857.772,musicking,489.220184326172,548.984069824219,0.0,0.0,osc_received,"value_[1, ""platform_pan_nav""]"
857.895,move_left_pressed,489.220184326172,548.984069824219,-33.3333320617676,0.0,Move_Left,pressed
858.179,move_left_pressed,476.053527832031,548.931762695312,-33.3333320617676,0.0,Move_Left,pressed
858.587,move_right_pressed,456.886871337891,548.931762695312,33.3333320617676,0.0,Move_Right,pressed
858.705,jump_input_pressed,471.220184326172,548.931762695312,180.0,0.0,Jump,pressed
858.705,jump_executed,471.220184326172,548.931762695312,180.0,-500.0,jump,x_471.220184326172_y_548.931762695312
858.996,jump_input_released,525.222351074219,450.995208740234,180.0,-134.499893188477,Jump,released
859.097,jump_peak_reached,533.925231933594,446.203582763672,0.0,41.2037048339844,jump_peak,x_533.925231933594_y_446.203582763672
859.245,move_left_pressed,533.925231933594,474.606384277344,-15.0,374.537078857422,Move_Left,pressed
859.279,platform_landed,532.425231933594,494.933746337891,-45.0,0.0,land_on_platform,platform_scene-1/Tile Map/29_28_layer_Tile Map_tile_29_28_source_1_atlas_2_0
859.279,landed,532.425231933594,494.933746337891,-45.0,0.0,land,surface_wood_impact_0.89722235107422
859.754,move_right_pressed,525.814147949219,494.933746337891,33.3333320617676,0.0,Move_Right,pressed
860.03,move_left_pressed,538.980773925781,494.933746337891,-33.3333320617676,0.0,Move_Left,pressed
860.278,jump_input_pressed,500.634857177734,495.131011962891,-180.0,37.037036895752,Jump,pressed
860.278,jump_executed,500.634857177734,495.131011962891,-180.0,-500.0,jump,x_500.634857177734_y_495.131011962891
860.495,jump_peak_reached,461.633331298828,421.684661865234,-180.0,74.0740737915039,jump_peak,x_461.633331298828_y_421.684661865234
860.579,jump_input_released,446.633331298828,434.030334472656,-180.0,259.259246826172,Jump,released
860.645,platform_landed,435.799987792969,458.933044433594,-13.3333311080933,0.0,land_on_platform,platform_scene-1/Tile Map/24_26_layer_Tile Map_tile_24_26_source_1_atlas_3_0
860.646,landed,435.799987792969,458.933044433594,-13.3333311080933,0.0,land,surface_wood_impact_0.81481488037109
860.986,move_left_pressed,435.799987792969,458.933044433594,-33.3333320617676,0.0,Move_Left,pressed
861.378,move_right_pressed,401.633331298828,458.933044433594,33.3333320617676,0.0,Move_Right,pressed
861.711,jump_input_pressed,454.975646972656,459.065856933594,180.0,37.037036895752,Jump,pressed
861.711,jump_executed,454.975646972656,459.065856933594,180.0,-500.0,jump,x_454.975646972656_y_459.065856933594
861.82,jump_peak_reached,475.997406005859,420.989044189453,180.0,47.2183303833008,jump_peak,x_475.997406005859_y_420.989044189453
862.054,platform_landed,520.997436523438,494.933441162109,180.0,0.0,land_on_platform,platform_scene-1/Tile Map/28_28_layer_Tile Map_tile_28_28_source_1_atlas_1_0
862.054,landed,520.997436523438,494.933441162109,180.0,0.0,land,surface_wood_impact_1.13147387695312
862.104,jump_input_released,526.997436523438,494.933441162109,180.0,0.0,Jump,released
862.513,move_left_pressed,540.830749511719,494.933441162109,-33.3333320617676,0.0,Move_Left,pressed
862.731,jump_input_pressed,508.497436523438,494.925231933594,-180.0,0.0,Jump,pressed
862.731,jump_executed,508.497436523438,494.925231933594,-180.0,-500.0,jump,x_508.497436523438_y_494.925231933594
862.961,jump_peak_reached,473.837432861328,419.254699707031,-24.377347946167,52.3466262817383,jump_peak,x_473.837432861328_y_419.254699707031
863.114,jump_input_released,461.180908203125,449.328918457031,-159.377349853516,385.679992675781,Jump,released
863.279,platform_landed,451.318603515625,548.933654785156,-120.0,0.0,land_on_platform,platform_scene-1/Tile Map/25_31_layer_Tile Map_tile_25_31_source_1_atlas_1_0
863.279,landed,451.318603515625,548.933654785156,-120.0,0.0,land,surface_wood_impact_1.51210095214844
863.495,platform_landed,422.909606933594,584.9716796875,0.0,0.0,land_on_platform,platform_scene-1/Tile Map/23_33_layer_Tile Map_tile_23_33_source_1_atlas_3_0
863.495,landed,422.909606933594,584.9716796875,0.0,0.0,land,surface_wood_impact_0.81481488037109
863.92,move_right_pressed,422.909606933594,584.9716796875,33.3333320617676,0.0,Move_Right,pressed
863.995,jump_input_pressed,428.465148925781,584.9716796875,166.666656494141,0.0,Jump,pressed
863.996,jump_executed,428.465148925781,584.9716796875,166.666656494141,-500.0,jump,x_428.465148925781_y_584.9716796875
864.179,jump_input_released,464.25537109375,507.513916015625,180.0,-254.333206176758,Jump,released
864.278,jump_peak_reached,472.088714599609,502.722259521484,0.0,41.2037048339844,jump_peak,x_472.088714599609_y_502.722259521484
864.462,platform_landed,472.088714599609,548.987548828125,0.0,0.0,land_on_platform,platform_scene-1/Tile Map/26_31_layer_Tile Map_tile_26_31_source_1_atlas_2_0
864.462,landed,472.088714599609,548.987548828125,0.0,0.0,land,surface_wood_impact_0.89722235107422
864.72,move_right_pressed,472.088714599609,548.987548828125,33.3333320617676,0.0,Move_Right,pressed
864.804,jump_input_pressed,480.422027587891,548.987548828125,180.0,0.0,Jump,pressed
864.804,jump_executed,480.422027587891,548.987548828125,180.0,-500.0,jump,x_480.422027587891_y_548.987548828125
865.004,jump_input_released,501.67529296875,471.518218994141,90.0,-254.333206176758,Jump,released
865.096,jump_peak_reached,503.286407470703,466.7265625,0.0,41.2037048339844,jump_peak,x_503.286407470703_y_466.7265625
865.245,platform_landed,503.286407470703,495.129364013672,0.0,0.0,land_on_platform,platform_scene-1/Tile Map/28_28_layer_Tile Map_tile_28_28_source_1_atlas_1_0
865.245,landed,503.286407470703,495.129364013672,0.0,0.0,land,surface_wood_impact_0.74907415771484
865.263,musicking,503.286407470703,495.209442138672,0.0,0.0,osc_received,"value_[1, ""platform_pan_nav""]"
865.28,move_right_pressed,503.286407470703,495.209442138672,33.3333320617676,0.0,Move_Right,pressed
865.779,platform_landed,588.233764648438,513.93359375,96.6666641235352,0.0,land_on_platform,platform_scene-1/Tile Map/32_29_layer_Tile Map_tile_32_29_source_1_atlas_18_0
865.779,landed,588.233764648438,513.93359375,96.6666641235352,0.0,land,surface_wood_impact_0.59259259033203
865.795,musicking,588.233764648438,513.93359375,96.6666641235352,0.0,osc_received,"value_[1, ""leaves""]"
866.338,move_right_pressed,588.455993652344,513.93359375,33.3333320617676,0.0,Move_Right,pressed
866.697,platform_landed,619.652893066406,549.989074707031,0.0,0.0,land_on_platform,platform_scene-1/Tile Map/34_31_layer_Tile Map_tile_34_31_source_1_atlas_18_0
866.697,landed,619.652893066406,549.989074707031,0.0,0.0,land,surface_wood_impact_0.81481488037109
866.698,musicking,619.652893066406,549.989074707031,0.0,0.0,osc_received,"value_[1, ""leaves""]"
867.153,move_right_pressed,619.652893066406,549.989074707031,33.3333320617676,0.0,Move_Right,pressed
867.253,jump_input_pressed,630.986206054688,549.989074707031,180.0,0.0,Jump,pressed
867.253,jump_executed,630.986206054688,549.989074707031,180.0,-500.0,jump,x_630.986206054688_y_549.989074707031
867.679,jump_peak_reached,709.006591796875,443.103729248047,180.0,39.8149261474609,jump_peak,x_709.006591796875_y_443.103729248047
867.697,jump_input_released,712.006591796875,443.767303466797,180.0,76.8519668579102,Jump,released
868.07,platform_landed,784.006591796875,638.93310546875,180.0,0.0,land_on_platform,platform_scene-1/Tile Map/43_36_layer_Tile Map_tile_43_36_source_1_atlas_13_0
868.07,landed,784.006591796875,638.93310546875,180.0,0.0,land,surface_wood_impact_1.85740795898438
868.072,sonification,784.006591796875,638.93310546875,180.0,0.0,osc_received,"value_[1, ""mushrooms""]"
868.129,sonification,785.839904785156,638.93310546875,0.0,0.0,osc_received,"value_[1, ""mushrooms""]"
868.764,move_right_pressed,785.839904785156,638.93310546875,33.3333320617676,0.0,Move_Right,pressed
868.764,sonification,786.395446777344,638.93310546875,33.3333320617676,0.0,osc_received,"value_[1, ""mushrooms""]"
869.071,jump_input_pressed,836.173217773438,638.93310546875,180.0,0.0,Jump,pressed
869.071,jump_executed,836.173217773438,638.93310546875,180.0,-500.0,jump,x_836.173217773438_y_638.93310546875
869.072,sonification,839.175720214844,630.591796875,180.0,-500.055541992188,osc_received,"value_[1, ""mushrooms""]"
869.086,jump_peak_reached,839.175720214844,630.591796875,180.0,-479.222198486328,jump_peak,x_839.175720214844_y_630.591796875
869.238,jump_input_released,866.175720214844,571.014038085938,180.0,-294.722106933594,Jump,released
869.354,jump_input_pressed,887.175720214844,566.909057617188,180.0,78.2407455444336,Jump,pressed
869.371,jump_input_released,890.175720214844,568.213073730469,180.0,115.277786254883,Jump,released
869.562,platform_landed,929.175720214844,638.93310546875,180.0,0.0,land_on_platform,platform_scene-1/Tile Map/51_36_layer_Tile Map_tile_51_36_source_1_atlas_12_0
869.562,landed,929.175720214844,638.93310546875,180.0,0.0,land,surface_wood_impact_1.11944458007812
869.563,sonification,929.175720214844,638.93310546875,180.0,0.0,osc_received,"value_[1, ""mushrooms""]"
869.679,sonification,943.009033203125,638.93310546875,0.0,0.0,osc_received,"value_[1, ""mushrooms""]"
869.795,move_left_pressed,943.009033203125,638.93310546875,-33.3333320617676,0.0,Move_Left,pressed
869.813,sonification,941.342407226562,638.93310546875,-66.6666641235352,0.0,osc_received,"value_[1, ""mushrooms""]"
870.038,jump_input_pressed,904.675720214844,638.93310546875,-180.0,0.0,Jump,pressed
870.038,jump_executed,904.675720214844,638.93310546875,-180.0,-500.0,jump,x_904.675720214844_y_638.93310546875
870.039,sonification,901.673217773438,630.591796875,-180.0,-500.055541992188,osc_received,"value_[1, ""mushrooms""]"
870.471,jump_peak_reached,826.673217773438,532.097412109375,-180.0,39.8149261474609,jump_peak,x_826.673217773438_y_532.097412109375
870.528,jump_input_released,816.062133789062,538.455444335938,-13.3333311080933,187.963073730469,Jump,released
870.562,platform_landed,815.839904785156,548.997436523438,0.0,0.0,land_on_platform,platform_scene-1/Tile Map/45_31_layer_Tile Map_tile_45_31_source_1_atlas_12_0
870.562,landed,815.839904785156,548.997436523438,0.0,0.0,land,surface_wood_impact_0.52407427978516
870.579,musicking,815.839904785156,548.997436523438,0.0,0.0,osc_received,"value_[1, ""platform_pan_nav""]"
870.731,move_right_pressed,815.839904785156,548.997436523438,33.3333320617676,0.0,Move_Right,pressed
870.732,sonification,816.395446777344,548.997436523438,33.3333320617676,0.0,osc_received,"value_[1, ""mushrooms""]"
870.945,jump_input_pressed,848.173217773438,549.095092773438,180.0,0.0,Jump,pressed
870.945,jump_executed,848.173217773438,549.095092773438,180.0,-500.0,jump,x_848.173217773438_y_549.095092773438
870.962,sonification,851.194152832031,540.702758789062,180.0,-500.055541992188,osc_received,"value_[1, ""mushrooms""]"
871.37,jump_peak_reached,895.425231933594,442.420776367188,180.0,39.8149261474609,jump_peak,x_895.425231933594_y_442.420776367188
871.469,platform_landed,916.425231933594,458.933502197266,180.0,0.0,land_on_platform,platform_scene-1/Tile Map/50_26_layer_Tile Map_tile_50_26_source_1_atlas_13_0
871.469,landed,916.425231933594,458.933502197266,180.0,0.0,land,surface_wood_impact_0.52407427978516
871.47,sonification,916.425231933594,458.933502197266,180.0,0.0,osc_received,"value_[1, ""mushrooms""]"
871.495,jump_input_released,916.425231933594,458.933502197266,180.0,0.0,Jump,released
871.537,sonification,921.258544921875,458.933502197266,0.0,0.0,osc_received,"value_[1, ""mushrooms""]"
872.079,move_left_pressed,921.258544921875,458.933502197266,-33.3333320617676,0.0,Move_Left,pressed
872.086,sonification,920.703002929688,458.933502197266,-33.3333320617676,0.0,osc_received,"value_[1, ""mushrooms""]"
872.263,sonification,899.091918945312,458.925231933594,0.0,0.0,osc_received,"value_[1, ""mushrooms""]"
872.538,move_right_pressed,899.091918945312,458.925231933594,33.3333320617676,0.0,Move_Right,pressed
872.563,sonification,900.758544921875,458.925231933594,66.6666641235352,0.0,osc_received,"value_[1, ""mushrooms""]"
872.653,jump_input_pressed,913.425231933594,458.925231933594,180.0,0.0,Jump,pressed
872.653,jump_executed,913.425231933594,458.925231933594,180.0,-500.0,jump,x_913.425231933594_y_458.925231933594
872.654,sonification,916.425598144531,450.590026855469,180.0,-500.055541992188,osc_received,"value_[1, ""mushrooms""]"
873.086,coin_collected,991.425598144531,352.095611572266,180.0,2.77788853645325,collect_coin,coin_coin26_score_4
873.087,jump_peak_reached,991.425598144531,352.095611572266,180.0,39.8149261474609,jump_peak,x_991.425598144531_y_352.095611572266
873.088,sonification,994.425598144531,352.759185791016,180.0,39.8149261474609,osc_received,"value_[1, ""coins-with-pitch""]"
873.186,jump_input_released,1008.03668212891,365.336364746094,13.3333311080933,262.037139892578,Jump,released
873.186,platform_landed,1008.25628662109,368.931915283203,13.3333311080933,0.0,land_on_platform,platform_scene-1/Tile Map/55_21_layer_Tile Map_tile_55_21_source_1_atlas_13_0
873.187,landed,1008.25628662109,368.931915283203,13.3333311080933,0.0,land,surface_wood_impact_0.52407427978516
873.187,sonification,1008.25628662109,368.931915283203,13.3333311080933,0.0,osc_received,"value_[1, ""mushrooms""]"
873.212,sonification,1008.25628662109,368.931915283203,0.0,0.0,osc_received,"value_[1, ""mushrooms""]"
873.47,move_left_pressed,1008.25628662109,368.931915283203,-33.3333320617676,0.0,Move_Left,pressed
873.471,sonification,1007.70074462891,368.931915283203,-33.3333320617676,0.0,osc_received,"value_[1, ""mushrooms""]"
873.612,sonification,995.089660644531,368.931915283203,0.0,0.0,osc_received,"value_[1, ""mushrooms""]"
873.895,move_left_pressed,995.089660644531,368.931915283203,-33.3333320617676,0.0,Move_Left,pressed
873.903,sonification,994.534118652344,368.931915283203,-33.3333320617676,0.0,osc_received,"value_[1, ""mushrooms""]"
873.997,jump_input_pressed,983.75634765625,368.931915283203,-180.0,0.0,Jump,pressed
873.997,jump_executed,983.75634765625,368.931915283203,-180.0,-500.0,jump,x_983.75634765625_y_368.931915283203
874.003,sonification,980.754150390625,360.591583251953,-180.0,-500.055541992188,osc_received,"value_[1, ""mushrooms""]"
874.428,jump_peak_reached,924.574829101562,262.09716796875,-180.0,39.8149261474609,jump_peak,x_924.574829101562_y_262.09716796875
874.479,jump_input_released,919.741516113281,265.939758300781,0.0,150.926040649414,Jump,released
874.529,platform_landed,919.741516113281,278.997222900391,0.0,0.0,land_on_platform,platform_scene-1/Tile Map/51_16_layer_Tile Map_tile_51_16_source_1_atlas_15_0
874.529,landed,919.741516113281,278.997222900391,0.0,0.0,land,surface_wood_impact_0.52407427978516
874.763,move_left_pressed,919.741516113281,278.997222900391,-33.3333320617676,0.0,Move_Left,pressed
874.763,sonification,919.18701171875,278.926147460938,-33.3333320617676,0.0,osc_received,"value_[1, ""mushrooms""]"
874.986,sonification,888.575927734375,278.926147460938,0.0,0.0,osc_received,"value_[1, ""mushrooms""]"
875.22,move_right_pressed,888.575927734375,278.926147460938,33.3333320617676,0.0,Move_Right,pressed
875.221,sonification,889.131469726562,278.926147460938,33.3333320617676,0.0,osc_received,"value_[1, ""mushrooms""]"
875.345,jump_input_pressed,905.909240722656,278.926147460938,180.0,0.0,Jump,pressed
875.345,jump_executed,905.909240722656,278.926147460938,180.0,-500.0,jump,x_905.909240722656_y_278.926147460938
875.353,sonification,908.909851074219,270.590240478516,180.0,-500.055541992188,osc_received,"value_[1, ""mushrooms""]"
875.695,coin_collected,968.909851074219,175.20133972168,180.0,-96.1665573120117,collect_coin,coin_coin27_score_6
875.697,sonification,971.909851074219,173.925415039062,180.0,-76.5554428100586,osc_received,"value_[1, ""coins-with-pitch""]"
875.778,jump_peak_reached,983.909851074219,172.095794677734,180.0,39.8149261474609,jump_peak,x_983.909851074219_y_172.095794677734
875.82,jump_input_released,991.520935058594,175.938400268555,13.3333311080933,150.926040649414,Jump,released
875.879,platform_landed,991.7431640625,188.995849609375,0.0,0.0,land_on_platform,platform_scene-1/Tile Map/55_11_layer_Tile Map_tile_55_11_source_1_atlas_15_0
875.879,landed,991.7431640625,188.995849609375,0.0,0.0,land,surface_wood_impact_0.52407427978516
876.23,move_left_pressed,991.7431640625,188.995849609375,-33.3333320617676,0.0,Move_Left,pressed
876.237,sonification,991.188232421875,188.9267578125,-33.3333320617676,0.0,osc_received,"value_[1, ""mushrooms""]"
876.411,jump_input_pressed,965.410461425781,188.9267578125,-180.0,0.0,Jump,pressed
876.411,jump_executed,965.410461425781,188.9267578125,-180.0,-500.0,jump,x_965.410461425781_y_188.9267578125
876.419,sonification,962.40966796875,180.590362548828,-180.0,-500.055541992188,osc_received,"value_[1, ""mushrooms""]"
876.787,jump_input_released,896.40966796875,82.9755935668945,-180.0,-36.1665573120117,Jump,released
876.836,jump_peak_reached,887.40966796875,82.2089309692383,-96.6666641235352,42.5371475219727,jump_peak,x_887.40966796875_y_82.2089309692383
876.987,platform_landed,885.576354980469,116.996704101562,0.0,0.0,land_on_platform,platform_scene-1/Tile Map/49_7_layer_Tile Map_tile_49_7_source_1_atlas_15_0
876.987,landed,885.576354980469,116.996704101562,0.0,0.0,land,surface_wood_impact_0.75174102783203
877.262,move_left_pressed,885.576354980469,116.996704101562,-33.3333320617676,0.0,Move_Left,pressed
877.263,sonification,885.020812988281,116.996704101562,-33.3333320617676,0.0,osc_received,"value_[1, ""mushrooms""]"
877.345,jump_input_pressed,877.243041992188,116.93342590332,-180.0,0.0,Jump,pressed
877.345,jump_executed,877.243041992188,116.93342590332,-180.0,-500.0,jump,x_877.243041992188_y_116.93342590332
877.353,sonification,874.240417480469,108.591896057129,-180.0,-500.055541992188,osc_received,"value_[1, ""mushrooms""]"
877.597,move_left_pressed,852.574768066406,27.7548675537109,-15.0,-194.166549682617,Move_Left,pressed
877.746,jump_input_released,841.324768066406,10.352105140686,-150.0,-16.6665554046631,Jump,released
877.779,jump_peak_reached,836.074768066406,10.1437759399414,-180.0,41.2038154602051,jump_peak,x_836.074768066406_y_10.1437759399414
877.946,platform_landed,825.241455078125,44.996524810791,0.0,0.0,land_on_platform,platform_scene-1/Tile Map/45_3_layer_Tile Map_tile_45_3_source_1_atlas_13_0
877.946,landed,825.241455078125,44.996524810791,0.0,0.0,land,surface_wood_impact_0.8231484375
878.178,move_left_pressed,825.241455078125,44.996524810791,-33.3333320617676,0.0,Move_Left,pressed
878.186,sonification,823.574829101562,44.996524810791,-66.6666641235352,0.0,osc_received,"value_[1, ""mushrooms""]"
878.562,jump_input_pressed,762.908142089844,44.9333953857422,-180.0,0.0,Jump,pressed
878.562,jump_executed,762.908142089844,44.9333953857422,-180.0,-500.0,jump,x_762.908142089844_y_44.9333953857422
878.563,sonification,759.905517578125,36.5918960571289,-180.0,-500.055541992188,osc_received,"value_[1, ""mushrooms""]"
878.879,jump_input_released,702.905517578125,-57.1941833496094,-96.6666641235352,-94.9998931884766,Jump,released
878.979,jump_peak_reached,701.072204589844,-61.48583984375,0.0,46.2038116455078,jump_peak,x_701.072204589844_y_-61.48583984375
878.998,move_left_pressed,701.072204589844,-60.7157745361328,-15.0,83.240852355957,Move_Left,pressed
879.231,move_left_pressed,698.572204589844,14.8799381256104,-15.0,601.759460449219,Move_Left,pressed
879.254,platform_landed,697.072204589844,44.9337196350098,-45.0,0.0,land_on_platform,platform_scene-1/Tile Map/38_3_layer_Tile Map_tile_38_3_source_1_atlas_13_0
879.254,landed,697.072204589844,44.9337196350098,-45.0,0.0,land,surface_wood_impact_1.35166711425781
879.254,sonification,697.072204589844,44.9337196350098,-45.0,0.0,osc_received,"value_[1, ""mushrooms""]"
879.374,sonification,686.738891601562,44.9337196350098,0.0,0.0,osc_received,"value_[1, ""mushrooms""]"
879.678,jump_input_pressed,686.738891601562,44.9337196350098,0.0,0.0,Jump,pressed
879.678,jump_executed,686.738891601562,44.9337196350098,0.0,-500.0,jump,x_686.738891601562_y_44.9337196350098
879.695,jump_peak_reached,686.738891601562,36.5909996032715,0.0,-479.222198486328,jump_peak,x_686.738891601562_y_36.5909996032715
880.096,platform_landed,691.398986816406,44.9906425476074,0.0,0.0,land_on_platform,platform_scene-1/Tile Map/38_3_layer_Tile Map_tile_38_3_source_1_atlas_13_0
880.096,landed,691.398986816406,44.9906425476074,0.0,0.0,land,surface_wood_impact_0.98878302001953
880.162,jump_input_released,691.398986816406,44.9906425476074,0.0,0.0,Jump,released
880.297,move_right_pressed,691.398986816406,44.9906425476074,33.3333320617676,0.0,Move_Right,pressed
880.298,sonification,691.954528808594,44.9906425476074,33.3333320617676,0.0,osc_received,"value_[1, ""mushrooms""]"
880.729,move_left_pressed,764.343383789062,44.9326362609863,0.0,0.0,Move_Left,pressed
880.73,sonification,764.343383789062,44.9326362609863,0.0,0.0,osc_received,"value_[1, ""mushrooms""]"
880.746,sonification,763.787841796875,44.9326362609863,-33.3333320617676,0.0,osc_received,"value_[1, ""mushrooms""]"
880.862,jump_input_pressed,750.010070800781,44.9326362609863,-180.0,0.0,Jump,pressed
880.862,jump_executed,750.010070800781,44.9326362609863,-180.0,-500.0,jump,x_750.010070800781_y_44.9326362609863
880.87,sonification,747.007690429688,36.5917205810547,-180.0,-500.055541992188,osc_received,"value_[1, ""mushrooms""]"
881.253,jump_input_released,678.007690429688,-61.6480560302734,-96.6666641235352,-16.6665554046631,Jump,released
881.286,jump_peak_reached,676.174377441406,-61.8563842773438,0.0,41.2038154602051,jump_peak,x_676.174377441406_y_-61.8563842773438
881.463,platform_landed,676.174377441406,-27.0036373138428,0.0,0.0,land_on_platform,platform_scene-1/Tile Map/37_-1_layer_Tile Map_tile_37_-1_source_1_atlas_15_7
881.463,landed,676.174377441406,-27.0036373138428,0.0,0.0,land,surface_wood_impact_0.8231484375
881.464,musicking,676.174377441406,-27.0036373138428,0.0,0.0,osc_received,"value_[1, ""cloud""]"
881.764,move_left_pressed,676.174377441406,-27.0036373138428,-33.3333320617676,0.0,Move_Left,pressed
881.895,jump_input_pressed,658.841064453125,-27.0666217803955,-180.0,0.0,Jump,pressed
881.895,jump_executed,658.841064453125,-27.0666217803955,-180.0,-500.0,jump,x_658.841064453125_y_-27.0666217803955
882.154,jump_input_released,610.838439941406,-119.496040344238,-180.0,-174.222106933594,Jump,released
882.253,jump_peak_reached,592.838439941406,-124.287704467773,-180.0,41.2037048339844,jump_peak,x_592.838439941406_y_-124.287704467773
882.471,platform_landed,582.005126953125,-63.0265159606934,0.0,0.0,land_on_platform,platform_scene-1/Tile Map/32_-3_layer_Tile Map_tile_32_-3_source_1_atlas_3_0
882.471,landed,582.005126953125,-63.0265159606934,0.0,0.0,land,surface_wood_impact_1.04537048339844
882.505,musicking,582.005126953125,-63.0265159606934,0.0,0.0,osc_received,"value_[1, ""platform_pan_nav""]"
882.853,jump_input_pressed,582.005126953125,-63.0265159606934,0.0,0.0,Jump,pressed
882.853,jump_executed,582.005126953125,-63.0265159606934,0.0,-500.0,jump,x_582.005126953125_y_-63.0265159606934
882.953,move_left_pressed,582.005126953125,-107.913116455078,-15.0,-376.166595458984,Move_Left,pressed
883.278,jump_peak_reached,538.505126953125,-169.898300170898,-180.0,39.8149261474609,jump_peak,x_538.505126953125_y_-169.898300170898
883.428,jump_input_released,511.505126953125,-141.703826904297,-96.6666641235352,373.148284912109,Jump,released
883.462,coin_collected,509.671783447266,-128.64826965332,-13.3333311080933,410.185333251953,collect_coin,coin_coin9_score_8
883.465,sonification,509.671783447266,-121.194564819336,0.0,447.222381591797,osc_received,"value_[1, ""coins-with-pitch""]"
883.479,platform_landed,509.671783447266,-117.001434326172,0.0,0.0,land_on_platform,platform_scene-1/Tile Map/28_-6_layer_Tile Map_tile_28_-6_source_1_atlas_3_0
883.479,landed,509.671783447266,-117.001434326172,0.0,0.0,land,surface_wood_impact_0.96851885986328
884.688,move_left_pressed,509.671783447266,-117.001434326172,-33.3333320617676,0.0,Move_Left,pressed
884.753,jump_input_pressed,504.116241455078,-117.001434326172,-166.666656494141,0.0,Jump,pressed
884.753,jump_executed,504.116241455078,-117.001434326172,-166.666656494141,-500.0,jump,x_504.116241455078_y_-117.001434326172
884.838,jump_input_released,493.485656738281,-155.286682128906,0.0,-396.666595458984,Jump,released
884.937,jump_peak_reached,493.485656738281,-160.078353881836,0.0,41.2037048339844,jump_peak,x_493.485656738281_y_-160.078353881836
885.111,platform_landed,493.485656738281,-117.011184692383,0.0,0.0,land_on_platform,platform_scene-1/Tile Map/27_-6_layer_Tile Map_tile_27_-6_source_1_atlas_2_0
885.111,landed,493.485656738281,-117.011184692383,0.0,0.0,land,surface_wood_impact_0.89722235107422
885.345,move_right_pressed,493.485656738281,-117.011184692383,33.3333320617676,0.0,Move_Right,pressed
885.363,jump_input_pressed,494.041198730469,-117.011184692383,66.6666641235352,0.0,Jump,pressed
885.364,jump_executed,494.041198730469,-117.011184692383,66.6666641235352,-500.0,jump,x_494.041198730469_y_-117.011184692383
885.513,jump_input_released,512.9375,-179.719360351562,180.0,-314.999908447266,Jump,released
885.604,jump_peak_reached,517.770812988281,-184.511032104492,0.0,41.2037048339844,jump_peak,x_517.770812988281_y_-184.511032104492
885.838,platform_landed,515.128173828125,-117.030746459961,0.0,0.0,land_on_platform,platform_scene-1/Tile Map/28_-6_layer_Tile Map_tile_28_-6_source_1_atlas_3_0
885.838,landed,515.128173828125,-117.030746459961,0.0,0.0,land,surface_wood_impact_1.11944458007812
886.187,jump_input_pressed,515.128173828125,-117.030746459961,0.0,0.0,Jump,pressed
886.187,jump_executed,515.128173828125,-117.030746459961,0.0,-500.0,jump,x_515.128173828125_y_-117.030746459961
886.203,move_right_pressed,515.128173828125,-125.404396057129,15.0,-479.222198486328,Move_Right,pressed
886.289,jump_input_released,518.878173828125,-161.913635253906,0.0,-376.166595458984,Jump,released
886.386,jump_peak_reached,518.878173828125,-166.705307006836,0.0,41.2037048339844,jump_peak,x_518.878173828125_y_-166.705307006836
886.537,platform_landed,518.878173828125,-133.669586181641,0.0,0.0,land_on_platform,platform_scene-1/Tile Map/29_-7_layer_Tile Map_tile_29_-7_source_1_atlas_0_0
886.537,landed,518.878173828125,-133.669586181641,0.0,0.0,land,surface_wood_impact_0.74907415771484
886.597,move_right_pressed,518.878173828125,-133.669586181641,33.3333320617676,0.0,Move_Right,pressed
887.172,move_right_pressed,534.331604003906,-135.065963745117,33.3333320617676,0.0,Move_Right,pressed
887.204,jump_input_pressed,535.998229980469,-135.065963745117,100.0,0.0,Jump,pressed
887.204,jump_executed,535.998229980469,-135.065963745117,100.0,-500.0,jump,x_535.998229980469_y_-135.065963745117
887.504,jump_peak_reached,585.751525878906,-229.385650634766,180.0,74.0740737915039,jump_peak,x_585.751525878906_y_-229.385650634766
887.612,jump_input_released,606.751525878906,-207.780700683594,180.0,333.333343505859,Jump,released
887.695,platform_landed,614.584838867188,-171.028182983398,0.0,0.0,land_on_platform,platform_scene-1/Tile Map/34_-9_layer_Tile Map_tile_34_-9_source_1_atlas_2_0
887.695,landed,614.584838867188,-171.028182983398,0.0,0.0,land,surface_wood_impact_1.037037109375
887.712,musicking,614.584838867188,-171.028182983398,0.0,0.0,osc_received,"value_[1, ""platform_pan_nav""]"
888.253,move_left_pressed,614.584838867188,-171.028182983398,-33.3333320617676,0.0,Move_Left,pressed
888.353,jump_input_pressed,603.251525878906,-171.069808959961,-180.0,0.0,Jump,pressed
888.353,jump_executed,603.251525878906,-171.069808959961,-180.0,-500.0,jump,x_603.251525878906_y_-171.069808959961
888.513,jump_peak_reached,573.246154785156,-229.384124755859,-180.0,74.0740737915039,jump_peak,x_573.246154785156_y_-229.384124755859
888.78,platform_landed,522.246154785156,-135.067779541016,-180.0,0.0,land_on_platform,platform_scene-1/Tile Map/29_-7_layer_Tile Map_tile_29_-7_source_1_atlas_0_0
888.78,landed,522.246154785156,-135.067779541016,-180.0,0.0,land,surface_wood_impact_1.33333349609375
888.88,jump_input_released,507.246154785156,-128.894943237305,-180.0,185.185180664062,Jump,released
888.929,platform_landed,499.412811279297,-117.066497802734,-13.3333311080933,0.0,land_on_platform,platform_scene-1/Tile Map/27_-6_layer_Tile Map_tile_27_-6_source_1_atlas_2_0
888.929,landed,499.412811279297,-117.066497802734,-13.3333311080933,0.0,land,surface_wood_impact_0.59259259033203
889.298,move_left_pressed,499.412811279297,-117.066497802734,-33.3333320617676,0.0,Move_Left,pressed
889.545,jump_input_pressed,476.079498291016,-117.066497802734,0.0,0.0,Jump,pressed
889.545,jump_executed,476.079498291016,-117.066497802734,0.0,-500.0,jump,x_476.079498291016_y_-117.066497802734
889.664,jump_input_released,476.079498291016,-168.194198608398,0.0,-355.722137451172,Jump,released
889.745,move_left_pressed,476.079498291016,-172.998901367188,-15.0,37.037036895752,Move_Left,pressed
889.763,jump_peak_reached,475.806823730469,-172.325607299805,-30.0,74.0740737915039,jump_peak,x_475.806823730469_y_-172.325607299805
889.903,platform_landed,473.556823730469,-133.342666625977,0.0,0.0,land_on_platform,platform_scene-1/Tile Map/25_-7_layer_Tile Map_tile_25_-7_source_1_atlas_0_0
889.903,landed,473.556823730469,-133.342666625977,0.0,0.0,land,surface_wood_impact_0.81481488037109
890.745,move_right_pressed,473.556823730469,-133.342666625977,33.3333320617676,0.0,Move_Right,pressed
890.864,platform_landed,483.392761230469,-117.066482543945,39.9999961853027,0.0,land_on_platform,platform_scene-1/Tile Map/26_-6_layer_Tile Map_tile_26_-6_source_1_atlas_1_0
890.864,landed,483.392761230469,-117.066482543945,39.9999961853027,0.0,land,surface_wood_impact_0.51851849365234
891.139,move_right_pressed,483.392761230469,-117.066482543945,33.3333320617676,0.0,Move_Right,pressed
891.154,jump_input_pressed,483.948303222656,-117.066482543945,66.6666641235352,0.0,Jump,pressed
891.154,jump_executed,483.948303222656,-117.066482543945,66.6666641235352,-500.0,jump,x_483.948303222656_y_-117.066482543945
891.287,jump_input_released,499.838287353516,-174.130172729492,88.3333206176758,-335.333251953125,Jump,released
891.378,jump_peak_reached,501.393859863281,-178.921844482422,0.0,41.2037048339844,jump_peak,x_501.393859863281_y_-178.921844482422
891.596,platform_landed,501.393859863281,-117.014114379883,0.0,0.0,land_on_platform,platform_scene-1/Tile Map/27_-6_layer_Tile Map_tile_27_-6_source_1_atlas_2_0
891.597,landed,501.393859863281,-117.014114379883,0.0,0.0,land,surface_wood_impact_1.04537048339844
891.873,jump_input_pressed,501.393859863281,-117.014114379883,0.0,0.0,Jump,pressed
891.873,jump_executed,501.393859863281,-117.014114379883,0.0,-500.0,jump,x_501.393859863281_y_-117.014114379883
891.903,move_right_pressed,501.393859863281,-133.391128540039,15.0,-458.499969482422,Move_Right,pressed
892.021,jump_input_released,508.393859863281,-179.720733642578,120.0,-314.999908447266,Jump,released
892.12,jump_peak_reached,511.004974365234,-184.512405395508,0.0,41.2037048339844,jump_peak,x_511.004974365234_y_-184.512405395508
892.32,move_right_pressed,511.004974365234,-135.53092956543,15.0,485.648223876953,Move_Right,pressed
892.353,platform_landed,512.504943847656,-117.067321777344,45.0,0.0,land_on_platform,platform_scene-1/Tile Map/28_-6_layer_Tile Map_tile_28_-6_source_1_atlas_3_0
892.353,landed,512.504943847656,-117.067321777344,45.0,0.0,land,surface_wood_impact_1.11944458007812
892.765,move_right_pressed,515.925109863281,-117.066230773926,33.3333320617676,0.0,Move_Right,pressed
892.766,jump_input_pressed,515.925109863281,-117.066230773926,33.3333320617676,0.0,Jump,pressed
892.766,jump_executed,515.925109863281,-117.066230773926,33.3333320617676,-500.0,jump,x_515.925109863281_y_-117.066230773926
892.862,jump_input_released,518.425231933594,-161.909729003906,75.0,-376.166595458984,Jump,released
892.964,jump_peak_reached,521.286315917969,-166.701400756836,0.0,41.2037048339844,jump_peak,x_521.286315917969_y_-166.701400756836
893.112,platform_landed,521.286315917969,-134.787338256836,0.0,0.0,land_on_platform,platform_scene-1/Tile Map/29_-7_layer_Tile Map_tile_29_-7_source_1_atlas_0_0
893.112,landed,521.286315917969,-134.787338256836,0.0,0.0,land,surface_wood_impact_0.74907415771484
893.262,move_right_pressed,521.286315917969,-134.787338256836,33.3333320617676,0.0,Move_Right,pressed
893.463,move_right_pressed,530.971923828125,-135.069076538086,33.3333320617676,0.0,Move_Right,pressed
893.505,jump_input_pressed,534.305236816406,-135.069076538086,133.33332824707,0.0,Jump,pressed
893.505,jump_executed,534.305236816406,-135.069076538086,133.33332824707,-500.0,jump,x_534.305236816406_y_-135.069076538086
893.795,jump_peak_reached,586.697143554688,-229.385696411133,180.0,74.0740737915039,jump_peak,x_586.697143554688_y_-229.385696411133
893.928,jump_input_released,610.697143554688,-202.225189208984,180.0,370.370391845703,Jump,released
893.996,platform_landed,625.697143554688,-171.066696166992,180.0,0.0,land_on_platform,platform_scene-1/Tile Map/34_-9_layer_Tile Map_tile_34_-9_source_1_atlas_2_0
893.996,landed,625.697143554688,-171.066696166992,180.0,0.0,land,surface_wood_impact_1.037037109375
894.014,musicking,628.697143554688,-171.066696166992,180.0,0.0,osc_received,"value_[1, ""platform_pan_nav""]"
894.264,move_right_pressed,630.530456542969,-171.066696166992,33.3333320617676,0.0,Move_Right,pressed
894.845,move_left_pressed,673.697082519531,-171.066696166992,-33.3333320617676,0.0,Move_Left,pressed
895.029,jump_input_pressed,647.36376953125,-171.066696166992,-180.0,0.0,Jump,pressed
895.029,jump_executed,647.36376953125,-171.066696166992,-180.0,-500.0,jump,x_647.36376953125_y_-171.066696166992
895.464,jump_peak_reached,569.361206054688,-277.902526855469,-96.6666641235352,39.8149261474609,jump_peak,x_569.361206054688_y_-277.902526855469
895.496,jump_input_released,567.527893066406,-275.958099365234,0.0,113.889007568359,Jump,released
895.571,platform_landed,567.527893066406,-257.977447509766,0.0,0.0,land_on_platform,platform_scene-1/Tile Map/31_-14_layer_Tile Map_tile_31_-14_source_1_atlas_18_3
895.571,landed,567.527893066406,-257.977447509766,0.0,0.0,land,surface_wood_impact_0.59814837646484
895.572,musicking,567.527893066406,-257.977447509766,0.0,0.0,osc_received,"value_[1, ""leaves""]"
896.729,move_left_pressed,567.527893066406,-257.977447509766,-33.3333320617676,0.0,Move_Left,pressed
896.838,jump_input_pressed,553.19482421875,-258.039337158203,-180.0,0.0,Jump,pressed
896.838,jump_executed,553.19482421875,-258.039337158203,-180.0,-500.0,jump,x_553.19482421875_y_-258.039337158203
897.02,jump_peak_reached,520.199035644531,-321.190399169922,-180.0,74.6642532348633,jump_peak,x_520.199035644531_y_-321.190399169922
897.303,platform_landed,466.199035644531,-207.066421508789,-180.0,0.0,land_on_platform,platform_scene-1/Tile Map/25_-11_layer_Tile Map_tile_25_-11_source_1_atlas_2_0
897.303,landed,466.199035644531,-207.066421508789,-180.0,0.0,land,surface_wood_impact_1.40858801269531
897.32,jump_input_released,466.199035644531,-207.066421508789,-180.0,0.0,Jump,released
897.879,move_left_pressed,461.365692138672,-207.066421508789,-33.3333320617676,0.0,Move_Left,pressed
898.045,jump_input_pressed,438.032379150391,-207.066421508789,-180.0,0.0,Jump,pressed
898.045,jump_executed,438.032379150391,-207.066421508789,-180.0,-500.0,jump,x_438.032379150391_y_-207.066421508789
898.061,jump_peak_reached,435.029724121094,-215.408050537109,-180.0,-479.222198486328,jump_peak,x_435.029724121094_y_-215.408050537109
898.296,platform_landed,390.027893066406,-243.066635131836,-180.0,0.0,land_on_platform,platform_scene-1/Tile Map/21_-13_layer_Tile Map_tile_21_-13_source_1_atlas_3_0
898.297,landed,390.027893066406,-243.066635131836,-180.0,0.0,land,surface_wood_impact_0.59259259033203
898.304,jump_input_released,390.027893066406,-243.066635131836,-180.0,0.0,Jump,released
898.305,musicking,387.027893066406,-243.066635131836,-180.0,0.0,osc_received,"value_[1, ""platform_pan_nav""]"
898.912,jump_input_pressed,379.194549560547,-243.066635131836,0.0,0.0,Jump,pressed
898.912,jump_executed,379.194549560547,-243.066635131836,0.0,-500.0,jump,x_379.194549560547_y_-243.066635131836
899.064,move_right_pressed,379.194549560547,-305.727844238281,15.0,-314.999908447266,Move_Right,pressed
899.313,jump_input_released,407.694549560547,-349.649078369141,180.0,-16.6665554046631,Jump,released
899.345,jump_peak_reached,413.694549560547,-349.857391357422,96.6666641235352,41.2038154602051,jump_peak,x_413.694549560547_y_-349.857391357422
899.546,platform_landed,415.527893066406,-297.018524169922,0.0,0.0,land_on_platform,platform_scene-1/Tile Map/23_-16_layer_Tile Map_tile_23_-16_source_1_atlas_2_0
899.546,landed,415.527893066406,-297.018524169922,0.0,0.0,land,surface_wood_impact_0.97129663085938
899.797,move_right_pressed,415.527893066406,-297.018524169922,33.3333320617676,0.0,Move_Right,pressed
899.895,jump_input_pressed,426.861206054688,-297.068542480469,180.0,0.0,Jump,pressed
899.895,jump_executed,426.861206054688,-297.068542480469,180.0,-500.0,jump,x_426.861206054688_y_-297.068542480469
900.314,jump_input_released,501.86328125,-403.949249267578,96.6666641235352,2.77788853645325,Jump,released
900.328,jump_peak_reached,503.474395751953,-403.902954101562,13.3333311080933,39.8149261474609,jump_peak,x_503.474395751953_y_-403.902954101562
900.529,platform_landed,503.696624755859,-351.006072998047,0.0,0.0,land_on_platform,platform_scene-1/Tile Map/27_-19_layer_Tile Map_tile_27_-19_source_1_atlas_13_0
900.529,landed,503.696624755859,-351.006072998047,0.0,0.0,land,surface_wood_impact_0.96851885986328
900.671,jump_input_pressed,503.696624755859,-351.006072998047,0.0,0.0,Jump,pressed
900.671,jump_executed,503.696624755859,-351.006072998047,0.0,-500.0,jump,x_503.696624755859_y_-351.006072998047
900.837,jump_peak_reached,503.696624755859,-409.388488769531,0.0,74.0740737915039,jump_peak,x_503.696624755859_y_-409.388488769531
900.987,jump_input_released,503.696624755859,-376.05517578125,0.0,407.407440185547,Jump,released
901.028,platform_landed,503.696624755859,-351.031066894531,0.0,0.0,land_on_platform,platform_scene-1/Tile Map/27_-19_layer_Tile Map_tile_27_-19_source_1_atlas_13_0
901.028,landed,503.696624755859,-351.031066894531,0.0,0.0,land,surface_wood_impact_1.037037109375
901.113,jump_input_pressed,503.696624755859,-351.031066894531,0.0,0.0,Jump,pressed
901.113,jump_executed,503.696624755859,-351.031066894531,0.0,-500.0,jump,x_503.696624755859_y_-351.031066894531
901.279,jump_peak_reached,503.696624755859,-409.388916015625,0.0,74.0740737915039,jump_peak,x_503.696624755859_y_-409.388916015625
901.412,jump_input_released,503.696624755859,-382.228454589844,0.0,370.370391845703,Jump,released
901.479,platform_landed,503.696624755859,-351.031494140625,0.0,0.0,land_on_platform,platform_scene-1/Tile Map/27_-19_layer_Tile Map_tile_27_-19_source_1_atlas_13_0
901.479,landed,503.696624755859,-351.031494140625,0.0,0.0,land,surface_wood_impact_1.037037109375
901.572,jump_input_pressed,503.696624755859,-351.031494140625,0.0,0.0,Jump,pressed
901.572,jump_executed,503.696624755859,-351.031494140625,0.0,-500.0,jump,x_503.696624755859_y_-351.031494140625
901.738,jump_peak_reached,503.696624755859,-409.388946533203,0.0,74.0740737915039,jump_peak,x_503.696624755859_y_-409.388946533203
901.788,jump_input_released,503.696624755859,-403.833404541016,0.0,185.185180664062,Jump,released
901.905,move_right_pressed,503.696624755859,-369.265502929688,15.0,444.444488525391,Move_Right,pressed
901.938,platform_landed,505.195343017578,-351.071685791016,45.0,0.0,land_on_platform,platform_scene-1/Tile Map/28_-19_layer_Tile Map_tile_28_-19_source_1_atlas_12_0
901.938,landed,505.195343017578,-351.071685791016,45.0,0.0,land,surface_wood_impact_1.037037109375
901.945,sonification,505.195343017578,-351.071685791016,45.0,0.0,osc_received,"value_[1, ""mushrooms""]"
902.097,musicking,531.750854492188,-351.075408935547,180.0,0.0,osc_received,"value_[1, ""chain-jumps-combo-walk""]"
902.179,musicking,546.750854492188,-351.075408935547,180.0,0.0,osc_received,"value_[1, ""chain-jumps-combo-walk""]"
902.286,sonification,564.776245117188,-350.438690185547,180.0,0.0,osc_received,"value_[1, ""mushrooms""]"
902.563,platform_landed,569.609558105469,-258.002868652344,0.0,0.0,land_on_platform,platform_scene-1/Tile Map/31_-14_layer_Tile Map_tile_31_-14_source_1_atlas_18_3
902.563,landed,569.609558105469,-258.002868652344,0.0,0.0,land,surface_wood_impact_1.25925939941406
902.564,musicking,569.609558105469,-258.002868652344,0.0,0.0,osc_received,"value_[1, ""leaves""]"
902.587,musicking,569.609558105469,-258.002868652344,0.0,0.0,osc_received,"value_[1, ""platform_pan_nav""]"
902.972,move_left_pressed,569.609558105469,-258.002868652344,-33.3333320617676,0.0,Move_Left,pressed
903.154,jump_input_pressed,543.276428222656,-257.974639892578,-180.0,0.0,Jump,pressed
903.154,jump_executed,543.276428222656,-257.974639892578,-180.0,-500.0,jump,x_543.276428222656_y_-257.974639892578
903.171,jump_peak_reached,540.255126953125,-266.3681640625,-180.0,-479.222198486328,jump_peak,x_540.255126953125_y_-266.3681640625
903.512,jump_input_released,477.266143798828,-273.587554931641,-96.6666641235352,482.029174804688,Jump,released
903.613,platform_landed,475.432800292969,-207.047149658203,0.0,0.0,land_on_platform,platform_scene-1/Tile Map/26_-11_layer_Tile Map_tile_26_-11_source_1_atlas_3_0
903.613,landed,475.432800292969,-207.047149658203,0.0,0.0,land,surface_wood_impact_1.4085029296875
903.895,move_left_pressed,475.432800292969,-207.047149658203,-33.3333320617676,0.0,Move_Left,pressed
904.121,jump_input_pressed,440.099487304688,-207.047149658203,-180.0,0.0,Jump,pressed
904.121,jump_executed,440.099487304688,-207.047149658203,-180.0,-500.0,jump,x_440.099487304688_y_-207.047149658203
904.137,jump_peak_reached,437.091491699219,-215.40364074707,-180.0,-479.222198486328,jump_peak,x_437.091491699219_y_-215.40364074707
904.354,jump_input_released,398.090057373047,-249.969146728516,-180.0,259.259246826172,Jump,released
904.372,platform_landed,392.090026855469,-243.066680908203,-180.0,0.0,land_on_platform,platform_scene-1/Tile Map/21_-13_layer_Tile Map_tile_21_-13_source_1_atlas_3_0
904.372,landed,392.090026855469,-243.066680908203,-180.0,0.0,land,surface_wood_impact_0.59259259033203
904.714,move_left_pressed,390.256683349609,-243.066680908203,-33.3333320617676,0.0,Move_Left,pressed
905.139,jump_input_pressed,377.090026855469,-243.074798583984,0.0,0.0,Jump,pressed
905.139,jump_executed,377.090026855469,-243.074798583984,0.0,-500.0,jump,x_377.090026855469_y_-243.074798583984
905.197,move_right_pressed,377.090026855469,-267.043426513672,15.0,-437.833282470703,Move_Right,pressed
905.48,jump_input_released,414.590026855469,-346.798950195312,96.6666641235352,-75.3332214355469,Jump,released
905.562,jump_peak_reached,416.423370361328,-349.6044921875,0.0,45.0371475219727,jump_peak,x_416.423370361328_y_-349.6044921875
905.762,platform_landed,416.423370361328,-297.020141601562,0.0,0.0,land_on_platform,platform_scene-1/Tile Map/23_-16_layer_Tile Map_tile_23_-16_source_1_atlas_2_0
905.762,landed,416.423370361328,-297.020141601562,0.0,0.0,land,surface_wood_impact_0.97896331787109
906.012,move_right_pressed,416.423370361328,-297.020141601562,33.3333320617676,0.0,Move_Right,pressed
906.099,jump_input_pressed,424.756683349609,-297.020141601562,180.0,0.0,Jump,pressed
906.099,jump_executed,424.756683349609,-297.020141601562,180.0,-500.0,jump,x_424.756683349609_y_-297.020141601562
906.413,jump_input_released,481.772186279297,-397.252960205078,180.0,-114.722114562988,Jump,released
906.512,jump_peak_reached,486.605529785156,-402.044616699219,0.0,41.2037048339844,jump_peak,x_486.605529785156_y_-402.044616699219
906.713,platform_landed,486.605529785156,-351.007965087891,0.0,0.0,land_on_platform,platform_scene-1/Tile Map/26_-19_layer_Tile Map_tile_26_-19_source_1_atlas_14_0
906.713,landed,486.605529785156,-351.007965087891,0.0,0.0,land,surface_wood_impact_0.97129644775391
906.73,musicking,486.605529785156,-351.007965087891,0.0,0.0,osc_received,"value_[1, ""platform_pan_nav""]"
907.139,move_right_pressed,486.605529785156,-351.007965087891,33.3333320617676,0.0,Move_Right,pressed
907.14,sonification,487.161590576172,-351.07373046875,33.3333320617676,0.0,osc_received,"value_[1, ""mushrooms""]"
907.496,jump_input_pressed,542.939392089844,-351.07373046875,180.0,0.0,Jump,pressed
907.496,jump_executed,542.939392089844,-351.07373046875,180.0,-500.0,jump,x_542.939392089844_y_-351.07373046875
907.497,sonification,545.940002441406,-359.409729003906,180.0,-500.055541992188,osc_received,"value_[1, ""mushrooms""]"
907.921,jump_peak_reached,620.940002441406,-457.904144287109,96.6666641235352,39.8149261474609,jump_peak,x_620.940002441406_y_-457.904144287109
907.937,jump_input_released,622.551086425781,-457.240570068359,13.3333311080933,76.8519668579102,Jump,released
908.02,coin_collected,622.773315429688,-444.663391113281,0.0,225.000106811523,collect_coin,coin_coin11_score_10
908.022,sonification,622.773315429688,-440.296112060547,0.0,262.037139892578,osc_received,"value_[1, ""coins-with-pitch""]"
908.086,platform_landed,622.773315429688,-420.018920898438,0.0,0.0,land_on_platform,platform_scene-1/Tile Map/34_-23_layer_Tile Map_tile_34_-23_source_1_atlas_17_3
908.086,landed,622.773315429688,-420.018920898438,0.0,0.0,land,surface_wood_impact_0.82037066650391
908.087,musicking,622.773315429688,-420.018920898438,0.0,0.0,osc_received,"value_[1, ""leaves""]"
908.855,move_right_pressed,622.773315429688,-420.018920898438,33.3333320617676,0.0,Move_Right,pressed
908.938,jump_input_pressed,631.106689453125,-420.065948486328,180.0,0.0,Jump,pressed
908.938,jump_executed,631.106689453125,-420.065948486328,180.0,-500.0,jump,x_631.106689453125_y_-420.065948486328
909.329,jump_input_released,703.120056152344,-526.67724609375,180.0,-16.6665554046631,Jump,released
909.364,jump_peak_reached,707.731140136719,-526.885559082031,13.3333311080933,41.2038154602051,jump_peak,x_707.731140136719_y_-526.885559082031
909.513,platform_landed,707.953369140625,-495.020233154297,0.0,0.0,land_on_platform,platform_scene-1/Tile Map/39_-27_layer_Tile Map_tile_39_-27_source_1_atlas_2_0
909.513,landed,707.953369140625,-495.020233154297,0.0,0.0,land,surface_wood_impact_0.74907434082031
911.071,move_right_pressed,707.953369140625,-495.020233154297,33.3333320617676,0.0,Move_Right,pressed
911.263,jump_input_pressed,734.286682128906,-495.020233154297,180.0,0.0,Jump,pressed
911.263,jump_executed,734.286682128906,-495.020233154297,180.0,-500.0,jump,x_734.286682128906_y_-495.020233154297
911.398,jump_peak_reached,761.303466796875,-550.314025878906,180.0,74.0740737915039,jump_peak,x_761.303466796875_y_-550.314025878906
911.854,jump_input_released,823.113952636719,-282.416259765625,180.0,1111.11120605469,Jump,released
912.096,platform_landed,845.947265625,44.8984985351562,0.0,0.0,land_on_platform,platform_scene-1/Tile Map/46_3_layer_Tile Map_tile_46_3_source_1_atlas_15_0
912.096,landed,845.947265625,44.8984985351562,0.0,0.0,land,surface_wood_impact_3.25925805664063
912.13,musicking,845.947265625,44.9961547851562,0.0,0.0,osc_received,"value_[1, ""far-fall""]"
912.93,move_left_pressed,845.947265625,44.9961547851562,-33.3333320617676,0.0,Move_Left,pressed
912.93,sonification,845.391723632812,44.9961547851562,-33.3333320617676,0.0,osc_received,"value_[1, ""mushrooms""]"
913.163,sonification,814.780639648438,44.933349609375,0.0,0.0,osc_received,"value_[1, ""mushrooms""]"
913.298,move_left_pressed,814.780639648438,44.933349609375,-33.3333320617676,0.0,Move_Left,pressed
913.299,sonification,814.22509765625,44.933349609375,-33.3333320617676,0.0,osc_received,"value_[1, ""mushrooms""]"
913.729,jump_input_pressed,743.447326660156,44.933349609375,-180.0,0.0,Jump,pressed
913.73,jump_executed,743.447326660156,44.933349609375,-180.0,-500.0,jump,x_743.447326660156_y_44.933349609375
913.73,sonification,740.444702148438,36.5918846130371,-180.0,-500.055541992188,osc_received,"value_[1, ""mushrooms""]"
913.749,jump_peak_reached,740.444702148438,36.5918846130371,-180.0,-479.222198486328,jump_peak,x_740.444702148438_y_36.5918846130371
914.062,jump_input_released,683.444702148438,-57.1941947937012,-96.6666641235352,-94.9998931884766,Jump,released
914.304,platform_landed,681.611389160156,-27.0328750610352,0.0,0.0,land_on_platform,platform_scene-1/Tile Map/37_-1_layer_Tile Map_tile_37_-1_source_1_atlas_15_7
914.304,landed,681.611389160156,-27.0328750610352,0.0,0.0,land,surface_wood_impact_0.75907434082031
914.305,musicking,681.611389160156,-27.0328750610352,0.0,0.0,osc_received,"value_[1, ""cloud""]"
914.489,move_left_pressed,681.611389160156,-27.0328750610352,-33.3333320617676,0.0,Move_Left,pressed
914.697,jump_input_pressed,649.278076171875,-27.0704116821289,-180.0,0.0,Jump,pressed
914.697,jump_executed,649.278076171875,-27.0704116821289,-180.0,-500.0,jump,x_649.278076171875_y_-27.0704116821289
914.932,jump_input_released,607.276550292969,-112.662658691406,-180.0,-214.166549682617,Jump,released
915.031,jump_peak_reached,596.443237304688,-117.454322814941,0.0,41.2037048339844,jump_peak,x_596.443237304688_y_-117.454322814941
915.221,platform_landed,596.443237304688,-62.8765029907227,0.0,0.0,land_on_platform,platform_scene-1/Tile Map/32_-3_layer_Tile Map_tile_32_-3_source_1_atlas_3_0
915.221,landed,596.443237304688,-62.8765029907227,0.0,0.0,land,surface_wood_impact_0.97129644775391
915.254,musicking,596.443237304688,-62.8765029907227,0.0,0.0,osc_received,"value_[1, ""platform_pan_nav""]"
915.374,move_left_pressed,596.443237304688,-62.8765029907227,-33.3333320617676,0.0,Move_Left,pressed
915.638,jump_input_pressed,555.125549316406,-63.0632705688477,-180.0,0.0,Jump,pressed
915.638,jump_executed,555.125549316406,-63.0632705688477,-180.0,-500.0,jump,x_555.125549316406_y_-63.0632705688477
915.729,jump_peak_reached,537.12060546875,-100.314636230469,-180.0,74.0740737915039,jump_peak,x_537.12060546875_y_-100.314636230469
915.948,jump_input_released,522.713684082031,-36.1170921325684,0.0,555.555603027344,Jump,released
916.096,platform_landed,522.713684082031,80.9836273193359,0.0,0.0,land_on_platform,platform_scene-1/Tile Map/28_5_layer_Tile Map_tile_28_5_source_1_atlas_1_0
916.096,landed,522.713684082031,80.9836273193359,0.0,0.0,land,surface_wood_impact_1.77777807617188
916.707,move_right_pressed,522.713684082031,80.9836273193359,33.3333320617676,0.0,Move_Right,pressed
916.904,jump_input_pressed,552.048156738281,80.9267730712891,180.0,0.0,Jump,pressed
916.905,jump_executed,552.048156738281,80.9267730712891,180.0,-500.0,jump,x_552.048156738281_y_80.9267730712891
916.929,jump_peak_reached,555.048950195312,72.5903778076172,180.0,-479.222198486328,jump_peak,x_555.048950195312_y_72.5903778076172
917.312,jump_input_released,627.048950195312,-25.9503307342529,180.0,2.77788853645325,Jump,released
917.563,platform_landed,641.925231933594,44.9750900268555,0.0,0.0,land_on_platform,platform_scene-1/Tile Map/35_3_layer_Tile Map_tile_35_3_source_1_atlas_13_0
917.563,landed,641.925231933594,44.9750900268555,0.0,0.0,land,surface_wood_impact_1.1166669921875
917.854,jump_input_pressed,641.925231933594,44.9750900268555,0.0,0.0,Jump,pressed
917.854,jump_executed,641.925231933594,44.9750900268555,0.0,-500.0,jump,x_641.925231933594_y_44.9750900268555
918.196,move_right_pressed,641.925231933594,-58.7924957275391,15.0,-75.3332214355469,Move_Right,pressed
918.28,jump_peak_reached,645.675231933594,-61.8980407714844,90.0,39.8149261474609,jump_peak,x_645.675231933594_y_-61.8980407714844
918.305,jump_input_released,647.175231933594,-61.2344589233398,105.0,76.8519668579102,Jump,released
918.446,platform_landed,666.258544921875,-27.0171031951904,0.0,0.0,land_on_platform,platform_scene-1/Tile Map/36_-1_layer_Tile Map_tile_36_-1_source_1_atlas_13_7
918.447,landed,666.258544921875,-27.0171031951904,0.0,0.0,land,surface_wood_impact_0.82037066650391
918.448,musicking,666.258544921875,-27.0171031951904,0.0,0.0,osc_received,"value_[1, ""cloud""]"
918.839,move_left_pressed,666.258544921875,-27.0171031951904,-33.3333320617676,0.0,Move_Left,pressed
918.973,jump_input_pressed,648.925231933594,-27.0683670043945,-180.0,0.0,Jump,pressed
918.973,jump_executed,648.925231933594,-27.0683670043945,-180.0,-500.0,jump,x_648.925231933594_y_-27.0683670043945
919.254,jump_input_released,597.923217773438,-122.415603637695,-180.0,-154.333221435547,Jump,released
919.362,jump_peak_reached,593.089904785156,-127.20726776123,0.0,41.2037048339844,jump_peak,x_593.089904785156_y_-127.20726776123
919.57,platform_landed,593.089904785156,-63.0366020202637,0.0,0.0,land_on_platform,platform_scene-1/Tile Map/32_-3_layer_Tile Map_tile_32_-3_source_1_atlas_3_0
919.57,landed,593.089904785156,-63.0366020202637,0.0,0.0,land,surface_wood_impact_1.04537048339844
919.648,move_left_pressed,593.089904785156,-63.0366020202637,-33.3333320617676,0.0,Move_Left,pressed
920.204,jump_input_pressed,567.923278808594,-63.0366020202637,0.0,0.0,Jump,pressed
920.204,jump_executed,567.923278808594,-63.0366020202637,0.0,-500.0,jump,x_567.923278808594_y_-63.0366020202637
920.454,move_left_pressed,567.923278808594,-152.242202758789,-15.0,-194.166549682617,Move_Left,pressed
920.629,jump_peak_reached,551.423278808594,-169.899612426758,-180.0,39.8149261474609,jump_peak,x_551.423278808594_y_-169.899612426758
920.646,jump_input_released,548.423278808594,-169.236022949219,-180.0,76.8519668579102,Jump,released
920.796,platform_landed,531.589965820312,-135.018676757812,0.0,0.0,land_on_platform,platform_scene-1/Tile Map/29_-7_layer_Tile Map_tile_29_-7_source_1_atlas_0_0
920.796,landed,531.589965820312,-135.018676757812,0.0,0.0,land,surface_wood_impact_0.82037066650391
921.287,jump_input_pressed,531.589965820312,-135.018676757812,0.0,0.0,Jump,pressed
921.287,jump_executed,531.589965820312,-135.018676757812,0.0,-500.0,jump,x_531.589965820312_y_-135.018676757812
921.453,move_right_pressed,531.589965820312,-202.980606079102,15.0,-294.722106933594,Move_Right,pressed
921.596,jump_peak_reached,539.480529785156,-231.257919311523,23.4893112182617,52.3732376098633,jump_peak,x_539.480529785156_y_-231.257919311523
921.897,jump_input_released,578.536804199219,-121.101455688477,96.6666641235352,719.0400390625,Jump,released
921.963,platform_landed,580.3701171875,-63.0255813598633,0.0,0.0,land_on_platform,platform_scene-1/Tile Map/32_-3_layer_Tile Map_tile_32_-3_source_1_atlas_3_0
921.963,landed,580.3701171875,-63.0255813598633,0.0,0.0,land,surface_wood_impact_1.73437646484375
922.387,move_left_pressed,580.3701171875,-63.0255813598633,-33.3333320617676,0.0,Move_Left,pressed
922.471,jump_input_pressed,572.036804199219,-63.0255813598633,-180.0,0.0,Jump,pressed
922.472,jump_executed,572.036804199219,-63.0255813598633,-180.0,-500.0,jump,x_572.036804199219_y_-63.0255813598633
922.896,jump_peak_reached,548.074096679688,-169.893142700195,0.0,39.8149261474609,jump_peak,x_548.074096679688_y_-169.893142700195
922.897,jump_input_released,548.074096679688,-169.893142700195,0.0,39.8149261474609,Jump,released
922.913,move_left_pressed,548.074096679688,-169.229553222656,-15.0,76.8519668579102,Move_Left,pressed
923.054,platform_landed,534.324096679688,-135.066864013672,-150.0,0.0,land_on_platform,platform_scene-1/Tile Map/29_-7_layer_Tile Map_tile_29_-7_source_1_atlas_0_0
923.054,landed,534.324096679688,-135.066864013672,-150.0,0.0,land,surface_wood_impact_0.82037066650391
923.271,platform_landed,515.89990234375,-117.011131286621,0.0,0.0,land_on_platform,platform_scene-1/Tile Map/28_-6_layer_Tile Map_tile_28_-6_source_1_atlas_3_0
923.271,landed,515.89990234375,-117.011131286621,0.0,0.0,land,surface_wood_impact_0.59259259033203
923.288,musicking,515.89990234375,-117.011131286621,0.0,0.0,osc_received,"value_[1, ""platform_pan_nav""]"
923.814,move_left_pressed,515.89990234375,-117.011131286621,-33.3333320617676,0.0,Move_Left,pressed
924.037,jump_input_pressed,480.566589355469,-117.067596435547,-96.6666641235352,0.0,Jump,pressed
924.037,jump_executed,480.566589355469,-117.067596435547,-96.6666641235352,-500.0,jump,x_480.566589355469_y_-117.067596435547
924.153,jump_input_released,478.731872558594,-168.194076538086,0.0,-355.722137451172,Jump,released
924.253,jump_peak_reached,478.731872558594,-172.31640625,0.0,74.0740737915039,jump_peak,x_478.731872558594_y_-172.31640625
924.337,move_left_pressed,478.731872558594,-159.970718383789,-15.0,259.259246826172,Move_Left,pressed
924.463,platform_landed,477.367889404297,-117.06616973877,-30.0,0.0,land_on_platform,platform_scene-1/Tile Map/26_-6_layer_Tile Map_tile_26_-6_source_1_atlas_1_0
924.463,landed,477.367889404297,-117.06616973877,-30.0,0.0,land,surface_wood_impact_1.037037109375
924.896,move_right_pressed,476.312347412109,-117.06616973877,33.3333320617676,0.0,Move_Right,pressed
925.031,jump_input_pressed,493.645660400391,-117.06616973877,180.0,0.0,Jump,pressed
925.031,jump_executed,493.645660400391,-117.06616973877,180.0,-500.0,jump,x_493.645660400391_y_-117.06616973877
925.164,jump_input_released,517.648376464844,-174.129287719727,180.0,-335.333251953125,Jump,released
925.253,jump_peak_reached,525.481689453125,-178.920959472656,0.0,41.2037048339844,jump_peak,x_525.481689453125_y_-178.920959472656
925.438,platform_landed,525.481689453125,-135.021408081055,0.0,0.0,land_on_platform,platform_scene-1/Tile Map/29_-7_layer_Tile Map_tile_29_-7_source_1_atlas_0_0
925.438,landed,525.481689453125,-135.021408081055,0.0,0.0,land,surface_wood_impact_0.89722235107422
925.713,move_right_pressed,525.481689453125,-135.021408081055,33.3333320617676,0.0,Move_Right,pressed
925.83,jump_input_pressed,539.815002441406,-135.021408081055,180.0,0.0,Jump,pressed
925.83,jump_executed,539.815002441406,-135.021408081055,180.0,-500.0,jump,x_539.815002441406_y_-135.021408081055
926.13,jump_peak_reached,593.831787109375,-229.386428833008,180.0,74.0740737915039,jump_peak,x_593.831787109375_y_-229.386428833008
926.238,jump_input_released,614.831787109375,-207.781478881836,180.0,333.333343505859,Jump,released
926.32,platform_landed,622.665100097656,-171.028961181641,0.0,0.0,land_on_platform,platform_scene-1/Tile Map/34_-9_layer_Tile Map_tile_34_-9_source_1_atlas_2_0
926.321,landed,622.665100097656,-171.028961181641,0.0,0.0,land,surface_wood_impact_1.037037109375
926.605,move_right_pressed,622.665100097656,-171.028961181641,33.3333320617676,0.0,Move_Right,pressed
927.179,move_left_pressed,674.831726074219,-171.028961181641,-33.3333320617676,0.0,Move_Left,pressed
927.364,jump_input_pressed,648.498413085938,-171.069900512695,-180.0,0.0,Jump,pressed
927.364,jump_executed,648.498413085938,-171.069900512695,-180.0,-500.0,jump,x_648.498413085938_y_-171.069900512695
927.787,jump_peak_reached,570.496704101562,-277.903259277344,-180.0,39.8149261474609,jump_peak,x_570.496704101562_y_-277.903259277344
927.821,jump_input_released,565.885620117188,-275.958831787109,-13.3333311080933,113.889007568359,Jump,released
927.904,platform_landed,565.663391113281,-257.978179931641,0.0,0.0,land_on_platform,platform_scene-1/Tile Map/31_-14_layer_Tile Map_tile_31_-14_source_1_atlas_18_3
927.904,landed,565.663391113281,-257.978179931641,0.0,0.0,land,surface_wood_impact_0.59814837646484
927.911,musicking,565.663391113281,-257.978179931641,0.0,0.0,osc_received,"value_[1, ""leaves""]"
928.579,move_right_pressed,565.663391113281,-257.978179931641,33.3333320617676,0.0,Move_Right,pressed
929.087,move_left_pressed,590.829223632812,-258.012054443359,-33.3333320617676,0.0,Move_Left,pressed
929.196,jump_input_pressed,579.496337890625,-258.069610595703,-180.0,0.0,Jump,pressed
929.196,jump_executed,579.496337890625,-258.069610595703,-180.0,-500.0,jump,x_579.496337890625_y_-258.069610595703
929.432,jump_peak_reached,565.7880859375,-324.575592041016,0.0,52.2772445678711,jump_peak,x_565.7880859375_y_-324.575592041016
929.646,platform_landed,565.7880859375,-258.01171875,0.0,0.0,land_on_platform,platform_scene-1/Tile Map/31_-14_layer_Tile Map_tile_31_-14_source_1_atlas_18_3
929.647,landed,565.7880859375,-258.01171875,0.0,0.0,land,surface_wood_impact_1.067517578125
929.647,musicking,565.7880859375,-258.01171875,0.0,0.0,osc_received,"value_[1, ""leaves""]"
929.68,jump_input_released,565.7880859375,-258.01171875,0.0,0.0,Jump,released
929.896,move_left_pressed,565.7880859375,-258.01171875,-33.3333320617676,0.0,Move_Left,pressed
930.314,move_right_pressed,546.621520996094,-258.048217773438,33.3333320617676,0.0,Move_Right,pressed
930.738,move_left_pressed,568.788330078125,-258.033508300781,-33.3333320617676,0.0,Move_Left,pressed
930.855,jump_input_pressed,554.455078125,-258.033508300781,-180.0,0.0,Jump,pressed
930.855,jump_executed,554.455078125,-258.033508300781,-180.0,-500.0,jump,x_554.455078125_y_-258.033508300781
931.029,jump_peak_reached,521.4599609375,-321.191986083984,-180.0,74.7167739868164,jump_peak,x_521.4599609375_y_-321.191986083984
931.313,jump_input_released,470.4599609375,-216.071624755859,-180.0,704.346496582031,Jump,released
931.313,platform_landed,467.459167480469,-207.067932128906,-180.0,0.0,land_on_platform,platform_scene-1/Tile Map/25_-11_layer_Tile Map_tile_25_-11_source_1_atlas_2_0
931.313,landed,467.459167480469,-207.067932128906,-180.0,0.0,land,surface_wood_impact_1.40869299316406
931.347,musicking,465.625823974609,-207.067932128906,-13.3333311080933,0.0,osc_received,"value_[1, ""platform_pan_nav""]"
931.763,move_left_pressed,465.625823974609,-207.067932128906,-33.3333320617676,0.0,Move_Left,pressed
931.879,jump_input_pressed,448.292510986328,-207.067932128906,-180.0,0.0,Jump,pressed
931.879,jump_executed,448.292510986328,-207.067932128906,-180.0,-500.0,jump,x_448.292510986328_y_-207.067932128906
931.898,jump_peak_reached,445.290283203125,-215.408416748047,-180.0,-479.222198486328,jump_peak,x_445.290283203125_y_-215.408416748047
932.112,jump_input_released,406.288726806641,-249.9697265625,-180.0,259.259246826172,Jump,released
932.131,platform_landed,401.033416748047,-241.802261352539,-180.0,0.0,land_on_platform,platform_scene-1/Tile Map/21_-13_layer_Tile Map_tile_21_-13_source_1_atlas_3_0
932.131,landed,401.033416748047,-241.802261352539,-180.0,0.0,land,surface_wood_impact_0.59259259033203
932.663,move_left_pressed,385.100067138672,-243.00407409668,-33.3333320617676,0.0,Move_Left,pressed
933.121,jump_input_pressed,375.377868652344,-243.066680908203,0.0,0.0,Jump,pressed
933.121,jump_executed,375.377868652344,-243.066680908203,0.0,-500.0,jump,x_375.377868652344_y_-243.066680908203
933.189,move_right_pressed,375.377868652344,-274.343322753906,15.0,-417.22216796875,Move_Right,pressed
933.505,jump_input_released,415.877868652344,-349.023834228516,96.6666641235352,-36.1665573120117,Jump,released
933.563,jump_peak_reached,417.711212158203,-349.790496826172,0.0,42.5371475219727,jump_peak,x_417.711212158203_y_-349.790496826172
933.764,platform_landed,417.711212158203,-297.023132324219,0.0,0.0,land_on_platform,platform_scene-1/Tile Map/23_-16_layer_Tile Map_tile_23_-16_source_1_atlas_2_0
933.764,landed,417.711212158203,-297.023132324219,0.0,0.0,land,surface_wood_impact_0.97396331787109
933.987,move_right_pressed,417.711212158203,-297.023132324219,33.3333320617676,0.0,Move_Right,pressed
934.062,jump_input_pressed,423.266754150391,-297.023132324219,166.666656494141,0.0,Jump,pressed
934.062,jump_executed,423.266754150391,-297.023132324219,166.666656494141,-500.0,jump,x_423.266754150391_y_-297.023132324219
934.412,jump_input_released,489.058349609375,-402.063568115234,180.0,-55.722110748291,Jump,released
934.479,jump_peak_reached,493.891693115234,-403.695037841797,0.0,43.8149261474609,jump_peak,x_493.891693115234_y_-403.695037841797
934.687,platform_landed,493.891693115234,-351.012542724609,0.0,0.0,land_on_platform,platform_scene-1/Tile Map/27_-19_layer_Tile Map_tile_27_-19_source_1_atlas_13_0
934.687,landed,493.891693115234,-351.012542724609,0.0,0.0,land,surface_wood_impact_0.97651885986328
934.705,musicking,493.891693115234,-351.012542724609,0.0,0.0,osc_received,"value_[1, ""platform_pan_nav""]"
935.098,move_right_pressed,493.891693115234,-351.012542724609,33.3333320617676,0.0,Move_Right,pressed
935.099,sonification,494.447235107422,-351.012542724609,33.3333320617676,0.0,osc_received,"value_[1, ""mushrooms""]"
935.431,jump_input_pressed,547.225036621094,-351.067779541016,180.0,0.0,Jump,pressed
935.431,jump_executed,547.225036621094,-351.067779541016,180.0,-500.0,jump,x_547.225036621094_y_-351.067779541016
935.432,sonification,550.227294921875,-359.408355712891,180.0,-500.055541992188,osc_received,"value_[1, ""mushrooms""]"
935.846,jump_input_released,622.227294921875,-457.949066162109,180.0,2.77788853645325,Jump,released
935.865,jump_peak_reached,625.227294921875,-457.902770996094,96.6666641235352,39.8149261474609,jump_peak,x_625.227294921875_y_-457.902770996094
936.032,platform_landed,627.060607910156,-419.990844726562,0.0,0.0,land_on_platform,platform_scene-1/Tile Map/34_-23_layer_Tile Map_tile_34_-23_source_1_atlas_17_3
936.032,landed,627.060607910156,-419.990844726562,0.0,0.0,land,surface_wood_impact_0.82037066650391
936.032,musicking,627.060607910156,-419.990844726562,0.0,0.0,osc_received,"value_[1, ""leaves""]"
936.905,move_right_pressed,627.060607910156,-419.990844726562,33.3333320617676,0.0,Move_Right,pressed
936.928,jump_input_pressed,627.616271972656,-420.054046630859,66.6666641235352,0.0,Jump,pressed
936.928,jump_executed,627.616271972656,-420.054046630859,66.6666641235352,-500.0,jump,x_627.616271972656_y_-420.054046630859
937.363,jump_peak_reached,697.506042480469,-526.890747070312,180.0,39.8149261474609,jump_peak,x_697.506042480469_y_-526.890747070312
937.406,jump_input_released,706.506042480469,-523.048156738281,96.6666641235352,150.926040649414,Jump,released
937.505,platform_landed,708.33935546875,-495.003692626953,0.0,0.0,land_on_platform,platform_scene-1/Tile Map/39_-27_layer_Tile Map_tile_39_-27_source_1_atlas_2_0
937.505,landed,708.33935546875,-495.003692626953,0.0,0.0,land,surface_wood_impact_0.74629656982422
938.547,move_left_pressed,708.33935546875,-495.003692626953,-33.3333320617676,0.0,Move_Left,pressed
938.778,jump_input_pressed,672.97802734375,-492.476501464844,-180.0,111.111114501953,Jump,pressed
938.995,platform_landed,631.049743652344,-420.105285644531,-180.0,0.0,land_on_platform,platform_scene-1/Tile Map/34_-23_layer_Tile Map_tile_34_-23_source_1_atlas_17_3
938.995,landed,631.049743652344,-420.105285644531,-180.0,0.0,land,surface_wood_impact_1.18518530273438
938.996,musicking,631.049743652344,-420.105285644531,-180.0,0.0,osc_received,"value_[1, ""leaves""]"
939.096,jump_input_released,616.049926757812,-420.058898925781,-180.0,0.0,Jump,released
939.187,move_left_pressed,608.189270019531,-413.179046630859,-15.0,185.185180664062,Move_Left,pressed
939.238,jump_input_pressed,606.689270019531,-402.067932128906,-60.0,296.296295166016,Jump,pressed
939.497,platform_landed,567.714294433594,-258.036865234375,-180.0,0.0,land_on_platform,platform_scene-1/Tile Map/31_-14_layer_Tile Map_tile_31_-14_source_1_atlas_18_3
939.497,landed,567.714294433594,-258.036865234375,-180.0,0.0,land,surface_wood_impact_1.70370397949219
939.498,musicking,567.714294433594,-258.036865234375,-180.0,0.0,osc_received,"value_[1, ""leaves""]"
939.504,musicking,564.714294433594,-258.036865234375,-180.0,0.0,osc_received,"value_[1, ""platform_pan_nav""]"
939.537,jump_input_released,561.714294433594,-258.036865234375,-180.0,0.0,Jump,released
940.197,move_left_pressed,544.880981445312,-258.059814453125,-33.3333320617676,0.0,Move_Left,pressed
940.265,jump_input_pressed,539.294677734375,-257.557861328125,-148.33332824707,37.037036895752,Jump,pressed
940.579,platform_landed,488.234344482422,-117.066909790039,-97.2050323486328,0.0,land_on_platform,platform_scene-1/Tile Map/27_-6_layer_Tile Map_tile_27_-6_source_1_atlas_2_0
940.579,landed,488.234344482422,-117.066909790039,-97.2050323486328,0.0,land,surface_wood_impact_1.55555578613281
940.598,jump_input_released,488.234344482422,-117.066909790039,-130.538360595703,0.0,Jump,released
941.097,move_right_pressed,476.074768066406,-117.066230773926,33.3333320617676,0.0,Move_Right,pressed
941.338,jump_input_pressed,514.408081054688,-117.074737548828,180.0,0.0,Jump,pressed
941.339,jump_executed,514.408081054688,-117.074737548828,180.0,-500.0,jump,x_514.408081054688_y_-117.074737548828
941.354,jump_peak_reached,515.925109863281,-125.408996582031,15.0,-479.222198486328,jump_peak,x_515.925109863281_y_-125.408996582031
941.438,jump_input_released,517.425231933594,-161.918243408203,0.0,-376.166595458984,Jump,released
941.738,platform_landed,514.063354492188,-117.003608703613,0.0,0.0,land_on_platform,platform_scene-1/Tile Map/28_-6_layer_Tile Map_tile_28_-6_source_1_atlas_3_0
941.738,landed,514.063354492188,-117.003608703613,0.0,0.0,land,surface_wood_impact_0.97129644775391
941.771,move_right_pressed,514.063354492188,-117.003608703613,33.3333320617676,0.0,Move_Right,pressed
942.165,move_right_pressed,515.925109863281,-117.066619873047,33.3333320617676,0.0,Move_Right,pressed
942.165,jump_input_pressed,515.925109863281,-117.066619873047,33.3333320617676,0.0,Jump,pressed
942.165,jump_executed,515.925109863281,-117.066619873047,33.3333320617676,-500.0,jump,x_515.925109863281_y_-117.066619873047
942.279,jump_input_released,519.675231933594,-168.186050415039,0.0,-355.722137451172,Jump,released
942.379,jump_peak_reached,519.675231933594,-172.977722167969,0.0,41.2037048339844,jump_peak,x_519.675231933594_y_-172.977722167969
942.546,platform_landed,519.675231933594,-134.179412841797,0.0,0.0,land_on_platform,platform_scene-1/Tile Map/29_-7_layer_Tile Map_tile_29_-7_source_1_atlas_0_0
942.546,landed,519.675231933594,-134.179412841797,0.0,0.0,land,surface_wood_impact_0.82314825439453
942.598,move_right_pressed,519.675231933594,-134.179412841797,33.3333320617676,0.0,Move_Right,pressed
943.013,platform_landed,548.233276367188,-63.0492630004883,0.0,0.0,land_on_platform,platform_scene-1/Tile Map/30_-3_layer_Tile Map_tile_30_-3_source_1_atlas_1_0
943.013,landed,548.233276367188,-63.0492630004883,0.0,0.0,land,surface_wood_impact_1.11111120605469
943.062,musicking,548.233276367188,-63.0492630004883,0.0,0.0,osc_received,"value_[1, ""platform_pan_nav""]"
943.53,move_right_pressed,548.233276367188,-63.0492630004883,33.3333320617676,0.0,Move_Right,pressed
944.097,move_left_pressed,594.39990234375,-63.0492630004883,-33.3333320617676,0.0,Move_Left,pressed
944.232,jump_input_pressed,577.066589355469,-63.0492630004883,-180.0,0.0,Jump,pressed
944.232,jump_executed,577.066589355469,-63.0492630004883,-180.0,-500.0,jump,x_577.066589355469_y_-63.0492630004883
944.58,jump_input_released,518.622741699219,-166.732788085938,-96.6666641235352,-75.3332214355469,Jump,released
944.664,jump_peak_reached,516.789428710938,-169.538330078125,0.0,45.0371475219727,jump_peak,x_516.789428710938_y_-169.538330078125
944.862,platform_landed,515.134887695312,-117.016906738281,0.0,0.0,land_on_platform,platform_scene-1/Tile Map/28_-6_layer_Tile Map_tile_28_-6_source_1_atlas_3_0
944.862,landed,515.134887695312,-117.016906738281,0.0,0.0,land,surface_wood_impact_0.97896331787109
944.896,move_left_pressed,515.134887695312,-117.016906738281,-33.3333320617676,0.0,Move_Left,pressed
945.332,move_right_pressed,489.96826171875,-117.016906738281,33.3333320617676,0.0,Move_Right,pressed
945.465,jump_input_pressed,507.301574707031,-117.068336486816,180.0,0.0,Jump,pressed
945.465,jump_executed,507.301574707031,-117.068336486816,180.0,-500.0,jump,x_507.301574707031_y_-117.068336486816
945.563,jump_input_released,523.914794921875,-161.917755126953,13.3333311080933,-376.166595458984,Jump,released
945.666,jump_peak_reached,524.137023925781,-166.709426879883,0.0,41.2037048339844,jump_peak,x_524.137023925781_y_-166.709426879883
945.805,platform_landed,524.137023925781,-135.014831542969,0.0,0.0,land_on_platform,platform_scene-1/Tile Map/29_-7_layer_Tile Map_tile_29_-7_source_1_atlas_0_0
945.805,landed,524.137023925781,-135.014831542969,0.0,0.0,land,surface_wood_impact_0.74907415771484
946.154,move_right_pressed,524.137023925781,-135.014831542969,33.3333320617676,0.0,Move_Right,pressed
946.278,jump_input_pressed,541.470336914062,-135.014831542969,180.0,0.0,Jump,pressed
946.278,jump_executed,541.470336914062,-135.014831542969,180.0,-500.0,jump,x_541.470336914062_y_-135.014831542969
946.58,jump_peak_reached,595.490356445312,-229.72004699707,180.0,54.4262199401855,jump_peak,x_595.490356445312_y_-229.72004699707
946.647,jump_input_released,607.490356445312,-222.387924194336,180.0,202.574356079102,Jump,released
946.772,platform_landed,630.321716308594,-171.068496704102,13.3333311080933,0.0,land_on_platform,platform_scene-1/Tile Map/34_-9_layer_Tile Map_tile_34_-9_source_1_atlas_2_0
946.772,landed,630.321716308594,-171.068496704102,13.3333311080933,0.0,land,surface_wood_impact_0.99774145507812
946.881,move_right_pressed,630.321716308594,-171.068496704102,33.3333320617676,0.0,Move_Right,pressed
947.396,move_left_pressed,667.488342285156,-171.07502746582,-33.3333320617676,0.0,Move_Left,pressed
947.53,jump_input_pressed,650.159362792969,-171.07502746582,-180.0,0.0,Jump,pressed
947.53,jump_executed,650.159362792969,-171.07502746582,-180.0,-500.0,jump,x_650.159362792969_y_-171.07502746582
947.93,jump_input_released,576.548034667969,-277.950744628906,-13.3333311080933,2.77788853645325,Jump,released
947.946,jump_peak_reached,576.325805664062,-277.904449462891,0.0,39.8149261474609,jump_peak,x_576.325805664062_y_-277.904449462891
948.065,platform_landed,576.325805664062,-258.018310546875,0.0,0.0,land_on_platform,platform_scene-1/Tile Map/32_-14_layer_Tile Map_tile_32_-14_source_1_atlas_19_3
948.065,landed,576.325805664062,-258.018310546875,0.0,0.0,land,surface_wood_impact_0.59814837646484
948.065,musicking,576.325805664062,-258.018310546875,0.0,0.0,osc_received,"value_[1, ""leaves""]"
948.287,move_left_pressed,576.325805664062,-258.018310546875,-33.3333320617676,0.0,Move_Left,pressed
948.563,platform_landed,539.126098632812,-256.016204833984,0.0,0.0,land_on_platform,platform_scene-1/Tile Map/30_-14_layer_Tile Map_tile_30_-14_source_1_atlas_17_3
948.563,landed,539.126098632812,-256.016204833984,0.0,0.0,land,surface_wood_impact_0.14814814758301
948.564,musicking,539.126098632812,-256.016204833984,0.0,0.0,osc_received,"value_[1, ""leaves""]"
948.622,move_left_pressed,539.126098632812,-256.016204833984,-33.3333320617676,0.0,Move_Left,pressed
948.695,jump_input_pressed,533.803283691406,-249.843368530273,-108.33332824707,185.185180664062,Jump,pressed
948.962,platform_landed,486.276611328125,-117.074630737305,-180.0,0.0,land_on_platform,platform_scene-1/Tile Map/26_-6_layer_Tile Map_tile_26_-6_source_1_atlas_1_0
948.963,landed,486.276611328125,-117.074630737305,-180.0,0.0,land,surface_wood_impact_1.55555578613281
948.995,musicking,480.276611328125,-117.074630737305,-180.0,0.0,osc_received,"value_[1, ""platform_pan_nav""]"
949.046,jump_input_released,476.002197265625,-117.001602172852,0.0,0.0,Jump,released
949.448,move_right_pressed,476.074737548828,-117.066360473633,33.3333320617676,0.0,Move_Right,pressed
949.606,jump_input_pressed,499.408050537109,-117.074745178223,180.0,0.0,Jump,pressed
949.606,jump_executed,499.408050537109,-117.074745178223,180.0,-500.0,jump,x_499.408050537109_y_-117.074745178223
949.62,jump_peak_reached,502.408386230469,-125.409973144531,180.0,-479.222198486328,jump_peak,x_502.408386230469_y_-125.409973144531
949.731,jump_input_released,520.408386230469,-168.19514465332,180.0,-355.722137451172,Jump,released
949.988,platform_landed,528.24169921875,-135.019165039062,0.0,0.0,land_on_platform,platform_scene-1/Tile Map/29_-7_layer_Tile Map_tile_29_-7_source_1_atlas_0_0
949.988,landed,528.24169921875,-135.019165039062,0.0,0.0,land,surface_wood_impact_0.82314825439453
950.165,move_right_pressed,528.24169921875,-135.019165039062,33.3333320617676,0.0,Move_Right,pressed
950.265,jump_input_pressed,539.575012207031,-135.019165039062,180.0,0.0,Jump,pressed
950.265,jump_executed,539.575012207031,-135.019165039062,180.0,-500.0,jump,x_539.575012207031_y_-135.019165039062
950.564,jump_peak_reached,593.592407226562,-229.386383056641,180.0,74.0740737915039,jump_peak,x_593.592407226562_y_-229.386383056641
950.605,jump_input_released,602.592407226562,-223.830825805664,180.0,185.185180664062,Jump,released
950.754,platform_landed,632.589660644531,-171.071441650391,180.0,0.0,land_on_platform,platform_scene-1/Tile Map/35_-9_layer_Tile Map_tile_35_-9_source_1_atlas_2_0
950.754,landed,632.589660644531,-171.071441650391,180.0,0.0,land,surface_wood_impact_1.037037109375
951.179,move_right_pressed,658.422973632812,-171.071441650391,33.3333320617676,0.0,Move_Right,pressed
951.497,move_left_pressed,671.589599609375,-171.071441650391,-33.3333320617676,0.0,Move_Left,pressed
951.632,jump_input_pressed,654.256286621094,-171.071441650391,-180.0,0.0,Jump,pressed
951.632,jump_executed,654.256286621094,-171.071441650391,-180.0,-500.0,jump,x_654.256286621094_y_-171.071441650391
952.046,jump_peak_reached,576.255004882812,-277.903625488281,-180.0,39.8149261474609,jump_peak,x_576.255004882812_y_-277.903625488281
952.063,jump_input_released,573.255004882812,-277.240051269531,-96.6666641235352,76.8519668579102,Jump,released
952.165,platform_landed,571.421691894531,-257.978546142578,0.0,0.0,land_on_platform,platform_scene-1/Tile Map/31_-14_layer_Tile Map_tile_31_-14_source_1_atlas_18_3
952.165,landed,571.421691894531,-257.978546142578,0.0,0.0,land,surface_wood_impact_0.59814837646484
952.166,musicking,571.421691894531,-257.978546142578,0.0,0.0,osc_received,"value_[1, ""leaves""]"
952.447,move_left_pressed,571.421691894531,-257.978546142578,-33.3333320617676,0.0,Move_Left,pressed
952.58,jump_input_pressed,554.088562011719,-258.063598632812,-180.0,0.0,Jump,pressed
952.58,jump_executed,554.088562011719,-258.063598632812,-180.0,-500.0,jump,x_554.088562011719_y_-258.063598632812
952.764,jump_peak_reached,521.099792480469,-321.193634033203,-180.0,74.657600402832,jump_peak,x_521.099792480469_y_-321.193634033203
952.897,jump_input_released,497.099792480469,-293.955352783203,-180.0,370.953918457031,Jump,released
953.039,platform_landed,467.099792480469,-207.066497802734,-180.0,0.0,land_on_platform,platform_scene-1/Tile Map/25_-11_layer_Tile Map_tile_25_-11_source_1_atlas_2_0
953.039,landed,467.099792480469,-207.066497802734,-180.0,0.0,land,surface_wood_impact_1.40857470703125
953.074,musicking,461.099792480469,-207.066497802734,-180.0,0.0,osc_received,"value_[1, ""platform_pan_nav""]"
953.455,move_left_pressed,459.266448974609,-207.066497802734,-33.3333320617676,0.0,Move_Left,pressed
953.547,jump_input_pressed,447.933135986328,-207.074783325195,-180.0,0.0,Jump,pressed
953.548,jump_executed,447.933135986328,-207.074783325195,-180.0,-500.0,jump,x_447.933135986328_y_-207.074783325195
953.562,jump_peak_reached,444.932800292969,-215.40998840332,-180.0,-479.222198486328,jump_peak,x_444.932800292969_y_-215.40998840332
953.798,platform_landed,400.730560302734,-242.001449584961,-180.0,0.0,land_on_platform,platform_scene-1/Tile Map/21_-13_layer_Tile Map_tile_21_-13_source_1_atlas_3_0
953.798,landed,400.730560302734,-242.001449584961,-180.0,0.0,land,surface_wood_impact_0.59259259033203
953.88,jump_input_released,389.480773925781,-243.000701904297,-180.0,0.0,Jump,released
954.407,move_right_pressed,375.647430419922,-243.000701904297,33.3333320617676,0.0,Move_Right,pressed
954.421,jump_input_pressed,376.202972412109,-243.000701904297,66.6666641235352,0.0,Jump,pressed
954.421,jump_executed,376.202972412109,-243.000701904297,66.6666641235352,-500.0,jump,x_376.202972412109_y_-243.000701904297
954.765,jump_input_released,431.100463867188,-346.788208007812,180.0,-75.3332214355469,Jump,released
954.846,jump_peak_reached,435.933807373047,-349.59375,0.0,45.0371475219727,jump_peak,x_435.933807373047_y_-349.59375
955.046,platform_landed,435.933807373047,-297.009399414062,0.0,0.0,land_on_platform,platform_scene-1/Tile Map/24_-16_layer_Tile Map_tile_24_-16_source_1_atlas_3_0
955.046,landed,435.933807373047,-297.009399414062,0.0,0.0,land,surface_wood_impact_0.97896331787109
955.278,jump_input_pressed,435.933807373047,-297.009399414062,0.0,0.0,Jump,pressed
955.279,jump_executed,435.933807373047,-297.009399414062,0.0,-500.0,jump,x_435.933807373047_y_-297.009399414062
955.38,move_right_pressed,435.933807373047,-341.910888671875,15.0,-376.166595458984,Move_Right,pressed
955.705,jump_peak_reached,479.433807373047,-403.896026611328,180.0,39.8149261474609,jump_peak,x_479.433807373047_y_-403.896026611328
955.805,jump_input_released,497.433807373047,-390.6552734375,180.0,262.037139892578,Jump,released
955.905,platform_landed,511.267150878906,-351.030700683594,0.0,0.0,land_on_platform,platform_scene-1/Tile Map/28_-19_layer_Tile Map_tile_28_-19_source_1_atlas_12_0
955.906,landed,511.267150878906,-351.030700683594,0.0,0.0,land,surface_wood_impact_0.96851885986328
955.93,musicking,511.267150878906,-351.030700683594,0.0,0.0,osc_received,"value_[1, ""platform_pan_nav""]"
956.247,move_right_pressed,511.267150878906,-351.030700683594,33.3333320617676,0.0,Move_Right,pressed
956.248,sonification,511.822692871094,-351.030700683594,33.3333320617676,0.0,osc_received,"value_[1, ""mushrooms""]"
956.473,jump_input_pressed,546.600463867188,-351.070129394531,180.0,0.0,Jump,pressed
956.473,jump_executed,546.600463867188,-351.070129394531,180.0,-500.0,jump,x_546.600463867188_y_-351.070129394531
956.474,sonification,549.602111816406,-359.408905029297,180.0,-500.055541992188,osc_received,"value_[1, ""mushrooms""]"
956.863,jump_input_released,615.602111816406,-457.023681640625,180.0,-36.1665573120117,Jump,released
956.899,jump_peak_reached,624.602111816406,-457.790344238281,180.0,42.5371475219727,jump_peak,x_624.602111816406_y_-457.790344238281
957.071,platform_landed,632.435424804688,-420.046691894531,0.0,0.0,land_on_platform,platform_scene-1/Tile Map/35_-23_layer_Tile Map_tile_35_-23_source_1_atlas_19_3
957.071,landed,632.435424804688,-420.046691894531,0.0,0.0,land,surface_wood_impact_0.82581512451172
957.072,musicking,632.435424804688,-420.046691894531,0.0,0.0,osc_received,"value_[1, ""leaves""]"
957.421,jump_input_pressed,632.435424804688,-420.046691894531,0.0,0.0,Jump,pressed
957.421,jump_executed,632.435424804688,-420.046691894531,0.0,-500.0,jump,x_632.435424804688_y_-420.046691894531
957.563,move_right_pressed,632.435424804688,-477.152496337891,15.0,-335.333251953125,Move_Right,pressed
957.846,jump_peak_reached,669.935424804688,-526.925598144531,180.0,39.8149261474609,jump_peak,x_669.935424804688_y_-526.925598144531
958.004,platform_landed,699.935424804688,-495.067047119141,180.0,0.0,land_on_platform,platform_scene-1/Tile Map/38_-27_layer_Tile Map_tile_38_-27_source_1_atlas_1_0
958.004,landed,699.935424804688,-495.067047119141,180.0,0.0,land,surface_wood_impact_0.74629656982422
958.063,jump_input_released,705.935424804688,-495.074829101562,180.0,0.0,Jump,released
959.879,move_left_pressed,713.768737792969,-495.074829101562,-33.3333320617676,0.0,Move_Left,pressed
960.339,move_right_pressed,691.602111816406,-495.074829101562,33.3333320617676,0.0,Move_Right,pressed
960.865,move_left_pressed,713.768737792969,-495.074829101562,-33.3333320617676,0.0,Move_Left,pressed
961.213,move_right_pressed,694.602111816406,-495.074829101562,33.3333320617676,0.0,Move_Right,pressed
961.471,jump_input_pressed,735.935424804688,-495.074829101562,180.0,0.0,Jump,pressed
961.471,jump_executed,735.935424804688,-495.074829101562,180.0,-500.0,jump,x_735.935424804688_y_-495.074829101562
961.621,jump_peak_reached,762.937316894531,-550.315551757812,180.0,74.0740737915039,jump_peak,x_762.937316894531_y_-550.315551757812
962.031,jump_input_released,818.691284179688,-335.13916015625,165.0,1000.00018310547,Jump,released
962.304,platform_landed,841.274597167969,44.9823265075684,0.0,0.0,land_on_platform,platform_scene-1/Tile Map/46_3_layer_Tile Map_tile_46_3_source_1_atlas_15_0
962.305,landed,841.274597167969,44.9823265075684,0.0,0.0,land,surface_wood_impact_3.25925805664063
962.338,musicking,841.274597167969,44.9823265075684,0.0,0.0,osc_received,"value_[1, ""far-fall""]"
963.03,move_left_pressed,841.274597167969,44.9823265075684,-33.3333320617676,0.0,Move_Left,pressed
963.031,sonification,840.719055175781,44.9823265075684,-33.3333320617676,0.0,osc_received,"value_[1, ""mushrooms""]"
963.488,jump_input_pressed,763.941284179688,44.9823265075684,-180.0,0.0,Jump,pressed
963.488,jump_executed,763.941284179688,44.9823265075684,-180.0,-500.0,jump,x_763.941284179688_y_44.9823265075684
963.495,sonification,760.925109863281,36.6031188964844,-180.0,-500.055541992188,osc_received,"value_[1, ""mushrooms""]"
963.504,jump_peak_reached,760.925109863281,36.6031188964844,-180.0,-479.222198486328,jump_peak,x_760.925109863281_y_36.6031188964844
963.898,jump_input_released,688.925109863281,-61.9375801086426,-180.0,2.77788853645325,Jump,released
964.079,platform_landed,684.091796875,-27.0103435516357,0.0,0.0,land_on_platform,platform_scene-1/Tile Map/37_-1_layer_Tile Map_tile_37_-1_source_1_atlas_15_7
964.08,landed,684.091796875,-27.0103435516357,0.0,0.0,land,surface_wood_impact_0.82037066650391
964.08,musicking,684.091796875,-27.0103435516357,0.0,0.0,osc_received,"value_[1, ""cloud""]"
964.373,move_left_pressed,684.091796875,-27.0103435516357,-33.3333320617676,0.0,Move_Left,pressed
964.597,jump_input_pressed,651.758483886719,-27.0674915313721,-180.0,0.0,Jump,pressed
964.597,jump_executed,651.758483886719,-27.0674915313721,-180.0,-500.0,jump,x_651.758483886719_y_-27.0674915313721
964.831,jump_input_released,606.756103515625,-116.245315551758,-180.0,-194.166549682617,Jump,released
964.931,jump_peak_reached,595.922790527344,-121.036979675293,0.0,41.2037048339844,jump_peak,x_595.922790527344_y_-121.036979675293
965.147,platform_landed,595.922790527344,-62.9575004577637,0.0,0.0,land_on_platform,platform_scene-1/Tile Map/32_-3_layer_Tile Map_tile_32_-3_source_1_atlas_3_0
965.147,landed,595.922790527344,-62.9575004577637,0.0,0.0,land,surface_wood_impact_1.04537048339844
965.171,musicking,595.922790527344,-62.9575004577637,0.0,0.0,osc_received,"value_[1, ""platform_pan_nav""]"
965.506,move_left_pressed,595.922790527344,-62.9575004577637,-33.3333320617676,0.0,Move_Left,pressed
965.605,jump_input_pressed,584.594543457031,-63.0728645324707,-180.0,0.0,Jump,pressed
965.605,jump_executed,584.594543457031,-63.0728645324707,-180.0,-500.0,jump,x_584.594543457031_y_-63.0728645324707
965.979,jump_input_released,515.593688964844,-169.024368286133,-96.6666641235352,-36.1665573120117,Jump,released
966.03,jump_peak_reached,513.760375976562,-169.791030883789,0.0,42.5371475219727,jump_peak,x_513.760375976562_y_-169.791030883789
966.232,platform_landed,513.760375976562,-117.023635864258,0.0,0.0,land_on_platform,platform_scene-1/Tile Map/28_-6_layer_Tile Map_tile_28_-6_source_1_atlas_3_0
966.232,landed,513.760375976562,-117.023635864258,0.0,0.0,land,surface_wood_impact_0.97396331787109
966.248,move_left_pressed,513.760375976562,-117.023635864258,-33.3333320617676,0.0,Move_Left,pressed
966.765,move_right_pressed,476.074737548828,-117.066268920898,33.3333320617676,0.0,Move_Right,pressed
966.898,jump_input_pressed,493.408050537109,-117.074737548828,180.0,0.0,Jump,pressed
966.898,jump_executed,493.408050537109,-117.074737548828,180.0,-500.0,jump,x_493.408050537109_y_-117.074737548828
966.987,jump_input_released,510.019500732422,-161.919219970703,13.3333311080933,-376.166595458984,Jump,released
967.087,jump_peak_reached,510.241729736328,-166.710891723633,0.0,41.2037048339844,jump_peak,x_510.241729736328_y_-166.710891723633
967.297,move_right_pressed,510.241729736328,-117.729423522949,15.0,485.648223876953,Move_Right,pressed
967.298,platform_landed,510.491729736328,-117.067329406738,15.0,0.0,land_on_platform,platform_scene-1/Tile Map/28_-6_layer_Tile Map_tile_28_-6_source_1_atlas_3_0
967.298,landed,510.491729736328,-117.067329406738,15.0,0.0,land,surface_wood_impact_0.97129644775391
967.681,move_right_pressed,515.925170898438,-117.066230773926,33.3333320617676,0.0,Move_Right,pressed
967.682,jump_input_pressed,515.925170898438,-117.066230773926,33.3333320617676,0.0,Jump,pressed
967.682,jump_executed,515.925170898438,-117.066230773926,33.3333320617676,-500.0,jump,x_515.925170898438_y_-117.066230773926
967.779,jump_input_released,518.425231933594,-161.909729003906,75.0,-376.166595458984,Jump,released
967.879,jump_peak_reached,519.675231933594,-166.701400756836,0.0,41.2037048339844,jump_peak,x_519.675231933594_y_-166.701400756836
968.032,platform_landed,519.675231933594,-134.177749633789,0.0,0.0,land_on_platform,platform_scene-1/Tile Map/29_-7_layer_Tile Map_tile_29_-7_source_1_atlas_0_0
968.032,landed,519.675231933594,-134.177749633789,0.0,0.0,land,surface_wood_impact_0.74907415771484
968.137,move_right_pressed,519.675231933594,-134.177749633789,33.3333320617676,0.0,Move_Right,pressed
968.53,move_right_pressed,529.054992675781,-135.002548217773,33.3333320617676,0.0,Move_Right,pressed
968.57,jump_input_pressed,532.388305664062,-135.002548217773,133.33332824707,0.0,Jump,pressed
968.57,jump_executed,532.388305664062,-135.002548217773,133.33332824707,-500.0,jump,x_532.388305664062_y_-135.002548217773
968.864,jump_peak_reached,584.794799804688,-229.386276245117,180.0,74.0740737915039,jump_peak,x_584.794799804688_y_-229.386276245117
969.032,jump_input_released,614.794799804688,-189.262802124023,180.0,444.444488525391,Jump,released
969.064,platform_landed,623.794799804688,-171.066711425781,180.0,0.0,land_on_platform,platform_scene-1/Tile Map/34_-9_layer_Tile Map_tile_34_-9_source_1_atlas_2_0
969.064,landed,623.794799804688,-171.066711425781,180.0,0.0,land,surface_wood_impact_1.037037109375
969.081,musicking,626.794799804688,-171.066711425781,180.0,0.0,osc_received,"value_[1, ""platform_pan_nav""]"
969.262,move_right_pressed,628.628112792969,-171.066711425781,33.3333320617676,0.0,Move_Right,pressed
969.712,move_left_pressed,671.794738769531,-171.066711425781,-33.3333320617676,0.0,Move_Left,pressed
969.846,jump_input_pressed,654.46142578125,-171.066711425781,-180.0,0.0,Jump,pressed
969.847,jump_executed,654.46142578125,-171.066711425781,-180.0,-500.0,jump,x_654.46142578125_y_-171.066711425781
970.271,jump_peak_reached,576.458862304688,-277.902526855469,-180.0,39.8149261474609,jump_peak,x_576.458862304688_y_-277.902526855469
970.33,jump_input_released,567.458862304688,-274.059936523438,-96.6666641235352,150.926040649414,Jump,released
970.397,platform_landed,565.625549316406,-257.977447509766,0.0,0.0,land_on_platform,platform_scene-1/Tile Map/31_-14_layer_Tile Map_tile_31_-14_source_1_atlas_18_3
970.397,landed,565.625549316406,-257.977447509766,0.0,0.0,land,surface_wood_impact_0.59814837646484
970.398,musicking,565.625549316406,-257.977447509766,0.0,0.0,osc_received,"value_[1, ""leaves""]"
970.565,move_left_pressed,565.625549316406,-257.977447509766,-33.3333320617676,0.0,Move_Left,pressed
970.73,jump_input_pressed,542.292541503906,-257.800048828125,-180.0,0.0,Jump,pressed
970.73,jump_executed,542.292541503906,-257.800048828125,-180.0,-500.0,jump,x_542.292541503906_y_-257.800048828125
970.904,jump_peak_reached,509.283111572266,-321.214660644531,-180.0,74.6668167114258,jump_peak,x_509.283111572266_y_-321.214660644531
971.013,jump_input_released,501.087188720703,-299.422607421875,-105.0,333.926086425781,Jump,released
971.18,platform_landed,479.003845214844,-207.049194335938,0.0,0.0,land_on_platform,platform_scene-1/Tile Map/26_-11_layer_Tile Map_tile_26_-11_source_1_atlas_3_0
971.18,landed,479.003845214844,-207.049194335938,0.0,0.0,land,surface_wood_impact_1.40859313964844
971.433,move_left_pressed,479.003845214844,-207.049194335938,-33.3333320617676,0.0,Move_Left,pressed
971.631,jump_input_pressed,449.670532226562,-207.049194335938,-180.0,0.0,Jump,pressed
971.631,jump_executed,449.670532226562,-207.049194335938,-180.0,-500.0,jump,x_449.670532226562_y_-207.049194335938
971.638,jump_peak_reached,446.6630859375,-215.40412902832,-180.0,-479.222198486328,jump_peak,x_446.6630859375_y_-215.40412902832
971.854,jump_input_released,407.66162109375,-249.969207763672,-180.0,259.259246826172,Jump,released
971.871,platform_landed,401.967590332031,-241.025909423828,-180.0,0.0,land_on_platform,platform_scene-1/Tile Map/21_-13_layer_Tile Map_tile_21_-13_source_1_atlas_3_0
971.871,landed,401.967590332031,-241.025909423828,-180.0,0.0,land,surface_wood_impact_0.59259259033203
971.906,musicking,397.662445068359,-243.270065307617,-180.0,0.0,osc_received,"value_[1, ""platform_pan_nav""]"
972.664,move_right_pressed,356.77197265625,-241.583801269531,33.3333320617676,0.0,Move_Right,pressed
972.731,jump_input_pressed,361.543579101562,-243.027267456055,166.666656494141,0.0,Jump,pressed
972.732,jump_executed,361.543579101562,-243.027267456055,166.666656494141,-500.0,jump,x_361.543579101562_y_-243.027267456055
973.013,jump_input_released,415.334075927734,-340.995971679688,180.0,-134.499893188477,Jump,released
973.113,jump_peak_reached,423.167419433594,-345.787628173828,0.0,41.2037048339844,jump_peak,x_423.167419433594_y_-345.787628173828
973.298,platform_landed,423.167419433594,-297.010589599609,0.0,0.0,land_on_platform,platform_scene-1/Tile Map/23_-16_layer_Tile Map_tile_23_-16_source_1_atlas_2_0
973.298,landed,423.167419433594,-297.010589599609,0.0,0.0,land,surface_wood_impact_0.89722235107422
973.472,move_right_pressed,423.167419433594,-297.010589599609,33.3333320617676,0.0,Move_Right,pressed
973.53,jump_input_pressed,426.500732421875,-297.010589599609,133.33332824707,0.0,Jump,pressed
973.53,jump_executed,426.500732421875,-297.010589599609,133.33332824707,-500.0,jump,x_426.500732421875_y_-297.010589599609
973.854,jump_input_released,484.90380859375,-399.184051513672,180.0,-94.9998931884766,Jump,released
973.954,jump_peak_reached,502.90380859375,-403.475708007812,180.0,46.2038116455078,jump_peak,x_502.90380859375_y_-403.475708007812
974.147,platform_landed,541.90380859375,-351.066497802734,180.0,0.0,land_on_platform,platform_scene-1/Tile Map/30_-19_layer_Tile Map_tile_30_-19_source_1_atlas_15_0
974.147,landed,541.90380859375,-351.066497802734,180.0,0.0,land,surface_wood_impact_0.98129663085938
974.163,sonification,541.90380859375,-351.066497802734,180.0,0.0,osc_received,"value_[1, ""mushrooms""]"
974.233,sonification,549.737121582031,-351.066497802734,0.0,0.0,osc_received,"value_[1, ""mushrooms""]"
974.529,move_left_pressed,549.737121582031,-351.066497802734,-33.3333320617676,0.0,Move_Left,pressed
974.532,sonification,549.181579589844,-351.066497802734,-33.3333320617676,0.0,osc_received,"value_[1, ""mushrooms""]"
974.964,sonification,482.570465087891,-351.066497802734,0.0,0.0,osc_received,"value_[1, ""mushrooms""]"
975.013,move_right_pressed,482.570465087891,-351.066497802734,33.3333320617676,0.0,Move_Right,pressed
975.013,sonification,483.126007080078,-351.066497802734,33.3333320617676,0.0,osc_received,"value_[1, ""mushrooms""]"
975.312,jump_input_pressed,529.90380859375,-351.066497802734,180.0,0.0,Jump,pressed
975.313,jump_executed,529.90380859375,-351.066497802734,180.0,-500.0,jump,x_529.90380859375_y_-351.066497802734
975.33,sonification,532.906433105469,-359.408081054688,180.0,-500.055541992188,osc_received,"value_[1, ""mushrooms""]"
975.732,jump_input_released,604.906433105469,-457.948791503906,180.0,2.77788853645325,Jump,released
975.737,jump_peak_reached,607.906433105469,-457.902496337891,180.0,39.8149261474609,jump_peak,x_607.906433105469_y_-457.902496337891
975.864,move_right_pressed,612.73974609375,-440.294464111328,15.0,299.074188232422,Move_Right,pressed
975.905,platform_landed,614.637329101562,-419.943695068359,60.0,0.0,land_on_platform,platform_scene-1/Tile Map/34_-23_layer_Tile Map_tile_34_-23_source_1_atlas_17_3
975.905,landed,614.637329101562,-419.943695068359,60.0,0.0,land,surface_wood_impact_0.82037066650391
975.907,musicking,614.637329101562,-419.943695068359,60.0,0.0,osc_received,"value_[1, ""leaves""]"
975.921,musicking,616.183288574219,-420.014617919922,93.3333358764648,0.0,osc_received,"value_[1, ""platform_pan_nav""]"
976.165,move_right_pressed,622.238952636719,-420.075164794922,33.3333320617676,0.0,Move_Right,pressed
976.48,move_left_pressed,641.407043457031,-420.033721923828,-33.3333320617676,0.0,Move_Left,pressed
976.646,jump_input_pressed,618.074340820312,-420.054168701172,-180.0,0.0,Jump,pressed
976.647,jump_executed,618.074340820312,-420.054168701172,-180.0,-500.0,jump,x_618.074340820312_y_-420.054168701172
977.071,jump_peak_reached,540.065856933594,-526.906311035156,-180.0,39.8149261474609,jump_peak,x_540.065856933594_y_-526.906311035156
977.232,jump_input_released,513.065856933594,-498.711883544922,-180.0,373.148284912109,Jump,released
977.347,platform_landed,489.072937011719,-438.065032958984,-180.0,0.0,land_on_platform,platform_scene-1/Tile Map/27_-24_layer_Tile Map_tile_27_-24_source_1_atlas_13_6
977.347,landed,489.072937011719,-438.065032958984,-180.0,0.0,land,surface_wood_impact_1.26481518554687
977.348,musicking,489.072937011719,-438.065032958984,-180.0,0.0,osc_received,"value_[1, ""water-tube""]"
981.121,move_left_pressed,-63.9251098632812,-438.058288574219,-33.3333320617676,0.0,Move_Left,pressed
981.187,jump_input_pressed,-63.9251098632812,-438.058288574219,-33.3333320617676,0.0,Jump,pressed
981.187,jump_executed,-63.9251098632812,-438.058288574219,-33.3333320617676,-500.0,jump,x_-63.9251098632812_y_-438.058288574219
981.63,jump_peak_reached,-63.9252777099609,-544.886901855469,0.0,39.8149261474609,jump_peak,x_-63.9252777099609_y_-544.886901855469
981.932,platform_landed,-63.9252777099609,-438.003509521484,0.0,0.0,land_on_platform,platform_scene-1/Tile Map/-4_-24_layer_Tile Map_tile_-4_-24_source_1_atlas_13_6
981.932,landed,-63.9252777099609,-438.003509521484,0.0,0.0,land,surface_wood_impact_1.41296337890625
981.933,musicking,-63.9252777099609,-438.003509521484,0.0,0.0,osc_received,"value_[1, ""water-tube""]"
982.038,jump_input_released,-63.9252777099609,-438.003509521484,0.0,0.0,Jump,released
982.229,move_right_pressed,-63.9252777099609,-438.003509521484,33.3333320617676,0.0,Move_Right,pressed
982.396,jump_input_pressed,-40.5918045043945,-438.059051513672,180.0,0.0,Jump,pressed
982.396,jump_executed,-40.5918045043945,-438.059051513672,180.0,-500.0,jump,x_-40.5918045043945_y_-438.059051513672
982.813,jump_peak_reached,37.4088363647461,-544.889465332031,180.0,39.8149261474609,jump_peak,x_37.4088363647461_y_-544.889465332031
983.037,jump_input_released,63.2421684265137,-488.11474609375,0.0,521.296447753906,Jump,released
983.13,platform_landed,63.2421684265137,-438.006072998047,0.0,0.0,land_on_platform,platform_scene-1/Tile Map/3_-24_layer_Tile Map_tile_3_-24_source_1_atlas_13_6
983.13,landed,63.2421684265137,-438.006072998047,0.0,0.0,land,surface_wood_impact_1.41296337890625
983.131,musicking,63.2421684265137,-438.006072998047,0.0,0.0,osc_received,"value_[1, ""water-tube""]"
983.364,move_right_pressed,63.2421684265137,-438.006072998047,33.3333320617676,0.0,Move_Right,pressed
983.464,jump_input_pressed,74.5755767822266,-438.058135986328,180.0,0.0,Jump,pressed
983.465,jump_executed,74.5755767822266,-438.058135986328,180.0,-500.0,jump,x_74.5755767822266_y_-438.058135986328
983.887,jump_peak_reached,152.580215454102,-544.899658203125,180.0,39.8149261474609,jump_peak,x_152.580215454102_y_-544.899658203125
984.139,jump_input_released,197.580215454102,-470.131103515625,180.0,595.370544433594,Jump,released
984.198,platform_landed,209.594024658203,-438.054962158203,180.0,0.0,land_on_platform,platform_scene-1/Tile Map/11_-24_layer_Tile Map_tile_11_-24_source_1_atlas_13_6
984.198,landed,209.594024658203,-438.054962158203,180.0,0.0,land,surface_wood_impact_1.41296337890625
984.198,musicking,209.594024658203,-438.054962158203,180.0,0.0,osc_received,"value_[1, ""water-tube""]"
984.355,jump_input_pressed,236.594055175781,-438.054962158203,180.0,0.0,Jump,pressed
984.355,jump_executed,236.594055175781,-438.054962158203,180.0,-500.0,jump,x_236.594055175781_y_-438.054962158203
984.772,jump_peak_reached,314.599578857422,-544.898864746094,180.0,39.8149261474609,jump_peak,x_314.599578857422_y_-544.898864746094
985.072,platform_landed,371.615264892578,-438.054473876953,180.0,0.0,land_on_platform,platform_scene-1/Tile Map/20_-24_layer_Tile Map_tile_20_-24_source_1_atlas_13_6
985.072,landed,371.615264892578,-438.054473876953,180.0,0.0,land,surface_wood_impact_1.41296337890625
985.072,musicking,371.615264892578,-438.054473876953,180.0,0.0,osc_received,"value_[1, ""water-tube""]"
985.096,jump_input_released,371.615264892578,-438.054473876953,180.0,0.0,Jump,released
985.395,jump_input_pressed,425.615264892578,-438.054473876953,180.0,0.0,Jump,pressed
985.395,jump_executed,425.615264892578,-438.054473876953,180.0,-500.0,jump,x_425.615264892578_y_-438.054473876953
985.813,jump_peak_reached,484.451141357422,-544.89013671875,0.0,39.8149261474609,jump_peak,x_484.451141357422_y_-544.89013671875
985.866,jump_input_released,484.451141357422,-541.047546386719,0.0,150.926040649414,Jump,released
986.113,platform_landed,484.451141357422,-438.006744384766,0.0,0.0,land_on_platform,platform_scene-1/Tile Map/26_-24_layer_Tile Map_tile_26_-24_source_1_atlas_13_6
986.113,landed,484.451141357422,-438.006744384766,0.0,0.0,land,surface_wood_impact_1.41296337890625
986.114,musicking,484.451141357422,-438.006744384766,0.0,0.0,osc_received,"value_[1, ""water-tube""]"
986.264,move_right_pressed,484.451141357422,-438.006744384766,33.3333320617676,0.0,Move_Right,pressed
986.63,move_right_pressed,515.617858886719,-438.054321289062,33.3333320617676,0.0,Move_Right,pressed
986.906,move_left_pressed,522.006713867188,-438.054321289062,-33.3333320617676,0.0,Move_Left,pressed
986.963,jump_input_pressed,518.673400878906,-438.054321289062,-133.33332824707,0.0,Jump,pressed
986.963,jump_executed,518.673400878906,-438.054321289062,-133.33332824707,-500.0,jump,x_518.673400878906_y_-438.054321289062
987.271,jump_peak_reached,463.368957519531,-533.968139648438,-180.0,86.0140762329102,jump_peak,x_463.368957519531_y_-533.968139648438
987.521,platform_landed,422.535614013672,-438.001220703125,0.0,0.0,land_on_platform,platform_scene-1/Tile Map/23_-24_layer_Tile Map_tile_23_-24_source_1_atlas_13_6
987.521,landed,422.535614013672,-438.001220703125,0.0,0.0,land,surface_wood_impact_1.28313940429687
987.522,musicking,422.535614013672,-438.001220703125,0.0,0.0,osc_received,"value_[1, ""water-tube""]"
987.564,jump_input_released,422.535614013672,-438.001220703125,0.0,0.0,Jump,released
987.63,move_right_pressed,422.535614013672,-438.001220703125,33.3333320617676,0.0,Move_Right,pressed
988.237,move_right_pressed,501.702331542969,-438.058258056641,33.3333320617676,0.0,Move_Right,pressed
988.498,jump_input_pressed,542.562255859375,-438.042541503906,180.0,0.0,Jump,pressed
988.498,jump_executed,542.562255859375,-438.042541503906,180.0,-500.0,jump,x_542.562255859375_y_-438.042541503906
988.513,jump_peak_reached,545.585754394531,-446.442047119141,180.0,-479.222198486328,jump_peak,x_545.585754394531_y_-446.442047119141
988.863,jump_input_released,605.585754394531,-541.830871582031,180.0,-75.3332214355469,Jump,released
989.247,platform_landed,619.419067382812,-420.041900634766,0.0,0.0,land_on_platform,platform_scene-1/Tile Map/34_-23_layer_Tile Map_tile_34_-23_source_1_atlas_17_3
989.247,landed,619.419067382812,-420.041900634766,0.0,0.0,land,surface_wood_impact_1.49748193359375
989.263,musicking,619.419067382812,-420.041900634766,0.0,0.0,osc_received,"value_[1, ""leaves""]"
989.314,move_right_pressed,619.419067382812,-420.041900634766,33.3333320617676,0.0,Move_Right,pressed
989.797,jump_input_pressed,635.584594726562,-420.077911376953,0.0,0.0,Jump,pressed
989.797,jump_executed,635.584594726562,-420.077911376953,0.0,-500.0,jump,x_635.584594726562_y_-420.077911376953
989.864,move_right_pressed,635.584594726562,-458.307830810547,15.0,-396.666595458984,Move_Right,pressed
990.229,jump_peak_reached,682.084594726562,-526.909606933594,180.0,39.8149261474609,jump_peak,x_682.084594726562_y_-526.909606933594
990.348,jump_input_released,703.084594726562,-509.301605224609,96.6666641235352,299.074188232422,Jump,released
990.38,platform_landed,704.917907714844,-495.022552490234,0.0,0.0,land_on_platform,platform_scene-1/Tile Map/39_-27_layer_Tile Map_tile_39_-27_source_1_atlas_2_0
990.38,landed,704.917907714844,-495.022552490234,0.0,0.0,land,surface_wood_impact_0.74629656982422
990.946,move_right_pressed,704.917907714844,-495.022552490234,33.3333320617676,0.0,Move_Right,pressed
991.047,jump_input_pressed,716.251220703125,-495.022552490234,180.0,0.0,Jump,pressed
991.048,jump_executed,716.251220703125,-495.022552490234,180.0,-500.0,jump,x_716.251220703125_y_-495.022552490234
991.48,jump_peak_reached,769.425231933594,-601.892272949219,180.0,39.8149261474609,jump_peak,x_769.425231933594_y_-601.892272949219
991.58,platform_landed,790.425231933594,-585.066345214844,180.0,0.0,land_on_platform,platform_scene-1/Tile Map/43_-32_layer_Tile Map_tile_43_-32_source_1_atlas_2_0
991.58,landed,790.425231933594,-585.066345214844,180.0,0.0,land,surface_wood_impact_0.52407427978516
991.598,jump_input_released,790.425231933594,-585.066345214844,180.0,0.0,Jump,released
991.599,musicking,793.425231933594,-585.066345214844,180.0,0.0,osc_received,"value_[1, ""platform_pan_nav""]"
991.813,move_right_pressed,810.258544921875,-585.066345214844,33.3333320617676,0.0,Move_Right,pressed
992.18,platform_landed,855.846435546875,-473.998413085938,0.0,0.0,land_on_platform,platform_scene-1/Tile Map/47_-26_layer_Tile Map_tile_47_-26_source_1_atlas_13_6
992.18,landed,855.846435546875,-473.998413085938,0.0,0.0,land,surface_wood_impact_1.40740759277344
992.18,musicking,855.846435546875,-473.998413085938,0.0,0.0,osc_received,"value_[1, ""water-tube""]"
992.499,move_left_pressed,855.846435546875,-473.998413085938,-33.3333320617676,0.0,Move_Left,pressed
992.596,coin_collected,844.51318359375,-473.983001708984,-180.0,0.0,collect_coin,coin_coin16_score_12
992.598,sonification,841.513244628906,-474.051116943359,-180.0,0.0,osc_received,"value_[1, ""coins-with-pitch""]"
992.747,move_right_pressed,836.679931640625,-474.051116943359,33.3333320617676,0.0,Move_Right,pressed
992.946,coin_collected,866.013244628906,-474.051116943359,180.0,0.0,collect_coin,coin_coin17_score_14
992.947,sonification,869.013244628906,-474.051116943359,180.0,0.0,osc_received,"value_[1, ""coins-with-pitch""]"
993.146,coin_collected,902.013244628906,-474.051116943359,180.0,0.0,collect_coin,coin_coin18_score_16
993.148,sonification,905.013244628906,-474.051116943359,180.0,0.0,osc_received,"value_[1, ""coins-with-pitch""]"
993.346,coin_collected,938.013244628906,-474.051116943359,180.0,0.0,collect_coin,coin_coin19_score_18
993.347,sonification,941.013244628906,-474.051116943359,180.0,0.0,osc_received,"value_[1, ""coins-with-pitch""]"
993.98,move_right_pressed,1032.84655761719,-474.051116943359,33.3333320617676,0.0,Move_Right,pressed
994.199,jump_input_pressed,1037.98974609375,-473.987426757812,33.3333320617676,0.0,Jump,pressed
994.199,jump_executed,1037.98974609375,-473.987426757812,33.3333320617676,-500.0,jump,x_1037.98974609375_y_-473.987426757812
994.63,jump_peak_reached,1037.92529296875,-580.816101074219,0.0,39.8149261474609,jump_peak,x_1037.92529296875_y_-580.816101074219
994.913,platform_landed,1037.92529296875,-474.001678466797,0.0,0.0,land_on_platform,platform_scene-1/Tile Map/57_-26_layer_Tile Map_tile_57_-26_source_1_atlas_13_6
994.913,landed,1037.92529296875,-474.001678466797,0.0,0.0,land,surface_wood_impact_1.41296337890625
994.914,musicking,1037.92529296875,-474.001678466797,0.0,0.0,osc_received,"value_[1, ""water-tube""]"
995.03,jump_input_released,1037.92529296875,-474.001678466797,0.0,0.0,Jump,released
995.082,move_left_pressed,1037.92529296875,-474.001678466797,-33.3333320617676,0.0,Move_Left,pressed
995.398,jump_input_pressed,987.590576171875,-474.055877685547,-180.0,0.0,Jump,pressed
995.398,jump_executed,987.590576171875,-474.055877685547,-180.0,-500.0,jump,x_987.590576171875_y_-474.055877685547
995.798,move_left_pressed,970.756469726562,-580.007080078125,-15.0,-36.1665573120117,Move_Left,pressed
995.847,jump_peak_reached,969.256469726562,-580.886657714844,-60.0,39.8149261474609,jump_peak,x_969.256469726562_y_-580.886657714844
996.079,jump_input_released,936.256469726562,-515.423645019531,-180.0,558.33349609375,Jump,released
996.147,platform_landed,921.271728515625,-474.065338134766,-180.0,0.0,land_on_platform,platform_scene-1/Tile Map/51_-26_layer_Tile Map_tile_51_-26_source_1_atlas_13_6
996.147,landed,921.271728515625,-474.065338134766,-180.0,0.0,land,surface_wood_impact_1.41296337890625
996.147,musicking,921.271728515625,-474.065338134766,-180.0,0.0,osc_received,"value_[1, ""water-tube""]"
996.932,move_left_pressed,865.4384765625,-474.048736572266,-33.3333320617676,0.0,Move_Left,pressed
997.199,jump_input_pressed,824.105163574219,-474.102935791016,-180.0,0.0,Jump,pressed
997.199,jump_executed,824.105163574219,-474.102935791016,-180.0,-500.0,jump,x_824.105163574219_y_-474.102935791016
997.413,jump_peak_reached,785.101806640625,-550.31298828125,-180.0,74.0740737915039,jump_peak,x_785.101806640625_y_-550.31298828125
997.754,jump_input_released,742.324768066406,-408.337738037109,-90.0,814.81494140625,Jump,released
998.106,platform_landed,738.713684082031,44.9029998779297,0.0,0.0,land_on_platform,platform_scene-1/Tile Map/40_3_layer_Tile Map_tile_40_3_source_1_atlas_13_0
998.106,landed,738.713684082031,44.9029998779297,0.0,0.0,land,surface_wood_impact_3.25925805664063
998.147,musicking,738.713684082031,44.9947967529297,0.0,0.0,osc_received,"value_[1, ""far-fall""]"
998.647,move_left_pressed,738.713684082031,44.9947967529297,-33.3333320617676,0.0,Move_Left,pressed
998.647,sonification,738.158142089844,44.9331741333008,-33.3333320617676,0.0,osc_received,"value_[1, ""mushrooms""]"
998.747,jump_input_pressed,727.38037109375,44.9331741333008,-180.0,0.0,Jump,pressed
998.747,jump_executed,727.38037109375,44.9331741333008,-180.0,-500.0,jump,x_727.38037109375_y_44.9331741333008
998.754,sonification,724.377807617188,36.5918426513672,-180.0,-500.055541992188,osc_received,"value_[1, ""mushrooms""]"
998.763,jump_peak_reached,724.377807617188,36.5918426513672,-180.0,-479.222198486328,jump_peak,x_724.377807617188_y_36.5918426513672
999.164,jump_input_released,652.377807617188,-61.9488563537598,-96.6666641235352,2.77788853645325,Jump,released
999.337,platform_landed,650.544494628906,-27.0216197967529,0.0,0.0,land_on_platform,platform_scene-1/Tile Map/36_-1_layer_Tile Map_tile_36_-1_source_1_atlas_13_7
999.337,landed,650.544494628906,-27.0216197967529,0.0,0.0,land,surface_wood_impact_0.82037066650391
999.346,musicking,650.544494628906,-27.0216197967529,0.0,0.0,osc_received,"value_[1, ""cloud""]"
999.396,move_right_pressed,650.544494628906,-27.0216197967529,33.3333320617676,0.0,Move_Right,pressed
999.831,move_left_pressed,675.711120605469,-27.0216197967529,-33.3333320617676,0.0,Move_Left,pressed
999.898,jump_input_pressed,670.155578613281,-27.0216197967529,-166.666656494141,0.0,Jump,pressed
999.898,jump_executed,670.155578613281,-27.0216197967529,-166.666656494141,-500.0,jump,x_670.155578613281_y_-27.0216197967529
1000.272,jump_input_released,601.363586425781,-133.013259887695,-180.0,-36.1665573120117,Jump,released
1000.321,jump_peak_reached,592.363586425781,-133.779922485352,-180.0,42.5371475219727,jump_peak,x_592.363586425781_y_-133.779922485352
1000.547,platform_landed,587.5302734375,-63.006275177002,0.0,0.0,land_on_platform,platform_scene-1/Tile Map/32_-3_layer_Tile Map_tile_32_-3_source_1_atlas_3_0
1000.547,landed,587.5302734375,-63.006275177002,0.0,0.0,land,surface_wood_impact_1.12211145019531
1000.796,move_left_pressed,587.5302734375,-63.006275177002,-33.3333320617676,0.0,Move_Left,pressed
1000.897,jump_input_pressed,576.196960449219,-63.006275177002,-180.0,0.0,Jump,pressed
1000.897,jump_executed,576.196960449219,-63.006275177002,-180.0,-500.0,jump,x_576.196960449219_y_-63.006275177002
1001.238,move_left_pressed,562.343811035156,-166.784606933594,-15.0,-75.3332214355469,Move_Left,pressed
1001.33,jump_peak_reached,558.593811035156,-169.890151977539,-90.0,39.8149261474609,jump_peak,x_558.593811035156_y_-169.890151977539
1001.467,jump_input_released,536.843811035156,-141.695693969727,-180.0,373.148284912109,Jump,released
1001.481,platform_landed,530.843811035156,-135.066818237305,-180.0,0.0,land_on_platform,platform_scene-1/Tile Map/29_-7_layer_Tile Map_tile_29_-7_source_1_atlas_0_0
1001.481,landed,530.843811035156,-135.066818237305,-180.0,0.0,land,surface_wood_impact_0.82037066650391
1001.879,move_right_pressed,529.010498046875,-135.066818237305,33.3333320617676,0.0,Move_Right,pressed
1001.948,jump_input_pressed,534.566040039062,-135.066818237305,166.666656494141,0.0,Jump,pressed
1001.948,jump_executed,534.566040039062,-135.066818237305,166.666656494141,-500.0,jump,x_534.566040039062_y_-135.066818237305
1002.246,jump_peak_reached,588.347717285156,-229.385604858398,180.0,74.0740737915039,jump_peak,x_588.347717285156_y_-229.385604858398
1002.398,jump_input_released,615.347717285156,-196.052261352539,180.0,407.407440185547,Jump,released
1002.447,platform_landed,627.347717285156,-171.066696166992,180.0,0.0,land_on_platform,platform_scene-1/Tile Map/34_-9_layer_Tile Map_tile_34_-9_source_1_atlas_2_0
1002.448,landed,627.347717285156,-171.066696166992,180.0,0.0,land,surface_wood_impact_1.037037109375
1002.713,move_left_pressed,656.181030273438,-171.066696166992,-33.3333320617676,0.0,Move_Left,pressed
1002.863,jump_input_pressed,635.847717285156,-171.066696166992,-180.0,0.0,Jump,pressed
1002.863,jump_executed,635.847717285156,-171.066696166992,-180.0,-500.0,jump,x_635.847717285156_y_-171.066696166992
1003.279,jump_peak_reached,576.226379394531,-277.90283203125,-180.0,39.8149261474609,jump_peak,x_576.226379394531_y_-277.90283203125
1003.348,jump_input_released,564.226379394531,-271.544799804688,-180.0,187.963073730469,Jump,released
1003.4,platform_landed,553.62109375,-258.05810546875,-96.6666641235352,0.0,land_on_platform,platform_scene-1/Tile Map/30_-14_layer_Tile Map_tile_30_-14_source_1_atlas_17_3
1003.4,landed,553.62109375,-258.05810546875,-96.6666641235352,0.0,land,surface_wood_impact_0.59814837646484
1003.4,musicking,553.62109375,-258.05810546875,-96.6666641235352,0.0,osc_received,"value_[1, ""leaves""]"
1003.965,move_right_pressed,553.398864746094,-258.05810546875,33.3333320617676,0.0,Move_Right,pressed
1004.196,jump_input_pressed,588.734680175781,-257.997283935547,180.0,0.0,Jump,pressed
1004.196,jump_executed,588.734680175781,-257.997283935547,180.0,-500.0,jump,x_588.734680175781_y_-257.997283935547
1004.613,jump_peak_reached,666.743591308594,-364.850616455078,180.0,39.8149261474609,jump_peak,x_666.743591308594_y_-364.850616455078
1004.64,jump_input_released,669.743591308594,-364.187042236328,180.0,76.8519668579102,Jump,released
1004.721,platform_landed,674.576904296875,-348.001739501953,0.0,0.0,land_on_platform,platform_scene-1/Tile Map/37_-19_layer_Tile Map_tile_37_-19_source_1_atlas_19_3
1004.721,landed,674.576904296875,-348.001739501953,0.0,0.0,land,surface_wood_impact_0.52407427978516
1004.722,musicking,674.576904296875,-348.001739501953,0.0,0.0,osc_received,"value_[1, ""leaves""]"
1004.746,musicking,674.576904296875,-348.001739501953,0.0,0.0,osc_received,"value_[1, ""platform_pan_nav""]"
1005.074,move_left_pressed,674.576904296875,-348.001739501953,-33.3333320617676,0.0,Move_Left,pressed
1005.131,jump_input_pressed,671.244201660156,-348.080230712891,-133.33332824707,0.0,Jump,pressed
1005.131,jump_executed,671.244201660156,-348.080230712891,-133.33332824707,-500.0,jump,x_671.244201660156_y_-348.080230712891
1005.532,move_left_pressed,653.082763671875,-454.512634277344,-15.0,-16.6665554046631,Move_Left,pressed
1005.563,jump_peak_reached,652.332763671875,-454.767272949219,-45.0,39.8149261474609,jump_peak,x_652.332763671875_y_-454.767272949219
1005.631,jump_input_released,647.832763671875,-448.409240722656,-105.0,187.963073730469,Jump,released
1005.713,platform_landed,638.2216796875,-419.986480712891,0.0,0.0,land_on_platform,platform_scene-1/Tile Map/35_-23_layer_Tile Map_tile_35_-23_source_1_atlas_19_3
1005.713,landed,638.2216796875,-419.986480712891,0.0,0.0,land,surface_wood_impact_0.82037066650391
1005.714,musicking,638.2216796875,-419.986480712891,0.0,0.0,osc_received,"value_[1, ""leaves""]"
1006.032,move_left_pressed,638.2216796875,-419.986480712891,-33.3333320617676,0.0,Move_Left,pressed
1006.199,jump_input_pressed,611.878662109375,-419.921691894531,-180.0,37.037036895752,Jump,pressed
1006.199,jump_executed,611.878662109375,-419.921691894531,-180.0,-500.0,jump,x_611.878662109375_y_-419.921691894531
1006.63,jump_peak_reached,533.878662109375,-526.750366210938,-180.0,39.8149261474609,jump_peak,x_533.878662109375_y_-526.750366210938
1006.763,jump_input_released,509.878662109375,-504.157806396484,-180.0,336.111236572266,Jump,released
1006.897,platform_landed,484.276733398438,-438.048553466797,-96.6666641235352,0.0,land_on_platform,platform_scene-1/Tile Map/26_-24_layer_Tile Map_tile_26_-24_source_1_atlas_13_6
1006.897,landed,484.276733398438,-438.048553466797,-96.6666641235352,0.0,land,surface_wood_impact_1.26481518554687
1006.898,musicking,484.276733398438,-438.048553466797,-96.6666641235352,0.0,osc_received,"value_[1, ""water-tube""]"
1007.705,move_right_pressed,484.054504394531,-438.048553466797,33.3333320617676,0.0,Move_Right,pressed
1008.197,jump_input_pressed,515.221130371094,-438.048553466797,0.0,0.0,Jump,pressed
1008.197,jump_executed,515.221130371094,-438.048553466797,0.0,-500.0,jump,x_515.221130371094_y_-438.048553466797
1008.63,jump_peak_reached,515.221130371094,-544.890747070312,0.0,39.8149261474609,jump_peak,x_515.221130371094_y_-544.890747070312
1008.931,platform_landed,515.221130371094,-438.007354736328,0.0,0.0,land_on_platform,platform_scene-1/Tile Map/28_-24_layer_Tile Map_tile_28_-24_source_1_atlas_13_6
1008.931,landed,515.221130371094,-438.007354736328,0.0,0.0,land,surface_wood_impact_1.41296337890625
1008.931,musicking,515.221130371094,-438.007354736328,0.0,0.0,osc_received,"value_[1, ""water-tube""]"
1009.066,jump_input_released,515.221130371094,-438.007354736328,0.0,0.0,Jump,released
1009.399,move_right_pressed,515.221130371094,-438.007354736328,33.3333320617676,0.0,Move_Right,pressed
1009.566,jump_input_pressed,537.898803710938,-439.036865234375,180.0,0.0,Jump,pressed
1009.566,jump_executed,537.898803710938,-439.036865234375,180.0,-500.0,jump,x_537.898803710938_y_-439.036865234375
1009.996,jump_peak_reached,615.901123046875,-545.871948242188,180.0,39.8149261474609,jump_peak,x_615.901123046875_y_-545.871948242188
1010.196,jump_input_released,647.734436035156,-497.168212890625,0.0,484.259429931641,Jump,released
1010.306,platform_landed,647.734436035156,-419.721282958984,0.0,0.0,land_on_platform,platform_scene-1/Tile Map/35_-23_layer_Tile Map_tile_35_-23_source_1_atlas_19_3
1010.306,landed,647.734436035156,-419.721282958984,0.0,0.0,land,surface_wood_impact_1.48703747558594
1010.307,musicking,647.734436035156,-419.721282958984,0.0,0.0,osc_received,"value_[1, ""leaves""]"
1010.432,move_left_pressed,647.734436035156,-419.721282958984,-33.3333320617676,0.0,Move_Left,pressed
1010.899,jump_input_pressed,641.382629394531,-420.029571533203,0.0,0.0,Jump,pressed
1010.899,jump_executed,641.382629394531,-420.029571533203,0.0,-500.0,jump,x_641.382629394531_y_-420.029571533203
1011.032,move_right_pressed,641.382629394531,-477.093414306641,15.0,-335.333251953125,Move_Right,pressed
1011.338,jump_peak_reached,678.882629394531,-526.866516113281,180.0,39.8149261474609,jump_peak,x_678.882629394531_y_-526.866516113281
1011.497,platform_landed,708.882629394531,-495.066711425781,180.0,0.0,land_on_platform,platform_scene-1/Tile Map/39_-27_layer_Tile Map_tile_39_-27_source_1_atlas_2_0
1011.497,landed,708.882629394531,-495.066711425781,180.0,0.0,land,surface_wood_impact_0.74629656982422
1011.506,musicking,711.882629394531,-495.066711425781,180.0,0.0,osc_received,"value_[1, ""platform_pan_nav""]"
1011.537,jump_input_released,713.493713378906,-495.066711425781,13.3333311080933,0.0,Jump,released
1011.931,jump_input_pressed,713.715942382812,-495.066711425781,0.0,0.0,Jump,pressed
1011.931,jump_executed,713.715942382812,-495.066711425781,0.0,-500.0,jump,x_713.715942382812_y_-495.066711425781
1012.065,move_right_pressed,713.715942382812,-552.130310058594,15.0,-335.333251953125,Move_Right,pressed
1012.346,jump_peak_reached,751.215942382812,-601.903442382812,180.0,39.8149261474609,jump_peak,x_751.215942382812_y_-601.903442382812
1012.447,platform_landed,772.215942382812,-585.066345214844,180.0,0.0,land_on_platform,platform_scene-1/Tile Map/42_-32_layer_Tile Map_tile_42_-32_source_1_atlas_1_0
1012.447,landed,772.215942382812,-585.066345214844,180.0,0.0,land,surface_wood_impact_0.52407427978516
1012.566,jump_input_released,786.049255371094,-585.074768066406,0.0,0.0,Jump,released
1012.865,jump_input_pressed,786.049255371094,-585.074768066406,0.0,0.0,Jump,pressed
1012.865,jump_executed,786.049255371094,-585.074768066406,0.0,-500.0,jump,x_786.049255371094_y_-585.074768066406
1013.032,move_right_pressed,786.049255371094,-652.987915039062,15.0,-294.722106933594,Move_Right,pressed
1013.299,jump_input_released,813.160339355469,-691.950866699219,13.3333311080933,2.77788853645325,Jump,released
1013.313,jump_peak_reached,813.382568359375,-691.904541015625,0.0,39.8149261474609,jump_peak,x_813.382568359375_y_-691.904541015625
1013.48,platform_landed,813.382568359375,-657.023620605469,0.0,0.0,land_on_platform,platform_scene-1/Tile Map/45_-36_layer_Tile Map_tile_45_-36_source_1_atlas_0_0
1013.48,landed,813.382568359375,-657.023620605469,0.0,0.0,land,surface_wood_impact_0.82037066650391
1013.663,move_right_pressed,813.382568359375,-657.023620605469,33.3333320617676,0.0,Move_Right,pressed
1014.133,move_left_pressed,823.104797363281,-657.023620605469,-33.3333320617676,0.0,Move_Left,pressed
1014.238,jump_input_pressed,811.771484375,-657.023620605469,-180.0,0.0,Jump,pressed
1014.238,jump_executed,811.771484375,-657.023620605469,-180.0,-500.0,jump,x_811.771484375_y_-657.023620605469
1014.363,time_limit_reached,790.756958007812,-708.183410644531,-180.0,-356.166595458984,time_limit,three_minutes
1014.363,scene_transition,790.756958007812,-708.183410644531,-180.0,-356.166595458984,switch,from_res://Scenes/Main/scene-1.tscn_to_res://Scenes/Main/menu.tscn
1014.363,session_end,790.756958007812,-708.183410644531,-180.0,-356.166595458984,,
