timestamp_seconds,event,x,y,velocity_x,velocity_y,action,info
1075.714,session_start,392.0,624.0,0.0,0.0,,
1075.762,jump_peak_reached,392.0,624.0,0.0,37.037036895752,jump_peak,x_392.0_y_624.0
1075.863,platform_landed,392.0,638.988403320312,0.0,0.0,land_on_platform,platform_scene-1/Tile Map/21_36_layer_Tile Map_tile_21_36_source_1_atlas_2_0
1075.863,landed,392.0,638.988403320312,0.0,0.0,land,surface_wood_impact_0.51851849365234
1075.864,sonification,392.0,638.988403320312,0.0,0.0,osc_received,"value_[1, ""leadr-mel""]"
1078.665,move_left_pressed,392.0,638.988403320312,-33.3333320617676,0.0,Move_Left,pressed
1079.072,move_right_pressed,360.846618652344,638.925659179688,33.3333320617676,0.0,Move_Right,pressed
1079.339,move_left_pressed,395.013275146484,638.925659179688,-33.3333320617676,0.0,Move_Left,pressed
1080.508,jump_input_pressed,188.679962158203,638.925659179688,-180.0,0.0,Jump,pressed
1080.509,jump_executed,188.679962158203,638.925659179688,-180.0,-500.0,jump,x_188.679962158203_y_638.925659179688
1080.799,jump_input_released,137.679489135742,543.582702636719,-96.6666641235352,-154.333221435547,Jump,released
1080.897,jump_peak_reached,135.846145629883,538.791015625,0.0,41.2037048339844,jump_peak,x_135.846145629883_y_538.791015625
1081.031,platform_landed,135.846145629883,566.990539550781,0.0,0.0,land_on_platform,platform_scene-1/Tile Map/7_32_layer_Tile Map_tile_7_32_source_1_atlas_0_0
1081.031,landed,135.846145629883,566.990539550781,0.0,0.0,land,surface_wood_impact_0.67500006103516
1081.032,sonification,135.846145629883,566.990539550781,0.0,0.0,osc_received,"value_[1, ""leadr-mel""]"
1081.548,move_left_pressed,135.846145629883,566.990539550781,-33.3333320617676,0.0,Move_Left,pressed
1081.614,jump_input_pressed,130.290573120117,566.990539550781,-166.666656494141,0.0,Jump,pressed
1081.614,jump_executed,130.290573120117,566.990539550781,-166.666656494141,-500.0,jump,x_130.290573120117_y_566.990539550781
1082.038,jump_peak_reached,52.4954223632812,460.109771728516,-180.0,39.8149261474609,jump_peak,x_52.4954223632812_y_460.109771728516
1082.066,jump_input_released,49.4954223632812,460.773345947266,-180.0,76.8519668579102,Jump,released
1082.239,platform_landed,38.6620903015137,513.19580078125,0.0,0.0,land_on_platform,platform_scene-1/Tile Map/1_29_layer_Tile Map_tile_1_29_source_1_atlas_0_0
1082.239,landed,38.6620903015137,513.19580078125,0.0,0.0,land,surface_wood_impact_0.96851885986328
1082.247,sonification,38.6620903015137,513.19580078125,0.0,0.0,osc_received,"value_[1, ""leadr-mel""]"
1082.68,move_left_pressed,38.6620903015137,513.19580078125,-33.3333320617676,0.0,Move_Left,pressed
1082.734,jump_input_pressed,35.3617095947266,512.966674804688,-133.33332824707,0.0,Jump,pressed
1082.735,jump_executed,35.3617095947266,512.966674804688,-133.33332824707,-500.0,jump,x_35.3617095947266_y_512.966674804688
1083.097,jump_input_released,-29.0364322662354,407.932952880859,-180.0,-55.722110748291,Jump,released
1083.164,jump_peak_reached,-41.036434173584,406.301483154297,-180.0,43.8149261474609,jump_peak,x_-41.036434173584_y_406.301483154297
1083.44,platform_landed,-51.8697662353516,512.991577148438,0.0,0.0,land_on_platform,platform_scene-1/Tile Map/-3_29_layer_Tile Map_tile_-3_29_source_1_atlas_2_0
1083.44,landed,-51.8697662353516,512.991577148438,0.0,0.0,land,surface_wood_impact_1.34688928222656
1083.441,sonification,-51.8697662353516,512.991577148438,0.0,0.0,osc_received,"value_[1, ""leadr-mel""]"
1083.733,jump_input_pressed,-51.8697662353516,512.991577148438,0.0,0.0,Jump,pressed
1083.733,jump_executed,-51.8697662353516,512.991577148438,0.0,-500.0,jump,x_-51.8697662353516_y_512.991577148438
1083.739,jump_peak_reached,-51.8697662353516,504.598480224609,0.0,-479.222198486328,jump_peak,x_-51.8697662353516_y_504.598480224609
1084.448,jump_input_released,-51.8697662353516,512.493041992188,0.0,706.481689453125,Jump,released
1084.449,platform_landed,-51.8697662353516,512.987487792969,0.0,0.0,land_on_platform,platform_scene-1/Tile Map/-3_29_layer_Tile Map_tile_-3_29_source_1_atlas_2_0
1084.449,landed,-51.8697662353516,512.987487792969,0.0,0.0,land,surface_wood_impact_1.41296337890625
1084.455,sonification,-51.8697662353516,512.987487792969,0.0,0.0,osc_received,"value_[1, ""leadr-mel""]"
1084.496,move_right_pressed,-51.8697662353516,512.987487792969,33.3333320617676,0.0,Move_Right,pressed
1084.748,jump_input_pressed,-13.5322284698486,513.914611816406,180.0,0.0,Jump,pressed
1084.748,jump_executed,-13.5322284698486,513.914611816406,180.0,-500.0,jump,x_-13.5322284698486_y_513.914611816406
1085.18,jump_peak_reached,64.488655090332,407.027923583984,180.0,39.8149261474609,jump_peak,x_64.488655090332_y_407.027923583984
1085.565,platform_landed,133.488662719727,566.932373046875,180.0,0.0,land_on_platform,platform_scene-1/Tile Map/7_32_layer_Tile Map_tile_7_32_source_1_atlas_0_0
1085.565,landed,133.488662719727,566.932373046875,180.0,0.0,land,surface_wood_impact_1.709259765625
1085.566,sonification,133.488662719727,566.932373046875,180.0,0.0,osc_received,"value_[1, ""leadr-mel""]"
1085.6,musicking,139.488662719727,566.932373046875,180.0,0.0,osc_received,"value_[1, ""platform_pan_nav""]"
1085.689,jump_input_released,154.525466918945,568.549682617188,180.0,74.0740737915039,Jump,released
1085.905,platform_landed,196.525466918945,638.933166503906,180.0,0.0,land_on_platform,platform_scene-1/Tile Map/10_36_layer_Tile Map_tile_10_36_source_1_atlas_2_0
1085.905,landed,196.525466918945,638.933166503906,180.0,0.0,land,surface_wood_impact_1.11111120605469
1085.913,sonification,196.525466918945,638.933166503906,180.0,0.0,osc_received,"value_[1, ""leadr-mel""]"
1086.572,move_left_pressed,222.358810424805,638.933166503906,-33.3333320617676,0.0,Move_Left,pressed
1087.034,move_right_pressed,191.192123413086,638.925170898438,33.3333320617676,0.0,Move_Right,pressed
1087.547,move_right_pressed,240.358810424805,638.925170898438,33.3333320617676,0.0,Move_Right,pressed
1087.831,jump_input_pressed,284.692169189453,638.925170898438,180.0,0.0,Jump,pressed
1087.831,jump_executed,284.692169189453,638.925170898438,180.0,-500.0,jump,x_284.692169189453_y_638.925170898438
1088.033,jump_peak_reached,320.693939208984,570.685302734375,180.0,74.0740737915039,jump_peak,x_320.693939208984_y_570.685302734375
1088.248,platform_landed,362.693939208984,638.92529296875,180.0,0.0,land_on_platform,platform_scene-1/Tile Map/20_36_layer_Tile Map_tile_20_36_source_1_atlas_2_0
1088.248,landed,362.693939208984,638.92529296875,180.0,0.0,land,surface_wood_impact_1.11111120605469
1088.249,sonification,362.693939208984,638.92529296875,180.0,0.0,osc_received,"value_[1, ""leadr-mel""]"
1088.298,jump_input_released,368.693939208984,638.92529296875,180.0,0.0,Jump,released
1088.833,jump_input_pressed,376.527282714844,638.92529296875,0.0,0.0,Jump,pressed
1088.833,jump_executed,376.527282714844,638.92529296875,0.0,-500.0,jump,x_376.527282714844_y_638.92529296875
1088.908,move_right_pressed,376.527282714844,600.697265625,15.0,-396.666595458984,Move_Right,pressed
1089.199,jump_input_released,411.027282714844,533.925048828125,96.6666641235352,-55.722110748291,Jump,released
1089.264,jump_peak_reached,412.860626220703,532.293579101562,0.0,43.8149261474609,jump_peak,x_412.860626220703_y_532.293579101562
1089.447,platform_landed,412.860626220703,584.97607421875,0.0,0.0,land_on_platform,platform_scene-1/Tile Map/22_33_layer_Tile Map_tile_22_33_source_1_atlas_1_0
1089.447,landed,412.860626220703,584.97607421875,0.0,0.0,land,surface_wood_impact_0.97651885986328
1089.448,sonification,412.860626220703,584.97607421875,0.0,0.0,osc_received,"value_[1, ""leadr-mel""]"
1089.799,move_right_pressed,412.860626220703,584.97607421875,33.3333320617676,0.0,Move_Right,pressed
1089.814,jump_input_pressed,413.416168212891,584.97607421875,66.6666641235352,0.0,Jump,pressed
1089.814,jump_executed,413.416168212891,584.97607421875,66.6666641235352,-500.0,jump,x_413.416168212891_y_584.97607421875
1090.039,jump_input_released,447.31103515625,499.343536376953,180.0,-214.166549682617,Jump,released
1090.138,jump_peak_reached,455.144378662109,494.551879882812,0.0,41.2037048339844,jump_peak,x_455.144378662109_y_494.551879882812
1090.339,platform_landed,455.144378662109,548.971618652344,0.0,0.0,land_on_platform,platform_scene-1/Tile Map/25_31_layer_Tile Map_tile_25_31_source_1_atlas_1_0
1090.339,landed,455.144378662109,548.971618652344,0.0,0.0,land,surface_wood_impact_0.97129644775391
1090.339,sonification,455.144378662109,548.971618652344,0.0,0.0,osc_received,"value_[1, ""leadr-mel""]"
1090.466,move_right_pressed,455.144378662109,548.971618652344,33.3333320617676,0.0,Move_Right,pressed
1090.565,coin_collected,466.477691650391,548.971618652344,180.0,0.0,collect_coin,coin_coin_score_2
1090.566,sonification,469.477691650391,548.971618652344,180.0,0.0,osc_received,"value_[1, ""coins-with-pitch""]"
1091.081,move_right_pressed,486.31103515625,548.93017578125,33.3333320617676,0.0,Move_Right,pressed
1091.081,jump_input_pressed,486.31103515625,548.93017578125,33.3333320617676,0.0,Jump,pressed
1091.081,jump_executed,486.31103515625,548.93017578125,33.3333320617676,-500.0,jump,x_486.31103515625_y_548.93017578125
1091.43,jump_input_released,533.925170898438,445.20166015625,15.0,-75.3332214355469,Jump,released
1091.514,jump_peak_reached,533.925231933594,442.396118164062,0.0,45.0371475219727,jump_peak,x_533.925231933594_y_442.396118164062
1091.714,platform_landed,533.925231933594,494.98046875,0.0,0.0,land_on_platform,platform_scene-1/Tile Map/29_28_layer_Tile Map_tile_29_28_source_1_atlas_2_0
1091.714,landed,533.925231933594,494.98046875,0.0,0.0,land,surface_wood_impact_0.97896331787109
1091.722,sonification,533.925231933594,494.98046875,0.0,0.0,osc_received,"value_[1, ""leadr-mel""]"
1091.723,musicking,533.925231933594,494.98046875,0.0,0.0,osc_received,"value_[1, ""platform_pan_nav""]"
1091.965,move_right_pressed,533.925231933594,494.98046875,33.3333320617676,0.0,Move_Right,pressed
1092.266,platform_landed,587.270324707031,513.933288574219,180.0,0.0,land_on_platform,platform_scene-1/Tile Map/32_29_layer_Tile Map_tile_32_29_source_1_atlas_18_0
1092.266,landed,587.270324707031,513.933288574219,180.0,0.0,land,surface_wood_impact_0.59259259033203
1092.267,sonification,587.270324707031,513.933288574219,180.0,0.0,osc_received,"value_[1, ""leadr-mel""]"
1092.267,musicking,587.270324707031,513.933288574219,180.0,0.0,osc_received,"value_[1, ""leaves""]"
1092.632,platform_landed,619.12939453125,549.979431152344,0.0,0.0,land_on_platform,platform_scene-1/Tile Map/34_31_layer_Tile Map_tile_34_31_source_1_atlas_18_0
1092.632,landed,619.12939453125,549.979431152344,0.0,0.0,land,surface_wood_impact_0.81481488037109
1092.633,sonification,619.12939453125,549.979431152344,0.0,0.0,osc_received,"value_[1, ""leadr-mel""]"
1092.633,musicking,619.12939453125,549.979431152344,0.0,0.0,osc_received,"value_[1, ""leaves""]"
1092.867,move_right_pressed,619.12939453125,549.979431152344,33.3333320617676,0.0,Move_Right,pressed
1093.033,jump_input_pressed,642.462707519531,549.93115234375,180.0,0.0,Jump,pressed
1093.033,jump_executed,642.462707519531,549.93115234375,180.0,-500.0,jump,x_642.462707519531_y_549.93115234375
1093.231,jump_input_released,678.464721679688,472.505249023438,180.0,-254.333206176758,Jump,released
1093.331,jump_peak_reached,696.464721679688,467.713592529297,180.0,41.2037048339844,jump_peak,x_696.464721679688_y_467.713592529297
1093.699,platform_landed,728.298034667969,638.99853515625,0.0,0.0,land_on_platform,platform_scene-1/Tile Map/40_36_layer_Tile Map_tile_40_36_source_1_atlas_13_0
1093.699,landed,728.298034667969,638.99853515625,0.0,0.0,land,surface_wood_impact_1.71203735351563
1093.7,sonification,728.298034667969,638.99853515625,0.0,0.0,osc_received,"value_[1, ""leadr-mel""]"
1094.114,move_right_pressed,728.298034667969,638.99853515625,33.3333320617676,0.0,Move_Right,pressed
1094.115,sonification,728.853576660156,638.99853515625,33.3333320617676,0.0,osc_received,"value_[1, ""mushrooms""]"
1094.566,sonification,798.464660644531,638.933654785156,0.0,0.0,osc_received,"value_[1, ""mushrooms""]"
1094.8,move_left_pressed,798.464660644531,638.933654785156,-33.3333320617676,0.0,Move_Left,pressed
1094.806,sonification,797.909118652344,638.933654785156,-33.3333320617676,0.0,osc_received,"value_[1, ""mushrooms""]"
1095.747,sonification,628.121398925781,638.925231933594,-180.0,0.0,osc_received,"value_[1, ""mushrooms""]"
1096.168,jump_input_pressed,559.121398925781,638.925231933594,-180.0,0.0,Jump,pressed
1096.168,jump_executed,559.121398925781,638.925231933594,-180.0,-500.0,jump,x_559.121398925781_y_638.925231933594
1096.196,jump_peak_reached,556.121032714844,630.590026855469,-180.0,-479.222198486328,jump_peak,x_556.121032714844_y_630.590026855469
1096.622,jump_input_released,479.509918212891,532.759216308594,-13.3333311080933,76.8519668579102,Jump,released
1096.706,platform_landed,479.287689208984,548.995666503906,0.0,0.0,land_on_platform,platform_scene-1/Tile Map/26_31_layer_Tile Map_tile_26_31_source_1_atlas_2_0
1096.706,landed,479.287689208984,548.995666503906,0.0,0.0,land,surface_wood_impact_0.52407427978516
1096.713,sonification,479.287689208984,548.995666503906,0.0,0.0,osc_received,"value_[1, ""leadr-mel""]"
1096.873,move_right_pressed,479.287689208984,548.995666503906,33.3333320617676,0.0,Move_Right,pressed
1096.897,jump_input_pressed,479.843231201172,548.995666503906,66.6666641235352,0.0,Jump,pressed
1096.897,jump_executed,479.843231201172,548.995666503906,66.6666641235352,-500.0,jump,x_479.843231201172_y_548.995666503906
1097.197,jump_input_released,528.740356445312,448.744567871094,96.6666641235352,-114.722114562988,Jump,released
1097.289,jump_peak_reached,530.573669433594,443.952911376953,0.0,41.2037048339844,jump_peak,x_530.573669433594_y_443.952911376953
1097.499,platform_landed,530.573669433594,494.989562988281,0.0,0.0,land_on_platform,platform_scene-1/Tile Map/29_28_layer_Tile Map_tile_29_28_source_1_atlas_2_0
1097.499,landed,530.573669433594,494.989562988281,0.0,0.0,land,surface_wood_impact_0.97129644775391
1097.5,sonification,530.573669433594,494.989562988281,0.0,0.0,osc_received,"value_[1, ""leadr-mel""]"
1097.881,jump_input_pressed,530.573669433594,494.989562988281,0.0,0.0,Jump,pressed
1097.881,jump_executed,530.573669433594,494.989562988281,0.0,-500.0,jump,x_530.573669433594_y_494.989562988281
1098.102,move_right_pressed,530.573669433594,413.261199951172,15.0,-234.222106933594,Move_Right,pressed
1098.281,jump_input_released,547.073669433594,388.358459472656,81.6666641235352,-16.6665554046631,Jump,released
1098.313,jump_peak_reached,548.434753417969,388.150146484375,0.0,41.2038154602051,jump_peak,x_548.434753417969_y_388.150146484375
1098.481,platform_landed,548.434753417969,422.982788085938,0.0,0.0,land_on_platform,platform_scene-1/Tile Map/30_24_layer_Tile Map_tile_30_24_source_1_atlas_1_0
1098.481,landed,548.434753417969,422.982788085938,0.0,0.0,land,surface_wood_impact_0.8231484375
1098.482,sonification,548.434753417969,422.982788085938,0.0,0.0,osc_received,"value_[1, ""leadr-mel""]"
1098.5,musicking,548.434753417969,422.982788085938,0.0,0.0,osc_received,"value_[1, ""platform_pan_nav""]"
1098.698,jump_input_pressed,548.434753417969,422.982788085938,0.0,0.0,Jump,pressed
1098.699,jump_executed,548.434753417969,422.982788085938,0.0,-500.0,jump,x_548.434753417969_y_422.982788085938
1098.767,move_left_pressed,548.434753417969,391.663116455078,-15.0,-417.22216796875,Move_Left,pressed
1099.146,jump_peak_reached,498.934753417969,316.102966308594,-180.0,39.8149261474609,jump_peak,x_498.934753417969_y_316.102966308594
1099.181,jump_input_released,492.934753417969,318.047393798828,-180.0,113.889007568359,Jump,released
1099.399,platform_landed,453.934753417969,386.932861328125,-180.0,0.0,land_on_platform,platform_scene-1/Tile Map/25_22_layer_Tile Map_tile_25_22_source_1_atlas_3_0
1099.399,landed,453.934753417969,386.932861328125,-180.0,0.0,land,surface_wood_impact_1.1166669921875
1099.4,sonification,453.934753417969,386.932861328125,-180.0,0.0,osc_received,"value_[1, ""leadr-mel""]"
1099.405,coin_collected,453.934753417969,386.932861328125,-180.0,0.0,collect_coin,coin_coin2_score_4
1099.406,sonification,450.934753417969,386.932861328125,-180.0,0.0,osc_received,"value_[1, ""coins-with-pitch""]"
1099.999,move_left_pressed,422.101409912109,386.925140380859,-33.3333320617676,0.0,Move_Left,pressed
1099.999,jump_input_pressed,422.101409912109,386.925140380859,-33.3333320617676,0.0,Jump,pressed
1100.0,jump_executed,422.101409912109,386.925140380859,-33.3333320617676,-500.0,jump,x_422.101409912109_y_386.925140380859
1100.1,jump_input_released,419.57470703125,342.081604003906,-75.0,-376.166595458984,Jump,released
1100.188,jump_peak_reached,416.713592529297,337.289947509766,0.0,41.2037048339844,jump_peak,x_416.713592529297_y_337.289947509766
1100.335,platform_landed,416.713592529297,369.204040527344,0.0,0.0,land_on_platform,platform_scene-1/Tile Map/22_21_layer_Tile Map_tile_22_21_source_1_atlas_3_0
1100.335,landed,416.713592529297,369.204040527344,0.0,0.0,land,surface_wood_impact_0.74907415771484
1100.335,sonification,416.713592529297,369.204040527344,0.0,0.0,osc_received,"value_[1, ""leadr-mel""]"
1100.448,move_left_pressed,416.713592529297,369.204040527344,-33.3333320617676,0.0,Move_Left,pressed
1100.833,move_left_pressed,397.58203125,368.930816650391,-33.3333320617676,0.0,Move_Left,pressed
1100.907,jump_input_pressed,389.248718261719,368.930816650391,-180.0,0.0,Jump,pressed
1100.907,jump_executed,389.248718261719,368.930816650391,-180.0,-500.0,jump,x_389.248718261719_y_368.930816650391
1101.131,jump_peak_reached,352.594329833984,293.570159912109,-81.8724517822266,96.4140396118164,jump_peak,x_352.594329833984_y_293.570159912109
1101.188,jump_input_released,345.636199951172,303.701446533203,-141.872451782227,244.56217956543,Jump,released
1101.273,platform_landed,328.803436279297,335.922698974609,-180.0,0.0,land_on_platform,platform_scene-1/Tile Map/18_19_layer_Tile Map_tile_18_19_source_1_atlas_19_3
1101.273,landed,328.803436279297,335.922698974609,-180.0,0.0,land,surface_wood_impact_0.85949481201172
1101.274,sonification,328.803436279297,335.922698974609,-180.0,0.0,osc_received,"value_[1, ""leadr-mel""]"
1101.274,musicking,328.803436279297,335.922698974609,-180.0,0.0,osc_received,"value_[1, ""leaves""]"
1101.302,musicking,326.97021484375,335.903900146484,-13.3333311080933,0.0,osc_received,"value_[1, ""platform_pan_nav""]"
1101.432,move_left_pressed,326.97021484375,335.903900146484,-33.3333320617676,0.0,Move_Left,pressed
1101.932,move_right_pressed,301.804168701172,335.97607421875,33.3333320617676,0.0,Move_Right,pressed
1101.972,jump_input_pressed,303.470825195312,335.97607421875,100.0,0.0,Jump,pressed
1101.972,jump_executed,303.470825195312,335.97607421875,100.0,-500.0,jump,x_303.470825195312_y_335.97607421875
1102.367,jump_input_released,368.221710205078,230.022277832031,96.6666641235352,-36.1665573120117,Jump,released
1102.413,jump_peak_reached,370.055053710938,229.255615234375,0.0,42.5371475219727,jump_peak,x_370.055053710938_y_229.255615234375
1102.567,platform_landed,370.055053710938,264.006713867188,0.0,0.0,land_on_platform,platform_scene-1/Tile Map/20_15_layer_Tile Map_tile_20_15_source_1_atlas_13_6
1102.567,landed,370.055053710938,264.006713867188,0.0,0.0,land,surface_wood_impact_0.75174102783203
1102.571,sonification,370.055053710938,264.006713867188,0.0,0.0,osc_received,"value_[1, ""leadr-mel""]"
1102.571,musicking,370.055053710938,264.006713867188,0.0,0.0,osc_received,"value_[1, ""water-tube""]"
1102.867,jump_input_pressed,370.055053710938,264.006713867188,0.0,0.0,Jump,pressed
1102.867,jump_executed,370.055053710938,264.006713867188,0.0,-500.0,jump,x_370.055053710938_y_264.006713867188
1103.014,move_left_pressed,370.055053710938,201.291046142578,-15.0,-314.999908447266,Move_Left,pressed
1103.266,jump_input_released,344.555053710938,157.994735717773,-180.0,-36.1665573120117,Jump,released
1103.306,jump_peak_reached,339.721710205078,157.228073120117,0.0,42.5371475219727,jump_peak,x_339.721710205078_y_157.228073120117
1103.465,platform_landed,339.721710205078,188.987609863281,0.0,0.0,land_on_platform,platform_scene-1/Tile Map/18_11_layer_Tile Map_tile_18_11_source_1_atlas_1_0
1103.466,landed,339.721710205078,188.987609863281,0.0,0.0,land,surface_wood_impact_0.75174102783203
1103.468,sonification,339.721710205078,188.987609863281,0.0,0.0,osc_received,"value_[1, ""leadr-mel""]"
1103.766,move_right_pressed,339.721710205078,188.987609863281,33.3333320617676,0.0,Move_Right,pressed
1103.873,jump_input_pressed,354.055023193359,188.932250976562,180.0,0.0,Jump,pressed
1103.873,jump_executed,354.055023193359,188.932250976562,180.0,-500.0,jump,x_354.055023193359_y_188.932250976562
1104.207,jump_input_released,417.057312011719,85.2027816772461,180.0,-75.3332214355469,Jump,released
1104.299,jump_peak_reached,432.057312011719,82.3972320556641,96.6666641235352,45.0371475219727,jump_peak,x_432.057312011719_y_82.3972320556641
1104.489,platform_landed,433.890655517578,135.045318603516,0.0,0.0,land_on_platform,platform_scene-1/Tile Map/23_8_layer_Tile Map_tile_23_8_source_1_atlas_0_0
1104.489,landed,433.890655517578,135.045318603516,0.0,0.0,land,surface_wood_impact_0.97896331787109
1104.497,sonification,433.890655517578,135.045318603516,0.0,0.0,osc_received,"value_[1, ""leadr-mel""]"
1104.572,move_right_pressed,433.890655517578,135.045318603516,33.3333320617676,0.0,Move_Right,pressed
1104.697,coin_collected,447.696136474609,140.1533203125,178.33332824707,111.111114501953,collect_coin,coin_coin5_score_6
1104.699,sonification,450.696136474609,142.622451782227,180.0,148.148147583008,osc_received,"value_[1, ""coins-with-pitch""]"
1104.739,platform_landed,459.696166992188,152.933349609375,180.0,0.0,land_on_platform,platform_scene-1/Tile Map/25_9_layer_Tile Map_tile_25_9_source_1_atlas_2_0
1104.74,landed,459.696166992188,152.933349609375,180.0,0.0,land,surface_wood_impact_0.51851849365234
1104.747,sonification,459.696166992188,152.933349609375,180.0,0.0,osc_received,"value_[1, ""leadr-mel""]"
1105.115,move_right_pressed,464.529510498047,152.933349609375,33.3333320617676,0.0,Move_Right,pressed
1105.573,move_right_pressed,479.925262451172,152.933776855469,33.3333320617676,0.0,Move_Right,pressed
1105.598,jump_input_pressed,479.925262451172,152.933776855469,33.3333320617676,0.0,Jump,pressed
1105.598,jump_executed,479.925262451172,152.933776855469,33.3333320617676,-500.0,jump,x_479.925262451172_y_152.933776855469
1105.697,jump_input_released,480.67529296875,108.090270996094,0.0,-376.166595458984,Jump,released
1105.797,jump_peak_reached,480.67529296875,103.298606872559,0.0,41.2037048339844,jump_peak,x_480.67529296875_y_103.298606872559
1105.973,move_right_pressed,478.375305175781,143.717956542969,15.0,448.611175537109,Move_Right,pressed
1105.998,platform_landed,479.125305175781,152.93293762207,30.0,0.0,land_on_platform,platform_scene-1/Tile Map/26_9_layer_Tile Map_tile_26_9_source_1_atlas_3_0
1105.998,landed,479.125305175781,152.93293762207,30.0,0.0,land,surface_wood_impact_0.97129644775391
1105.999,sonification,479.125305175781,152.93293762207,30.0,0.0,osc_received,"value_[1, ""leadr-mel""]"
1106.368,jump_input_pressed,479.925231933594,152.93376159668,0.0,0.0,Jump,pressed
1106.368,jump_executed,479.925231933594,152.93376159668,0.0,-500.0,jump,x_479.925231933594_y_152.93376159668
1106.38,move_right_pressed,479.924041748047,144.599502563477,15.0,-479.222198486328,Move_Right,pressed
1106.498,jump_input_released,485.175262451172,95.8782043457031,6.66666650772095,-335.333251953125,Jump,released
1106.589,jump_peak_reached,485.286376953125,91.086540222168,0.0,41.2037048339844,jump_peak,x_485.286376953125_y_91.086540222168
1106.772,platform_landed,485.286376953125,135.190551757812,0.0,0.0,land_on_platform,platform_scene-1/Tile Map/27_8_layer_Tile Map_tile_27_8_source_1_atlas_0_0
1106.772,landed,485.286376953125,135.190551757812,0.0,0.0,land,surface_wood_impact_0.89722235107422
1106.773,sonification,485.286376953125,135.190551757812,0.0,0.0,osc_received,"value_[1, ""leadr-mel""]"
1106.865,move_right_pressed,485.286376953125,135.190551757812,33.3333320617676,0.0,Move_Right,pressed
1107.365,jump_input_pressed,494.976135253906,134.930603027344,0.0,0.0,Jump,pressed
1107.365,jump_executed,494.976135253906,134.930603027344,0.0,-500.0,jump,x_494.976135253906_y_134.930603027344
1107.566,move_right_pressed,494.976135253906,57.5044784545898,15.0,-254.333206176758,Move_Right,pressed
1107.773,jump_input_released,517.476135253906,28.0498752593994,180.0,2.77788853645325,Jump,released
1107.781,jump_peak_reached,520.476135253906,28.0961742401123,180.0,39.8149261474609,jump_peak,x_520.476135253906_y_28.0961742401123
1107.981,platform_landed,540.309448242188,80.9930419921875,0.0,0.0,land_on_platform,platform_scene-1/Tile Map/29_5_layer_Tile Map_tile_29_5_source_1_atlas_2_0
1107.981,landed,540.309448242188,80.9930419921875,0.0,0.0,land,surface_wood_impact_0.96851885986328
1107.982,sonification,540.309448242188,80.9930419921875,0.0,0.0,osc_received,"value_[1, ""leadr-mel""]"
1108.014,musicking,540.309448242188,80.9930419921875,0.0,0.0,osc_received,"value_[1, ""platform_pan_nav""]"
1109.167,move_left_pressed,540.309448242188,80.9930419921875,-33.3333320617676,0.0,Move_Left,pressed
1109.68,platform_landed,473.115539550781,152.97200012207,0.0,0.0,land_on_platform,platform_scene-1/Tile Map/26_9_layer_Tile Map_tile_26_9_source_1_atlas_3_0
1109.68,landed,473.115539550781,152.97200012207,0.0,0.0,land,surface_wood_impact_1.11111120605469
1109.698,sonification,473.115539550781,152.97200012207,0.0,0.0,osc_received,"value_[1, ""leadr-mel""]"
1109.867,move_left_pressed,473.115539550781,152.97200012207,-33.3333320617676,0.0,Move_Left,pressed
1109.981,jump_input_pressed,458.7822265625,152.97200012207,-180.0,0.0,Jump,pressed
1109.981,jump_executed,458.7822265625,152.97200012207,-180.0,-500.0,jump,x_458.7822265625_y_152.97200012207
1110.081,jump_input_released,440.768920898438,108.091499328613,-180.0,-376.166595458984,Jump,released
1110.18,jump_peak_reached,435.935577392578,103.299835205078,0.0,41.2037048339844,jump_peak,x_435.935577392578_y_103.299835205078
1110.334,platform_landed,435.935577392578,135.628433227539,0.0,0.0,land_on_platform,platform_scene-1/Tile Map/23_8_layer_Tile Map_tile_23_8_source_1_atlas_0_0
1110.334,landed,435.935577392578,135.628433227539,0.0,0.0,land,surface_wood_impact_0.74907415771484
1110.338,sonification,435.935577392578,135.628433227539,0.0,0.0,osc_received,"value_[1, ""leadr-mel""]"
1110.447,move_left_pressed,435.935577392578,135.628433227539,-33.3333320617676,0.0,Move_Left,pressed
1110.967,move_left_pressed,422.984588623047,134.993713378906,-33.3333320617676,0.0,Move_Left,pressed
1111.014,jump_input_pressed,419.651275634766,134.993713378906,-133.33332824707,0.0,Jump,pressed
1111.014,jump_executed,419.651275634766,134.993713378906,-133.33332824707,-500.0,jump,x_419.651275634766_y_134.993713378906
1111.447,jump_peak_reached,343.247253417969,28.1083889007568,-180.0,39.8149261474609,jump_peak,x_343.247253417969_y_28.1083889007568
1111.515,jump_input_released,331.247253417969,34.466423034668,-180.0,187.963073730469,Jump,released
1111.648,platform_landed,320.413909912109,80.9737319946289,0.0,0.0,land_on_platform,platform_scene-1/Tile Map/17_5_layer_Tile Map_tile_17_5_source_1_atlas_13_0
1111.648,landed,320.413909912109,80.9737319946289,0.0,0.0,land,surface_wood_impact_0.96851885986328
1111.648,sonification,320.413909912109,80.9737319946289,0.0,0.0,osc_received,"value_[1, ""leadr-mel""]"
1111.747,move_left_pressed,320.413909912109,80.9737319946289,-33.3333320617676,0.0,Move_Left,pressed
1111.764,sonification,319.858367919922,80.9737319946289,-33.3333320617676,0.0,osc_received,"value_[1, ""mushrooms""]"
1113.38,sonification,34.2472648620605,80.9737319946289,0.0,0.0,osc_received,"value_[1, ""mushrooms""]"
1113.681,jump_input_pressed,34.2472648620605,80.9737319946289,0.0,0.0,Jump,pressed
1113.681,jump_executed,34.2472648620605,80.9737319946289,0.0,-500.0,jump,x_34.2472648620605_y_80.9737319946289
1114.114,jump_peak_reached,34.2472648620605,-25.8982257843018,0.0,39.8149261474609,jump_peak,x_34.2472648620605_y_-25.8982257843018
1114.331,jump_input_released,34.2472648620605,30.8764953613281,0.0,521.296447753906,Jump,released
1114.407,platform_landed,34.2472648620605,80.9851531982422,0.0,0.0,land_on_platform,platform_scene-1/Tile Map/1_5_layer_Tile Map_tile_1_5_source_1_atlas_12_0
1114.407,landed,34.2472648620605,80.9851531982422,0.0,0.0,land,surface_wood_impact_1.41296337890625
1114.408,sonification,34.2472648620605,80.9851531982422,0.0,0.0,osc_received,"value_[1, ""leadr-mel""]"
1114.633,move_right_pressed,34.2472648620605,80.9851531982422,33.3333320617676,0.0,Move_Right,pressed
1114.635,sonification,34.8028221130371,80.9851531982422,33.3333320617676,0.0,osc_received,"value_[1, ""mushrooms""]"
1114.933,jump_input_pressed,84.5806045532227,80.9319229125977,180.0,0.0,Jump,pressed
1114.933,jump_executed,84.5806045532227,80.9319229125977,180.0,-500.0,jump,x_84.5806045532227_y_80.9319229125977
1114.934,sonification,87.5828018188477,72.5915603637695,180.0,-500.055541992188,osc_received,"value_[1, ""mushrooms""]"
1115.367,jump_peak_reached,162.582809448242,-25.9028491973877,180.0,39.8149261474609,jump_peak,x_162.582809448242_y_-25.9028491973877
1115.665,platform_landed,219.580368041992,80.9269485473633,180.0,0.0,land_on_platform,platform_scene-1/Tile Map/12_5_layer_Tile Map_tile_12_5_source_1_atlas_13_0
1115.665,landed,219.580368041992,80.9269485473633,180.0,0.0,land,surface_wood_impact_1.41296337890625
1115.673,sonification,219.580368041992,80.9269485473633,180.0,0.0,osc_received,"value_[1, ""leadr-mel""]"
1115.673,sonification,219.580368041992,80.9269485473633,180.0,0.0,osc_received,"value_[1, ""mushrooms""]"
1115.748,jump_input_released,231.580368041992,80.9269485473633,180.0,0.0,Jump,released
1115.906,jump_input_pressed,261.580383300781,80.9269485473633,180.0,0.0,Jump,pressed
1115.906,jump_executed,261.580383300781,80.9269485473633,180.0,-500.0,jump,x_261.580383300781_y_80.9269485473633
1115.906,sonification,264.581207275391,72.5904159545898,180.0,-500.055541992188,osc_received,"value_[1, ""mushrooms""]"
1116.331,jump_peak_reached,305.41455078125,-25.9039936065674,0.0,39.8149261474609,jump_peak,x_305.41455078125_y_-25.9039936065674
1116.631,platform_landed,305.41455078125,80.9793853759766,0.0,0.0,land_on_platform,platform_scene-1/Tile Map/16_5_layer_Tile Map_tile_16_5_source_1_atlas_13_0
1116.631,landed,305.41455078125,80.9793853759766,0.0,0.0,land,surface_wood_impact_1.41296337890625
1116.639,sonification,305.41455078125,80.9793853759766,0.0,0.0,osc_received,"value_[1, ""leadr-mel""]"
1116.682,jump_input_released,305.41455078125,80.9793853759766,0.0,0.0,Jump,released
1116.866,move_right_pressed,305.41455078125,80.9793853759766,33.3333320617676,0.0,Move_Right,pressed
1116.872,sonification,305.970092773438,80.9793853759766,33.3333320617676,0.0,osc_received,"value_[1, ""mushrooms""]"
1117.114,jump_input_pressed,343.747863769531,80.9311828613281,180.0,0.0,Jump,pressed
1117.114,jump_executed,343.747863769531,80.9311828613281,180.0,-500.0,jump,x_343.747863769531_y_80.9311828613281
1117.132,sonification,346.749847412109,72.5913925170898,180.0,-500.055541992188,osc_received,"value_[1, ""mushrooms""]"
1117.565,jump_peak_reached,421.749847412109,-25.9030170440674,180.0,39.8149261474609,jump_peak,x_421.749847412109_y_-25.9030170440674
1117.647,jump_input_released,432.583190917969,-16.4122676849365,0.0,225.000106811523,Jump,released
1117.666,platform_landed,432.583190917969,-9.00295829772949,0.0,0.0,land_on_platform,platform_scene-1/Tile Map/23_0_layer_Tile Map_tile_23_0_source_1_atlas_13_7
1117.666,landed,432.583190917969,-9.00295829772949,0.0,0.0,land,surface_wood_impact_0.52407427978516
1117.667,musicking,432.583190917969,-9.00295829772949,0.0,0.0,osc_received,"value_[1, ""cloud""]"
1117.681,musicking,432.583190917969,-9.00295829772949,0.0,0.0,osc_received,"value_[1, ""platform_pan_nav""]"
1118.3,move_right_pressed,432.583190917969,-9.00295829772949,33.3333320617676,0.0,Move_Right,pressed
1118.5,jump_input_pressed,461.917236328125,-9.07518672943115,180.0,0.0,Jump,pressed
1118.5,jump_executed,461.917236328125,-9.07518672943115,180.0,-500.0,jump,x_461.917236328125_y_-9.07518672943115
1118.714,jump_peak_reached,500.918609619141,-82.3132095336914,180.0,74.0740737915039,jump_peak,x_500.918609619141_y_-82.3132095336914
1119.105,jump_input_released,572.918579101562,117.686820983887,96.6666641235352,962.963134765625,Jump,released
1119.165,platform_landed,574.751892089844,170.903457641602,0.0,0.0,land_on_platform,platform_scene-1/Tile Map/31_10_layer_Tile Map_tile_31_10_source_1_atlas_1_0
1119.165,landed,574.751892089844,170.903457641602,0.0,0.0,land,surface_wood_impact_2.1481484375
1119.199,musicking,574.751892089844,170.995254516602,0.0,0.0,osc_received,"value_[1, ""far-fall""]"
1119.734,move_left_pressed,574.751892089844,170.995254516602,-33.3333320617676,0.0,Move_Left,pressed
1119.839,jump_input_pressed,560.418579101562,170.995254516602,-180.0,0.0,Jump,pressed
1119.839,jump_executed,560.418579101562,170.995254516602,-180.0,-500.0,jump,x_560.418579101562_y_170.995254516602
1119.999,jump_peak_reached,533.397583007812,115.686408996582,-180.0,74.0740737915039,jump_peak,x_533.397583007812_y_115.686408996582
1120.189,jump_input_released,511.82470703125,170.606552124023,-30.0,518.5185546875,Jump,released
1120.434,platform_landed,484.979553222656,368.989135742188,0.0,0.0,land_on_platform,platform_scene-1/Tile Map/26_21_layer_Tile Map_tile_26_21_source_1_atlas_1_0
1120.434,landed,484.979553222656,368.989135742188,0.0,0.0,land,surface_wood_impact_2.1481484375
1120.923,move_right_pressed,484.979553222656,368.989135742188,33.3333320617676,0.0,Move_Right,pressed
1120.966,jump_input_pressed,486.646209716797,368.989135742188,100.0,0.0,Jump,pressed
1120.966,jump_executed,486.646209716797,368.989135742188,100.0,-500.0,jump,x_486.646209716797_y_368.989135742188
1121.173,jump_peak_reached,521.409484863281,295.684204101562,180.0,74.0740737915039,jump_peak,x_521.409484863281_y_295.684204101562
1121.366,jump_input_released,554.409484863281,343.215057373047,180.0,481.481536865234,Jump,released
1121.368,platform_landed,557.848754882812,355.218078613281,180.0,0.0,land_on_platform,platform_scene-1/Tile Map/31_20_layer_Tile Map_tile_31_20_source_1_atlas_17_3
1121.368,landed,557.848754882812,355.218078613281,180.0,0.0,land,surface_wood_impact_1.037037109375
1121.368,musicking,557.848754882812,355.218078613281,180.0,0.0,osc_received,"value_[1, ""leaves""]"
1121.873,move_right_pressed,594.784057617188,353.899780273438,33.3333320617676,0.0,Move_Right,pressed
1121.899,jump_input_pressed,595.339660644531,353.889190673828,66.6666641235352,0.0,Jump,pressed
1121.899,jump_executed,595.339660644531,353.889190673828,66.6666641235352,-500.0,jump,x_595.339660644531_y_353.889190673828
1122.105,jump_peak_reached,626.229675292969,277.686614990234,180.0,74.0740737915039,jump_peak,x_626.229675292969_y_277.686614990234
1122.265,platform_landed,656.229675292969,314.93310546875,180.0,0.0,land_on_platform,platform_scene-1/Tile Map/36_18_layer_Tile Map_tile_36_18_source_1_atlas_0_0
1122.265,landed,656.229675292969,314.93310546875,180.0,0.0,land,surface_wood_impact_0.81481488037109
1122.339,jump_input_released,668.229675292969,315.10693359375,180.0,0.0,Jump,released
1122.373,coin_collected,674.240966796875,315.724212646484,180.0,37.037036895752,collect_coin,coin_coin3_score_8
1122.374,sonification,677.240966796875,316.958770751953,180.0,74.0740737915039,osc_received,"value_[1, ""coins-with-pitch""]"
1122.473,platform_landed,685.074279785156,332.988861083984,0.0,0.0,land_on_platform,platform_scene-1/Tile Map/38_19_layer_Tile Map_tile_38_19_source_1_atlas_3_0
1122.473,landed,685.074279785156,332.988861083984,0.0,0.0,land,surface_wood_impact_0.59259259033203
1122.473,musicking,685.074279785156,332.988861083984,0.0,0.0,osc_received,"value_[1, ""platform_pan_nav""]"
1122.765,move_right_pressed,685.074279785156,332.988861083984,33.3333320617676,0.0,Move_Right,pressed
1122.789,jump_input_pressed,686.741333007812,332.931457519531,100.0,0.0,Jump,pressed
1122.789,jump_executed,686.741333007812,332.931457519531,100.0,-500.0,jump,x_686.741333007812_y_332.931457519531
1122.933,jump_input_released,705.325988769531,270.272430419922,0.0,-314.999908447266,Jump,released
1123.033,jump_peak_reached,705.325988769531,265.480773925781,0.0,41.2037048339844,jump_peak,x_705.325988769531_y_265.480773925781
1123.201,move_right_pressed,705.325988769531,300.125854492188,15.0,411.574127197266,Move_Right,pressed
1123.231,platform_landed,706.825988769531,314.932922363281,45.0,0.0,land_on_platform,platform_scene-1/Tile Map/39_18_layer_Tile Map_tile_39_18_source_1_atlas_0_0
1123.232,landed,706.825988769531,314.932922363281,45.0,0.0,land,surface_wood_impact_0.97129644775391
1123.531,jump_input_pressed,723.2333984375,315.288391113281,0.0,0.0,Jump,pressed
1123.531,jump_executed,723.2333984375,315.288391113281,0.0,-500.0,jump,x_723.2333984375_y_315.288391113281
1123.547,move_right_pressed,723.2333984375,306.952026367188,15.0,-479.222198486328,Move_Right,pressed
1123.731,jump_input_released,739.7333984375,237.86589050293,180.0,-254.333206176758,Jump,released
1123.781,move_right_pressed,744.566711425781,233.90754699707,28.3333320617676,-37.5,Move_Right,pressed
1123.832,jump_peak_reached,746.7333984375,233.07421875,73.3333282470703,41.2037048339844,jump_peak,x_746.7333984375_y_233.07421875
1124.407,platform_landed,751.4833984375,638.935546875,0.0,0.0,land_on_platform,platform_scene-1/Tile Map/41_36_layer_Tile Map_tile_41_36_source_1_atlas_12_0
1124.407,landed,751.4833984375,638.935546875,0.0,0.0,land,surface_wood_impact_2.67499951171875
1124.439,musicking,751.4833984375,638.935546875,0.0,0.0,osc_received,"value_[1, ""far-fall""]"
1124.848,move_right_pressed,751.4833984375,638.935546875,33.3333320617676,0.0,Move_Right,pressed
1124.848,sonification,752.038940429688,638.935546875,33.3333320617676,0.0,osc_received,"value_[1, ""mushrooms""]"
1124.898,jump_input_pressed,754.816711425781,638.935546875,133.33332824707,0.0,Jump,pressed
1124.899,jump_executed,754.816711425781,638.935546875,133.33332824707,-500.0,jump,x_754.816711425781_y_638.935546875
1124.905,sonification,757.041442871094,630.591857910156,133.33332824707,-500.055541992188,osc_received,"value_[1, ""mushrooms""]"
1124.913,jump_peak_reached,757.041442871094,630.591857910156,148.33332824707,-479.222198486328,jump_peak,x_757.041442871094_y_630.591857910156
1125.414,jump_input_released,820.425231933594,541.588317871094,180.0,225.000106811523,Jump,released
1125.434,platform_landed,826.425231933594,548.933654785156,180.0,0.0,land_on_platform,platform_scene-1/Tile Map/45_31_layer_Tile Map_tile_45_31_source_1_atlas_12_0
1125.434,landed,826.425231933594,548.933654785156,180.0,0.0,land,surface_wood_impact_0.52407427978516
1125.435,sonification,826.425231933594,548.933654785156,180.0,0.0,osc_received,"value_[1, ""mushrooms""]"
1125.516,sonification,834.258544921875,548.933654785156,0.0,0.0,osc_received,"value_[1, ""mushrooms""]"
1125.747,move_right_pressed,834.258544921875,548.933654785156,33.3333320617676,0.0,Move_Right,pressed
1125.748,sonification,834.814086914062,548.933654785156,33.3333320617676,0.0,osc_received,"value_[1, ""mushrooms""]"
1125.781,jump_input_pressed,835.925170898438,548.933654785156,100.0,0.0,Jump,pressed
1125.781,jump_executed,835.925170898438,548.933654785156,100.0,-500.0,jump,x_835.925170898438_y_548.933654785156
1125.782,sonification,837.593444824219,540.59130859375,100.0,-500.055541992188,osc_received,"value_[1, ""mushrooms""]"
1126.214,jump_peak_reached,909.676879882812,442.096893310547,180.0,39.8149261474609,jump_peak,x_909.676879882812_y_442.096893310547
1126.281,jump_input_released,921.676879882812,448.454925537109,96.6666641235352,187.963073730469,Jump,released
1126.314,platform_landed,923.510192871094,458.996948242188,0.0,0.0,land_on_platform,platform_scene-1/Tile Map/51_26_layer_Tile Map_tile_51_26_source_1_atlas_15_0
1126.314,landed,923.510192871094,458.996948242188,0.0,0.0,land,surface_wood_impact_0.52407427978516
1126.64,move_right_pressed,923.510192871094,458.996948242188,33.3333320617676,0.0,Move_Right,pressed
1126.641,sonification,924.065734863281,458.996948242188,33.3333320617676,0.0,osc_received,"value_[1, ""mushrooms""]"
1126.655,jump_input_pressed,924.065734863281,458.996948242188,66.6666641235352,0.0,Jump,pressed
1126.656,jump_executed,924.065734863281,458.996948242188,66.6666641235352,-500.0,jump,x_924.065734863281_y_458.996948242188
1126.656,sonification,925.185180664062,450.600311279297,66.6666641235352,-500.055541992188,osc_received,"value_[1, ""mushrooms""]"
1127.072,coin_collected,990.962768554688,352.059600830078,180.0,-18.0554447174072,collect_coin,coin_coin26_score_10
1127.081,sonification,993.962768554688,352.105895996094,180.0,2.77788853645325,osc_received,"value_[1, ""coins-with-pitch""]"
1127.089,jump_peak_reached,993.962768554688,352.105895996094,96.6666641235352,39.8149261474609,jump_peak,x_993.962768554688_y_352.105895996094
1127.131,jump_input_released,995.796081542969,354.050323486328,0.0,113.889007568359,Jump,released
1127.197,platform_landed,995.796081542969,368.980377197266,0.0,0.0,land_on_platform,platform_scene-1/Tile Map/55_21_layer_Tile Map_tile_55_21_source_1_atlas_13_0
1127.197,landed,995.796081542969,368.980377197266,0.0,0.0,land,surface_wood_impact_0.52407427978516
1127.432,move_left_pressed,995.796081542969,368.980377197266,-33.3333320617676,0.0,Move_Left,pressed
1127.433,sonification,995.240539550781,368.980377197266,-33.3333320617676,0.0,osc_received,"value_[1, ""mushrooms""]"
1127.531,jump_input_pressed,984.462768554688,368.931304931641,-180.0,0.0,Jump,pressed
1127.532,jump_executed,984.462768554688,368.931304931641,-180.0,-500.0,jump,x_984.462768554688_y_368.931304931641
1127.532,sonification,981.460754394531,360.591430664062,-180.0,-500.055541992188,osc_received,"value_[1, ""mushrooms""]"
1127.932,jump_input_released,925.862243652344,262.365631103516,-92.0056991577148,-16.6665554046631,Jump,released
1127.947,jump_peak_reached,924.184265136719,262.157318115234,0.0,41.2038154602051,jump_peak,x_924.184265136719_y_262.157318115234
1128.048,platform_landed,924.184265136719,278.984130859375,0.0,0.0,land_on_platform,platform_scene-1/Tile Map/51_16_layer_Tile Map_tile_51_16_source_1_atlas_15_0
1128.048,landed,924.184265136719,278.984130859375,0.0,0.0,land,surface_wood_impact_0.52685205078125
1128.281,move_right_pressed,924.184265136719,278.984130859375,33.3333320617676,0.0,Move_Right,pressed
1128.281,jump_input_pressed,924.184265136719,278.984130859375,33.3333320617676,0.0,Jump,pressed
1128.281,jump_executed,924.184265136719,278.984130859375,33.3333320617676,-500.0,jump,x_924.184265136719_y_278.984130859375
1128.731,jump_peak_reached,967.425231933594,172.103363037109,180.0,39.8149261474609,jump_peak,x_967.425231933594_y_172.103363037109
1128.739,coin_collected,970.425231933594,172.766952514648,180.0,39.8149261474609,collect_coin,coin_coin27_score_12
1128.74,sonification,973.425231933594,174.047821044922,180.0,76.8519668579102,osc_received,"value_[1, ""coins-with-pitch""]"
1128.805,jump_input_released,982.425231933594,181.594116210938,96.6666641235352,225.000106811523,Jump,released
1128.832,platform_landed,984.258483886719,188.933624267578,13.3333311080933,0.0,land_on_platform,platform_scene-1/Tile Map/54_11_layer_Tile Map_tile_54_11_source_1_atlas_13_0
1128.832,landed,984.258483886719,188.933624267578,13.3333311080933,0.0,land,surface_wood_impact_0.52407427978516
1128.834,sonification,984.258483886719,188.933624267578,13.3333311080933,0.0,osc_received,"value_[1, ""mushrooms""]"
1128.847,sonification,984.258483886719,188.933624267578,0.0,0.0,osc_received,"value_[1, ""mushrooms""]"
1129.064,move_left_pressed,984.258483886719,188.933624267578,-33.3333320617676,0.0,Move_Left,pressed
1129.065,sonification,983.702941894531,188.933624267578,-33.3333320617676,0.0,osc_received,"value_[1, ""mushrooms""]"
1129.232,jump_input_pressed,960.925170898438,188.925247192383,-180.0,0.0,Jump,pressed
1129.232,jump_executed,960.925170898438,188.925247192383,-180.0,-500.0,jump,x_960.925170898438_y_188.925247192383
1129.233,sonification,957.9248046875,180.59001159668,-180.0,-500.055541992188,osc_received,"value_[1, ""mushrooms""]"
1129.647,jump_peak_reached,882.9248046875,82.0956115722656,-180.0,39.8149261474609,jump_peak,x_882.9248046875_y_82.0956115722656
1129.666,jump_input_released,879.9248046875,82.7591934204102,-180.0,76.8519668579102,Jump,released
1129.815,platform_landed,869.091491699219,116.976547241211,0.0,0.0,land_on_platform,platform_scene-1/Tile Map/48_7_layer_Tile Map_tile_48_7_source_1_atlas_13_0
1129.815,landed,869.091491699219,116.976547241211,0.0,0.0,land,surface_wood_impact_0.82037066650391
1129.999,jump_input_pressed,869.091491699219,116.976547241211,0.0,0.0,Jump,pressed
1129.999,jump_executed,869.091491699219,116.976547241211,0.0,-500.0,jump,x_869.091491699219_y_116.976547241211
1130.19,move_left_pressed,869.091491699219,39.5104331970215,-15.0,-254.333206176758,Move_Left,pressed
1130.413,jump_peak_reached,843.591491699219,10.1021251678467,-180.0,39.8149261474609,jump_peak,x_843.591491699219_y_10.1021251678467
1130.581,platform_landed,810.591491699219,44.933048248291,-180.0,0.0,land_on_platform,platform_scene-1/Tile Map/44_3_layer_Tile Map_tile_44_3_source_1_atlas_13_0
1130.581,landed,810.591491699219,44.933048248291,-180.0,0.0,land,surface_wood_impact_0.82037066650391
1130.581,sonification,810.591491699219,44.933048248291,-180.0,0.0,osc_received,"value_[1, ""mushrooms""]"
1130.601,musicking,807.591491699219,44.933048248291,-180.0,0.0,osc_received,"value_[1, ""platform_pan_nav""]"
1130.68,jump_input_released,795.591491699219,44.933048248291,-180.0,0.0,Jump,released
1130.998,jump_input_pressed,738.591491699219,44.933048248291,-180.0,0.0,Jump,pressed
1130.999,jump_executed,738.591491699219,44.933048248291,-180.0,-500.0,jump,x_738.591491699219_y_44.933048248291
1130.999,sonification,735.588989257812,36.5918121337891,-180.0,-500.055541992188,osc_received,"value_[1, ""mushrooms""]"
1131.355,jump_input_released,676.755676269531,-60.0729675292969,0.0,-55.722110748291,Jump,released
1131.432,jump_peak_reached,676.755676269531,-61.7044410705566,0.0,43.8149261474609,jump_peak,x_676.755676269531_y_-61.7044410705566
1131.573,platform_landed,676.755676269531,-27.0170345306396,0.0,0.0,land_on_platform,platform_scene-1/Tile Map/37_-1_layer_Tile Map_tile_37_-1_source_1_atlas_15_7
1131.573,landed,676.755676269531,-27.0170345306396,0.0,0.0,land,surface_wood_impact_0.75429656982422
1131.58,sonification,676.755676269531,-27.0170345306396,0.0,0.0,osc_received,"value_[1, ""leadr-mel""]"
1131.581,musicking,676.755676269531,-27.0170345306396,0.0,0.0,osc_received,"value_[1, ""cloud""]"
1131.732,move_left_pressed,676.755676269531,-27.0170345306396,-33.3333320617676,0.0,Move_Left,pressed
1131.803,jump_input_pressed,668.42236328125,-27.0170345306396,-180.0,0.0,Jump,pressed
1131.803,jump_executed,668.42236328125,-27.0170345306396,-180.0,-500.0,jump,x_668.42236328125_y_-27.0170345306396
1132.148,jump_input_released,605.406005859375,-130.785598754883,-180.0,-75.3332214355469,Jump,released
1132.232,jump_peak_reached,590.406005859375,-133.59114074707,-180.0,45.0371475219727,jump_peak,x_590.406005859375_y_-133.59114074707
1132.465,platform_landed,546.794860839844,-63.0670623779297,-96.6666641235352,0.0,land_on_platform,platform_scene-1/Tile Map/30_-3_layer_Tile Map_tile_30_-3_source_1_atlas_1_0
1132.465,landed,546.794860839844,-63.0670623779297,-96.6666641235352,0.0,land,surface_wood_impact_1.12711145019531
1132.466,sonification,546.794860839844,-63.0670623779297,-96.6666641235352,0.0,osc_received,"value_[1, ""leadr-mel""]"
1132.767,move_right_pressed,546.572631835938,-63.0670623779297,33.3333320617676,0.0,Move_Right,pressed
1133.115,move_left_pressed,580.7392578125,-63.0670623779297,-33.3333320617676,0.0,Move_Left,pressed
1133.166,jump_input_pressed,577.405944824219,-63.0670623779297,-133.33332824707,0.0,Jump,pressed
1133.166,jump_executed,577.405944824219,-63.0670623779297,-133.33332824707,-500.0,jump,x_577.405944824219_y_-63.0670623779297
1133.502,jump_input_released,519.015075683594,-165.194702148438,-96.6666641235352,-94.9998931884766,Jump,released
1133.6,jump_peak_reached,517.181762695312,-169.486358642578,0.0,46.2038116455078,jump_peak,x_517.181762695312_y_-169.486358642578
1133.665,move_left_pressed,517.181762695312,-162.702392578125,-15.0,194.351959228516,Move_Left,pressed
1133.789,coin_collected,508.181762695312,-119.504844665527,-120.0,453.611267089844,collect_coin,coin_coin9_score_14
1133.79,platform_landed,505.931762695312,-117.066673278809,-135.0,0.0,land_on_platform,platform_scene-1/Tile Map/28_-6_layer_Tile Map_tile_28_-6_source_1_atlas_3_0
1133.79,landed,505.931762695312,-117.066673278809,-135.0,0.0,land,surface_wood_impact_0.98129663085938
1133.792,sonification,505.931762695312,-117.066673278809,-135.0,0.0,osc_received,"value_[1, ""leadr-mel""]"
1133.792,sonification,505.931762695312,-117.066673278809,-135.0,0.0,osc_received,"value_[1, ""coins-with-pitch""]"
1134.364,move_left_pressed,489.292877197266,-117.066673278809,-33.3333320617676,0.0,Move_Left,pressed
1134.381,jump_input_pressed,488.737335205078,-117.066673278809,-66.6666641235352,0.0,Jump,pressed
1134.381,jump_executed,488.737335205078,-117.066673278809,-66.6666641235352,-500.0,jump,x_488.737335205078_y_-117.066673278809
1134.534,jump_peak_reached,469.845794677734,-172.315475463867,-180.0,74.0740737915039,jump_peak,x_469.845794677734_y_-172.315475463867
1134.6,jump_input_released,465.012451171875,-163.673492431641,0.0,222.222213745117,Jump,released
1134.681,platform_landed,465.012451171875,-135.003540039062,0.0,0.0,land_on_platform,platform_scene-1/Tile Map/25_-7_layer_Tile Map_tile_25_-7_source_1_atlas_0_0
1134.681,landed,465.012451171875,-135.003540039062,0.0,0.0,land,surface_wood_impact_0.81481488037109
1134.682,sonification,465.012451171875,-135.003540039062,0.0,0.0,osc_received,"value_[1, ""leadr-mel""]"
1135.132,move_right_pressed,465.012451171875,-135.003540039062,33.3333320617676,0.0,Move_Right,pressed
1135.28,jump_input_pressed,488.360260009766,-125.564598083496,180.0,222.222213745117,Jump,pressed
1135.314,platform_landed,497.360260009766,-117.06623840332,180.0,0.0,land_on_platform,platform_scene-1/Tile Map/27_-6_layer_Tile Map_tile_27_-6_source_1_atlas_2_0
1135.314,landed,497.360260009766,-117.06623840332,180.0,0.0,land,surface_wood_impact_0.59259259033203
1135.315,sonification,497.360260009766,-117.06623840332,180.0,0.0,osc_received,"value_[1, ""leadr-mel""]"
1135.334,jump_executed,497.360260009766,-117.06623840332,180.0,-500.0,jump,x_497.360260009766_y_-117.06623840332
1135.335,musicking,500.362976074219,-125.408020019531,180.0,-500.055541992188,osc_received,"value_[1, ""chain-jumps""]"
1135.434,jump_input_released,515.362976074219,-161.917266845703,96.6666641235352,-376.166595458984,Jump,released
1135.538,jump_peak_reached,517.1962890625,-166.708938598633,0.0,41.2037048339844,jump_peak,x_517.1962890625_y_-166.708938598633
1135.748,platform_landed,514.036071777344,-117.004371643066,0.0,0.0,land_on_platform,platform_scene-1/Tile Map/28_-6_layer_Tile Map_tile_28_-6_source_1_atlas_3_0
1135.748,landed,514.036071777344,-117.004371643066,0.0,0.0,land,surface_wood_impact_0.97129644775391
1135.748,sonification,514.036071777344,-117.004371643066,0.0,0.0,osc_received,"value_[1, ""leadr-mel""]"
1136.114,move_right_pressed,514.036071777344,-117.004371643066,33.3333320617676,0.0,Move_Right,pressed
1136.315,jump_input_pressed,515.925109863281,-117.066711425781,0.0,0.0,Jump,pressed
1136.316,jump_executed,515.925109863281,-117.066711425781,0.0,-500.0,jump,x_515.925109863281_y_-117.066711425781
1136.464,jump_input_released,515.924011230469,-179.719482421875,0.0,-314.999908447266,Jump,released
1136.507,move_right_pressed,515.924011230469,-183.677825927734,15.0,-37.5,Move_Right,pressed
1136.556,jump_peak_reached,517.424011230469,-184.511154174805,60.0,41.2037048339844,jump_peak,x_517.424011230469_y_-184.511154174805
1136.748,platform_landed,519.674011230469,-134.170120239258,0.0,0.0,land_on_platform,platform_scene-1/Tile Map/29_-7_layer_Tile Map_tile_29_-7_source_1_atlas_0_0
1136.748,landed,519.674011230469,-134.170120239258,0.0,0.0,land,surface_wood_impact_0.97129644775391
1136.748,sonification,519.674011230469,-134.170120239258,0.0,0.0,osc_received,"value_[1, ""leadr-mel""]"
1137.033,move_right_pressed,519.674011230469,-134.170120239258,33.3333320617676,0.0,Move_Right,pressed
1137.133,jump_input_pressed,530.660278320312,-135.002334594727,180.0,0.0,Jump,pressed
1137.133,jump_executed,530.660278320312,-135.002334594727,180.0,-500.0,jump,x_530.660278320312_y_-135.002334594727
1137.422,jump_peak_reached,584.682250976562,-229.385879516602,180.0,74.0740737915039,jump_peak,x_584.682250976562_y_-229.385879516602
1137.466,jump_input_released,590.682250976562,-226.299453735352,180.0,148.148147583008,Jump,released
1137.615,platform_landed,623.682250976562,-171.066696166992,180.0,0.0,land_on_platform,platform_scene-1/Tile Map/34_-9_layer_Tile Map_tile_34_-9_source_1_atlas_2_0
1137.615,landed,623.682250976562,-171.066696166992,180.0,0.0,land,surface_wood_impact_1.037037109375
1137.616,sonification,623.682250976562,-171.066696166992,180.0,0.0,osc_received,"value_[1, ""leadr-mel""]"
1137.634,musicking,626.682250976562,-171.066696166992,180.0,0.0,osc_received,"value_[1, ""platform_pan_nav""]"
1138.172,move_right_pressed,661.515563964844,-171.066696166992,33.3333320617676,0.0,Move_Right,pressed
1138.733,move_left_pressed,680.682189941406,-171.066696166992,-33.3333320617676,0.0,Move_Left,pressed
1138.9,jump_input_pressed,657.348876953125,-171.066696166992,-180.0,0.0,Jump,pressed
1138.9,jump_executed,657.348876953125,-171.066696166992,-180.0,-500.0,jump,x_657.348876953125_y_-171.066696166992
1139.332,jump_peak_reached,579.346313476562,-277.902526855469,-180.0,39.8149261474609,jump_peak,x_579.346313476562_y_-277.902526855469
1139.374,jump_input_released,570.346313476562,-274.059936523438,-180.0,150.926040649414,Jump,released
1139.44,platform_landed,555.352172851562,-258.054321289062,-180.0,0.0,land_on_platform,platform_scene-1/Tile Map/30_-14_layer_Tile Map_tile_30_-14_source_1_atlas_17_3
1139.44,landed,555.352172851562,-258.054321289062,-180.0,0.0,land,surface_wood_impact_0.59814837646484
1139.441,sonification,555.352172851562,-258.054321289062,-180.0,0.0,osc_received,"value_[1, ""leadr-mel""]"
1139.441,musicking,555.352172851562,-258.054321289062,-180.0,0.0,osc_received,"value_[1, ""leaves""]"
1139.549,jump_input_pressed,540.351928710938,-258.054321289062,-180.0,37.037036895752,Jump,pressed
1139.549,jump_executed,540.351928710938,-258.054321289062,-180.0,-500.0,jump,x_540.351928710938_y_-258.054321289062
1139.681,jump_input_released,516.351928710938,-315.109893798828,-180.0,-335.333251953125,Jump,released
1139.781,jump_peak_reached,498.351104736328,-319.901550292969,-180.0,41.2037048339844,jump_peak,x_498.351104736328_y_-319.901550292969
1140.074,platform_landed,478.517761230469,-207.012680053711,0.0,0.0,land_on_platform,platform_scene-1/Tile Map/26_-11_layer_Tile Map_tile_26_-11_source_1_atlas_3_0
1140.074,landed,478.517761230469,-207.012680053711,0.0,0.0,land,surface_wood_impact_1.41574096679688
1140.075,sonification,478.517761230469,-207.012680053711,0.0,0.0,osc_received,"value_[1, ""leadr-mel""]"
1140.331,move_left_pressed,478.517761230469,-207.012680053711,-33.3333320617676,0.0,Move_Left,pressed
1140.574,jump_input_pressed,440.184448242188,-207.012680053711,-180.0,0.0,Jump,pressed
1140.574,jump_executed,440.184448242188,-207.012680053711,-180.0,-500.0,jump,x_440.184448242188_y_-207.012680053711
1140.722,jump_peak_reached,413.165618896484,-262.313812255859,-180.0,74.0740737915039,jump_peak,x_413.165618896484_y_-262.313812255859
1140.798,jump_input_released,401.165618896484,-253.671844482422,-180.0,222.222213745117,Jump,released
1140.832,platform_landed,392.165588378906,-243.066665649414,-180.0,0.0,land_on_platform,platform_scene-1/Tile Map/21_-13_layer_Tile Map_tile_21_-13_source_1_atlas_3_0
1140.832,landed,392.165588378906,-243.066665649414,-180.0,0.0,land,surface_wood_impact_0.59259259033203
1140.833,sonification,392.165588378906,-243.066665649414,-180.0,0.0,osc_received,"value_[1, ""leadr-mel""]"
1140.839,musicking,389.165588378906,-243.066665649414,-180.0,0.0,osc_received,"value_[1, ""platform_pan_nav""]"
1141.214,move_left_pressed,351.315490722656,-202.017318725586,-15.0,444.444488525391,Move_Left,pressed
1141.538,platform_landed,311.982147216797,80.8916854858398,0.0,0.0,land_on_platform,platform_scene-1/Tile Map/17_5_layer_Tile Map_tile_17_5_source_1_atlas_13_0
1141.538,landed,311.982147216797,80.8916854858398,0.0,0.0,land,surface_wood_impact_2.37037036132813
1141.547,sonification,311.982147216797,80.8916854858398,0.0,0.0,osc_received,"value_[1, ""leadr-mel""]"
1141.581,musicking,311.982147216797,80.9952011108398,0.0,0.0,osc_received,"value_[1, ""far-fall""]"
1142.134,move_left_pressed,311.982147216797,80.9952011108398,-33.3333320617676,0.0,Move_Left,pressed
1142.135,sonification,311.426605224609,80.9952011108398,-33.3333320617676,0.0,osc_received,"value_[1, ""mushrooms""]"
1142.301,jump_input_pressed,288.648834228516,80.9332275390625,-180.0,0.0,Jump,pressed
1142.301,jump_executed,288.648834228516,80.9332275390625,-180.0,-500.0,jump,x_288.648834228516_y_80.9332275390625
1142.305,sonification,285.646270751953,72.5918579101562,-180.0,-500.055541992188,osc_received,"value_[1, ""mushrooms""]"
1142.314,jump_peak_reached,285.646270751953,72.5918579101562,-180.0,-479.222198486328,jump_peak,x_285.646270751953_y_72.5918579101562
1142.598,jump_input_released,234.646270751953,-17.0044174194336,-180.0,-134.499893188477,Jump,released
1142.973,platform_landed,162.646697998047,80.9326095581055,-180.0,0.0,land_on_platform,platform_scene-1/Tile Map/8_5_layer_Tile Map_tile_8_5_source_1_atlas_13_0
1142.974,landed,162.646697998047,80.9326095581055,-180.0,0.0,land,surface_wood_impact_1.34166687011719
1142.974,sonification,162.646697998047,80.9326095581055,-180.0,0.0,osc_received,"value_[1, ""leadr-mel""]"
1142.975,sonification,162.646697998047,80.9326095581055,-180.0,0.0,osc_received,"value_[1, ""mushrooms""]"
1143.572,jump_input_pressed,57.6466979980469,80.9326095581055,-180.0,0.0,Jump,pressed
1143.572,jump_executed,57.6466979980469,80.9326095581055,-180.0,-500.0,jump,x_57.6466979980469_y_80.9326095581055
1143.572,sonification,54.6443099975586,72.5917205810547,-180.0,-500.055541992188,osc_received,"value_[1, ""mushrooms""]"
1143.782,move_right_pressed,18.6443099975586,-0.74530506134033,-81.6666641235352,-234.222106933594,Move_Right,pressed
1144.0,jump_peak_reached,33.7831993103027,-25.9026889801025,180.0,39.8149261474609,jump_peak,x_33.7831993103027_y_-25.9026889801025
1144.3,platform_landed,90.783203125,80.9328079223633,180.0,0.0,land_on_platform,platform_scene-1/Tile Map/4_5_layer_Tile Map_tile_4_5_source_1_atlas_12_0
1144.3,landed,90.783203125,80.9328079223633,180.0,0.0,land,surface_wood_impact_1.41296337890625
1144.3,sonification,90.783203125,80.9328079223633,180.0,0.0,osc_received,"value_[1, ""leadr-mel""]"
1144.301,sonification,90.783203125,80.9328079223633,180.0,0.0,osc_received,"value_[1, ""mushrooms""]"
1144.467,jump_input_released,117.783203125,80.9251403808594,180.0,0.0,Jump,released
1145.705,jump_input_pressed,345.783203125,80.9251403808594,180.0,0.0,Jump,pressed
1145.705,jump_executed,345.783203125,80.9251403808594,180.0,-500.0,jump,x_345.783203125_y_80.9251403808594
1145.714,sonification,348.783508300781,72.5900039672852,180.0,-500.055541992188,osc_received,"value_[1, ""mushrooms""]"
1146.141,jump_peak_reached,423.783508300781,-25.9044055938721,180.0,39.8149261474609,jump_peak,x_423.783508300781_y_-25.9044055938721
1146.234,platform_landed,443.394653320312,-9.06637382507324,96.6666641235352,0.0,land_on_platform,platform_scene-1/Tile Map/24_0_layer_Tile Map_tile_24_0_source_1_atlas_14_7
1146.234,landed,443.394653320312,-9.06637382507324,96.6666641235352,0.0,land,surface_wood_impact_0.52407427978516
1146.235,musicking,443.394653320312,-9.06637382507324,96.6666641235352,0.0,osc_received,"value_[1, ""cloud""]"
1146.248,jump_input_released,443.394653320312,-9.06637382507324,13.3333311080933,0.0,Jump,released
1146.249,musicking,443.616882324219,-9.06637382507324,13.3333311080933,0.0,osc_received,"value_[1, ""platform_pan_nav""]"
1146.548,move_right_pressed,443.616882324219,-9.06637382507324,33.3333320617676,0.0,Move_Right,pressed
1146.698,jump_input_pressed,463.9501953125,-9.06637382507324,180.0,0.0,Jump,pressed
1146.698,jump_executed,463.9501953125,-9.06637382507324,180.0,-500.0,jump,x_463.9501953125_y_-9.06637382507324
1146.906,jump_peak_reached,502.953979492188,-82.3129577636719,180.0,74.0740737915039,jump_peak,x_502.953979492188_y_-82.3129577636719
1147.223,jump_input_released,542.925170898438,46.6994018554688,135.0,777.777893066406,Jump,released
1147.256,platform_landed,546.036254882812,80.9514312744141,0.0,0.0,land_on_platform,platform_scene-1/Tile Map/30_5_layer_Tile Map_tile_30_5_source_1_atlas_3_0
1147.256,landed,546.036254882812,80.9514312744141,0.0,0.0,land,surface_wood_impact_1.70370397949219
1147.701,move_right_pressed,546.036254882812,80.9514312744141,33.3333320617676,0.0,Move_Right,pressed
1147.814,jump_input_pressed,560.369567871094,81.1311187744141,180.0,0.0,Jump,pressed
1147.814,jump_executed,560.369567871094,81.1311187744141,180.0,-500.0,jump,x_560.369567871094_y_81.1311187744141
1148.205,jump_input_released,632.390502929688,-25.5011596679688,180.0,-16.6665554046631,Jump,released
1148.239,jump_peak_reached,638.390502929688,-25.7094898223877,180.0,41.2038154602051,jump_peak,x_638.390502929688_y_-25.7094898223877
1148.472,platform_landed,641.729125976562,44.9908905029297,0.0,0.0,land_on_platform,platform_scene-1/Tile Map/35_3_layer_Tile Map_tile_35_3_source_1_atlas_13_0
1148.473,landed,641.729125976562,44.9908905029297,0.0,0.0,land,surface_wood_impact_1.11944482421875
1148.681,jump_input_pressed,641.729125976562,44.9908905029297,0.0,0.0,Jump,pressed
1148.681,jump_executed,641.729125976562,44.9908905029297,0.0,-500.0,jump,x_641.729125976562_y_44.9908905029297
1148.915,move_right_pressed,641.729125976562,-40.6552810668945,15.0,-214.166549682617,Move_Right,pressed
1149.114,jump_peak_reached,661.229125976562,-61.89599609375,180.0,39.8149261474609,jump_peak,x_661.229125976562_y_-61.89599609375
1149.114,jump_input_released,661.229125976562,-61.89599609375,180.0,39.8149261474609,Jump,released
1149.281,platform_landed,669.062438964844,-27.0150585174561,0.0,0.0,land_on_platform,platform_scene-1/Tile Map/37_-1_layer_Tile Map_tile_37_-1_source_1_atlas_15_7
1149.281,landed,669.062438964844,-27.0150585174561,0.0,0.0,land,surface_wood_impact_0.82037066650391
1149.298,sonification,669.062438964844,-27.0150585174561,0.0,0.0,osc_received,"value_[1, ""leadr-mel""]"
1149.299,musicking,669.062438964844,-27.0150585174561,0.0,0.0,osc_received,"value_[1, ""cloud""]"
1149.447,move_left_pressed,669.062438964844,-27.0150585174561,-33.3333320617676,0.0,Move_Left,pressed
1149.468,jump_input_pressed,668.506896972656,-27.0150585174561,-66.6666641235352,0.0,Jump,pressed
1149.469,jump_executed,668.506896972656,-27.0150585174561,-66.6666641235352,-500.0,jump,x_668.506896972656_y_-27.0150585174561
1149.906,jump_peak_reached,598.611267089844,-133.895843505859,-180.0,39.8149261474609,jump_peak,x_598.611267089844_y_-133.895843505859
1150.048,jump_input_released,571.611267089844,-105.701370239258,-180.0,373.148284912109,Jump,released
1150.134,platform_landed,560.777954101562,-63.0167121887207,0.0,0.0,land_on_platform,platform_scene-1/Tile Map/31_-3_layer_Tile Map_tile_31_-3_source_1_atlas_2_0
1150.134,landed,560.777954101562,-63.0167121887207,0.0,0.0,land,surface_wood_impact_1.1166669921875
1150.139,sonification,560.777954101562,-63.0167121887207,0.0,0.0,osc_received,"value_[1, ""leadr-mel""]"
1150.364,jump_input_pressed,560.777954101562,-63.0167121887207,0.0,0.0,Jump,pressed
1150.364,jump_executed,560.777954101562,-63.0167121887207,0.0,-500.0,jump,x_560.777954101562_y_-63.0167121887207
1150.499,move_left_pressed,560.777954101562,-120.123878479004,-15.0,-335.333251953125,Move_Left,pressed
1150.798,jump_peak_reached,523.277954101562,-169.897033691406,-180.0,39.8149261474609,jump_peak,x_523.277954101562_y_-169.897033691406
1150.824,jump_input_released,517.277954101562,-167.952575683594,-180.0,113.889007568359,Jump,released
1150.99,platform_landed,509.444610595703,-117.000183105469,0.0,0.0,land_on_platform,platform_scene-1/Tile Map/28_-6_layer_Tile Map_tile_28_-6_source_1_atlas_3_0
1150.99,landed,509.444610595703,-117.000183105469,0.0,0.0,land,surface_wood_impact_0.96851885986328
1150.991,sonification,509.444610595703,-117.000183105469,0.0,0.0,osc_received,"value_[1, ""leadr-mel""]"
1151.015,musicking,509.444610595703,-117.000183105469,0.0,0.0,osc_received,"value_[1, ""platform_pan_nav""]"
1151.198,move_right_pressed,509.444610595703,-117.000183105469,33.3333320617676,0.0,Move_Right,pressed
1151.198,jump_input_pressed,509.444610595703,-117.000183105469,33.3333320617676,0.0,Jump,pressed
1151.198,jump_executed,509.444610595703,-117.000183105469,33.3333320617676,-500.0,jump,x_509.444610595703_y_-117.000183105469
1151.348,jump_input_released,523.448913574219,-179.718643188477,168.33332824707,-314.999908447266,Jump,released
1151.448,jump_peak_reached,527.698913574219,-184.510314941406,0.0,41.2037048339844,jump_peak,x_527.698913574219_y_-184.510314941406
1151.64,platform_landed,527.698913574219,-135.02294921875,0.0,0.0,land_on_platform,platform_scene-1/Tile Map/29_-7_layer_Tile Map_tile_29_-7_source_1_atlas_0_0
1151.64,landed,527.698913574219,-135.02294921875,0.0,0.0,land,surface_wood_impact_0.97129644775391
1151.641,sonification,527.698913574219,-135.02294921875,0.0,0.0,osc_received,"value_[1, ""leadr-mel""]"
1151.799,move_right_pressed,527.698913574219,-135.02294921875,33.3333320617676,0.0,Move_Right,pressed
1151.856,jump_input_pressed,533.254455566406,-135.02294921875,166.666656494141,0.0,Jump,pressed
1151.856,jump_executed,533.254455566406,-135.02294921875,166.666656494141,-500.0,jump,x_533.254455566406_y_-135.02294921875
1152.147,jump_peak_reached,587.047729492188,-229.386566162109,180.0,74.0740737915039,jump_peak,x_587.047729492188_y_-229.386566162109
1152.299,jump_input_released,614.047729492188,-196.05322265625,180.0,407.407440185547,Jump,released
1152.347,platform_landed,618.881042480469,-171.029098510742,0.0,0.0,land_on_platform,platform_scene-1/Tile Map/34_-9_layer_Tile Map_tile_34_-9_source_1_atlas_2_0
1152.348,landed,618.881042480469,-171.029098510742,0.0,0.0,land,surface_wood_impact_1.037037109375
1152.365,sonification,618.881042480469,-171.029098510742,0.0,0.0,osc_received,"value_[1, ""leadr-mel""]"
1152.533,move_left_pressed,618.881042480469,-171.029098510742,-33.3333320617676,0.0,Move_Left,pressed
1152.567,jump_input_pressed,617.214416503906,-171.029098510742,-100.0,0.0,Jump,pressed
1152.567,jump_executed,617.214416503906,-171.029098510742,-100.0,-500.0,jump,x_617.214416503906_y_-171.029098510742
1152.731,jump_peak_reached,596.045837402344,-231.185089111328,-15.0,41.1594619750977,jump_peak,x_596.045837402344_y_-231.185089111328
1153.067,jump_input_released,559.712524414062,-87.1496505737305,0.0,818.937377929688,Jump,released
1153.081,platform_landed,559.712524414062,-63.02392578125,0.0,0.0,land_on_platform,platform_scene-1/Tile Map/31_-3_layer_Tile Map_tile_31_-3_source_1_atlas_2_0
1153.081,landed,559.712524414062,-63.02392578125,0.0,0.0,land,surface_wood_impact_1.71194885253906
1153.099,sonification,559.712524414062,-63.02392578125,0.0,0.0,osc_received,"value_[1, ""leadr-mel""]"
1153.623,move_left_pressed,559.712524414062,-63.02392578125,-33.3333320617676,0.0,Move_Left,pressed
1153.623,jump_input_pressed,559.712524414062,-63.02392578125,-33.3333320617676,0.0,Jump,pressed
1153.623,jump_executed,559.712524414062,-63.02392578125,-33.3333320617676,-500.0,jump,x_559.712524414062_y_-63.02392578125
1153.639,jump_peak_reached,559.153930664062,-71.4033126831055,-48.3333320617676,-479.222198486328,jump_peak,x_559.153930664062_y_-71.4033126831055
1154.033,jump_input_released,519.574768066406,-169.944061279297,-180.0,2.77788853645325,Jump,released
1154.248,platform_landed,508.741424560547,-117.000915527344,0.0,0.0,land_on_platform,platform_scene-1/Tile Map/28_-6_layer_Tile Map_tile_28_-6_source_1_atlas_3_0
1154.248,landed,508.741424560547,-117.000915527344,0.0,0.0,land,surface_wood_impact_0.96851885986328
1154.264,sonification,508.741424560547,-117.000915527344,0.0,0.0,osc_received,"value_[1, ""leadr-mel""]"
1154.282,musicking,508.741424560547,-117.000915527344,0.0,0.0,osc_received,"value_[1, ""platform_pan_nav""]"
1154.348,move_left_pressed,508.741424560547,-117.000915527344,-33.3333320617676,0.0,Move_Left,pressed
1154.64,move_right_pressed,486.574768066406,-117.074737548828,33.3333320617676,0.0,Move_Right,pressed
1154.799,jump_input_pressed,506.908081054688,-117.074737548828,180.0,0.0,Jump,pressed
1154.799,jump_executed,506.908081054688,-117.074737548828,180.0,-500.0,jump,x_506.908081054688_y_-117.074737548828
1154.94,jump_input_released,533.908447265625,-179.728485107422,180.0,-314.999908447266,Jump,released
1155.031,jump_peak_reached,544.741760253906,-184.520156860352,0.0,41.2037048339844,jump_peak,x_544.741760253906_y_-184.520156860352
1155.231,platform_landed,544.741760253906,-133.941986083984,0.0,0.0,land_on_platform,platform_scene-1/Tile Map/29_-7_layer_Tile Map_tile_29_-7_source_1_atlas_0_0
1155.231,landed,544.741760253906,-133.941986083984,0.0,0.0,land,surface_wood_impact_0.97129644775391
1155.232,sonification,544.741760253906,-133.941986083984,0.0,0.0,osc_received,"value_[1, ""leadr-mel""]"
1155.672,move_left_pressed,544.741760253906,-133.941986083984,-33.3333320617676,0.0,Move_Left,pressed
1155.772,jump_input_pressed,533.919494628906,-135.003952026367,-180.0,0.0,Jump,pressed
1155.772,jump_executed,533.919494628906,-135.003952026367,-180.0,-500.0,jump,x_533.919494628906_y_-135.003952026367
1156.114,jump_input_released,470.899536132812,-238.782638549805,-180.0,-75.3332214355469,Jump,released
1156.201,jump_peak_reached,463.066192626953,-241.588180541992,0.0,45.0371475219727,jump_peak,x_463.066192626953_y_-241.588180541992
1156.348,platform_landed,463.066192626953,-207.030899047852,0.0,0.0,land_on_platform,platform_scene-1/Tile Map/25_-11_layer_Tile Map_tile_25_-11_source_1_atlas_2_0
1156.348,landed,463.066192626953,-207.030899047852,0.0,0.0,land,surface_wood_impact_0.75674102783203
1156.349,sonification,463.066192626953,-207.030899047852,0.0,0.0,osc_received,"value_[1, ""leadr-mel""]"
1157.147,move_right_pressed,463.066192626953,-207.030899047852,33.3333320617676,0.0,Move_Right,pressed
1157.473,move_left_pressed,482.232849121094,-207.070159912109,-33.3333320617676,0.0,Move_Left,pressed
1157.573,jump_input_pressed,470.899536132812,-207.070159912109,-180.0,0.0,Jump,pressed
1157.573,jump_executed,470.899536132812,-207.070159912109,-180.0,-500.0,jump,x_470.899536132812_y_-207.070159912109
1157.723,jump_peak_reached,443.896362304688,-262.315490722656,-180.0,74.0740737915039,jump_peak,x_443.896362304688_y_-262.315490722656
1157.906,platform_landed,433.063018798828,-207.002868652344,0.0,0.0,land_on_platform,platform_scene-1/Tile Map/24_-11_layer_Tile Map_tile_24_-11_source_1_atlas_1_0
1157.906,landed,433.063018798828,-207.002868652344,0.0,0.0,land,surface_wood_impact_0.96296307373047
1157.907,sonification,433.063018798828,-207.002868652344,0.0,0.0,osc_received,"value_[1, ""leadr-mel""]"
1158.032,jump_input_released,433.063018798828,-207.002868652344,0.0,0.0,Jump,released
1158.382,move_left_pressed,433.063018798828,-207.002868652344,-33.3333320617676,0.0,Move_Left,pressed
1158.401,jump_input_pressed,432.507476806641,-207.002868652344,-66.6666641235352,0.0,Jump,pressed
1158.401,jump_executed,432.507476806641,-207.002868652344,-66.6666641235352,-500.0,jump,x_432.507476806641_y_-207.002868652344
1158.54,jump_peak_reached,413.611114501953,-262.312530517578,-180.0,74.0740737915039,jump_peak,x_413.611114501953_y_-262.312530517578
1158.64,platform_landed,392.611083984375,-243.066650390625,-180.0,0.0,land_on_platform,platform_scene-1/Tile Map/21_-13_layer_Tile Map_tile_21_-13_source_1_atlas_3_0
1158.64,landed,392.611083984375,-243.066650390625,-180.0,0.0,land,surface_wood_impact_0.59259259033203
1158.642,sonification,392.611083984375,-243.066650390625,-180.0,0.0,osc_received,"value_[1, ""leadr-mel""]"
1158.666,musicking,389.611083984375,-243.066650390625,-180.0,0.0,osc_received,"value_[1, ""platform_pan_nav""]"
1158.772,jump_input_released,371.611083984375,-243.066650390625,-180.0,0.0,Jump,released
1159.168,move_right_pressed,360.777740478516,-243.066650390625,33.3333320617676,0.0,Move_Right,pressed
1159.457,jump_input_pressed,367.166625976562,-243.074783325195,0.0,0.0,Jump,pressed
1159.457,jump_executed,367.166625976562,-243.074783325195,0.0,-500.0,jump,x_367.166625976562_y_-243.074783325195
1159.491,move_right_pressed,367.166625976562,-259.398986816406,15.0,-458.499969482422,Move_Right,pressed
1159.782,jump_input_released,401.666625976562,-343.265625,180.0,-114.722114562988,Jump,released
1159.881,jump_peak_reached,406.499969482422,-348.057281494141,0.0,41.2037048339844,jump_peak,x_406.499969482422_y_-348.057281494141
1160.073,platform_landed,406.499969482422,-297.020629882812,0.0,0.0,land_on_platform,platform_scene-1/Tile Map/22_-16_layer_Tile Map_tile_22_-16_source_1_atlas_1_0
1160.073,landed,406.499969482422,-297.020629882812,0.0,0.0,land,surface_wood_impact_0.97129644775391
1160.074,sonification,406.499969482422,-297.020629882812,0.0,0.0,osc_received,"value_[1, ""leadr-mel""]"
1160.382,move_right_pressed,406.499969482422,-297.020629882812,33.3333320617676,0.0,Move_Right,pressed
1160.497,jump_input_pressed,420.833282470703,-297.068817138672,180.0,0.0,Jump,pressed
1160.498,jump_executed,420.833282470703,-297.068817138672,180.0,-500.0,jump,x_420.833282470703_y_-297.068817138672
1160.834,jump_input_released,480.835266113281,-399.194671630859,180.0,-94.9998931884766,Jump,released
1160.932,jump_peak_reached,488.668609619141,-403.486328125,0.0,46.2038116455078,jump_peak,x_488.668609619141_y_-403.486328125
1161.135,platform_landed,488.668609619141,-351.013244628906,0.0,0.0,land_on_platform,platform_scene-1/Tile Map/27_-19_layer_Tile Map_tile_27_-19_source_1_atlas_13_0
1161.135,landed,488.668609619141,-351.013244628906,0.0,0.0,land,surface_wood_impact_0.98129663085938
1161.135,sonification,488.668609619141,-351.013244628906,0.0,0.0,osc_received,"value_[1, ""leadr-mel""]"
1161.389,move_right_pressed,488.668609619141,-351.013244628906,33.3333320617676,0.0,Move_Right,pressed
1161.39,sonification,489.224151611328,-351.013244628906,33.3333320617676,0.0,osc_received,"value_[1, ""mushrooms""]"
1161.832,jump_input_pressed,560.001953125,-350.933166503906,180.0,0.0,Jump,pressed
1161.833,jump_executed,560.001953125,-350.933166503906,180.0,-500.0,jump,x_560.001953125_y_-350.933166503906
1161.833,sonification,563.022399902344,-359.32421875,180.0,-500.055541992188,osc_received,"value_[1, ""mushrooms""]"
1162.222,jump_input_released,627.855712890625,-457.563995361328,0.0,-16.6665554046631,Jump,released
1162.265,jump_peak_reached,627.855712890625,-457.772308349609,0.0,41.2038154602051,jump_peak,x_627.855712890625_y_-457.772308349609
1162.334,coin_collected,627.855712890625,-448.165832519531,0.0,189.351959228516,collect_coin,coin_coin11_score_16
1162.337,sonification,627.855712890625,-444.392669677734,0.0,226.38899230957,osc_received,"value_[1, ""coins-with-pitch""]"
1162.414,platform_landed,627.855712890625,-419.9921875,0.0,0.0,land_on_platform,platform_scene-1/Tile Map/34_-23_layer_Tile Map_tile_34_-23_source_1_atlas_17_3
1162.414,landed,627.855712890625,-419.9921875,0.0,0.0,land,surface_wood_impact_0.8231484375
1162.415,sonification,627.855712890625,-419.9921875,0.0,0.0,osc_received,"value_[1, ""leadr-mel""]"
1162.415,musicking,627.855712890625,-419.9921875,0.0,0.0,osc_received,"value_[1, ""leaves""]"
1162.433,musicking,627.855712890625,-419.9921875,0.0,0.0,osc_received,"value_[1, ""platform_pan_nav""]"
1163.066,move_right_pressed,627.855712890625,-419.9921875,33.3333320617676,0.0,Move_Right,pressed
1163.1,jump_input_pressed,629.5224609375,-420.052673339844,100.0,0.0,Jump,pressed
1163.1,jump_executed,629.5224609375,-420.052673339844,100.0,-500.0,jump,x_629.5224609375_y_-420.052673339844
1163.515,jump_peak_reached,703.273681640625,-526.886779785156,96.6666641235352,39.8149261474609,jump_peak,x_703.273681640625_y_-526.886779785156
1163.53,jump_input_released,704.884765625,-526.223205566406,13.3333311080933,76.8519668579102,Jump,released
1163.665,platform_landed,705.106994628906,-495.024017333984,0.0,0.0,land_on_platform,platform_scene-1/Tile Map/39_-27_layer_Tile Map_tile_39_-27_source_1_atlas_2_0
1163.665,landed,705.106994628906,-495.024017333984,0.0,0.0,land,surface_wood_impact_0.74629656982422
1163.666,sonification,705.106994628906,-495.024017333984,0.0,0.0,osc_received,"value_[1, ""leadr-mel""]"
1164.168,move_right_pressed,705.106994628906,-495.024017333984,33.3333320617676,0.0,Move_Right,pressed
1164.236,jump_input_pressed,710.662536621094,-495.024017333984,166.666656494141,0.0,Jump,pressed
1164.236,jump_executed,710.662536621094,-495.024017333984,166.666656494141,-500.0,jump,x_710.662536621094_y_-495.024017333984
1164.665,jump_peak_reached,769.425109863281,-601.893371582031,180.0,39.8149261474609,jump_peak,x_769.425109863281_y_-601.893371582031
1164.767,platform_landed,790.425109863281,-585.066345214844,180.0,0.0,land_on_platform,platform_scene-1/Tile Map/43_-32_layer_Tile Map_tile_43_-32_source_1_atlas_2_0
1164.767,landed,790.425109863281,-585.066345214844,180.0,0.0,land,surface_wood_impact_0.52407427978516
1164.769,sonification,790.425109863281,-585.066345214844,180.0,0.0,osc_received,"value_[1, ""leadr-mel""]"
1164.834,jump_input_released,799.425109863281,-585.066345214844,180.0,0.0,Jump,released
1165.207,coin_collected,864.290588378906,-489.660949707031,13.3333311080933,629.629699707031,collect_coin,coin_coin17_score_18
1165.209,sonification,864.290588378906,-478.549835205078,0.0,666.666748046875,osc_received,"value_[1, ""coins-with-pitch""]"
1165.223,platform_landed,864.290588378906,-474.014251708984,0.0,0.0,land_on_platform,platform_scene-1/Tile Map/47_-26_layer_Tile Map_tile_47_-26_source_1_atlas_13_6
1165.223,landed,864.290588378906,-474.014251708984,0.0,0.0,land,surface_wood_impact_1.40740759277344
1165.231,sonification,864.290588378906,-474.014251708984,0.0,0.0,osc_received,"value_[1, ""leadr-mel""]"
1165.231,musicking,864.290588378906,-474.014251708984,0.0,0.0,osc_received,"value_[1, ""water-tube""]"
1165.532,move_left_pressed,864.290588378906,-474.014251708984,-33.3333320617676,0.0,Move_Left,pressed
1165.666,coin_collected,843.957275390625,-474.050567626953,-180.0,0.0,collect_coin,coin_coin16_score_20
1165.667,sonification,840.957275390625,-474.050567626953,-180.0,0.0,osc_received,"value_[1, ""coins-with-pitch""]"
1165.8,move_right_pressed,836.123962402344,-474.050567626953,33.3333320617676,0.0,Move_Right,pressed
1166.207,coin_collected,904.457275390625,-474.050567626953,180.0,0.0,collect_coin,coin_coin18_score_22
1166.21,sonification,907.457275390625,-474.050567626953,180.0,0.0,osc_received,"value_[1, ""coins-with-pitch""]"
1166.406,coin_collected,940.457275390625,-474.050567626953,180.0,0.0,collect_coin,coin_coin19_score_24
1166.408,sonification,943.457275390625,-474.050567626953,180.0,0.0,osc_received,"value_[1, ""coins-with-pitch""]"
1167.123,jump_input_pressed,1032.29052734375,-474.050567626953,0.0,0.0,Jump,pressed
1167.123,jump_executed,1032.29052734375,-474.050567626953,0.0,-500.0,jump,x_1032.29052734375_y_-474.050567626953
1167.208,move_right_pressed,1032.29052734375,-512.294555664062,15.0,-396.666595458984,Move_Right,pressed
1167.566,jump_peak_reached,1037.92529296875,-580.898742675781,15.0,39.8149261474609,jump_peak,x_1037.92529296875_y_-580.898742675781
1167.856,platform_landed,1037.92529296875,-474.015625,0.0,0.0,land_on_platform,platform_scene-1/Tile Map/57_-26_layer_Tile Map_tile_57_-26_source_1_atlas_13_6
1167.856,landed,1037.92529296875,-474.015625,0.0,0.0,land,surface_wood_impact_1.41296337890625
1167.857,sonification,1037.92529296875,-474.015625,0.0,0.0,osc_received,"value_[1, ""leadr-mel""]"
1167.857,musicking,1037.92529296875,-474.015625,0.0,0.0,osc_received,"value_[1, ""water-tube""]"
1167.907,jump_input_released,1037.92529296875,-474.015625,0.0,0.0,Jump,released
1168.248,move_left_pressed,1037.92529296875,-474.015625,-33.3333320617676,0.0,Move_Left,pressed
1168.267,jump_input_pressed,1037.36975097656,-474.057678222656,-66.6666641235352,0.0,Jump,pressed
1168.267,jump_executed,1037.36975097656,-474.057678222656,-66.6666641235352,-500.0,jump,x_1037.36975097656_y_-474.057678222656
1168.699,jump_peak_reached,967.480346679688,-580.891723632812,-180.0,39.8149261474609,jump_peak,x_967.480346679688_y_-580.891723632812
1168.699,jump_input_released,967.480346679688,-580.891723632812,-180.0,39.8149261474609,Jump,released
1168.998,platform_landed,932.647033691406,-474.00830078125,0.0,0.0,land_on_platform,platform_scene-1/Tile Map/51_-26_layer_Tile Map_tile_51_-26_source_1_atlas_13_6
1168.998,landed,932.647033691406,-474.00830078125,0.0,0.0,land,surface_wood_impact_1.41296337890625
1168.998,sonification,932.647033691406,-474.00830078125,0.0,0.0,osc_received,"value_[1, ""leadr-mel""]"
1168.999,musicking,932.647033691406,-474.00830078125,0.0,0.0,osc_received,"value_[1, ""water-tube""]"
1169.114,move_right_pressed,932.647033691406,-474.00830078125,33.3333320617676,0.0,Move_Right,pressed
1169.368,jump_input_pressed,970.980346679688,-474.00830078125,180.0,0.0,Jump,pressed
1169.368,jump_executed,970.980346679688,-474.00830078125,180.0,-500.0,jump,x_970.980346679688_y_-474.00830078125
1169.798,jump_peak_reached,1037.92529296875,-580.874450683594,15.0,39.8149261474609,jump_peak,x_1037.92529296875_y_-580.874450683594
1170.099,platform_landed,1037.99975585938,-474.061950683594,15.0,0.0,land_on_platform,platform_scene-1/Tile Map/58_-27_layer_Tile Map_tile_58_-27_source_1_atlas_0_6
1170.099,landed,1037.99975585938,-474.061950683594,15.0,0.0,land,surface_wood_impact_1.41296337890625
1170.1,sonification,1037.99975585938,-474.061950683594,15.0,0.0,osc_received,"value_[1, ""leadr-mel""]"
1170.1,musicking,1037.99975585938,-474.061950683594,15.0,0.0,osc_received,"value_[1, ""water-tube""]"
1170.314,jump_input_released,1037.99975585938,-473.988830566406,33.3333320617676,0.0,Jump,released
1170.566,move_left_pressed,1037.92529296875,-474.053588867188,-33.3333320617676,0.0,Move_Left,pressed
1171.502,move_left_pressed,940.758239746094,-474.062591552734,-33.3333320617676,0.0,Move_Left,pressed
1172.235,move_left_pressed,870.591674804688,-474.050048828125,-33.3333320617676,0.0,Move_Left,pressed
1172.435,jump_input_pressed,838.258361816406,-474.050048828125,-180.0,0.0,Jump,pressed
1172.435,jump_executed,838.258361816406,-474.050048828125,-180.0,-500.0,jump,x_838.258361816406_y_-474.050048828125
1172.648,jump_peak_reached,812.501525878906,-550.929992675781,0.0,46.4428482055664,jump_peak,x_812.501525878906_y_-550.929992675781
1172.735,jump_input_released,812.501525878906,-540.886901855469,0.0,231.628036499023,Jump,released
1172.881,platform_landed,812.501525878906,-474.955017089844,0.0,0.0,land_on_platform,platform_scene-1/Tile Map/45_-26_layer_Tile Map_tile_45_-26_source_1_atlas_14_6
1172.881,landed,812.501525878906,-474.955017089844,0.0,0.0,land,surface_wood_impact_1.1299228515625
1172.882,sonification,812.501525878906,-474.955017089844,0.0,0.0,osc_received,"value_[1, ""leadr-mel""]"
1172.882,musicking,812.501525878906,-474.955017089844,0.0,0.0,osc_received,"value_[1, ""water-tube""]"
1173.306,move_left_pressed,812.501525878906,-474.955017089844,-33.3333320617676,0.0,Move_Left,pressed
1173.435,jump_input_pressed,795.712280273438,-467.688446044922,-180.0,185.185180664062,Jump,pressed
1173.766,jump_input_released,738.712280273438,-303.490905761719,-180.0,888.889038085938,Jump,released
1174.048,platform_landed,733.878967285156,44.9658737182617,0.0,0.0,land_on_platform,platform_scene-1/Tile Map/40_3_layer_Tile Map_tile_40_3_source_1_atlas_13_0
1174.048,landed,733.878967285156,44.9658737182617,0.0,0.0,land,surface_wood_impact_3.0370361328125
1174.055,sonification,733.878967285156,44.9658737182617,0.0,0.0,osc_received,"value_[1, ""leadr-mel""]"
1174.081,musicking,733.878967285156,44.9658737182617,0.0,0.0,osc_received,"value_[1, ""far-fall""]"
1174.581,move_left_pressed,733.878967285156,44.9658737182617,-33.3333320617676,0.0,Move_Left,pressed
1174.598,sonification,733.323425292969,44.9658737182617,-33.3333320617676,0.0,osc_received,"value_[1, ""mushrooms""]"
1174.715,jump_input_pressed,716.545654296875,44.9658737182617,-180.0,0.0,Jump,pressed
1174.715,jump_executed,716.545654296875,44.9658737182617,-180.0,-500.0,jump,x_716.545654296875_y_44.9658737182617
1174.716,sonification,713.534057617188,36.5993461608887,-180.0,-500.055541992188,osc_received,"value_[1, ""mushrooms""]"
1174.731,jump_peak_reached,713.534057617188,36.5993461608887,-180.0,-479.222198486328,jump_peak,x_713.534057617188_y_36.5993461608887
1175.073,move_left_pressed,705.700744628906,-60.0654373168945,-15.0,-55.722110748291,Move_Left,pressed
1175.298,platform_landed,677.200744628906,-27.0669002532959,-180.0,0.0,land_on_platform,platform_scene-1/Tile Map/37_-1_layer_Tile Map_tile_37_-1_source_1_atlas_15_7
1175.298,landed,677.200744628906,-27.0669002532959,-180.0,0.0,land,surface_wood_impact_0.82037066650391
1175.299,musicking,677.200744628906,-27.0669002532959,-180.0,0.0,osc_received,"value_[1, ""cloud""]"
1175.381,jump_input_released,665.200744628906,-27.0669002532959,-180.0,0.0,Jump,released
1175.7,jump_input_pressed,648.367431640625,-26.9751033782959,0.0,0.0,Jump,pressed
1175.7,jump_executed,648.367431640625,-26.9751033782959,0.0,-500.0,jump,x_648.367431640625_y_-26.9751033782959
1175.84,move_left_pressed,648.367431640625,-89.6905364990234,-15.0,-314.999908447266,Move_Left,pressed
1176.123,jump_peak_reached,613.867431640625,-133.866424560547,-180.0,39.8149261474609,jump_peak,x_613.867431640625_y_-133.866424560547
1176.323,jump_input_released,577.867431640625,-85.1626815795898,-180.0,484.259429931641,Jump,released
1176.356,platform_landed,573.034118652344,-63.0671730041504,-13.3333311080933,0.0,land_on_platform,platform_scene-1/Tile Map/31_-3_layer_Tile Map_tile_31_-3_source_1_atlas_2_0
1176.356,landed,573.034118652344,-63.0671730041504,-13.3333311080933,0.0,land,surface_wood_impact_1.1166669921875
1176.391,musicking,573.034118652344,-63.0671730041504,0.0,0.0,osc_received,"value_[1, ""platform_pan_nav""]"
1176.606,jump_input_pressed,573.034118652344,-63.0671730041504,0.0,0.0,Jump,pressed
1176.606,jump_executed,573.034118652344,-63.0671730041504,0.0,-500.0,jump,x_573.034118652344_y_-63.0671730041504
1176.801,move_left_pressed,573.034118652344,-140.495239257812,-15.0,-254.333206176758,Move_Left,pressed
1177.032,jump_peak_reached,547.534118652344,-169.903579711914,-180.0,39.8149261474609,jump_peak,x_547.534118652344_y_-169.903579711914
1177.099,jump_input_released,535.534118652344,-163.545532226562,-180.0,187.963073730469,Jump,released
1177.199,platform_landed,530.700805664062,-135.022644042969,0.0,0.0,land_on_platform,platform_scene-1/Tile Map/29_-7_layer_Tile Map_tile_29_-7_source_1_atlas_0_0
1177.199,landed,530.700805664062,-135.022644042969,0.0,0.0,land,surface_wood_impact_0.82037066650391
1177.34,move_right_pressed,530.700805664062,-135.022644042969,33.3333320617676,0.0,Move_Right,pressed
1177.406,jump_input_pressed,536.25634765625,-135.022644042969,166.666656494141,0.0,Jump,pressed
1177.406,jump_executed,536.25634765625,-135.022644042969,166.666656494141,-500.0,jump,x_536.25634765625_y_-135.022644042969
1177.707,jump_peak_reached,590.049682617188,-229.386566162109,180.0,74.0740737915039,jump_peak,x_590.049682617188_y_-229.386566162109
1177.833,jump_input_released,611.049682617188,-207.781616210938,96.6666641235352,333.333343505859,Jump,released
1177.906,platform_landed,612.882995605469,-171.029098510742,0.0,0.0,land_on_platform,platform_scene-1/Tile Map/33_-9_layer_Tile Map_tile_33_-9_source_1_atlas_1_0
1177.906,landed,612.882995605469,-171.029098510742,0.0,0.0,land,surface_wood_impact_1.037037109375
1178.073,jump_input_pressed,612.882995605469,-171.029098510742,0.0,0.0,Jump,pressed
1178.074,jump_executed,612.882995605469,-171.029098510742,0.0,-500.0,jump,x_612.882995605469_y_-171.029098510742
1178.1,move_left_pressed,612.882995605469,-179.409118652344,-15.0,-479.222198486328,Move_Left,pressed
1178.499,jump_peak_reached,607.521911621094,-277.903533935547,0.0,39.8149261474609,jump_peak,x_607.521911621094_y_-277.903533935547
1178.515,move_left_pressed,607.521911621094,-277.239959716797,-15.0,76.8519668579102,Move_Left,pressed
1178.573,jump_input_released,607.271911621094,-271.545501708984,0.0,187.963073730469,Jump,released
1178.805,platform_landed,607.271911621094,-171.020172119141,0.0,0.0,land_on_platform,platform_scene-1/Tile Map/33_-9_layer_Tile Map_tile_33_-9_source_1_atlas_1_0
1178.806,landed,607.271911621094,-171.020172119141,0.0,0.0,land,surface_wood_impact_1.41296337890625
1178.939,jump_input_pressed,607.271911621094,-171.020172119141,0.0,0.0,Jump,pressed
1178.939,jump_executed,607.271911621094,-171.020172119141,0.0,-500.0,jump,x_607.271911621094_y_-171.020172119141
1179.206,move_left_pressed,607.271911621094,-263.490966796875,-15.0,-174.222106933594,Move_Left,pressed
1179.373,jump_peak_reached,593.521911621094,-277.897430419922,-165.0,39.8149261474609,jump_peak,x_593.521911621094_y_-277.897430419922
1179.49,jump_input_released,572.771911621094,-260.289398193359,-180.0,299.074188232422,Jump,released
1179.49,platform_landed,569.779663085938,-258.030731201172,-180.0,0.0,land_on_platform,platform_scene-1/Tile Map/31_-14_layer_Tile Map_tile_31_-14_source_1_atlas_18_3
1179.49,landed,569.779663085938,-258.030731201172,-180.0,0.0,land,surface_wood_impact_0.59814837646484
1179.491,musicking,569.779663085938,-258.030731201172,-180.0,0.0,osc_received,"value_[1, ""leaves""]"
1179.509,musicking,568.168579101562,-258.030731201172,-96.6666641235352,0.0,osc_received,"value_[1, ""platform_pan_nav""]"
1179.906,move_right_pressed,567.946350097656,-258.030731201172,33.3333320617676,0.0,Move_Right,pressed
1179.989,jump_input_pressed,576.279663085938,-258.030731201172,180.0,0.0,Jump,pressed
1179.989,jump_executed,576.279663085938,-258.030731201172,180.0,-500.0,jump,x_576.279663085938_y_-258.030731201172
1180.415,jump_peak_reached,654.292114257812,-364.894073486328,180.0,39.8149261474609,jump_peak,x_654.292114257812_y_-364.894073486328
1180.433,jump_input_released,657.292114257812,-364.230499267578,180.0,76.8519668579102,Jump,released
1180.515,platform_landed,662.125427246094,-347.994018554688,0.0,0.0,land_on_platform,platform_scene-1/Tile Map/36_-19_layer_Tile Map_tile_36_-19_source_1_atlas_17_3
1180.515,landed,662.125427246094,-347.994018554688,0.0,0.0,land,surface_wood_impact_0.52407427978516
1180.515,musicking,662.125427246094,-347.994018554688,0.0,0.0,osc_received,"value_[1, ""leaves""]"
1180.657,jump_input_pressed,662.125427246094,-347.994018554688,0.0,0.0,Jump,pressed
1180.657,jump_executed,662.125427246094,-347.994018554688,0.0,-500.0,jump,x_662.125427246094_y_-347.994018554688
1180.923,move_left_pressed,662.125427246094,-440.479522705078,-15.0,-174.222106933594,Move_Left,pressed
1181.081,jump_peak_reached,648.375427246094,-454.885986328125,-165.0,39.8149261474609,jump_peak,x_648.375427246094_y_-454.885986328125
1181.234,jump_input_released,621.625427246094,-426.691528320312,-96.6666641235352,373.148284912109,Jump,released
1181.248,platform_landed,619.805908203125,-420.071472167969,-13.3333311080933,0.0,land_on_platform,platform_scene-1/Tile Map/34_-23_layer_Tile Map_tile_34_-23_source_1_atlas_17_3
1181.248,landed,619.805908203125,-420.071472167969,-13.3333311080933,0.0,land,surface_wood_impact_0.82037066650391
1181.248,musicking,619.805908203125,-420.071472167969,-13.3333311080933,0.0,osc_received,"value_[1, ""leaves""]"
1181.481,move_right_pressed,619.805908203125,-420.071472167969,33.3333320617676,0.0,Move_Right,pressed
1181.598,jump_input_pressed,634.140197753906,-420.019134521484,180.0,0.0,Jump,pressed
1181.598,jump_executed,634.140197753906,-420.019134521484,180.0,-500.0,jump,x_634.140197753906_y_-420.019134521484
1181.999,jump_input_released,706.160461425781,-526.649475097656,96.6666641235352,-16.6665554046631,Jump,released
1182.032,jump_peak_reached,707.993774414062,-526.857788085938,0.0,41.2038154602051,jump_peak,x_707.993774414062_y_-526.857788085938
1182.174,platform_landed,707.993774414062,-495.016845703125,0.0,0.0,land_on_platform,platform_scene-1/Tile Map/39_-27_layer_Tile Map_tile_39_-27_source_1_atlas_2_0
1182.174,landed,707.993774414062,-495.016845703125,0.0,0.0,land,surface_wood_impact_0.74907434082031
1182.39,move_right_pressed,707.993774414062,-495.016845703125,33.3333320617676,0.0,Move_Right,pressed
1182.481,jump_input_pressed,719.327087402344,-495.016845703125,180.0,0.0,Jump,pressed
1182.481,jump_executed,719.327087402344,-495.016845703125,180.0,-500.0,jump,x_719.327087402344_y_-495.016845703125
1182.915,jump_peak_reached,769.425231933594,-601.890930175781,180.0,39.8149261474609,jump_peak,x_769.425231933594_y_-601.890930175781
1182.915,jump_input_released,769.425231933594,-601.890930175781,180.0,39.8149261474609,Jump,released
1183.007,platform_landed,777.258544921875,-585.016479492188,0.0,0.0,land_on_platform,platform_scene-1/Tile Map/43_-32_layer_Tile Map_tile_43_-32_source_1_atlas_2_0
1183.007,landed,777.258544921875,-585.016479492188,0.0,0.0,land,surface_wood_impact_0.52407427978516
1183.033,musicking,777.258544921875,-585.016479492188,0.0,0.0,osc_received,"value_[1, ""platform_pan_nav""]"
1183.256,move_left_pressed,777.258544921875,-585.016479492188,-33.3333320617676,0.0,Move_Left,pressed
1183.323,jump_input_pressed,771.703002929688,-585.068298339844,-166.666656494141,0.0,Jump,pressed
1183.323,jump_executed,771.703002929688,-585.068298339844,-166.666656494141,-500.0,jump,x_771.703002929688_y_-585.068298339844
1183.748,jump_peak_reached,693.923217773438,-691.903015136719,-180.0,39.8149261474609,jump_peak,x_693.923217773438_y_-691.903015136719
1183.801,jump_input_released,684.923217773438,-688.060424804688,-180.0,150.926040649414,Jump,released
1184.039,coin_collected,671.089904785156,-585.514099121094,0.0,669.444641113281,collect_coin,coin_coin15_score_26
1184.04,platform_landed,671.089904785156,-585.019653320312,0.0,0.0,land_on_platform,platform_scene-1/Tile Map/37_-32_layer_Tile Map_tile_37_-32_source_1_atlas_3_0
1184.04,landed,671.089904785156,-585.019653320312,0.0,0.0,land,surface_wood_impact_1.41296337890625
1184.041,sonification,671.089904785156,-585.019653320312,0.0,0.0,osc_received,"value_[1, ""coins-with-pitch""]"
1184.29,move_left_pressed,671.089904785156,-585.019653320312,-33.3333320617676,0.0,Move_Left,pressed
1184.374,jump_input_pressed,662.756591796875,-585.019653320312,-180.0,0.0,Jump,pressed
1184.374,jump_executed,662.756591796875,-585.019653320312,-180.0,-500.0,jump,x_662.756591796875_y_-585.019653320312
1184.533,jump_input_released,632.740966796875,-652.97509765625,-96.6666641235352,-294.722106933594,Jump,released
1184.632,jump_peak_reached,630.907653808594,-657.766784667969,0.0,41.2037048339844,jump_peak,x_630.907653808594_y_-657.766784667969
1184.832,platform_landed,630.907653808594,-603.030822753906,0.0,0.0,land_on_platform,platform_scene-1/Tile Map/34_-33_layer_Tile Map_tile_34_-33_source_1_atlas_0_0
1184.832,landed,630.907653808594,-603.030822753906,0.0,0.0,land,surface_wood_impact_0.97129644775391
1185.266,move_left_pressed,630.907653808594,-603.030822753906,-33.3333320617676,0.0,Move_Left,pressed
1185.325,jump_input_pressed,625.352111816406,-603.030822753906,-166.666656494141,0.0,Jump,pressed
1185.325,jump_executed,625.352111816406,-603.030822753906,-166.666656494141,-500.0,jump,x_625.352111816406_y_-603.030822753906
1185.515,jump_input_released,589.5625,-680.486633300781,-180.0,-254.333206176758,Jump,released
1185.615,jump_peak_reached,575.729187011719,-685.2783203125,0.0,41.2037048339844,jump_peak,x_575.729187011719_y_-685.2783203125
1185.899,platform_landed,575.729187011719,-585.023803710938,0.0,0.0,land_on_platform,platform_scene-1/Tile Map/31_-32_layer_Tile Map_tile_31_-32_source_1_atlas_3_0
1185.9,landed,575.729187011719,-585.023803710938,0.0,0.0,land,surface_wood_impact_1.34166687011719
1186.007,move_left_pressed,575.729187011719,-585.023803710938,-33.3333320617676,0.0,Move_Left,pressed
1186.533,move_left_pressed,541.562561035156,-585.069213867188,-33.3333320617676,0.0,Move_Left,pressed
1186.565,jump_input_pressed,539.895935058594,-585.069213867188,-100.0,0.0,Jump,pressed
1186.565,jump_executed,539.895935058594,-585.069213867188,-100.0,-500.0,jump,x_539.895935058594_y_-585.069213867188
1186.867,jump_input_released,490.144714355469,-683.005432128906,-180.0,-134.499893188477,Jump,released
1186.966,jump_peak_reached,479.311370849609,-687.797119140625,0.0,41.2037048339844,jump_peak,x_479.311370849609_y_-687.797119140625
1187.134,move_left_pressed,479.311370849609,-653.152038574219,-15.0,411.574127197266,Move_Left,pressed
1187.291,platform_landed,466.041137695312,-565.110168457031,-150.0,0.0,land_on_platform,platform_scene-1/Tile Map/25_-31_layer_Tile Map_tile_25_-31_source_1_atlas_14_6
1187.291,landed,466.041137695312,-565.110168457031,-150.0,0.0,land,surface_wood_impact_1.48981506347656
1187.292,musicking,466.041137695312,-565.110168457031,-150.0,0.0,osc_received,"value_[1, ""water-tube""]"
1187.308,musicking,463.041137695312,-564.983215332031,-180.0,0.0,osc_received,"value_[1, ""platform_pan_nav""]"
1187.974,move_left_pressed,446.205749511719,-564.045715332031,-33.3333320617676,0.0,Move_Left,pressed
1188.139,jump_input_pressed,423.475708007812,-565.44580078125,-180.0,0.0,Jump,pressed
1188.139,jump_executed,423.475708007812,-565.44580078125,-180.0,-500.0,jump,x_423.475708007812_y_-565.44580078125
1188.465,jump_input_released,363.475708007812,-667.566162109375,-180.0,-94.9998931884766,Jump,released
1188.567,jump_peak_reached,345.475708007812,-671.857849121094,-96.6666641235352,46.2038116455078,jump_peak,x_345.475708007812_y_-671.857849121094
1188.833,platform_landed,343.642364501953,-582.510009765625,0.0,0.0,land_on_platform,platform_scene-1/Tile Map/18_-32_layer_Tile Map_tile_18_-32_source_1_atlas_14_6
1188.833,landed,343.642364501953,-582.510009765625,0.0,0.0,land,surface_wood_impact_1.27759301757812
1188.834,musicking,343.642364501953,-582.510009765625,0.0,0.0,osc_received,"value_[1, ""water-tube""]"
1189.166,move_left_pressed,343.642364501953,-582.510009765625,-33.3333320617676,0.0,Move_Left,pressed
1189.448,move_left_pressed,312.586639404297,-582.065002441406,-33.3333320617676,0.0,Move_Left,pressed
1189.867,move_left_pressed,299.647247314453,-582.528259277344,-33.3333320617676,0.0,Move_Left,pressed
1189.908,jump_input_pressed,296.450531005859,-583.050476074219,-133.33332824707,0.0,Jump,pressed
1189.908,jump_executed,296.450531005859,-583.050476074219,-133.33332824707,-500.0,jump,x_296.450531005859_y_-583.050476074219
1190.339,jump_peak_reached,220.059753417969,-689.886047363281,-180.0,39.8149261474609,jump_peak,x_220.059753417969_y_-689.886047363281
1190.339,jump_input_released,220.059753417969,-689.886047363281,-180.0,39.8149261474609,Jump,released
1190.639,platform_landed,212.226409912109,-583.002685546875,0.0,0.0,land_on_platform,platform_scene-1/Tile Map/11_-32_layer_Tile Map_tile_11_-32_source_1_atlas_14_6
1190.639,landed,212.226409912109,-583.002685546875,0.0,0.0,land,surface_wood_impact_1.41296337890625
1190.648,musicking,212.226409912109,-583.002685546875,0.0,0.0,osc_received,"value_[1, ""water-tube""]"
1190.724,move_left_pressed,212.226409912109,-583.002685546875,-33.3333320617676,0.0,Move_Left,pressed
1191.215,move_left_pressed,178.055709838867,-582.095031738281,-33.3333320617676,0.0,Move_Left,pressed
1191.299,jump_input_pressed,170.173904418945,-583.008361816406,-180.0,0.0,Jump,pressed
1191.299,jump_executed,170.173904418945,-583.008361816406,-180.0,-500.0,jump,x_170.173904418945_y_-583.008361816406
1191.574,jump_input_released,119.160064697266,-678.388488769531,-180.0,-154.333221435547,Jump,released
1191.673,jump_peak_reached,101.160064697266,-683.18017578125,-180.0,41.2037048339844,jump_peak,x_101.160064697266_y_-683.18017578125
1191.939,coin_collected,87.3267288208008,-598.118408203125,0.0,596.759338378906,collect_coin,coin_coin20_score_28
1191.941,sonification,87.3267288208008,-587.555114746094,0.0,633.79638671875,osc_received,"value_[1, ""coins-with-pitch""]"
1191.957,platform_landed,87.3267288208008,-585.022033691406,0.0,0.0,land_on_platform,platform_scene-1/Tile Map/4_-32_layer_Tile Map_tile_4_-32_source_1_atlas_2_0
1191.957,landed,87.3267288208008,-585.022033691406,0.0,0.0,land,surface_wood_impact_1.34166687011719
1191.976,musicking,87.3267288208008,-585.022033691406,0.0,0.0,osc_received,"value_[1, ""platform_pan_nav""]"
1192.166,move_left_pressed,87.3267288208008,-585.022033691406,-33.3333320617676,0.0,Move_Left,pressed
1192.535,move_left_pressed,62.0747451782227,-585.069030761719,-33.3333320617676,0.0,Move_Left,pressed
1192.615,jump_input_pressed,62.0747451782227,-585.069030761719,-33.3333320617676,0.0,Jump,pressed
1192.616,jump_executed,62.0747451782227,-585.069030761719,-33.3333320617676,-500.0,jump,x_62.0747451782227_y_-585.069030761719
1192.748,jump_input_released,60.5747184753418,-642.124572753906,0.0,-335.333251953125,Jump,released
1192.848,jump_peak_reached,60.5747184753418,-646.916259765625,0.0,41.2037048339844,jump_peak,x_60.5747184753418_y_-646.916259765625
1192.916,move_left_pressed,60.5747184753418,-640.465637207031,-15.0,189.351852416992,Move_Left,pressed
1193.033,platform_landed,51.5747184753418,-603.066650390625,-120.0,0.0,land_on_platform,platform_scene-1/Tile Map/2_-33_layer_Tile Map_tile_2_-33_source_1_atlas_0_0
1193.033,landed,51.5747184753418,-603.066650390625,-120.0,0.0,land,surface_wood_impact_0.89722235107422
1193.49,jump_input_pressed,47.8524932861328,-603.066650390625,0.0,0.0,Jump,pressed
1193.49,jump_executed,47.8524932861328,-603.066650390625,0.0,-500.0,jump,x_47.8524932861328_y_-603.066650390625
1193.607,move_left_pressed,47.8524932861328,-654.194213867188,-15.0,-355.722137451172,Move_Left,pressed
1193.699,jump_peak_reached,42.6004753112793,-676.3125,-105.0,74.0740737915039,jump_peak,x_42.6004753112793_y_-676.3125
1193.848,platform_landed,16.3514175415039,-637.037719726562,-180.0,0.0,land_on_platform,platform_scene-1/Tile Map/0_-35_layer_Tile Map_tile_0_-35_source_1_atlas_14_6
1193.849,landed,16.3514175415039,-637.037719726562,-180.0,0.0,land,surface_wood_impact_0.81481488037109
1193.849,musicking,16.3514175415039,-637.037719726562,-180.0,0.0,osc_received,"value_[1, ""water-tube""]"
1194.069,jump_input_released,-19.6557083129883,-636.07470703125,-96.6666641235352,0.0,Jump,released
1194.507,move_right_pressed,-21.4887847900391,-636.107055664062,33.3333320617676,0.0,Move_Right,pressed
1194.523,jump_input_pressed,-20.9332256317139,-636.107055664062,66.6666641235352,0.0,Jump,pressed
1194.523,jump_executed,-20.9332256317139,-636.107055664062,66.6666641235352,-500.0,jump,x_-20.9332256317139_y_-636.107055664062
1194.949,jump_peak_reached,48.9556655883789,-742.935668945312,96.6666641235352,39.8149261474609,jump_peak,x_48.9556655883789_y_-742.935668945312
1194.981,jump_input_released,50.7889976501465,-740.9912109375,0.0,113.889007568359,Jump,released
1195.1,platform_landed,50.7889976501465,-711.024291992188,0.0,0.0,land_on_platform,platform_scene-1/Tile Map/2_-39_layer_Tile Map_tile_2_-39_source_1_atlas_2_0
1195.1,landed,50.7889976501465,-711.024291992188,0.0,0.0,land,surface_wood_impact_0.74629656982422
1195.574,move_left_pressed,50.7889976501465,-711.024291992188,-33.3333320617676,0.0,Move_Left,pressed
1195.633,jump_input_pressed,47.4556617736816,-711.024291992188,-133.33332824707,0.0,Jump,pressed
1195.633,jump_executed,47.4556617736816,-711.024291992188,-133.33332824707,-500.0,jump,x_47.4556617736816_y_-711.024291992188
1196.048,jump_peak_reached,-22.050500869751,-817.851379394531,-180.0,39.8149261474609,jump_peak,x_-22.050500869751_y_-817.851379394531
1196.081,jump_input_released,-26.6616115570068,-815.906921386719,-13.3333311080933,113.889007568359,Jump,released
1196.148,platform_landed,-26.8838329315186,-801.002502441406,0.0,0.0,land_on_platform,platform_scene-1/Tile Map/-2_-44_layer_Tile Map_tile_-2_-44_source_1_atlas_2_0
1196.148,landed,-26.8838329315186,-801.002502441406,0.0,0.0,land,surface_wood_impact_0.52407427978516
1196.389,move_right_pressed,-26.8838329315186,-801.002502441406,33.3333320617676,0.0,Move_Right,pressed
1196.506,jump_input_pressed,-12.5504989624023,-801.002502441406,180.0,0.0,Jump,pressed
1196.506,jump_executed,-12.5504989624023,-801.002502441406,180.0,-500.0,jump,x_-12.5504989624023_y_-801.002502441406
1196.933,jump_peak_reached,65.4698867797852,-907.887756347656,180.0,39.8149261474609,jump_peak,x_65.4698867797852_y_-907.887756347656
1196.999,jump_input_released,77.4698867797852,-901.529724121094,180.0,187.963073730469,Jump,released
1197.19,platform_landed,85.30322265625,-816.073547363281,0.0,0.0,land_on_platform,platform_scene-1/Tile Map/4_-45_layer_Tile Map_tile_4_-45_source_1_atlas_14_6
1197.19,landed,85.30322265625,-816.073547363281,0.0,0.0,land,surface_wood_impact_1.26481518554687
1197.191,musicking,85.30322265625,-816.073547363281,0.0,0.0,osc_received,"value_[1, ""water-tube""]"
1197.224,musicking,85.30322265625,-816.073547363281,0.0,0.0,osc_received,"value_[1, ""platform_pan_nav""]"
1197.499,move_right_pressed,85.30322265625,-816.073547363281,33.3333320617676,0.0,Move_Right,pressed
1197.639,jump_input_pressed,105.637451171875,-815.986022949219,180.0,0.0,Jump,pressed
1197.639,jump_executed,105.637451171875,-815.986022949219,180.0,-500.0,jump,x_105.637451171875_y_-815.986022949219
1197.933,jump_input_released,159.657608032227,-913.972534179688,180.0,-134.499893188477,Jump,released
1198.034,jump_peak_reached,177.657608032227,-918.764221191406,180.0,41.2037048339844,jump_peak,x_177.657608032227_y_-918.764221191406
1198.306,platform_landed,209.490951538086,-819.033813476562,0.0,0.0,land_on_platform,platform_scene-1/Tile Map/11_-45_layer_Tile Map_tile_11_-45_source_1_atlas_14_7
1198.307,landed,209.490951538086,-819.033813476562,0.0,0.0,land,surface_wood_impact_1.34166687011719
1198.307,sonification,209.490951538086,-819.033813476562,0.0,0.0,osc_received,"value_[1, ""leadr-mel""]"
1198.307,musicking,209.490951538086,-819.033813476562,0.0,0.0,osc_received,"value_[1, ""cloud""]"
1198.848,move_right_pressed,209.490951538086,-819.033813476562,33.3333320617676,0.0,Move_Right,pressed
1199.034,jump_input_pressed,235.824295043945,-818.953735351562,180.0,0.0,Jump,pressed
1199.034,jump_executed,235.824295043945,-818.953735351562,180.0,-500.0,jump,x_235.824295043945_y_-818.953735351562
1199.332,jump_input_released,289.845428466797,-916.942932128906,180.0,-134.499893188477,Jump,released
1199.432,jump_peak_reached,294.678771972656,-921.734619140625,0.0,41.2037048339844,jump_peak,x_294.678771972656_y_-921.734619140625
1199.515,move_right_pressed,294.678771972656,-912.128112792969,15.0,226.388885498047,Move_Right,pressed
1199.715,platform_landed,317.605194091797,-816.610046386719,180.0,0.0,land_on_platform,platform_scene-1/Tile Map/17_-45_layer_Tile Map_tile_17_-45_source_1_atlas_14_6
1199.715,landed,317.605194091797,-816.610046386719,180.0,0.0,land,surface_wood_impact_1.34166687011719
1199.731,sonification,317.605194091797,-816.610046386719,180.0,0.0,osc_received,"value_[1, ""leadr-mel""]"
1199.731,musicking,317.605194091797,-816.610046386719,180.0,0.0,osc_received,"value_[1, ""water-tube""]"
1200.236,jump_input_pressed,349.438995361328,-816.118774414062,0.0,0.0,Jump,pressed
1200.236,jump_executed,349.438995361328,-816.118774414062,0.0,-500.0,jump,x_349.438995361328_y_-816.118774414062
1200.248,jump_peak_reached,349.438995361328,-824.456909179688,0.0,-479.222198486328,jump_peak,x_349.438995361328_y_-824.456909179688
1200.49,move_right_pressed,349.438995361328,-905.2939453125,15.0,-194.166549682617,Move_Right,pressed
1200.832,platform_landed,395.938995361328,-891.066223144531,180.0,0.0,land_on_platform,platform_scene-1/Tile Map/21_-49_layer_Tile Map_tile_21_-49_source_1_atlas_1_0
1200.832,landed,395.938995361328,-891.066223144531,180.0,0.0,land,surface_wood_impact_0.74629656982422
1200.833,sonification,395.938995361328,-891.066223144531,180.0,0.0,osc_received,"value_[1, ""leadr-mel""]"
1200.841,musicking,398.938995361328,-891.066223144531,180.0,0.0,osc_received,"value_[1, ""platform_pan_nav""]"
1200.907,jump_input_released,407.938995361328,-891.066223144531,180.0,0.0,Jump,released
1201.3,jump_input_pressed,415.772338867188,-891.066223144531,0.0,0.0,Jump,pressed
1201.3,jump_executed,415.772338867188,-891.066223144531,0.0,-500.0,jump,x_415.772338867188_y_-891.066223144531
1201.335,move_left_pressed,415.772338867188,-907.39794921875,-15.0,-458.499969482422,Move_Left,pressed
1201.733,jump_peak_reached,360.272338867188,-997.903442382812,-180.0,39.8149261474609,jump_peak,x_360.272338867188_y_-997.903442382812
1201.832,jump_input_released,346.438995361328,-984.662719726562,0.0,262.037139892578,Jump,released
1201.89,platform_landed,346.438995361328,-960.018249511719,0.0,0.0,land_on_platform,platform_scene-1/Tile Map/19_-53_layer_Tile Map_tile_19_-53_source_1_atlas_13_6
1201.89,landed,346.438995361328,-960.018249511719,0.0,0.0,land,surface_wood_impact_0.82037066650391
1201.89,sonification,346.438995361328,-960.018249511719,0.0,0.0,osc_received,"value_[1, ""leadr-mel""]"
1201.891,musicking,346.438995361328,-960.018249511719,0.0,0.0,osc_received,"value_[1, ""water-tube""]"
1202.082,move_right_pressed,346.438995361328,-960.018249511719,33.3333320617676,0.0,Move_Right,pressed
1202.203,jump_input_pressed,360.771026611328,-960.063171386719,180.0,0.0,Jump,pressed
1202.203,jump_executed,360.771026611328,-960.063171386719,180.0,-500.0,jump,x_360.771026611328_y_-960.063171386719
1202.623,jump_peak_reached,438.7724609375,-1066.89575195312,180.0,39.8149261474609,jump_peak,x_438.7724609375_y_-1066.89575195312
1202.799,jump_input_released,468.7724609375,-1032.48217773438,180.0,410.185333251953,Jump,released
1202.865,coin_collected,476.605804443359,-1001.43273925781,13.3333311080933,521.296447753906,collect_coin,coin_coin21_score_30
1202.868,sonification,476.605804443359,-992.127197265625,0.0,558.33349609375,osc_received,"value_[1, ""coins-with-pitch""]"
1202.891,platform_landed,476.605804443359,-981.051513671875,0.0,0.0,land_on_platform,platform_scene-1/Tile Map/26_-54_layer_Tile Map_tile_26_-54_source_1_atlas_2_0
1202.891,landed,476.605804443359,-981.051513671875,0.0,0.0,land,surface_wood_impact_1.26481518554687
1202.892,sonification,476.605804443359,-981.051513671875,0.0,0.0,osc_received,"value_[1, ""leadr-mel""]"
1203.148,move_right_pressed,476.605804443359,-981.051513671875,33.3333320617676,0.0,Move_Right,pressed
1203.168,jump_input_pressed,477.161346435547,-981.051513671875,66.6666641235352,0.0,Jump,pressed
1203.168,jump_executed,477.161346435547,-981.051513671875,66.6666641235352,-500.0,jump,x_477.161346435547_y_-981.051513671875
1203.349,jump_input_released,502.053070068359,-1053.90673828125,96.6666641235352,-274.499877929688,Jump,released
1203.439,jump_peak_reached,503.886413574219,-1058.69836425781,0.0,41.2037048339844,jump_peak,x_503.886413574219_y_-1058.69836425781
1203.658,platform_landed,503.886413574219,-998.934509277344,0.0,0.0,land_on_platform,platform_scene-1/Tile Map/28_-55_layer_Tile Map_tile_28_-55_source_1_atlas_0_0
1203.658,landed,503.886413574219,-998.934509277344,0.0,0.0,land,surface_wood_impact_1.04537048339844
1203.665,sonification,503.886413574219,-998.934509277344,0.0,0.0,osc_received,"value_[1, ""leadr-mel""]"
1203.74,move_right_pressed,503.886413574219,-998.934509277344,33.3333320617676,0.0,Move_Right,pressed
1204.148,jump_input_pressed,513.600280761719,-999.070983886719,0.0,0.0,Jump,pressed
1204.148,jump_executed,513.600280761719,-999.070983886719,0.0,-500.0,jump,x_513.600280761719_y_-999.070983886719
1204.165,move_right_pressed,513.600280761719,-1007.40966796875,15.0,-479.222198486328,Move_Right,pressed
1204.566,jump_input_released,569.100280761719,-1105.95043945312,96.6666641235352,2.77788853645325,Jump,released
1204.573,jump_peak_reached,570.711364746094,-1105.90417480469,13.3333311080933,39.8149261474609,jump_peak,x_570.711364746094_y_-1105.90417480469
1204.807,platform_landed,570.93359375,-1032.09887695312,0.0,0.0,land_on_platform,platform_scene-1/Tile Map/31_-57_layer_Tile Map_tile_31_-57_source_1_atlas_14_6
1204.807,landed,570.93359375,-1032.09887695312,0.0,0.0,land,surface_wood_impact_1.1166669921875
1204.808,sonification,570.93359375,-1032.09887695312,0.0,0.0,osc_received,"value_[1, ""leadr-mel""]"
1204.808,musicking,570.93359375,-1032.09887695312,0.0,0.0,osc_received,"value_[1, ""water-tube""]"
1204.841,musicking,570.93359375,-1032.09887695312,0.0,0.0,osc_received,"value_[1, ""platform_pan_nav""]"
1205.016,jump_input_pressed,570.93359375,-1032.09887695312,0.0,0.0,Jump,pressed
1205.016,jump_executed,570.93359375,-1032.09887695312,0.0,-500.0,jump,x_570.93359375_y_-1032.09887695312
1205.032,move_right_pressed,570.93359375,-1040.45166015625,15.0,-479.222198486328,Move_Right,pressed
1205.44,jump_peak_reached,629.43359375,-1138.94604492188,180.0,39.8149261474609,jump_peak,x_629.43359375_y_-1138.94604492188
1205.575,jump_input_released,653.43359375,-1116.35339355469,180.0,336.111236572266,Jump,released
1205.64,platform_landed,658.266906738281,-1089.02856445312,0.0,0.0,land_on_platform,platform_scene-1/Tile Map/36_-60_layer_Tile Map_tile_36_-60_source_1_atlas_3_0
1205.64,landed,658.266906738281,-1089.02856445312,0.0,0.0,land,surface_wood_impact_0.96851885986328
1205.648,sonification,658.266906738281,-1089.02856445312,0.0,0.0,osc_received,"value_[1, ""leadr-mel""]"
1205.899,move_left_pressed,658.266906738281,-1089.02856445312,-33.3333320617676,0.0,Move_Left,pressed
1206.002,jump_input_pressed,646.93359375,-1089.02856445312,-180.0,0.0,Jump,pressed
1206.002,jump_executed,646.93359375,-1089.02856445312,-180.0,-500.0,jump,x_646.93359375_y_-1089.02856445312
1206.423,jump_peak_reached,568.920471191406,-1195.89367675781,-180.0,39.8149261474609,jump_peak,x_568.920471191406_y_-1195.89367675781
1206.491,jump_input_released,556.920471191406,-1189.53564453125,-96.6666641235352,187.963073730469,Jump,released
1206.633,platform_landed,555.087158203125,-1143.0283203125,0.0,0.0,land_on_platform,platform_scene-1/Tile Map/30_-63_layer_Tile Map_tile_30_-63_source_1_atlas_1_0
1206.633,landed,555.087158203125,-1143.0283203125,0.0,0.0,land,surface_wood_impact_0.96851885986328
1206.635,sonification,555.087158203125,-1143.0283203125,0.0,0.0,osc_received,"value_[1, ""leadr-mel""]"
1206.799,move_left_pressed,555.087158203125,-1143.0283203125,-33.3333320617676,0.0,Move_Left,pressed
1206.807,jump_input_pressed,554.531616210938,-1143.0283203125,-66.6666641235352,0.0,Jump,pressed
1206.807,jump_executed,554.531616210938,-1143.0283203125,-66.6666641235352,-500.0,jump,x_554.531616210938_y_-1143.0283203125
1207.234,jump_peak_reached,484.637451171875,-1249.89770507812,-180.0,39.8149261474609,jump_peak,x_484.637451171875_y_-1249.89770507812
1207.281,jump_input_released,475.637451171875,-1246.05505371094,-180.0,150.926040649414,Jump,released
1207.39,platform_landed,470.804107666016,-1214.77648925781,0.0,0.0,land_on_platform,platform_scene-1/Tile Map/25_-67_layer_Tile Map_tile_25_-67_source_1_atlas_0_0
1207.39,landed,470.804107666016,-1214.77648925781,0.0,0.0,land,surface_wood_impact_0.82037066650391
1207.391,sonification,470.804107666016,-1214.77648925781,0.0,0.0,osc_received,"value_[1, ""leadr-mel""]"
1207.823,move_left_pressed,470.804107666016,-1214.77648925781,-33.3333320617676,0.0,Move_Left,pressed
1207.936,jump_input_pressed,456.51025390625,-1215.06665039062,-180.0,0.0,Jump,pressed
1207.936,jump_executed,456.51025390625,-1215.06665039062,-180.0,-500.0,jump,x_456.51025390625_y_-1215.06665039062
1208.215,jump_input_released,405.507690429688,-1310.00512695312,-180.0,37.037036895752,Jump,released
1208.233,jump_peak_reached,402.506225585938,-1309.38757324219,-180.0,74.0740737915039,jump_peak,x_402.506225585938_y_-1309.38757324219
1208.549,platform_landed,351.571350097656,-1174.79382324219,-13.3333311080933,0.0,land_on_platform,platform_scene-1/Tile Map/18_-65_layer_Tile Map_tile_18_-65_source_1_atlas_3_0
1208.549,landed,351.571350097656,-1174.79382324219,-13.3333311080933,0.0,land,surface_wood_impact_1.55555578613281
1208.549,sonification,351.571350097656,-1174.79382324219,-13.3333311080933,0.0,osc_received,"value_[1, ""leadr-mel""]"
1208.566,musicking,351.571350097656,-1174.79382324219,0.0,0.0,osc_received,"value_[1, ""platform_pan_nav""]"
1208.681,platform_landed,351.571350097656,-1161.00378417969,0.0,0.0,land_on_platform,platform_scene-1/Tile Map/19_-64_layer_Tile Map_tile_19_-64_source_1_atlas_13_7
1208.681,landed,351.571350097656,-1161.00378417969,0.0,0.0,land,surface_wood_impact_0.51851849365234
1208.681,musicking,351.571350097656,-1161.00378417969,0.0,0.0,osc_received,"value_[1, ""cloud""]"
1209.092,jump_input_pressed,351.571350097656,-1161.00378417969,0.0,0.0,Jump,pressed
1209.092,jump_executed,351.571350097656,-1161.00378417969,0.0,-500.0,jump,x_351.571350097656_y_-1161.00378417969
1209.123,move_right_pressed,351.571350097656,-1177.3896484375,15.0,-458.499969482422,Move_Right,pressed
1209.19,move_left_pressed,354.071350097656,-1205.91003417969,0.0,-376.166595458984,Move_Left,pressed
1209.291,jump_input_released,350.321350097656,-1238.48681640625,-90.0,-254.333206176758,Jump,released
1209.381,jump_peak_reached,346.710235595703,-1243.27844238281,0.0,41.2037048339844,jump_peak,x_346.710235595703_y_-1243.27844238281
1209.601,platform_landed,346.710235595703,-1177.95935058594,0.0,0.0,land_on_platform,platform_scene-1/Tile Map/18_-65_layer_Tile Map_tile_18_-65_source_1_atlas_3_0
1209.601,landed,346.710235595703,-1177.95935058594,0.0,0.0,land,surface_wood_impact_1.04537048339844
1209.616,move_left_pressed,346.710235595703,-1177.95935058594,-33.3333320617676,0.0,Move_Left,pressed
1210.224,move_right_pressed,307.040954589844,-1179.00146484375,33.3333320617676,0.0,Move_Right,pressed
1210.606,move_left_pressed,335.207611083984,-1179.06628417969,-33.3333320617676,0.0,Move_Left,pressed
1210.774,jump_input_pressed,311.874298095703,-1179.06628417969,-180.0,0.0,Jump,pressed
1210.774,jump_executed,311.874298095703,-1179.06628417969,-180.0,-500.0,jump,x_311.874298095703_y_-1179.06628417969
1211.199,jump_peak_reached,233.871612548828,-1285.90234375,-180.0,39.8149261474609,jump_peak,x_233.871612548828_y_-1285.90234375
1211.44,jump_input_released,188.871612548828,-1211.1337890625,-180.0,595.370544433594,Jump,released
1211.456,platform_landed,182.871612548828,-1197.06689453125,-180.0,0.0,land_on_platform,platform_scene-1/Tile Map/10_-66_layer_Tile Map_tile_10_-66_source_1_atlas_3_0
1211.456,landed,182.871612548828,-1197.06689453125,-180.0,0.0,land,surface_wood_impact_1.26481518554687
1211.475,musicking,179.871612548828,-1197.06689453125,-180.0,0.0,osc_received,"value_[1, ""platform_pan_nav""]"
1211.849,jump_input_pressed,172.038269042969,-1197.06689453125,0.0,0.0,Jump,pressed
1211.849,jump_executed,172.038269042969,-1197.06689453125,0.0,-500.0,jump,x_172.038269042969_y_-1197.06689453125
1212.115,move_left_pressed,172.038269042969,-1289.49694824219,-15.0,-174.222106933594,Move_Left,pressed
1212.281,jump_peak_reached,166.677154541016,-1303.9033203125,0.0,39.8149261474609,jump_peak,x_166.677154541016_y_-1303.9033203125
1212.282,jump_input_released,166.677154541016,-1303.9033203125,0.0,39.8149261474609,Jump,released
1212.501,move_left_pressed,166.677154541016,-1247.12854003906,-15.0,521.296447753906,Move_Left,pressed
1212.548,platform_landed,165.719696044922,-1214.59350585938,-60.0,0.0,land_on_platform,platform_scene-1/Tile Map/8_-67_layer_Tile Map_tile_8_-67_source_1_atlas_0_0
1212.548,landed,165.719696044922,-1214.59350585938,-60.0,0.0,land,surface_wood_impact_1.26481518554687
1212.956,jump_input_pressed,158.24592590332,-1215.00854492188,0.0,0.0,Jump,pressed
1212.956,jump_executed,158.24592590332,-1215.00854492188,0.0,-500.0,jump,x_158.24592590332_y_-1215.00854492188
1213.123,move_left_pressed,158.24592590332,-1282.97924804688,-15.0,-294.722106933594,Move_Left,pressed
1213.381,jump_peak_reached,126.74592590332,-1321.89587402344,-180.0,39.8149261474609,jump_peak,x_126.74592590332_y_-1321.89587402344
1213.381,jump_input_released,126.74592590332,-1321.89587402344,-180.0,39.8149261474609,Jump,released
1213.581,platform_landed,121.912590026855,-1269.03051757812,0.0,0.0,land_on_platform,platform_scene-1/Tile Map/6_-70_layer_Tile Map_tile_6_-70_source_1_atlas_1_0
1213.581,landed,121.912590026855,-1269.03051757812,0.0,0.0,land,surface_wood_impact_0.96851885986328
1213.756,jump_input_pressed,121.912590026855,-1269.03051757812,0.0,0.0,Jump,pressed
1213.756,jump_executed,121.912590026855,-1269.03051757812,0.0,-500.0,jump,x_121.912590026855_y_-1269.03051757812
1213.974,move_left_pressed,121.912590026855,-1350.74133300781,-15.0,-234.222106933594,Move_Left,pressed
1214.19,jump_peak_reached,99.4125900268555,-1375.89868164062,-180.0,39.8149261474609,jump_peak,x_99.4125900268555_y_-1375.89868164062
1214.281,coin_collected,81.4125900268555,-1362.65795898438,-180.0,225.000106811523,collect_coin,coin_coin23_score_32
1214.282,jump_input_released,81.4125900268555,-1362.65795898438,-180.0,262.037139892578,Jump,released
1214.282,sonification,78.4125900268555,-1358.29064941406,-180.0,262.037139892578,osc_received,"value_[1, ""coins-with-pitch""]"
1214.348,platform_landed,73.5792541503906,-1338.01342773438,0.0,0.0,land_on_platform,platform_scene-1/Tile Map/4_-74_layer_Tile Map_tile_4_-74_source_1_atlas_13_6
1214.349,landed,73.5792541503906,-1338.01342773438,0.0,0.0,land,surface_wood_impact_0.82037066650391
1214.349,musicking,73.5792541503906,-1338.01342773438,0.0,0.0,osc_received,"value_[1, ""water-tube""]"
1214.569,move_left_pressed,73.5792541503906,-1338.01342773438,-33.3333320617676,0.0,Move_Left,pressed
1215.368,move_right_pressed,-62.5863838195801,-1338.06396484375,20.0000019073486,0.0,Move_Right,pressed
1216.267,jump_input_pressed,91.6384506225586,-1338.05212402344,180.0,0.0,Jump,pressed
1216.267,jump_executed,91.6384506225586,-1338.05212402344,180.0,-500.0,jump,x_91.6384506225586_y_-1338.05212402344
1216.681,jump_peak_reached,169.645431518555,-1444.90014648438,180.0,39.8149261474609,jump_peak,x_169.645431518555_y_-1444.90014648438
1216.849,jump_input_released,199.645431518555,-1410.48657226562,180.0,410.185333251953,Jump,released
1216.981,platform_landed,226.659210205078,-1338.05615234375,180.0,0.0,land_on_platform,platform_scene-1/Tile Map/12_-74_layer_Tile Map_tile_12_-74_source_1_atlas_13_6
1216.981,landed,226.659210205078,-1338.05615234375,180.0,0.0,land,surface_wood_impact_1.41296337890625
1216.99,musicking,226.659210205078,-1338.05615234375,180.0,0.0,osc_received,"value_[1, ""water-tube""]"
1217.015,coin_collected,229.659210205078,-1338.05615234375,180.0,0.0,collect_coin,coin_coin22_score_34
1217.016,sonification,232.659210205078,-1338.05615234375,180.0,0.0,osc_received,"value_[1, ""coins-with-pitch""]"
1221.339,jump_input_pressed,1018.65930175781,-1338.05615234375,180.0,0.0,Jump,pressed
1221.339,jump_executed,1018.65930175781,-1338.05615234375,180.0,-500.0,jump,x_1018.65930175781_y_-1338.05615234375
1221.774,jump_peak_reached,1037.92529296875,-1444.89367675781,15.0,39.8149261474609,jump_peak,x_1037.92529296875_y_-1444.89367675781
1222.068,platform_landed,1037.99914550781,-1338.06176757812,15.0,0.0,land_on_platform,platform_scene-1/Tile Map/58_-75_layer_Tile Map_tile_58_-75_source_1_atlas_0_6
1222.068,landed,1037.99914550781,-1338.06176757812,15.0,0.0,land,surface_wood_impact_1.41296337890625
1222.068,musicking,1037.99914550781,-1338.06176757812,15.0,0.0,osc_received,"value_[1, ""water-tube""]"
1222.102,jump_input_released,1037.99914550781,-1337.98876953125,33.3333320617676,0.0,Jump,released
1222.333,move_left_pressed,1037.92529296875,-1338.05346679688,-33.3333320617676,0.0,Move_Left,pressed
1222.716,jump_input_pressed,975.591796875,-1338.0625,-180.0,0.0,Jump,pressed
1222.716,jump_executed,975.591796875,-1338.0625,-180.0,-500.0,jump,x_975.591796875_y_-1338.0625
1223.14,jump_peak_reached,897.588745117188,-1444.89965820312,-180.0,39.8149261474609,jump_peak,x_897.588745117188_y_-1444.89965820312
1223.306,jump_input_released,867.588745117188,-1410.48608398438,-180.0,410.185333251953,Jump,released
1223.439,platform_landed,840.604553222656,-1338.05419921875,-180.0,0.0,land_on_platform,platform_scene-1/Tile Map/46_-74_layer_Tile Map_tile_46_-74_source_1_atlas_13_6
1223.44,landed,840.604553222656,-1338.05419921875,-180.0,0.0,land,surface_wood_impact_1.41296337890625
1223.448,musicking,840.604553222656,-1338.05419921875,-180.0,0.0,osc_received,"value_[1, ""water-tube""]"
1223.565,jump_input_pressed,819.60400390625,-1338.05419921875,-180.0,0.0,Jump,pressed
1223.565,jump_executed,819.60400390625,-1338.05419921875,-180.0,-500.0,jump,x_819.60400390625_y_-1338.05419921875
1223.882,jump_input_released,762.600708007812,-1438.25317382812,-180.0,-114.722114562988,Jump,released
1223.973,jump_peak_reached,744.600708007812,-1443.04479980469,-180.0,41.2037048339844,jump_peak,x_744.600708007812_y_-1443.04479980469
1224.258,platform_landed,690.603393554688,-1338.060546875,-180.0,0.0,land_on_platform,platform_scene-1/Tile Map/38_-74_layer_Tile Map_tile_38_-74_source_1_atlas_13_6
1224.258,landed,690.603393554688,-1338.060546875,-180.0,0.0,land,surface_wood_impact_1.34166687011719
1224.259,musicking,690.603393554688,-1338.060546875,-180.0,0.0,osc_received,"value_[1, ""water-tube""]"
1224.308,jump_input_pressed,685.992309570312,-1338.060546875,-13.3333311080933,0.0,Jump,pressed
1224.308,jump_executed,685.992309570312,-1338.060546875,-13.3333311080933,-500.0,jump,x_685.992309570312_y_-1338.060546875
1224.308,musicking,685.769714355469,-1346.40783691406,-13.3333311080933,-500.055541992188,osc_received,"value_[1, ""chain-jumps""]"
1224.323,jump_peak_reached,685.769714355469,-1346.40783691406,0.0,-479.222198486328,jump_peak,x_685.769714355469_y_-1346.40783691406
1224.467,move_left_pressed,685.769714355469,-1405.98559570312,-15.0,-294.722106933594,Move_Left,pressed
1224.833,platform_landed,633.263488769531,-1428.08032226562,-180.0,0.0,land_on_platform,platform_scene-1/Tile Map/35_-79_layer_Tile Map_tile_35_-79_source_1_atlas_14_6
1224.833,landed,633.263488769531,-1428.08032226562,-180.0,0.0,land,surface_wood_impact_0.52407427978516
1224.834,musicking,633.263488769531,-1428.08032226562,-180.0,0.0,osc_received,"value_[1, ""water-tube""]"
1224.934,jump_input_released,618.930603027344,-1428.98010253906,-96.6666641235352,0.0,Jump,released
1225.481,jump_input_pressed,617.097045898438,-1429.04016113281,0.0,0.0,Jump,pressed
1225.481,jump_executed,617.097045898438,-1429.04016113281,0.0,-500.0,jump,x_617.097045898438_y_-1429.04016113281
1225.648,jump_peak_reached,617.131286621094,-1488.51843261719,0.0,57.8213005065918,jump_peak,x_617.131286621094_y_-1488.51843261719
1225.848,platform_landed,617.131286621094,-1429.00329589844,0.0,0.0,land_on_platform,platform_scene-1/Tile Map/34_-79_layer_Tile Map_tile_34_-79_source_1_atlas_14_6
1225.848,landed,617.131286621094,-1429.00329589844,0.0,0.0,land,surface_wood_impact_1.00453161621094
1225.848,musicking,617.131286621094,-1429.00329589844,0.0,0.0,osc_received,"value_[1, ""water-tube""]"
1226.007,jump_input_released,617.131286621094,-1429.00329589844,0.0,0.0,Jump,released
1226.174,jump_input_pressed,617.131286621094,-1429.00329589844,0.0,0.0,Jump,pressed
1226.174,jump_executed,617.131286621094,-1429.00329589844,0.0,-500.0,jump,x_617.131286621094_y_-1429.00329589844
1226.207,move_left_pressed,617.131286621094,-1445.36572265625,-15.0,-458.499969482422,Move_Left,pressed
1226.339,jump_peak_reached,612.783020019531,-1489.126953125,0.0,39.9509048461914,jump_peak,x_612.783020019531_y_-1489.126953125
1226.549,platform_landed,612.783020019531,-1428.65637207031,0.0,0.0,land_on_platform,platform_scene-1/Tile Map/34_-79_layer_Tile Map_tile_34_-79_source_1_atlas_14_6
1226.549,landed,612.783020019531,-1428.65637207031,0.0,0.0,land,surface_wood_impact_1.04286486816406
1226.549,musicking,612.783020019531,-1428.65637207031,0.0,0.0,osc_received,"value_[1, ""water-tube""]"
1226.648,move_left_pressed,612.783020019531,-1428.65637207031,-33.3333320617676,0.0,Move_Left,pressed
1226.715,jump_input_released,607.449462890625,-1427.197265625,-130.0,74.0740737915039,Jump,released
1226.957,platform_landed,561.289367675781,-1338.064453125,-180.0,0.0,land_on_platform,platform_scene-1/Tile Map/31_-74_layer_Tile Map_tile_31_-74_source_1_atlas_13_6
1226.957,landed,561.289367675781,-1338.064453125,-180.0,0.0,land,surface_wood_impact_1.25925939941406
1226.96,musicking,561.289367675781,-1338.064453125,-180.0,0.0,osc_received,"value_[1, ""water-tube""]"
1227.65,jump_input_pressed,438.289428710938,-1338.04931640625,-180.0,0.0,Jump,pressed
1227.65,jump_executed,438.289428710938,-1338.04931640625,-180.0,-500.0,jump,x_438.289428710938_y_-1338.04931640625
1228.074,jump_peak_reached,360.283630371094,-1444.89404296875,-180.0,39.8149261474609,jump_peak,x_360.283630371094_y_-1444.89404296875
1228.174,platform_landed,339.2900390625,-1428.09216308594,-180.0,0.0,land_on_platform,platform_scene-1/Tile Map/18_-79_layer_Tile Map_tile_18_-79_source_1_atlas_14_6
1228.175,landed,339.2900390625,-1428.09216308594,-180.0,0.0,land,surface_wood_impact_0.52407427978516
1228.175,musicking,339.2900390625,-1428.09216308594,-180.0,0.0,osc_received,"value_[1, ""water-tube""]"
1228.191,musicking,337.679046630859,-1428.11145019531,-96.6666641235352,0.0,osc_received,"value_[1, ""platform_pan_nav""]"
1228.206,jump_input_released,337.679046630859,-1428.11145019531,-13.3333311080933,0.0,Jump,released
1228.399,move_left_pressed,337.456817626953,-1428.11145019531,-33.3333320617676,0.0,Move_Left,pressed
1228.415,jump_input_pressed,336.901275634766,-1428.11145019531,-66.6666641235352,0.0,Jump,pressed
1228.415,jump_executed,336.901275634766,-1428.11145019531,-66.6666641235352,-500.0,jump,x_336.901275634766_y_-1428.11145019531
1228.848,jump_peak_reached,267.011352539062,-1534.94763183594,-180.0,39.8149261474609,jump_peak,x_267.011352539062_y_-1534.94763183594
1228.956,jump_input_released,247.400238037109,-1517.33959960938,-13.3333311080933,299.074188232422,Jump,released
1229.04,platform_landed,247.178009033203,-1482.99658203125,0.0,0.0,land_on_platform,platform_scene-1/Tile Map/13_-82_layer_Tile Map_tile_13_-82_source_1_atlas_14_6
1229.04,landed,247.178009033203,-1482.99658203125,0.0,0.0,land,surface_wood_impact_0.96851885986328
1229.048,musicking,247.178009033203,-1482.99658203125,0.0,0.0,osc_received,"value_[1, ""water-tube""]"
1229.274,jump_input_pressed,247.178009033203,-1482.99658203125,0.0,0.0,Jump,pressed
1229.274,jump_executed,247.178009033203,-1482.99658203125,0.0,-500.0,jump,x_247.178009033203_y_-1482.99658203125
1229.31,move_right_pressed,247.178009033203,-1499.36950683594,15.0,-458.499969482422,Move_Right,pressed
1229.698,jump_peak_reached,302.678009033203,-1589.875,180.0,39.8149261474609,jump_peak,x_302.678009033203_y_-1589.875
1229.889,platform_landed,337.535614013672,-1536.10620117188,13.3333311080933,0.0,land_on_platform,platform_scene-1/Tile Map/18_-85_layer_Tile Map_tile_18_-85_source_1_atlas_14_6
1229.889,landed,337.535614013672,-1536.10620117188,13.3333311080933,0.0,land,surface_wood_impact_0.96851885986328
1229.89,musicking,337.535614013672,-1536.10620117188,13.3333311080933,0.0,osc_received,"value_[1, ""water-tube""]"
1229.907,jump_input_released,337.535614013672,-1536.10620117188,0.0,0.0,Jump,released
1230.107,move_left_pressed,337.535614013672,-1536.10620117188,-33.3333320617676,0.0,Move_Left,pressed
1230.156,jump_input_pressed,334.590576171875,-1536.97338867188,-133.33332824707,0.0,Jump,pressed
1230.156,jump_executed,334.590576171875,-1536.97338867188,-133.33332824707,-500.0,jump,x_334.590576171875_y_-1536.97338867188
1230.581,jump_peak_reached,258.20166015625,-1643.80200195312,-180.0,39.8149261474609,jump_peak,x_258.20166015625_y_-1643.80200195312
1230.715,jump_input_released,235.590545654297,-1621.20935058594,-13.3333311080933,336.111236572266,Jump,released
1230.79,platform_landed,235.368316650391,-1590.02233886719,0.0,0.0,land_on_platform,platform_scene-1/Tile Map/13_-88_layer_Tile Map_tile_13_-88_source_1_atlas_14_6
1230.79,landed,235.368316650391,-1590.02233886719,0.0,0.0,land,surface_wood_impact_0.96851885986328
1230.791,musicking,235.368316650391,-1590.02233886719,0.0,0.0,osc_received,"value_[1, ""water-tube""]"
1230.967,move_right_pressed,235.368316650391,-1590.02233886719,33.3333320617676,0.0,Move_Right,pressed
1230.981,jump_input_pressed,235.923477172852,-1590.07202148438,66.6666641235352,0.0,Jump,pressed
1230.981,jump_executed,235.923477172852,-1590.07202148438,66.6666641235352,-500.0,jump,x_235.923477172852_y_-1590.07202148438
1231.415,jump_peak_reached,305.813232421875,-1696.90698242188,180.0,39.8149261474609,jump_peak,x_305.813232421875_y_-1696.90698242188
1231.616,platform_landed,344.78369140625,-1644.08032226562,180.0,0.0,land_on_platform,platform_scene-1/Tile Map/19_-91_layer_Tile Map_tile_19_-91_source_1_atlas_14_6
1231.616,landed,344.78369140625,-1644.08032226562,180.0,0.0,land,surface_wood_impact_0.96851885986328
1231.616,musicking,344.78369140625,-1644.08032226562,180.0,0.0,osc_received,"value_[1, ""water-tube""]"
1231.65,jump_input_released,346.394683837891,-1644.09655761719,13.3333311080933,0.0,Jump,released
1231.782,move_left_pressed,346.616912841797,-1644.09655761719,-33.3333320617676,0.0,Move_Left,pressed
1231.824,jump_input_pressed,343.283111572266,-1644.01647949219,-133.33332824707,0.0,Jump,pressed
1231.824,jump_executed,343.283111572266,-1644.01647949219,-133.33332824707,-500.0,jump,x_343.283111572266_y_-1644.01647949219
1232.257,jump_peak_reached,266.880859375,-1750.89526367188,-180.0,39.8149261474609,jump_peak,x_266.880859375_y_-1750.89526367188
1232.448,jump_input_released,230.880859375,-1702.19152832031,-180.0,484.259429931641,Jump,released
1232.448,platform_landed,228.364593505859,-1698.11572265625,-180.0,0.0,land_on_platform,platform_scene-1/Tile Map/12_-94_layer_Tile Map_tile_12_-94_source_1_atlas_14_6
1232.448,landed,228.364593505859,-1698.11572265625,-180.0,0.0,land,surface_wood_impact_0.96851885986328
1232.449,musicking,228.364593505859,-1698.11572265625,-180.0,0.0,osc_received,"value_[1, ""water-tube""]"
1232.583,move_right_pressed,226.89599609375,-1698.7197265625,33.3333320617676,0.0,Move_Right,pressed
1232.598,jump_input_pressed,227.469345092773,-1698.5341796875,66.6666641235352,0.0,Jump,pressed
1232.598,jump_executed,227.469345092773,-1698.5341796875,66.6666641235352,-500.0,jump,x_227.469345092773_y_-1698.5341796875
1233.023,jump_peak_reached,297.366180419922,-1805.42224121094,180.0,39.8149261474609,jump_peak,x_297.366180419922_y_-1805.42224121094
1233.224,platform_landed,337.342498779297,-1752.09423828125,180.0,0.0,land_on_platform,platform_scene-1/Tile Map/18_-97_layer_Tile Map_tile_18_-97_source_1_atlas_14_6
1233.225,landed,337.342498779297,-1752.09423828125,180.0,0.0,land,surface_wood_impact_0.96851885986328
1233.225,musicking,337.342498779297,-1752.09423828125,180.0,0.0,osc_received,"value_[1, ""water-tube""]"
1233.29,jump_input_released,346.341979980469,-1752.08618164062,96.6666641235352,0.0,Jump,released
1233.534,jump_input_pressed,348.175140380859,-1752.10803222656,0.0,0.0,Jump,pressed
1233.534,jump_executed,348.175140380859,-1752.10803222656,0.0,-500.0,jump,x_348.175140380859_y_-1752.10803222656
1233.599,jump_input_released,348.175140380859,-1783.38098144531,0.0,-417.22216796875,Jump,released
1233.682,move_left_pressed,348.175140380859,-1788.24206542969,-15.0,4.16666746139526,Move_Left,pressed
1233.698,jump_peak_reached,347.925140380859,-1788.17260742188,-30.0,41.2037048339844,jump_peak,x_347.925140380859_y_-1788.17260742188
1233.857,platform_landed,342.814025878906,-1752.013671875,0.0,0.0,land_on_platform,platform_scene-1/Tile Map/18_-97_layer_Tile Map_tile_18_-97_source_1_atlas_14_6
1233.857,landed,342.814025878906,-1752.013671875,0.0,0.0,land,surface_wood_impact_0.82314825439453
1233.858,musicking,342.814025878906,-1752.013671875,0.0,0.0,osc_received,"value_[1, ""water-tube""]"
1234.107,move_left_pressed,342.814025878906,-1752.013671875,-33.3333320617676,0.0,Move_Left,pressed
1234.482,jump_input_pressed,336.425964355469,-1752.11328125,0.0,0.0,Jump,pressed
1234.482,jump_executed,336.425964355469,-1752.11328125,0.0,-500.0,jump,x_336.425964355469_y_-1752.11328125
1234.798,move_right_pressed,334.538879394531,-1851.65295410156,15.0,-114.722114562988,Move_Right,pressed
1234.915,jump_peak_reached,341.538879394531,-1858.29174804688,120.0,39.8149261474609,jump_peak,x_341.538879394531_y_-1858.29174804688
1234.999,jump_input_released,354.038879394531,-1848.80102539062,180.0,225.000106811523,Jump,released
1235.068,platform_landed,361.872222900391,-1827.01196289062,0.0,0.0,land_on_platform,platform_scene-1/Tile Map/20_-101_layer_Tile Map_tile_20_-101_source_1_atlas_3_4
1235.068,landed,361.872222900391,-1827.01196289062,0.0,0.0,land,surface_wood_impact_0.74629656982422
1235.081,musicking,361.872222900391,-1827.01196289062,0.0,0.0,osc_received,"value_[1, ""platform_pan_nav""]"
1235.4,move_left_pressed,361.872222900391,-1827.01196289062,-33.3333320617676,0.0,Move_Left,pressed
1235.49,jump_input_pressed,350.538055419922,-1827.06860351562,-180.0,0.0,Jump,pressed
1235.49,jump_executed,350.538055419922,-1827.06860351562,-180.0,-500.0,jump,x_350.538055419922_y_-1827.06860351562
1235.915,jump_peak_reached,272.536041259766,-1933.90283203125,-180.0,39.8149261474609,jump_peak,x_272.536041259766_y_-1933.90283203125
1235.967,jump_input_released,263.536041259766,-1930.06018066406,-180.0,150.926040649414,Jump,released
1236.115,coin_collected,255.702697753906,-1885.19909667969,0.0,447.222381591797,collect_coin,coin_coin25_score_36
1236.116,sonification,255.702697753906,-1877.12805175781,0.0,484.259429931641,osc_received,"value_[1, ""coins-with-pitch""]"
1236.149,platform_landed,255.702697753906,-1863.02368164062,0.0,0.0,land_on_platform,platform_scene-1/Tile Map/14_-103_layer_Tile Map_tile_14_-103_source_1_atlas_3_4
1236.149,landed,255.702697753906,-1863.02368164062,0.0,0.0,land,surface_wood_impact_1.1166669921875
1236.524,move_left_pressed,255.702697753906,-1863.02368164062,-33.3333320617676,0.0,Move_Left,pressed
1236.524,jump_input_pressed,255.702697753906,-1863.02368164062,-33.3333320617676,0.0,Jump,pressed
1236.524,jump_executed,255.702697753906,-1863.02368164062,-33.3333320617676,-500.0,jump,x_255.702697753906_y_-1863.02368164062
1236.936,jump_input_released,193.894104003906,-1969.94396972656,-96.6666641235352,2.77788853645325,Jump,released
1236.949,jump_peak_reached,192.282989501953,-1969.89770507812,-13.3333311080933,39.8149261474609,jump_peak,x_192.282989501953_y_-1969.89770507812
1237.149,platform_landed,192.060760498047,-1917.00085449219,0.0,0.0,land_on_platform,platform_scene-1/Tile Map/10_-106_layer_Tile Map_tile_10_-106_source_1_atlas_13_7
1237.149,landed,192.060760498047,-1917.00085449219,0.0,0.0,land,surface_wood_impact_0.96851885986328
1237.15,sonification,192.060760498047,-1917.00085449219,0.0,0.0,osc_received,"value_[1, ""leadr-mel""]"
1237.15,musicking,192.060760498047,-1917.00085449219,0.0,0.0,osc_received,"value_[1, ""cloud""]"
1237.34,jump_input_pressed,192.060760498047,-1917.00085449219,0.0,0.0,Jump,pressed
1237.34,jump_executed,192.060760498047,-1917.00085449219,0.0,-500.0,jump,x_192.060760498047_y_-1917.00085449219
1237.474,top/checkpoint reached,192.060760498047,-1974.12170410156,0.0,-335.833251953125,top/checkpoint,coins collected: 36
1237.493,move_left_pressed,192.060760498047,-1979.71887207031,-15.0,-314.999908447266,Move_Left,pressed
1237.768,jump_peak_reached,157.560760498047,-2023.89477539062,-180.0,39.8149261474609,jump_peak,x_157.560760498047_y_-2023.89477539062
1237.849,jump_input_released,142.560760498047,-2014.40405273438,-180.0,225.000106811523,Jump,released
1237.934,platform_landed,124.562225341797,-1989.07141113281,-180.0,0.0,land_on_platform,platform_scene-1/Tile Map/6_-110_layer_Tile Map_tile_6_-110_source_1_atlas_2_4
1237.934,landed,124.562225341797,-1989.07141113281,-180.0,0.0,land,surface_wood_impact_0.82037066650391
1237.941,sonification,124.562225341797,-1989.07141113281,-180.0,0.0,osc_received,"value_[1, ""leadr-mel""]"
1239.224,move_right_pressed,-63.925048828125,-1989.06616210938,33.3333320617676,0.0,Move_Right,pressed
1239.95,move_right_pressed,-8.75837993621826,-1989.07470703125,33.3333320617676,0.0,Move_Right,pressed
1240.098,jump_input_pressed,11.5749540328979,-1989.07470703125,180.0,0.0,Jump,pressed
1240.098,jump_executed,11.5749540328979,-1989.07470703125,180.0,-500.0,jump,x_11.5749540328979_y_-1989.07470703125
1240.199,jump_input_released,29.5753059387207,-2033.91918945312,180.0,-376.166595458984,Jump,released
1240.29,jump_peak_reached,47.5753059387207,-2038.71081542969,180.0,41.2037048339844,jump_peak,x_47.5753059387207_y_-2038.71081542969
1240.491,platform_landed,86.5753173828125,-1989.06726074219,180.0,0.0,land_on_platform,platform_scene-1/Tile Map/4_-110_layer_Tile Map_tile_4_-110_source_1_atlas_2_4
1240.491,landed,86.5753173828125,-1989.06726074219,180.0,0.0,land,surface_wood_impact_0.97129644775391
1240.498,sonification,86.5753173828125,-1989.06726074219,180.0,0.0,osc_received,"value_[1, ""leadr-mel""]"
1240.598,jump_input_pressed,101.575317382812,-1989.06726074219,180.0,0.0,Jump,pressed
1240.598,jump_executed,101.575317382812,-1989.06726074219,180.0,-500.0,jump,x_101.575317382812_y_-1989.06726074219
1240.69,jump_input_released,119.577690124512,-2033.91735839844,180.0,-376.166595458984,Jump,released
1240.789,jump_peak_reached,136.188812255859,-2038.708984375,13.3333311080933,41.2037048339844,jump_peak,x_136.188812255859_y_-2038.708984375
1240.998,platform_landed,136.411041259766,-1989.03198242188,0.0,0.0,land_on_platform,platform_scene-1/Tile Map/7_-110_layer_Tile Map_tile_7_-110_source_1_atlas_2_4
1240.999,landed,136.411041259766,-1989.03198242188,0.0,0.0,land,surface_wood_impact_0.97129644775391
1241.007,sonification,136.411041259766,-1989.03198242188,0.0,0.0,osc_received,"value_[1, ""leadr-mel""]"
1241.35,move_right_pressed,136.411041259766,-1989.03198242188,33.3333320617676,0.0,Move_Right,pressed
1241.607,jump_input_pressed,177.744384765625,-1989.07019042969,180.0,0.0,Jump,pressed
1241.607,jump_executed,177.744384765625,-1989.07019042969,180.0,-500.0,jump,x_177.744384765625_y_-1989.07019042969
1241.966,jump_input_released,240.745986938477,-2092.79809570312,180.0,-75.3332214355469,Jump,released
1242.04,jump_peak_reached,255.745986938477,-2095.60375976562,180.0,45.0371475219727,jump_peak,x_255.745986938477_y_-2095.60375976562
1242.315,platform_landed,269.579345703125,-1989.00964355469,0.0,0.0,land_on_platform,platform_scene-1/Tile Map/14_-110_layer_Tile Map_tile_14_-110_source_1_atlas_2_4
1242.315,landed,269.579345703125,-1989.00964355469,0.0,0.0,land,surface_wood_impact_1.34933374023438
1242.323,sonification,269.579345703125,-1989.00964355469,0.0,0.0,osc_received,"value_[1, ""leadr-mel""]"
1242.416,move_right_pressed,269.579345703125,-1989.00964355469,33.3333320617676,0.0,Move_Right,pressed
1242.641,jump_input_pressed,304.913330078125,-1989.07250976562,180.0,0.0,Jump,pressed
1242.641,jump_executed,304.913330078125,-1989.07250976562,180.0,-500.0,jump,x_304.913330078125_y_-1989.07250976562
1242.666,jump_peak_reached,307.914276123047,-1997.40942382812,180.0,-479.222198486328,jump_peak,x_307.914276123047_y_-1997.40942382812
1242.824,jump_input_released,333.748809814453,-2020.73608398438,0.0,222.222213745117,Jump,released
1242.924,platform_landed,333.748809814453,-1989.00854492188,0.0,0.0,land_on_platform,platform_scene-1/Tile Map/18_-110_layer_Tile Map_tile_18_-110_source_1_atlas_2_4
1242.924,landed,333.748809814453,-1989.00854492188,0.0,0.0,land,surface_wood_impact_0.88888897705078
1242.925,sonification,333.748809814453,-1989.00854492188,0.0,0.0,osc_received,"value_[1, ""leadr-mel""]"
1242.973,jump_input_pressed,333.748809814453,-1989.00854492188,0.0,0.0,Jump,pressed
1242.973,jump_executed,333.748809814453,-1989.00854492188,0.0,-500.0,jump,x_333.748809814453_y_-1989.00854492188
1242.982,musicking,333.748809814453,-1997.40148925781,0.0,-500.055541992188,osc_received,"value_[1, ""chain-jumps""]"
1242.999,move_right_pressed,333.748809814453,-1997.40148925781,15.0,-479.222198486328,Move_Right,pressed
1243.082,jump_peak_reached,338.806121826172,-2031.25695800781,15.0,57.6171989440918,jump_peak,x_338.806121826172_y_-2031.25695800781
1243.115,jump_input_released,339.556121826172,-2028.71911621094,45.0,131.691268920898,Jump,released
1243.249,platform_landed,355.306121826172,-1989.06665039062,165.0,0.0,land_on_platform,platform_scene-1/Tile Map/19_-110_layer_Tile Map_tile_19_-110_source_1_atlas_2_4
1243.249,landed,355.306121826172,-1989.06665039062,165.0,0.0,land,surface_wood_impact_0.85597521972656
1243.25,sonification,355.306121826172,-1989.06665039062,165.0,0.0,osc_received,"value_[1, ""leadr-mel""]"
1243.416,musicking,385.306121826172,-1989.06665039062,180.0,0.0,osc_received,"value_[1, ""chain-jumps-combo-walk""]"
1243.909,jump_input_pressed,472.306121826172,-1989.07470703125,180.0,0.0,Jump,pressed
1243.909,jump_executed,472.306121826172,-1989.07470703125,180.0,-500.0,jump,x_472.306121826172_y_-1989.07470703125
1244.006,jump_peak_reached,487.416564941406,-2026.58044433594,29.6067047119141,57.7003593444824,jump_peak,x_487.416564941406_y_-2026.58044433594
1244.049,jump_input_released,489.646881103516,-2021.84350585938,74.6067047119141,168.811462402344,Jump,released
1244.178,platform_landed,506.594390869141,-1989.0673828125,179.606704711914,0.0,land_on_platform,platform_scene-1/Tile Map/28_-110_layer_Tile Map_tile_28_-110_source_1_atlas_2_4
1244.178,landed,506.594390869141,-1989.0673828125,179.606704711914,0.0,land,surface_wood_impact_0.85614154052734
1244.179,sonification,506.594390869141,-1989.0673828125,179.606704711914,0.0,osc_received,"value_[1, ""leadr-mel""]"
1244.391,move_right_pressed,520.427734375,-1989.0673828125,33.3333320617676,0.0,Move_Right,pressed
1244.768,move_right_pressed,526.816589355469,-1989.0673828125,33.3333320617676,0.0,Move_Right,pressed
1245.124,jump_input_pressed,586.127746582031,-1989.07482910156,180.0,0.0,Jump,pressed
1245.124,jump_executed,586.127746582031,-1989.07482910156,180.0,-500.0,jump,x_586.127746582031_y_-1989.07482910156
1245.549,jump_peak_reached,664.128051757812,-2095.90454101562,180.0,39.8149261474609,jump_peak,x_664.128051757812_y_-2095.90454101562
1245.816,jump_input_released,712.128051757812,-2011.21313476562,180.0,632.407592773438,Jump,released
1245.849,platform_landed,721.128051757812,-1989.06726074219,180.0,0.0,land_on_platform,platform_scene-1/Tile Map/40_-110_layer_Tile Map_tile_40_-110_source_1_atlas_2_4
1245.849,landed,721.128051757812,-1989.06726074219,180.0,0.0,land,surface_wood_impact_1.41296337890625
1245.85,sonification,721.128051757812,-1989.06726074219,180.0,0.0,osc_received,"value_[1, ""leadr-mel""]"
1247.332,scene_transition,988.109497070312,-1989.07470703125,180.0,0.0,switch,from_res://Scenes/Main/scene-1.tscn_to_res://Scenes/Main/menu.tscn
1247.334,session_end,988.109497070312,-1989.07470703125,180.0,0.0,,
