timestamp_seconds,event,x,y,velocity_x,velocity_y,action,info
1449.697,session_start,392.0,624.0,0.0,0.0,,
1449.752,jump_peak_reached,392.0,624.0,0.0,37.037036895752,jump_peak,x_392.0_y_624.0
1449.773,platform_landed,392.0,638.988403320312,0.0,0.0,land_on_platform,platform_scene-1/Tile Map/21_36_layer_Tile Map_tile_21_36_source_1_atlas_2_0
1449.773,landed,392.0,638.988403320312,0.0,0.0,land,surface_wood_impact_0.51851849365234
1450.785,jump_input_pressed,392.0,638.988403320312,0.0,0.0,Jump,pressed
1450.785,jump_executed,392.0,638.988403320312,0.0,-500.0,jump,x_392.0_y_638.988403320312
1450.871,jump_input_released,387.891143798828,603.527221679688,0.0,-396.666595458984,Jump,released
1450.954,jump_peak_reached,387.891143798828,598.735534667969,0.0,41.2037048339844,jump_peak,x_387.891143798828_y_598.735534667969
1451.121,platform_landed,387.891143798828,638.967407226562,0.0,0.0,land_on_platform,platform_scene-1/Tile Map/21_36_layer_Tile Map_tile_21_36_source_1_atlas_2_0
1451.122,landed,387.891143798828,638.967407226562,0.0,0.0,land,surface_wood_impact_0.82314825439453
1451.455,move_left_pressed,387.891143798828,638.967407226562,-33.3333320617676,0.0,Move_Left,pressed
1452.254,move_right_pressed,365.724487304688,638.929626464844,33.3333320617676,0.0,Move_Right,pressed
1452.404,move_right_pressed,384.668914794922,638.929626464844,130.0,0.0,Move_Right,pressed
1452.404,jump_input_pressed,384.668914794922,638.929626464844,130.0,0.0,Jump,pressed
1452.404,jump_executed,384.668914794922,638.929626464844,130.0,-500.0,jump,x_384.668914794922_y_638.929626464844
1452.571,jump_input_released,390.359710693359,573.044555664062,0.0,-294.722106933594,Jump,released
1452.679,jump_peak_reached,390.359710693359,568.252868652344,0.0,41.2037048339844,jump_peak,x_390.359710693359_y_568.252868652344
1452.838,move_right_pressed,389.926147460938,602.754638671875,15.0,411.574127197266,Move_Right,pressed
1452.905,platform_landed,391.42529296875,638.933776855469,45.0,0.0,land_on_platform,platform_scene-1/Tile Map/21_36_layer_Tile Map_tile_21_36_source_1_atlas_2_0
1452.905,landed,391.42529296875,638.933776855469,45.0,0.0,land,surface_wood_impact_1.11944458007812
1453.354,move_left_pressed,407.814178466797,638.933776855469,-33.3333320617676,0.0,Move_Left,pressed
1454.072,move_right_pressed,361.647521972656,638.933776855469,33.3333320617676,0.0,Move_Right,pressed
1454.239,jump_input_pressed,384.980834960938,638.933776855469,180.0,0.0,Jump,pressed
1454.24,jump_executed,384.980834960938,638.933776855469,180.0,-500.0,jump,x_384.980834960938_y_638.933776855469
1454.338,jump_peak_reached,392.137664794922,617.157470703125,30.0,55.1377258300781,jump_peak,x_392.137664794922_y_617.157470703125
1454.388,jump_input_released,394.387664794922,621.766174316406,75.0,166.248840332031,Jump,released
1454.455,platform_landed,403.137664794922,638.932922363281,135.0,0.0,land_on_platform,platform_scene-1/Tile Map/22_36_layer_Tile Map_tile_22_36_source_1_atlas_2_0
1454.455,landed,403.137664794922,638.932922363281,135.0,0.0,land,surface_wood_impact_0.62879400634766
1454.705,move_left_pressed,428.776550292969,638.925109863281,-33.3333320617676,0.0,Move_Left,pressed
1455.505,move_right_pressed,364.609893798828,638.925109863281,33.3333320617676,0.0,Move_Right,pressed
1455.656,jump_input_pressed,384.943206787109,638.925109863281,180.0,0.0,Jump,pressed
1455.656,jump_executed,384.943206787109,638.925109863281,180.0,-500.0,jump,x_384.943206787109_y_638.925109863281
1455.738,jump_input_released,391.817504882812,616.749389648438,15.0,15.9227046966553,Jump,released
1455.755,jump_peak_reached,392.041870117188,617.040771484375,15.0,52.9597434997559,jump_peak,x_392.041870117188_y_617.040771484375
1455.872,platform_landed,401.04248046875,638.93359375,120.0,0.0,land_on_platform,platform_scene-1/Tile Map/22_36_layer_Tile Map_tile_22_36_source_1_atlas_2_0
1455.872,landed,401.04248046875,638.93359375,120.0,0.0,land,surface_wood_impact_0.62443804931641
1456.088,move_left_pressed,432.431365966797,638.93359375,-20.0000019073486,0.0,Move_Left,pressed
1456.789,move_right_pressed,342.375793457031,638.93359375,33.3333320617676,0.0,Move_Right,pressed
1457.104,move_right_pressed,361.546905517578,638.93359375,33.3333320617676,0.0,Move_Right,pressed
1457.223,move_right_pressed,371.269104003906,638.93359375,33.3333320617676,0.0,Move_Right,pressed
1457.304,jump_input_pressed,379.602416992188,638.93359375,180.0,0.0,Jump,pressed
1457.305,jump_executed,379.602416992188,638.93359375,180.0,-500.0,jump,x_379.602416992188_y_638.93359375
1457.389,jump_input_released,389.92529296875,600.699279785156,15.0,-396.666595458984,Jump,released
1457.488,jump_peak_reached,389.925262451172,595.90771484375,15.0,41.2037048339844,jump_peak,x_389.925262451172_y_595.90771484375
1457.672,platform_landed,393.67529296875,638.933471679688,75.0,0.0,land_on_platform,platform_scene-1/Tile Map/21_36_layer_Tile Map_tile_21_36_source_1_atlas_2_0
1457.672,landed,393.67529296875,638.933471679688,75.0,0.0,land,surface_wood_impact_0.89722235107422
1457.755,jump_input_pressed,403.758605957031,638.933471679688,180.0,0.0,Jump,pressed
1457.755,jump_executed,403.758605957031,638.933471679688,180.0,-500.0,jump,x_403.758605957031_y_638.933471679688
1457.757,musicking,406.76123046875,630.591918945312,180.0,-500.055541992188,osc_received,"value_[1, ""chain-jumps-combo-walk""]"
1457.821,jump_peak_reached,415.762481689453,619.686279296875,180.0,74.0740737915039,jump_peak,x_415.762481689453_y_619.686279296875
1457.838,jump_input_released,418.762481689453,620.920837402344,180.0,111.111114501953,Jump,released
1457.922,platform_landed,435.373565673828,638.933349609375,96.6666641235352,0.0,land_on_platform,platform_scene-1/Tile Map/24_36_layer_Tile Map_tile_24_36_source_1_atlas_2_0
1457.922,landed,435.373565673828,638.933349609375,96.6666641235352,0.0,land,surface_wood_impact_0.59259259033203
1458.42,move_right_pressed,435.595794677734,638.933349609375,33.3333320617676,0.0,Move_Right,pressed
1458.623,move_right_pressed,460.762451171875,638.933349609375,46.6666641235352,0.0,Move_Right,pressed
1458.638,jump_input_pressed,461.540222167969,638.933349609375,80.0,0.0,Jump,pressed
1458.638,jump_executed,461.540222167969,638.933349609375,80.0,-500.0,jump,x_461.540222167969_y_638.933349609375
1458.738,jump_input_released,466.735961914062,594.081970214844,0.0,-376.166595458984,Jump,released
1458.822,jump_input_pressed,466.735961914062,589.220825195312,0.0,4.16666746139526,Jump,pressed
1458.838,jump_peak_reached,466.735961914062,589.290283203125,0.0,41.2037048339844,jump_peak,x_466.735961914062_y_589.290283203125
1458.921,jump_input_released,466.735961914062,598.896789550781,0.0,226.388885498047,Jump,released
1459.038,platform_landed,466.735961914062,638.967407226562,0.0,0.0,land_on_platform,platform_scene-1/Tile Map/25_36_layer_Tile Map_tile_25_36_source_1_atlas_2_0
1459.038,landed,466.735961914062,638.967407226562,0.0,0.0,land,surface_wood_impact_0.97129644775391
1459.454,move_right_pressed,466.735961914062,638.967407226562,33.3333320617676,0.0,Move_Right,pressed
1461.18,move_right_pressed,584.89013671875,638.924743652344,33.3333320617676,0.0,Move_Right,pressed
1461.471,sonification,632.223449707031,638.924743652344,180.0,0.0,osc_received,"value_[1, ""mushrooms""]"
1461.53,sonification,637.056762695312,638.924743652344,0.0,0.0,osc_received,"value_[1, ""mushrooms""]"
1462.49,move_right_pressed,637.056762695312,638.924743652344,33.3333320617676,0.0,Move_Right,pressed
1462.49,sonification,637.6123046875,638.924743652344,33.3333320617676,0.0,osc_received,"value_[1, ""mushrooms""]"
1463.222,sonification,758.223388671875,638.924743652344,0.0,0.0,osc_received,"value_[1, ""mushrooms""]"
1463.389,move_right_pressed,758.223388671875,638.924743652344,33.3333320617676,0.0,Move_Right,pressed
1463.39,sonification,758.778930664062,638.924743652344,33.3333320617676,0.0,osc_received,"value_[1, ""mushrooms""]"
1463.79,sonification,819.390014648438,638.924743652344,0.0,0.0,osc_received,"value_[1, ""mushrooms""]"
1464.488,move_right_pressed,819.390014648438,638.924743652344,33.3333320617676,0.0,Move_Right,pressed
1464.489,sonification,819.945556640625,638.924743652344,33.3333320617676,0.0,osc_received,"value_[1, ""mushrooms""]"
1465.639,sonification,1015.556640625,638.924743652344,0.0,0.0,osc_received,"value_[1, ""mushrooms""]"
1466.205,move_right_pressed,1015.556640625,638.924743652344,33.3333320617676,0.0,Move_Right,pressed
1466.205,sonification,1016.11218261719,638.924743652344,33.3333320617676,0.0,osc_received,"value_[1, ""mushrooms""]"
1466.357,sonification,1037.99938964844,638.998291015625,0.0,0.0,osc_received,"value_[1, ""mushrooms""]"
1467.772,move_right_pressed,1037.92529296875,638.933654785156,33.3333320617676,0.0,Move_Right,pressed
1468.405,move_right_pressed,1037.92529296875,638.933654785156,33.3333320617676,0.0,Move_Right,pressed
1468.488,jump_input_pressed,1037.92529296875,638.933654785156,33.3333320617676,0.0,Jump,pressed
1468.488,jump_executed,1037.92529296875,638.933654785156,33.3333320617676,-500.0,jump,x_1037.92529296875_y_638.933654785156
1468.638,jump_input_released,1037.92529296875,576.280944824219,15.0,-314.999908447266,Jump,released
1468.738,jump_peak_reached,1037.92529296875,571.489074707031,15.0,41.2037048339844,jump_peak,x_1037.92529296875_y_571.489074707031
1468.773,jump_input_pressed,1037.92529296875,573.479797363281,15.0,115.277786254883,Jump,pressed
1468.973,jump_input_released,1037.92529296875,637.2763671875,15.0,559.722290039062,Jump,released
1468.974,platform_landed,1037.99975585938,638.925109863281,15.0,0.0,land_on_platform,platform_scene-1/Tile Map/58_35_layer_Tile Map_tile_58_35_source_1_atlas_0_6
1468.974,landed,1037.99975585938,638.925109863281,15.0,0.0,land,surface_wood_impact_1.11944458007812
1468.974,sonification,1037.99975585938,638.925109863281,15.0,0.0,osc_received,"value_[1, ""mushrooms""]"
1468.991,sonification,1037.99975585938,638.998352050781,0.0,0.0,osc_received,"value_[1, ""mushrooms""]"
1469.938,move_left_pressed,1037.92529296875,638.933654785156,-33.3333320617676,0.0,Move_Left,pressed
1469.947,sonification,1037.36975097656,638.925231933594,-33.3333320617676,0.0,osc_received,"value_[1, ""mushrooms""]"
1471.004,sonification,859.758728027344,638.925231933594,0.0,0.0,osc_received,"value_[1, ""mushrooms""]"
1471.396,move_left_pressed,859.758728027344,638.925231933594,-33.3333320617676,0.0,Move_Left,pressed
1471.404,sonification,859.203186035156,638.925231933594,-33.3333320617676,0.0,osc_received,"value_[1, ""mushrooms""]"
1472.313,sonification,705.592102050781,638.925231933594,0.0,0.0,osc_received,"value_[1, ""mushrooms""]"
1473.438,move_left_pressed,705.592102050781,638.925231933594,-33.3333320617676,0.0,Move_Left,pressed
1473.446,sonification,705.036560058594,638.925231933594,-33.3333320617676,0.0,osc_received,"value_[1, ""mushrooms""]"
1473.896,sonification,628.2587890625,638.925231933594,-180.0,0.0,osc_received,"value_[1, ""mushrooms""]"
1474.755,jump_input_pressed,475.2587890625,638.925231933594,-180.0,0.0,Jump,pressed
1474.756,jump_executed,475.2587890625,638.925231933594,-180.0,-500.0,jump,x_475.2587890625_y_638.925231933594
1474.843,jump_input_released,460.258453369141,600.697448730469,-180.0,-396.666595458984,Jump,released
1474.922,jump_input_pressed,445.258453369141,595.836303710938,-180.0,4.16666746139526,Jump,pressed
1474.938,jump_peak_reached,442.258453369141,595.90576171875,-180.0,41.2037048339844,jump_peak,x_442.258453369141_y_595.90576171875
1475.038,jump_input_released,440.07470703125,609.285461425781,-15.0,263.425933837891,Jump,released
1475.121,platform_landed,436.32470703125,638.933410644531,-75.0,0.0,land_on_platform,platform_scene-1/Tile Map/24_36_layer_Tile Map_tile_24_36_source_1_atlas_2_0
1475.121,landed,436.32470703125,638.933410644531,-75.0,0.0,land,surface_wood_impact_0.89722235107422
1476.789,move_left_pressed,229.408050537109,638.933410644531,-33.3333320617676,0.0,Move_Left,pressed
1476.854,jump_input_pressed,223.852478027344,638.933410644531,-166.666656494141,0.0,Jump,pressed
1476.854,jump_executed,223.852478027344,638.933410644531,-166.666656494141,-500.0,jump,x_223.852478027344_y_638.933410644531
1477.022,jump_input_released,194.072250366211,571.014038085938,-180.0,-294.722106933594,Jump,released
1477.123,jump_peak_reached,176.072250366211,566.222351074219,-96.6666641235352,41.2037048339844,jump_peak,x_176.072250366211_y_566.222351074219
1477.272,move_right_pressed,174.238906860352,594.625122070312,15.0,374.537078857422,Move_Right,pressed
1477.355,platform_landed,179.488891601562,638.93310546875,90.0,0.0,land_on_platform,platform_scene-1/Tile Map/9_36_layer_Tile Map_tile_9_36_source_1_atlas_2_0
1477.355,landed,179.488891601562,638.93310546875,90.0,0.0,land,surface_wood_impact_1.11944458007812
1478.021,move_left_pressed,185.377792358398,638.93310546875,-33.3333320617676,0.0,Move_Left,pressed
1478.623,jump_input_pressed,84.0444488525391,638.93310546875,-180.0,0.0,Jump,pressed
1478.623,jump_executed,84.0444488525391,638.93310546875,-180.0,-500.0,jump,x_84.0444488525391_y_638.93310546875
1478.739,jump_input_released,63.0419235229492,587.806640625,-180.0,-355.722137451172,Jump,released
1478.838,jump_peak_reached,45.0419235229492,583.014953613281,-180.0,41.2037048339844,jump_peak,x_45.0419235229492_y_583.014953613281
1479.038,platform_landed,37.2085914611816,638.968139648438,0.0,0.0,land_on_platform,platform_scene-1/Tile Map/2_36_layer_Tile Map_tile_2_36_source_1_atlas_2_0
1479.038,landed,37.2085914611816,638.968139648438,0.0,0.0,land,surface_wood_impact_0.97129644775391
1479.271,move_left_pressed,37.2085914611816,638.968139648438,-33.3333320617676,0.0,Move_Left,pressed
1479.454,jump_input_pressed,10.8748397827148,638.927734375,-180.0,0.0,Jump,pressed
1479.455,jump_executed,10.8748397827148,638.927734375,-180.0,-500.0,jump,x_10.8748397827148_y_638.927734375
1479.789,jump_input_released,-9.92402076721191,536.804870605469,-15.0,-94.9998931884766,Jump,released
1479.888,jump_peak_reached,-9.92527008056641,532.51318359375,-15.0,46.2038116455078,jump_peak,x_-9.92527008056641_y_532.51318359375
1480.172,jump_input_pressed,-9.92526340484619,629.5537109375,-15.0,675.833557128906,Jump,pressed
1480.172,platform_landed,-9.92400741577148,638.997436523438,-15.0,0.0,land_on_platform,platform_scene-1/Tile Map/-1_36_layer_Tile Map_tile_-1_36_source_1_atlas_2_0
1480.173,landed,-9.92400741577148,638.997436523438,-15.0,0.0,land,surface_wood_impact_1.35166711425781
1480.188,jump_executed,-9.92400741577148,638.997436523438,-15.0,-500.0,jump,x_-9.92400741577148_y_638.997436523438
1480.205,jump_peak_reached,-9.9253454208374,630.663208007812,-15.0,-479.222198486328,jump_peak,x_-9.9253454208374_y_630.663208007812
1480.24,jump_input_released,-9.92402076721191,615.029846191406,0.0,-437.833282470703,Jump,released
1480.488,platform_landed,-9.92402076721191,638.994506835938,0.0,0.0,land_on_platform,platform_scene-1/Tile Map/-1_36_layer_Tile Map_tile_-1_36_source_1_atlas_2_0
1480.488,landed,-9.92402076721191,638.994506835938,0.0,0.0,land,surface_wood_impact_0.74907415771484
1481.056,move_left_pressed,-9.92402076721191,638.994506835938,-33.3333320617676,0.0,Move_Left,pressed
1481.206,musicking,-9.92402076721191,638.994506835938,0.0,0.0,osc_received,"value_[1, ""chain-jumps-combo-walk""]"
1481.221,jump_input_pressed,-9.92402076721191,638.994506835938,-33.3333320617676,0.0,Jump,pressed
1481.221,jump_executed,-9.92402076721191,638.994506835938,-33.3333320617676,-500.0,jump,x_-9.92402076721191_y_638.994506835938
1481.655,jump_peak_reached,-9.92526435852051,532.166198730469,-15.0,39.8149261474609,jump_peak,x_-9.92526435852051_y_532.166198730469
1481.954,platform_landed,-9.99951362609863,638.925109863281,-15.0,0.0,land_on_platform,platform_scene-1/Tile Map/-2_35_layer_Tile Map_tile_-2_35_source_1_atlas_3_0
1481.954,landed,-9.99951362609863,638.925109863281,-15.0,0.0,land,surface_wood_impact_1.41296337890625
1481.971,jump_input_released,-9.99951362609863,638.925109863281,-48.3333320617676,0.0,Jump,released
1483.006,move_right_pressed,-9.92526817321777,638.933654785156,33.3333320617676,0.0,Move_Right,pressed
1483.537,jump_input_pressed,79.4080657958984,638.925231933594,180.0,0.0,Jump,pressed
1483.538,jump_executed,79.4080657958984,638.925231933594,180.0,-500.0,jump,x_79.4080657958984_y_638.925231933594
1483.622,jump_input_released,94.4084167480469,600.697448730469,180.0,-396.666595458984,Jump,released
1483.69,jump_input_pressed,106.408416748047,596.114074707031,180.0,-16.6666660308838,Jump,pressed
1483.722,jump_peak_reached,112.408416748047,595.90576171875,180.0,41.2037048339844,jump_peak,x_112.408416748047_y_595.90576171875
1483.79,jump_input_released,124.408416748047,602.356384277344,180.0,189.351852416992,Jump,released
1483.905,platform_landed,148.408416748047,638.933410644531,180.0,0.0,land_on_platform,platform_scene-1/Tile Map/8_36_layer_Tile Map_tile_8_36_source_1_atlas_2_0
1483.905,landed,148.408416748047,638.933410644531,180.0,0.0,land,surface_wood_impact_0.89722235107422
1485.206,move_left_pressed,201.241760253906,638.933410644531,-33.3333320617676,0.0,Move_Left,pressed
1486.522,jump_input_pressed,-9.99073505401611,638.998352050781,-33.3333320617676,0.0,Jump,pressed
1486.522,jump_executed,-9.99073505401611,638.998352050781,-33.3333320617676,-500.0,jump,x_-9.99073505401611_y_638.998352050781
1486.955,jump_peak_reached,-9.92526435852051,532.170104980469,-15.0,39.8149261474609,jump_peak,x_-9.92526435852051_y_532.170104980469
1487.256,platform_landed,-9.99951362609863,638.925109863281,-15.0,0.0,land_on_platform,platform_scene-1/Tile Map/-2_35_layer_Tile Map_tile_-2_35_source_1_atlas_3_0
1487.256,landed,-9.99951362609863,638.925109863281,-15.0,0.0,land,surface_wood_impact_1.41296337890625
1487.306,jump_input_released,-9.99951362609863,638.998352050781,-33.3333320617676,0.0,Jump,released
1488.623,move_right_pressed,-9.92526817321777,638.933654785156,33.3333320617676,0.0,Move_Right,pressed
1489.024,jump_input_pressed,55.4080657958984,638.925231933594,180.0,0.0,Jump,pressed
1489.024,jump_executed,55.4080657958984,638.925231933594,180.0,-500.0,jump,x_55.4080657958984_y_638.925231933594
1489.072,jump_input_released,64.4084167480469,614.956665039062,180.0,-437.833282470703,Jump,released
1489.124,jump_input_pressed,73.4084167480469,610.998291015625,180.0,-37.5,Jump,pressed
1489.171,jump_peak_reached,82.4084167480469,610.164978027344,180.0,41.2037048339844,jump_peak,x_82.4084167480469_y_610.164978027344
1489.322,platform_landed,112.409484863281,638.932250976562,180.0,0.0,land_on_platform,platform_scene-1/Tile Map/6_36_layer_Tile Map_tile_6_36_source_1_atlas_2_0
1489.322,landed,112.409484863281,638.932250976562,180.0,0.0,land,surface_wood_impact_0.74907415771484
1489.523,jump_input_released,145.409484863281,638.932250976562,180.0,0.0,Jump,released
1489.956,move_right_pressed,180.242828369141,638.932250976562,33.3333320617676,0.0,Move_Right,pressed
1490.905,jump_input_pressed,344.576171875,638.925048828125,180.0,0.0,Jump,pressed
1490.906,jump_executed,344.576171875,638.925048828125,180.0,-500.0,jump,x_344.576171875_y_638.925048828125
1491.322,jump_input_released,419.576477050781,532.049255371094,180.0,2.77788853645325,Jump,released
1491.338,jump_peak_reached,422.576477050781,532.095581054688,96.6666641235352,39.8149261474609,jump_peak,x_422.576477050781_y_532.095581054688
1491.473,move_left_pressed,424.409820556641,554.688171386719,-15.0,336.111236572266,Move_Left,pressed
1491.538,platform_landed,420.659790039062,584.932983398438,-75.0,0.0,land_on_platform,platform_scene-1/Tile Map/23_33_layer_Tile Map_tile_23_33_source_1_atlas_3_0
1491.538,landed,420.659790039062,584.932983398438,-75.0,0.0,land,surface_wood_impact_0.96851885986328
1492.122,move_right_pressed,408.743133544922,584.932983398438,33.3333320617676,0.0,Move_Right,pressed
1492.24,jump_input_pressed,423.076446533203,584.932983398438,180.0,0.0,Jump,pressed
1492.24,jump_executed,423.076446533203,584.932983398438,180.0,-500.0,jump,x_423.076446533203_y_584.932983398438
1492.406,jump_input_released,453.078948974609,517.014038085938,180.0,-294.722106933594,Jump,released
1492.506,jump_peak_reached,471.078948974609,512.222351074219,96.6666641235352,41.2037048339844,jump_peak,x_471.078948974609_y_512.222351074219
1492.622,coin_collected,472.912292480469,529.992431640625,0.0,263.425933837891,collect_coin,coin_coin_score_2
1492.63,sonification,472.912292480469,535.000122070312,0.0,300.462982177734,osc_received,"value_[1, ""coins-with-pitch""]"
1492.671,platform_landed,472.912292480469,548.984252929688,0.0,0.0,land_on_platform,platform_scene-1/Tile Map/26_31_layer_Tile Map_tile_26_31_source_1_atlas_2_0
1492.671,landed,472.912292480469,548.984252929688,0.0,0.0,land,surface_wood_impact_0.82314825439453
1492.696,musicking,472.912292480469,548.984252929688,0.0,0.0,osc_received,"value_[1, ""platform_pan_nav""]"
1493.272,move_right_pressed,472.912292480469,548.984252929688,33.3333320617676,0.0,Move_Right,pressed
1493.338,jump_input_pressed,478.467834472656,548.984252929688,166.666656494141,0.0,Jump,pressed
1493.338,jump_executed,478.467834472656,548.984252929688,166.666656494141,-500.0,jump,x_478.467834472656_y_548.984252929688
1493.655,jump_input_released,533.925170898438,448.944183349609,15.0,-114.722114562988,Jump,released
1493.755,jump_peak_reached,533.925231933594,444.152557373047,0.0,41.2037048339844,jump_peak,x_533.925231933594_y_444.152557373047
1493.823,move_left_pressed,533.925231933594,450.603179931641,-15.0,189.351852416992,Move_Left,pressed
1493.954,platform_landed,524.314147949219,494.932678222656,-36.6666679382324,0.0,land_on_platform,platform_scene-1/Tile Map/29_28_layer_Tile Map_tile_29_28_source_1_atlas_2_0
1493.954,landed,524.314147949219,494.932678222656,-36.6666679382324,0.0,land,surface_wood_impact_0.97129644775391
1495.056,move_right_pressed,524.314147949219,494.932678222656,33.3333320617676,0.0,Move_Right,pressed
1495.089,jump_input_pressed,525.980773925781,494.932678222656,100.0,0.0,Jump,pressed
1495.089,jump_executed,525.980773925781,494.932678222656,100.0,-500.0,jump,x_525.980773925781_y_494.932678222656
1495.222,jump_peak_reached,536.298828125,455.397277832031,0.0,49.8574485778809,jump_peak,x_536.298828125_y_455.397277832031
1495.389,platform_landed,536.298828125,494.986511230469,0.0,0.0,land_on_platform,platform_scene-1/Tile Map/29_28_layer_Tile Map_tile_29_28_source_1_atlas_2_0
1495.389,landed,536.298828125,494.986511230469,0.0,0.0,land,surface_wood_impact_0.84045574951172
1495.522,jump_input_released,536.298828125,494.986511230469,0.0,0.0,Jump,released
1495.739,move_left_pressed,536.298828125,494.986511230469,-33.3333320617676,0.0,Move_Left,pressed
1496.023,move_right_pressed,520.132202148438,494.986511230469,33.3333320617676,0.0,Move_Right,pressed
1496.09,jump_input_pressed,525.687744140625,494.932098388672,166.666656494141,0.0,Jump,pressed
1496.09,jump_executed,525.687744140625,494.932098388672,166.666656494141,-500.0,jump,x_525.687744140625_y_494.932098388672
1496.188,jump_peak_reached,543.029235839844,457.876892089844,170.502227783203,86.968147277832,jump_peak,x_543.029235839844_y_457.876892089844
1496.372,platform_landed,578.870910644531,513.933166503906,180.0,0.0,land_on_platform,platform_scene-1/Tile Map/32_29_layer_Tile Map_tile_32_29_source_1_atlas_18_0
1496.372,landed,578.870910644531,513.933166503906,180.0,0.0,land,surface_wood_impact_0.98875122070313
1496.379,musicking,578.870910644531,513.933166503906,180.0,0.0,osc_received,"value_[1, ""leaves""]"
1496.406,musicking,584.870910644531,513.933166503906,180.0,0.0,osc_received,"value_[1, ""platform_pan_nav""]"
1496.438,jump_input_released,586.481994628906,513.933166503906,13.3333311080933,0.0,Jump,released
1496.49,move_left_pressed,586.704223632812,513.933166503906,-33.3333320617676,0.0,Move_Left,pressed
1497.172,move_left_pressed,566.074890136719,513.933715820312,-33.3333320617676,0.0,Move_Left,pressed
1497.172,jump_input_pressed,566.074890136719,513.933715820312,-33.3333320617676,0.0,Jump,pressed
1497.172,jump_executed,566.074890136719,513.933715820312,-33.3333320617676,-500.0,jump,x_566.074890136719_y_513.933715820312
1497.322,jump_peak_reached,559.072265625,457.685028076172,-120.0,74.0740737915039,jump_peak,x_559.072265625_y_457.685028076172
1497.322,jump_input_released,559.072265625,457.685028076172,-120.0,74.0740737915039,Jump,released
1497.471,platform_landed,551.211181640625,494.996917724609,0.0,0.0,land_on_platform,platform_scene-1/Tile Map/30_28_layer_Tile Map_tile_30_28_source_1_atlas_3_0
1497.472,landed,551.211181640625,494.996917724609,0.0,0.0,land,surface_wood_impact_0.81481488037109
1497.989,move_left_pressed,551.211181640625,494.996917724609,-33.3333320617676,0.0,Move_Left,pressed
1498.306,jump_input_pressed,500.867492675781,495.088714599609,-180.0,37.037036895752,Jump,pressed
1498.506,jump_input_released,464.867492675781,543.236877441406,-180.0,481.481536865234,Jump,released
1498.506,platform_landed,461.867492675781,548.933776855469,-180.0,0.0,land_on_platform,platform_scene-1/Tile Map/25_31_layer_Tile Map_tile_25_31_source_1_atlas_1_0
1498.507,landed,461.867492675781,548.933776855469,-180.0,0.0,land,surface_wood_impact_0.96296307373047
1498.655,move_right_pressed,442.023742675781,552.793762207031,1.66666889190674,148.148147583008,Move_Right,pressed
1498.872,platform_landed,451.287872314453,638.925659179688,21.6666660308838,0.0,land_on_platform,platform_scene-1/Tile Map/25_36_layer_Tile Map_tile_25_36_source_1_atlas_2_0
1498.872,landed,451.287872314453,638.925659179688,21.6666660308838,0.0,land,surface_wood_impact_1.25925939941406
1499.189,move_left_pressed,451.287872314453,638.925659179688,-33.3333320617676,0.0,Move_Left,pressed
1499.256,jump_input_pressed,445.732330322266,638.925659179688,-166.666656494141,0.0,Jump,pressed
1499.256,jump_executed,445.732330322266,638.925659179688,-166.666656494141,-500.0,jump,x_445.732330322266_y_638.925659179688
1499.588,move_left_pressed,442.130218505859,538.735168457031,-15.0,-94.9998931884766,Move_Left,pressed
1499.688,jump_peak_reached,436.880218505859,534.02685546875,-105.0,39.8149261474609,jump_peak,x_436.880218505859_y_534.02685546875
1499.771,jump_input_released,425.630218505859,543.517578125,-180.0,225.000106811523,Jump,released
1499.889,platform_landed,420.796875,584.969055175781,0.0,0.0,land_on_platform,platform_scene-1/Tile Map/23_33_layer_Tile Map_tile_23_33_source_1_atlas_3_0
1499.889,landed,420.796875,584.969055175781,0.0,0.0,land,surface_wood_impact_0.96851885986328
1499.913,musicking,420.796875,584.969055175781,0.0,0.0,osc_received,"value_[1, ""platform_pan_nav""]"
1500.256,move_right_pressed,420.796875,584.969055175781,33.3333320617676,0.0,Move_Right,pressed
1500.373,jump_input_pressed,435.130187988281,585.328430175781,180.0,0.0,Jump,pressed
1500.373,jump_executed,435.130187988281,585.328430175781,180.0,-500.0,jump,x_435.130187988281_y_585.328430175781
1500.522,jump_input_released,445.42529296875,522.616333007812,0.0,-314.999908447266,Jump,released
1500.622,jump_peak_reached,445.42529296875,517.824645996094,0.0,41.2037048339844,jump_peak,x_445.42529296875_y_517.824645996094
1500.688,move_right_pressed,445.42529296875,524.275268554688,15.0,189.351852416992,Move_Right,pressed
1500.772,platform_landed,450.103668212891,548.986022949219,90.0,0.0,land_on_platform,platform_scene-1/Tile Map/25_31_layer_Tile Map_tile_25_31_source_1_atlas_1_0
1500.772,landed,450.103668212891,548.986022949219,90.0,0.0,land,surface_wood_impact_0.74907415771484
1502.071,jump_input_pressed,480.603668212891,548.932006835938,0.0,0.0,Jump,pressed
1502.071,jump_executed,480.603668212891,548.932006835938,0.0,-500.0,jump,x_480.603668212891_y_548.932006835938
1502.505,jump_peak_reached,480.603668212891,442.096405029297,0.0,39.8149261474609,jump_peak,x_480.603668212891_y_442.096405029297
1502.723,jump_input_released,480.603668212891,498.871124267578,0.0,521.296447753906,Jump,released
1502.805,platform_landed,480.603668212891,548.979736328125,0.0,0.0,land_on_platform,platform_scene-1/Tile Map/26_31_layer_Tile Map_tile_26_31_source_1_atlas_2_0
1502.805,landed,480.603668212891,548.979736328125,0.0,0.0,land,surface_wood_impact_1.41296337890625
1503.488,jump_input_pressed,480.603668212891,548.979736328125,0.0,0.0,Jump,pressed
1503.488,jump_executed,480.603668212891,548.979736328125,0.0,-500.0,jump,x_480.603668212891_y_548.979736328125
1503.539,jump_input_released,480.603668212891,524.963562011719,0.0,-437.833282470703,Jump,released
1503.638,jump_peak_reached,480.603668212891,520.171875,0.0,41.2037048339844,jump_peak,x_480.603668212891_y_520.171875
1503.788,platform_landed,480.603668212891,548.964782714844,0.0,0.0,land_on_platform,platform_scene-1/Tile Map/26_31_layer_Tile Map_tile_26_31_source_1_atlas_2_0
1503.788,landed,480.603668212891,548.964782714844,0.0,0.0,land,surface_wood_impact_0.74907415771484
1504.671,move_right_pressed,480.603668212891,548.964782714844,33.3333320617676,0.0,Move_Right,pressed
1504.706,jump_input_pressed,482.270324707031,548.964782714844,100.0,0.0,Jump,pressed
1504.706,jump_executed,482.270324707031,548.964782714844,100.0,-500.0,jump,x_482.270324707031_y_548.964782714844
1504.838,musicking,505.027099609375,486.27783203125,180.0,-335.833251953125,osc_received,"value_[1, ""platform_pan_nav""]"
1505.072,jump_input_released,533.925231933594,443.931549072266,15.0,-55.722110748291,Jump,released
1505.138,jump_peak_reached,533.925231933594,442.300109863281,0.0,43.8149261474609,jump_peak,x_533.925231933594_y_442.300109863281
1505.222,move_left_pressed,533.925231933594,452.124176025391,-15.0,229.000106811523,Move_Left,pressed
1505.34,platform_landed,531.425231933594,494.982604980469,0.0,0.0,land_on_platform,platform_scene-1/Tile Map/29_28_layer_Tile Map_tile_29_28_source_1_atlas_2_0
1505.34,landed,531.425231933594,494.982604980469,0.0,0.0,land,surface_wood_impact_0.97651885986328
1505.607,jump_input_pressed,531.425231933594,494.982604980469,0.0,0.0,Jump,pressed
1505.607,jump_executed,531.425231933594,494.982604980469,0.0,-500.0,jump,x_531.425231933594_y_494.982604980469
1505.89,move_right_pressed,531.425231933594,399.589965820312,15.0,-154.333221435547,Move_Right,pressed
1506.04,jump_peak_reached,542.675231933594,388.102935791016,150.0,39.8149261474609,jump_peak,x_542.675231933594_y_388.102935791016
1506.122,jump_input_released,556.925231933594,397.593688964844,180.0,225.000106811523,Jump,released
1506.206,platform_landed,561.758544921875,422.98388671875,0.0,0.0,land_on_platform,platform_scene-1/Tile Map/31_24_layer_Tile Map_tile_31_24_source_1_atlas_3_0
1506.206,landed,561.758544921875,422.98388671875,0.0,0.0,land,surface_wood_impact_0.82037066650391
1506.488,move_left_pressed,561.758544921875,422.98388671875,-33.3333320617676,0.0,Move_Left,pressed
1506.589,jump_input_pressed,550.425231933594,422.931762695312,-180.0,0.0,Jump,pressed
1506.589,jump_executed,550.425231933594,422.931762695312,-180.0,-500.0,jump,x_550.425231933594_y_422.931762695312
1506.956,jump_input_released,484.423095703125,317.9267578125,-180.0,-55.722110748291,Jump,released
1507.022,jump_peak_reached,476.589752197266,316.295288085938,0.0,43.8149261474609,jump_peak,x_476.589752197266_y_316.295288085938
1507.222,platform_landed,476.589752197266,368.977783203125,0.0,0.0,land_on_platform,platform_scene-1/Tile Map/26_21_layer_Tile Map_tile_26_21_source_1_atlas_1_0
1507.222,landed,476.589752197266,368.977783203125,0.0,0.0,land,surface_wood_impact_0.97651885986328
1507.289,move_left_pressed,476.589752197266,368.977783203125,-33.3333320617676,0.0,Move_Left,pressed
1507.455,coin_collected,453.255126953125,375.150604248047,-180.0,148.148147583008,collect_coin,coin_coin2_score_4
1507.457,sonification,450.255126953125,378.237030029297,-180.0,185.185180664062,osc_received,"value_[1, ""coins-with-pitch""]"
1507.506,platform_landed,441.255126953125,386.933410644531,-180.0,0.0,land_on_platform,platform_scene-1/Tile Map/24_22_layer_Tile Map_tile_24_22_source_1_atlas_2_0
1507.506,landed,441.255126953125,386.933410644531,-180.0,0.0,land,surface_wood_impact_0.59259259033203
1507.524,musicking,438.255126953125,386.933410644531,-180.0,0.0,osc_received,"value_[1, ""platform_pan_nav""]"
1508.238,jump_input_pressed,433.421783447266,386.933410644531,0.0,0.0,Jump,pressed
1508.238,jump_executed,433.421783447266,386.933410644531,0.0,-500.0,jump,x_433.421783447266_y_386.933410644531
1508.288,move_left_pressed,433.421783447266,362.957641601562,-15.0,-437.833282470703,Move_Left,pressed
1508.388,jump_input_released,428.171783447266,324.272430419922,-105.0,-314.999908447266,Jump,released
1508.488,jump_peak_reached,426.060668945312,319.480773925781,0.0,41.2037048339844,jump_peak,x_426.060668945312_y_319.480773925781
1508.606,move_left_pressed,426.060668945312,337.250854492188,-15.0,300.462982177734,Move_Left,pressed
1508.723,platform_landed,422.022766113281,386.925140380859,-30.0,0.0,land_on_platform,platform_scene-1/Tile Map/22_21_layer_Tile Map_tile_22_21_source_1_atlas_3_0
1508.723,landed,422.022766113281,386.925140380859,-30.0,0.0,land,surface_wood_impact_1.11944458007812
1509.272,move_left_pressed,422.075103759766,386.933654785156,-33.3333320617676,0.0,Move_Left,pressed
1509.288,jump_input_pressed,422.075103759766,386.933654785156,-33.3333320617676,0.0,Jump,pressed
1509.288,jump_executed,422.075103759766,386.933654785156,-33.3333320617676,-500.0,jump,x_422.075103759766_y_386.933654785156
1509.438,jump_input_released,415.07470703125,324.280853271484,-120.0,-314.999908447266,Jump,released
1509.538,jump_peak_reached,407.213592529297,319.489196777344,0.0,41.2037048339844,jump_peak,x_407.213592529297_y_319.489196777344
1509.606,move_left_pressed,407.213592529297,325.939819335938,-15.0,189.351852416992,Move_Left,pressed
1509.738,platform_landed,405.713592529297,368.976593017578,0.0,0.0,land_on_platform,platform_scene-1/Tile Map/22_21_layer_Tile Map_tile_22_21_source_1_atlas_3_0
1509.738,landed,405.713592529297,368.976593017578,0.0,0.0,land,surface_wood_impact_0.97129644775391
1510.155,move_left_pressed,405.713592529297,368.976593017578,-33.3333320617676,0.0,Move_Left,pressed
1510.256,jump_input_pressed,394.380279541016,368.930816650391,-180.0,0.0,Jump,pressed
1510.256,jump_executed,394.380279541016,368.930816650391,-180.0,-500.0,jump,x_394.380279541016_y_368.930816650391
1510.471,jump_peak_reached,355.375274658203,292.399291992188,-180.0,57.1389579772949,jump_peak,x_355.375274658203_y_292.399291992188
1510.571,jump_input_released,337.375274658203,307.372436523438,-180.0,279.361175537109,Jump,released
1510.64,platform_landed,322.377838134766,335.982391357422,-180.0,0.0,land_on_platform,platform_scene-1/Tile Map/17_19_layer_Tile Map_tile_17_19_source_1_atlas_18_3
1510.64,landed,322.377838134766,335.982391357422,-180.0,0.0,land,surface_wood_impact_0.85501873779297
1510.642,musicking,322.377838134766,335.982391357422,-180.0,0.0,osc_received,"value_[1, ""leaves""]"
1510.672,musicking,316.377899169922,335.959045410156,-180.0,0.0,osc_received,"value_[1, ""platform_pan_nav""]"
1511.206,move_right_pressed,299.544860839844,335.961029052734,33.3333320617676,0.0,Move_Right,pressed
1511.288,jump_input_pressed,307.878356933594,335.983764648438,180.0,0.0,Jump,pressed
1511.289,jump_executed,307.878356933594,335.983764648438,180.0,-500.0,jump,x_307.878356933594_y_335.983764648438
1511.689,jump_input_released,379.89306640625,229.368774414062,180.0,-16.6665554046631,Jump,released
1511.722,jump_peak_reached,385.89306640625,229.160446166992,180.0,41.2038154602051,jump_peak,x_385.89306640625_y_229.160446166992
1511.889,platform_landed,393.726409912109,264.013214111328,0.0,0.0,land_on_platform,platform_scene-1/Tile Map/21_15_layer_Tile Map_tile_21_15_source_1_atlas_13_6
1511.889,landed,393.726409912109,264.013214111328,0.0,0.0,land,surface_wood_impact_0.8231484375
1511.896,musicking,393.726409912109,264.013214111328,0.0,0.0,osc_received,"value_[1, ""water-tube""]"
1515.206,move_right_pressed,393.726409912109,264.013214111328,33.3333320617676,0.0,Move_Right,pressed
1515.423,jump_input_pressed,425.585693359375,262.661560058594,180.0,0.0,Jump,pressed
1515.424,jump_executed,425.585693359375,262.661560058594,180.0,-500.0,jump,x_425.585693359375_y_262.661560058594
1515.638,jump_peak_reached,464.587066650391,187.685623168945,180.0,74.0740737915039,jump_peak,x_464.587066650391_y_187.685623168945
1515.856,platform_landed,506.587066650391,260.933837890625,180.0,0.0,land_on_platform,platform_scene-1/Tile Map/28_15_layer_Tile Map_tile_28_15_source_1_atlas_1_0
1515.856,landed,506.587066650391,260.933837890625,180.0,0.0,land,surface_wood_impact_1.11111120605469
1515.871,jump_input_released,506.587066650391,260.933837890625,180.0,0.0,Jump,released
1515.889,musicking,512.587097167969,260.933837890625,180.0,0.0,osc_received,"value_[1, ""platform_pan_nav""]"
1516.173,move_left_pressed,529.42041015625,260.933837890625,-33.3333320617676,0.0,Move_Left,pressed
1516.807,move_right_pressed,527.753784179688,260.933837890625,33.3333320617676,0.0,Move_Right,pressed
1517.057,jump_input_pressed,566.097351074219,261.701507568359,180.0,74.0740737915039,Jump,pressed
1517.239,jump_input_released,599.097351074219,309.232360839844,180.0,481.481536865234,Jump,released
1517.306,platform_landed,614.182067871094,355.413452148438,180.0,0.0,land_on_platform,platform_scene-1/Tile Map/33_20_layer_Tile Map_tile_33_20_source_1_atlas_19_3
1517.306,landed,614.182067871094,355.413452148438,180.0,0.0,land,surface_wood_impact_1.25925939941406
1517.323,musicking,615.798278808594,355.413452148438,96.6666641235352,0.0,osc_received,"value_[1, ""leaves""]"
1517.471,move_left_pressed,617.227233886719,377.103271484375,-15.0,333.333343505859,Move_Left,pressed
1517.538,jump_input_pressed,614.727233886719,403.029205322266,-75.0,481.481536865234,Jump,pressed
1517.689,jump_input_released,594.727233886719,497.4736328125,-180.0,814.81494140625,Jump,released
1517.706,platform_landed,588.727233886719,513.932067871094,-180.0,0.0,land_on_platform,platform_scene-1/Tile Map/32_29_layer_Tile Map_tile_32_29_source_1_atlas_18_0
1517.706,landed,588.727233886719,513.932067871094,-180.0,0.0,land,surface_wood_impact_1.70370397949219
1517.706,musicking,588.727233886719,513.932067871094,-180.0,0.0,osc_received,"value_[1, ""leaves""]"
1518.206,move_left_pressed,583.893920898438,513.932067871094,-33.3333320617676,0.0,Move_Left,pressed
1518.29,jump_input_pressed,575.560607910156,513.932067871094,-180.0,0.0,Jump,pressed
1518.29,jump_executed,575.560607910156,513.932067871094,-180.0,-500.0,jump,x_575.560607910156_y_513.932067871094
1518.423,jump_input_released,551.558349609375,457.068084716797,-180.0,37.037036895752,Jump,released
1518.44,jump_peak_reached,548.557006835938,457.685638427734,-180.0,74.0740737915039,jump_peak,x_548.557006835938_y_457.685638427734
1518.589,platform_landed,540.723693847656,494.997528076172,0.0,0.0,land_on_platform,platform_scene-1/Tile Map/29_28_layer_Tile Map_tile_29_28_source_1_atlas_2_0
1518.589,landed,540.723693847656,494.997528076172,0.0,0.0,land,surface_wood_impact_0.81481488037109
1518.822,move_left_pressed,540.723693847656,494.997528076172,-33.3333320617676,0.0,Move_Left,pressed
1519.022,jump_input_pressed,511.389221191406,494.932281494141,-180.0,0.0,Jump,pressed
1519.022,jump_executed,511.389221191406,494.932281494141,-180.0,-500.0,jump,x_511.389221191406_y_494.932281494141
1519.322,jump_peak_reached,476.073913574219,403.683502197266,-15.0,74.0740737915039,jump_peak,x_476.073913574219_y_403.683502197266
1519.338,jump_input_released,476.07470703125,404.918060302734,-15.0,111.111114501953,Jump,released
1519.506,move_left_pressed,476.07470703125,451.214324951172,-15.0,481.481536865234,Move_Left,pressed
1519.656,platform_landed,462.32470703125,548.932006835938,-150.0,0.0,land_on_platform,platform_scene-1/Tile Map/25_31_layer_Tile Map_tile_25_31_source_1_atlas_1_0
1519.656,landed,462.32470703125,548.932006835938,-150.0,0.0,land,surface_wood_impact_1.6296298828125
1519.672,musicking,459.32470703125,548.932006835938,-180.0,0.0,osc_received,"value_[1, ""platform_pan_nav""]"
1519.955,move_right_pressed,441.751373291016,596.465148925781,15.0,481.481536865234,Move_Right,pressed
1520.022,platform_landed,445.501373291016,638.932739257812,75.0,0.0,land_on_platform,platform_scene-1/Tile Map/24_36_layer_Tile Map_tile_24_36_source_1_atlas_2_0
1520.022,landed,445.501373291016,638.932739257812,75.0,0.0,land,surface_wood_impact_1.25925939941406
1520.423,jump_input_pressed,447.723571777344,638.932739257812,0.0,0.0,Jump,pressed
1520.423,jump_executed,447.723571777344,638.932739257812,0.0,-500.0,jump,x_447.723571777344_y_638.932739257812
1520.44,move_left_pressed,447.723571777344,630.5908203125,-15.0,-479.222198486328,Move_Left,pressed
1520.74,jump_input_released,410.223571777344,538.735290527344,-180.0,-114.722114562988,Jump,released
1520.841,jump_peak_reached,402.390228271484,533.943603515625,0.0,41.2037048339844,jump_peak,x_402.390228271484_y_533.943603515625
1520.955,move_right_pressed,402.390228271484,551.713684082031,15.0,300.462982177734,Move_Right,pressed
1521.039,platform_landed,407.640228271484,584.933715820312,90.0,0.0,land_on_platform,platform_scene-1/Tile Map/22_33_layer_Tile Map_tile_22_33_source_1_atlas_1_0
1521.039,landed,407.640228271484,584.933715820312,90.0,0.0,land,surface_wood_impact_0.97129644775391
1521.174,move_right_pressed,410.362426757812,584.933715820312,33.3333320617676,0.0,Move_Right,pressed
1521.238,jump_input_pressed,415.91796875,584.933715820312,166.666656494141,0.0,Jump,pressed
1521.238,jump_executed,415.91796875,584.933715820312,166.666656494141,-500.0,jump,x_415.91796875_y_584.933715820312
1521.422,jump_input_released,448.698303222656,512.091796875,180.0,-274.499877929688,Jump,released
1521.522,jump_peak_reached,466.698303222656,507.300140380859,180.0,41.2037048339844,jump_peak,x_466.698303222656_y_507.300140380859
1521.707,platform_landed,477.531646728516,548.987365722656,0.0,0.0,land_on_platform,platform_scene-1/Tile Map/26_31_layer_Tile Map_tile_26_31_source_1_atlas_2_0
1521.707,landed,477.531646728516,548.987365722656,0.0,0.0,land,surface_wood_impact_0.89722235107422
1521.722,musicking,477.531646728516,548.987365722656,0.0,0.0,osc_received,"value_[1, ""platform_pan_nav""]"
1521.755,move_right_pressed,477.531646728516,548.987365722656,33.3333320617676,0.0,Move_Right,pressed
1521.789,jump_input_pressed,479.198303222656,548.987365722656,100.0,0.0,Jump,pressed
1521.789,jump_executed,479.198303222656,548.987365722656,100.0,-500.0,jump,x_479.198303222656_y_548.987365722656
1522.055,jump_input_released,522.958862304688,456.512084960938,180.0,-174.222106933594,Jump,released
1522.163,jump_peak_reached,534.166076660156,451.796813964844,0.0,41.2037048339844,jump_peak,x_534.166076660156_y_451.796813964844
1522.347,platform_landed,534.166076660156,494.997619628906,0.0,0.0,land_on_platform,platform_scene-1/Tile Map/29_28_layer_Tile Map_tile_29_28_source_1_atlas_2_0
1522.347,landed,534.166076660156,494.997619628906,0.0,0.0,land,surface_wood_impact_0.89722235107422
1522.542,jump_input_pressed,534.166076660156,494.997619628906,0.0,0.0,Jump,pressed
1522.542,jump_executed,534.166076660156,494.997619628906,0.0,-500.0,jump,x_534.166076660156_y_494.997619628906
1522.774,move_right_pressed,533.80029296875,409.426788330078,15.0,-214.166549682617,Move_Right,pressed
1522.972,jump_peak_reached,553.30029296875,388.186065673828,180.0,39.8149261474609,jump_peak,x_553.30029296875_y_388.186065673828
1522.972,jump_input_released,553.30029296875,388.186065673828,180.0,39.8149261474609,Jump,released
1523.14,platform_landed,558.133605957031,422.986877441406,0.0,0.0,land_on_platform,platform_scene-1/Tile Map/30_24_layer_Tile Map_tile_30_24_source_1_atlas_1_0
1523.141,landed,558.133605957031,422.986877441406,0.0,0.0,land,surface_wood_impact_0.82037066650391
1523.272,jump_input_pressed,558.133605957031,422.986877441406,0.0,0.0,Jump,pressed
1523.272,jump_executed,558.133605957031,422.986877441406,0.0,-500.0,jump,x_558.133605957031_y_422.986877441406
1523.471,jump_peak_reached,554.867248535156,375.418853759766,0.0,40.5474510192871,jump_peak,x_554.867248535156_y_375.418853759766
1523.524,move_right_pressed,554.867248535156,379.298065185547,15.0,151.658569335938,Move_Right,pressed
1523.655,platform_landed,566.117248535156,422.933837890625,135.0,0.0,land_on_platform,platform_scene-1/Tile Map/31_24_layer_Tile Map_tile_31_24_source_1_atlas_3_0
1523.656,landed,566.117248535156,422.933837890625,135.0,0.0,land,surface_wood_impact_0.89590985107422
1523.755,jump_input_released,573.756103515625,422.933837890625,0.0,0.0,Jump,released
1523.939,move_left_pressed,573.756103515625,422.933837890625,-33.3333320617676,0.0,Move_Left,pressed
1524.138,jump_input_pressed,544.422790527344,422.933837890625,-180.0,0.0,Jump,pressed
1524.138,jump_executed,544.422790527344,422.933837890625,-180.0,-500.0,jump,x_544.422790527344_y_422.933837890625
1524.289,jump_input_released,529.824768066406,360.273468017578,0.0,-314.999908447266,Jump,released
1524.389,jump_peak_reached,529.824768066406,355.481811523438,0.0,41.2037048339844,jump_peak,x_529.824768066406_y_355.481811523438
1524.505,move_left_pressed,529.824768066406,373.251892089844,-15.0,300.462982177734,Move_Left,pressed
1524.522,musicking,530.553405761719,383.621673583984,-15.0,337.500030517578,osc_received,"value_[1, ""platform_pan_nav""]"
1524.722,platform_landed,524.713317871094,494.993621826172,0.0,0.0,land_on_platform,platform_scene-1/Tile Map/29_28_layer_Tile Map_tile_29_28_source_1_atlas_2_0
1524.722,landed,524.713317871094,494.993621826172,0.0,0.0,land,surface_wood_impact_1.56388916015625
1524.805,move_right_pressed,524.713317871094,494.993621826172,33.3333320617676,0.0,Move_Right,pressed
1525.089,jump_input_pressed,531.102172851562,494.993621826172,0.0,0.0,Jump,pressed
1525.089,jump_executed,531.102172851562,494.993621826172,0.0,-500.0,jump,x_531.102172851562_y_494.993621826172
1525.106,jump_peak_reached,531.102172851562,486.598785400391,0.0,-479.222198486328,jump_peak,x_531.102172851562_y_486.598785400391
1525.355,move_right_pressed,531.102172851562,402.510833740234,15.0,-174.222106933594,Move_Right,pressed
1525.589,jump_input_released,556.602172851562,394.46240234375,96.6666641235352,187.963073730469,Jump,released
1525.688,platform_landed,558.435485839844,422.985321044922,0.0,0.0,land_on_platform,platform_scene-1/Tile Map/30_24_layer_Tile Map_tile_30_24_source_1_atlas_1_0
1525.688,landed,558.435485839844,422.985321044922,0.0,0.0,land,surface_wood_impact_0.82037066650391
1525.889,move_left_pressed,558.435485839844,422.985321044922,-33.3333320617676,0.0,Move_Left,pressed
1525.938,jump_input_pressed,555.102172851562,422.931945800781,-133.33332824707,0.0,Jump,pressed
1525.939,jump_executed,555.102172851562,422.931945800781,-133.33332824707,-500.0,jump,x_555.102172851562_y_422.931945800781
1526.189,jump_input_released,511.711547851562,333.754211425781,-180.0,-194.166549682617,Jump,released
1526.289,jump_peak_reached,497.878204345703,328.962554931641,0.0,41.2037048339844,jump_peak,x_497.878204345703_y_328.962554931641
1526.455,platform_landed,497.878204345703,368.993469238281,0.0,0.0,land_on_platform,platform_scene-1/Tile Map/27_21_layer_Tile Map_tile_27_21_source_1_atlas_2_0
1526.455,landed,497.878204345703,368.993469238281,0.0,0.0,land,surface_wood_impact_0.82314825439453
1526.541,move_right_pressed,497.878204345703,368.993469238281,33.3333320617676,0.0,Move_Right,pressed
1526.69,jump_input_pressed,518.211547851562,368.993469238281,180.0,0.0,Jump,pressed
1526.691,jump_executed,518.211547851562,368.993469238281,180.0,-500.0,jump,x_518.211547851562_y_368.993469238281
1526.889,jump_input_released,554.230834960938,295.067810058594,180.0,37.037036895752,Jump,released
1526.906,jump_peak_reached,557.232238769531,295.685394287109,180.0,74.0740737915039,jump_peak,x_557.232238769531_y_295.685394287109
1527.106,platform_landed,574.065551757812,354.009063720703,0.0,0.0,land_on_platform,platform_scene-1/Tile Map/31_20_layer_Tile Map_tile_31_20_source_1_atlas_17_3
1527.106,landed,574.065551757812,354.009063720703,0.0,0.0,land,surface_wood_impact_1.037037109375
1527.113,musicking,574.065551757812,354.009063720703,0.0,0.0,osc_received,"value_[1, ""leaves""]"
1527.19,move_right_pressed,574.065551757812,354.009063720703,33.3333320617676,0.0,Move_Right,pressed
1527.639,move_right_pressed,575.732299804688,353.947906494141,33.3333320617676,0.0,Move_Right,pressed
1527.873,jump_input_pressed,611.062805175781,354.156768798828,180.0,0.0,Jump,pressed
1527.873,jump_executed,611.062805175781,354.156768798828,180.0,-500.0,jump,x_611.062805175781_y_354.156768798828
1528.056,jump_input_released,644.083984375,281.263732910156,180.0,-274.499877929688,Jump,released
1528.139,jump_peak_reached,659.085693359375,277.683807373047,180.0,74.0740737915039,jump_peak,x_659.085693359375_y_277.683807373047
1528.323,coin_collected,676.111755371094,323.201873779297,0.0,444.444488525391,collect_coin,coin_coin3_score_6
1528.33,sonification,676.111755371094,331.2265625,0.0,481.481536865234,osc_received,"value_[1, ""coins-with-pitch""]"
1528.338,platform_landed,676.111755371094,332.981964111328,0.0,0.0,land_on_platform,platform_scene-1/Tile Map/37_19_layer_Tile Map_tile_37_19_source_1_atlas_1_0
1528.338,landed,676.111755371094,332.981964111328,0.0,0.0,land,surface_wood_impact_1.037037109375
1528.356,musicking,676.111755371094,332.981964111328,0.0,0.0,osc_received,"value_[1, ""platform_pan_nav""]"
1528.623,move_right_pressed,676.111755371094,332.981964111328,33.3333320617676,0.0,Move_Right,pressed
1529.106,jump_input_pressed,695.925170898438,332.933746337891,0.0,0.0,Jump,pressed
1529.106,jump_executed,695.925170898438,332.933746337891,0.0,-500.0,jump,x_695.925170898438_y_332.933746337891
1529.14,move_right_pressed,695.924011230469,316.610595703125,15.0,-458.499969482422,Move_Right,pressed
1529.254,jump_input_released,702.924011230469,270.280944824219,120.0,-314.999908447266,Jump,released
1529.355,jump_peak_reached,710.785095214844,265.489288330078,0.0,41.2037048339844,jump_peak,x_710.785095214844_y_265.489288330078
1529.555,platform_landed,710.785095214844,314.976684570312,0.0,0.0,land_on_platform,platform_scene-1/Tile Map/39_18_layer_Tile Map_tile_39_18_source_1_atlas_0_0
1529.555,landed,710.785095214844,314.976684570312,0.0,0.0,land,surface_wood_impact_0.97129644775391
1529.688,move_right_pressed,710.785095214844,314.976684570312,33.3333320617676,0.0,Move_Right,pressed
1529.756,jump_input_pressed,716.340637207031,314.976684570312,166.666656494141,0.0,Jump,pressed
1529.756,jump_executed,716.340637207031,314.976684570312,166.666656494141,-500.0,jump,x_716.340637207031_y_314.976684570312
1529.989,jump_input_released,758.132141113281,229.347427368164,180.0,-214.166549682617,Jump,released
1530.089,jump_peak_reached,768.965454101562,224.555755615234,0.0,41.2037048339844,jump_peak,x_768.965454101562_y_224.555755615234
1530.156,move_left_pressed,768.965454101562,231.006362915039,-15.0,189.351852416992,Move_Left,pressed
1530.688,platform_landed,686.465454101562,638.932189941406,-180.0,0.0,land_on_platform,platform_scene-1/Tile Map/38_36_layer_Tile Map_tile_38_36_source_1_atlas_13_0
1530.688,landed,686.465454101562,638.932189941406,-180.0,0.0,land,surface_wood_impact_2.74907348632812
1530.696,sonification,686.465454101562,638.932189941406,-180.0,0.0,osc_received,"value_[1, ""mushrooms""]"
1530.726,musicking,680.465454101562,638.932189941406,-180.0,0.0,osc_received,"value_[1, ""far-fall""]"
1531.023,sonification,633.632141113281,638.932189941406,0.0,0.0,osc_received,"value_[1, ""mushrooms""]"
1531.489,jump_input_pressed,633.632141113281,638.932189941406,0.0,0.0,Jump,pressed
1531.49,jump_executed,633.632141113281,638.932189941406,0.0,-500.0,jump,x_633.632141113281_y_638.932189941406
1531.689,jump_peak_reached,633.632141113281,570.685180664062,0.0,74.0740737915039,jump_peak,x_633.632141113281_y_570.685180664062
1531.797,jump_input_released,633.632141113281,587.351806640625,0.0,296.296295166016,Jump,released
1531.905,platform_landed,633.632141113281,638.969787597656,0.0,0.0,land_on_platform,platform_scene-1/Tile Map/35_36_layer_Tile Map_tile_35_36_source_1_atlas_12_0
1531.905,landed,633.632141113281,638.969787597656,0.0,0.0,land,surface_wood_impact_1.11111120605469
1533.589,jump_input_pressed,633.632141113281,638.969787597656,0.0,0.0,Jump,pressed
1533.589,jump_executed,633.632141113281,638.969787597656,0.0,-500.0,jump,x_633.632141113281_y_638.969787597656
1533.606,move_left_pressed,633.632141113281,630.595703125,-15.0,-479.222198486328,Move_Left,pressed
1533.789,jump_peak_reached,617.130737304688,570.686157226562,-180.0,74.0740737915039,jump_peak,x_617.130737304688_y_570.686157226562
1533.956,jump_input_released,587.130737304688,610.8095703125,-180.0,444.444488525391,Jump,released
1534.006,platform_landed,575.128662109375,638.926513671875,-180.0,0.0,land_on_platform,platform_scene-1/Tile Map/31_36_layer_Tile Map_tile_31_36_source_1_atlas_2_0
1534.006,landed,575.128662109375,638.926513671875,-180.0,0.0,land,surface_wood_impact_1.11111120605469
1534.34,move_left_pressed,570.295349121094,638.926513671875,-33.3333320617676,0.0,Move_Left,pressed
1534.757,jump_input_pressed,501.962036132812,638.926513671875,-180.0,0.0,Jump,pressed
1534.757,jump_executed,501.962036132812,638.926513671875,-180.0,-500.0,jump,x_501.962036132812_y_638.926513671875
1534.905,jump_peak_reached,474.959747314453,583.684448242188,-180.0,74.0740737915039,jump_peak,x_474.959747314453_y_583.684448242188
1535.072,jump_input_released,444.959747314453,623.807861328125,-180.0,444.444488525391,Jump,released
1535.089,platform_landed,438.959747314453,638.933837890625,-180.0,0.0,land_on_platform,platform_scene-1/Tile Map/24_36_layer_Tile Map_tile_24_36_source_1_atlas_2_0
1535.089,landed,438.959747314453,638.933837890625,-180.0,0.0,land,surface_wood_impact_0.96296307373047
1535.439,move_left_pressed,434.126403808594,638.933837890625,-33.3333320617676,0.0,Move_Left,pressed
1535.84,move_right_pressed,372.959747314453,638.933837890625,20.0000019073486,0.0,Move_Right,pressed
1535.84,jump_input_pressed,372.959747314453,638.933837890625,20.0000019073486,0.0,Jump,pressed
1535.84,jump_executed,372.959747314453,638.933837890625,20.0000019073486,-500.0,jump,x_372.959747314453_y_638.933837890625
1536.205,jump_input_released,423.376861572266,533.926208496094,180.0,-55.722110748291,Jump,released
1536.272,jump_peak_reached,428.210205078125,532.294738769531,0.0,43.8149261474609,jump_peak,x_428.210205078125_y_532.294738769531
1536.474,platform_landed,428.210205078125,584.977233886719,0.0,0.0,land_on_platform,platform_scene-1/Tile Map/23_33_layer_Tile Map_tile_23_33_source_1_atlas_3_0
1536.474,landed,428.210205078125,584.977233886719,0.0,0.0,land,surface_wood_impact_0.97651885986328
1536.606,jump_input_pressed,428.210205078125,584.977233886719,0.0,0.0,Jump,pressed
1536.606,jump_executed,428.210205078125,584.977233886719,0.0,-500.0,jump,x_428.210205078125_y_584.977233886719
1536.623,move_right_pressed,428.210205078125,576.5966796875,15.0,-479.222198486328,Move_Right,pressed
1536.839,jump_input_released,450.710205078125,499.342987060547,180.0,-214.166549682617,Jump,released
1536.939,jump_peak_reached,468.710205078125,494.551330566406,180.0,41.2037048339844,jump_peak,x_468.710205078125_y_494.551330566406
1537.139,platform_landed,491.543548583984,548.971069335938,0.0,0.0,land_on_platform,platform_scene-1/Tile Map/27_31_layer_Tile Map_tile_27_31_source_1_atlas_3_0
1537.139,landed,491.543548583984,548.971069335938,0.0,0.0,land,surface_wood_impact_0.97129644775391
1537.24,jump_input_pressed,491.543548583984,548.971069335938,0.0,0.0,Jump,pressed
1537.24,jump_executed,491.543548583984,548.971069335938,0.0,-500.0,jump,x_491.543548583984_y_548.971069335938
1537.388,move_right_pressed,491.543548583984,486.277282714844,15.0,-314.999908447266,Move_Right,pressed
1537.588,jump_input_released,511.043548583984,445.206970214844,180.0,-75.3332214355469,Jump,released
1537.672,jump_peak_reached,521.876892089844,442.401428222656,0.0,45.0371475219727,jump_peak,x_521.876892089844_y_442.401428222656
1537.873,platform_landed,521.876892089844,494.985778808594,0.0,0.0,land_on_platform,platform_scene-1/Tile Map/28_28_layer_Tile Map_tile_28_28_source_1_atlas_1_0
1537.873,landed,521.876892089844,494.985778808594,0.0,0.0,land,surface_wood_impact_0.97896331787109
1537.892,musicking,521.876892089844,494.985778808594,0.0,0.0,osc_received,"value_[1, ""platform_pan_nav""]"
1537.971,jump_input_pressed,521.876892089844,494.985778808594,0.0,0.0,Jump,pressed
1537.971,jump_executed,521.876892089844,494.985778808594,0.0,-500.0,jump,x_521.876892089844_y_494.985778808594
1538.008,move_right_pressed,521.876892089844,478.608856201172,15.0,-458.499969482422,Move_Right,pressed
1538.306,jump_input_released,559.376892089844,392.811676025391,180.0,-94.9998931884766,Jump,released
1538.408,jump_peak_reached,567.210205078125,388.52001953125,0.0,46.2038116455078,jump_peak,x_567.210205078125_y_388.52001953125
1538.556,platform_landed,567.210205078125,422.972991943359,0.0,0.0,land_on_platform,platform_scene-1/Tile Map/31_24_layer_Tile Map_tile_31_24_source_1_atlas_3_0
1538.556,landed,567.210205078125,422.972991943359,0.0,0.0,land,surface_wood_impact_0.75907434082031
1538.607,move_left_pressed,567.210205078125,422.972991943359,-33.3333320617676,0.0,Move_Left,pressed
1538.725,jump_input_pressed,552.876892089844,422.930358886719,-180.0,0.0,Jump,pressed
1538.725,jump_executed,552.876892089844,422.930358886719,-180.0,-500.0,jump,x_552.876892089844_y_422.930358886719
1539.005,jump_input_released,501.875122070312,327.583831787109,-180.0,-154.333221435547,Jump,released
1539.109,jump_peak_reached,494.041778564453,322.792175292969,0.0,41.2037048339844,jump_peak,x_494.041778564453_y_322.792175292969
1539.289,platform_landed,494.041778564453,368.999053955078,0.0,0.0,land_on_platform,platform_scene-1/Tile Map/27_21_layer_Tile Map_tile_27_21_source_1_atlas_2_0
1539.289,landed,494.041778564453,368.999053955078,0.0,0.0,land,surface_wood_impact_0.89722235107422
1539.906,move_left_pressed,494.041778564453,368.999053955078,-33.3333320617676,0.0,Move_Left,pressed
1540.222,platform_landed,459.862915039062,386.97314453125,0.0,0.0,land_on_platform,platform_scene-1/Tile Map/25_22_layer_Tile Map_tile_25_22_source_1_atlas_3_0
1540.223,landed,459.862915039062,386.97314453125,0.0,0.0,land,surface_wood_impact_0.59259259033203
1540.223,musicking,459.862915039062,386.97314453125,0.0,0.0,osc_received,"value_[1, ""platform_pan_nav""]"
1540.356,move_left_pressed,459.862915039062,386.97314453125,-33.3333320617676,0.0,Move_Left,pressed
1540.356,jump_input_pressed,459.862915039062,386.97314453125,-33.3333320617676,0.0,Jump,pressed
1540.356,jump_executed,459.862915039062,386.97314453125,-33.3333320617676,-500.0,jump,x_459.862915039062_y_386.97314453125
1540.541,jump_input_released,440.054656982422,314.096313476562,-180.0,-274.499877929688,Jump,released
1540.623,move_left_pressed,435.221313476562,309.235198974609,-15.0,4.16666746139526,Move_Left,pressed
1540.639,jump_peak_reached,434.971313476562,309.304656982422,-30.0,41.2037048339844,jump_peak,x_434.971313476562_y_309.304656982422
1540.855,move_left_pressed,423.110198974609,366.380310058594,-15.0,522.685241699219,Move_Left,pressed
1540.889,platform_landed,422.000030517578,386.925170898438,-45.0,0.0,land_on_platform,platform_scene-1/Tile Map/22_21_layer_Tile Map_tile_22_21_source_1_atlas_3_0
1540.889,landed,422.000030517578,386.925170898438,-45.0,0.0,land,surface_wood_impact_1.19351867675781
1541.323,move_left_pressed,422.07470703125,386.933654785156,-33.3333320617676,0.0,Move_Left,pressed
1541.323,jump_input_pressed,422.07470703125,386.933654785156,-33.3333320617676,0.0,Jump,pressed
1541.323,jump_executed,422.07470703125,386.933654785156,-33.3333320617676,-500.0,jump,x_422.07470703125_y_386.933654785156
1541.422,jump_input_released,419.57470703125,342.090118408203,-75.0,-376.166595458984,Jump,released
1541.522,jump_peak_reached,414.713592529297,337.298461914062,0.0,41.2037048339844,jump_peak,x_414.713592529297_y_337.298461914062
1541.672,platform_landed,414.713592529297,368.993103027344,0.0,0.0,land_on_platform,platform_scene-1/Tile Map/22_21_layer_Tile Map_tile_22_21_source_1_atlas_3_0
1541.673,landed,414.713592529297,368.993103027344,0.0,0.0,land,surface_wood_impact_0.74907415771484
1541.806,move_left_pressed,414.713592529297,368.993103027344,-33.3333320617676,0.0,Move_Left,pressed
1542.056,jump_input_pressed,376.380279541016,369.507171630859,-180.0,0.0,Jump,pressed
1542.056,jump_executed,376.380279541016,369.507171630859,-180.0,-500.0,jump,x_376.380279541016_y_369.507171630859
1542.189,jump_input_released,352.358306884766,312.390533447266,-180.0,-335.333251953125,Jump,released
1542.288,jump_peak_reached,334.358306884766,307.598876953125,-180.0,41.2037048339844,jump_peak,x_334.358306884766_y_307.598876953125
1542.438,platform_landed,311.524963378906,336.001678466797,0.0,0.0,land_on_platform,platform_scene-1/Tile Map/17_19_layer_Tile Map_tile_17_19_source_1_atlas_18_3
1542.439,landed,311.524963378906,336.001678466797,0.0,0.0,land,surface_wood_impact_0.74907415771484
1542.456,musicking,311.524963378906,336.001678466797,0.0,0.0,osc_received,"value_[1, ""platform_pan_nav""]"
1542.456,musicking,311.524963378906,336.001678466797,0.0,0.0,osc_received,"value_[1, ""leaves""]"
1543.055,move_right_pressed,311.524963378906,336.001678466797,33.3333320617676,0.0,Move_Right,pressed
1543.056,jump_input_pressed,311.524963378906,336.001678466797,33.3333320617676,0.0,Jump,pressed
1543.056,jump_executed,311.524963378906,336.001678466797,33.3333320617676,-500.0,jump,x_311.524963378906_y_336.001678466797
1543.488,jump_peak_reached,376.333892822266,229.120712280273,180.0,39.8149261474609,jump_peak,x_376.333892822266_y_229.120712280273
1543.488,jump_input_released,376.333892822266,229.120712280273,180.0,39.8149261474609,Jump,released
1543.656,platform_landed,387.167236328125,264.001678466797,0.0,0.0,land_on_platform,platform_scene-1/Tile Map/21_15_layer_Tile Map_tile_21_15_source_1_atlas_13_6
1543.656,landed,387.167236328125,264.001678466797,0.0,0.0,land,surface_wood_impact_0.82037066650391
1543.656,musicking,387.167236328125,264.001678466797,0.0,0.0,osc_received,"value_[1, ""water-tube""]"
1544.955,move_right_pressed,387.167236328125,264.001678466797,33.3333320617676,0.0,Move_Right,pressed
1545.207,jump_input_pressed,424.954406738281,262.553375244141,180.0,0.0,Jump,pressed
1545.207,jump_executed,424.954406738281,262.553375244141,180.0,-500.0,jump,x_424.954406738281_y_262.553375244141
1545.422,jump_peak_reached,463.955780029297,187.685546875,180.0,74.0740737915039,jump_peak,x_463.955780029297_y_187.685546875
1545.44,jump_input_released,466.955780029297,188.920120239258,180.0,111.111114501953,Jump,released
1545.639,platform_landed,505.955780029297,260.933837890625,180.0,0.0,land_on_platform,platform_scene-1/Tile Map/28_15_layer_Tile Map_tile_28_15_source_1_atlas_1_0
1545.639,landed,505.955780029297,260.933837890625,180.0,0.0,land,surface_wood_impact_1.11111120605469
1546.305,move_right_pressed,528.789123535156,260.933837890625,33.3333320617676,0.0,Move_Right,pressed
1546.558,jump_input_pressed,567.142150878906,261.945648193359,180.0,74.0740737915039,Jump,pressed
1546.558,jump_executed,567.142150878906,261.945648193359,180.0,-500.0,jump,x_567.142150878906_y_261.945648193359
1546.705,jump_peak_reached,594.143859863281,205.683822631836,180.0,74.0740737915039,jump_peak,x_594.143859863281_y_205.683822631836
1546.771,jump_input_released,606.143859863281,214.325805664062,180.0,222.222213745117,Jump,released
1546.856,platform_landed,624.143859863281,242.933029174805,180.0,0.0,land_on_platform,platform_scene-1/Tile Map/34_14_layer_Tile Map_tile_34_14_source_1_atlas_1_0
1546.856,landed,624.143859863281,242.933029174805,180.0,0.0,land,surface_wood_impact_0.81481488037109
1546.881,musicking,627.143859863281,242.933029174805,180.0,0.0,osc_received,"value_[1, ""platform_pan_nav""]"
1546.958,move_right_pressed,631.977172851562,242.933029174805,33.3333320617676,0.0,Move_Right,pressed
1547.358,move_right_pressed,641.699401855469,242.933029174805,33.3333320617676,0.0,Move_Right,pressed
1547.824,move_left_pressed,669.89990234375,243.624435424805,-33.3333320617676,0.0,Move_Left,pressed
1548.055,jump_input_pressed,634.780212402344,242.932083129883,-180.0,0.0,Jump,pressed
1548.055,jump_executed,634.780212402344,242.932083129883,-180.0,-500.0,jump,x_634.780212402344_y_242.932083129883
1548.205,jump_input_released,620.074829101562,181.747863769531,0.0,-314.999908447266,Jump,released
1548.307,jump_peak_reached,620.074829101562,176.956192016602,15.0,41.2037048339844,jump_peak,x_620.074829101562_y_176.956192016602
1548.307,move_right_pressed,620.074829101562,176.956192016602,15.0,41.2037048339844,Move_Right,pressed
1548.54,platform_landed,623.824829101562,242.998306274414,0.0,0.0,land_on_platform,platform_scene-1/Tile Map/34_14_layer_Tile Map_tile_34_14_source_1_atlas_1_0
1548.54,landed,623.824829101562,242.998306274414,0.0,0.0,land,surface_wood_impact_1.11944458007812
1548.955,jump_input_pressed,623.824829101562,242.998306274414,0.0,0.0,Jump,pressed
1548.955,jump_executed,623.824829101562,242.998306274414,0.0,-500.0,jump,x_623.824829101562_y_242.998306274414
1549.089,move_left_pressed,623.824829101562,185.878082275391,-15.0,-335.333251953125,Move_Left,pressed
1549.34,jump_input_released,595.324829101562,136.98454284668,-180.0,-36.1665573120117,Jump,released
1549.389,jump_peak_reached,586.324829101562,136.217880249023,-180.0,42.5371475219727,jump_peak,x_586.324829101562_y_136.217880249023
1549.541,platform_landed,578.491516113281,170.996490478516,0.0,0.0,land_on_platform,platform_scene-1/Tile Map/32_10_layer_Tile Map_tile_32_10_source_1_atlas_2_0
1549.542,landed,578.491516113281,170.996490478516,0.0,0.0,land,surface_wood_impact_0.75174102783203
1549.825,move_left_pressed,578.491516113281,170.996490478516,-33.3333320617676,0.0,Move_Left,pressed
1550.04,jump_input_pressed,546.150451660156,174.752334594727,-180.0,148.148147583008,Jump,pressed
1550.256,platform_landed,504.150451660156,260.933288574219,-180.0,0.0,land_on_platform,platform_scene-1/Tile Map/28_15_layer_Tile Map_tile_28_15_source_1_atlas_1_0
1550.256,landed,504.150451660156,260.933288574219,-180.0,0.0,land,surface_wood_impact_1.25925939941406
1550.29,jump_input_released,501.150451660156,260.933288574219,-180.0,37.037036895752,Jump,released
1550.29,musicking,498.150451660156,261.550567626953,-180.0,37.037036895752,osc_received,"value_[1, ""platform_pan_nav""]"
1550.372,move_right_pressed,493.317108154297,270.192535400391,15.0,222.222213745117,Move_Right,pressed
1550.589,platform_landed,518.817138671875,368.932495117188,180.0,0.0,land_on_platform,platform_scene-1/Tile Map/28_21_layer_Tile Map_tile_28_21_source_1_atlas_3_0
1550.589,landed,518.817138671875,368.932495117188,180.0,0.0,land,surface_wood_impact_1.40740759277344
1551.022,move_right_pressed,520.650451660156,368.932495117188,33.3333320617676,0.0,Move_Right,pressed
1551.073,jump_input_pressed,523.983764648438,369.065307617188,133.33332824707,0.0,Jump,pressed
1551.073,jump_executed,523.983764648438,369.065307617188,133.33332824707,-500.0,jump,x_523.983764648438_y_369.065307617188
1551.289,jump_peak_reached,561.390197753906,295.684600830078,180.0,74.0740737915039,jump_peak,x_561.390197753906_y_295.684600830078
1551.307,jump_input_released,564.390197753906,296.919158935547,180.0,111.111114501953,Jump,released
1551.489,platform_landed,590.223510742188,354.042022705078,0.0,0.0,land_on_platform,platform_scene-1/Tile Map/32_20_layer_Tile Map_tile_32_20_source_1_atlas_18_3
1551.49,landed,590.223510742188,354.042022705078,0.0,0.0,land,surface_wood_impact_1.037037109375
1551.49,musicking,590.223510742188,354.042022705078,0.0,0.0,osc_received,"value_[1, ""leaves""]"
1551.825,move_right_pressed,590.223510742188,354.042022705078,33.3333320617676,0.0,Move_Right,pressed
1552.006,jump_input_pressed,613.559265136719,355.073364257812,180.0,0.0,Jump,pressed
1552.006,jump_executed,613.559265136719,355.073364257812,180.0,-500.0,jump,x_613.559265136719_y_355.073364257812
1552.223,jump_peak_reached,655.582763671875,277.684234619141,180.0,74.0740737915039,jump_peak,x_655.582763671875_y_277.684234619141
1552.289,jump_input_released,667.582763671875,286.326202392578,180.0,222.222213745117,Jump,released
1552.407,platform_landed,681.416076660156,332.996856689453,0.0,0.0,land_on_platform,platform_scene-1/Tile Map/37_19_layer_Tile Map_tile_37_19_source_1_atlas_1_0
1552.407,landed,681.416076660156,332.996856689453,0.0,0.0,land,surface_wood_impact_0.96296307373047
1552.44,musicking,681.416076660156,332.996856689453,0.0,0.0,osc_received,"value_[1, ""platform_pan_nav""]"
1552.888,jump_input_pressed,681.416076660156,332.996856689453,0.0,0.0,Jump,pressed
1552.889,jump_executed,681.416076660156,332.996856689453,0.0,-500.0,jump,x_681.416076660156_y_332.996856689453
1552.923,move_left_pressed,681.416076660156,316.610290527344,-15.0,-458.499969482422,Move_Left,pressed
1553.022,jump_input_released,676.166076660156,275.877868652344,-105.0,-335.333251953125,Jump,released
1553.123,jump_peak_reached,673.925720214844,271.487609863281,0.0,41.2037048339844,jump_peak,x_673.925720214844_y_271.487609863281
1553.34,platform_landed,675.0400390625,332.999450683594,0.0,0.0,land_on_platform,platform_scene-1/Tile Map/37_19_layer_Tile Map_tile_37_19_source_1_atlas_1_0
1553.341,landed,675.0400390625,332.999450683594,0.0,0.0,land,surface_wood_impact_1.04537048339844
1553.706,jump_input_pressed,675.0400390625,332.999450683594,0.0,0.0,Jump,pressed
1553.707,jump_executed,675.0400390625,332.999450683594,0.0,-500.0,jump,x_675.0400390625_y_332.999450683594
1553.889,move_left_pressed,675.0400390625,260.099517822266,-15.0,-274.499877929688,Move_Left,pressed
1554.143,jump_peak_reached,652.714050292969,226.106521606445,-180.0,39.8149261474609,jump_peak,x_652.714050292969_y_226.106521606445
1554.172,jump_input_released,646.714050292969,228.050979614258,-180.0,113.889007568359,Jump,released
1554.239,platform_landed,635.880798339844,242.933685302734,-13.3333311080933,0.0,land_on_platform,platform_scene-1/Tile Map/35_14_layer_Tile Map_tile_35_14_source_1_atlas_2_0
1554.239,landed,635.880798339844,242.933685302734,-13.3333311080933,0.0,land,surface_wood_impact_0.52407427978516
1554.841,jump_input_pressed,635.880798339844,242.933685302734,0.0,0.0,Jump,pressed
1554.841,jump_executed,635.880798339844,242.933685302734,0.0,-500.0,jump,x_635.880798339844_y_242.933685302734
1554.874,move_left_pressed,635.880798339844,226.602096557617,-15.0,-458.499969482422,Move_Left,pressed
1555.255,jump_input_released,583.380798339844,136.050262451172,-180.0,2.77788853645325,Jump,released
1555.272,jump_peak_reached,580.380798339844,136.096557617188,-180.0,39.8149261474609,jump_peak,x_580.380798339844_y_136.096557617188
1555.44,platform_landed,575.547485351562,170.977478027344,0.0,0.0,land_on_platform,platform_scene-1/Tile Map/31_10_layer_Tile Map_tile_31_10_source_1_atlas_1_0
1555.44,landed,575.547485351562,170.977478027344,0.0,0.0,land,surface_wood_impact_0.82037066650391
1555.456,musicking,575.547485351562,170.977478027344,0.0,0.0,osc_received,"value_[1, ""platform_pan_nav""]"
1556.343,move_right_pressed,575.547485351562,170.977478027344,33.3333320617676,0.0,Move_Right,pressed
1556.659,move_right_pressed,594.714111328125,170.930923461914,33.3333320617676,0.0,Move_Right,pressed
1557.056,move_left_pressed,616.933227539062,172.208267211914,-33.3333320617676,0.0,Move_Left,pressed
1557.523,move_left_pressed,615.718811035156,171.546630859375,-33.3333320617676,0.0,Move_Left,pressed
1557.789,jump_input_pressed,574.56201171875,170.948852539062,-180.0,0.0,Jump,pressed
1557.789,jump_executed,574.56201171875,170.948852539062,-180.0,-500.0,jump,x_574.56201171875_y_170.948852539062
1557.939,jump_peak_reached,547.553649902344,115.685081481934,-180.0,74.0740737915039,jump_peak,x_547.553649902344_y_115.685081481934
1558.256,jump_input_released,490.553649902344,244.697448730469,-180.0,777.777893066406,Jump,released
1558.389,platform_landed,485.720306396484,368.901733398438,0.0,0.0,land_on_platform,platform_scene-1/Tile Map/26_21_layer_Tile Map_tile_26_21_source_1_atlas_1_0
1558.389,landed,485.720306396484,368.901733398438,0.0,0.0,land,surface_wood_impact_2.1481484375
1558.409,move_right_pressed,485.720306396484,368.901733398438,33.3333320617676,0.0,Move_Right,pressed
1560.224,move_right_pressed,501.888885498047,368.928436279297,33.3333320617676,0.0,Move_Right,pressed
1560.305,jump_input_pressed,510.222198486328,368.928436279297,180.0,0.0,Jump,pressed
1560.305,jump_executed,510.222198486328,368.928436279297,180.0,-500.0,jump,x_510.222198486328_y_368.928436279297
1560.508,jump_input_released,546.223449707031,295.069366455078,180.0,37.037036895752,Jump,released
1560.523,jump_peak_reached,549.224609375,295.686889648438,180.0,74.0740737915039,jump_peak,x_549.224609375_y_295.686889648438
1560.723,platform_landed,588.241455078125,353.970367431641,180.0,0.0,land_on_platform,platform_scene-1/Tile Map/32_20_layer_Tile Map_tile_32_20_source_1_atlas_18_3
1560.723,landed,588.241455078125,353.970367431641,180.0,0.0,land,surface_wood_impact_1.037037109375
1560.723,musicking,588.241455078125,353.970367431641,180.0,0.0,osc_received,"value_[1, ""leaves""]"
1561.139,move_right_pressed,596.075317382812,353.901550292969,33.3333320617676,0.0,Move_Right,pressed
1561.255,jump_input_pressed,610.409729003906,354.085144042969,180.0,0.0,Jump,pressed
1561.255,jump_executed,610.409729003906,354.085144042969,180.0,-500.0,jump,x_610.409729003906_y_354.085144042969
1561.472,jump_peak_reached,649.432189941406,277.687072753906,180.0,74.0740737915039,jump_peak,x_649.432189941406_y_277.687072753906
1561.472,jump_input_released,649.432189941406,277.687072753906,180.0,74.0740737915039,Jump,released
1561.656,platform_landed,675.265502929688,332.999694824219,0.0,0.0,land_on_platform,platform_scene-1/Tile Map/37_19_layer_Tile Map_tile_37_19_source_1_atlas_1_0
1561.657,landed,675.265502929688,332.999694824219,0.0,0.0,land,surface_wood_impact_0.96296307373047
1561.689,musicking,675.265502929688,332.999694824219,0.0,0.0,osc_received,"value_[1, ""platform_pan_nav""]"
1561.755,move_right_pressed,675.265502929688,332.999694824219,33.3333320617676,0.0,Move_Right,pressed
1562.157,jump_input_pressed,688.43212890625,332.999694824219,0.0,0.0,Jump,pressed
1562.157,jump_executed,688.43212890625,332.999694824219,0.0,-500.0,jump,x_688.43212890625_y_332.999694824219
1562.18,move_left_pressed,688.43212890625,324.599578857422,-15.0,-479.222198486328,Move_Left,pressed
1562.556,jump_input_released,660.324768066406,226.359802246094,-165.0,-16.6665554046631,Jump,released
1562.589,jump_peak_reached,654.574768066406,226.151473999023,-180.0,41.2038154602051,jump_peak,x_654.574768066406_y_226.151473999023
1562.689,platform_landed,643.741455078125,242.978302001953,0.0,0.0,land_on_platform,platform_scene-1/Tile Map/35_14_layer_Tile Map_tile_35_14_source_1_atlas_2_0
1562.689,landed,643.741455078125,242.978302001953,0.0,0.0,land,surface_wood_impact_0.52685205078125
1562.99,move_left_pressed,643.741455078125,242.978302001953,-33.3333320617676,0.0,Move_Left,pressed
1563.041,jump_input_pressed,640.408142089844,242.978302001953,-133.33332824707,0.0,Jump,pressed
1563.041,jump_executed,640.408142089844,242.978302001953,-133.33332824707,-500.0,jump,x_640.408142089844_y_242.978302001953
1563.322,jump_input_released,613.074768066406,147.592498779297,-120.0,-154.333221435547,Jump,released
1563.422,jump_peak_reached,598.963684082031,142.800827026367,-13.3333311080933,41.2037048339844,jump_peak,x_598.963684082031_y_142.800827026367
1563.556,platform_landed,598.741455078125,170.983871459961,0.0,0.0,land_on_platform,platform_scene-1/Tile Map/33_10_layer_Tile Map_tile_33_10_source_1_atlas_3_0
1563.556,landed,598.741455078125,170.983871459961,0.0,0.0,land,surface_wood_impact_0.67500006103516
1563.589,musicking,598.741455078125,170.983871459961,0.0,0.0,osc_received,"value_[1, ""platform_pan_nav""]"
1564.606,move_left_pressed,598.741455078125,170.983871459961,-33.3333320617676,0.0,Move_Left,pressed
1564.606,jump_input_pressed,598.741455078125,170.983871459961,-33.3333320617676,0.0,Jump,pressed
1564.606,jump_executed,598.741455078125,170.983871459961,-33.3333320617676,-500.0,jump,x_598.741455078125_y_170.983871459961
1565.039,jump_peak_reached,533.932556152344,64.1033172607422,-180.0,39.8149261474609,jump_peak,x_533.932556152344_y_64.1033172607422
1565.089,jump_input_released,524.932556152344,67.945915222168,-180.0,150.926040649414,Jump,released
1565.141,platform_landed,517.099304199219,80.9336318969727,-13.3333311080933,0.0,land_on_platform,platform_scene-1/Tile Map/28_5_layer_Tile Map_tile_28_5_source_1_atlas_1_0
1565.141,landed,517.099304199219,80.9336318969727,-13.3333311080933,0.0,land,surface_wood_impact_0.52407427978516
1565.541,move_left_pressed,517.099304199219,80.9336318969727,-33.3333320617676,0.0,Move_Left,pressed
1565.905,platform_landed,479.912292480469,152.977920532227,0.0,0.0,land_on_platform,platform_scene-1/Tile Map/26_9_layer_Tile Map_tile_26_9_source_1_atlas_3_0
1565.905,landed,479.912292480469,152.977920532227,0.0,0.0,land,surface_wood_impact_1.11111120605469
1566.372,move_left_pressed,479.912292480469,152.977920532227,-33.3333320617676,0.0,Move_Left,pressed
1566.456,coin_collected,471.578979492188,152.977920532227,-166.666656494141,0.0,collect_coin,coin_coin5_score_8
1566.458,sonification,468.578979492188,152.977920532227,-180.0,0.0,osc_received,"value_[1, ""coins-with-pitch""]"
1566.822,jump_input_pressed,460.745635986328,152.93098449707,0.0,0.0,Jump,pressed
1566.822,jump_executed,460.745635986328,152.93098449707,0.0,-500.0,jump,x_460.745635986328_y_152.93098449707
1567.255,jump_peak_reached,460.745635986328,46.0962295532227,0.0,39.8149261474609,jump_peak,x_460.745635986328_y_46.0962295532227
1567.455,jump_input_released,460.745635986328,94.7999649047852,0.0,484.259429931641,Jump,released
1567.556,platform_landed,460.745635986328,152.979614257812,0.0,0.0,land_on_platform,platform_scene-1/Tile Map/25_9_layer_Tile Map_tile_25_9_source_1_atlas_2_0
1567.556,landed,460.745635986328,152.979614257812,0.0,0.0,land,surface_wood_impact_1.41296337890625
1568.406,jump_input_pressed,460.745635986328,152.979614257812,0.0,0.0,Jump,pressed
1568.406,jump_executed,460.745635986328,152.979614257812,0.0,-500.0,jump,x_460.745635986328_y_152.979614257812
1568.414,move_right_pressed,460.745635986328,144.596939086914,15.0,-479.222198486328,Move_Right,pressed
1568.84,jump_peak_reached,519.245666503906,46.1025314331055,180.0,39.8149261474609,jump_peak,x_519.245666503906_y_46.1025314331055
1568.84,jump_input_released,519.245666503906,46.1025314331055,180.0,39.8149261474609,Jump,released
1569.005,platform_landed,524.078979492188,80.9834671020508,0.0,0.0,land_on_platform,platform_scene-1/Tile Map/29_5_layer_Tile Map_tile_29_5_source_1_atlas_2_0
1569.005,landed,524.078979492188,80.9834671020508,0.0,0.0,land,surface_wood_impact_0.82037066650391
1569.014,musicking,524.078979492188,80.9834671020508,0.0,0.0,osc_received,"value_[1, ""platform_pan_nav""]"
1569.372,move_right_pressed,524.078979492188,80.9834671020508,33.3333320617676,0.0,Move_Right,pressed
1569.563,jump_input_pressed,553.412292480469,80.9317092895508,180.0,0.0,Jump,pressed
1569.564,jump_executed,553.412292480469,80.9317092895508,180.0,-500.0,jump,x_553.412292480469_y_80.9317092895508
1569.905,jump_input_released,613.414428710938,-21.1945724487305,180.0,-94.9998931884766,Jump,released
1570.005,jump_peak_reached,627.247741699219,-25.4862289428711,0.0,46.2038116455078,jump_peak,x_627.247741699219_y_-25.4862289428711
1570.239,platform_landed,627.247741699219,44.9970245361328,0.0,0.0,land_on_platform,platform_scene-1/Tile Map/34_3_layer_Tile Map_tile_34_3_source_1_atlas_14_0
1570.239,landed,627.247741699219,44.9970245361328,0.0,0.0,land,surface_wood_impact_1.12944482421875
1570.297,move_right_pressed,627.247741699219,44.9970245361328,33.3333320617676,0.0,Move_Right,pressed
1570.305,sonification,627.803283691406,44.9970245361328,33.3333320617676,0.0,osc_received,"value_[1, ""mushrooms""]"
1570.448,sonification,643.414367675781,44.9334602355957,0.0,0.0,osc_received,"value_[1, ""mushrooms""]"
1570.565,jump_input_pressed,643.414367675781,44.9334602355957,0.0,0.0,Jump,pressed
1570.565,jump_executed,643.414367675781,44.9334602355957,0.0,-500.0,jump,x_643.414367675781_y_44.9334602355957
1570.639,move_right_pressed,643.414367675781,13.6567077636719,15.0,-417.22216796875,Move_Right,pressed
1570.98,jump_input_released,672.734375,-59.3786849975586,180.0,2.77788853645325,Jump,released
1570.997,jump_peak_reached,675.734375,-59.3323860168457,180.0,39.8149261474609,jump_peak,x_675.734375_y_-59.3323860168457
1571.147,platform_landed,683.567687988281,-27.0080299377441,0.0,0.0,land_on_platform,platform_scene-1/Tile Map/37_-1_layer_Tile Map_tile_37_-1_source_1_atlas_15_7
1571.147,landed,683.567687988281,-27.0080299377441,0.0,0.0,land,surface_wood_impact_0.74629656982422
1571.155,musicking,683.567687988281,-27.0080299377441,0.0,0.0,osc_received,"value_[1, ""cloud""]"
1571.207,move_left_pressed,683.567687988281,-27.0080299377441,-33.3333320617676,0.0,Move_Left,pressed
1571.372,jump_input_pressed,660.234375,-27.0671920776367,-180.0,0.0,Jump,pressed
1571.372,jump_executed,660.234375,-27.0671920776367,-180.0,-500.0,jump,x_660.234375_y_-27.0671920776367
1571.548,jump_input_released,627.23193359375,-99.9082260131836,-180.0,-274.499877929688,Jump,released
1571.647,jump_peak_reached,616.398620605469,-104.699890136719,0.0,41.2037048339844,jump_peak,x_616.398620605469_y_-104.699890136719
1571.739,move_left_pressed,616.398620605469,-95.0934066772461,-15.0,226.388885498047,Move_Left,pressed
1572.139,platform_landed,580.065307617188,170.987838745117,0.0,0.0,land_on_platform,platform_scene-1/Tile Map/32_10_layer_Tile Map_tile_32_10_source_1_atlas_2_0
1572.14,landed,580.065307617188,170.987838745117,0.0,0.0,land,surface_wood_impact_2.2305556640625
1572.172,musicking,580.065307617188,170.987838745117,0.0,0.0,osc_received,"value_[1, ""far-fall""]"
1572.182,move_right_pressed,580.065307617188,170.987838745117,33.3333320617676,0.0,Move_Right,pressed
1572.89,jump_input_pressed,599.23193359375,170.932266235352,0.0,0.0,Jump,pressed
1572.89,jump_executed,599.23193359375,170.932266235352,0.0,-500.0,jump,x_599.23193359375_y_170.932266235352
1572.923,move_left_pressed,599.23193359375,154.601913452148,-15.0,-458.499969482422,Move_Left,pressed
1573.323,jump_peak_reached,543.73193359375,64.0964126586914,-180.0,39.8149261474609,jump_peak,x_543.73193359375_y_64.0964126586914
1573.389,jump_input_released,531.73193359375,70.4544448852539,-180.0,187.963073730469,Jump,released
1573.424,platform_landed,526.898620605469,80.9336395263672,-13.3333311080933,0.0,land_on_platform,platform_scene-1/Tile Map/29_5_layer_Tile Map_tile_29_5_source_1_atlas_2_0
1573.424,landed,526.898620605469,80.9336395263672,-13.3333311080933,0.0,land,surface_wood_impact_0.52407427978516
1573.441,musicking,526.898620605469,80.9336395263672,0.0,0.0,osc_received,"value_[1, ""platform_pan_nav""]"
1573.774,move_right_pressed,526.898620605469,80.9336395263672,33.3333320617676,0.0,Move_Right,pressed
1573.939,jump_input_pressed,550.23193359375,80.9252548217773,180.0,0.0,Jump,pressed
1573.939,jump_executed,550.23193359375,80.9252548217773,180.0,-500.0,jump,x_550.23193359375_y_80.9252548217773
1574.225,jump_input_released,601.232299804688,-14.4173622131348,180.0,-154.333221435547,Jump,released
1574.323,jump_peak_reached,619.232299804688,-19.2090282440186,180.0,41.2037048339844,jump_peak,x_619.232299804688_y_-19.2090282440186
1574.541,platform_landed,648.065612792969,44.9616355895996,0.0,0.0,land_on_platform,platform_scene-1/Tile Map/35_3_layer_Tile Map_tile_35_3_source_1_atlas_13_0
1574.541,landed,648.065612792969,44.9616355895996,0.0,0.0,land,surface_wood_impact_1.04537048339844
1575.223,move_right_pressed,648.065612792969,44.9616355895996,33.3333320617676,0.0,Move_Right,pressed
1575.239,sonification,648.621154785156,44.9616355895996,33.3333320617676,0.0,osc_received,"value_[1, ""mushrooms""]"
1576.173,sonification,808.232238769531,44.9288749694824,0.0,0.0,osc_received,"value_[1, ""mushrooms""]"
1576.656,move_left_pressed,808.232238769531,44.9288749694824,-33.3333320617676,0.0,Move_Left,pressed
1576.657,sonification,807.676696777344,44.9288749694824,-33.3333320617676,0.0,osc_received,"value_[1, ""mushrooms""]"
1577.005,jump_input_pressed,751.89892578125,44.9288749694824,-180.0,0.0,Jump,pressed
1577.005,jump_executed,751.89892578125,44.9288749694824,-180.0,-500.0,jump,x_751.89892578125_y_44.9288749694824
1577.014,sonification,748.897583007812,36.5908584594727,-180.0,-500.055541992188,osc_received,"value_[1, ""mushrooms""]"
1577.323,jump_input_released,694.897583007812,-55.2646675109863,-180.0,-114.722114562988,Jump,released
1577.423,jump_peak_reached,681.064270019531,-60.0563354492188,0.0,41.2037048339844,jump_peak,x_681.064270019531_y_-60.0563354492188
1577.574,platform_landed,681.064270019531,-27.0206069946289,0.0,0.0,land_on_platform,platform_scene-1/Tile Map/37_-1_layer_Tile Map_tile_37_-1_source_1_atlas_15_7
1577.575,landed,681.064270019531,-27.0206069946289,0.0,0.0,land,surface_wood_impact_0.74907415771484
1577.575,musicking,681.064270019531,-27.0206069946289,0.0,0.0,osc_received,"value_[1, ""cloud""]"
1579.573,move_left_pressed,681.064270019531,-27.0206069946289,-33.3333320617676,0.0,Move_Left,pressed
1579.723,jump_input_pressed,660.73095703125,-27.0688209533691,-180.0,0.0,Jump,pressed
1579.723,jump_executed,660.73095703125,-27.0688209533691,-180.0,-500.0,jump,x_660.73095703125_y_-27.0688209533691
1579.906,jump_input_released,627.728942871094,-99.9085998535156,-180.0,-274.499877929688,Jump,released
1580.005,jump_peak_reached,609.728942871094,-104.700263977051,-180.0,41.2037048339844,jump_peak,x_609.728942871094_y_-104.700263977051
1580.14,move_left_pressed,598.895629882812,-81.9224853515625,-15.0,337.500030517578,Move_Left,pressed
1580.183,platform_landed,598.673889160156,-62.1990509033203,-60.0,0.0,land_on_platform,platform_scene-1/Tile Map/32_-3_layer_Tile Map_tile_32_-3_source_1_atlas_3_0
1580.183,landed,598.673889160156,-62.1990509033203,-60.0,0.0,land,surface_wood_impact_0.89722235107422
1580.297,jump_input_pressed,583.7275390625,-63.0005264282227,-180.0,0.0,Jump,pressed
1580.297,jump_executed,583.7275390625,-63.0005264282227,-180.0,-500.0,jump,x_583.7275390625_y_-63.0005264282227
1580.598,jump_input_released,529.706604003906,-160.989242553711,-180.0,-134.499893188477,Jump,released
1580.705,jump_peak_reached,513.095520019531,-165.780914306641,-13.3333311080933,41.2037048339844,jump_peak,x_513.095520019531_y_-165.780914306641
1580.841,move_left_pressed,512.873291015625,-143.003143310547,-15.0,337.500030517578,Move_Left,pressed
1580.881,coin_collected,511.373291015625,-124.276298522949,-45.0,411.574127197266,collect_coin,coin_coin9_score_10
1580.882,platform_landed,510.373291015625,-117.066200256348,-60.0,0.0,land_on_platform,platform_scene-1/Tile Map/28_-6_layer_Tile Map_tile_28_-6_source_1_atlas_3_0
1580.882,landed,510.373291015625,-117.066200256348,-60.0,0.0,land,surface_wood_impact_0.89722235107422
1580.884,sonification,510.373291015625,-117.066200256348,-60.0,0.0,osc_received,"value_[1, ""coins-with-pitch""]"
1580.923,musicking,506.706634521484,-117.066200256348,-126.66667175293,0.0,osc_received,"value_[1, ""platform_pan_nav""]"
1581.382,move_left_pressed,476.074859619141,-117.066223144531,-33.3333320617676,0.0,Move_Left,pressed
1581.398,jump_input_pressed,476.074859619141,-117.066223144531,-33.3333320617676,0.0,Jump,pressed
1581.398,jump_executed,476.074859619141,-117.066223144531,-33.3333320617676,-500.0,jump,x_476.074859619141_y_-117.066223144531
1581.547,jump_peak_reached,469.072540283203,-172.313919067383,-120.0,74.0740737915039,jump_peak,x_469.072540283203_y_-172.313919067383
1581.599,jump_input_released,462.322540283203,-166.758361816406,-165.0,185.185180664062,Jump,released
1581.698,platform_landed,451.739196777344,-135.001983642578,0.0,0.0,land_on_platform,platform_scene-1/Tile Map/25_-7_layer_Tile Map_tile_25_-7_source_1_atlas_0_0
1581.698,landed,451.739196777344,-135.001983642578,0.0,0.0,land,surface_wood_impact_0.81481488037109
1581.806,move_left_pressed,451.739196777344,-135.001983642578,-33.3333320617676,0.0,Move_Left,pressed
1582.182,platform_landed,433.157928466797,-9.01970767974854,0.0,0.0,land_on_platform,platform_scene-1/Tile Map/24_0_layer_Tile Map_tile_24_0_source_1_atlas_14_7
1582.182,landed,433.157928466797,-9.01970767974854,0.0,0.0,land,surface_wood_impact_1.48148168945313
1582.189,musicking,433.157928466797,-9.01970767974854,0.0,0.0,osc_received,"value_[1, ""cloud""]"
1582.339,move_left_pressed,433.157928466797,-9.01970767974854,-33.3333320617676,0.0,Move_Left,pressed
1582.907,move_right_pressed,416.989410400391,-9.07332992553711,33.3333320617676,0.0,Move_Right,pressed
1583.189,jump_input_pressed,461.322723388672,-9.07332992553711,180.0,0.0,Jump,pressed
1583.189,jump_executed,461.322723388672,-9.07332992553711,180.0,-500.0,jump,x_461.322723388672_y_-9.07332992553711
1583.407,jump_peak_reached,500.324615478516,-82.3131561279297,180.0,74.0740737915039,jump_peak,x_500.324615478516_y_-82.3131561279297
1583.673,jump_input_released,548.324584960938,11.5140113830566,180.0,666.666748046875,Jump,released
1583.757,platform_landed,556.157897949219,80.9512329101562,0.0,0.0,land_on_platform,platform_scene-1/Tile Map/30_5_layer_Tile Map_tile_30_5_source_1_atlas_3_0
1583.757,landed,556.157897949219,80.9512329101562,0.0,0.0,land,surface_wood_impact_1.70370397949219
1584.43,move_right_pressed,556.157897949219,80.9512329101562,33.3333320617676,0.0,Move_Right,pressed
1584.447,jump_input_pressed,556.713439941406,80.9512329101562,66.6666641235352,0.0,Jump,pressed
1584.447,jump_executed,556.713439941406,80.9512329101562,66.6666641235352,-500.0,jump,x_556.713439941406_y_80.9512329101562
1584.782,jump_input_released,608.605224609375,-21.1924057006836,180.0,-94.9998931884766,Jump,released
1584.881,jump_peak_reached,622.438537597656,-25.4840621948242,0.0,46.2038116455078,jump_peak,x_622.438537597656_y_-25.4840621948242
1585.115,platform_landed,622.438537597656,44.9991912841797,0.0,0.0,land_on_platform,platform_scene-1/Tile Map/34_3_layer_Tile Map_tile_34_3_source_1_atlas_14_0
1585.115,landed,622.438537597656,44.9991912841797,0.0,0.0,land,surface_wood_impact_1.12944482421875
1585.149,musicking,622.438537597656,44.9991912841797,0.0,0.0,osc_received,"value_[1, ""platform_pan_nav""]"
1585.214,move_right_pressed,622.438537597656,44.9991912841797,33.3333320617676,0.0,Move_Right,pressed
1585.214,sonification,622.994079589844,44.9991912841797,33.3333320617676,0.0,osc_received,"value_[1, ""mushrooms""]"
1585.24,jump_input_pressed,622.994079589844,44.9991912841797,66.6666641235352,0.0,Jump,pressed
1585.24,jump_executed,622.994079589844,44.9991912841797,66.6666641235352,-500.0,jump,x_622.994079589844_y_44.9991912841797
1585.247,sonification,625.474853515625,28.6117401123047,81.6666641235352,-479.333312988281,osc_received,"value_[1, ""mushrooms""]"
1585.547,jump_input_released,653.175231933594,-55.2548980712891,150.0,-114.722114562988,Jump,released
1585.647,jump_peak_reached,659.786315917969,-60.0465660095215,0.0,41.2037048339844,jump_peak,x_659.786315917969_y_-60.0465660095215
1585.797,platform_landed,659.786315917969,-27.0108413696289,0.0,0.0,land_on_platform,platform_scene-1/Tile Map/36_-1_layer_Tile Map_tile_36_-1_source_1_atlas_13_7
1585.797,landed,659.786315917969,-27.0108413696289,0.0,0.0,land,surface_wood_impact_0.74907415771484
1585.805,musicking,659.786315917969,-27.0108413696289,0.0,0.0,osc_received,"value_[1, ""cloud""]"
1586.073,jump_input_pressed,659.786315917969,-27.0108413696289,0.0,0.0,Jump,pressed
1586.073,jump_executed,659.786315917969,-27.0108413696289,0.0,-500.0,jump,x_659.786315917969_y_-27.0108413696289
1586.082,move_left_pressed,659.786315917969,-35.4018173217773,-15.0,-479.222198486328,Move_Left,pressed
1586.497,jump_peak_reached,601.286315917969,-133.896224975586,-180.0,39.8149261474609,jump_peak,x_601.286315917969_y_-133.896224975586
1586.514,jump_input_released,598.286315917969,-133.232635498047,-180.0,76.8519668579102,Jump,released
1586.73,platform_landed,590.453002929688,-63.0170860290527,0.0,0.0,land_on_platform,platform_scene-1/Tile Map/32_-3_layer_Tile Map_tile_32_-3_source_1_atlas_3_0
1586.731,landed,590.453002929688,-63.0170860290527,0.0,0.0,land,surface_wood_impact_1.1166669921875
1586.848,move_left_pressed,590.453002929688,-63.0170860290527,-33.3333320617676,0.0,Move_Left,pressed
1586.876,jump_input_pressed,589.8974609375,-63.0170860290527,-66.6666641235352,0.0,Jump,pressed
1586.876,jump_executed,589.8974609375,-63.0170860290527,-66.6666641235352,-500.0,jump,x_589.8974609375_y_-63.0170860290527
1587.273,jump_input_released,526.002075195312,-169.641555786133,-180.0,-16.6665554046631,Jump,released
1587.306,jump_peak_reached,520.002075195312,-169.849884033203,-96.6666641235352,41.2038154602051,jump_peak,x_520.002075195312_y_-169.849884033203
1587.472,platform_landed,518.168762207031,-133.087982177734,0.0,0.0,land_on_platform,platform_scene-1/Tile Map/29_-7_layer_Tile Map_tile_29_-7_source_1_atlas_0_0
1587.472,landed,518.168762207031,-133.087982177734,0.0,0.0,land,surface_wood_impact_0.8231484375
1587.916,move_right_pressed,518.168762207031,-133.087982177734,33.3333320617676,0.0,Move_Right,pressed
1588.048,jump_input_pressed,534.186279296875,-135.000228881836,180.0,0.0,Jump,pressed
1588.049,jump_executed,534.186279296875,-135.000228881836,180.0,-500.0,jump,x_534.186279296875_y_-135.000228881836
1588.297,jump_input_released,579.207275390625,-224.229888916016,180.0,-194.166549682617,Jump,released
1588.405,jump_peak_reached,597.207275390625,-229.021560668945,180.0,41.2037048339844,jump_peak,x_597.207275390625_y_-229.021560668945
1588.616,platform_landed,637.818359375,-171.06706237793,96.6666641235352,0.0,land_on_platform,platform_scene-1/Tile Map/35_-9_layer_Tile Map_tile_35_-9_source_1_atlas_2_0
1588.616,landed,637.818359375,-171.06706237793,96.6666641235352,0.0,land,surface_wood_impact_1.04537048339844
1588.931,move_right_pressed,638.040588378906,-171.06706237793,33.3333320617676,0.0,Move_Right,pressed
1589.306,move_left_pressed,675.207214355469,-171.06706237793,-33.3333320617676,0.0,Move_Left,pressed
1589.515,jump_input_pressed,642.873901367188,-171.06706237793,-180.0,0.0,Jump,pressed
1589.515,jump_executed,642.873901367188,-171.06706237793,-180.0,-500.0,jump,x_642.873901367188_y_-171.06706237793
1589.907,jump_input_released,573.871398925781,-277.022979736328,-180.0,-36.1665573120117,Jump,released
1589.948,jump_peak_reached,564.871398925781,-277.789642333984,-180.0,42.5371475219727,jump_peak,x_564.871398925781_y_-277.789642333984
1590.073,platform_landed,560.0380859375,-257.997436523438,0.0,0.0,land_on_platform,platform_scene-1/Tile Map/31_-14_layer_Tile Map_tile_31_-14_source_1_atlas_18_3
1590.073,landed,560.0380859375,-257.997436523438,0.0,0.0,land,surface_wood_impact_0.60359283447266
1590.074,musicking,560.0380859375,-257.997436523438,0.0,0.0,osc_received,"value_[1, ""leaves""]"
1590.173,move_right_pressed,560.0380859375,-257.997436523438,33.3333320617676,0.0,Move_Right,pressed
1590.931,jump_input_pressed,569.760620117188,-258.035858154297,0.0,0.0,Jump,pressed
1590.932,jump_executed,569.760620117188,-258.035858154297,0.0,-500.0,jump,x_569.760620117188_y_-258.035858154297
1590.973,move_left_pressed,569.760620117188,-274.362976074219,-15.0,-458.499969482422,Move_Left,pressed
1591.139,jump_peak_reached,563.262512207031,-321.376434326172,-25.1573219299316,53.9687995910645,jump_peak,x_563.262512207031_y_-321.376434326172
1591.364,jump_input_released,535.900085449219,-252.610900878906,-180.0,572.487365722656,Jump,released
1591.465,move_right_pressed,525.066772460938,-186.102890014648,15.0,794.709655761719,Move_Right,pressed
1591.514,platform_landed,527.566772460938,-135.066925048828,60.0,0.0,land_on_platform,platform_scene-1/Tile Map/29_-7_layer_Tile Map_tile_29_-7_source_1_atlas_0_0
1591.515,landed,527.566772460938,-135.066925048828,60.0,0.0,land,surface_wood_impact_1.8116416015625
1591.982,move_right_pressed,531.955627441406,-135.066925048828,33.3333320617676,0.0,Move_Right,pressed
1592.348,move_left_pressed,538.344482421875,-135.066925048828,-33.3333320617676,0.0,Move_Left,pressed
1592.405,jump_input_pressed,535.011169433594,-135.066925048828,-133.33332824707,0.0,Jump,pressed
1592.405,jump_executed,535.011169433594,-135.066925048828,-133.33332824707,-500.0,jump,x_535.011169433594_y_-135.066925048828
1592.414,jump_peak_reached,532.786987304688,-143.408569335938,-148.33332824707,-479.222198486328,jump_peak,x_532.786987304688_y_-143.408569335938
1592.774,jump_input_released,470.620300292969,-240.073394775391,-180.0,-55.722110748291,Jump,released
1592.975,move_left_pressed,459.786956787109,-218.578918457031,-15.0,340.111236572266,Move_Left,pressed
1592.99,platform_landed,459.036956787109,-207.066177368164,-30.0,0.0,land_on_platform,platform_scene-1/Tile Map/25_-11_layer_Tile Map_tile_25_-11_source_1_atlas_2_0
1592.99,landed,459.036956787109,-207.066177368164,-30.0,0.0,land,surface_wood_impact_0.75429656982422
1593.025,musicking,456.370300292969,-207.066177368164,-96.6666641235352,0.0,osc_received,"value_[1, ""platform_pan_nav""]"
1593.089,jump_input_pressed,448.481414794922,-207.066177368164,-180.0,0.0,Jump,pressed
1593.089,jump_executed,448.481414794922,-207.066177368164,-180.0,-500.0,jump,x_448.481414794922_y_-207.066177368164
1593.241,jump_peak_reached,421.477172851562,-262.315338134766,-180.0,74.0740737915039,jump_peak,x_421.477172851562_y_-262.315338134766
1593.341,platform_landed,401.183197021484,-241.695922851562,-180.0,0.0,land_on_platform,platform_scene-1/Tile Map/21_-13_layer_Tile Map_tile_21_-13_source_1_atlas_3_0
1593.341,landed,401.183197021484,-241.695922851562,-180.0,0.0,land,surface_wood_impact_0.59259259033203
1593.407,jump_input_released,393.156677246094,-243.003143310547,-180.0,0.0,Jump,released
1593.424,musicking,387.156677246094,-243.003143310547,-180.0,0.0,osc_received,"value_[1, ""chain-jumps-combo-walk""]"
1593.689,move_right_pressed,370.323333740234,-243.066558837891,33.3333320617676,0.0,Move_Right,pressed
1594.005,jump_input_pressed,383.489990234375,-243.074783325195,0.0,0.0,Jump,pressed
1594.006,jump_executed,383.489990234375,-243.074783325195,0.0,-500.0,jump,x_383.489990234375_y_-243.074783325195
1594.056,move_right_pressed,383.489990234375,-267.043426513672,15.0,-437.833282470703,Move_Right,pressed
1594.273,jump_input_released,405.989990234375,-335.498046875,180.0,-174.222106933594,Jump,released
1594.372,jump_peak_reached,419.823333740234,-340.289703369141,0.0,41.2037048339844,jump_peak,x_419.823333740234_y_-340.289703369141
1594.557,platform_landed,419.823333740234,-297.003479003906,0.0,0.0,land_on_platform,platform_scene-1/Tile Map/23_-16_layer_Tile Map_tile_23_-16_source_1_atlas_2_0
1594.557,landed,419.823333740234,-297.003479003906,0.0,0.0,land,surface_wood_impact_0.89722235107422
1594.874,move_right_pressed,419.823333740234,-297.003479003906,33.3333320617676,0.0,Move_Right,pressed
1594.974,jump_input_pressed,431.156646728516,-297.003479003906,180.0,0.0,Jump,pressed
1594.974,jump_executed,431.156646728516,-297.003479003906,180.0,-500.0,jump,x_431.156646728516_y_-297.003479003906
1595.175,jump_input_released,467.1767578125,-374.479736328125,180.0,-254.333206176758,Jump,released
1595.272,jump_peak_reached,483.787872314453,-379.271392822266,13.3333311080933,41.2037048339844,jump_peak,x_483.787872314453_y_-379.271392822266
1595.407,platform_landed,484.010101318359,-351.005920410156,0.0,0.0,land_on_platform,platform_scene-1/Tile Map/26_-19_layer_Tile Map_tile_26_-19_source_1_atlas_14_0
1595.407,landed,484.010101318359,-351.005920410156,0.0,0.0,land,surface_wood_impact_0.67500006103516
1595.441,musicking,484.010101318359,-351.005920410156,0.0,0.0,osc_received,"value_[1, ""platform_pan_nav""]"
1595.556,move_right_pressed,484.010101318359,-351.005920410156,33.3333320617676,0.0,Move_Right,pressed
1595.572,sonification,484.565643310547,-351.005920410156,33.3333320617676,0.0,osc_received,"value_[1, ""mushrooms""]"
1595.956,jump_input_pressed,549.343444824219,-351.06689453125,180.0,0.0,Jump,pressed
1595.956,jump_executed,549.343444824219,-351.06689453125,180.0,-500.0,jump,x_549.343444824219_y_-351.06689453125
1595.957,sonification,552.345947265625,-359.408172607422,180.0,-500.055541992188,osc_received,"value_[1, ""mushrooms""]"
1596.323,jump_input_released,615.345947265625,-456.072937011719,180.0,-55.722110748291,Jump,released
1596.389,jump_peak_reached,625.95703125,-457.704406738281,13.3333311080933,43.8149261474609,jump_peak,x_625.95703125_y_-457.704406738281
1596.476,coin_collected,626.179260253906,-447.880340576172,0.0,191.963073730469,collect_coin,coin_coin11_score_12
1596.477,sonification,626.179260253906,-444.063659667969,0.0,229.000106811523,osc_received,"value_[1, ""coins-with-pitch""]"
1596.556,platform_landed,626.179260253906,-420.008514404297,0.0,0.0,land_on_platform,platform_scene-1/Tile Map/34_-23_layer_Tile Map_tile_34_-23_source_1_atlas_17_3
1596.556,landed,626.179260253906,-420.008514404297,0.0,0.0,land,surface_wood_impact_0.82837066650391
1596.557,musicking,626.179260253906,-420.008514404297,0.0,0.0,osc_received,"value_[1, ""leaves""]"
1597.107,move_right_pressed,626.179260253906,-420.008514404297,33.3333320617676,0.0,Move_Right,pressed
1597.176,jump_input_pressed,631.73486328125,-420.058013916016,166.666656494141,0.0,Jump,pressed
1597.176,jump_executed,631.73486328125,-420.058013916016,166.666656494141,-500.0,jump,x_631.73486328125_y_-420.058013916016
1597.523,jump_input_released,694.526123046875,-523.821594238281,180.0,-75.3332214355469,Jump,released
1597.608,jump_peak_reached,708.13720703125,-526.627075195312,13.3333311080933,45.0371475219727,jump_peak,x_708.13720703125_y_-526.627075195312
1597.756,platform_landed,708.359436035156,-495.013549804688,0.0,0.0,land_on_platform,platform_scene-1/Tile Map/39_-27_layer_Tile Map_tile_39_-27_source_1_atlas_2_0
1597.756,landed,708.359436035156,-495.013549804688,0.0,0.0,land,surface_wood_impact_0.75674102783203
1598.74,move_right_pressed,708.359436035156,-495.013549804688,33.3333320617676,0.0,Move_Right,pressed
1598.805,jump_input_pressed,713.914978027344,-495.013549804688,166.666656494141,0.0,Jump,pressed
1598.805,jump_executed,713.914978027344,-495.013549804688,166.666656494141,-500.0,jump,x_713.914978027344_y_-495.013549804688
1599.173,jump_input_released,758.925231933594,-600.061462402344,135.0,-55.722110748291,Jump,released
1599.231,jump_peak_reached,769.425231933594,-601.692932128906,180.0,43.8149261474609,jump_peak,x_769.425231933594_y_-601.692932128906
1599.339,platform_landed,790.425231933594,-585.066223144531,180.0,0.0,land_on_platform,platform_scene-1/Tile Map/43_-32_layer_Tile Map_tile_43_-32_source_1_atlas_2_0
1599.339,landed,790.425231933594,-585.066223144531,180.0,0.0,land,surface_wood_impact_0.53207427978516
1599.349,musicking,793.425231933594,-585.066223144531,180.0,0.0,osc_received,"value_[1, ""platform_pan_nav""]"
1599.598,move_left_pressed,795.258544921875,-585.066223144531,-33.3333320617676,0.0,Move_Left,pressed
1599.773,jump_input_pressed,771.93017578125,-585.066223144531,-180.0,0.0,Jump,pressed
1599.774,jump_executed,771.93017578125,-585.066223144531,-180.0,-500.0,jump,x_771.93017578125_y_-585.066223144531
1600.065,jump_input_released,717.927429199219,-683.004272460938,-180.0,-134.499893188477,Jump,released
1600.165,jump_peak_reached,699.927429199219,-687.795959472656,-180.0,41.2037048339844,jump_peak,x_699.927429199219_y_-687.795959472656
1600.439,coin_collected,651.927429199219,-602.734191894531,-180.0,596.759338378906,collect_coin,coin_coin15_score_14
1600.44,sonification,650.316345214844,-592.1708984375,-96.6666641235352,633.79638671875,osc_received,"value_[1, ""coins-with-pitch""]"
1600.448,platform_landed,650.094177246094,-585.066711425781,-13.3333311080933,0.0,land_on_platform,platform_scene-1/Tile Map/36_-32_layer_Tile Map_tile_36_-32_source_1_atlas_2_0
1600.448,landed,650.094177246094,-585.066711425781,-13.3333311080933,0.0,land,surface_wood_impact_1.34166687011719
1600.639,move_right_pressed,650.094177246094,-585.066711425781,33.3333320617676,0.0,Move_Right,pressed
1600.848,jump_input_pressed,677.997802734375,-585.000610351562,33.3333320617676,0.0,Jump,pressed
1600.848,jump_executed,677.997802734375,-585.000610351562,33.3333320617676,-500.0,jump,x_677.997802734375_y_-585.000610351562
1601.28,jump_peak_reached,733.42529296875,-691.829284667969,180.0,39.8149261474609,jump_peak,x_733.42529296875_y_-691.829284667969
1601.339,jump_input_released,742.42529296875,-687.986694335938,180.0,150.926040649414,Jump,released
1601.539,move_right_pressed,756.258605957031,-617.060729980469,15.0,595.370544433594,Move_Right,pressed
1601.583,platform_landed,758.758605957031,-585.067077636719,60.0,0.0,land_on_platform,platform_scene-1/Tile Map/42_-32_layer_Tile Map_tile_42_-32_source_1_atlas_1_0
1601.583,landed,758.758605957031,-585.067077636719,60.0,0.0,land,surface_wood_impact_1.41296337890625
1601.665,jump_input_pressed,768.091918945312,-585.067077636719,180.0,0.0,Jump,pressed
1601.665,jump_executed,768.091918945312,-585.067077636719,180.0,-500.0,jump,x_768.091918945312_y_-585.067077636719
1601.666,musicking,771.094421386719,-593.408264160156,180.0,-500.055541992188,osc_received,"value_[1, ""chain-jumps-combo-walk""]"
1601.88,jump_input_released,807.094421386719,-666.745300292969,180.0,-234.222106933594,Jump,released
1601.98,jump_peak_reached,817.927734375,-671.536987304688,0.0,41.2037048339844,jump_peak,x_817.927734375_y_-671.536987304688
1602.081,platform_landed,817.927734375,-657.00830078125,0.0,0.0,land_on_platform,platform_scene-1/Tile Map/45_-36_layer_Tile Map_tile_45_-36_source_1_atlas_0_0
1602.081,landed,817.927734375,-657.00830078125,0.0,0.0,land,surface_wood_impact_0.52685186767578
1602.098,musicking,817.927734375,-657.00830078125,0.0,0.0,osc_received,"value_[1, ""platform_pan_nav""]"
1602.406,jump_input_pressed,817.927734375,-657.00830078125,0.0,0.0,Jump,pressed
1602.406,jump_executed,817.927734375,-657.00830078125,0.0,-500.0,jump,x_817.927734375_y_-657.00830078125
1602.472,move_right_pressed,817.927734375,-688.335754394531,15.0,-417.22216796875,Move_Right,pressed
1602.54,jump_input_released,820.427734375,-714.122741699219,75.0,-335.333251953125,Jump,released
1602.64,jump_peak_reached,831.677734375,-718.914428710938,66.6666641235352,41.2037048339844,jump_peak,x_831.677734375_y_-718.914428710938
1602.706,move_right_pressed,832.788818359375,-712.463806152344,15.0,189.351852416992,Move_Right,pressed
1603.08,platform_landed,850.64990234375,-474.012512207031,0.0,0.0,land_on_platform,platform_scene-1/Tile Map/47_-26_layer_Tile Map_tile_47_-26_source_1_atlas_13_6
1603.08,landed,850.64990234375,-474.012512207031,0.0,0.0,land,surface_wood_impact_2.08240771484375
1603.081,musicking,850.64990234375,-474.012512207031,0.0,0.0,osc_received,"value_[1, ""water-tube""]"
1603.097,coin_collected,850.64990234375,-474.012512207031,0.0,0.0,collect_coin,coin_coin16_score_16
1603.098,sonification,850.64990234375,-474.012512207031,0.0,0.0,osc_received,"value_[1, ""coins-with-pitch""]"
1603.564,move_right_pressed,850.64990234375,-474.012512207031,33.3333320617676,0.0,Move_Right,pressed
1603.673,jump_input_pressed,861.983215332031,-474.012512207031,180.0,0.0,Jump,pressed
1603.673,jump_executed,861.983215332031,-474.012512207031,180.0,-500.0,jump,x_861.983215332031_y_-474.012512207031
1603.681,jump_peak_reached,864.995849609375,-482.381958007812,180.0,-479.222198486328,jump_peak,x_864.995849609375_y_-482.381958007812
1603.707,coin_collected,867.995849609375,-490.370849609375,180.0,-479.333312988281,collect_coin,coin_coin17_score_18
1603.707,jump_input_released,867.995849609375,-490.370849609375,180.0,-458.499969482422,Jump,released
1603.708,sonification,870.995849609375,-492.037506103516,180.0,-100.0,osc_received,"value_[1, ""coins-with-pitch""]"
1603.915,platform_landed,890.829162597656,-474.00830078125,0.0,0.0,land_on_platform,platform_scene-1/Tile Map/49_-26_layer_Tile Map_tile_49_-26_source_1_atlas_13_6
1603.915,landed,890.829162597656,-474.00830078125,0.0,0.0,land,surface_wood_impact_0.60092596435547
1603.917,musicking,890.829162597656,-474.00830078125,0.0,0.0,osc_received,"value_[1, ""water-tube""]"
1604.049,move_right_pressed,890.829162597656,-474.00830078125,33.3333320617676,0.0,Move_Right,pressed
1604.14,jump_input_pressed,899.162475585938,-474.00830078125,180.0,0.0,Jump,pressed
1604.14,jump_executed,899.162475585938,-474.00830078125,180.0,-500.0,jump,x_899.162475585938_y_-474.00830078125
1604.147,coin_collected,902.175903320312,-482.379852294922,180.0,-500.055541992188,collect_coin,coin_coin18_score_20
1604.149,sonification,905.175903320312,-490.368743896484,180.0,-479.333312988281,osc_received,"value_[1, ""coins-with-pitch""]"
1604.231,jump_input_released,917.175903320312,-518.889099121094,180.0,-376.166595458984,Jump,released
1604.339,jump_peak_reached,925.009216308594,-523.680786132812,0.0,41.2037048339844,jump_peak,x_925.009216308594_y_-523.680786132812
1604.539,platform_landed,925.009216308594,-474.003662109375,0.0,0.0,land_on_platform,platform_scene-1/Tile Map/51_-26_layer_Tile Map_tile_51_-26_source_1_atlas_13_6
1604.54,landed,925.009216308594,-474.003662109375,0.0,0.0,land,surface_wood_impact_0.97129644775391
1604.54,musicking,925.009216308594,-474.003662109375,0.0,0.0,osc_received,"value_[1, ""water-tube""]"
1604.573,move_right_pressed,925.009216308594,-474.003662109375,33.3333320617676,0.0,Move_Right,pressed
1604.681,coin_collected,939.342590332031,-474.064819335938,180.0,0.0,collect_coin,coin_coin19_score_22
1604.684,sonification,942.342590332031,-474.064819335938,180.0,0.0,osc_received,"value_[1, ""coins-with-pitch""]"
1604.706,jump_input_pressed,942.342590332031,-474.064819335938,180.0,0.0,Jump,pressed
1604.706,jump_executed,942.342590332031,-474.064819335938,180.0,-500.0,jump,x_942.342590332031_y_-474.064819335938
1604.839,jump_input_released,966.344055175781,-531.124450683594,180.0,-335.333251953125,Jump,released
1604.939,jump_peak_reached,977.177368164062,-535.916137695312,0.0,41.2037048339844,jump_peak,x_977.177368164062_y_-535.916137695312
1605.148,platform_landed,977.177368164062,-474.008392333984,0.0,0.0,land_on_platform,platform_scene-1/Tile Map/54_-26_layer_Tile Map_tile_54_-26_source_1_atlas_13_6
1605.148,landed,977.177368164062,-474.008392333984,0.0,0.0,land,surface_wood_impact_1.04537048339844
1605.156,musicking,977.177368164062,-474.008392333984,0.0,0.0,osc_received,"value_[1, ""water-tube""]"
1605.316,move_right_pressed,977.177368164062,-474.008392333984,33.3333320617676,0.0,Move_Right,pressed
1605.349,jump_input_pressed,978.843994140625,-474.008392333984,100.0,0.0,Jump,pressed
1605.349,jump_executed,978.843994140625,-474.008392333984,100.0,-500.0,jump,x_978.843994140625_y_-474.008392333984
1605.54,jump_input_released,1007.60430908203,-546.893859863281,180.0,-274.499877929688,Jump,released
1605.631,jump_peak_reached,1025.60437011719,-551.685546875,180.0,41.2037048339844,jump_peak,x_1025.60437011719_y_-551.685546875
1605.881,platform_landed,1037.99951171875,-474.061920166016,15.0,0.0,land_on_platform,platform_scene-1/Tile Map/58_-27_layer_Tile Map_tile_58_-27_source_1_atlas_0_6
1605.882,landed,1037.99951171875,-474.061920166016,15.0,0.0,land,surface_wood_impact_1.19351867675781
1605.882,musicking,1037.99951171875,-474.061920166016,15.0,0.0,osc_received,"value_[1, ""water-tube""]"
1606.873,move_left_pressed,1037.92529296875,-474.053558349609,-33.3333320617676,0.0,Move_Left,pressed
1606.873,jump_input_pressed,1037.92529296875,-474.053558349609,-33.3333320617676,0.0,Jump,pressed
1606.873,jump_executed,1037.92529296875,-474.053558349609,-33.3333320617676,-500.0,jump,x_1037.92529296875_y_-474.053558349609
1606.973,move_right_pressed,1030.84143066406,-518.905517578125,-24.9999942779541,-376.166595458984,Move_Right,pressed
1607.274,jump_input_released,1037.92529296875,-580.636840820312,15.0,-16.6665554046631,Jump,released
1607.306,jump_peak_reached,1037.92529296875,-580.845153808594,15.0,41.2038154602051,jump_peak,x_1037.92529296875_y_-580.845153808594
1607.581,platform_landed,1037.92529296875,-474.040924072266,0.0,0.0,land_on_platform,platform_scene-1/Tile Map/57_-26_layer_Tile Map_tile_57_-26_source_1_atlas_13_6
1607.581,landed,1037.92529296875,-474.040924072266,0.0,0.0,land,surface_wood_impact_1.34166711425781
1607.583,musicking,1037.92529296875,-474.040924072266,0.0,0.0,osc_received,"value_[1, ""water-tube""]"
1607.673,move_left_pressed,1037.92529296875,-474.040924072266,-33.3333320617676,0.0,Move_Left,pressed
1609.606,move_left_pressed,877.756652832031,-474.060943603516,-33.3333320617676,0.0,Move_Left,pressed
1609.741,jump_input_pressed,860.423400878906,-474.049835205078,-180.0,0.0,Jump,pressed
1609.741,jump_executed,860.423400878906,-474.049835205078,-180.0,-500.0,jump,x_860.423400878906_y_-474.049835205078
1609.747,jump_peak_reached,857.420532226562,-482.391998291016,-180.0,-479.222198486328,jump_peak,x_857.420532226562_y_-482.391998291016
1610.407,jump_input_released,812.824768066406,-515.693115234375,-6.66666650772095,558.33349609375,Jump,released
1610.448,platform_landed,812.713684082031,-474.974182128906,0.0,0.0,land_on_platform,platform_scene-1/Tile Map/45_-26_layer_Tile Map_tile_45_-26_source_1_atlas_14_6
1610.448,landed,812.713684082031,-474.974182128906,0.0,0.0,land,surface_wood_impact_1.33888928222656
1610.449,musicking,812.713684082031,-474.974182128906,0.0,0.0,osc_received,"value_[1, ""water-tube""]"
1610.506,move_right_pressed,812.713684082031,-474.974182128906,33.3333320617676,0.0,Move_Right,pressed
1610.981,move_right_pressed,843.901550292969,-474.038604736328,33.3333320617676,0.0,Move_Right,pressed
1612.04,move_left_pressed,1022.06823730469,-474.050018310547,-20.0000019073486,0.0,Move_Left,pressed
1613.074,jump_input_pressed,843.841430664062,-474.050018310547,-180.0,0.0,Jump,pressed
1613.074,jump_executed,843.841430664062,-474.050018310547,-180.0,-500.0,jump,x_843.841430664062_y_-474.050018310547
1613.089,jump_peak_reached,840.839111328125,-482.390716552734,-180.0,-479.222198486328,jump_peak,x_840.839111328125_y_-482.390716552734
1613.541,jump_input_released,759.837951660156,-466.979797363281,-180.0,629.629699707031,Jump,released
1613.989,platform_landed,722.004638671875,44.9029388427734,0.0,0.0,land_on_platform,platform_scene-1/Tile Map/40_3_layer_Tile Map_tile_40_3_source_1_atlas_13_0
1613.989,landed,722.004638671875,44.9029388427734,0.0,0.0,land,surface_wood_impact_3.25925805664063
1614.023,musicking,722.004638671875,44.9947357177734,0.0,0.0,osc_received,"value_[1, ""far-fall""]"
1615.842,move_left_pressed,722.004638671875,44.9947357177734,-33.3333320617676,0.0,Move_Left,pressed
1615.847,sonification,721.449096679688,44.9947357177734,-33.3333320617676,0.0,osc_received,"value_[1, ""mushrooms""]"
1615.873,jump_input_pressed,720.336486816406,44.9309577941895,-100.0,0.0,Jump,pressed
1615.873,jump_executed,720.336486816406,44.9309577941895,-100.0,-500.0,jump,x_720.336486816406_y_44.9309577941895
1615.874,sonification,718.668640136719,36.5908737182617,-100.0,-500.055541992188,osc_received,"value_[1, ""mushrooms""]"
1615.889,jump_peak_reached,718.668640136719,36.5908737182617,-115.0,-479.222198486328,jump_peak,x_718.668640136719_y_36.5908737182617
1616.144,jump_input_released,676.585205078125,-47.4970664978027,-180.0,-174.222106933594,Jump,released
1616.373,platform_landed,665.751892089844,-27.0060691833496,0.0,0.0,land_on_platform,platform_scene-1/Tile Map/36_-1_layer_Tile Map_tile_36_-1_source_1_atlas_13_7
1616.373,landed,665.751892089844,-27.0060691833496,0.0,0.0,land,surface_wood_impact_0.67500006103516
1616.389,musicking,665.751892089844,-27.0060691833496,0.0,0.0,osc_received,"value_[1, ""cloud""]"
1616.615,move_left_pressed,665.751892089844,-27.0060691833496,-33.3333320617676,0.0,Move_Left,pressed
1616.665,jump_input_pressed,662.418579101562,-27.0060691833496,-133.33332824707,0.0,Jump,pressed
1616.665,jump_executed,662.418579101562,-27.0060691833496,-133.33332824707,-500.0,jump,x_662.418579101562_y_-27.0060691833496
1616.949,jump_input_released,613.014526367188,-122.404525756836,-180.0,-154.333221435547,Jump,released
1617.049,jump_peak_reached,595.014526367188,-127.196189880371,-180.0,41.2037048339844,jump_peak,x_595.014526367188_y_-127.196189880371
1617.272,platform_landed,587.181213378906,-63.0255241394043,0.0,0.0,land_on_platform,platform_scene-1/Tile Map/32_-3_layer_Tile Map_tile_32_-3_source_1_atlas_3_0
1617.272,landed,587.181213378906,-63.0255241394043,0.0,0.0,land,surface_wood_impact_1.04537048339844
1617.309,musicking,587.181213378906,-63.0255241394043,0.0,0.0,osc_received,"value_[1, ""platform_pan_nav""]"
1617.313,move_left_pressed,587.181213378906,-63.0255241394043,-33.3333320617676,0.0,Move_Left,pressed
1617.331,jump_input_pressed,586.625671386719,-63.0255241394043,-66.6666641235352,0.0,Jump,pressed
1617.331,jump_executed,586.625671386719,-63.0255241394043,-66.6666641235352,-500.0,jump,x_586.625671386719_y_-63.0255241394043
1617.706,jump_input_released,528.731201171875,-168.067779541016,-180.0,-55.722110748291,Jump,released
1617.773,jump_peak_reached,520.897888183594,-169.699249267578,0.0,43.8149261474609,jump_peak,x_520.897888183594_y_-169.699249267578
1617.914,platform_landed,520.897888183594,-134.680358886719,0.0,0.0,land_on_platform,platform_scene-1/Tile Map/29_-7_layer_Tile Map_tile_29_-7_source_1_atlas_0_0
1617.914,landed,520.897888183594,-134.680358886719,0.0,0.0,land,surface_wood_impact_0.75429656982422
1619.273,move_right_pressed,520.897888183594,-134.680358886719,33.3333320617676,0.0,Move_Right,pressed
1619.341,musicking,529.152648925781,-135.07307434082,166.666656494141,0.0,osc_received,"value_[1, ""chain-jumps-combo-walk""]"
1619.373,jump_input_pressed,532.152648925781,-135.07307434082,180.0,0.0,Jump,pressed
1619.373,jump_executed,532.152648925781,-135.07307434082,180.0,-500.0,jump,x_532.152648925781_y_-135.07307434082
1619.673,jump_peak_reached,586.154968261719,-229.385772705078,180.0,74.0740737915039,jump_peak,x_586.154968261719_y_-229.385772705078
1619.673,jump_input_released,586.154968261719,-229.385772705078,180.0,74.0740737915039,Jump,released
1619.865,platform_landed,625.154968261719,-171.066696166992,180.0,0.0,land_on_platform,platform_scene-1/Tile Map/34_-9_layer_Tile Map_tile_34_-9_source_1_atlas_2_0
1619.865,landed,625.154968261719,-171.066696166992,180.0,0.0,land,surface_wood_impact_1.037037109375
1620.173,move_left_pressed,659.98828125,-171.074798583984,-33.3333320617676,0.0,Move_Left,pressed
1620.315,jump_input_pressed,639.654968261719,-171.074798583984,-180.0,0.0,Jump,pressed
1620.316,jump_executed,639.654968261719,-171.074798583984,-180.0,-500.0,jump,x_639.654968261719_y_-171.074798583984
1620.74,jump_input_released,564.654602050781,-277.95068359375,-180.0,2.77788853645325,Jump,released
1620.747,jump_peak_reached,561.654602050781,-277.904388427734,-180.0,39.8149261474609,jump_peak,x_561.654602050781_y_-277.904388427734
1620.864,platform_landed,553.8212890625,-257.998779296875,0.0,0.0,land_on_platform,platform_scene-1/Tile Map/30_-14_layer_Tile Map_tile_30_-14_source_1_atlas_17_3
1620.864,landed,553.8212890625,-257.998779296875,0.0,0.0,land,surface_wood_impact_0.59814837646484
1620.864,musicking,553.8212890625,-257.998779296875,0.0,0.0,osc_received,"value_[1, ""leaves""]"
1621.416,move_right_pressed,553.8212890625,-257.998779296875,33.3333320617676,0.0,Move_Right,pressed
1621.649,move_right_pressed,563.543640136719,-258.057464599609,33.3333320617676,0.0,Move_Right,pressed
1621.94,move_left_pressed,579.701354980469,-258.092498779297,-33.3333320617676,0.0,Move_Left,pressed
1621.94,jump_input_pressed,579.701354980469,-258.092498779297,-33.3333320617676,0.0,Jump,pressed
1621.94,jump_executed,579.701354980469,-258.092498779297,-33.3333320617676,-500.0,jump,x_579.701354980469_y_-258.092498779297
1622.215,musicking,564.574768066406,-354.834808349609,-45.0,-155.333221435547,osc_received,"value_[1, ""platform_pan_nav""]"
1622.373,jump_peak_reached,549.574768066406,-363.732940673828,-180.0,39.8149261474609,jump_peak,x_549.574768066406_y_-363.732940673828
1622.448,jump_input_released,534.574768066406,-354.2421875,-180.0,225.000106811523,Jump,released
1622.45,platform_landed,531.574768066406,-351.066345214844,-180.0,0.0,land_on_platform,platform_scene-1/Tile Map/29_-19_layer_Tile Map_tile_29_-19_source_1_atlas_12_0
1622.45,landed,531.574768066406,-351.066345214844,-180.0,0.0,land,surface_wood_impact_0.45000021362305
1622.451,sonification,531.574768066406,-351.066345214844,-180.0,0.0,osc_received,"value_[1, ""mushrooms""]"
1622.515,sonification,526.741455078125,-351.066345214844,0.0,0.0,osc_received,"value_[1, ""mushrooms""]"
1623.089,move_right_pressed,526.741455078125,-351.066345214844,33.3333320617676,0.0,Move_Right,pressed
1623.097,sonification,527.296997070312,-351.066345214844,33.3333320617676,0.0,osc_received,"value_[1, ""mushrooms""]"
1623.223,jump_input_pressed,544.074768066406,-351.074737548828,180.0,0.0,Jump,pressed
1623.223,jump_executed,544.074768066406,-351.074737548828,180.0,-500.0,jump,x_544.074768066406_y_-351.074737548828
1623.224,sonification,547.075134277344,-359.409973144531,180.0,-500.055541992188,osc_received,"value_[1, ""mushrooms""]"
1623.257,move_left_pressed,550.075134277344,-367.398864746094,96.6666641235352,-458.499969482422,Move_Left,pressed
1623.648,jump_peak_reached,523.667785644531,-457.901458740234,-180.0,39.8149261474609,jump_peak,x_523.667785644531_y_-457.901458740234
1623.764,jump_input_released,502.667785644531,-440.293426513672,-180.0,299.074188232422,Jump,released
1623.764,platform_landed,499.671630859375,-438.051727294922,-180.0,0.0,land_on_platform,platform_scene-1/Tile Map/27_-24_layer_Tile Map_tile_27_-24_source_1_atlas_13_6
1623.764,landed,499.671630859375,-438.051727294922,-180.0,0.0,land,surface_wood_impact_0.59814837646484
1623.764,musicking,499.671630859375,-438.051727294922,-180.0,0.0,osc_received,"value_[1, ""water-tube""]"
1626.749,jump_input_pressed,-31.32666015625,-438.06298828125,-180.0,0.0,Jump,pressed
1626.749,jump_executed,-31.32666015625,-438.06298828125,-180.0,-500.0,jump,x_-31.32666015625_y_-438.06298828125
1626.84,jump_input_released,-46.3292350769043,-476.297027587891,-180.0,-396.666595458984,Jump,released
1626.94,jump_peak_reached,-63.9249954223633,-481.088714599609,-15.0,41.2037048339844,jump_peak,x_-63.9249954223633_y_-481.088714599609
1627.048,move_right_pressed,-63.9252738952637,-463.319061279297,15.0,300.462982177734,Move_Right,pressed
1627.115,platform_landed,-60.1677742004395,-438.054016113281,75.0,0.0,land_on_platform,platform_scene-1/Tile Map/-4_-24_layer_Tile Map_tile_-4_-24_source_1_atlas_13_6
1627.115,landed,-60.1677742004395,-438.054016113281,75.0,0.0,land,surface_wood_impact_0.89722235107422
1627.117,musicking,-60.1677742004395,-438.054016113281,75.0,0.0,osc_received,"value_[1, ""water-tube""]"
1627.515,jump_input_pressed,6.93213748931885,-438.054016113281,180.0,0.0,Jump,pressed
1627.515,jump_executed,6.93213748931885,-438.054016113281,180.0,-500.0,jump,x_6.93213748931885_y_-438.054016113281
1627.947,jump_peak_reached,53.7697525024414,-544.89453125,0.0,39.8149261474609,jump_peak,x_53.7697525024414_y_-544.89453125
1628.248,platform_landed,53.7697525024414,-438.011138916016,0.0,0.0,land_on_platform,platform_scene-1/Tile Map/2_-24_layer_Tile Map_tile_2_-24_source_1_atlas_13_6
1628.249,landed,53.7697525024414,-438.011138916016,0.0,0.0,land,surface_wood_impact_1.41296337890625
1628.25,musicking,53.7697525024414,-438.011138916016,0.0,0.0,osc_received,"value_[1, ""water-tube""]"
1628.272,jump_input_released,53.7697525024414,-438.011138916016,0.0,0.0,Jump,released
1628.282,move_right_pressed,53.7697525024414,-438.011138916016,33.3333320617676,0.0,Move_Right,pressed
1630.773,time_limit_reached,494.103332519531,-438.051513671875,180.0,0.0,time_limit,three_minutes
1630.773,scene_transition,494.103332519531,-438.051513671875,180.0,0.0,switch,from_res://Scenes/Main/scene-1.tscn_to_res://Scenes/Main/menu.tscn
1630.773,session_end,494.103332519531,-438.051513671875,180.0,0.0,,
