timestamp_seconds,event,x,y,velocity_x,velocity_y,action,info
319.725,session_start,392.0,624.0,0.0,0.0,,
319.771,jump_peak_reached,392.0,624.0,0.0,37.037036895752,jump_peak,x_392.0_y_624.0
319.818,platform_landed,392.0,638.988403320312,0.0,0.0,land_on_platform,platform_scene-1/Tile Map/21_36_layer_Tile Map_tile_21_36_source_1_atlas_2_0
319.818,landed,392.0,638.988403320312,0.0,0.0,land,surface_wood_impact_0.51851849365234
320.634,move_left_pressed,392.0,638.988403320312,-33.3333320617676,0.0,Move_Left,pressed
320.811,move_right_pressed,370.055572509766,638.988403320312,0.0,0.0,Move_Right,pressed
320.946,move_left_pressed,384.388885498047,638.932373046875,63.3333396911621,0.0,Move_Left,pressed
321.186,jump_input_pressed,372.277770996094,638.932373046875,0.0,0.0,Jump,pressed
321.186,jump_executed,372.277770996094,638.932373046875,0.0,-500.0,jump,x_372.277770996094_y_638.932373046875
321.311,jump_input_pressed,372.277770996094,587.8056640625,0.0,-355.722137451172,Jump,pressed
321.311,jump_input_released,372.277770996094,587.8056640625,0.0,-355.722137451172,Jump,released
321.41,jump_peak_reached,372.277770996094,583.013977050781,0.0,41.2037048339844,jump_peak,x_372.277770996094_y_583.013977050781
321.444,jump_input_released,372.277770996094,585.004699707031,0.0,115.277786254883,Jump,released
321.61,platform_landed,372.277770996094,638.967163085938,0.0,0.0,land_on_platform,platform_scene-1/Tile Map/20_36_layer_Tile Map_tile_20_36_source_1_atlas_2_0
321.61,landed,372.277770996094,638.967163085938,0.0,0.0,land,surface_wood_impact_0.97129644775391
321.71,move_left_pressed,372.277770996094,638.967163085938,-33.3333320617676,0.0,Move_Left,pressed
323.045,move_right_pressed,138.944458007812,638.924682617188,-63.3333396911621,0.0,Move_Right,pressed
323.045,jump_input_pressed,138.944458007812,638.924682617188,-63.3333396911621,0.0,Jump,pressed
323.046,jump_executed,138.944458007812,638.924682617188,-63.3333396911621,-500.0,jump,x_138.944458007812_y_638.924682617188
323.143,jump_peak_reached,140.392150878906,601.686767578125,75.0,74.0740737915039,jump_peak,x_140.392150878906_y_601.686767578125
323.286,platform_landed,163.392150878906,638.93310546875,180.0,0.0,land_on_platform,platform_scene-1/Tile Map/9_36_layer_Tile Map_tile_9_36_source_1_atlas_2_0
323.286,landed,163.392150878906,638.93310546875,180.0,0.0,land,surface_wood_impact_0.81481488037109
323.577,move_left_pressed,183.225494384766,638.93310546875,-33.3333320617676,0.0,Move_Left,pressed
324.444,jump_input_released,140.058807373047,638.925170898438,0.0,0.0,Jump,released
324.452,move_left_pressed,140.058807373047,638.925170898438,-33.3333320617676,0.0,Move_Left,pressed
324.745,jump_input_pressed,95.7254638671875,638.925170898438,-96.6666641235352,0.0,Jump,pressed
324.745,jump_executed,95.7254638671875,638.925170898438,-96.6666641235352,-500.0,jump,x_95.7254638671875_y_638.925170898438
324.91,jump_input_released,93.8919372558594,571.012145996094,0.0,-294.722106933594,Jump,released
325.01,jump_peak_reached,93.8919372558594,566.220458984375,0.0,41.2037048339844,jump_peak,x_93.8919372558594_y_566.220458984375
325.244,platform_landed,93.8919372558594,638.967590332031,0.0,0.0,land_on_platform,platform_scene-1/Tile Map/5_36_layer_Tile Map_tile_5_36_source_1_atlas_2_0
325.244,landed,93.8919372558594,638.967590332031,0.0,0.0,land,surface_wood_impact_1.11944458007812
325.444,move_left_pressed,93.8919372558594,638.967590332031,-33.3333320617676,0.0,Move_Left,pressed
325.577,jump_input_pressed,76.5586013793945,638.929626464844,-180.0,0.0,Jump,pressed
325.577,jump_executed,76.5586013793945,638.929626464844,-180.0,-500.0,jump,x_76.5586013793945_y_638.929626464844
325.852,jump_peak_reached,25.5555992126465,547.685119628906,-180.0,74.0740737915039,jump_peak,x_25.5555992126465_y_547.685119628906
326.111,platform_landed,-9.92400741577148,638.9931640625,-15.0,0.0,land_on_platform,platform_scene-1/Tile Map/-1_36_layer_Tile Map_tile_-1_36_source_1_atlas_2_0
326.111,landed,-9.92400741577148,638.9931640625,-15.0,0.0,land,surface_wood_impact_1.25925939941406
326.277,move_right_pressed,-9.92400741577148,638.9931640625,0.0,0.0,Move_Right,pressed
326.444,move_left_pressed,10.4093255996704,638.932983398438,63.3333396911621,0.0,Move_Left,pressed
327.678,move_right_pressed,-9.99345397949219,638.999389648438,0.0,0.0,Move_Right,pressed
328.044,jump_input_released,-9.92516708374023,638.933715820312,0.0,0.0,Jump,released
328.186,move_right_pressed,-9.3696117401123,638.925231933594,33.3333320617676,0.0,Move_Right,pressed
328.477,jump_input_pressed,34.9637222290039,638.925231933594,180.0,0.0,Jump,pressed
328.477,jump_executed,34.9637222290039,638.925231933594,180.0,-500.0,jump,x_34.9637222290039_y_638.925231933594
328.744,jump_input_released,82.9640731811523,546.502075195312,180.0,-174.222106933594,Jump,released
328.843,jump_peak_reached,100.964073181152,541.710388183594,180.0,41.2037048339844,jump_peak,x_100.964073181152_y_541.710388183594
328.975,platform_landed,127.655082702637,566.839599609375,180.0,0.0,land_on_platform,platform_scene-1/Tile Map/7_32_layer_Tile Map_tile_7_32_source_1_atlas_0_0
328.975,landed,127.655082702637,566.839599609375,180.0,0.0,land,surface_wood_impact_0.67500006103516
329.344,platform_landed,193.658416748047,638.933837890625,180.0,0.0,land_on_platform,platform_scene-1/Tile Map/10_36_layer_Tile Map_tile_10_36_source_1_atlas_2_0
329.344,landed,193.658416748047,638.933837890625,180.0,0.0,land,surface_wood_impact_1.11111120605469
329.478,move_left_pressed,214.658416748047,638.933837890625,96.6666641235352,0.0,Move_Left,pressed
329.678,jump_input_pressed,216.491760253906,638.933837890625,0.0,0.0,Jump,pressed
329.678,jump_executed,216.491760253906,638.933837890625,0.0,-500.0,jump,x_216.491760253906_y_638.933837890625
329.943,jump_input_released,216.491760253906,546.502990722656,0.0,-174.222106933594,Jump,released
330.043,jump_peak_reached,216.491760253906,541.711303710938,0.0,41.2037048339844,jump_peak,x_216.491760253906_y_541.711303710938
330.319,platform_landed,216.491760253906,638.952331542969,0.0,0.0,land_on_platform,platform_scene-1/Tile Map/11_36_layer_Tile Map_tile_11_36_source_1_atlas_2_0
330.319,landed,216.491760253906,638.952331542969,0.0,0.0,land,surface_wood_impact_1.34166687011719
331.053,move_left_pressed,248.825103759766,638.927673339844,96.6666641235352,0.0,Move_Left,pressed
331.711,jump_input_pressed,250.658447265625,638.927673339844,0.0,0.0,Jump,pressed
331.711,jump_executed,250.658447265625,638.927673339844,0.0,-500.0,jump,x_250.658447265625_y_638.927673339844
332.143,jump_peak_reached,249.158447265625,532.095825195312,0.0,39.8149261474609,jump_peak,x_249.158447265625_y_532.095825195312
332.435,platform_landed,249.158447265625,638.979187011719,0.0,0.0,land_on_platform,platform_scene-1/Tile Map/13_36_layer_Tile Map_tile_13_36_source_1_atlas_2_0
332.435,landed,249.158447265625,638.979187011719,0.0,0.0,land,surface_wood_impact_1.41296337890625
332.71,jump_input_released,249.158447265625,638.979187011719,0.0,0.0,Jump,released
332.911,move_left_pressed,249.158447265625,638.979187011719,-33.3333320617676,0.0,Move_Left,pressed
333.478,jump_input_pressed,211.991760253906,638.924926757812,0.0,0.0,Jump,pressed
333.478,jump_executed,211.991760253906,638.924926757812,0.0,-500.0,jump,x_211.991760253906_y_638.924926757812
333.91,jump_peak_reached,211.991760253906,532.095458984375,0.0,39.8149261474609,jump_peak,x_211.991760253906_y_532.095458984375
334.21,platform_landed,211.991760253906,638.978820800781,0.0,0.0,land_on_platform,platform_scene-1/Tile Map/11_36_layer_Tile Map_tile_11_36_source_1_atlas_2_0
334.211,landed,211.991760253906,638.978820800781,0.0,0.0,land,surface_wood_impact_1.41296337890625
335.794,move_right_pressed,211.991760253906,638.978820800781,33.3333320617676,0.0,Move_Right,pressed
336.611,move_left_pressed,349.325103759766,638.931091308594,96.6666641235352,0.0,Move_Left,pressed
336.711,move_right_pressed,346.491760253906,638.931091308594,-36.666675567627,0.0,Move_Right,pressed
338.512,jump_input_released,345.880645751953,638.931091308594,0.0,0.0,Jump,released
339.885,move_left_pressed,257.713989257812,638.931091308594,-33.3333320617676,0.0,Move_Left,pressed
340.553,move_left_pressed,178.547317504883,638.931091308594,-33.3333320617676,0.0,Move_Left,pressed
340.911,move_right_pressed,150.380630493164,638.931091308594,33.3333320617676,0.0,Move_Right,pressed
341.41,jump_input_pressed,181.547317504883,638.931091308594,0.0,0.0,Jump,pressed
341.41,jump_executed,181.547317504883,638.931091308594,0.0,-500.0,jump,x_181.547317504883_y_638.931091308594
341.512,move_left_pressed,181.547317504883,594.081359863281,-15.0,-376.166595458984,Move_Left,pressed
341.81,jump_input_released,144.047317504883,532.350769042969,-180.0,-16.6665554046631,Jump,released
341.844,jump_peak_reached,138.047317504883,532.142456054688,-96.6666641235352,41.2038154602051,jump_peak,x_138.047317504883_y_532.142456054688
342.012,platform_landed,136.213973999023,566.995178222656,0.0,0.0,land_on_platform,platform_scene-1/Tile Map/7_32_layer_Tile Map_tile_7_32_source_1_atlas_0_0
342.012,landed,136.213973999023,566.995178222656,0.0,0.0,land,surface_wood_impact_0.8231484375
342.044,move_right_pressed,136.213973999023,566.995178222656,33.3333320617676,0.0,Move_Right,pressed
342.444,move_left_pressed,145.93620300293,566.995178222656,-33.3333320617676,0.0,Move_Left,pressed
342.578,jump_input_pressed,128.605743408203,566.926391601562,-180.0,0.0,Jump,pressed
342.578,jump_executed,128.605743408203,566.926391601562,-180.0,-500.0,jump,x_128.605743408203_y_566.926391601562
343.01,jump_peak_reached,50.6050796508789,460.095916748047,-180.0,39.8149261474609,jump_peak,x_50.6050796508789_y_460.095916748047
343.044,jump_input_released,44.6050796508789,462.040344238281,-96.6666641235352,113.889007568359,Jump,released
343.378,move_left_pressed,46.7366485595703,615.162719726562,-15.0,854.6298828125,Move_Left,pressed
343.385,platform_landed,45.9866523742676,638.933715820312,-30.0,0.0,land_on_platform,platform_scene-1/Tile Map/2_36_layer_Tile Map_tile_2_36_source_1_atlas_2_0
343.385,landed,45.9866523742676,638.933715820312,-30.0,0.0,land,surface_wood_impact_1.78333386230469
343.71,move_right_pressed,40.3755378723145,638.933715820312,33.3333320617676,0.0,Move_Right,pressed
343.878,jump_input_pressed,63.7088737487793,638.933715820312,180.0,0.0,Jump,pressed
343.878,jump_executed,63.7088737487793,638.933715820312,180.0,-500.0,jump,x_63.7088737487793_y_638.933715820312
343.886,jump_peak_reached,66.7115783691406,630.591918945312,180.0,-479.222198486328,jump_peak,x_66.7115783691406_y_630.591918945312
343.918,move_left_pressed,72.7115783691406,614.958557128906,96.6666641235352,-437.833282470703,Move_Left,pressed
344.378,jump_input_released,74.5449142456055,538.45556640625,15.0,187.963073730469,Jump,released
344.612,move_right_pressed,75.2949142456055,638.486450195312,15.0,706.481689453125,Move_Right,pressed
344.612,platform_landed,75.5449142456055,638.932800292969,15.0,0.0,land_on_platform,platform_scene-1/Tile Map/4_36_layer_Tile Map_tile_4_36_source_1_atlas_2_0
344.612,landed,75.5449142456055,638.932800292969,15.0,0.0,land,surface_wood_impact_1.41296337890625
344.844,jump_input_pressed,109.100471496582,638.925109863281,180.0,0.0,Jump,pressed
344.844,jump_executed,109.100471496582,638.925109863281,180.0,-500.0,jump,x_109.100471496582_y_638.925109863281
344.952,jump_peak_reached,124.682334899902,601.209899902344,37.15673828125,77.1658096313477,jump_peak,x_124.682334899902_y_601.209899902344
345.053,jump_input_released,132.148010253906,618.185729980469,127.15673828125,299.388031005859,Jump,released
345.111,platform_landed,142.125137329102,638.933044433594,172.15673828125,0.0,land_on_platform,platform_scene-1/Tile Map/7_36_layer_Tile Map_tile_7_36_source_1_atlas_2_0
345.111,landed,142.125137329102,638.933044433594,172.15673828125,0.0,land,surface_wood_impact_0.82099835205078
345.353,jump_input_pressed,184.125137329102,638.925170898438,180.0,0.0,Jump,pressed
345.353,jump_executed,184.125137329102,638.925170898438,180.0,-500.0,jump,x_184.125137329102_y_638.925170898438
345.444,move_left_pressed,199.125473022461,600.697387695312,96.6666641235352,-396.666595458984,Move_Left,pressed
345.785,jump_peak_reached,200.95881652832,532.095581054688,0.0,39.8149261474609,jump_peak,x_200.95881652832_y_532.095581054688
346.086,platform_landed,200.95881652832,638.978942871094,0.0,0.0,land_on_platform,platform_scene-1/Tile Map/11_36_layer_Tile Map_tile_11_36_source_1_atlas_2_0
346.086,landed,200.95881652832,638.978942871094,0.0,0.0,land,surface_wood_impact_1.41296337890625
346.519,move_left_pressed,215.29216003418,638.978942871094,96.6666641235352,0.0,Move_Left,pressed
346.677,jump_input_released,217.126098632812,638.925354003906,0.0,0.0,Jump,released
346.844,jump_input_pressed,217.126098632812,638.925354003906,0.0,0.0,Jump,pressed
346.844,jump_executed,217.126098632812,638.925354003906,0.0,-500.0,jump,x_217.126098632812_y_638.925354003906
347.277,jump_peak_reached,217.126098632812,532.094482421875,0.0,39.8149261474609,jump_peak,x_217.126098632812_y_532.094482421875
347.577,platform_landed,217.126098632812,638.977844238281,0.0,0.0,land_on_platform,platform_scene-1/Tile Map/12_36_layer_Tile Map_tile_12_36_source_1_atlas_2_0
347.577,landed,217.126098632812,638.977844238281,0.0,0.0,land,surface_wood_impact_1.41296337890625
349.685,jump_input_released,217.126098632812,638.977844238281,0.0,0.0,Jump,released
349.944,move_left_pressed,216.570022583008,638.929077148438,-33.3333320617676,0.0,Move_Left,pressed
350.219,jump_input_pressed,172.236679077148,638.924682617188,-180.0,0.0,Jump,pressed
350.22,jump_executed,172.236679077148,638.924682617188,-180.0,-500.0,jump,x_172.236679077148_y_638.924682617188
350.452,jump_input_released,149.57470703125,553.336181640625,-75.0,-214.166549682617,Jump,released
350.552,jump_peak_reached,144.713592529297,548.544494628906,0.0,41.2037048339844,jump_peak,x_144.713592529297_y_548.544494628906
350.678,platform_landed,144.713592529297,566.979675292969,0.0,0.0,land_on_platform,platform_scene-1/Tile Map/7_32_layer_Tile Map_tile_7_32_source_1_atlas_0_0
350.678,landed,144.713592529297,566.979675292969,0.0,0.0,land,surface_wood_impact_0.60092596435547
350.944,move_left_pressed,144.713592529297,566.979675292969,-33.3333320617676,0.0,Move_Left,pressed
351.053,jump_input_pressed,130.380249023438,566.979675292969,-180.0,0.0,Jump,pressed
351.053,jump_executed,130.380249023438,566.979675292969,-180.0,-500.0,jump,x_130.380249023438_y_566.979675292969
351.487,jump_peak_reached,52.3648071289062,460.108184814453,-180.0,39.8149261474609,jump_peak,x_52.3648071289062_y_460.108184814453
351.544,jump_input_released,43.3648071289062,463.950775146484,-180.0,150.926040649414,Jump,released
351.685,platform_landed,38.5314750671387,513.162658691406,0.0,0.0,land_on_platform,platform_scene-1/Tile Map/1_29_layer_Tile Map_tile_1_29_source_1_atlas_0_0
351.686,landed,38.5314750671387,513.162658691406,0.0,0.0,land,surface_wood_impact_0.96851885986328
351.91,move_left_pressed,38.5314750671387,513.162658691406,-33.3333320617676,0.0,Move_Left,pressed
352.011,jump_input_pressed,27.2210807800293,512.942199707031,-180.0,0.0,Jump,pressed
352.011,jump_executed,27.2210807800293,512.942199707031,-180.0,-500.0,jump,x_27.2210807800293_y_512.942199707031
352.444,jump_peak_reached,-50.7839813232422,406.099487304688,-180.0,39.8149261474609,jump_peak,x_-50.7839813232422_y_406.099487304688
352.644,jump_input_released,-63.9240264892578,454.803283691406,0.0,484.259429931641,Jump,released
352.745,platform_landed,-63.9240264892578,512.982971191406,0.0,0.0,land_on_platform,platform_scene-1/Tile Map/-4_29_layer_Tile Map_tile_-4_29_source_1_atlas_1_0
352.745,landed,-63.9240264892578,512.982971191406,0.0,0.0,land,surface_wood_impact_1.41296337890625
352.944,move_right_pressed,-63.9240264892578,512.982971191406,33.3333320617676,0.0,Move_Right,pressed
353.077,move_left_pressed,-46.590690612793,512.931640625,96.6666641235352,0.0,Move_Left,pressed
353.11,jump_input_pressed,-44.7573585510254,512.931640625,0.0,0.0,Jump,pressed
353.11,jump_executed,-44.7573585510254,512.931640625,0.0,-500.0,jump,x_-44.7573585510254_y_512.931640625
353.302,jump_input_released,-44.7573585510254,435.504608154297,0.0,-254.333206176758,Jump,released
353.41,jump_peak_reached,-44.7573585510254,430.712951660156,0.0,41.2037048339844,jump_peak,x_-44.7573585510254_y_430.712951660156
353.652,platform_landed,-45.5073585510254,512.977416992188,0.0,0.0,land_on_platform,platform_scene-1/Tile Map/-3_29_layer_Tile Map_tile_-3_29_source_1_atlas_2_0
353.652,landed,-45.5073585510254,512.977416992188,0.0,0.0,land,surface_wood_impact_1.19351867675781
353.686,move_left_pressed,-45.5073585510254,512.977416992188,-33.3333320617676,0.0,Move_Left,pressed
353.91,jump_input_pressed,-63.9891319274902,512.977416992188,-33.3333320617676,0.0,Jump,pressed
353.911,jump_executed,-63.9891319274902,512.977416992188,-33.3333320617676,-500.0,jump,x_-63.9891319274902_y_512.977416992188
353.953,move_right_pressed,-63.9252624511719,489.009796142578,0.0,-437.833282470703,Move_Right,pressed
354.043,jump_input_released,-63.9252624511719,455.921813964844,0.0,-335.333251953125,Jump,released
354.144,jump_peak_reached,-63.9252624511719,451.130157470703,0.0,41.2037048339844,jump_peak,x_-63.9252624511719_y_451.130157470703
354.352,platform_landed,-63.9240036010742,512.993469238281,-15.0,0.0,land_on_platform,platform_scene-1/Tile Map/-4_29_layer_Tile Map_tile_-4_29_source_1_atlas_1_0
354.352,landed,-63.9240036010742,512.993469238281,-15.0,0.0,land,surface_wood_impact_1.04537048339844
354.519,move_right_pressed,-63.9240036010742,512.993469238281,33.3333320617676,0.0,Move_Right,pressed
354.678,jump_input_pressed,-43.5906677246094,512.932983398438,180.0,0.0,Jump,pressed
354.678,jump_executed,-43.5906677246094,512.932983398438,180.0,-500.0,jump,x_-43.5906677246094_y_512.932983398438
354.811,move_left_pressed,-19.5881767272949,455.870483398438,96.6666641235352,-335.333251953125,Move_Left,pressed
355.11,jump_peak_reached,-17.7548446655273,406.097381591797,0.0,39.8149261474609,jump_peak,x_-17.7548446655273_y_406.097381591797
355.219,jump_input_released,-17.7548446655273,423.705413818359,0.0,299.074188232422,Jump,released
355.411,move_left_pressed,-19.2548446655273,512.486328125,-15.0,706.481689453125,Move_Left,pressed
355.412,platform_landed,-19.5048446655273,512.932800292969,-15.0,0.0,land_on_platform,platform_scene-1/Tile Map/-2_29_layer_Tile Map_tile_-2_29_source_1_atlas_3_0
355.412,landed,-19.5048446655273,512.932800292969,-15.0,0.0,land,surface_wood_impact_1.41296337890625
355.653,jump_input_pressed,-56.056640625,512.925109863281,-180.0,0.0,Jump,pressed
355.653,jump_executed,-56.056640625,512.925109863281,-180.0,-500.0,jump,x_-56.056640625_y_512.925109863281
356.085,jump_peak_reached,-63.9252662658691,406.096984863281,-15.0,39.8149261474609,jump_peak,x_-63.9252662658691_y_406.096984863281
356.21,jump_input_released,-63.9252815246582,423.705047607422,-15.0,299.074188232422,Jump,released
356.385,platform_landed,-63.9240264892578,512.98046875,0.0,0.0,land_on_platform,platform_scene-1/Tile Map/-4_29_layer_Tile Map_tile_-4_29_source_1_atlas_1_0
356.386,landed,-63.9240264892578,512.98046875,0.0,0.0,land,surface_wood_impact_1.41296337890625
356.42,move_right_pressed,-63.9240264892578,512.98046875,33.3333320617676,0.0,Move_Right,pressed
356.644,jump_input_pressed,-31.590690612793,512.931335449219,180.0,0.0,Jump,pressed
356.644,jump_executed,-31.590690612793,512.931335449219,180.0,-500.0,jump,x_-31.590690612793_y_512.931335449219
357.043,jump_input_released,40.4113540649414,406.351623535156,180.0,-16.6665554046631,Jump,released
357.077,jump_peak_reached,46.4113540649414,406.143310546875,96.6666641235352,41.2038154602051,jump_peak,x_46.4113540649414_y_406.143310546875
357.16,move_left_pressed,48.244686126709,419.52294921875,-15.0,263.426025390625,Move_Left,pressed
357.361,platform_landed,30.3835754394531,512.948913574219,0.0,0.0,land_on_platform,platform_scene-1/Tile Map/1_29_layer_Tile Map_tile_1_29_source_1_atlas_0_0
357.361,landed,30.3835754394531,512.948913574219,0.0,0.0,land,surface_wood_impact_1.4157412109375
357.678,jump_input_pressed,30.3835754394531,512.948913574219,0.0,0.0,Jump,pressed
357.678,jump_executed,30.3835754394531,512.948913574219,0.0,-500.0,jump,x_30.3835754394531_y_512.948913574219
357.701,move_right_pressed,30.3835754394531,496.604095458984,15.0,-458.499969482422,Move_Right,pressed
358.11,jump_peak_reached,85.8835754394531,406.098571777344,180.0,39.8149261474609,jump_peak,x_85.8835754394531_y_406.098571777344
358.278,jump_input_released,115.883575439453,440.512176513672,180.0,410.185333251953,Jump,released
358.478,platform_landed,141.716918945312,566.962280273438,0.0,0.0,land_on_platform,platform_scene-1/Tile Map/7_32_layer_Tile Map_tile_7_32_source_1_atlas_0_0
358.478,landed,141.716918945312,566.962280273438,0.0,0.0,land,surface_wood_impact_1.709259765625
358.844,move_right_pressed,141.716918945312,566.962280273438,33.3333320617676,0.0,Move_Right,pressed
359.161,platform_landed,181.904525756836,638.990905761719,0.0,0.0,land_on_platform,platform_scene-1/Tile Map/10_36_layer_Tile Map_tile_10_36_source_1_atlas_2_0
359.161,landed,181.904525756836,638.990905761719,0.0,0.0,land,surface_wood_impact_1.11111120605469
359.379,move_left_pressed,181.904525756836,638.990905761719,-33.3333320617676,0.0,Move_Left,pressed
359.495,move_right_pressed,167.57275390625,638.927734375,-96.6666641235352,0.0,Move_Right,pressed
360.01,jump_input_pressed,237.07275390625,638.927734375,180.0,0.0,Jump,pressed
360.011,jump_executed,237.07275390625,638.927734375,180.0,-500.0,jump,x_237.07275390625_y_638.927734375
360.444,jump_peak_reached,315.073822021484,532.09619140625,180.0,39.8149261474609,jump_peak,x_315.073822021484_y_532.09619140625
360.552,platform_landed,339.073822021484,549.933654785156,180.0,0.0,land_on_platform,platform_scene-1/Tile Map/18_31_layer_Tile Map_tile_18_31_source_1_atlas_18_0
360.552,landed,339.073822021484,549.933654785156,180.0,0.0,land,surface_wood_impact_0.59814837646484
360.577,jump_input_released,339.073822021484,549.933654785156,96.6666641235352,0.0,Jump,released
360.911,move_right_pressed,340.907165527344,549.933654785156,33.3333320617676,0.0,Move_Right,pressed
361.145,move_left_pressed,369.090087890625,556.391662597656,-15.0,185.185180664062,Move_Left,pressed
361.344,platform_landed,346.590087890625,638.932983398438,-180.0,0.0,land_on_platform,platform_scene-1/Tile Map/19_36_layer_Tile Map_tile_19_36_source_1_atlas_2_0
361.344,landed,346.590087890625,638.932983398438,-180.0,0.0,land,surface_wood_impact_1.25925939941406
361.487,move_right_pressed,332.756744384766,638.932983398438,33.3333320617676,0.0,Move_Right,pressed
361.645,jump_input_pressed,353.090057373047,638.932983398438,180.0,0.0,Jump,pressed
361.645,jump_executed,353.090057373047,638.932983398438,180.0,-500.0,jump,x_353.090057373047_y_638.932983398438
361.877,jump_input_released,395.092559814453,553.338073730469,180.0,-214.166549682617,Jump,released
361.978,jump_peak_reached,405.925903320312,548.54638671875,0.0,41.2037048339844,jump_peak,x_405.925903320312_y_548.54638671875
362.144,platform_landed,405.925903320312,584.986755371094,0.0,0.0,land_on_platform,platform_scene-1/Tile Map/22_33_layer_Tile Map_tile_22_33_source_1_atlas_1_0
362.144,landed,405.925903320312,584.986755371094,0.0,0.0,land,surface_wood_impact_0.82314825439453
362.254,jump_input_pressed,405.925903320312,584.986755371094,0.0,0.0,Jump,pressed
362.254,jump_executed,405.925903320312,584.986755371094,0.0,-500.0,jump,x_405.925903320312_y_584.986755371094
362.277,move_right_pressed,405.925903320312,576.597900390625,15.0,-479.222198486328,Move_Right,pressed
362.543,jump_peak_reached,437.427185058594,493.686004638672,180.0,74.0740737915039,jump_peak,x_437.427185058594_y_493.686004638672
362.719,coin_collected,470.427185058594,541.216857910156,180.0,444.444488525391,collect_coin,coin_coin_score_2
362.72,platform_landed,473.427185058594,548.933715820312,180.0,0.0,land_on_platform,platform_scene-1/Tile Map/26_31_layer_Tile Map_tile_26_31_source_1_atlas_2_0
362.72,landed,473.427185058594,548.933715820312,180.0,0.0,land,surface_wood_impact_0.96296307373047
362.811,jump_input_released,485.427185058594,548.933715820312,96.6666641235352,0.0,Jump,released
363.152,move_right_pressed,487.260528564453,548.933715820312,33.3333320617676,0.0,Move_Right,pressed
363.152,jump_input_pressed,487.260528564453,548.933715820312,33.3333320617676,0.0,Jump,pressed
363.152,jump_executed,487.260528564453,548.933715820312,33.3333320617676,-500.0,jump,x_487.260528564453_y_548.933715820312
363.511,jump_input_released,533.925231933594,445.201934814453,15.0,-75.3332214355469,Jump,released
363.585,jump_peak_reached,533.925231933594,442.396392822266,0.0,45.0371475219727,jump_peak,x_533.925231933594_y_442.396392822266
363.644,move_left_pressed,533.925231933594,446.500091552734,-15.0,156.14826965332,Move_Left,pressed
363.786,platform_landed,524.314147949219,494.980865478516,0.0,0.0,land_on_platform,platform_scene-1/Tile Map/29_28_layer_Tile Map_tile_29_28_source_1_atlas_2_0
363.786,landed,524.314147949219,494.980865478516,0.0,0.0,land,surface_wood_impact_0.97896331787109
364.12,jump_input_pressed,524.314147949219,494.980865478516,0.0,0.0,Jump,pressed
364.12,jump_executed,524.314147949219,494.980865478516,0.0,-500.0,jump,x_524.314147949219_y_494.980865478516
364.411,jump_peak_reached,524.394348144531,403.168212890625,15.0,50.9801406860352,jump_peak,x_524.394348144531_y_403.168212890625
364.411,move_right_pressed,524.394348144531,403.168212890625,15.0,50.9801406860352,Move_Right,pressed
364.545,jump_input_released,533.394348144531,427.24951171875,36.6666679382324,347.276458740234,Jump,released
364.669,platform_landed,533.925231933594,494.985015869141,0.0,0.0,land_on_platform,platform_scene-1/Tile Map/29_28_layer_Tile Map_tile_29_28_source_1_atlas_2_0
364.669,landed,533.925231933594,494.985015869141,0.0,0.0,land,surface_wood_impact_1.28714562988281
364.977,jump_input_pressed,533.925231933594,494.985015869141,0.0,0.0,Jump,pressed
364.977,jump_executed,533.925231933594,494.985015869141,0.0,-500.0,jump,x_533.925231933594_y_494.985015869141
365.178,move_right_pressed,533.925231933594,417.511535644531,15.0,-254.333206176758,Move_Right,pressed
365.344,jump_input_released,546.036315917969,389.932891845703,0.0,-55.722110748291,Jump,released
365.411,jump_peak_reached,546.036315917969,388.301422119141,0.0,43.8149261474609,jump_peak,x_546.036315917969_y_388.301422119141
365.552,platform_landed,546.036315917969,422.988830566406,0.0,0.0,land_on_platform,platform_scene-1/Tile Map/30_24_layer_Tile Map_tile_30_24_source_1_atlas_1_0
365.553,landed,546.036315917969,422.988830566406,0.0,0.0,land,surface_wood_impact_0.75429656982422
365.811,jump_input_pressed,546.036315917969,422.988830566406,0.0,0.0,Jump,pressed
365.811,jump_executed,546.036315917969,422.988830566406,0.0,-500.0,jump,x_546.036315917969_y_422.988830566406
365.944,move_left_pressed,546.036315917969,365.876831054688,-15.0,-335.333251953125,Move_Left,pressed
366.227,jump_peak_reached,508.536315917969,316.103729248047,-180.0,39.8149261474609,jump_peak,x_508.536315917969_y_316.103729248047
366.245,jump_input_released,505.536315917969,316.767303466797,-180.0,76.8519668579102,Jump,released
366.429,platform_landed,469.536315917969,368.932678222656,-180.0,0.0,land_on_platform,platform_scene-1/Tile Map/26_21_layer_Tile Map_tile_26_21_source_1_atlas_1_0
366.429,landed,469.536315917969,368.932678222656,-180.0,0.0,land,surface_wood_impact_0.96851885986328
366.545,coin_collected,451.514068603516,375.617218017578,-180.0,148.148147583008,collect_coin,coin_coin2_score_4
366.596,platform_landed,439.514068603516,386.933746337891,-180.0,0.0,land_on_platform,platform_scene-1/Tile Map/24_22_layer_Tile Map_tile_24_22_source_1_atlas_2_0
366.596,landed,439.514068603516,386.933746337891,-180.0,0.0,land,surface_wood_impact_0.59259259033203
366.961,move_left_pressed,425.680725097656,386.933746337891,-33.3333320617676,0.0,Move_Left,pressed
367.328,jump_input_pressed,422.07470703125,386.933776855469,0.0,0.0,Jump,pressed
367.328,jump_executed,422.07470703125,386.933776855469,0.0,-500.0,jump,x_422.07470703125_y_386.933776855469
367.494,jump_input_released,422.075958251953,324.280975341797,0.0,-314.999908447266,Jump,released
367.594,jump_peak_reached,422.075958251953,319.489318847656,-15.0,41.2037048339844,jump_peak,x_422.075958251953_y_319.489318847656
367.594,move_left_pressed,422.075958251953,319.489318847656,-15.0,41.2037048339844,Move_Left,pressed
367.794,platform_landed,412.46484375,368.976715087891,0.0,0.0,land_on_platform,platform_scene-1/Tile Map/22_21_layer_Tile Map_tile_22_21_source_1_atlas_3_0
367.794,landed,412.46484375,368.976715087891,0.0,0.0,land,surface_wood_impact_0.97129644775391
368.028,move_left_pressed,412.46484375,368.976715087891,-33.3333320617676,0.0,Move_Left,pressed
368.194,jump_input_pressed,389.131530761719,368.976715087891,-180.0,0.0,Jump,pressed
368.194,jump_executed,389.131530761719,368.976715087891,-180.0,-500.0,jump,x_389.131530761719_y_368.976715087891
368.412,jump_peak_reached,352.369934082031,293.641571044922,-87.2693710327148,97.6052017211914,jump_peak,x_352.369934082031_y_293.641571044922
368.561,platform_landed,327.951232910156,335.916442871094,-180.0,0.0,land_on_platform,platform_scene-1/Tile Map/18_19_layer_Tile Map_tile_18_19_source_1_atlas_19_3
368.561,landed,327.951232910156,335.916442871094,-180.0,0.0,land,surface_wood_impact_0.86187713623047
368.595,jump_input_released,324.951019287109,335.889465332031,-180.0,0.0,Jump,released
368.945,jump_input_pressed,314.117950439453,335.952758789062,0.0,0.0,Jump,pressed
368.946,jump_executed,314.117950439453,335.952758789062,0.0,-500.0,jump,x_314.117950439453_y_335.952758789062
369.082,move_right_pressed,314.117950439453,278.893890380859,15.0,-335.333251953125,Move_Right,pressed
369.381,jump_peak_reached,351.617950439453,229.120742797852,180.0,39.8149261474609,jump_peak,x_351.617950439453_y_229.120742797852
369.512,jump_input_released,371.451293945312,251.713363647461,0.0,336.111236572266,Jump,released
369.548,platform_landed,371.451293945312,264.001708984375,0.0,0.0,land_on_platform,platform_scene-1/Tile Map/20_15_layer_Tile Map_tile_20_15_source_1_atlas_13_6
369.548,landed,371.451293945312,264.001708984375,0.0,0.0,land,surface_wood_impact_0.82037066650391
369.761,jump_input_pressed,371.451293945312,264.001708984375,0.0,0.0,Jump,pressed
369.761,jump_executed,371.451293945312,264.001708984375,0.0,-500.0,jump,x_371.451293945312_y_264.001708984375
369.983,move_left_pressed,371.451293945312,182.273376464844,-15.0,-234.222106933594,Move_Left,pressed
370.094,jump_input_released,364.451293945312,161.824295043945,-120.0,-94.9998931884766,Jump,released
370.194,jump_peak_reached,348.951293945312,157.532638549805,-96.6666641235352,46.2038116455078,jump_peak,x_348.951293945312_y_157.532638549805
370.345,platform_landed,347.117950439453,188.983428955078,0.0,0.0,land_on_platform,platform_scene-1/Tile Map/19_11_layer_Tile Map_tile_19_11_source_1_atlas_3_0
370.345,landed,347.117950439453,188.983428955078,0.0,0.0,land,surface_wood_impact_0.75907434082031
370.414,move_right_pressed,347.117950439453,188.983428955078,33.3333320617676,0.0,Move_Right,pressed
370.414,jump_input_pressed,347.117950439453,188.983428955078,33.3333320617676,0.0,Jump,pressed
370.414,jump_executed,347.117950439453,188.983428955078,33.3333320617676,-500.0,jump,x_347.117950439453_y_188.983428955078
370.85,jump_peak_reached,411.926818847656,82.103271484375,180.0,39.8149261474609,jump_peak,x_411.926818847656_y_82.103271484375
370.962,jump_input_released,431.537933349609,99.711311340332,13.3333311080933,299.074188232422,Jump,released
371.044,platform_landed,431.760162353516,134.968612670898,0.0,0.0,land_on_platform,platform_scene-1/Tile Map/23_8_layer_Tile Map_tile_23_8_source_1_atlas_0_0
371.044,landed,431.760162353516,134.968612670898,0.0,0.0,land,surface_wood_impact_0.96851885986328
371.115,move_right_pressed,431.760162353516,134.968612670898,33.3333320617676,0.0,Move_Right,pressed
371.249,coin_collected,448.503692626953,141.493011474609,180.0,148.148147583008,collect_coin,coin_coin5_score_6
371.294,platform_landed,460.503692626953,152.93359375,180.0,0.0,land_on_platform,platform_scene-1/Tile Map/25_9_layer_Tile Map_tile_25_9_source_1_atlas_2_0
371.294,landed,460.503692626953,152.93359375,180.0,0.0,land,surface_wood_impact_0.59259259033203
371.535,jump_input_pressed,462.337036132812,152.93359375,0.0,0.0,Jump,pressed
371.535,jump_executed,462.337036132812,152.93359375,0.0,-500.0,jump,x_462.337036132812_y_152.93359375
371.552,move_right_pressed,462.337036132812,144.59098815918,15.0,-479.222198486328,Move_Right,pressed
371.978,jump_peak_reached,520.837036132812,46.0965805053711,180.0,39.8149261474609,jump_peak,x_520.837036132812_y_46.0965805053711
372.045,jump_input_released,532.837036132812,52.4546127319336,96.6666641235352,187.963073730469,Jump,released
372.145,platform_landed,534.670349121094,80.9775085449219,0.0,0.0,land_on_platform,platform_scene-1/Tile Map/29_5_layer_Tile Map_tile_29_5_source_1_atlas_2_0
372.145,landed,534.670349121094,80.9775085449219,0.0,0.0,land,surface_wood_impact_0.82037066650391
372.28,move_right_pressed,534.670349121094,80.9775085449219,33.3333320617676,0.0,Move_Right,pressed
372.28,jump_input_pressed,534.670349121094,80.9775085449219,33.3333320617676,0.0,Jump,pressed
372.28,jump_executed,534.670349121094,80.9775085449219,33.3333320617676,-500.0,jump,x_534.670349121094_y_80.9775085449219
372.71,jump_peak_reached,599.478881835938,-25.8975238800049,180.0,39.8149261474609,jump_peak,x_599.478881835938_y_-25.8975238800049
372.945,platform_landed,644.478881835938,44.9328422546387,180.0,0.0,land_on_platform,platform_scene-1/Tile Map/35_3_layer_Tile Map_tile_35_3_source_1_atlas_13_0
372.945,landed,644.478881835938,44.9328422546387,180.0,0.0,land,surface_wood_impact_1.1166669921875
372.978,jump_input_released,647.478881835938,44.9328422546387,180.0,0.0,Jump,released
373.145,move_right_pressed,661.312194824219,44.9328422546387,33.3333320617676,0.0,Move_Right,pressed
373.177,jump_input_pressed,662.978820800781,44.9328422546387,100.0,0.0,Jump,pressed
373.177,jump_executed,662.978820800781,44.9328422546387,100.0,-500.0,jump,x_662.978820800781_y_44.9328422546387
373.311,jump_peak_reached,683.110046386719,2.73147654533386,180.0,46.3025169372559,jump_peak,x_683.110046386719_y_2.73147654533386
373.478,platform_landed,716.110046386719,44.9337997436523,180.0,0.0,land_on_platform,platform_scene-1/Tile Map/39_3_layer_Tile Map_tile_39_3_source_1_atlas_13_0
373.478,landed,716.110046386719,44.9337997436523,180.0,0.0,land,surface_wood_impact_0.83334588623047
373.511,jump_input_released,719.110046386719,44.9337997436523,180.0,0.0,Jump,released
373.685,move_left_pressed,752.110046386719,44.9337997436523,96.6666641235352,0.0,Move_Left,pressed
374.052,jump_input_pressed,753.943359375,44.9337997436523,0.0,0.0,Jump,pressed
374.052,jump_executed,753.943359375,44.9337997436523,0.0,-500.0,jump,x_753.943359375_y_44.9337997436523
374.244,jump_input_released,753.943359375,-27.9089832305908,0.0,-274.499877929688,Jump,released
374.344,jump_peak_reached,753.943359375,-32.7006530761719,0.0,41.2037048339844,jump_peak,x_753.943359375_y_-32.7006530761719
374.595,platform_landed,753.193359375,44.9793014526367,0.0,0.0,land_on_platform,platform_scene-1/Tile Map/41_3_layer_Tile Map_tile_41_3_source_1_atlas_13_0
374.595,landed,753.193359375,44.9793014526367,0.0,0.0,land,surface_wood_impact_1.19351867675781
374.694,move_left_pressed,753.193359375,44.9793014526367,-33.3333320617676,0.0,Move_Left,pressed
374.813,jump_input_pressed,738.860046386719,44.9793014526367,-180.0,0.0,Jump,pressed
374.813,jump_executed,738.860046386719,44.9793014526367,-180.0,-500.0,jump,x_738.860046386719_y_44.9793014526367
375.147,jump_input_released,678.842956542969,-57.1885147094727,-180.0,-94.9998931884766,Jump,released
375.248,jump_peak_reached,671.009643554688,-61.4801712036133,0.0,46.2038116455078,jump_peak,x_671.009643554688_y_-61.4801712036133
375.395,platform_landed,671.009643554688,-27.0271949768066,0.0,0.0,land_on_platform,platform_scene-1/Tile Map/37_-1_layer_Tile Map_tile_37_-1_source_1_atlas_15_7
375.395,landed,671.009643554688,-27.0271949768066,0.0,0.0,land,surface_wood_impact_0.75907434082031
375.529,move_left_pressed,671.009643554688,-27.0271949768066,-33.3333320617676,0.0,Move_Left,pressed
375.694,jump_input_pressed,647.676330566406,-26.8782691955566,-180.0,0.0,Jump,pressed
375.694,jump_executed,647.676330566406,-26.8782691955566,-180.0,-500.0,jump,x_647.676330566406_y_-26.8782691955566
376.027,jump_input_released,587.655517578125,-129.05647277832,-180.0,-94.9998931884766,Jump,released
376.128,jump_peak_reached,573.822204589844,-133.348129272461,0.0,46.2038116455078,jump_peak,x_573.822204589844_y_-133.348129272461
376.361,platform_landed,573.822204589844,-63.0119323730469,0.0,0.0,land_on_platform,platform_scene-1/Tile Map/31_-3_layer_Tile Map_tile_31_-3_source_1_atlas_2_0
376.361,landed,573.822204589844,-63.0119323730469,0.0,0.0,land,surface_wood_impact_1.12944482421875
376.485,move_left_pressed,573.822204589844,-63.0119323730469,-33.3333320617676,0.0,Move_Left,pressed
376.577,jump_input_pressed,562.488891601562,-63.0119323730469,-180.0,0.0,Jump,pressed
376.577,jump_executed,562.488891601562,-63.0119323730469,-180.0,-500.0,jump,x_562.488891601562_y_-63.0119323730469
376.994,jump_peak_reached,516.574768066406,-168.132354736328,-180.0,39.8149261474609,jump_peak,x_516.574768066406_y_-168.132354736328
376.994,jump_input_released,516.574768066406,-168.132354736328,-180.0,39.8149261474609,Jump,released
377.161,coin_collected,499.741424560547,-133.718765258789,0.0,373.148284912109,collect_coin,coin_coin9_score_8
377.195,platform_landed,499.741424560547,-117.001029968262,0.0,0.0,land_on_platform,platform_scene-1/Tile Map/27_-6_layer_Tile Map_tile_27_-6_source_1_atlas_2_0
377.195,landed,499.741424560547,-117.001029968262,0.0,0.0,land,surface_wood_impact_0.96851885986328
377.412,jump_input_pressed,499.741424560547,-117.001029968262,0.0,0.0,Jump,pressed
377.412,jump_executed,499.741424560547,-117.001029968262,0.0,-500.0,jump,x_499.741424560547_y_-117.001029968262
377.695,move_left_pressed,499.741424560547,-212.407958984375,-15.0,-154.333221435547,Move_Left,pressed
377.846,jump_peak_reached,488.491424560547,-223.894989013672,-150.0,39.8149261474609,jump_peak,x_488.491424560547_y_-223.894989013672
377.946,platform_landed,468.238708496094,-207.072509765625,-180.0,0.0,land_on_platform,platform_scene-1/Tile Map/25_-11_layer_Tile Map_tile_25_-11_source_1_atlas_2_0
377.946,landed,468.238708496094,-207.072509765625,-180.0,0.0,land,surface_wood_impact_0.52407427978516
377.961,jump_input_released,468.238708496094,-207.072509765625,-180.0,0.0,Jump,released
378.252,jump_input_pressed,460.405364990234,-207.072509765625,0.0,0.0,Jump,pressed
378.252,jump_executed,460.405364990234,-207.072509765625,0.0,-500.0,jump,x_460.405364990234_y_-207.072509765625
378.337,move_right_pressed,460.405364990234,-245.302398681641,15.0,-396.666595458984,Move_Right,pressed
378.644,move_left_pressed,496.516479492188,-313.024566650391,0.0,-36.1665573120117,Move_Left,pressed
378.677,jump_input_released,496.266479492188,-313.950500488281,-30.0,2.77788853645325,Jump,released
378.686,jump_peak_reached,495.766479492188,-313.904205322266,-45.0,39.8149261474609,jump_peak,x_495.766479492188_y_-313.904205322266
378.986,platform_landed,463.183135986328,-207.02082824707,0.0,0.0,land_on_platform,platform_scene-1/Tile Map/25_-11_layer_Tile Map_tile_25_-11_source_1_atlas_2_0
378.986,landed,463.183135986328,-207.02082824707,0.0,0.0,land,surface_wood_impact_1.41296337890625
379.444,jump_input_pressed,463.183135986328,-207.02082824707,0.0,0.0,Jump,pressed
379.444,jump_executed,463.183135986328,-207.02082824707,0.0,-500.0,jump,x_463.183135986328_y_-207.02082824707
379.652,move_left_pressed,463.183135986328,-288.740112304688,-15.0,-234.222106933594,Move_Left,pressed
379.879,jump_peak_reached,440.683135986328,-313.897491455078,-96.6666641235352,39.8149261474609,jump_peak,x_440.683135986328_y_-313.897491455078
379.895,jump_input_released,439.072021484375,-313.233917236328,-13.3333311080933,76.8519668579102,Jump,released
379.98,platform_landed,438.849792480469,-297.023010253906,0.0,0.0,land_on_platform,platform_scene-1/Tile Map/24_-16_layer_Tile Map_tile_24_-16_source_1_atlas_3_0
379.98,landed,438.849792480469,-297.023010253906,0.0,0.0,land,surface_wood_impact_0.52407427978516
380.228,jump_input_pressed,438.849792480469,-297.023010253906,0.0,0.0,Jump,pressed
380.228,jump_executed,438.849792480469,-297.023010253906,0.0,-500.0,jump,x_438.849792480469_y_-297.023010253906
380.394,move_right_pressed,438.849792480469,-364.981170654297,15.0,-294.722106933594,Move_Right,pressed
380.661,jump_peak_reached,470.349792480469,-403.897796630859,180.0,39.8149261474609,jump_peak,x_470.349792480469_y_-403.897796630859
380.827,jump_input_released,500.349792480469,-369.484191894531,180.0,410.185333251953,Jump,released
380.86,platform_landed,509.349792480469,-351.06689453125,180.0,0.0,land_on_platform,platform_scene-1/Tile Map/28_-19_layer_Tile Map_tile_28_-19_source_1_atlas_12_0
380.86,landed,509.349792480469,-351.06689453125,180.0,0.0,land,surface_wood_impact_0.96851885986328
381.08,jump_input_pressed,517.18310546875,-351.06689453125,0.0,0.0,Jump,pressed
381.08,jump_executed,517.18310546875,-351.06689453125,0.0,-500.0,jump,x_517.18310546875_y_-351.06689453125
381.248,jump_peak_reached,517.18310546875,-409.386688232422,0.0,74.0740737915039,jump_peak,x_517.18310546875_y_-409.386688232422
381.279,move_right_pressed,517.18310546875,-406.30029296875,15.0,148.148147583008,Move_Right,pressed
381.445,platform_landed,533.68310546875,-351.066711425781,165.0,0.0,land_on_platform,platform_scene-1/Tile Map/29_-19_layer_Tile Map_tile_29_-19_source_1_atlas_12_0
381.446,landed,533.68310546875,-351.066711425781,165.0,0.0,land,surface_wood_impact_1.037037109375
381.512,jump_input_released,538.516418457031,-351.066711425781,0.0,0.0,Jump,released
381.828,move_right_pressed,538.516418457031,-351.066711425781,33.3333320617676,0.0,Move_Right,pressed
381.962,jump_input_pressed,555.849731445312,-351.066711425781,180.0,0.0,Jump,pressed
381.962,jump_executed,555.849731445312,-351.066711425781,180.0,-500.0,jump,x_555.849731445312_y_-351.066711425781
382.362,jump_input_released,627.852294921875,-457.647918701172,180.0,-16.6665554046631,Jump,released
382.394,jump_peak_reached,632.46337890625,-457.856231689453,13.3333311080933,41.2038154602051,jump_peak,x_632.46337890625_y_-457.856231689453
382.478,coin_collected,632.685607910156,-448.249755859375,0.0,189.351959228516,collect_coin,coin_coin11_score_10
382.552,platform_landed,632.685607910156,-420.04931640625,0.0,0.0,land_on_platform,platform_scene-1/Tile Map/35_-23_layer_Tile Map_tile_35_-23_source_1_atlas_19_3
382.552,landed,632.685607910156,-420.04931640625,0.0,0.0,land,surface_wood_impact_0.8231484375
382.82,move_right_pressed,632.685607910156,-420.04931640625,33.3333320617676,0.0,Move_Right,pressed
382.853,jump_input_pressed,634.3525390625,-420.092132568359,100.0,0.0,Jump,pressed
382.853,jump_executed,634.3525390625,-420.092132568359,100.0,-500.0,jump,x_634.3525390625_y_-420.092132568359
383.253,jump_input_released,700.713745117188,-526.666198730469,13.3333311080933,-16.6665554046631,Jump,released
383.285,jump_peak_reached,700.935974121094,-526.87451171875,0.0,41.2038154602051,jump_peak,x_700.935974121094_y_-526.87451171875
383.444,platform_landed,700.935974121094,-495.009185791016,0.0,0.0,land_on_platform,platform_scene-1/Tile Map/38_-27_layer_Tile Map_tile_38_-27_source_1_atlas_1_0
383.444,landed,700.935974121094,-495.009185791016,0.0,0.0,land,surface_wood_impact_0.74907434082031
383.653,jump_input_pressed,700.935974121094,-495.009185791016,0.0,0.0,Jump,pressed
383.653,jump_executed,700.935974121094,-495.009185791016,0.0,-500.0,jump,x_700.935974121094_y_-495.009185791016
383.812,move_right_pressed,700.935974121094,-557.720031738281,15.0,-314.999908447266,Move_Right,pressed
383.877,jump_peak_reached,703.439514160156,-568.313659667969,75.0,74.0740737915039,jump_peak,x_703.439514160156_y_-568.313659667969
384.086,platform_landed,738.439514160156,-495.066162109375,180.0,0.0,land_on_platform,platform_scene-1/Tile Map/40_-27_layer_Tile Map_tile_40_-27_source_1_atlas_3_0
384.086,landed,738.439514160156,-495.066162109375,180.0,0.0,land,surface_wood_impact_1.11111120605469
384.144,jump_input_released,743.073364257812,-493.695068359375,13.3333311080933,0.0,Jump,released
384.211,move_left_pressed,743.333190917969,-493.497802734375,-33.3333320617676,0.0,Move_Left,pressed
384.645,move_right_pressed,713.02685546875,-495.066436767578,33.3333320617676,0.0,Move_Right,pressed
384.754,jump_input_pressed,727.360168457031,-495.066436767578,180.0,0.0,Jump,pressed
384.754,jump_executed,727.360168457031,-495.066436767578,180.0,-500.0,jump,x_727.360168457031_y_-495.066436767578
384.777,jump_peak_reached,730.36279296875,-503.408050537109,180.0,-479.222198486328,jump_peak,x_730.36279296875_y_-503.408050537109
385.286,platform_landed,790.425231933594,-585.06689453125,180.0,0.0,land_on_platform,platform_scene-1/Tile Map/43_-32_layer_Tile Map_tile_43_-32_source_1_atlas_2_0
385.287,landed,790.425231933594,-585.06689453125,180.0,0.0,land,surface_wood_impact_0.52407427978516
385.478,jump_input_released,820.457092285156,-583.488647460938,180.0,74.0740737915039,Jump,released
385.744,coin_collected,840.290405273438,-489.661499023438,0.0,629.629699707031,collect_coin,coin_coin16_score_12
385.752,platform_landed,840.290405273438,-474.014801025391,0.0,0.0,land_on_platform,platform_scene-1/Tile Map/46_-26_layer_Tile Map_tile_46_-26_source_1_atlas_13_6
385.753,landed,840.290405273438,-474.014801025391,0.0,0.0,land,surface_wood_impact_1.40740759277344
385.978,move_right_pressed,840.290405273438,-474.014801025391,33.3333320617676,0.0,Move_Right,pressed
386.152,coin_collected,866.623718261719,-474.014801025391,180.0,0.0,collect_coin,coin_coin17_score_14
386.344,jump_input_pressed,899.623718261719,-474.014801025391,180.0,0.0,Jump,pressed
386.344,jump_executed,899.623718261719,-474.014801025391,180.0,-500.0,jump,x_899.623718261719_y_-474.014801025391
386.352,coin_collected,902.635192871094,-482.380920410156,180.0,-500.055541992188,collect_coin,coin_coin18_score_16
386.52,jump_input_released,932.635192871094,-546.880920410156,180.0,-274.499877929688,Jump,released
386.618,jump_peak_reached,950.635192871094,-551.672607421875,180.0,41.2037048339844,jump_peak,x_950.635192871094_y_-551.672607421875
386.643,move_left_pressed,953.635192871094,-550.985900878906,96.6666641235352,78.2407455444336,Move_Left,pressed
386.835,coin_collected,955.718505859375,-494.596954345703,0.0,485.648223876953,collect_coin,coin_coin19_score_18
386.878,platform_landed,955.718505859375,-474.031463623047,0.0,0.0,land_on_platform,platform_scene-1/Tile Map/53_-26_layer_Tile Map_tile_53_-26_source_1_atlas_13_6
386.878,landed,955.718505859375,-474.031463623047,0.0,0.0,land,surface_wood_impact_1.19351867675781
387.012,move_right_pressed,955.718505859375,-474.031463623047,33.3333320617676,0.0,Move_Right,pressed
387.844,move_left_pressed,1037.99719238281,-473.993011474609,-33.3333320617676,0.0,Move_Left,pressed
388.778,jump_input_pressed,876.658508300781,-474.054748535156,-180.0,0.0,Jump,pressed
388.778,jump_executed,876.658508300781,-474.054748535156,-180.0,-500.0,jump,x_876.658508300781_y_-474.054748535156
389.212,jump_peak_reached,817.446838378906,-580.893493652344,-18.3653316497803,39.8149261474609,jump_peak,x_817.446838378906_y_-580.893493652344
389.353,jump_input_released,817.824768066406,-552.964965820312,-30.0,373.148284912109,Jump,released
389.486,platform_landed,815.574768066406,-474.977478027344,0.0,0.0,land_on_platform,platform_scene-1/Tile Map/45_-26_layer_Tile Map_tile_45_-26_source_1_atlas_14_6
389.486,landed,815.574768066406,-474.977478027344,0.0,0.0,land,surface_wood_impact_1.33888928222656
389.545,move_right_pressed,815.574768066406,-474.977478027344,33.3333320617676,0.0,Move_Right,pressed
389.887,move_left_pressed,840.76123046875,-474.038177490234,-33.3333320617676,0.0,Move_Left,pressed
390.078,jump_input_pressed,811.896850585938,-474.893615722656,-180.0,0.0,Jump,pressed
390.078,jump_executed,811.896850585938,-474.893615722656,-180.0,-500.0,jump,x_811.896850585938_y_-474.893615722656
390.085,jump_peak_reached,808.873168945312,-483.293731689453,-180.0,-479.222198486328,jump_peak,x_808.873168945312_y_-483.293731689453
390.48,platform_landed,736.871826171875,-495.066253662109,-180.0,0.0,land_on_platform,platform_scene-1/Tile Map/40_-27_layer_Tile Map_tile_40_-27_source_1_atlas_3_0
390.48,landed,736.871826171875,-495.066253662109,-180.0,0.0,land,surface_wood_impact_0.96296307373047
390.611,jump_input_released,715.871826171875,-495.066253662109,-180.0,0.0,Jump,released
390.944,jump_input_pressed,711.038513183594,-495.066253662109,0.0,0.0,Jump,pressed
390.944,jump_executed,711.038513183594,-495.066253662109,0.0,-500.0,jump,x_711.038513183594_y_-495.066253662109
391.12,move_left_pressed,711.038513183594,-567.908996582031,-15.0,-274.499877929688,Move_Left,pressed
391.246,move_left_pressed,710.074768066406,-593.005187988281,-15.0,-134.499893188477,Move_Left,pressed
391.337,platform_landed,706.465942382812,-602.169250488281,-75.0,-18.0554447174072,land_on_platform,platform_scene-1/Tile Map/38_-33_layer_Tile Map_tile_38_-33_source_1_atlas_0_0
391.337,landed,706.465942382812,-602.169250488281,-75.0,-18.0554447174072,land,surface_wood_impact_0.03611088943481
391.378,jump_input_released,704.886352539062,-602.934387207031,-25.0000019073486,-18.0554447174072,Jump,released
391.411,jump_peak_reached,704.469665527344,-603.18896484375,0.0,39.8149261474609,jump_peak,x_704.469665527344_y_-603.18896484375
391.411,platform_landed,704.469665527344,-602.84423828125,0.0,0.0,land_on_platform,platform_scene-1/Tile Map/38_-33_layer_Tile Map_tile_38_-33_source_1_atlas_0_0
391.411,landed,704.469665527344,-602.84423828125,0.0,0.0,land,surface_wood_impact_0.07962985229492
391.769,move_left_pressed,704.469665527344,-602.84423828125,-33.3333320617676,0.0,Move_Left,pressed
392.011,coin_collected,669.1484375,-596.779296875,-180.0,148.148147583008,collect_coin,coin_coin15_score_20
392.053,platform_landed,657.1484375,-585.066284179688,-180.0,0.0,land_on_platform,platform_scene-1/Tile Map/36_-32_layer_Tile Map_tile_36_-32_source_1_atlas_2_0
392.053,landed,657.1484375,-585.066284179688,-180.0,0.0,land,surface_wood_impact_0.59259259033203
392.411,jump_input_pressed,638.074829101562,-585.066284179688,0.0,0.0,Jump,pressed
392.411,jump_executed,638.074829101562,-585.066284179688,0.0,-500.0,jump,x_638.074829101562_y_-585.066284179688
392.812,jump_input_released,638.075988769531,-691.640380859375,0.0,-16.6665554046631,Jump,released
392.844,jump_peak_reached,638.075988769531,-691.848693847656,0.0,41.2038154602051,jump_peak,x_638.075988769531_y_-691.848693847656
392.953,move_right_pressed,638.075988769531,-674.07861328125,15.0,300.463073730469,Move_Right,pressed
393.144,platform_landed,650.187072753906,-585.043090820312,0.0,0.0,land_on_platform,platform_scene-1/Tile Map/36_-32_layer_Tile Map_tile_36_-32_source_1_atlas_2_0
393.144,landed,650.187072753906,-585.043090820312,0.0,0.0,land,surface_wood_impact_1.4157412109375
393.345,move_right_pressed,650.187072753906,-585.043090820312,33.3333320617676,0.0,Move_Right,pressed
393.719,jump_input_pressed,677.993041992188,-585.043090820312,0.0,0.0,Jump,pressed
393.719,jump_executed,677.993041992188,-585.043090820312,0.0,-500.0,jump,x_677.993041992188_y_-585.043090820312
393.902,jump_input_released,677.925109863281,-657.877319335938,0.0,-274.499877929688,Jump,released
394.013,jump_peak_reached,677.925109863281,-662.669006347656,0.0,41.2037048339844,jump_peak,x_677.925109863281_y_-662.669006347656
394.179,move_left_pressed,677.925109863281,-628.02392578125,-15.0,411.574127197266,Move_Left,pressed
394.253,platform_landed,672.675109863281,-585.067260742188,-90.0,0.0,land_on_platform,platform_scene-1/Tile Map/37_-32_layer_Tile Map_tile_37_-32_source_1_atlas_3_0
394.253,landed,672.675109863281,-585.067260742188,-90.0,0.0,land,surface_wood_impact_1.19351867675781
394.419,jump_input_pressed,647.008483886719,-585.067260742188,-180.0,0.0,Jump,pressed
394.419,jump_executed,647.008483886719,-585.067260742188,-180.0,-500.0,jump,x_647.008483886719_y_-585.067260742188
394.845,jump_input_released,572.006042480469,-691.948974609375,-180.0,2.77788853645325,Jump,released
394.852,jump_peak_reached,569.006042480469,-691.902648925781,-180.0,39.8149261474609,jump_peak,x_569.006042480469_y_-691.902648925781
395.153,platform_landed,564.172729492188,-585.019287109375,0.0,0.0,land_on_platform,platform_scene-1/Tile Map/31_-32_layer_Tile Map_tile_31_-32_source_1_atlas_3_0
395.153,landed,564.172729492188,-585.019287109375,0.0,0.0,land,surface_wood_impact_1.41296337890625
395.202,move_left_pressed,564.172729492188,-585.019287109375,-33.3333320617676,0.0,Move_Left,pressed
395.353,jump_input_pressed,543.839416503906,-585.068664550781,-180.0,0.0,Jump,pressed
395.353,jump_executed,543.839416503906,-585.068664550781,-180.0,-500.0,jump,x_543.839416503906_y_-585.068664550781
395.636,jump_input_released,492.83740234375,-680.415954589844,-180.0,-154.333221435547,Jump,released
395.712,jump_input_pressed,480.83740234375,-684.999328613281,-180.0,-16.6666660308838,Jump,pressed
395.744,jump_peak_reached,474.83740234375,-685.207641601562,-180.0,41.2037048339844,jump_peak,x_474.83740234375_y_-685.207641601562
395.845,jump_input_released,456.83740234375,-671.828002929688,-180.0,263.425933837891,Jump,released
396.053,platform_landed,446.004058837891,-564.009643554688,0.0,0.0,land_on_platform,platform_scene-1/Tile Map/24_-31_layer_Tile Map_tile_24_-31_source_1_atlas_13_6
396.053,landed,446.004058837891,-564.009643554688,0.0,0.0,land,surface_wood_impact_1.48981506347656
396.253,move_left_pressed,446.004058837891,-564.009643554688,-33.3333320617676,0.0,Move_Left,pressed
396.479,jump_input_pressed,414.248718261719,-564.437255859375,-180.0,0.0,Jump,pressed
396.479,jump_executed,414.248718261719,-564.437255859375,-180.0,-500.0,jump,x_414.248718261719_y_-564.437255859375
396.911,jump_peak_reached,336.22314453125,-671.336975097656,-180.0,39.8149261474609,jump_peak,x_336.22314453125_y_-671.336975097656
396.987,jump_input_released,321.22314453125,-661.846252441406,-180.0,225.000106811523,Jump,released
397.169,platform_landed,313.389801025391,-581.993103027344,0.0,0.0,land_on_platform,platform_scene-1/Tile Map/17_-32_layer_Tile Map_tile_17_-32_source_1_atlas_13_6
397.169,landed,313.389801025391,-581.993103027344,0.0,0.0,land,surface_wood_impact_1.26481518554687
397.32,move_left_pressed,313.389801025391,-581.993103027344,-33.3333320617676,0.0,Move_Left,pressed
397.479,jump_input_pressed,293.550842285156,-582.975280761719,-180.0,0.0,Jump,pressed
397.479,jump_executed,293.550842285156,-582.975280761719,-180.0,-500.0,jump,x_293.550842285156_y_-582.975280761719
397.911,jump_peak_reached,215.530151367188,-689.861450195312,-180.0,39.8149261474609,jump_peak,x_215.530151367188_y_-689.861450195312
397.953,jump_input_released,206.530151367188,-686.018859863281,-180.0,150.926040649414,Jump,released
398.211,platform_landed,198.696807861328,-582.046691894531,0.0,0.0,land_on_platform,platform_scene-1/Tile Map/11_-32_layer_Tile Map_tile_11_-32_source_1_atlas_14_6
398.211,landed,198.696807861328,-582.046691894531,0.0,0.0,land,surface_wood_impact_1.41296337890625
398.303,move_left_pressed,198.696807861328,-582.046691894531,-33.3333320617676,0.0,Move_Left,pressed
398.477,jump_input_pressed,175.363174438477,-582.10986328125,-180.0,0.0,Jump,pressed
398.478,jump_executed,175.363174438477,-582.10986328125,-180.0,-500.0,jump,x_175.363174438477_y_-582.10986328125
398.911,jump_peak_reached,97.3612365722656,-688.943908691406,-180.0,39.8149261474609,jump_peak,x_97.3612365722656_y_-688.943908691406
398.945,jump_input_released,91.3612365722656,-686.999450683594,-180.0,113.889007568359,Jump,released
399.178,coin_collected,80.5279006958008,-604.252502441406,0.0,595.370544433594,collect_coin,coin_coin20_score_22
399.185,platform_landed,80.5279006958008,-585.017456054688,0.0,0.0,land_on_platform,platform_scene-1/Tile Map/4_-32_layer_Tile Map_tile_4_-32_source_1_atlas_2_0
399.185,landed,80.5279006958008,-585.017456054688,0.0,0.0,land,surface_wood_impact_1.33888928222656
399.345,move_left_pressed,80.5279006958008,-585.017456054688,-33.3333320617676,0.0,Move_Left,pressed
399.711,jump_input_pressed,64.3612289428711,-585.017456054688,0.0,0.0,Jump,pressed
399.712,jump_executed,64.3612289428711,-585.017456054688,0.0,-500.0,jump,x_64.3612289428711_y_-585.017456054688
399.719,jump_peak_reached,64.3612289428711,-593.402709960938,0.0,-479.222198486328,jump_peak,x_64.3612289428711_y_-593.402709960938
399.853,jump_input_released,64.3612289428711,-647.72119140625,0.0,-314.999908447266,Jump,released
399.969,move_left_pressed,64.3612289428711,-651.826171875,-15.0,78.2407455444336,Move_Left,pressed
400.153,platform_landed,57.0001182556152,-602.740905761719,0.0,0.0,land_on_platform,platform_scene-1/Tile Map/2_-33_layer_Tile Map_tile_2_-33_source_1_atlas_0_0
400.153,landed,57.0001182556152,-602.740905761719,0.0,0.0,land,surface_wood_impact_0.97129644775391
400.444,move_left_pressed,57.0001182556152,-602.740905761719,-33.3333320617676,0.0,Move_Left,pressed
401.077,jump_input_pressed,37.8910903930664,-603.073486328125,0.0,0.0,Jump,pressed
401.078,jump_executed,37.8910903930664,-603.073486328125,0.0,-500.0,jump,x_37.8910903930664_y_-603.073486328125
401.212,move_left_pressed,37.8910903930664,-660.131164550781,-15.0,-335.333251953125,Move_Left,pressed
401.285,jump_peak_reached,34.1387405395508,-676.312194824219,-90.0,74.0740737915039,jump_peak,x_34.1387405395508_y_-676.312194824219
401.445,jump_input_released,12.3887405395508,-642.978881835938,-180.0,407.407440185547,Jump,released
401.445,platform_landed,9.25994777679443,-636.840454101562,-180.0,0.0,land_on_platform,platform_scene-1/Tile Map/0_-35_layer_Tile Map_tile_0_-35_source_1_atlas_14_6
401.445,landed,9.25994777679443,-636.840454101562,-180.0,0.0,land,surface_wood_impact_0.81481488037109
401.754,jump_input_pressed,7.39529943466187,-636.121704101562,0.0,0.0,Jump,pressed
401.754,jump_executed,7.39529943466187,-636.121704101562,0.0,-500.0,jump,x_7.39529943466187_y_-636.121704101562
401.945,move_right_pressed,7.39529943466187,-708.95703125,15.0,-274.499877929688,Move_Right,pressed
402.179,jump_peak_reached,35.8952980041504,-742.951416015625,96.6666641235352,39.8149261474609,jump_peak,x_35.8952980041504_y_-742.951416015625
402.228,jump_input_released,37.728630065918,-739.108825683594,0.0,150.926040649414,Jump,released
402.328,platform_landed,37.728630065918,-711.015747070312,0.0,0.0,land_on_platform,platform_scene-1/Tile Map/2_-39_layer_Tile Map_tile_2_-39_source_1_atlas_2_0
402.328,landed,37.728630065918,-711.015747070312,0.0,0.0,land,surface_wood_impact_0.74629656982422
402.694,move_left_pressed,37.728630065918,-711.015747070312,-33.3333320617676,0.0,Move_Left,pressed
402.814,jump_input_pressed,23.3952941894531,-711.068176269531,-180.0,0.0,Jump,pressed
402.815,jump_executed,23.3952941894531,-711.068176269531,-180.0,-500.0,jump,x_23.3952941894531_y_-711.068176269531
402.961,jump_peak_reached,-3.60842728614807,-766.315368652344,-180.0,74.0740737915039,jump_peak,x_-3.60842728614807_y_-766.315368652344
403.013,jump_input_released,-12.6084270477295,-760.759826660156,-96.6666641235352,185.185180664062,Jump,released
403.247,move_right_pressed,-14.4417600631714,-661.377136230469,15.0,703.703796386719,Move_Right,pressed
403.281,platform_landed,-12.9271154403687,-636.06298828125,45.0,0.0,land_on_platform,platform_scene-1/Tile Map/-1_-35_layer_Tile Map_tile_-1_-35_source_1_atlas_13_6
403.281,landed,-12.9271154403687,-636.06298828125,45.0,0.0,land,surface_wood_impact_1.55555578613281
403.595,jump_input_pressed,-6.31597805023193,-636.06298828125,0.0,0.0,Jump,pressed
403.595,jump_executed,-6.31597805023193,-636.06298828125,0.0,-500.0,jump,x_-6.31597805023193_y_-636.06298828125
403.712,move_right_pressed,-6.31597805023193,-687.182861328125,15.0,-355.722137451172,Move_Right,pressed
404.027,jump_peak_reached,34.1840209960938,-742.89208984375,180.0,39.8149261474609,jump_peak,x_34.1840209960938_y_-742.89208984375
404.061,jump_input_released,38.7951316833496,-740.947631835938,13.3333311080933,113.889007568359,Jump,released
404.179,platform_landed,39.0173530578613,-711.005004882812,0.0,0.0,land_on_platform,platform_scene-1/Tile Map/2_-39_layer_Tile Map_tile_2_-39_source_1_atlas_2_0
404.179,landed,39.0173530578613,-711.005004882812,0.0,0.0,land,surface_wood_impact_0.74629656982422
404.414,move_left_pressed,39.0173530578613,-711.005004882812,-33.3333320617676,0.0,Move_Left,pressed
404.414,jump_input_pressed,39.0173530578613,-711.005004882812,-33.3333320617676,0.0,Jump,pressed
404.414,jump_executed,39.0173530578613,-711.005004882812,-33.3333320617676,-500.0,jump,x_39.0173530578613_y_-711.005004882812
404.845,jump_peak_reached,-25.7923126220703,-817.895202636719,-180.0,39.8149261474609,jump_peak,x_-25.7923126220703_y_-817.895202636719
404.894,jump_input_released,-34.7923126220703,-814.052612304688,-96.6666641235352,150.926040649414,Jump,released
404.946,platform_landed,-36.6256446838379,-801.020751953125,0.0,0.0,land_on_platform,platform_scene-1/Tile Map/-3_-44_layer_Tile Map_tile_-3_-44_source_1_atlas_1_0
404.946,landed,-36.6256446838379,-801.020751953125,0.0,0.0,land,surface_wood_impact_0.52407427978516
405.016,move_right_pressed,-36.6256446838379,-801.020751953125,33.3333320617676,0.0,Move_Right,pressed
405.061,jump_input_pressed,-33.292308807373,-801.020751953125,133.33332824707,0.0,Jump,pressed
405.061,jump_executed,-33.292308807373,-801.020751953125,133.33332824707,-500.0,jump,x_-33.292308807373_y_-801.020751953125
405.329,jump_input_released,13.1085519790649,-893.487854003906,180.0,-174.222106933594,Jump,released
405.427,jump_peak_reached,31.1085510253906,-898.279541015625,180.0,41.2037048339844,jump_peak,x_31.1085510253906_y_-898.279541015625
405.447,jump_input_pressed,34.1085510253906,-897.592834472656,180.0,78.2407455444336,Jump,pressed
405.678,platform_landed,79.0964889526367,-817.045959472656,180.0,0.0,land_on_platform,platform_scene-1/Tile Map/4_-45_layer_Tile Map_tile_4_-45_source_1_atlas_14_6
405.679,landed,79.0964889526367,-817.045959472656,180.0,0.0,land,surface_wood_impact_1.19351867675781
405.694,jump_input_released,79.0964889526367,-817.045959472656,96.6666641235352,0.0,Jump,released
406.081,move_right_pressed,80.9297866821289,-817.05810546875,33.3333320617676,0.0,Move_Right,pressed
406.094,jump_input_pressed,81.4853439331055,-816.97216796875,66.6666641235352,0.0,Jump,pressed
406.094,jump_executed,81.4853439331055,-816.97216796875,66.6666641235352,-500.0,jump,x_81.4853439331055_y_-816.97216796875
406.528,jump_peak_reached,151.382369995117,-923.861633300781,180.0,39.8149261474609,jump_peak,x_151.382369995117_y_-923.861633300781
406.761,jump_input_released,193.382369995117,-858.398620605469,96.6666641235352,558.33349609375,Jump,released
406.814,platform_landed,195.215713500977,-819.019958496094,0.0,0.0,land_on_platform,platform_scene-1/Tile Map/10_-45_layer_Tile Map_tile_10_-45_source_1_atlas_13_7
406.814,landed,195.215713500977,-819.019958496094,0.0,0.0,land,surface_wood_impact_1.33888928222656
407.028,move_right_pressed,195.215713500977,-819.019958496094,33.3333320617676,0.0,Move_Right,pressed
407.261,jump_input_pressed,230.549057006836,-819.068725585938,180.0,0.0,Jump,pressed
407.261,jump_executed,230.549057006836,-819.068725585938,180.0,-500.0,jump,x_230.549057006836_y_-819.068725585938
407.28,jump_peak_reached,233.551086425781,-827.408630371094,180.0,-479.222198486328,jump_peak,x_233.551086425781_y_-827.408630371094
407.736,jump_input_released,314.551086425781,-923.958557128906,180.0,113.889007568359,Jump,released
408.011,platform_landed,322.384429931641,-816.018493652344,0.0,0.0,land_on_platform,platform_scene-1/Tile Map/17_-45_layer_Tile Map_tile_17_-45_source_1_atlas_14_6
408.011,landed,322.384429931641,-816.018493652344,0.0,0.0,land,surface_wood_impact_1.41296337890625
408.211,jump_input_pressed,322.384429931641,-816.018493652344,0.0,0.0,Jump,pressed
408.211,jump_executed,322.384429931641,-816.018493652344,0.0,-500.0,jump,x_322.384429931641_y_-816.018493652344
408.278,move_right_pressed,322.384429931641,-847.351867675781,15.0,-417.22216796875,Move_Right,pressed
408.61,jump_input_released,365.884429931641,-922.657409667969,96.6666641235352,-16.6665554046631,Jump,released
408.644,jump_peak_reached,367.7177734375,-922.86572265625,0.0,41.2038154602051,jump_peak,x_367.7177734375_y_-922.86572265625
408.678,move_left_pressed,367.7177734375,-920.875,-15.0,115.277893066406,Move_Left,pressed
408.945,platform_landed,346.384429931641,-816.060119628906,0.0,0.0,land_on_platform,platform_scene-1/Tile Map/19_-45_layer_Tile Map_tile_19_-45_source_1_atlas_14_6
408.945,landed,346.384429931641,-816.060119628906,0.0,0.0,land,surface_wood_impact_1.4157412109375
409.219,jump_input_pressed,346.384429931641,-816.060119628906,0.0,0.0,Jump,pressed
409.219,jump_executed,346.384429931641,-816.060119628906,0.0,-500.0,jump,x_346.384429931641_y_-816.060119628906
409.344,move_right_pressed,346.384429931641,-867.21337890625,15.0,-355.722137451172,Move_Right,pressed
409.652,jump_peak_reached,386.884429931641,-922.922607421875,180.0,39.8149261474609,jump_peak,x_386.884429931641_y_-922.922607421875
409.753,jump_input_released,403.495544433594,-909.681884765625,13.3333311080933,262.037139892578,Jump,released
409.811,platform_landed,403.7177734375,-891.01123046875,0.0,0.0,land_on_platform,platform_scene-1/Tile Map/22_-49_layer_Tile Map_tile_22_-49_source_1_atlas_2_0
409.811,landed,403.7177734375,-891.01123046875,0.0,0.0,land,surface_wood_impact_0.74629656982422
410.013,move_left_pressed,403.7177734375,-891.01123046875,-33.3333320617676,0.0,Move_Left,pressed
410.019,jump_input_pressed,403.162231445312,-891.01123046875,-66.6666641235352,0.0,Jump,pressed
410.019,jump_executed,403.162231445312,-891.01123046875,-66.6666641235352,-500.0,jump,x_403.162231445312_y_-891.01123046875
410.38,jump_input_released,366.934906005859,-994.78564453125,-180.0,-75.3332214355469,Jump,released
410.461,jump_peak_reached,359.1015625,-997.591125488281,0.0,45.0371475219727,jump_peak,x_359.1015625_y_-997.591125488281
410.615,move_right_pressed,359.1015625,-968.613342285156,15.0,378.370513916016,Move_Right,pressed
410.627,platform_landed,359.858154296875,-960.046142578125,30.0,0.0,land_on_platform,platform_scene-1/Tile Map/19_-53_layer_Tile Map_tile_19_-53_source_1_atlas_13_6
410.627,landed,359.858154296875,-960.046142578125,30.0,0.0,land,surface_wood_impact_0.83081512451172
410.645,jump_input_pressed,359.858154296875,-960.046142578125,63.3333320617676,0.0,Jump,pressed
410.645,jump_executed,359.858154296875,-960.046142578125,63.3333320617676,-500.0,jump,x_359.858154296875_y_-960.046142578125
411.08,jump_peak_reached,429.303558349609,-1066.88305664062,180.0,39.8149261474609,jump_peak,x_429.303558349609_y_-1066.88305664062
411.182,jump_input_released,447.303558349609,-1053.64233398438,180.0,262.037139892578,Jump,released
411.314,coin_collected,471.303558349609,-1001.42004394531,180.0,521.296447753906,collect_coin,coin_coin21_score_24
411.346,platform_landed,476.136871337891,-981.067077636719,13.3333311080933,0.0,land_on_platform,platform_scene-1/Tile Map/26_-54_layer_Tile Map_tile_26_-54_source_1_atlas_2_0
411.346,landed,476.136871337891,-981.067077636719,13.3333311080933,0.0,land,surface_wood_impact_1.26481518554687
411.481,move_right_pressed,476.136871337891,-981.067077636719,33.3333320617676,0.0,Move_Right,pressed
411.878,jump_input_pressed,497.925170898438,-981.066284179688,0.0,0.0,Jump,pressed
411.878,jump_executed,497.925170898438,-981.066284179688,0.0,-500.0,jump,x_497.925170898438_y_-981.066284179688
412.028,jump_input_released,497.924041748047,-1043.71899414062,0.0,-314.999908447266,Jump,released
412.128,jump_peak_reached,497.924041748047,-1048.51062011719,0.0,41.2037048339844,jump_peak,x_497.924041748047_y_-1048.51062011719
412.18,move_right_pressed,497.924041748047,-1044.5986328125,15.0,152.314819335938,Move_Right,pressed
412.328,platform_landed,503.28515625,-998.833557128906,0.0,0.0,land_on_platform,platform_scene-1/Tile Map/28_-55_layer_Tile Map_tile_28_-55_source_1_atlas_0_0
412.328,landed,503.28515625,-998.833557128906,0.0,0.0,land,surface_wood_impact_0.97129644775391
412.581,jump_input_pressed,503.28515625,-998.833557128906,0.0,0.0,Jump,pressed
412.582,jump_executed,503.28515625,-998.833557128906,0.0,-500.0,jump,x_503.28515625_y_-998.833557128906
412.694,move_right_pressed,503.28515625,-1049.97888183594,15.0,-355.722137451172,Move_Right,pressed
412.995,jump_input_released,536.618469238281,-1105.734375,0.0,2.77788853645325,Jump,released
413.013,jump_peak_reached,536.618469238281,-1105.68811035156,0.0,39.8149261474609,jump_peak,x_536.618469238281_y_-1105.68811035156
413.078,move_left_pressed,536.618469238281,-1099.330078125,-15.0,187.963073730469,Move_Left,pressed
413.311,platform_landed,508.118469238281,-999.06689453125,-180.0,0.0,land_on_platform,platform_scene-1/Tile Map/28_-55_layer_Tile Map_tile_28_-55_source_1_atlas_0_0
413.311,landed,508.118469238281,-999.06689453125,-180.0,0.0,land,surface_wood_impact_1.41296337890625
413.662,move_right_pressed,503.271270751953,-998.84033203125,33.3333320617676,0.0,Move_Right,pressed
413.727,jump_input_pressed,508.800079345703,-999.069519042969,166.666656494141,0.0,Jump,pressed
413.727,jump_executed,508.800079345703,-999.069519042969,166.666656494141,-500.0,jump,x_508.800079345703_y_-999.069519042969
414.095,jump_input_released,574.579528808594,-1104.07373046875,180.0,-55.722110748291,Jump,released
414.161,jump_peak_reached,582.412841796875,-1105.70520019531,0.0,43.8149261474609,jump_peak,x_582.412841796875_y_-1105.70520019531
414.395,platform_landed,582.412841796875,-1032.00512695312,0.0,0.0,land_on_platform,platform_scene-1/Tile Map/32_-57_layer_Tile Map_tile_32_-57_source_1_atlas_13_6
414.395,landed,582.412841796875,-1032.00512695312,0.0,0.0,land,surface_wood_impact_1.1246669921875
414.481,jump_input_pressed,582.412841796875,-1032.00512695312,0.0,0.0,Jump,pressed
414.481,jump_executed,582.412841796875,-1032.00512695312,0.0,-500.0,jump,x_582.412841796875_y_-1032.00512695312
414.547,move_right_pressed,582.412841796875,-1063.330078125,15.0,-417.22216796875,Move_Right,pressed
414.913,jump_peak_reached,631.912841796875,-1138.89025878906,180.0,39.8149261474609,jump_peak,x_631.912841796875_y_-1138.89025878906
414.98,jump_input_released,642.52392578125,-1132.5322265625,13.3333311080933,187.963073730469,Jump,released
415.112,platform_landed,642.746154785156,-1089.02001953125,0.0,0.0,land_on_platform,platform_scene-1/Tile Map/35_-60_layer_Tile Map_tile_35_-60_source_1_atlas_1_0
415.112,landed,642.746154785156,-1089.02001953125,0.0,0.0,land,surface_wood_impact_0.96851885986328
415.382,move_left_pressed,642.746154785156,-1089.02001953125,-33.3333320617676,0.0,Move_Left,pressed
415.453,musicking,634.412841796875,-1089.02001953125,-166.666656494141,0.0,osc_received,"value_[1, ""chain-jumps-combo-walk""]"
415.462,jump_input_pressed,634.412841796875,-1089.02001953125,-180.0,0.0,Jump,pressed
415.462,jump_executed,634.412841796875,-1089.02001953125,-180.0,-500.0,jump,x_634.412841796875_y_-1089.02001953125
415.862,jump_input_released,562.397338867188,-1195.63708496094,-96.6666641235352,-16.6665554046631,Jump,released
415.894,jump_peak_reached,560.564025878906,-1195.84545898438,0.0,41.2038154602051,jump_peak,x_560.564025878906_y_-1195.84545898438
416.095,platform_landed,560.564025878906,-1143.00659179688,0.0,0.0,land_on_platform,platform_scene-1/Tile Map/31_-63_layer_Tile Map_tile_31_-63_source_1_atlas_3_0
416.095,landed,560.564025878906,-1143.00659179688,0.0,0.0,land,surface_wood_impact_0.97129663085938
416.213,jump_input_pressed,560.564025878906,-1143.00659179688,0.0,0.0,Jump,pressed
416.213,jump_executed,560.564025878906,-1143.00659179688,0.0,-500.0,jump,x_560.564025878906_y_-1143.00659179688
416.228,move_left_pressed,560.564025878906,-1151.40112304688,-15.0,-479.222198486328,Move_Left,pressed
416.645,jump_peak_reached,502.064025878906,-1249.8955078125,-180.0,39.8149261474609,jump_peak,x_502.064025878906_y_-1249.8955078125
416.746,jump_input_released,484.064025878906,-1236.65478515625,-96.6666641235352,262.037139892578,Jump,released
416.849,platform_landed,482.230682373047,-1197.03015136719,0.0,0.0,land_on_platform,platform_scene-1/Tile Map/26_-66_layer_Tile Map_tile_26_-66_source_1_atlas_1_0
416.849,landed,482.230682373047,-1197.03015136719,0.0,0.0,land,surface_wood_impact_0.96851885986328
417.248,jump_input_pressed,482.230682373047,-1197.03015136719,0.0,0.0,Jump,pressed
417.248,jump_executed,482.230682373047,-1197.03015136719,0.0,-500.0,jump,x_482.230682373047_y_-1197.03015136719
417.362,move_left_pressed,482.230682373047,-1248.18933105469,-15.0,-355.722137451172,Move_Left,pressed
417.413,jump_input_released,480.730682373047,-1264.98193359375,-60.0,-294.722106933594,Jump,released
417.513,jump_peak_reached,472.619567871094,-1269.77355957031,0.0,41.2037048339844,jump_peak,x_472.619567871094_y_-1269.77355957031
417.717,platform_landed,472.619567871094,-1214.01013183594,0.0,0.0,land_on_platform,platform_scene-1/Tile Map/25_-67_layer_Tile Map_tile_25_-67_source_1_atlas_0_0
417.717,landed,472.619567871094,-1214.01013183594,0.0,0.0,land,surface_wood_impact_0.97129644775391
418.08,move_left_pressed,472.619567871094,-1214.01013183594,-33.3333320617676,0.0,Move_Left,pressed
418.28,jump_input_pressed,443.735229492188,-1214.27380371094,-180.0,74.0740737915039,Jump,pressed
418.28,jump_executed,443.735229492188,-1214.27380371094,-180.0,-500.0,jump,x_443.735229492188_y_-1214.27380371094
418.595,jump_peak_reached,386.733703613281,-1309.38793945312,-180.0,74.0740737915039,jump_peak,x_386.733703613281_y_-1309.38793945312
418.728,jump_input_released,362.733703613281,-1282.22741699219,-180.0,370.370391845703,Jump,released
418.928,platform_landed,352.720916748047,-1161.01037597656,0.0,0.0,land_on_platform,platform_scene-1/Tile Map/19_-64_layer_Tile Map_tile_19_-64_source_1_atlas_13_7
418.928,landed,352.720916748047,-1161.01037597656,0.0,0.0,land,surface_wood_impact_1.6296298828125
419.395,jump_input_pressed,352.720916748047,-1161.01037597656,0.0,0.0,Jump,pressed
419.395,jump_executed,352.720916748047,-1161.01037597656,0.0,-500.0,jump,x_352.720916748047_y_-1161.01037597656
419.413,jump_peak_reached,352.720916748047,-1169.40161132812,0.0,-479.222198486328,jump_peak,x_352.720916748047_y_-1169.40161132812
419.529,move_left_pressed,352.720916748047,-1218.12292480469,-15.0,-335.333251953125,Move_Left,pressed
419.595,jump_input_released,350.220916748047,-1238.48767089844,-75.0,-254.333206176758,Jump,released
419.913,platform_landed,334.859802246094,-1179.00659179688,0.0,0.0,land_on_platform,platform_scene-1/Tile Map/18_-65_layer_Tile Map_tile_18_-65_source_1_atlas_3_0
419.913,landed,334.859802246094,-1179.00659179688,0.0,0.0,land,surface_wood_impact_1.04537048339844
420.095,move_left_pressed,334.859802246094,-1179.00659179688,-33.3333320617676,0.0,Move_Left,pressed
420.28,jump_input_pressed,308.526489257812,-1179.00659179688,-180.0,0.0,Jump,pressed
420.28,jump_executed,308.526489257812,-1179.00659179688,-180.0,-500.0,jump,x_308.526489257812_y_-1179.00659179688
420.711,jump_peak_reached,230.507263183594,-1285.888671875,-180.0,39.8149261474609,jump_peak,x_230.507263183594_y_-1285.888671875
420.844,jump_input_released,206.507263183594,-1263.29602050781,-180.0,336.111236572266,Jump,released
420.945,platform_landed,198.673919677734,-1215.00952148438,0.0,0.0,land_on_platform,platform_scene-1/Tile Map/11_-67_layer_Tile Map_tile_11_-67_source_1_atlas_0_0
420.945,landed,198.673919677734,-1215.00952148438,0.0,0.0,land,surface_wood_impact_1.1166669921875
421.146,move_left_pressed,198.673919677734,-1215.00952148438,-33.3333320617676,0.0,Move_Left,pressed
421.146,jump_input_pressed,198.673919677734,-1215.00952148438,-33.3333320617676,0.0,Jump,pressed
421.146,jump_executed,198.673919677734,-1215.00952148438,-33.3333320617676,-500.0,jump,x_198.673919677734_y_-1215.00952148438
421.579,jump_peak_reached,133.864929199219,-1321.88940429688,-96.6666641235352,39.8149261474609,jump_peak,x_133.864929199219_y_-1321.88940429688
421.579,jump_input_released,133.864929199219,-1321.88940429688,-96.6666641235352,39.8149261474609,Jump,released
421.778,platform_landed,132.031585693359,-1269.02404785156,0.0,0.0,land_on_platform,platform_scene-1/Tile Map/7_-70_layer_Tile Map_tile_7_-70_source_1_atlas_3_0
421.778,landed,132.031585693359,-1269.02404785156,0.0,0.0,land,surface_wood_impact_0.96851885986328
421.945,move_left_pressed,132.031585693359,-1269.02404785156,-33.3333320617676,0.0,Move_Left,pressed
421.946,jump_input_pressed,132.031585693359,-1269.02404785156,-33.3333320617676,0.0,Jump,pressed
421.946,jump_executed,132.031585693359,-1269.02404785156,-33.3333320617676,-500.0,jump,x_132.031585693359_y_-1269.02404785156
422.236,coin_collected,91.2230224609375,-1366.99963378906,-180.0,-155.333221435547,collect_coin,coin_coin23_score_26
422.353,jump_input_released,70.2230224609375,-1375.94396972656,-180.0,2.77788853645325,Jump,released
422.378,jump_peak_reached,67.2230224609375,-1375.89770507812,-96.6666641235352,39.8149261474609,jump_peak,x_67.2230224609375_y_-1375.89770507812
422.544,platform_landed,65.3896865844727,-1338.01245117188,0.0,0.0,land_on_platform,platform_scene-1/Tile Map/3_-74_layer_Tile Map_tile_3_-74_source_1_atlas_13_6
422.545,landed,65.3896865844727,-1338.01245117188,0.0,0.0,land,surface_wood_impact_0.82037066650391
422.612,move_right_pressed,65.3896865844727,-1338.01245117188,33.3333320617676,0.0,Move_Right,pressed
422.845,jump_input_pressed,100.065582275391,-1339.40502929688,180.0,0.0,Jump,pressed
422.845,jump_executed,100.065582275391,-1339.40502929688,180.0,-500.0,jump,x_100.065582275391_y_-1339.40502929688
423.278,jump_peak_reached,178.065582275391,-1446.23364257812,180.0,39.8149261474609,jump_peak,x_178.065582275391_y_-1446.23364257812
423.411,jump_input_released,202.065582275391,-1423.64099121094,180.0,336.111236572266,Jump,released
423.454,jump_input_pressed,211.065582275391,-1404.98364257812,180.0,447.222381591797,Jump,pressed
423.578,coin_collected,232.065582275391,-1339.84460449219,180.0,669.444641113281,collect_coin,coin_coin22_score_28
423.581,platform_landed,235.07861328125,-1338.04443359375,180.0,0.0,land_on_platform,platform_scene-1/Tile Map/13_-74_layer_Tile Map_tile_13_-74_source_1_atlas_13_6
423.581,landed,235.07861328125,-1338.04443359375,180.0,0.0,land,surface_wood_impact_1.41296337890625
423.585,jump_executed,235.07861328125,-1338.04443359375,180.0,-500.0,jump,x_235.07861328125_y_-1338.04443359375
423.619,jump_input_released,241.08772277832,-1354.39294433594,180.0,-458.499969482422,Jump,released
423.719,jump_peak_reached,259.087707519531,-1359.1845703125,180.0,41.2037048339844,jump_peak,x_259.087707519531_y_-1359.1845703125
423.845,platform_landed,283.089477539062,-1338.05212402344,180.0,0.0,land_on_platform,platform_scene-1/Tile Map/15_-74_layer_Tile Map_tile_15_-74_source_1_atlas_13_6
423.845,landed,283.089477539062,-1338.05212402344,180.0,0.0,land,surface_wood_impact_0.60092596435547
423.987,jump_input_pressed,307.089508056641,-1338.05212402344,180.0,0.0,Jump,pressed
423.987,jump_executed,307.089508056641,-1338.05212402344,180.0,-500.0,jump,x_307.089508056641_y_-1338.05212402344
424.152,jump_peak_reached,337.118255615234,-1398.62316894531,180.0,55.6208305358887,jump_peak,x_337.118255615234_y_-1398.62316894531
424.378,platform_landed,379.127716064453,-1338.0458984375,180.0,0.0,land_on_platform,platform_scene-1/Tile Map/21_-74_layer_Tile Map_tile_21_-74_source_1_atlas_13_6
424.378,landed,379.127716064453,-1338.0458984375,180.0,0.0,land,surface_wood_impact_1.07420471191406
424.644,jump_input_released,424.127716064453,-1338.0458984375,180.0,0.0,Jump,released
424.778,jump_input_pressed,448.127716064453,-1338.0458984375,180.0,0.0,Jump,pressed
424.779,jump_executed,448.127716064453,-1338.0458984375,180.0,-500.0,jump,x_448.127716064453_y_-1338.0458984375
425.211,jump_peak_reached,526.130981445312,-1444.8837890625,180.0,39.8149261474609,jump_peak,x_526.130981445312_y_-1444.8837890625
425.512,platform_landed,583.146240234375,-1338.05981445312,180.0,0.0,land_on_platform,platform_scene-1/Tile Map/32_-74_layer_Tile Map_tile_32_-74_source_1_atlas_13_6
425.512,landed,583.146240234375,-1338.05981445312,180.0,0.0,land,surface_wood_impact_1.41296337890625
425.653,jump_input_released,607.146240234375,-1338.05981445312,180.0,0.0,Jump,released
426.079,jump_input_pressed,682.146240234375,-1338.05981445312,180.0,0.0,Jump,pressed
426.079,jump_executed,682.146240234375,-1338.05981445312,180.0,-500.0,jump,x_682.146240234375_y_-1338.05981445312
426.146,move_left_pressed,694.146240234375,-1369.32824707031,96.6666641235352,-417.22216796875,Move_Left,pressed
426.511,jump_peak_reached,695.979553222656,-1444.88842773438,0.0,39.8149261474609,jump_peak,x_695.979553222656_y_-1444.88842773438
426.587,jump_input_released,695.979553222656,-1435.39770507812,0.0,225.000106811523,Jump,released
426.812,platform_landed,695.729553222656,-1338.00500488281,0.0,0.0,land_on_platform,platform_scene-1/Tile Map/38_-74_layer_Tile Map_tile_38_-74_source_1_atlas_13_6
426.812,landed,695.729553222656,-1338.00500488281,0.0,0.0,land,surface_wood_impact_1.41296337890625
426.913,move_left_pressed,695.729553222656,-1338.00500488281,-33.3333320617676,0.0,Move_Left,pressed
426.913,jump_input_pressed,695.729553222656,-1338.00500488281,-33.3333320617676,0.0,Jump,pressed
426.913,jump_executed,695.729553222656,-1338.00500488281,-33.3333320617676,-500.0,jump,x_695.729553222656_y_-1338.00500488281
427.345,jump_peak_reached,630.920776367188,-1444.88415527344,-180.0,39.8149261474609,jump_peak,x_630.920776367188_y_-1444.88415527344
427.345,jump_input_released,630.920776367188,-1444.88415527344,-180.0,39.8149261474609,Jump,released
427.428,platform_landed,623.087463378906,-1428.67504882812,0.0,0.0,land_on_platform,platform_scene-1/Tile Map/34_-79_layer_Tile Map_tile_34_-79_source_1_atlas_14_6
427.428,landed,623.087463378906,-1428.67504882812,0.0,0.0,land,surface_wood_impact_0.52407427978516
427.512,jump_input_pressed,623.087463378906,-1428.67504882812,0.0,0.0,Jump,pressed
427.512,jump_executed,623.087463378906,-1428.67504882812,0.0,-500.0,jump,x_623.087463378906_y_-1428.67504882812
427.528,move_right_pressed,623.087463378906,-1437.06140136719,15.0,-479.222198486328,Move_Right,pressed
427.68,jump_peak_reached,634.370056152344,-1489.58801269531,151.452453613281,57.3442802429199,jump_peak,x_634.370056152344_y_-1489.58801269531
427.846,move_left_pressed,663.668518066406,-1452.25280761719,96.6666641235352,427.714691162109,Move_Left,pressed
427.847,jump_input_released,663.668518066406,-1452.25280761719,96.6666641235352,427.714691162109,Jump,released
428.028,platform_landed,651.545776367188,-1338.06494140625,-150.0,0.0,land_on_platform,platform_scene-1/Tile Map/36_-74_layer_Tile Map_tile_36_-74_source_1_atlas_13_6
428.028,landed,651.545776367188,-1338.06494140625,-150.0,0.0,land,surface_wood_impact_1.67024438476562
428.295,move_right_pressed,637.712524414062,-1338.05236816406,33.3333320617676,0.0,Move_Right,pressed
428.514,move_left_pressed,670.045837402344,-1338.05236816406,96.6666641235352,0.0,Move_Left,pressed
428.514,jump_input_pressed,670.045837402344,-1338.05236816406,96.6666641235352,0.0,Jump,pressed
428.514,jump_executed,670.045837402344,-1338.05236816406,96.6666641235352,-500.0,jump,x_670.045837402344_y_-1338.05236816406
428.781,jump_input_released,671.882507324219,-1430.49194335938,0.0,-174.222106933594,Jump,released
428.879,jump_peak_reached,671.882507324219,-1435.28356933594,0.0,41.2037048339844,jump_peak,x_671.882507324219_y_-1435.28356933594
429.179,platform_landed,666.521423339844,-1338.04260253906,0.0,0.0,land_on_platform,platform_scene-1/Tile Map/37_-74_layer_Tile Map_tile_37_-74_source_1_atlas_13_6
429.179,landed,666.521423339844,-1338.04260253906,0.0,0.0,land,surface_wood_impact_1.34166687011719
429.387,move_left_pressed,666.521423339844,-1338.04260253906,-33.3333320617676,0.0,Move_Left,pressed
429.412,jump_input_pressed,665.965148925781,-1338.04260253906,-66.6666641235352,0.0,Jump,pressed
429.412,jump_executed,665.965148925781,-1338.04260253906,-66.6666641235352,-500.0,jump,x_665.965148925781_y_-1338.04260253906
429.578,jump_peak_reached,644.935363769531,-1397.89892578125,-159.482574462891,92.5364151000977,jump_peak,x_644.935363769531_y_-1397.89892578125
429.779,platform_landed,606.381591796875,-1338.0546875,-180.0,0.0,land_on_platform,platform_scene-1/Tile Map/33_-74_layer_Tile Map_tile_33_-74_source_1_atlas_13_6
429.779,landed,606.381591796875,-1338.0546875,-180.0,0.0,land,surface_wood_impact_1.07396179199219
429.786,jump_input_released,606.381591796875,-1338.0546875,-180.0,0.0,Jump,released
429.947,move_left_pressed,601.548278808594,-1338.0546875,-33.3333320617676,0.0,Move_Left,pressed
430.336,move_right_pressed,582.381652832031,-1338.0546875,33.3333320617676,0.0,Move_Right,pressed
430.352,jump_input_pressed,582.937194824219,-1338.0546875,66.6666641235352,0.0,Jump,pressed
430.352,jump_executed,582.937194824219,-1338.0546875,66.6666641235352,-500.0,jump,x_582.937194824219_y_-1338.0546875
430.78,jump_peak_reached,627.346008300781,-1444.89489746094,180.0,39.8149261474609,jump_peak,x_627.346008300781_y_-1444.89489746094
430.828,jump_input_released,634.957092285156,-1441.05224609375,13.3333311080933,150.926040649414,Jump,released
430.88,platform_landed,635.179321289062,-1428.04602050781,0.0,0.0,land_on_platform,platform_scene-1/Tile Map/35_-79_layer_Tile Map_tile_35_-79_source_1_atlas_14_6
430.88,landed,635.179321289062,-1428.04602050781,0.0,0.0,land,surface_wood_impact_0.52407427978516
431.112,move_right_pressed,635.179321289062,-1428.04602050781,33.3333320617676,0.0,Move_Right,pressed
431.129,jump_input_pressed,635.734436035156,-1428.10131835938,66.6666641235352,0.0,Jump,pressed
431.129,jump_executed,635.734436035156,-1428.10131835938,66.6666641235352,-500.0,jump,x_635.734436035156_y_-1428.10131835938
431.311,move_left_pressed,660.624084472656,-1500.94262695312,96.6666641235352,-274.499877929688,Move_Left,pressed
431.38,jump_input_released,662.457397460938,-1517.27966308594,0.0,-194.166549682617,Jump,released
431.484,jump_peak_reached,662.457397460938,-1522.0712890625,0.0,41.2037048339844,jump_peak,x_662.457397460938_y_-1522.0712890625
431.862,platform_landed,659.957397460938,-1338.068359375,0.0,0.0,land_on_platform,platform_scene-1/Tile Map/36_-74_layer_Tile Map_tile_36_-74_source_1_atlas_13_6
431.862,landed,659.957397460938,-1338.068359375,0.0,0.0,land,surface_wood_impact_1.78611145019531
432.212,jump_input_pressed,659.957397460938,-1337.98828125,0.0,0.0,Jump,pressed
432.212,jump_executed,659.957397460938,-1337.98828125,0.0,-500.0,jump,x_659.957397460938_y_-1337.98828125
432.228,jump_peak_reached,659.957397460938,-1346.38757324219,0.0,-479.222198486328,jump_peak,x_659.957397460938_y_-1346.38757324219
432.378,move_left_pressed,659.957397460938,-1405.96533203125,-15.0,-294.722106933594,Move_Left,pressed
432.646,jump_input_released,628.457397460938,-1444.88195800781,-180.0,39.8149261474609,Jump,released
432.748,platform_landed,620.624084472656,-1428.99694824219,0.0,0.0,land_on_platform,platform_scene-1/Tile Map/34_-79_layer_Tile Map_tile_34_-79_source_1_atlas_14_6
432.748,landed,620.624084472656,-1428.99694824219,0.0,0.0,land,surface_wood_impact_0.52407427978516
432.848,move_right_pressed,620.624084472656,-1428.99694824219,33.3333320617676,0.0,Move_Right,pressed
433.087,jump_input_pressed,658.394165039062,-1426.73168945312,180.0,111.111114501953,Jump,pressed
433.087,jump_executed,658.394165039062,-1426.73168945312,180.0,-500.0,jump,x_658.394165039062_y_-1426.73168945312
433.112,move_left_pressed,661.394165039062,-1435.06591796875,96.6666641235352,-479.222198486328,Move_Left,pressed
433.278,jump_input_released,663.227478027344,-1504.15197753906,0.0,-254.333206176758,Jump,released
433.38,jump_peak_reached,659.477478027344,-1508.94360351562,-90.0,41.2037048339844,jump_peak,x_659.477478027344_y_-1508.94360351562
433.628,platform_landed,646.52880859375,-1428.97058105469,0.0,0.0,land_on_platform,platform_scene-1/Tile Map/35_-79_layer_Tile Map_tile_35_-79_source_1_atlas_14_6
433.628,landed,646.52880859375,-1428.97058105469,0.0,0.0,land,surface_wood_impact_1.19351867675781
433.903,jump_input_pressed,646.52880859375,-1428.97058105469,0.0,0.0,Jump,pressed
433.903,jump_executed,646.52880859375,-1428.97058105469,0.0,-500.0,jump,x_646.52880859375_y_-1428.97058105469
433.986,move_right_pressed,646.52880859375,-1467.26391601562,15.0,-396.666595458984,Move_Right,pressed
434.087,jump_peak_reached,654.67919921875,-1489.23083496094,76.9196243286133,48.2363433837891,jump_peak,x_654.67919921875_y_-1489.23083496094
434.087,move_left_pressed,654.67919921875,-1489.23083496094,76.9196243286133,48.2363433837891,Move_Left,pressed
434.37,jump_input_released,655.211181640625,-1391.61315917969,-45.0,677.866088867188,Jump,released
434.445,platform_landed,648.974304199219,-1338.068359375,-105.0,0.0,land_on_platform,platform_scene-1/Tile Map/36_-74_layer_Tile Map_tile_36_-74_source_1_atlas_13_6
434.445,landed,648.974304199219,-1338.068359375,-105.0,0.0,land,surface_wood_impact_1.65202856445312
434.786,move_right_pressed,645.752136230469,-1338.04858398438,33.3333320617676,0.0,Move_Right,pressed
435.345,jump_input_pressed,738.08544921875,-1338.04858398438,180.0,0.0,Jump,pressed
435.345,jump_executed,738.08544921875,-1338.04858398438,180.0,-500.0,jump,x_738.08544921875_y_-1338.04858398438
435.769,jump_peak_reached,816.087341308594,-1444.88256835938,180.0,39.8149261474609,jump_peak,x_816.087341308594_y_-1444.88256835938
436.078,platform_landed,873.102600097656,-1338.05737304688,180.0,0.0,land_on_platform,platform_scene-1/Tile Map/48_-74_layer_Tile Map_tile_48_-74_source_1_atlas_13_6
436.079,landed,873.102600097656,-1338.05737304688,180.0,0.0,land,surface_wood_impact_1.41296337890625
436.645,jump_input_released,972.102600097656,-1338.05737304688,180.0,0.0,Jump,released
437.037,move_left_pressed,985.935913085938,-1338.05737304688,-33.3333320617676,0.0,Move_Left,pressed
438.594,jump_input_pressed,713.602600097656,-1338.05737304688,-180.0,0.0,Jump,pressed
438.595,jump_executed,713.602600097656,-1338.05737304688,-180.0,-500.0,jump,x_713.602600097656_y_-1338.05737304688
439.028,jump_peak_reached,635.600891113281,-1444.89074707031,-180.0,39.8149261474609,jump_peak,x_635.600891113281_y_-1444.89074707031
439.046,jump_input_released,632.600891113281,-1444.22717285156,-96.6666641235352,76.8519668579102,Jump,released
439.128,platform_landed,630.767578125,-1428.01635742188,0.0,0.0,land_on_platform,platform_scene-1/Tile Map/34_-79_layer_Tile Map_tile_34_-79_source_1_atlas_14_6
439.128,landed,630.767578125,-1428.01635742188,0.0,0.0,land,surface_wood_impact_0.52407427978516
439.362,move_left_pressed,630.767578125,-1428.01635742188,-33.3333320617676,0.0,Move_Left,pressed
439.495,jump_input_pressed,613.891845703125,-1428.89318847656,-180.0,0.0,Jump,pressed
439.496,jump_executed,613.891845703125,-1428.89318847656,-180.0,-500.0,jump,x_613.891845703125_y_-1428.89318847656
439.595,move_right_pressed,595.868225097656,-1473.80224609375,-96.6666641235352,-376.166595458984,Move_Right,pressed
439.928,jump_peak_reached,631.757141113281,-1535.78735351562,180.0,39.8149261474609,jump_peak,x_631.757141113281_y_-1535.78735351562
439.948,jump_input_released,634.757141113281,-1535.12377929688,180.0,76.8519668579102,Jump,released
440.028,platform_landed,645.590454101562,-1518.98962402344,0.0,0.0,land_on_platform,platform_scene-1/Tile Map/35_-84_layer_Tile Map_tile_35_-84_source_1_atlas_14_6
440.028,landed,645.590454101562,-1518.98962402344,0.0,0.0,land,surface_wood_impact_0.52407427978516
440.28,move_left_pressed,645.590454101562,-1518.98962402344,-33.3333320617676,0.0,Move_Left,pressed
440.482,jump_input_pressed,616.750366210938,-1519.04663085938,-180.0,0.0,Jump,pressed
440.482,jump_executed,616.750366210938,-1519.04663085938,-180.0,-500.0,jump,x_616.750366210938_y_-1519.04663085938
440.547,move_right_pressed,604.750183105469,-1550.31555175781,-96.6666641235352,-417.22216796875,Move_Right,pressed
440.911,jump_peak_reached,637.416870117188,-1625.87573242188,180.0,39.8149261474609,jump_peak,x_637.416870117188_y_-1625.87573242188
440.953,jump_input_released,645.027954101562,-1622.03308105469,13.3333311080933,150.926040649414,Jump,released
441.011,platform_landed,645.250183105469,-1608.97570800781,0.0,0.0,land_on_platform,platform_scene-1/Tile Map/35_-89_layer_Tile Map_tile_35_-89_source_1_atlas_14_6
441.012,landed,645.250183105469,-1608.97570800781,0.0,0.0,land,surface_wood_impact_0.52407427978516
441.07,move_left_pressed,645.250183105469,-1608.97570800781,-33.3333320617676,0.0,Move_Left,pressed
441.646,move_left_pressed,614.661010742188,-1609.04040527344,-33.3333320617676,0.0,Move_Left,pressed
441.719,jump_input_pressed,606.568664550781,-1607.34301757812,-163.33332824707,74.0740737915039,Jump,pressed
441.778,move_right_pressed,597.874206542969,-1601.78747558594,-96.6666641235352,185.185180664062,Move_Right,pressed
442.07,jump_input_released,596.290893554688,-1451.78747558594,30.0,851.851989746094,Jump,released
442.186,platform_landed,597.540893554688,-1338.0673828125,0.0,0.0,land_on_platform,platform_scene-1/Tile Map/33_-74_layer_Tile Map_tile_33_-74_source_1_atlas_13_6
442.186,landed,597.540893554688,-1338.0673828125,0.0,0.0,land,surface_wood_impact_2.22222241210937
442.512,jump_input_pressed,597.540893554688,-1338.0673828125,0.0,0.0,Jump,pressed
442.512,jump_executed,597.540893554688,-1338.0673828125,0.0,-500.0,jump,x_597.540893554688_y_-1338.0673828125
442.669,move_left_pressed,597.540893554688,-1405.98474121094,-15.0,-294.722106933594,Move_Left,pressed
442.712,move_right_pressed,596.790893554688,-1415.49304199219,0.0,-254.333206176758,Move_Right,pressed
442.936,jump_peak_reached,596.790893554688,-1444.9013671875,15.0,39.8149261474609,jump_peak,x_596.790893554688_y_-1444.9013671875
442.953,jump_input_released,597.040893554688,-1444.23779296875,0.0,76.8519668579102,Jump,released
443.237,platform_landed,597.040893554688,-1338.01794433594,0.0,0.0,land_on_platform,platform_scene-1/Tile Map/33_-74_layer_Tile Map_tile_33_-74_source_1_atlas_13_6
443.237,landed,597.040893554688,-1338.01794433594,0.0,0.0,land,surface_wood_impact_1.41296337890625
443.378,jump_input_pressed,597.040893554688,-1338.01794433594,0.0,0.0,Jump,pressed
443.379,jump_executed,597.040893554688,-1338.01794433594,0.0,-500.0,jump,x_597.040893554688_y_-1338.01794433594
443.486,move_right_pressed,597.040893554688,-1389.18627929688,15.0,-355.722137451172,Move_Right,pressed
443.745,move_left_pressed,625.540893554688,-1443.06591796875,96.6666641235352,-55.722110748291,Move_Left,pressed
443.812,jump_peak_reached,627.124206542969,-1444.8955078125,0.0,39.8149261474609,jump_peak,x_627.124206542969_y_-1444.8955078125
443.812,jump_input_released,627.124206542969,-1444.8955078125,0.0,39.8149261474609,Jump,released
443.911,platform_landed,627.124206542969,-1428.04663085938,0.0,0.0,land_on_platform,platform_scene-1/Tile Map/34_-79_layer_Tile Map_tile_34_-79_source_1_atlas_14_6
443.911,landed,627.124206542969,-1428.04663085938,0.0,0.0,land,surface_wood_impact_0.52407427978516
444.145,move_left_pressed,627.124206542969,-1428.04663085938,-33.3333320617676,0.0,Move_Left,pressed
444.187,jump_input_pressed,623.947265625,-1428.41076660156,-133.33332824707,0.0,Jump,pressed
444.187,jump_executed,623.947265625,-1428.41076660156,-133.33332824707,-500.0,jump,x_623.947265625_y_-1428.41076660156
444.278,move_right_pressed,610.558349609375,-1466.63757324219,-96.6666641235352,-396.666595458984,Move_Right,pressed
444.62,jump_peak_reached,607.530578613281,-1534.48278808594,30.0,39.8149261474609,jump_peak,x_607.530578613281_y_-1534.48278808594
444.62,jump_input_released,607.530578613281,-1534.48278808594,30.0,39.8149261474609,Jump,released
445.02,platform_landed,607.320251464844,-1338.0283203125,0.0,0.0,land_on_platform,platform_scene-1/Tile Map/33_-74_layer_Tile Map_tile_33_-74_source_1_atlas_13_6
445.02,landed,607.320251464844,-1338.0283203125,0.0,0.0,land,surface_wood_impact_1.85740795898438
445.353,move_right_pressed,607.320251464844,-1338.0283203125,33.3333320617676,0.0,Move_Right,pressed
445.581,jump_input_pressed,639.653625488281,-1337.990234375,180.0,0.0,Jump,pressed
445.581,jump_executed,639.653625488281,-1337.990234375,180.0,-500.0,jump,x_639.653625488281_y_-1337.990234375
445.586,jump_peak_reached,642.674682617188,-1346.38293457031,180.0,-479.222198486328,jump_peak,x_642.674682617188_y_-1346.38293457031
445.812,jump_input_released,681.674682617188,-1423.63659667969,180.0,-214.166549682617,Jump,released
445.904,move_left_pressed,689.507995605469,-1428.42822265625,-15.0,41.2037048339844,Move_Left,pressed
446.178,platform_landed,687.007995605469,-1338.00231933594,0.0,0.0,land_on_platform,platform_scene-1/Tile Map/38_-74_layer_Tile Map_tile_38_-74_source_1_atlas_13_6
446.178,landed,687.007995605469,-1338.00231933594,0.0,0.0,land,surface_wood_impact_1.2675927734375
446.32,move_left_pressed,687.007995605469,-1338.00231933594,-33.3333320617676,0.0,Move_Left,pressed
446.38,jump_input_pressed,683.674743652344,-1337.98547363281,-133.33332824707,0.0,Jump,pressed
446.38,jump_executed,683.674743652344,-1337.98547363281,-133.33332824707,-500.0,jump,x_683.674743652344_y_-1337.98547363281
446.77,jump_input_released,640.405212402344,-1444.615234375,-165.0,-16.6665554046631,Jump,released
446.811,jump_peak_reached,634.655212402344,-1444.82360839844,-180.0,41.2038154602051,jump_peak,x_634.655212402344_y_-1444.82360839844
446.912,platform_landed,629.821899414062,-1428.0224609375,0.0,0.0,land_on_platform,platform_scene-1/Tile Map/34_-79_layer_Tile Map_tile_34_-79_source_1_atlas_14_6
446.912,landed,629.821899414062,-1428.0224609375,0.0,0.0,land,surface_wood_impact_0.52685205078125
447.103,move_left_pressed,629.821899414062,-1428.0224609375,-33.3333320617676,0.0,Move_Left,pressed
447.22,jump_input_pressed,616.104919433594,-1429.03662109375,-180.0,0.0,Jump,pressed
447.22,jump_executed,616.104919433594,-1429.03662109375,-180.0,-500.0,jump,x_616.104919433594_y_-1429.03662109375
447.336,move_right_pressed,599.269226074219,-1480.16259765625,1.66666889190674,-355.722137451172,Move_Right,pressed
447.653,jump_peak_reached,637.102478027344,-1535.87182617188,180.0,39.8149261474609,jump_peak,x_637.102478027344_y_-1535.87182617188
447.679,jump_input_released,640.102478027344,-1535.20825195312,180.0,76.8519668579102,Jump,released
447.753,platform_landed,647.935791015625,-1518.92065429688,0.0,0.0,land_on_platform,platform_scene-1/Tile Map/35_-84_layer_Tile Map_tile_35_-84_source_1_atlas_14_6
447.753,landed,647.935791015625,-1518.92065429688,0.0,0.0,land,surface_wood_impact_0.52407427978516
448.12,move_left_pressed,647.935791015625,-1518.92065429688,-33.3333320617676,0.0,Move_Left,pressed
448.336,jump_input_pressed,616.239074707031,-1519.03735351562,-180.0,0.0,Jump,pressed
448.336,jump_executed,616.239074707031,-1519.03735351562,-180.0,-500.0,jump,x_616.239074707031_y_-1519.03735351562
448.387,move_right_pressed,607.236755371094,-1543.01123046875,-96.6666641235352,-437.833282470703,Move_Right,pressed
448.779,jump_peak_reached,627.346008300781,-1625.87182617188,96.6666641235352,39.8149261474609,jump_peak,x_627.346008300781_y_-1625.87182617188
448.812,jump_input_released,629.179321289062,-1623.92736816406,0.0,113.889007568359,Jump,released
448.886,platform_landed,629.179321289062,-1608.02526855469,0.0,0.0,land_on_platform,platform_scene-1/Tile Map/34_-89_layer_Tile Map_tile_34_-89_source_1_atlas_14_6
448.887,landed,629.179321289062,-1608.02526855469,0.0,0.0,land,surface_wood_impact_0.59814837646484
449.145,move_left_pressed,629.179321289062,-1608.02526855469,-33.3333320617676,0.0,Move_Left,pressed
449.278,jump_input_pressed,612.385009765625,-1608.49108886719,-180.0,0.0,Jump,pressed
449.278,jump_executed,612.385009765625,-1608.49108886719,-180.0,-500.0,jump,x_612.385009765625_y_-1608.49108886719
449.312,move_right_pressed,606.359924316406,-1624.88391113281,-96.6666641235352,-458.499969482422,Move_Right,pressed
449.712,jump_peak_reached,630.026611328125,-1715.38940429688,180.0,39.8149261474609,jump_peak,x_630.026611328125_y_-1715.38940429688
449.745,jump_input_released,634.6376953125,-1713.44494628906,13.3333311080933,113.889007568359,Jump,released
449.811,platform_landed,634.859924316406,-1698.02880859375,0.0,0.0,land_on_platform,platform_scene-1/Tile Map/35_-94_layer_Tile Map_tile_35_-94_source_1_atlas_14_6
449.812,landed,634.859924316406,-1698.02880859375,0.0,0.0,land,surface_wood_impact_0.52407427978516
450.161,move_left_pressed,634.859924316406,-1698.02880859375,-33.3333320617676,0.0,Move_Left,pressed
450.281,jump_input_pressed,621.082214355469,-1699.44873046875,-180.0,0.0,Jump,pressed
450.281,jump_executed,621.082214355469,-1699.44873046875,-180.0,-500.0,jump,x_621.082214355469_y_-1699.44873046875
450.345,move_right_pressed,609.082214355469,-1730.71716308594,-96.6666641235352,-417.22216796875,Move_Right,pressed
450.72,jump_peak_reached,607.248901367188,-1806.27734375,15.0,39.8149261474609,jump_peak,x_607.248901367188_y_-1806.27734375
450.762,jump_input_released,607.998901367188,-1802.43469238281,0.0,150.926040649414,Jump,released
451.179,move_right_pressed,607.759826660156,-1554.37878417969,15.0,1076.85205078125,Move_Right,pressed
451.346,platform_landed,609.813171386719,-1338.04870605469,21.6666660308838,0.0,land_on_platform,platform_scene-1/Tile Map/33_-74_layer_Tile Map_tile_33_-74_source_1_atlas_13_6
451.346,landed,609.813171386719,-1338.04870605469,21.6666660308838,0.0,land,surface_wood_impact_2.89444384765625
452.08,jump_input_pressed,609.813171386719,-1338.04870605469,0.0,0.0,Jump,pressed
452.08,jump_executed,609.813171386719,-1338.04870605469,0.0,-500.0,jump,x_609.813171386719_y_-1338.04870605469
452.095,jump_peak_reached,609.813171386719,-1346.39135742188,0.0,-479.222198486328,jump_peak,x_609.813171386719_y_-1346.39135742188
452.213,move_right_pressed,609.813171386719,-1395.11267089844,15.0,-335.333251953125,Move_Right,pressed
452.346,move_left_pressed,607.902709960938,-1410.12634277344,0.0,0.84293681383133,Move_Left,pressed
452.595,platform_landed,608.152709960938,-1338.03723144531,0.0,0.0,land_on_platform,platform_scene-1/Tile Map/33_-74_layer_Tile Map_tile_33_-74_source_1_atlas_13_6
452.595,landed,608.152709960938,-1338.03723144531,0.0,0.0,land,surface_wood_impact_1.11279711914062
452.613,jump_input_released,608.152709960938,-1338.03723144531,0.0,0.0,Jump,released
453.062,jump_input_pressed,608.152709960938,-1338.03723144531,0.0,0.0,Jump,pressed
453.062,jump_executed,608.152709960938,-1338.03723144531,0.0,-500.0,jump,x_608.152709960938_y_-1338.03723144531
453.082,move_left_pressed,608.152709960938,-1346.3916015625,-15.0,-479.222198486328,Move_Left,pressed
453.195,move_right_pressed,601.152709960938,-1395.11291503906,-21.6666660308838,-335.333251953125,Move_Right,pressed
453.495,jump_peak_reached,600.791625976562,-1444.88598632812,0.0,39.8149261474609,jump_peak,x_600.791625976562_y_-1444.88598632812
453.695,jump_input_released,603.291625976562,-1396.18225097656,0.0,484.259429931641,Jump,released
453.795,platform_landed,603.291625976562,-1338.00256347656,0.0,0.0,land_on_platform,platform_scene-1/Tile Map/33_-74_layer_Tile Map_tile_33_-74_source_1_atlas_13_6
453.795,landed,603.291625976562,-1338.00256347656,0.0,0.0,land,surface_wood_impact_1.41296337890625
454.062,jump_input_pressed,603.291625976562,-1338.00256347656,0.0,0.0,Jump,pressed
454.062,jump_executed,603.291625976562,-1338.00256347656,0.0,-500.0,jump,x_603.291625976562_y_-1338.00256347656
454.195,move_right_pressed,603.291625976562,-1395.11364746094,15.0,-335.333251953125,Move_Right,pressed
454.381,move_left_pressed,611.315673828125,-1438.19799804688,0.0,-114.722114562988,Move_Left,pressed
454.495,jump_peak_reached,611.315673828125,-1444.83679199219,-15.0,39.8149261474609,jump_peak,x_611.315673828125_y_-1444.83679199219
454.581,jump_input_released,611.065673828125,-1435.34606933594,0.0,225.000106811523,Jump,released
454.595,platform_landed,611.065673828125,-1427.80883789062,0.0,0.0,land_on_platform,platform_scene-1/Tile Map/34_-79_layer_Tile Map_tile_34_-79_source_1_atlas_14_6
454.595,landed,611.065673828125,-1427.80883789062,0.0,0.0,land,surface_wood_impact_0.52407427978516
455.019,jump_input_pressed,611.065673828125,-1427.80883789062,0.0,0.0,Jump,pressed
455.019,jump_executed,611.065673828125,-1427.80883789062,0.0,-500.0,jump,x_611.065673828125_y_-1427.80883789062
455.212,jump_input_released,609.109130859375,-1491.98791503906,0.0,-28.4326572418213,Jump,released
455.253,jump_peak_reached,608.849182128906,-1492.20056152344,0.0,50.2710456848145,jump_peak,x_608.849182128906_y_-1492.20056152344
455.603,platform_landed,605.476257324219,-1337.99426269531,0.0,0.0,land_on_platform,platform_scene-1/Tile Map/33_-74_layer_Tile Map_tile_33_-74_source_1_atlas_13_6
455.603,landed,605.476257324219,-1337.99426269531,0.0,0.0,land,surface_wood_impact_1.65609790039063
455.679,move_right_pressed,605.476257324219,-1337.99426269531,33.3333320617676,0.0,Move_Right,pressed
456.087,jump_input_pressed,611.865112304688,-1337.99426269531,0.0,0.0,Jump,pressed
456.087,jump_executed,611.865112304688,-1337.99426269531,0.0,-500.0,jump,x_611.865112304688_y_-1337.99426269531
456.137,jump_input_released,611.865112304688,-1362.01538085938,0.0,-437.833282470703,Jump,released
456.154,move_left_pressed,611.865112304688,-1363.68200683594,-15.0,-79.1666641235352,Move_Left,pressed
456.245,jump_peak_reached,608.115112304688,-1366.80700683594,-90.0,41.2037048339844,jump_peak,x_608.115112304688_y_-1366.80700683594
456.387,platform_landed,604.504028320312,-1338.01416015625,0.0,0.0,land_on_platform,platform_scene-1/Tile Map/33_-74_layer_Tile Map_tile_33_-74_source_1_atlas_13_6
456.387,landed,604.504028320312,-1338.01416015625,0.0,0.0,land,surface_wood_impact_0.74907415771484
456.613,move_left_pressed,604.504028320312,-1338.01416015625,-33.3333320617676,0.0,Move_Left,pressed
456.687,jump_input_pressed,598.115173339844,-1338.01416015625,0.0,0.0,Jump,pressed
456.687,jump_executed,598.115173339844,-1338.01416015625,0.0,-500.0,jump,x_598.115173339844_y_-1338.01416015625
456.754,move_right_pressed,598.115173339844,-1369.33374023438,15.0,-417.22216796875,Move_Right,pressed
457.119,jump_peak_reached,627.346008300781,-1444.8935546875,180.0,39.8149261474609,jump_peak,x_627.346008300781_y_-1444.8935546875
457.169,jump_input_released,634.957092285156,-1441.05090332031,13.3333311080933,150.926040649414,Jump,released
457.22,platform_landed,635.179321289062,-1428.04467773438,0.0,0.0,land_on_platform,platform_scene-1/Tile Map/35_-79_layer_Tile Map_tile_35_-79_source_1_atlas_14_6
457.22,landed,635.179321289062,-1428.04467773438,0.0,0.0,land,surface_wood_impact_0.52407427978516
457.486,move_left_pressed,635.179321289062,-1428.04467773438,-33.3333320617676,0.0,Move_Left,pressed
457.647,jump_input_pressed,615.443969726562,-1428.97998046875,-180.0,0.0,Jump,pressed
457.647,jump_executed,615.443969726562,-1428.97998046875,-180.0,-500.0,jump,x_615.443969726562_y_-1428.97998046875
457.68,move_right_pressed,609.426025390625,-1445.35290527344,-96.6666641235352,-458.499969482422,Move_Right,pressed
458.078,jump_peak_reached,624.092712402344,-1535.8583984375,180.0,39.8149261474609,jump_peak,x_624.092712402344_y_-1535.8583984375
458.145,jump_input_released,636.092712402344,-1529.50036621094,180.0,187.963073730469,Jump,released
458.179,platform_landed,643.706359863281,-1519.04296875,96.6666641235352,0.0,land_on_platform,platform_scene-1/Tile Map/35_-84_layer_Tile Map_tile_35_-84_source_1_atlas_14_6
458.179,landed,643.706359863281,-1519.04296875,96.6666641235352,0.0,land,surface_wood_impact_0.52407427978516
458.52,move_left_pressed,643.928588867188,-1519.04296875,-33.3333320617676,0.0,Move_Left,pressed
458.78,jump_input_pressed,606.100830078125,-1517.77319335938,-180.0,74.0740737915039,Jump,pressed
458.812,move_right_pressed,600.100830078125,-1514.68676757812,-96.6666641235352,148.148147583008,Move_Right,pressed
459.144,jump_input_released,600.767517089844,-1348.02014160156,75.0,888.889038085938,Jump,released
459.145,platform_landed,602.024230957031,-1338.05810546875,75.0,0.0,land_on_platform,platform_scene-1/Tile Map/33_-74_layer_Tile Map_tile_33_-74_source_1_atlas_13_6
459.145,landed,602.024230957031,-1338.05810546875,75.0,0.0,land,surface_wood_impact_1.77777807617188
459.613,move_right_pressed,604.246459960938,-1338.05810546875,33.3333320617676,0.0,Move_Right,pressed
459.67,jump_input_pressed,609.802001953125,-1338.05810546875,166.666656494141,0.0,Jump,pressed
459.67,jump_executed,609.802001953125,-1338.05810546875,166.666656494141,-500.0,jump,x_609.802001953125_y_-1338.05810546875
459.687,jump_peak_reached,612.579833984375,-1346.39245605469,180.0,-479.222198486328,jump_peak,x_612.579833984375_y_-1346.39245605469
459.721,move_left_pressed,618.579833984375,-1362.02575683594,96.6666641235352,-437.833282470703,Move_Left,pressed
460.02,jump_input_released,620.435424804688,-1354.00817871094,0.0,465.226257324219,Jump,released
460.045,platform_landed,620.435424804688,-1338.00183105469,0.0,0.0,land_on_platform,platform_scene-1/Tile Map/34_-74_layer_Tile Map_tile_34_-74_source_1_atlas_13_6
460.045,landed,620.435424804688,-1338.00183105469,0.0,0.0,land,surface_wood_impact_1.00452661132813
460.146,move_left_pressed,620.435424804688,-1338.00183105469,-33.3333320617676,0.0,Move_Left,pressed
460.338,move_right_pressed,591.102233886719,-1338.04956054688,-96.6666641235352,0.0,Move_Right,pressed
460.338,jump_input_pressed,591.102233886719,-1338.04956054688,-96.6666641235352,0.0,Jump,pressed
460.338,jump_executed,591.102233886719,-1338.04956054688,-96.6666641235352,-500.0,jump,x_591.102233886719_y_-1338.04956054688
460.779,jump_peak_reached,642.1005859375,-1444.88635253906,180.0,39.8149261474609,jump_peak,x_642.1005859375_y_-1444.88635253906
460.836,jump_input_released,649.933898925781,-1438.5283203125,0.0,187.963073730469,Jump,released
460.883,platform_landed,649.933898925781,-1428.3701171875,0.0,0.0,land_on_platform,platform_scene-1/Tile Map/35_-79_layer_Tile Map_tile_35_-79_source_1_atlas_14_6
460.883,landed,649.933898925781,-1428.3701171875,0.0,0.0,land,surface_wood_impact_0.52407427978516
461.395,move_left_pressed,649.933898925781,-1428.3701171875,-33.3333320617676,0.0,Move_Left,pressed
462.228,move_left_pressed,622.341979980469,-1428.85412597656,-33.3333320617676,0.0,Move_Left,pressed
462.296,jump_input_pressed,616.803100585938,-1429.04858398438,-166.666656494141,0.0,Jump,pressed
462.296,jump_executed,616.803100585938,-1429.04858398438,-166.666656494141,-500.0,jump,x_616.803100585938_y_-1429.04858398438
462.312,move_right_pressed,614.025329589844,-1437.3828125,-83.3333206176758,-479.222198486328,Move_Right,pressed
462.478,jump_peak_reached,611.468383789062,-1489.75073242188,0.0,39.8646697998047,jump_peak,x_611.468383789062_y_-1489.75073242188
462.695,platform_landed,611.468383789062,-1428.07763671875,0.0,0.0,land_on_platform,platform_scene-1/Tile Map/34_-79_layer_Tile Map_tile_34_-79_source_1_atlas_14_6
462.695,landed,611.468383789062,-1428.07763671875,0.0,0.0,land,surface_wood_impact_1.0426923828125
462.729,jump_input_released,611.876770019531,-1428.3564453125,66.6666641235352,0.0,Jump,released
463.028,move_right_pressed,614.734008789062,-1428.96557617188,33.3333320617676,0.0,Move_Right,pressed
463.395,move_left_pressed,636.92041015625,-1428.11181640625,-33.3333320617676,0.0,Move_Left,pressed
463.561,jump_input_pressed,614.032409667969,-1428.97778320312,-180.0,0.0,Jump,pressed
463.562,jump_executed,614.032409667969,-1428.97778320312,-180.0,-500.0,jump,x_614.032409667969_y_-1428.97778320312
463.615,move_right_pressed,605.029968261719,-1452.9521484375,-96.6666641235352,-437.833282470703,Move_Right,pressed
463.995,jump_peak_reached,603.196655273438,-1535.81323242188,15.0,39.8149261474609,jump_peak,x_603.196655273438_y_-1535.81323242188
464.028,jump_input_released,603.446655273438,-1533.86877441406,0.0,113.889007568359,Jump,released
464.395,platform_landed,603.446655273438,-1338.02893066406,0.0,0.0,land_on_platform,platform_scene-1/Tile Map/33_-74_layer_Tile Map_tile_33_-74_source_1_atlas_13_6
464.395,landed,603.446655273438,-1338.02893066406,0.0,0.0,land,surface_wood_impact_1.85740795898438
464.962,jump_input_pressed,603.446655273438,-1338.02893066406,0.0,0.0,Jump,pressed
464.962,jump_executed,603.446655273438,-1338.02893066406,0.0,-500.0,jump,x_603.446655273438_y_-1338.02893066406
464.98,jump_peak_reached,603.446655273438,-1346.39562988281,0.0,-479.222198486328,jump_peak,x_603.446655273438_y_-1346.39562988281
465.214,move_right_pressed,603.446655273438,-1427.23266601562,15.0,-194.166549682617,Move_Right,pressed
465.281,move_left_pressed,605.946655273438,-1438.25122070312,0.0,-114.722114562988,Move_Left,pressed
465.514,jump_input_released,606.696655273438,-1427.28198242188,0.0,299.074188232422,Jump,released
465.695,platform_landed,606.696655273438,-1338.00659179688,0.0,0.0,land_on_platform,platform_scene-1/Tile Map/33_-74_layer_Tile Map_tile_33_-74_source_1_atlas_13_6
465.695,landed,606.696655273438,-1338.00659179688,0.0,0.0,land,surface_wood_impact_1.41296337890625
465.928,jump_input_pressed,606.696655273438,-1338.00659179688,0.0,0.0,Jump,pressed
465.928,jump_executed,606.696655273438,-1338.00659179688,0.0,-500.0,jump,x_606.696655273438_y_-1338.00659179688
466.08,move_right_pressed,606.696655273438,-1400.70776367188,15.0,-314.999908447266,Move_Right,pressed
466.361,jump_peak_reached,625.707092285156,-1444.8828125,0.0,39.8149261474609,jump_peak,x_625.707092285156_y_-1444.8828125
466.396,jump_input_released,625.707092285156,-1442.93835449219,0.0,113.889007568359,Jump,released
466.462,platform_landed,625.707092285156,-1428.0595703125,0.0,0.0,land_on_platform,platform_scene-1/Tile Map/34_-79_layer_Tile Map_tile_34_-79_source_1_atlas_14_6
466.462,landed,625.707092285156,-1428.0595703125,0.0,0.0,land,surface_wood_impact_0.52407427978516
466.696,move_left_pressed,625.707092285156,-1428.0595703125,-33.3333320617676,0.0,Move_Left,pressed
466.762,jump_input_pressed,620.547058105469,-1428.99682617188,-166.666656494141,0.0,Jump,pressed
466.762,jump_executed,620.547058105469,-1428.99682617188,-166.666656494141,-500.0,jump,x_620.547058105469_y_-1428.99682617188
466.849,move_right_pressed,605.7529296875,-1467.27270507812,-96.6666641235352,-396.666595458984,Move_Right,pressed
467.195,jump_peak_reached,603.919616699219,-1535.87451171875,0.0,39.8149261474609,jump_peak,x_603.919616699219_y_-1535.87451171875
467.462,jump_input_released,609.559265136719,-1451.19787597656,0.0,632.407592773438,Jump,released
467.595,platform_landed,605.198547363281,-1337.99084472656,0.0,0.0,land_on_platform,platform_scene-1/Tile Map/33_-74_layer_Tile Map_tile_33_-74_source_1_atlas_13_6
467.595,landed,605.198547363281,-1337.99084472656,0.0,0.0,land,surface_wood_impact_1.85740795898438
468.179,jump_input_pressed,605.198547363281,-1337.99084472656,0.0,0.0,Jump,pressed
468.179,jump_executed,605.198547363281,-1337.99084472656,0.0,-500.0,jump,x_605.198547363281_y_-1337.99084472656
468.187,jump_peak_reached,605.198547363281,-1346.38879394531,0.0,-479.222198486328,jump_peak,x_605.198547363281_y_-1346.38879394531
468.428,move_right_pressed,605.198547363281,-1430.47680664062,15.0,-174.222106933594,Move_Right,pressed
468.695,platform_landed,635.525268554688,-1428.09826660156,13.3333311080933,0.0,land_on_platform,platform_scene-1/Tile Map/35_-79_layer_Tile Map_tile_35_-79_source_1_atlas_14_6
468.695,landed,635.525268554688,-1428.09826660156,13.3333311080933,0.0,land,surface_wood_impact_0.52407427978516
468.729,jump_input_released,635.525268554688,-1428.09826660156,0.0,0.0,Jump,released
468.916,move_left_pressed,635.525268554688,-1428.09826660156,-33.3333320617676,0.0,Move_Left,pressed
469.079,jump_input_pressed,612.827697753906,-1428.64916992188,-180.0,0.0,Jump,pressed
469.079,jump_executed,612.827697753906,-1428.64916992188,-180.0,-500.0,jump,x_612.827697753906_y_-1428.64916992188
469.113,move_right_pressed,606.803649902344,-1445.03918457031,-96.6666641235352,-458.499969482422,Move_Right,pressed
469.513,jump_peak_reached,611.970336914062,-1535.54467773438,120.0,39.8149261474609,jump_peak,x_611.970336914062_y_-1535.54467773438
469.614,platform_landed,630.470153808594,-1518.06848144531,180.0,0.0,land_on_platform,platform_scene-1/Tile Map/34_-84_layer_Tile Map_tile_34_-84_source_1_atlas_14_6
469.614,landed,630.470153808594,-1518.06848144531,180.0,0.0,land,surface_wood_impact_0.52407427978516
469.795,jump_input_released,658.644165039062,-1515.19885253906,13.3333311080933,148.148147583008,Jump,released
469.995,move_left_pressed,658.866394042969,-1444.82849121094,-15.0,592.592651367188,Move_Left,pressed
470.128,platform_landed,658.116394042969,-1337.99975585938,0.0,0.0,land_on_platform,platform_scene-1/Tile Map/36_-74_layer_Tile Map_tile_36_-74_source_1_atlas_13_6
470.128,landed,658.116394042969,-1337.99975585938,0.0,0.0,land,surface_wood_impact_1.77777807617188
470.415,move_left_pressed,658.116394042969,-1337.99975585938,-33.3333320617676,0.0,Move_Left,pressed
470.548,jump_input_pressed,640.783203125,-1338.05065917969,-180.0,0.0,Jump,pressed
470.548,jump_executed,640.783203125,-1338.05065917969,-180.0,-500.0,jump,x_640.783203125_y_-1338.05065917969
470.562,jump_peak_reached,637.779357910156,-1346.39562988281,-180.0,-479.222198486328,jump_peak,x_637.779357910156_y_-1346.39562988281
470.862,jump_input_released,583.713134765625,-1368.79858398438,-180.0,384.237182617188,Jump,released
470.929,platform_landed,575.879821777344,-1337.98864746094,0.0,0.0,land_on_platform,platform_scene-1/Tile Map/31_-74_layer_Tile Map_tile_31_-74_source_1_atlas_13_6
470.929,landed,575.879821777344,-1337.98864746094,0.0,0.0,land,surface_wood_impact_1.06477075195313
471.12,jump_input_pressed,575.879821777344,-1337.98864746094,0.0,0.0,Jump,pressed
471.12,jump_executed,575.879821777344,-1337.98864746094,0.0,-500.0,jump,x_575.879821777344_y_-1337.98864746094
471.279,move_right_pressed,575.879821777344,-1400.69982910156,15.0,-314.999908447266,Move_Right,pressed
471.312,move_left_pressed,576.629821777344,-1410.88134765625,0.0,-274.499877929688,Move_Left,pressed
471.553,jump_peak_reached,576.629821777344,-1444.87573242188,0.0,39.8149261474609,jump_peak,x_576.629821777344_y_-1444.87573242188
471.621,jump_input_released,576.629821777344,-1438.51770019531,0.0,187.963073730469,Jump,released
471.853,platform_landed,576.629821777344,-1337.99230957031,0.0,0.0,land_on_platform,platform_scene-1/Tile Map/32_-74_layer_Tile Map_tile_32_-74_source_1_atlas_13_6
471.854,landed,576.629821777344,-1337.99230957031,0.0,0.0,land,surface_wood_impact_1.41296337890625
472.154,move_left_pressed,576.629821777344,-1337.99230957031,-33.3333320617676,0.0,Move_Left,pressed
472.488,move_right_pressed,545.46044921875,-1338.04858398438,33.3333320617676,0.0,Move_Right,pressed
472.763,jump_input_pressed,586.793762207031,-1338.04858398438,180.0,0.0,Jump,pressed
472.763,jump_executed,586.793762207031,-1338.04858398438,180.0,-500.0,jump,x_586.793762207031_y_-1338.04858398438
472.92,jump_peak_reached,614.771118164062,-1398.06372070312,103.229568481445,95.9329299926758,jump_peak,x_614.771118164062_y_-1398.06372070312
472.978,jump_input_released,620.682678222656,-1391.41516113281,148.229568481445,207.044036865234,Jump,released
473.119,platform_landed,639.677551269531,-1337.99560546875,0.0,0.0,land_on_platform,platform_scene-1/Tile Map/35_-74_layer_Tile Map_tile_35_-74_source_1_atlas_13_6
473.119,landed,639.677551269531,-1337.99560546875,0.0,0.0,land,surface_wood_impact_1.0807548828125
473.286,move_right_pressed,639.677551269531,-1337.99560546875,33.3333320617676,0.0,Move_Right,pressed
473.653,move_left_pressed,679.844177246094,-1338.05627441406,-33.3333320617676,0.0,Move_Left,pressed
473.686,jump_input_pressed,678.177551269531,-1338.05627441406,-100.0,0.0,Jump,pressed
473.686,jump_executed,678.177551269531,-1338.05627441406,-100.0,-500.0,jump,x_678.177551269531_y_-1338.05627441406
474.088,jump_input_released,640.405212402344,-1444.41467285156,-165.0,-16.6665554046631,Jump,released
474.12,jump_peak_reached,636.294128417969,-1444.623046875,0.0,41.2038154602051,jump_peak,x_636.294128417969_y_-1444.623046875
474.22,platform_landed,636.294128417969,-1428.05346679688,0.0,0.0,land_on_platform,platform_scene-1/Tile Map/35_-79_layer_Tile Map_tile_35_-79_source_1_atlas_14_6
474.22,landed,636.294128417969,-1428.05346679688,0.0,0.0,land,surface_wood_impact_0.52685205078125
474.416,move_left_pressed,636.294128417969,-1428.05346679688,-33.3333320617676,0.0,Move_Left,pressed
474.554,move_right_pressed,616.519226074219,-1429.03820800781,-96.6666641235352,0.0,Move_Right,pressed
474.679,jump_input_pressed,614.686218261719,-1429.03820800781,0.0,0.0,Jump,pressed
474.679,jump_executed,614.686218261719,-1429.03820800781,0.0,-500.0,jump,x_614.686218261719_y_-1429.03820800781
474.828,jump_peak_reached,618.538452148438,-1488.537109375,94.0127716064453,57.1037712097168,jump_peak,x_618.538452148438_y_-1488.537109375
474.88,jump_input_released,623.989135742188,-1483.830078125,139.012771606445,168.214874267578,Jump,released
475.045,platform_landed,630.050903320312,-1428.01647949219,0.0,0.0,land_on_platform,platform_scene-1/Tile Map/34_-79_layer_Tile Map_tile_34_-79_source_1_atlas_14_6
475.045,landed,630.050903320312,-1428.01647949219,0.0,0.0,land,surface_wood_impact_1.07717065429688
475.224,move_left_pressed,630.050903320312,-1428.01647949219,-33.3333320617676,0.0,Move_Left,pressed
475.363,jump_input_pressed,610.311279296875,-1428.78344726562,-180.0,37.037036895752,Jump,pressed
475.363,jump_executed,610.311279296875,-1428.78344726562,-180.0,-500.0,jump,x_610.311279296875_y_-1428.78344726562
475.52,move_right_pressed,583.311279296875,-1491.43615722656,-96.6666641235352,-314.999908447266,Move_Right,pressed
475.803,jump_peak_reached,603.977966308594,-1535.61206054688,180.0,39.8149261474609,jump_peak,x_603.977966308594_y_-1535.61206054688
475.912,platform_landed,624.978454589844,-1518.06787109375,180.0,0.0,land_on_platform,platform_scene-1/Tile Map/34_-84_layer_Tile Map_tile_34_-84_source_1_atlas_14_6
475.912,landed,624.978454589844,-1518.06787109375,180.0,0.0,land,surface_wood_impact_0.52407427978516
475.979,jump_input_released,633.979064941406,-1518.06787109375,96.6666641235352,0.0,Jump,released
476.407,move_left_pressed,635.812072753906,-1518.10327148438,-33.3333320617676,0.0,Move_Left,pressed
476.521,move_right_pressed,622.138549804688,-1519.35607910156,-96.6666641235352,0.0,Move_Right,pressed
476.522,jump_input_pressed,622.138549804688,-1519.35607910156,-96.6666641235352,0.0,Jump,pressed
476.522,jump_executed,622.138549804688,-1519.35607910156,-96.6666641235352,-500.0,jump,x_622.138549804688_y_-1519.35607910156
476.687,jump_peak_reached,621.162780761719,-1578.56921386719,49.0272598266602,57.6420402526855,jump_peak,x_621.162780761719_y_-1578.56921386719
476.887,jump_input_released,645.128112792969,-1526.30004882812,13.3333311080933,502.086547851562,Jump,released
476.887,platform_landed,645.353637695312,-1519.03735351562,13.3333311080933,0.0,land_on_platform,platform_scene-1/Tile Map/35_-84_layer_Tile Map_tile_35_-84_source_1_atlas_14_6
476.887,landed,645.353637695312,-1519.03735351562,13.3333311080933,0.0,land,surface_wood_impact_1.00417309570312
477.242,move_left_pressed,645.353637695312,-1519.03735351562,-33.3333320617676,0.0,Move_Left,pressed
477.521,jump_input_pressed,601.548645019531,-1515.12963867188,-180.0,148.148147583008,Jump,pressed
477.536,move_right_pressed,598.548645019531,-1512.66052246094,-96.6666641235352,185.185180664062,Move_Right,pressed
477.854,platform_landed,609.686889648438,-1338.048828125,90.0,0.0,land_on_platform,platform_scene-1/Tile Map/33_-74_layer_Tile Map_tile_33_-74_source_1_atlas_13_6
477.854,landed,609.686889648438,-1338.048828125,90.0,0.0,land,surface_wood_impact_1.77777807617188
477.92,jump_input_released,615.575744628906,-1338.048828125,0.0,0.0,Jump,released
478.237,move_left_pressed,615.575744628906,-1338.048828125,-33.3333320617676,0.0,Move_Left,pressed
478.654,jump_input_pressed,593.409118652344,-1338.048828125,0.0,0.0,Jump,pressed
478.654,jump_executed,593.409118652344,-1338.048828125,0.0,-500.0,jump,x_593.409118652344_y_-1338.048828125
478.669,jump_peak_reached,593.409118652344,-1346.38952636719,15.0,-479.222198486328,jump_peak,x_593.409118652344_y_-1346.38952636719
478.669,move_right_pressed,593.409118652344,-1346.38952636719,15.0,-479.222198486328,Move_Right,pressed
479.149,jump_input_released,634.957092285156,-1441.04052734375,13.3333311080933,150.926040649414,Jump,released
479.198,platform_landed,635.179321289062,-1428.03430175781,0.0,0.0,land_on_platform,platform_scene-1/Tile Map/35_-79_layer_Tile Map_tile_35_-79_source_1_atlas_14_6
479.198,landed,635.179321289062,-1428.03430175781,0.0,0.0,land,surface_wood_impact_0.52407427978516
479.415,move_left_pressed,635.179321289062,-1428.03430175781,-33.3333320617676,0.0,Move_Left,pressed
479.579,jump_input_pressed,612.447143554688,-1428.51403808594,-180.0,0.0,Jump,pressed
479.579,jump_executed,612.447143554688,-1428.51403808594,-180.0,-500.0,jump,x_612.447143554688_y_-1428.51403808594
479.653,move_right_pressed,597.421936035156,-1466.81091308594,-96.6666641235352,-396.666595458984,Move_Right,pressed
480.012,jump_peak_reached,602.588623046875,-1535.41271972656,120.0,39.8149261474609,jump_peak,x_602.588623046875_y_-1535.41271972656
480.103,platform_landed,621.084899902344,-1519.05114746094,180.0,0.0,land_on_platform,platform_scene-1/Tile Map/34_-84_layer_Tile Map_tile_34_-84_source_1_atlas_14_6
480.104,landed,621.084899902344,-1519.05114746094,180.0,0.0,land,surface_wood_impact_0.52407427978516
480.253,jump_input_released,644.638427734375,-1518.97534179688,96.6666641235352,0.0,Jump,released
480.637,move_left_pressed,646.471984863281,-1519.03515625,-33.3333320617676,0.0,Move_Left,pressed
481.271,move_left_pressed,636.72265625,-1518.04296875,-33.3333320617676,0.0,Move_Left,pressed
481.413,move_right_pressed,619.8525390625,-1518.99060058594,-96.6666641235352,0.0,Move_Right,pressed
481.413,jump_input_pressed,619.8525390625,-1518.99060058594,-96.6666641235352,0.0,Jump,pressed
481.413,jump_executed,619.8525390625,-1518.99060058594,-96.6666641235352,-500.0,jump,x_619.8525390625_y_-1518.99060058594
481.57,jump_peak_reached,618.042602539062,-1578.52978515625,15.0,57.8209953308105,jump_peak,x_618.042602539062_y_-1578.52978515625
481.78,platform_landed,638.890502929688,-1518.72399902344,96.6666641235352,0.0,land_on_platform,platform_scene-1/Tile Map/35_-84_layer_Tile Map_tile_35_-84_source_1_atlas_14_6
481.78,landed,638.890502929688,-1518.72399902344,96.6666641235352,0.0,land,surface_wood_impact_1.00453100585938
481.787,jump_input_released,638.890502929688,-1518.72399902344,13.3333311080933,0.0,Jump,released
482.049,move_left_pressed,639.095581054688,-1518.78466796875,-33.3333320617676,0.0,Move_Left,pressed
482.245,move_right_pressed,610.334838867188,-1518.78771972656,-96.6666641235352,37.037036895752,Move_Right,pressed
482.245,jump_input_pressed,610.334838867188,-1518.78771972656,-96.6666641235352,37.037036895752,Jump,pressed
482.512,platform_landed,619.355529785156,-1429.04638671875,136.353271484375,0.0,land_on_platform,platform_scene-1/Tile Map/34_-79_layer_Tile Map_tile_34_-79_source_1_atlas_14_6
482.512,landed,619.355529785156,-1429.04638671875,136.353271484375,0.0,land,surface_wood_impact_1.25925939941406
482.645,jump_input_released,638.513061523438,-1428.65502929688,13.3333311080933,0.0,Jump,released
482.949,move_left_pressed,638.735290527344,-1428.65502929688,-33.3333320617676,0.0,Move_Left,pressed
483.138,move_right_pressed,610.004272460938,-1428.705078125,-96.6666641235352,37.037036895752,Move_Right,pressed
483.138,jump_input_pressed,610.004272460938,-1428.705078125,-96.6666641235352,37.037036895752,Jump,pressed
483.138,jump_executed,610.004272460938,-1428.705078125,-96.6666641235352,-500.0,jump,x_610.004272460938_y_-1428.705078125
483.32,jump_peak_reached,610.975524902344,-1489.91418457031,17.1645946502686,49.4106750488281,jump_peak,x_610.975524902344_y_-1489.91418457031
483.546,platform_landed,636.825561523438,-1428.10888671875,180.0,0.0,land_on_platform,platform_scene-1/Tile Map/35_-79_layer_Tile Map_tile_35_-79_source_1_atlas_14_6
483.547,landed,636.825561523438,-1428.10888671875,180.0,0.0,land,surface_wood_impact_1.06178442382813
483.604,jump_input_released,645.317687988281,-1428.98486328125,96.6666641235352,0.0,Jump,released
483.79,move_left_pressed,647.150756835938,-1429.03967285156,-33.3333320617676,0.0,Move_Left,pressed
484.012,move_right_pressed,615.381286621094,-1429.03796386719,-96.6666641235352,0.0,Move_Right,pressed
484.053,jump_input_pressed,613.536560058594,-1428.87585449219,0.0,0.0,Jump,pressed
484.053,jump_executed,613.536560058594,-1428.87585449219,0.0,-500.0,jump,x_613.536560058594_y_-1428.87585449219
484.22,jump_peak_reached,613.014953613281,-1489.00744628906,15.0,43.2470779418945,jump_peak,x_613.014953613281_y_-1489.00744628906
484.437,platform_landed,637.085632324219,-1428.11108398438,96.6666641235352,0.0,land_on_platform,platform_scene-1/Tile Map/35_-79_layer_Tile Map_tile_35_-79_source_1_atlas_14_6
484.437,landed,637.085632324219,-1428.11108398438,96.6666641235352,0.0,land,surface_wood_impact_1.04945727539063
484.454,jump_input_released,637.085632324219,-1428.11108398438,13.3333311080933,0.0,Jump,released
484.65,move_left_pressed,637.307800292969,-1428.12072753906,-33.3333320617676,0.0,Move_Left,pressed
484.82,jump_input_pressed,611.465515136719,-1428.05480957031,-180.0,0.0,Jump,pressed
484.82,jump_executed,611.465515136719,-1428.05480957031,-180.0,-500.0,jump,x_611.465515136719_y_-1428.05480957031
484.846,move_right_pressed,608.440979003906,-1436.45727539062,-96.6666641235352,-479.222198486328,Move_Right,pressed
485.253,jump_peak_reached,627.339782714844,-1533.42651367188,180.0,39.8149261474609,jump_peak,x_627.339782714844_y_-1533.42651367188
485.345,jump_input_released,642.339782714844,-1523.93579101562,96.6666641235352,225.000106811523,Jump,released
485.357,platform_landed,644.18408203125,-1519.04077148438,13.3333311080933,0.0,land_on_platform,platform_scene-1/Tile Map/35_-84_layer_Tile Map_tile_35_-84_source_1_atlas_14_6
485.357,landed,644.18408203125,-1519.04077148438,13.3333311080933,0.0,land,surface_wood_impact_0.52407427978516
485.483,move_left_pressed,644.18408203125,-1519.04077148438,-33.3333320617676,0.0,Move_Left,pressed
485.948,move_left_pressed,631.0078125,-1518.07165527344,-33.3333320617676,0.0,Move_Left,pressed
486.096,move_right_pressed,611.121032714844,-1518.97595214844,-96.6666641235352,37.037036895752,Move_Right,pressed
486.096,jump_input_pressed,611.121032714844,-1518.97595214844,-96.6666641235352,37.037036895752,Jump,pressed
486.096,jump_executed,611.121032714844,-1518.97595214844,-96.6666641235352,-500.0,jump,x_611.121032714844_y_-1518.97595214844
486.262,jump_peak_reached,612.203125,-1579.34912109375,15.0,40.8506851196289,jump_peak,x_612.203125_y_-1579.34912109375
486.485,platform_landed,637.63623046875,-1518.11486816406,180.0,0.0,land_on_platform,platform_scene-1/Tile Map/35_-84_layer_Tile Map_tile_35_-84_source_1_atlas_14_6
486.485,landed,637.63623046875,-1518.11486816406,180.0,0.0,land,surface_wood_impact_1.04466442871094
486.514,jump_input_released,639.979736328125,-1519.39501953125,96.6666641235352,0.0,Jump,released
486.75,move_left_pressed,641.813293457031,-1519.04870605469,-33.3333320617676,0.0,Move_Left,pressed
486.946,move_right_pressed,613.101501464844,-1518.72814941406,-96.6666641235352,0.0,Move_Right,pressed
486.946,jump_input_pressed,613.101501464844,-1518.72814941406,-96.6666641235352,0.0,Jump,pressed
486.946,jump_executed,613.101501464844,-1518.72814941406,-96.6666641235352,-500.0,jump,x_613.101501464844_y_-1518.72814941406
487.187,jump_peak_reached,608.629699707031,-1582.74865722656,0.0,42.7283897399902,jump_peak,x_608.629699707031_y_-1582.74865722656
487.379,jump_input_released,619.879699707031,-1540.96447753906,51.6666679382324,450.135864257812,Jump,released
487.403,platform_landed,620.740783691406,-1518.99475097656,0.0,0.0,land_on_platform,platform_scene-1/Tile Map/34_-84_layer_Tile Map_tile_34_-84_source_1_atlas_14_6
487.403,landed,620.740783691406,-1518.99475097656,0.0,0.0,land,surface_wood_impact_1.048419921875
487.816,move_right_pressed,620.740783691406,-1518.99475097656,33.3333320617676,0.0,Move_Right,pressed
488.213,move_left_pressed,642.346130371094,-1519.04711914062,-33.3333320617676,0.0,Move_Left,pressed
488.37,jump_input_pressed,619.551574707031,-1518.98376464844,-180.0,0.0,Jump,pressed
488.37,jump_executed,619.551574707031,-1518.98376464844,-180.0,-500.0,jump,x_619.551574707031_y_-1518.98376464844
488.387,move_right_pressed,616.531494140625,-1527.37390136719,-96.6666641235352,-479.222198486328,Move_Right,pressed
488.536,jump_peak_reached,614.576843261719,-1578.5146484375,0.0,57.2557182312012,jump_peak,x_614.576843261719_y_-1578.5146484375
488.738,platform_landed,614.808044433594,-1519.03930664062,15.0,0.0,land_on_platform,platform_scene-1/Tile Map/34_-84_layer_Tile Map_tile_34_-84_source_1_atlas_14_6
488.738,landed,614.808044433594,-1519.03930664062,15.0,0.0,land,surface_wood_impact_1.00340045166016
488.787,jump_input_released,616.974670410156,-1519.04309082031,115.0,0.0,Jump,released
488.98,move_right_pressed,619.419128417969,-1519.04309082031,33.3333320617676,0.0,Move_Right,pressed
489.378,move_left_pressed,647.096496582031,-1519.03894042969,-33.3333320617676,0.0,Move_Left,pressed
489.62,move_right_pressed,609.319152832031,-1518.47839355469,-96.6666641235352,37.037036895752,Move_Right,pressed
489.646,jump_input_pressed,607.708068847656,-1517.86108398438,-13.3333311080933,74.0740737915039,Jump,pressed
489.646,jump_executed,607.708068847656,-1517.86108398438,-13.3333311080933,-500.0,jump,x_607.708068847656_y_-1517.86108398438
490.07,jump_peak_reached,627.346008300781,-1624.68798828125,180.0,39.8149261474609,jump_peak,x_627.346008300781_y_-1624.68798828125
490.145,jump_input_released,639.346008300781,-1618.32995605469,96.6666641235352,187.963073730469,Jump,released
490.169,platform_landed,641.179321289062,-1608.99072265625,0.0,0.0,land_on_platform,platform_scene-1/Tile Map/35_-89_layer_Tile Map_tile_35_-89_source_1_atlas_14_6
490.169,landed,641.179321289062,-1608.99072265625,0.0,0.0,land,surface_wood_impact_0.52407427978516
490.79,move_left_pressed,641.179321289062,-1608.99072265625,-33.3333320617676,0.0,Move_Left,pressed
490.971,move_right_pressed,615.405517578125,-1609.03625488281,-96.6666641235352,0.0,Move_Right,pressed
491.012,jump_input_pressed,613.56103515625,-1608.88000488281,0.0,0.0,Jump,pressed
491.012,jump_executed,613.56103515625,-1608.88000488281,0.0,-500.0,jump,x_613.56103515625_y_-1608.88000488281
491.17,jump_peak_reached,613.044799804688,-1668.99035644531,0.0,43.6969375610352,jump_peak,x_613.044799804688_y_-1668.99035644531
491.395,platform_landed,629.589416503906,-1608.07373046875,165.0,0.0,land_on_platform,platform_scene-1/Tile Map/34_-89_layer_Tile Map_tile_34_-89_source_1_atlas_14_6
491.395,landed,629.589416503906,-1608.07373046875,165.0,0.0,land,surface_wood_impact_1.05035693359375
491.447,jump_input_released,635.58935546875,-1608.08337402344,96.6666641235352,0.0,Jump,released
491.699,move_right_pressed,637.42236328125,-1608.11633300781,33.3333320617676,0.0,Move_Right,pressed
492.062,move_left_pressed,646.761840820312,-1609.03820800781,-33.3333320617676,0.0,Move_Left,pressed
492.278,move_right_pressed,614.957275390625,-1609.04040527344,-96.6666641235352,0.0,Move_Right,pressed
492.295,jump_input_pressed,613.34619140625,-1608.78649902344,-13.3333311080933,0.0,Jump,pressed
492.295,jump_executed,613.34619140625,-1608.78649902344,-13.3333311080933,-500.0,jump,x_613.34619140625_y_-1608.78649902344
492.479,jump_peak_reached,612.4423828125,-1669.03662109375,0.0,54.0231781005859,jump_peak,x_612.4423828125_y_-1669.03662109375
492.695,platform_landed,628.940795898438,-1608.07861328125,150.0,0.0,land_on_platform,platform_scene-1/Tile Map/34_-89_layer_Tile Map_tile_34_-89_source_1_atlas_14_6
492.695,landed,628.940795898438,-1608.07861328125,150.0,0.0,land,surface_wood_impact_1.07100939941406
492.748,jump_input_released,634.940856933594,-1608.07861328125,96.6666641235352,0.0,Jump,released
492.878,move_right_pressed,636.773864746094,-1608.11120605469,33.3333320617676,0.0,Move_Right,pressed
493.549,move_left_pressed,649.570373535156,-1608.51110839844,-33.3333320617676,0.0,Move_Left,pressed
493.796,move_right_pressed,611.883361816406,-1608.27258300781,-96.6666641235352,0.0,Move_Right,pressed
493.828,jump_input_pressed,610.017761230469,-1607.6552734375,0.0,74.0740737915039,Jump,pressed
493.828,jump_executed,610.017761230469,-1607.6552734375,0.0,-500.0,jump,x_610.017761230469_y_-1607.6552734375
493.995,jump_peak_reached,616.943542480469,-1668.20520019531,115.372924804688,75.246223449707,jump_peak,x_616.943542480469_y_-1668.20520019531
494.195,platform_landed,654.1767578125,-1604.87548828125,180.0,0.0,land_on_platform,platform_scene-1/Tile Map/35_-89_layer_Tile Map_tile_35_-89_source_1_atlas_14_6
494.196,landed,654.1767578125,-1604.87548828125,180.0,0.0,land,surface_wood_impact_1.03938146972656
494.246,jump_input_released,660.1767578125,-1604.25817871094,180.0,74.0740737915039,Jump,released
494.366,move_left_pressed,665.010070800781,-1582.65319824219,-15.0,333.333343505859,Move_Left,pressed
494.613,platform_landed,651.396667480469,-1427.50244140625,0.0,0.0,land_on_platform,platform_scene-1/Tile Map/35_-79_layer_Tile Map_tile_35_-79_source_1_atlas_14_6
494.613,landed,651.396667480469,-1427.50244140625,0.0,0.0,land,surface_wood_impact_1.77777807617188
495.695,move_left_pressed,651.396667480469,-1427.50244140625,-33.3333320617676,0.0,Move_Left,pressed
496.015,move_right_pressed,602.4248046875,-1426.20251464844,-96.6666641235352,111.111114501953,Move_Right,pressed
496.028,jump_input_pressed,600.813720703125,-1424.35070800781,-13.3333311080933,148.148147583008,Jump,pressed
496.246,platform_landed,617.097412109375,-1338.06188964844,165.0,0.0,land_on_platform,platform_scene-1/Tile Map/34_-74_layer_Tile Map_tile_34_-74_source_1_atlas_13_6
496.246,landed,617.097412109375,-1338.06188964844,165.0,0.0,land,surface_wood_impact_1.25925939941406
496.263,jump_input_released,617.097412109375,-1338.06188964844,180.0,0.0,Jump,released
496.496,move_left_pressed,624.930725097656,-1338.06188964844,-33.3333320617676,0.0,Move_Left,pressed
496.812,move_right_pressed,584.76416015625,-1338.05078125,33.3333320617676,0.0,Move_Right,pressed
496.828,jump_input_pressed,585.319702148438,-1338.05078125,66.6666641235352,0.0,Jump,pressed
496.828,jump_executed,585.319702148438,-1338.05078125,66.6666641235352,-500.0,jump,x_585.319702148438_y_-1338.05078125
497.229,jump_input_released,621.596008300781,-1444.63671875,66.6666641235352,-16.6665554046631,Jump,released
497.261,jump_peak_reached,622.707092285156,-1444.84509277344,0.0,41.2038154602051,jump_peak,x_622.707092285156_y_-1444.84509277344
497.361,platform_landed,622.707092285156,-1428.77282714844,0.0,0.0,land_on_platform,platform_scene-1/Tile Map/34_-79_layer_Tile Map_tile_34_-79_source_1_atlas_14_6
497.361,landed,622.707092285156,-1428.77282714844,0.0,0.0,land,surface_wood_impact_0.52685205078125
497.565,move_left_pressed,622.707092285156,-1428.77282714844,-33.3333320617676,0.0,Move_Left,pressed
497.647,move_right_pressed,614.410217285156,-1428.95153808594,-83.3333206176758,0.0,Move_Right,pressed
497.647,jump_input_pressed,614.410217285156,-1428.95153808594,-83.3333206176758,0.0,Jump,pressed
497.647,jump_executed,614.410217285156,-1428.95153808594,-83.3333206176758,-500.0,jump,x_614.410217285156_y_-1428.95153808594
497.812,jump_peak_reached,614.488464355469,-1488.26452636719,33.9047164916992,74.5512161254883,jump_peak,x_614.488464355469_y_-1488.26452636719
497.995,jump_input_released,634.389099121094,-1440.64611816406,180.0,481.958679199219,Jump,released
498.016,platform_landed,637.260925292969,-1428.04711914062,96.6666641235352,0.0,land_on_platform,platform_scene-1/Tile Map/35_-79_layer_Tile Map_tile_35_-79_source_1_atlas_14_6
498.016,landed,637.260925292969,-1428.04711914062,96.6666641235352,0.0,land,surface_wood_impact_1.03799145507813
498.249,move_left_pressed,637.474609375,-1428.11694335938,-33.3333320617676,0.0,Move_Left,pressed
498.396,move_right_pressed,617.651062011719,-1428.97570800781,-96.6666641235352,0.0,Move_Right,pressed
498.428,jump_input_pressed,615.817504882812,-1429.03601074219,0.0,0.0,Jump,pressed
498.428,jump_executed,615.817504882812,-1429.03601074219,0.0,-500.0,jump,x_615.817504882812_y_-1429.03601074219
498.595,jump_peak_reached,622.919799804688,-1488.59167480469,124.046821594238,56.7332878112793,jump_peak,x_622.919799804688_y_-1488.59167480469
498.779,jump_input_released,653.689575195312,-1444.23986816406,180.0,464.140747070312,Jump,released
498.947,move_left_pressed,658.522888183594,-1339.10534667969,-15.0,834.51123046875,Move_Left,pressed
498.948,platform_landed,658.291870117188,-1338.0576171875,-15.0,0.0,land_on_platform,platform_scene-1/Tile Map/36_-74_layer_Tile Map_tile_36_-74_source_1_atlas_13_6
498.948,landed,658.291870117188,-1338.0576171875,-15.0,0.0,land,surface_wood_impact_1.6690224609375
499.314,move_right_pressed,640.902587890625,-1338.0576171875,33.3333320617676,0.0,Move_Right,pressed
499.596,jump_input_pressed,678.069213867188,-1338.0576171875,0.0,0.0,Jump,pressed
499.596,jump_executed,678.069213867188,-1338.0576171875,0.0,-500.0,jump,x_678.069213867188_y_-1338.0576171875
499.781,move_left_pressed,678.069213867188,-1410.896484375,-15.0,-274.499877929688,Move_Left,pressed
500.028,jump_peak_reached,649.569213867188,-1444.89086914062,-180.0,39.8149261474609,jump_peak,x_649.569213867188_y_-1444.89086914062
500.112,jump_input_released,634.569213867188,-1435.40014648438,-96.6666641235352,225.000106811523,Jump,released
500.129,platform_landed,632.729858398438,-1428.07666015625,-13.3333311080933,0.0,land_on_platform,platform_scene-1/Tile Map/35_-79_layer_Tile Map_tile_35_-79_source_1_atlas_14_6
500.129,landed,632.729858398438,-1428.07666015625,-13.3333311080933,0.0,land,surface_wood_impact_0.52407427978516
500.328,move_right_pressed,632.729858398438,-1428.07666015625,33.3333320617676,0.0,Move_Right,pressed
500.463,jump_input_pressed,649.5205078125,-1428.52648925781,180.0,0.0,Jump,pressed
500.463,jump_executed,649.5205078125,-1428.52648925781,180.0,-500.0,jump,x_649.5205078125_y_-1428.52648925781
500.587,move_left_pressed,670.545654296875,-1479.71569824219,96.6666641235352,-355.722137451172,Move_Left,pressed
500.619,time_limit_reached,672.15673828125,-1491.2490234375,-15.0,-315.555450439453,time_limit,three_minutes
500.619,scene_transition,672.15673828125,-1491.2490234375,-15.0,-315.555450439453,switch,from_res://Scenes/Main/scene-1.tscn_to_res://Scenes/Main/menu.tscn
500.619,session_end,672.15673828125,-1491.2490234375,-15.0,-315.555450439453,,
