timestamp_seconds,event,x,y,velocity_x,velocity_y,action,info
771.549,session_start,392.0,624.0,0.0,0.0,,
771.593,jump_peak_reached,392.0,624.0,0.0,37.037036895752,jump_peak,x_392.0_y_624.0
771.631,platform_landed,392.0,638.988403320312,0.0,0.0,land_on_platform,platform_scene-1/Tile Map/21_36_layer_Tile Map_tile_21_36_source_1_atlas_2_0
771.631,landed,392.0,638.988403320312,0.0,0.0,land,surface_wood_impact_0.51851849365234
771.673,musicking,392.0,638.988403320312,0.0,0.0,osc_received,"value_[1, ""far-fall""]"
772.083,move_left_pressed,392.0,638.988403320312,-33.3333320617676,0.0,Move_Left,pressed
772.149,musicking,383.666687011719,638.988403320312,-166.666656494141,0.0,osc_received,"value_[1, ""chain-jumps-combo-walk""]"
772.997,move_right_pressed,233.666687011719,638.988403320312,-96.6666641235352,0.0,Move_Right,pressed
773.764,jump_input_pressed,357.388916015625,638.932373046875,180.0,0.0,Jump,pressed
773.764,jump_executed,357.388916015625,638.932373046875,180.0,-500.0,jump,x_357.388916015625_y_638.932373046875
774.031,jump_input_released,405.391235351562,546.503662109375,180.0,-174.222106933594,Jump,released
774.131,jump_peak_reached,416.224578857422,541.711975097656,0.0,41.2037048339844,jump_peak,x_416.224578857422_y_541.711975097656
774.315,platform_landed,416.224578857422,584.998229980469,0.0,0.0,land_on_platform,platform_scene-1/Tile Map/23_33_layer_Tile Map_tile_23_33_source_1_atlas_3_0
774.315,landed,416.224578857422,584.998229980469,0.0,0.0,land,surface_wood_impact_0.89722235107422
774.414,move_right_pressed,416.224578857422,584.998229980469,33.3333320617676,0.0,Move_Right,pressed
774.431,jump_input_pressed,416.780120849609,584.998229980469,66.6666641235352,0.0,Jump,pressed
774.431,jump_executed,416.780120849609,584.998229980469,66.6666641235352,-500.0,jump,x_416.780120849609_y_584.998229980469
774.598,jump_input_released,438.677490234375,517.022705078125,180.0,-294.722106933594,Jump,released
774.698,jump_peak_reached,456.677490234375,512.231018066406,180.0,41.2037048339844,jump_peak,x_456.677490234375_y_512.231018066406
774.748,move_right_pressed,461.510833740234,516.14306640625,28.3333320617676,152.314819335938,Move_Right,pressed
774.848,coin_collected,468.094207763672,540.6337890625,103.33332824707,337.500030517578,collect_coin,coin_coin_score_2
774.849,sonification,470.066436767578,546.876098632812,118.33332824707,374.537078857422,osc_received,"value_[1, ""coins-with-pitch""]"
774.865,platform_landed,470.649780273438,548.932922363281,34.9999961853027,0.0,land_on_platform,platform_scene-1/Tile Map/26_31_layer_Tile Map_tile_26_31_source_1_atlas_2_0
774.865,landed,470.649780273438,548.932922363281,34.9999961853027,0.0,land,surface_wood_impact_0.82314825439453
775.048,move_right_pressed,470.649780273438,548.932922363281,33.3333320617676,0.0,Move_Right,pressed
775.114,jump_input_pressed,476.205322265625,548.932922363281,166.666656494141,0.0,Jump,pressed
775.114,jump_executed,476.205322265625,548.932922363281,166.666656494141,-500.0,jump,x_476.205322265625_y_548.932922363281
775.381,jump_input_released,523.985473632812,456.503662109375,180.0,-174.222106933594,Jump,released
775.489,jump_peak_reached,534.144409179688,451.784606933594,0.0,41.2037048339844,jump_peak,x_534.144409179688_y_451.784606933594
775.673,move_left_pressed,534.144409179688,493.289245605469,-15.0,448.611175537109,Move_Left,pressed
775.674,platform_landed,533.894409179688,494.933410644531,-15.0,0.0,land_on_platform,platform_scene-1/Tile Map/29_28_layer_Tile Map_tile_29_28_source_1_atlas_2_0
775.674,landed,533.894409179688,494.933410644531,-15.0,0.0,land,surface_wood_impact_0.89722235107422
775.689,musicking,533.0888671875,494.933410644531,-48.3333320617676,0.0,osc_received,"value_[1, ""platform_pan_nav""]"
775.956,jump_input_pressed,529.283325195312,494.933410644531,0.0,0.0,Jump,pressed
775.956,jump_executed,529.283325195312,494.933410644531,0.0,-500.0,jump,x_529.283325195312_y_494.933410644531
775.999,move_right_pressed,529.283325195312,470.957641601562,15.0,-437.833282470703,Move_Right,pressed
776.29,jump_input_released,550.425231933594,391.202117919922,180.0,-75.3332214355469,Jump,released
776.373,jump_peak_reached,558.258544921875,388.396575927734,0.0,45.0371475219727,jump_peak,x_558.258544921875_y_388.396575927734
776.523,platform_landed,558.258544921875,422.990783691406,0.0,0.0,land_on_platform,platform_scene-1/Tile Map/30_24_layer_Tile Map_tile_30_24_source_1_atlas_1_0
776.523,landed,558.258544921875,422.990783691406,0.0,0.0,land,surface_wood_impact_0.75674102783203
776.556,move_left_pressed,558.258544921875,422.990783691406,-33.3333320617676,0.0,Move_Left,pressed
776.64,jump_input_pressed,549.925231933594,422.932678222656,-180.0,0.0,Jump,pressed
776.641,jump_executed,549.925231933594,422.932678222656,-180.0,-500.0,jump,x_549.925231933594_y_422.932678222656
776.94,jump_input_released,495.9228515625,324.995452880859,-180.0,-134.499893188477,Jump,released
777.039,jump_peak_reached,477.9228515625,320.203796386719,-180.0,41.2037048339844,jump_peak,x_477.9228515625_y_320.203796386719
777.239,coin_collected,441.9228515625,369.185302734375,-180.0,448.611175537109,collect_coin,coin_coin2_score_4
777.24,sonification,438.9228515625,377.279449462891,-180.0,485.648223876953,osc_received,"value_[1, ""coins-with-pitch""]"
777.273,platform_landed,432.9228515625,386.933563232422,-180.0,0.0,land_on_platform,platform_scene-1/Tile Map/23_22_layer_Tile Map_tile_23_22_source_1_atlas_1_0
777.273,landed,432.9228515625,386.933563232422,-180.0,0.0,land,surface_wood_impact_1.11944458007812
777.29,musicking,429.9228515625,386.925262451172,-180.0,0.0,osc_received,"value_[1, ""platform_pan_nav""]"
777.373,move_right_pressed,425.089508056641,386.925262451172,33.3333320617676,0.0,Move_Right,pressed
777.389,jump_input_pressed,425.645050048828,386.925262451172,66.6666641235352,0.0,Jump,pressed
777.389,jump_executed,425.645050048828,386.925262451172,66.6666641235352,-500.0,jump,x_425.645050048828_y_386.925262451172
777.556,jump_input_released,447.534118652344,319.012145996094,180.0,-294.722106933594,Jump,released
777.656,jump_peak_reached,465.534118652344,314.220489501953,180.0,41.2037048339844,jump_peak,x_465.534118652344_y_314.220489501953
777.856,platform_landed,476.367462158203,368.988037109375,0.0,0.0,land_on_platform,platform_scene-1/Tile Map/26_21_layer_Tile Map_tile_26_21_source_1_atlas_1_0
777.856,landed,476.367462158203,368.988037109375,0.0,0.0,land,surface_wood_impact_0.97129644775391
777.873,move_right_pressed,476.367462158203,368.988037109375,33.3333320617676,0.0,Move_Right,pressed
778.105,jump_input_pressed,511.700775146484,368.932312011719,180.0,0.0,Jump,pressed
778.105,jump_executed,511.700775146484,368.932312011719,180.0,-500.0,jump,x_511.700775146484_y_368.932312011719
778.306,jump_input_released,547.703063964844,295.069458007812,180.0,37.037036895752,Jump,released
778.322,jump_peak_reached,550.704162597656,295.686981201172,180.0,74.0740737915039,jump_peak,x_550.704162597656_y_295.686981201172
778.523,platform_landed,589.721069335938,353.974639892578,180.0,0.0,land_on_platform,platform_scene-1/Tile Map/32_20_layer_Tile Map_tile_32_20_source_1_atlas_18_3
778.523,landed,589.721069335938,353.974639892578,180.0,0.0,land,surface_wood_impact_1.037037109375
778.524,musicking,589.721069335938,353.974639892578,180.0,0.0,osc_received,"value_[1, ""leaves""]"
778.673,jump_input_pressed,613.725036621094,354.109497070312,180.0,37.037036895752,Jump,pressed
778.673,jump_executed,613.725036621094,354.109497070312,180.0,-500.0,jump,x_613.725036621094_y_354.109497070312
778.839,jump_input_released,643.725036621094,286.197448730469,180.0,-294.722106933594,Jump,released
778.948,jump_peak_reached,661.725036621094,281.405792236328,180.0,41.2037048339844,jump_peak,x_661.725036621094_y_281.405792236328
779.106,coin_collected,690.336120605469,316.050872802734,96.6666641235352,374.537078857422,collect_coin,coin_coin3_score_6
779.115,sonification,690.558349609375,322.910430908203,13.3333311080933,411.574127197266,osc_received,"value_[1, ""coins-with-pitch""]"
779.139,platform_landed,690.558349609375,332.979949951172,0.0,0.0,land_on_platform,platform_scene-1/Tile Map/38_19_layer_Tile Map_tile_38_19_source_1_atlas_3_0
779.14,landed,690.558349609375,332.979949951172,0.0,0.0,land,surface_wood_impact_0.97129644775391
779.156,musicking,690.558349609375,332.979949951172,0.0,0.0,osc_received,"value_[1, ""platform_pan_nav""]"
779.273,jump_input_pressed,690.558349609375,332.979949951172,0.0,0.0,Jump,pressed
779.273,jump_executed,690.558349609375,332.979949951172,0.0,-500.0,jump,x_690.558349609375_y_332.979949951172
779.407,move_left_pressed,690.558349609375,275.875701904297,-15.0,-335.333251953125,Move_Left,pressed
779.673,jump_input_released,659.058349609375,226.357192993164,-180.0,-16.6665554046631,Jump,released
779.706,jump_peak_reached,653.058349609375,226.148864746094,-96.6666641235352,41.2038154602051,jump_peak,x_653.058349609375_y_226.148864746094
779.806,platform_landed,651.225036621094,242.975692749023,0.0,0.0,land_on_platform,platform_scene-1/Tile Map/36_14_layer_Tile Map_tile_36_14_source_1_atlas_3_0
779.806,landed,651.225036621094,242.975692749023,0.0,0.0,land,surface_wood_impact_0.52685205078125
779.872,move_left_pressed,651.225036621094,242.975692749023,-33.3333320617676,0.0,Move_Left,pressed
779.889,jump_input_pressed,650.669494628906,242.975692749023,-66.6666641235352,0.0,Jump,pressed
779.889,jump_executed,650.669494628906,242.975692749023,-66.6666641235352,-500.0,jump,x_650.669494628906_y_242.975692749023
779.89,musicking,649.552490234375,234.597229003906,-66.6666641235352,-500.055541992188,osc_received,"value_[1, ""chain-jumps""]"
780.207,jump_input_released,601.77490234375,142.741668701172,-180.0,-114.722114562988,Jump,released
780.306,jump_peak_reached,583.77490234375,137.949996948242,-180.0,41.2037048339844,jump_peak,x_583.77490234375_y_137.949996948242
780.44,jump_input_pressed,559.77490234375,160.727767944336,-180.0,337.500030517578,Jump,pressed
780.623,platform_landed,523.191711425781,260.933013916016,-180.0,0.0,land_on_platform,platform_scene-1/Tile Map/29_15_layer_Tile Map_tile_29_15_source_1_atlas_2_0
780.623,landed,523.191711425781,260.933013916016,-180.0,0.0,land,surface_wood_impact_1.48981506347656
780.656,musicking,517.191711425781,260.925170898438,-180.0,0.0,osc_received,"value_[1, ""platform_pan_nav""]"
780.706,jump_input_released,512.580627441406,260.925170898438,-13.3333311080933,0.0,Jump,released
780.707,musicking,512.3583984375,260.925170898438,-13.3333311080933,0.0,osc_received,"value_[1, ""chain-jumps-combo-walk""]"
780.773,move_right_pressed,512.3583984375,260.925170898438,33.3333320617676,0.0,Move_Right,pressed
781.072,jump_input_pressed,525.525024414062,260.925170898438,0.0,0.0,Jump,pressed
781.072,jump_executed,525.525024414062,260.925170898438,0.0,-500.0,jump,x_525.525024414062_y_260.925170898438
781.089,move_right_pressed,525.525024414062,252.589904785156,15.0,-479.222198486328,Move_Right,pressed
781.473,jump_input_released,578.025024414062,154.350082397461,180.0,-16.6665554046631,Jump,released
781.506,jump_peak_reached,582.636108398438,154.141754150391,13.3333311080933,41.2038154602051,jump_peak,x_582.636108398438_y_154.141754150391
781.607,move_left_pressed,582.858337402344,167.521408081055,-15.0,263.426025390625,Move_Left,pressed
781.607,platform_landed,582.608337402344,170.933303833008,-15.0,0.0,land_on_platform,platform_scene-1/Tile Map/32_10_layer_Tile Map_tile_32_10_source_1_atlas_2_0
781.607,landed,582.608337402344,170.933303833008,-15.0,0.0,land,surface_wood_impact_0.52685205078125
781.723,jump_input_pressed,570.052795410156,170.933303833008,-180.0,0.0,Jump,pressed
781.724,jump_executed,570.052795410156,170.933303833008,-180.0,-500.0,jump,x_570.052795410156_y_170.933303833008
781.872,jump_peak_reached,543.048706054688,115.684631347656,-180.0,74.0740737915039,jump_peak,x_543.048706054688_y_115.684631347656
782.139,jump_input_released,508.324829101562,209.511810302734,-90.0,666.666748046875,Jump,released
782.207,move_right_pressed,506.713714599609,257.659973144531,15.0,814.81494140625,Move_Right,pressed
782.208,platform_landed,506.963714599609,260.932006835938,15.0,0.0,land_on_platform,platform_scene-1/Tile Map/28_15_layer_Tile Map_tile_28_15_source_1_atlas_1_0
782.208,landed,506.963714599609,260.932006835938,15.0,0.0,land,surface_wood_impact_1.6296298828125
782.539,move_left_pressed,533.3525390625,260.932006835938,-33.3333320617676,0.0,Move_Left,pressed
782.707,jump_input_pressed,510.019226074219,260.932006835938,-180.0,0.0,Jump,pressed
782.707,jump_executed,510.019226074219,260.932006835938,-180.0,-500.0,jump,x_510.019226074219_y_260.932006835938
782.923,jump_peak_reached,471.015869140625,187.686996459961,-180.0,74.0740737915039,jump_peak,x_471.015869140625_y_187.686996459961
783.156,platform_landed,426.041625976562,262.951538085938,-180.0,0.0,land_on_platform,platform_scene-1/Tile Map/23_15_layer_Tile Map_tile_23_15_source_1_atlas_14_6
783.156,landed,426.041625976562,262.951538085938,-180.0,0.0,land,surface_wood_impact_1.18518530273438
783.157,musicking,426.041625976562,262.951538085938,-180.0,0.0,osc_received,"value_[1, ""water-tube""]"
783.181,musicking,423.041625976562,263.299194335938,-180.0,0.0,osc_received,"value_[1, ""platform_pan_nav""]"
783.206,jump_input_released,420.023071289062,263.963256835938,-180.0,0.0,Jump,released
783.406,move_left_pressed,406.188842773438,263.963256835938,-33.3333320617676,0.0,Move_Left,pressed
783.406,jump_input_pressed,406.188842773438,263.963256835938,-33.3333320617676,0.0,Jump,pressed
783.406,jump_executed,406.188842773438,263.963256835938,-33.3333320617676,-500.0,jump,x_406.188842773438_y_263.963256835938
783.756,jump_input_released,356.381744384766,160.215286254883,-180.0,-75.3332214355469,Jump,released
783.839,jump_peak_reached,351.548400878906,157.409744262695,0.0,45.0371475219727,jump_peak,x_351.548400878906_y_157.409744262695
783.99,platform_landed,351.548400878906,188.998687744141,0.0,0.0,land_on_platform,platform_scene-1/Tile Map/19_11_layer_Tile Map_tile_19_11_source_1_atlas_3_0
783.99,landed,351.548400878906,188.998687744141,0.0,0.0,land,surface_wood_impact_0.75674102783203
784.055,move_right_pressed,351.548400878906,188.998687744141,33.3333320617676,0.0,Move_Right,pressed
784.09,jump_input_pressed,353.215057373047,188.998687744141,100.0,0.0,Jump,pressed
784.09,jump_executed,353.215057373047,188.998687744141,100.0,-500.0,jump,x_353.215057373047_y_188.998687744141
784.473,jump_input_released,417.977508544922,82.9871444702148,180.0,-36.1665573120117,Jump,released
784.523,jump_peak_reached,426.977508544922,82.2204818725586,180.0,42.5371475219727,jump_peak,x_426.977508544922_y_82.2204818725586
784.739,coin_collected,465.977508544922,139.585021972656,180.0,486.981658935547,collect_coin,coin_coin5_score_8
784.74,sonification,468.977508544922,148.318664550781,180.0,524.018676757812,osc_received,"value_[1, ""coins-with-pitch""]"
784.756,platform_landed,471.977508544922,152.93376159668,180.0,0.0,land_on_platform,platform_scene-1/Tile Map/26_9_layer_Tile Map_tile_26_9_source_1_atlas_3_0
784.756,landed,471.977508544922,152.93376159668,180.0,0.0,land,surface_wood_impact_1.12211145019531
784.907,jump_input_pressed,476.810852050781,152.93376159668,0.0,0.0,Jump,pressed
784.907,jump_executed,476.810852050781,152.93376159668,0.0,-500.0,jump,x_476.810852050781_y_152.93376159668
785.023,move_left_pressed,476.810852050781,101.805816650391,-15.0,-355.722137451172,Move_Left,pressed
785.123,jump_input_released,471.560852050781,71.2539749145508,-105.0,-234.222106933594,Jump,released
785.222,jump_peak_reached,457.310852050781,66.4623107910156,-180.0,41.2037048339844,jump_peak,x_457.310852050781_y_66.4623107910156
785.49,platform_landed,440.477508544922,152.988876342773,0.0,0.0,land_on_platform,platform_scene-1/Tile Map/24_9_layer_Tile Map_tile_24_9_source_1_atlas_1_0
785.49,landed,440.477508544922,152.988876342773,0.0,0.0,land,surface_wood_impact_1.2675927734375
785.59,move_right_pressed,440.477508544922,152.988876342773,33.3333320617676,0.0,Move_Right,pressed
785.648,jump_input_pressed,443.810821533203,152.988876342773,133.33332824707,0.0,Jump,pressed
785.648,jump_executed,443.810821533203,152.988876342773,133.33332824707,-500.0,jump,x_443.810821533203_y_152.988876342773
785.982,jump_input_released,502.213775634766,50.8158264160156,180.0,-94.9998931884766,Jump,released
786.073,jump_peak_reached,518.824890136719,46.524169921875,13.3333311080933,46.2038116455078,jump_peak,x_518.824890136719_y_46.524169921875
786.206,move_right_pressed,519.047119140625,69.9686279296875,15.0,342.500122070312,Move_Right,pressed
786.223,platform_landed,519.797119140625,80.9331970214844,30.0,0.0,land_on_platform,platform_scene-1/Tile Map/28_5_layer_Tile Map_tile_28_5_source_1_atlas_1_0
786.223,landed,519.797119140625,80.9331970214844,30.0,0.0,land,surface_wood_impact_0.75907434082031
786.256,musicking,522.463745117188,80.9331970214844,96.6666641235352,0.0,osc_received,"value_[1, ""platform_pan_nav""]"
786.423,jump_input_pressed,548.352661132812,80.9331970214844,180.0,0.0,Jump,pressed
786.423,jump_executed,548.352661132812,80.9331970214844,180.0,-500.0,jump,x_548.352661132812_y_80.9331970214844
786.839,jump_input_released,623.355224609375,-25.9488582611084,180.0,2.77788853645325,Jump,released
786.856,jump_peak_reached,626.355224609375,-25.9025592803955,180.0,39.8149261474609,jump_peak,x_626.355224609375_y_-25.9025592803955
787.09,platform_landed,642.675231933594,44.9764938354492,0.0,0.0,land_on_platform,platform_scene-1/Tile Map/35_3_layer_Tile Map_tile_35_3_source_1_atlas_13_0
787.09,landed,642.675231933594,44.9764938354492,0.0,0.0,land,surface_wood_impact_1.1166669921875
787.224,jump_input_pressed,642.675231933594,44.9764938354492,0.0,0.0,Jump,pressed
787.224,jump_executed,642.675231933594,44.9764938354492,0.0,-500.0,jump,x_642.675231933594_y_44.9764938354492
787.457,move_right_pressed,641.599670410156,-40.1478385925293,15.0,-214.166549682617,Move_Right,pressed
787.573,jump_input_released,648.599670410156,-58.2830085754395,120.0,-75.3332214355469,Jump,released
787.656,jump_peak_reached,661.099670410156,-61.0885543823242,96.6666641235352,45.0371475219727,jump_peak,x_661.099670410156_y_-61.0885543823242
787.774,move_left_pressed,662.932983398438,-42.8712577819824,-15.0,304.296417236328,Move_Left,pressed
787.806,platform_landed,661.432983398438,-27.0665168762207,-45.0,0.0,land_on_platform,platform_scene-1/Tile Map/36_-1_layer_Tile Map_tile_36_-1_source_1_atlas_13_7
787.806,landed,661.432983398438,-27.0665168762207,-45.0,0.0,land,surface_wood_impact_0.75674102783203
787.807,musicking,661.432983398438,-27.0665168762207,-45.0,0.0,osc_received,"value_[1, ""cloud""]"
787.814,sonification,661.432983398438,-27.0665168762207,-45.0,0.0,osc_received,"value_[1, ""leadr-mel""]"
787.857,jump_input_pressed,658.266357421875,-27.0665168762207,-145.0,0.0,Jump,pressed
787.857,jump_executed,658.266357421875,-27.0665168762207,-145.0,-500.0,jump,x_658.266357421875_y_-27.0665168762207
787.858,musicking,655.847473144531,-35.408390045166,-145.0,-500.055541992188,osc_received,"value_[1, ""chain-jumps""]"
788.173,jump_input_released,602.264099121094,-127.263916015625,-180.0,-114.722114562988,Jump,released
788.273,jump_peak_reached,584.264099121094,-132.055587768555,-180.0,41.2037048339844,jump_peak,x_584.264099121094_y_-132.055587768555
788.506,platform_landed,567.430786132812,-63.0253639221191,0.0,0.0,land_on_platform,platform_scene-1/Tile Map/31_-3_layer_Tile Map_tile_31_-3_source_1_atlas_2_0
788.506,landed,567.430786132812,-63.0253639221191,0.0,0.0,land,surface_wood_impact_1.11944458007812
788.507,sonification,567.430786132812,-63.0253639221191,0.0,0.0,osc_received,"value_[1, ""leadr-mel""]"
788.614,jump_input_pressed,567.430786132812,-63.0253639221191,0.0,0.0,Jump,pressed
788.614,jump_executed,567.430786132812,-63.0253639221191,0.0,-500.0,jump,x_567.430786132812_y_-63.0253639221191
788.689,move_left_pressed,567.430786132812,-101.29630279541,-15.0,-396.666595458984,Move_Left,pressed
789.007,jump_input_released,526.930786132812,-169.643539428711,-180.0,-16.6665554046631,Jump,released
789.039,jump_peak_reached,520.930786132812,-169.851867675781,-180.0,41.2038154602051,jump_peak,x_520.930786132812_y_-169.851867675781
789.206,coin_collected,490.930786132812,-135.206787109375,-180.0,374.537170410156,collect_coin,coin_coin9_score_10
789.207,sonification,489.319671630859,-128.347213745117,-96.6666641235352,411.57421875,osc_received,"value_[1, ""coins-with-pitch""]"
789.24,platform_landed,489.097442626953,-117.013000488281,0.0,0.0,land_on_platform,platform_scene-1/Tile Map/27_-6_layer_Tile Map_tile_27_-6_source_1_atlas_2_0
789.24,landed,489.097442626953,-117.013000488281,0.0,0.0,land,surface_wood_impact_0.97129663085938
789.241,sonification,489.097442626953,-117.013000488281,0.0,0.0,osc_received,"value_[1, ""leadr-mel""]"
789.256,musicking,489.097442626953,-117.013000488281,0.0,0.0,osc_received,"value_[1, ""platform_pan_nav""]"
789.34,jump_input_pressed,489.097442626953,-117.013000488281,0.0,0.0,Jump,pressed
789.34,jump_executed,489.097442626953,-117.013000488281,0.0,-500.0,jump,x_489.097442626953_y_-117.013000488281
789.506,jump_peak_reached,489.683197021484,-173.245300292969,0.0,49.6289291381836,jump_peak,x_489.683197021484_y_-173.245300292969
789.59,move_left_pressed,489.683197021484,-162.936721801758,-15.0,234.814117431641,Move_Left,pressed
789.706,platform_landed,480.683197021484,-117.066513061523,-120.0,0.0,land_on_platform,platform_scene-1/Tile Map/26_-6_layer_Tile Map_tile_26_-6_source_1_atlas_1_0
789.706,landed,480.683197021484,-117.066513061523,-120.0,0.0,land,surface_wood_impact_0.98814691162109
789.707,sonification,480.683197021484,-117.066513061523,-120.0,0.0,osc_received,"value_[1, ""leadr-mel""]"
789.806,jump_input_released,476.074829101562,-117.066223144531,0.0,0.0,Jump,released
789.874,move_right_pressed,476.074829101562,-117.066223144531,33.3333320617676,0.0,Move_Right,pressed
790.089,move_left_pressed,508.408142089844,-117.074737548828,96.6666641235352,0.0,Move_Left,pressed
790.107,jump_input_pressed,510.019256591797,-117.074737548828,0.0,0.0,Jump,pressed
790.107,jump_executed,510.019256591797,-117.074737548828,0.0,-500.0,jump,x_510.019256591797_y_-117.074737548828
790.489,jump_input_released,482.82470703125,-223.024887084961,-150.0,-36.1665573120117,Jump,released
790.539,jump_peak_reached,476.213592529297,-223.791549682617,0.0,42.5371475219727,jump_peak,x_476.213592529297_y_-223.791549682617
790.639,platform_landed,476.213592529297,-207.003540039062,0.0,0.0,land_on_platform,platform_scene-1/Tile Map/26_-11_layer_Tile Map_tile_26_-11_source_1_atlas_3_0
790.64,landed,476.213592529297,-207.003540039062,0.0,0.0,land,surface_wood_impact_0.52951873779297
790.648,sonification,476.213592529297,-207.003540039062,0.0,0.0,osc_received,"value_[1, ""leadr-mel""]"
790.757,move_right_pressed,476.213592529297,-207.003540039062,33.3333320617676,0.0,Move_Right,pressed
790.79,jump_input_pressed,477.880249023438,-207.003540039062,100.0,0.0,Jump,pressed
790.79,jump_executed,477.880249023438,-207.003540039062,100.0,-500.0,jump,x_477.880249023438_y_-207.003540039062
791.222,jump_peak_reached,551.642333984375,-313.892822265625,180.0,39.8149261474609,jump_peak,x_551.642333984375_y_-313.892822265625
791.222,jump_input_released,551.642333984375,-313.892822265625,180.0,39.8149261474609,Jump,released
791.423,platform_landed,562.475646972656,-258.000854492188,0.0,0.0,land_on_platform,platform_scene-1/Tile Map/31_-14_layer_Tile Map_tile_31_-14_source_1_atlas_18_3
791.423,landed,562.475646972656,-258.000854492188,0.0,0.0,land,surface_wood_impact_0.96851885986328
791.423,musicking,562.475646972656,-258.000854492188,0.0,0.0,osc_received,"value_[1, ""leaves""]"
791.423,sonification,562.475646972656,-258.000854492188,0.0,0.0,osc_received,"value_[1, ""leadr-mel""]"
791.439,move_right_pressed,562.475646972656,-258.000854492188,33.3333320617676,0.0,Move_Right,pressed
791.64,jump_input_pressed,575.640014648438,-258.015289306641,0.0,0.0,Jump,pressed
791.64,jump_executed,575.640014648438,-258.015289306641,0.0,-500.0,jump,x_575.640014648438_y_-258.015289306641
791.69,move_left_pressed,575.640014648438,-281.989776611328,-15.0,-437.833282470703,Move_Left,pressed
792.073,jump_peak_reached,546.574768066406,-364.850769042969,-180.0,39.8149261474609,jump_peak,x_546.574768066406_y_-364.850769042969
792.089,jump_input_released,543.574768066406,-364.187194824219,-180.0,76.8519668579102,Jump,released
792.173,platform_landed,535.741455078125,-351.00439453125,0.0,0.0,land_on_platform,platform_scene-1/Tile Map/29_-19_layer_Tile Map_tile_29_-19_source_1_atlas_12_0
792.173,landed,535.741455078125,-351.00439453125,0.0,0.0,land,surface_wood_impact_0.52407427978516
792.181,sonification,535.741455078125,-351.00439453125,0.0,0.0,osc_received,"value_[1, ""leadr-mel""]"
792.207,move_right_pressed,535.741455078125,-351.00439453125,33.3333320617676,0.0,Move_Right,pressed
792.208,sonification,536.296997070312,-351.00439453125,33.3333320617676,0.0,osc_received,"value_[1, ""mushrooms""]"
792.289,jump_input_pressed,544.074768066406,-351.066711425781,180.0,0.0,Jump,pressed
792.289,jump_executed,544.074768066406,-351.066711425781,180.0,-500.0,jump,x_544.074768066406_y_-351.066711425781
792.29,sonification,547.077331542969,-359.408142089844,180.0,-500.055541992188,osc_received,"value_[1, ""mushrooms""]"
792.689,jump_input_released,616.077331542969,-457.647918701172,180.0,-16.6665554046631,Jump,released
792.723,jump_peak_reached,622.077331542969,-457.856231689453,180.0,41.2038154602051,jump_peak,x_622.077331542969_y_-457.856231689453
792.806,coin_collected,629.91064453125,-448.249755859375,0.0,189.351959228516,collect_coin,coin_coin11_score_12
792.807,sonification,629.91064453125,-444.476593017578,0.0,226.38899230957,osc_received,"value_[1, ""coins-with-pitch""]"
792.89,platform_landed,629.91064453125,-419.995727539062,0.0,0.0,land_on_platform,platform_scene-1/Tile Map/34_-23_layer_Tile Map_tile_34_-23_source_1_atlas_17_3
792.89,landed,629.91064453125,-419.995727539062,0.0,0.0,land,surface_wood_impact_0.8231484375
792.89,musicking,629.91064453125,-419.995727539062,0.0,0.0,osc_received,"value_[1, ""leaves""]"
792.897,sonification,629.91064453125,-419.995727539062,0.0,0.0,osc_received,"value_[1, ""leadr-mel""]"
792.906,musicking,629.91064453125,-419.995727539062,0.0,0.0,osc_received,"value_[1, ""platform_pan_nav""]"
792.991,move_right_pressed,629.91064453125,-419.995727539062,33.3333320617676,0.0,Move_Right,pressed
793.073,jump_input_pressed,638.238891601562,-420.027038574219,180.0,0.0,Jump,pressed
793.073,jump_executed,638.238891601562,-420.027038574219,180.0,-500.0,jump,x_638.238891601562_y_-420.027038574219
793.423,jump_input_released,701.248596191406,-523.777221679688,180.0,-75.3332214355469,Jump,released
793.506,jump_peak_reached,712.081909179688,-526.582702636719,0.0,45.0371475219727,jump_peak,x_712.081909179688_y_-526.582702636719
793.656,platform_landed,712.081909179688,-495.018432617188,0.0,0.0,land_on_platform,platform_scene-1/Tile Map/39_-27_layer_Tile Map_tile_39_-27_source_1_atlas_2_0
793.656,landed,712.081909179688,-495.018432617188,0.0,0.0,land,surface_wood_impact_0.75674102783203
793.664,sonification,712.081909179688,-495.018432617188,0.0,0.0,osc_received,"value_[1, ""leadr-mel""]"
793.789,move_right_pressed,712.081909179688,-495.018432617188,33.3333320617676,0.0,Move_Right,pressed
793.857,jump_input_pressed,717.637451171875,-495.018432617188,166.666656494141,0.0,Jump,pressed
793.857,jump_executed,717.637451171875,-495.018432617188,166.666656494141,-500.0,jump,x_717.637451171875_y_-495.018432617188
794.257,jump_input_released,763.675231933594,-601.637512207031,165.0,-16.6665554046631,Jump,released
794.289,jump_peak_reached,769.425231933594,-601.845825195312,180.0,41.2038154602051,jump_peak,x_769.425231933594_y_-601.845825195312
794.39,platform_landed,790.425231933594,-585.066711425781,180.0,0.0,land_on_platform,platform_scene-1/Tile Map/43_-32_layer_Tile Map_tile_43_-32_source_1_atlas_2_0
794.39,landed,790.425231933594,-585.066711425781,180.0,0.0,land,surface_wood_impact_0.52685205078125
794.39,sonification,790.425231933594,-585.066711425781,180.0,0.0,osc_received,"value_[1, ""leadr-mel""]"
794.839,coin_collected,861.290466308594,-489.661315917969,0.0,629.629699707031,collect_coin,coin_coin17_score_14
794.84,sonification,861.290466308594,-478.550201416016,0.0,666.666748046875,osc_received,"value_[1, ""coins-with-pitch""]"
794.857,platform_landed,861.290466308594,-474.014617919922,0.0,0.0,land_on_platform,platform_scene-1/Tile Map/47_-26_layer_Tile Map_tile_47_-26_source_1_atlas_13_6
794.857,landed,861.290466308594,-474.014617919922,0.0,0.0,land,surface_wood_impact_1.40740759277344
794.857,musicking,861.290466308594,-474.014617919922,0.0,0.0,osc_received,"value_[1, ""water-tube""]"
794.858,sonification,861.290466308594,-474.014617919922,0.0,0.0,osc_received,"value_[1, ""leadr-mel""]"
794.89,move_left_pressed,861.290466308594,-474.014617919922,-33.3333320617676,0.0,Move_Left,pressed
795.022,coin_collected,843.956909179688,-474.014617919922,-180.0,0.0,collect_coin,coin_coin16_score_16
795.024,sonification,840.956909179688,-474.014617919922,-180.0,0.0,osc_received,"value_[1, ""coins-with-pitch""]"
795.173,move_right_pressed,830.123596191406,-474.014617919922,33.3333320617676,0.0,Move_Right,pressed
795.622,coin_collected,904.457458496094,-474.048309326172,180.0,0.0,collect_coin,coin_coin18_score_18
795.624,sonification,907.457458496094,-474.048309326172,180.0,0.0,osc_received,"value_[1, ""coins-with-pitch""]"
795.822,coin_collected,940.457458496094,-474.048309326172,180.0,0.0,collect_coin,coin_coin19_score_20
795.831,sonification,943.457458496094,-474.048309326172,180.0,0.0,osc_received,"value_[1, ""coins-with-pitch""]"
795.89,move_left_pressed,952.457458496094,-474.048309326172,96.6666641235352,0.0,Move_Left,pressed
796.339,jump_input_pressed,885.733215332031,-474.048309326172,-180.0,0.0,Jump,pressed
796.339,jump_executed,885.733215332031,-474.048309326172,-180.0,-500.0,jump,x_885.733215332031_y_-474.048309326172
796.773,jump_peak_reached,817.449279785156,-580.888122558594,-18.3504123687744,39.8149261474609,jump_peak,x_817.449279785156_y_-580.888122558594
796.89,jump_input_released,818.074768066406,-563.544372558594,0.0,299.074188232422,Jump,released
797.056,platform_landed,818.074768066406,-475.003143310547,0.0,0.0,land_on_platform,platform_scene-1/Tile Map/45_-26_layer_Tile Map_tile_45_-26_source_1_atlas_14_6
797.056,landed,818.074768066406,-475.003143310547,0.0,0.0,land,surface_wood_impact_1.33888928222656
797.057,musicking,818.074768066406,-475.003143310547,0.0,0.0,osc_received,"value_[1, ""water-tube""]"
797.057,sonification,818.074768066406,-475.003143310547,0.0,0.0,osc_received,"value_[1, ""leadr-mel""]"
797.106,move_right_pressed,818.074768066406,-475.003143310547,33.3333320617676,0.0,Move_Right,pressed
797.39,jump_input_pressed,827.827026367188,-474.038635253906,0.0,0.0,Jump,pressed
797.39,jump_executed,827.827026367188,-474.038635253906,0.0,-500.0,jump,x_827.827026367188_y_-474.038635253906
797.406,jump_peak_reached,827.827026367188,-482.410339355469,0.0,-479.222198486328,jump_peak,x_827.827026367188_y_-482.410339355469
797.44,move_left_pressed,827.827026367188,-498.043670654297,-15.0,-437.833282470703,Move_Left,pressed
797.839,move_right_pressed,796.589904785156,-509.332122802734,-96.6666641235352,461.726043701172,Move_Right,pressed
798.04,jump_input_released,808.728820800781,-376.246154785156,165.0,906.170593261719,Jump,released
798.273,move_left_pressed,825.312133789062,-108.633522033691,-15.0,1424.68859863281,Move_Left,pressed
798.373,platform_landed,822.812133789062,44.9709510803223,0.0,0.0,land_on_platform,platform_scene-1/Tile Map/45_3_layer_Tile Map_tile_45_3_source_1_atlas_13_0
798.373,landed,822.812133789062,44.9709510803223,0.0,0.0,land,surface_wood_impact_3.29382104492187
798.374,sonification,822.812133789062,44.9709510803223,0.0,0.0,osc_received,"value_[1, ""leadr-mel""]"
798.39,musicking,822.812133789062,44.9709510803223,0.0,0.0,osc_received,"value_[1, ""platform_pan_nav""]"
798.406,musicking,822.812133789062,44.9709510803223,0.0,0.0,osc_received,"value_[1, ""far-fall""]"
798.774,move_left_pressed,822.812133789062,44.9709510803223,-33.3333320617676,0.0,Move_Left,pressed
798.774,sonification,822.256591796875,44.9709510803223,-33.3333320617676,0.0,osc_received,"value_[1, ""mushrooms""]"
799.306,jump_input_pressed,733.478820800781,44.9300842285156,-180.0,0.0,Jump,pressed
799.306,jump_executed,733.478820800781,44.9300842285156,-180.0,-500.0,jump,x_733.478820800781_y_44.9300842285156
799.307,sonification,730.477111816406,36.5911331176758,-180.0,-500.055541992188,osc_received,"value_[1, ""mushrooms""]"
799.624,jump_input_released,676.477111816406,-55.2643928527832,-180.0,-114.722114562988,Jump,released
799.723,jump_peak_reached,671.643798828125,-60.0560607910156,0.0,41.2037048339844,jump_peak,x_671.643798828125_y_-60.0560607910156
799.873,platform_landed,671.643798828125,-27.0203323364258,0.0,0.0,land_on_platform,platform_scene-1/Tile Map/37_-1_layer_Tile Map_tile_37_-1_source_1_atlas_15_7
799.873,landed,671.643798828125,-27.0203323364258,0.0,0.0,land,surface_wood_impact_0.74907415771484
799.874,musicking,671.643798828125,-27.0203323364258,0.0,0.0,osc_received,"value_[1, ""cloud""]"
799.891,move_left_pressed,671.643798828125,-27.0203323364258,-33.3333320617676,0.0,Move_Left,pressed
800.006,jump_input_pressed,657.310485839844,-27.0203323364258,-180.0,0.0,Jump,pressed
800.006,jump_executed,657.310485839844,-27.0203323364258,-180.0,-500.0,jump,x_657.310485839844_y_-27.0203323364258
800.291,jump_input_released,606.295043945312,-122.404861450195,-180.0,-154.333221435547,Jump,released
800.389,jump_peak_reached,588.295043945312,-127.19652557373,-180.0,41.2037048339844,jump_peak,x_588.295043945312_y_-127.19652557373
800.606,platform_landed,571.461730957031,-63.0258522033691,0.0,0.0,land_on_platform,platform_scene-1/Tile Map/31_-3_layer_Tile Map_tile_31_-3_source_1_atlas_2_0
800.606,landed,571.461730957031,-63.0258522033691,0.0,0.0,land,surface_wood_impact_1.04537048339844
800.724,jump_input_pressed,571.461730957031,-63.0258522033691,0.0,0.0,Jump,pressed
800.724,jump_executed,571.461730957031,-63.0258522033691,0.0,-500.0,jump,x_571.461730957031_y_-63.0258522033691
800.757,move_left_pressed,571.461730957031,-79.3926544189453,-15.0,-458.499969482422,Move_Left,pressed
801.04,jump_input_released,536.961730957031,-163.259323120117,-180.0,-114.722114562988,Jump,released
801.139,jump_peak_reached,526.12841796875,-168.050994873047,0.0,41.2037048339844,jump_peak,x_526.12841796875_y_-168.050994873047
801.29,platform_landed,526.12841796875,-135.015274047852,0.0,0.0,land_on_platform,platform_scene-1/Tile Map/29_-7_layer_Tile Map_tile_29_-7_source_1_atlas_0_0
801.29,landed,526.12841796875,-135.015274047852,0.0,0.0,land,surface_wood_impact_0.74907415771484
801.306,move_right_pressed,526.12841796875,-135.015274047852,33.3333320617676,0.0,Move_Right,pressed
801.389,jump_input_pressed,534.461730957031,-135.015274047852,180.0,0.0,Jump,pressed
801.39,jump_executed,534.461730957031,-135.015274047852,180.0,-500.0,jump,x_534.461730957031_y_-135.015274047852
801.689,jump_peak_reached,588.480224609375,-229.386260986328,180.0,74.0740737915039,jump_peak,x_588.480224609375_y_-229.386260986328
801.723,jump_input_released,594.480224609375,-226.299835205078,180.0,148.148147583008,Jump,released
801.89,platform_landed,627.480224609375,-171.066711425781,180.0,0.0,land_on_platform,platform_scene-1/Tile Map/34_-9_layer_Tile Map_tile_34_-9_source_1_atlas_2_0
801.89,landed,627.480224609375,-171.066711425781,180.0,0.0,land,surface_wood_impact_1.037037109375
802.024,jump_input_pressed,635.313537597656,-171.066711425781,0.0,0.0,Jump,pressed
802.024,jump_executed,635.313537597656,-171.066711425781,0.0,-500.0,jump,x_635.313537597656_y_-171.066711425781
802.082,move_left_pressed,635.313537597656,-195.042388916016,-15.0,-437.833282470703,Move_Left,pressed
802.456,jump_peak_reached,582.813537597656,-277.903472900391,-180.0,39.8149261474609,jump_peak,x_582.813537597656_y_-277.903472900391
802.523,jump_input_released,570.813537597656,-271.545440673828,-96.6666641235352,187.963073730469,Jump,released
802.573,platform_landed,568.980224609375,-257.978393554688,0.0,0.0,land_on_platform,platform_scene-1/Tile Map/31_-14_layer_Tile Map_tile_31_-14_source_1_atlas_18_3
802.573,landed,568.980224609375,-257.978393554688,0.0,0.0,land,surface_wood_impact_0.59814837646484
802.573,musicking,568.980224609375,-257.978393554688,0.0,0.0,osc_received,"value_[1, ""leaves""]"
802.706,move_right_pressed,568.980224609375,-257.978393554688,33.3333320617676,0.0,Move_Right,pressed
802.84,jump_input_pressed,586.305053710938,-257.995056152344,180.0,0.0,Jump,pressed
802.84,jump_executed,586.305053710938,-257.995056152344,180.0,-500.0,jump,x_586.305053710938_y_-257.995056152344
803.207,jump_input_released,652.319519042969,-363.0341796875,180.0,-55.722110748291,Jump,released
803.273,jump_peak_reached,664.319519042969,-364.665649414062,180.0,43.8149261474609,jump_peak,x_664.319519042969_y_-364.665649414062
803.373,platform_landed,669.15283203125,-348.028533935547,0.0,0.0,land_on_platform,platform_scene-1/Tile Map/37_-19_layer_Tile Map_tile_37_-19_source_1_atlas_19_3
803.373,landed,669.15283203125,-348.028533935547,0.0,0.0,land,surface_wood_impact_0.53207427978516
803.374,musicking,669.15283203125,-348.028533935547,0.0,0.0,osc_received,"value_[1, ""leaves""]"
803.491,jump_input_pressed,669.15283203125,-348.028533935547,0.0,0.0,Jump,pressed
803.491,jump_executed,669.15283203125,-348.028533935547,0.0,-500.0,jump,x_669.15283203125_y_-348.028533935547
803.675,move_left_pressed,669.15283203125,-420.924255371094,-15.0,-274.499877929688,Move_Left,pressed
803.873,jump_input_released,649.65283203125,-454.039031982422,-180.0,-36.1665573120117,Jump,released
803.923,jump_peak_reached,640.65283203125,-454.805694580078,-180.0,42.5371475219727,jump_peak,x_640.65283203125_y_-454.805694580078
804.073,platform_landed,635.819519042969,-420.008758544922,0.0,0.0,land_on_platform,platform_scene-1/Tile Map/35_-23_layer_Tile Map_tile_35_-23_source_1_atlas_19_3
804.073,landed,635.819519042969,-420.008758544922,0.0,0.0,land,surface_wood_impact_0.75174102783203
804.073,musicking,635.819519042969,-420.008758544922,0.0,0.0,osc_received,"value_[1, ""leaves""]"
804.107,move_right_pressed,635.819519042969,-420.008758544922,33.3333320617676,0.0,Move_Right,pressed
804.173,jump_input_pressed,641.3759765625,-419.981018066406,166.666656494141,0.0,Jump,pressed
804.173,jump_executed,641.3759765625,-419.981018066406,166.666656494141,-500.0,jump,x_641.3759765625_y_-419.981018066406
804.407,jump_input_released,683.1689453125,-505.614624023438,180.0,-214.166549682617,Jump,released
804.506,jump_peak_reached,701.1689453125,-510.406280517578,180.0,41.2037048339844,jump_peak,x_701.1689453125_y_-510.406280517578
804.606,platform_landed,709.002258300781,-495.0029296875,0.0,0.0,land_on_platform,platform_scene-1/Tile Map/39_-27_layer_Tile Map_tile_39_-27_source_1_atlas_2_0
804.606,landed,709.002258300781,-495.0029296875,0.0,0.0,land,surface_wood_impact_0.52685186767578
804.723,jump_input_pressed,709.002258300781,-495.0029296875,0.0,0.0,Jump,pressed
804.723,jump_executed,709.002258300781,-495.0029296875,0.0,-500.0,jump,x_709.002258300781_y_-495.0029296875
804.973,jump_input_released,710.9130859375,-583.161193847656,0.0,-194.166549682617,Jump,released
805.081,jump_peak_reached,710.9130859375,-587.952880859375,0.0,41.2037048339844,jump_peak,x_710.9130859375_y_-587.952880859375
805.34,platform_landed,710.9130859375,-495.009918212891,0.0,0.0,land_on_platform,platform_scene-1/Tile Map/39_-27_layer_Tile Map_tile_39_-27_source_1_atlas_2_0
805.34,landed,710.9130859375,-495.009918212891,0.0,0.0,land,surface_wood_impact_1.2675927734375
805.424,move_right_pressed,710.9130859375,-495.009918212891,33.3333320617676,0.0,Move_Right,pressed
805.441,jump_input_pressed,711.468627929688,-495.009918212891,66.6666641235352,0.0,Jump,pressed
805.441,jump_executed,711.468627929688,-495.009918212891,66.6666641235352,-500.0,jump,x_711.468627929688_y_-495.009918212891
805.823,jump_input_released,772.364868164062,-601.015502929688,180.0,-36.1665573120117,Jump,released
805.873,jump_peak_reached,779.975952148438,-601.782165527344,13.3333311080933,42.5371475219727,jump_peak,x_779.975952148438_y_-601.782165527344
805.973,platform_landed,780.198181152344,-585.011474609375,0.0,0.0,land_on_platform,platform_scene-1/Tile Map/43_-32_layer_Tile Map_tile_43_-32_source_1_atlas_2_0
805.973,landed,780.198181152344,-585.011474609375,0.0,0.0,land,surface_wood_impact_0.52951873779297
805.99,musicking,780.198181152344,-585.011474609375,0.0,0.0,osc_received,"value_[1, ""platform_pan_nav""]"
806.023,move_left_pressed,780.198181152344,-585.011474609375,-33.3333320617676,0.0,Move_Left,pressed
806.091,jump_input_pressed,774.642639160156,-585.011474609375,-166.666656494141,0.0,Jump,pressed
806.091,jump_executed,774.642639160156,-585.011474609375,-166.666656494141,-500.0,jump,x_774.642639160156_y_-585.011474609375
806.49,jump_input_released,702.846862792969,-691.639526367188,-180.0,-16.6665554046631,Jump,released
806.523,jump_peak_reached,696.846862792969,-691.847839355469,-180.0,41.2038154602051,jump_peak,x_696.846862792969_y_-691.847839355469
806.79,platform_landed,686.013549804688,-603.031127929688,0.0,0.0,land_on_platform,platform_scene-1/Tile Map/38_-33_layer_Tile Map_tile_38_-33_source_1_atlas_0_0
806.79,landed,686.013549804688,-603.031127929688,0.0,0.0,land,surface_wood_impact_1.26759301757812
807.023,move_left_pressed,686.013549804688,-603.031127929688,-33.3333320617676,0.0,Move_Left,pressed
807.156,coin_collected,669.2685546875,-596.432495117188,-180.0,148.148147583008,collect_coin,coin_coin15_score_22
807.158,sonification,666.2685546875,-593.346069335938,-180.0,185.185180664062,osc_received,"value_[1, ""coins-with-pitch""]"
807.207,platform_landed,657.268493652344,-585.066467285156,-180.0,0.0,land_on_platform,platform_scene-1/Tile Map/36_-32_layer_Tile Map_tile_36_-32_source_1_atlas_2_0
807.207,landed,657.268493652344,-585.066467285156,-180.0,0.0,land,surface_wood_impact_0.59259259033203
807.523,move_right_pressed,640.435180664062,-585.066467285156,33.3333320617676,0.0,Move_Right,pressed
807.573,jump_input_pressed,643.768493652344,-585.066467285156,133.33332824707,0.0,Jump,pressed
807.573,jump_executed,643.768493652344,-585.066467285156,133.33332824707,-500.0,jump,x_643.768493652344_y_-585.066467285156
807.69,jump_input_released,658.992797851562,-636.193603515625,0.0,-355.722137451172,Jump,released
807.79,jump_peak_reached,658.992797851562,-640.985290527344,0.0,41.2037048339844,jump_peak,x_658.992797851562_y_-640.985290527344
807.906,move_right_pressed,658.992797851562,-623.215209960938,15.0,300.462982177734,Move_Right,pressed
807.991,platform_landed,664.242797851562,-585.066162109375,90.0,0.0,land_on_platform,platform_scene-1/Tile Map/36_-32_layer_Tile Map_tile_36_-32_source_1_atlas_2_0
807.991,landed,664.242797851562,-585.066162109375,90.0,0.0,land,surface_wood_impact_0.97129644775391
808.206,jump_input_pressed,677.925170898438,-585.066284179688,0.0,0.0,Jump,pressed
808.206,jump_executed,677.925170898438,-585.066284179688,0.0,-500.0,jump,x_677.925170898438_y_-585.066284179688
808.322,jump_input_released,677.924011230469,-636.185729980469,0.0,-355.722137451172,Jump,released
808.415,move_right_pressed,677.924011230469,-641.046875,15.0,4.16666746139526,Move_Right,pressed
808.423,jump_peak_reached,678.174011230469,-640.977416992188,30.0,41.2037048339844,jump_peak,x_678.174011230469_y_-640.977416992188
808.59,platform_landed,683.285095214844,-602.795349121094,0.0,0.0,land_on_platform,platform_scene-1/Tile Map/38_-33_layer_Tile Map_tile_38_-33_source_1_atlas_0_0
808.59,landed,683.285095214844,-602.795349121094,0.0,0.0,land,surface_wood_impact_0.82314825439453
808.756,move_right_pressed,683.285095214844,-602.795349121094,33.3333320617676,0.0,Move_Right,pressed
808.858,jump_input_pressed,694.583251953125,-603.069213867188,180.0,0.0,Jump,pressed
808.858,jump_executed,694.583251953125,-603.069213867188,180.0,-500.0,jump,x_694.583251953125_y_-603.069213867188
809.123,jump_input_released,742.585144042969,-695.496643066406,180.0,-174.222106933594,Jump,released
809.223,jump_peak_reached,760.585144042969,-700.288330078125,180.0,41.2037048339844,jump_peak,x_760.585144042969_y_-700.288330078125
809.523,platform_landed,780.41845703125,-585.003051757812,0.0,0.0,land_on_platform,platform_scene-1/Tile Map/43_-32_layer_Tile Map_tile_43_-32_source_1_atlas_2_0
809.523,landed,780.41845703125,-585.003051757812,0.0,0.0,land,surface_wood_impact_1.41574096679688
809.557,musicking,780.41845703125,-585.003051757812,0.0,0.0,osc_received,"value_[1, ""platform_pan_nav""]"
809.683,jump_input_pressed,780.41845703125,-585.003051757812,0.0,0.0,Jump,pressed
809.683,jump_executed,780.41845703125,-585.003051757812,0.0,-500.0,jump,x_780.41845703125_y_-585.003051757812
809.685,jump_peak_reached,780.41845703125,-593.400756835938,0.0,-479.222198486328,jump_peak,x_780.41845703125_y_-593.400756835938
809.716,move_right_pressed,780.41845703125,-609.034118652344,15.0,-437.833282470703,Move_Right,pressed
809.965,jump_input_released,808.91845703125,-682.997009277344,180.0,-134.499893188477,Jump,released
810.215,platform_landed,819.751770019531,-657.020690917969,0.0,0.0,land_on_platform,platform_scene-1/Tile Map/45_-36_layer_Tile Map_tile_45_-36_source_1_atlas_0_0
810.215,landed,819.751770019531,-657.020690917969,0.0,0.0,land,surface_wood_impact_0.74907415771484
810.399,move_left_pressed,819.751770019531,-657.020690917969,-33.3333320617676,0.0,Move_Left,pressed
810.399,jump_input_pressed,819.751770019531,-657.020690917969,-33.3333320617676,0.0,Jump,pressed
810.399,jump_executed,819.751770019531,-657.020690917969,-33.3333320617676,-500.0,jump,x_819.751770019531_y_-657.020690917969
810.832,jump_peak_reached,754.943115234375,-763.897277832031,-180.0,39.8149261474609,jump_peak,x_754.943115234375_y_-763.897277832031
810.865,jump_input_released,748.943115234375,-761.952819824219,-180.0,113.889007568359,Jump,released
810.931,platform_landed,744.109802246094,-747.022827148438,0.0,0.0,land_on_platform,platform_scene-1/Tile Map/41_-41_layer_Tile Map_tile_41_-41_source_1_atlas_3_0
810.931,landed,744.109802246094,-747.022827148438,0.0,0.0,land,surface_wood_impact_0.52407427978516
811.065,jump_input_pressed,744.109802246094,-747.022827148438,0.0,0.0,Jump,pressed
811.066,jump_executed,744.109802246094,-747.022827148438,0.0,-500.0,jump,x_744.109802246094_y_-747.022827148438
811.149,move_right_pressed,744.109802246094,-785.2958984375,15.0,-396.666595458984,Move_Right,pressed
811.264,jump_input_released,751.109802246094,-824.489440917969,120.0,-254.333206176758,Jump,released
811.365,jump_peak_reached,758.970886230469,-829.281127929688,0.0,41.2037048339844,jump_peak,x_758.970886230469_y_-829.281127929688
811.498,platform_landed,758.970886230469,-801.015686035156,0.0,0.0,land_on_platform,platform_scene-1/Tile Map/42_-44_layer_Tile Map_tile_42_-44_source_1_atlas_1_0
811.498,landed,758.970886230469,-801.015686035156,0.0,0.0,land,surface_wood_impact_0.67500006103516
811.898,jump_input_pressed,758.970886230469,-801.015686035156,0.0,0.0,Jump,pressed
811.898,jump_executed,758.970886230469,-801.015686035156,0.0,-500.0,jump,x_758.970886230469_y_-801.015686035156
812.064,move_left_pressed,758.970886230469,-868.980224609375,-15.0,-294.722106933594,Move_Left,pressed
812.332,jump_peak_reached,727.470886230469,-907.896850585938,-180.0,39.8149261474609,jump_peak,x_727.470886230469_y_-907.896850585938
812.332,jump_input_released,727.470886230469,-907.896850585938,-180.0,39.8149261474609,Jump,released
812.431,platform_landed,722.637573242188,-891.022399902344,0.0,0.0,land_on_platform,platform_scene-1/Tile Map/40_-49_layer_Tile Map_tile_40_-49_source_1_atlas_3_0
812.432,landed,722.637573242188,-891.022399902344,0.0,0.0,land,surface_wood_impact_0.52407427978516
812.483,move_right_pressed,722.637573242188,-891.022399902344,33.3333320617676,0.0,Move_Right,pressed
812.548,jump_input_pressed,728.193115234375,-891.022399902344,166.666656494141,0.0,Jump,pressed
812.548,jump_executed,728.193115234375,-891.022399902344,166.666656494141,-500.0,jump,x_728.193115234375_y_-891.022399902344
812.932,jump_input_released,796.984924316406,-997.013488769531,180.0,-36.1665573120117,Jump,released
812.983,jump_peak_reached,805.984924316406,-997.780151367188,96.6666641235352,42.5371475219727,jump_peak,x_805.984924316406_y_-997.780151367188
813.132,platform_landed,807.818237304688,-963.001586914062,0.0,0.0,land_on_platform,platform_scene-1/Tile Map/44_-53_layer_Tile Map_tile_44_-53_source_1_atlas_13_7
813.132,landed,807.818237304688,-963.001586914062,0.0,0.0,land,surface_wood_impact_0.75174102783203
813.133,musicking,807.818237304688,-963.001586914062,0.0,0.0,osc_received,"value_[1, ""cloud""]"
813.133,sonification,807.818237304688,-963.001586914062,0.0,0.0,osc_received,"value_[1, ""leadr-mel""]"
813.166,move_right_pressed,807.818237304688,-963.001586914062,33.3333320617676,0.0,Move_Right,pressed
813.331,jump_input_pressed,831.151550292969,-962.664001464844,180.0,0.0,Jump,pressed
813.332,jump_executed,831.151550292969,-962.664001464844,180.0,-500.0,jump,x_831.151550292969_y_-962.664001464844
813.632,jump_peak_reached,882.168212890625,-1053.998046875,101.759101867676,110.740936279297,jump_peak,x_882.168212890625_y_-1053.998046875
813.919,move_left_pressed,915.675170898438,-938.670837402344,0.0,740.370666503906,Move_Left,pressed
813.919,jump_input_released,915.675170898438,-938.670837402344,0.0,740.370666503906,Jump,released
814.298,platform_landed,870.341857910156,-474.121795654297,0.0,0.0,land_on_platform,platform_scene-1/Tile Map/48_-26_layer_Tile Map_tile_48_-26_source_1_atlas_13_6
814.298,landed,870.341857910156,-474.121795654297,0.0,0.0,land,surface_wood_impact_3.18444360351562
814.299,musicking,870.341857910156,-474.121795654297,0.0,0.0,osc_received,"value_[1, ""water-tube""]"
814.306,sonification,870.341857910156,-474.121795654297,0.0,0.0,osc_received,"value_[1, ""leadr-mel""]"
814.332,musicking,870.341857910156,-473.994842529297,0.0,0.0,osc_received,"value_[1, ""far-fall""]"
814.448,move_left_pressed,870.341857910156,-473.994842529297,-33.3333320617676,0.0,Move_Left,pressed
814.849,move_left_pressed,866.730834960938,-474.061004638672,-33.3333320617676,0.0,Move_Left,pressed
815.149,jump_input_pressed,820.064270019531,-475.386474609375,-180.0,0.0,Jump,pressed
815.149,jump_executed,820.064270019531,-475.386474609375,-180.0,-500.0,jump,x_820.064270019531_y_-475.386474609375
815.165,jump_peak_reached,817.064270019531,-483.720733642578,-180.0,-479.222198486328,jump_peak,x_817.064270019531_y_-483.720733642578
815.681,jump_input_released,742.299865722656,-424.093414306641,-105.0,777.777893066406,Jump,released
816.073,platform_landed,737.938781738281,44.9748573303223,0.0,0.0,land_on_platform,platform_scene-1/Tile Map/40_3_layer_Tile Map_tile_40_3_source_1_atlas_13_0
816.074,landed,737.938781738281,44.9748573303223,0.0,0.0,land,surface_wood_impact_3.25925805664063
816.074,sonification,737.938781738281,44.9748573303223,0.0,0.0,osc_received,"value_[1, ""leadr-mel""]"
816.106,musicking,737.938781738281,44.9748573303223,0.0,0.0,osc_received,"value_[1, ""far-fall""]"
816.106,musicking,737.938781738281,44.9748573303223,0.0,0.0,osc_received,"value_[1, ""platform_pan_nav""]"
816.457,move_left_pressed,737.938781738281,44.9748573303223,-33.3333320617676,0.0,Move_Left,pressed
816.458,sonification,737.383239746094,44.9748573303223,-33.3333320617676,0.0,osc_received,"value_[1, ""mushrooms""]"
816.656,jump_input_pressed,708.60546875,44.9305877685547,-180.0,0.0,Jump,pressed
816.656,jump_executed,708.60546875,44.9305877685547,-180.0,-500.0,jump,x_708.60546875_y_44.9305877685547
816.656,sonification,705.603637695312,36.5912475585938,-180.0,-500.055541992188,osc_received,"value_[1, ""mushrooms""]"
816.672,jump_peak_reached,705.603637695312,36.5912475585938,-180.0,-479.222198486328,jump_peak,x_705.603637695312_y_36.5912475585938
816.923,jump_input_released,686.173400878906,8.98472595214844,0.0,278.077667236328,Jump,released
817.007,platform_landed,686.173400878906,44.9810638427734,0.0,0.0,land_on_platform,platform_scene-1/Tile Map/38_3_layer_Tile Map_tile_38_3_source_1_atlas_13_0
817.007,landed,686.173400878906,44.9810638427734,0.0,0.0,land,surface_wood_impact_0.92652581787109
817.007,sonification,686.173400878906,44.9810638427734,0.0,0.0,osc_received,"value_[1, ""leadr-mel""]"
817.09,move_right_pressed,686.173400878906,44.9810638427734,33.3333320617676,0.0,Move_Right,pressed
817.092,sonification,686.728942871094,44.9810638427734,33.3333320617676,0.0,osc_received,"value_[1, ""mushrooms""]"
817.24,jump_input_pressed,706.506713867188,44.9313926696777,180.0,0.0,Jump,pressed
817.241,jump_executed,706.506713867188,44.9313926696777,180.0,-500.0,jump,x_706.506713867188_y_44.9313926696777
817.248,sonification,709.5087890625,36.5914344787598,180.0,-500.055541992188,osc_received,"value_[1, ""mushrooms""]"
817.258,move_left_pressed,709.5087890625,36.5914344787598,96.6666641235352,-479.222198486328,Move_Left,pressed
817.607,jump_input_released,673.508850097656,-60.0733528137207,-180.0,-55.722110748291,Jump,released
817.673,jump_peak_reached,665.675537109375,-61.7048263549805,0.0,43.8149261474609,jump_peak,x_665.675537109375_y_-61.7048263549805
817.824,move_left_pressed,665.675537109375,-32.9103660583496,-15.0,377.148284912109,Move_Left,pressed
817.825,platform_landed,665.425537109375,-27.0661659240723,-15.0,0.0,land_on_platform,platform_scene-1/Tile Map/36_-1_layer_Tile Map_tile_36_-1_source_1_atlas_13_7
817.825,landed,665.425537109375,-27.0661659240723,-15.0,0.0,land,surface_wood_impact_0.75429656982422
817.826,musicking,665.425537109375,-27.0661659240723,-15.0,0.0,osc_received,"value_[1, ""cloud""]"
817.874,jump_input_pressed,663.258911132812,-27.0661659240723,-115.0,0.0,Jump,pressed
817.874,jump_executed,663.258911132812,-27.0661659240723,-115.0,-500.0,jump,x_663.258911132812_y_-27.0661659240723
817.874,musicking,661.340393066406,-35.4085540771484,-115.0,-500.055541992188,osc_received,"value_[1, ""chain-jumps""]"
818.306,jump_peak_reached,588.173645019531,-133.902969360352,-180.0,39.8149261474609,jump_peak,x_588.173645019531_y_-133.902969360352
818.324,jump_input_released,585.173645019531,-133.239379882812,-180.0,76.8519668579102,Jump,released
818.54,platform_landed,574.34033203125,-63.0238304138184,0.0,0.0,land_on_platform,platform_scene-1/Tile Map/31_-3_layer_Tile Map_tile_31_-3_source_1_atlas_2_0
818.54,landed,574.34033203125,-63.0238304138184,0.0,0.0,land,surface_wood_impact_1.1166669921875
818.656,jump_input_pressed,574.34033203125,-63.0238304138184,0.0,0.0,Jump,pressed
818.656,jump_executed,574.34033203125,-63.0238304138184,0.0,-500.0,jump,x_574.34033203125_y_-63.0238304138184
818.673,move_left_pressed,574.34033203125,-71.4035034179688,-15.0,-479.222198486328,Move_Left,pressed
818.94,jump_input_released,542.84033203125,-158.410934448242,-180.0,-154.333221435547,Jump,released
819.04,jump_peak_reached,532.007019042969,-163.202606201172,0.0,41.2037048339844,jump_peak,x_532.007019042969_y_-163.202606201172
819.173,platform_landed,532.007019042969,-135.003082275391,0.0,0.0,land_on_platform,platform_scene-1/Tile Map/29_-7_layer_Tile Map_tile_29_-7_source_1_atlas_0_0
819.173,landed,532.007019042969,-135.003082275391,0.0,0.0,land,surface_wood_impact_0.67500006103516
819.223,move_right_pressed,532.007019042969,-135.003082275391,33.3333320617676,0.0,Move_Right,pressed
819.273,jump_input_pressed,535.34033203125,-135.003082275391,133.33332824707,0.0,Jump,pressed
819.273,jump_executed,535.34033203125,-135.003082275391,133.33332824707,-500.0,jump,x_535.34033203125_y_-135.003082275391
819.573,jump_peak_reached,587.746704101562,-229.386306762695,180.0,74.0740737915039,jump_peak,x_587.746704101562_y_-229.386306762695
819.573,jump_input_released,587.746704101562,-229.386306762695,180.0,74.0740737915039,Jump,released
819.765,platform_landed,622.580017089844,-171.066711425781,13.3333311080933,0.0,land_on_platform,platform_scene-1/Tile Map/34_-9_layer_Tile Map_tile_34_-9_source_1_atlas_2_0
819.765,landed,622.580017089844,-171.066711425781,13.3333311080933,0.0,land,surface_wood_impact_1.037037109375
819.881,jump_input_pressed,622.580017089844,-171.066711425781,0.0,0.0,Jump,pressed
819.882,jump_executed,622.580017089844,-171.066711425781,0.0,-500.0,jump,x_622.580017089844_y_-171.066711425781
819.931,move_left_pressed,622.580017089844,-195.042388916016,-15.0,-437.833282470703,Move_Left,pressed
820.265,jump_input_released,579.080017089844,-277.023834228516,-180.0,-36.1665573120117,Jump,released
820.315,jump_peak_reached,570.080017089844,-277.790496826172,-180.0,42.5371475219727,jump_peak,x_570.080017089844_y_-277.790496826172
820.432,platform_landed,565.246704101562,-257.978637695312,0.0,0.0,land_on_platform,platform_scene-1/Tile Map/31_-14_layer_Tile Map_tile_31_-14_source_1_atlas_18_3
820.432,landed,565.246704101562,-257.978637695312,0.0,0.0,land,surface_wood_impact_0.60359283447266
820.433,musicking,565.246704101562,-257.978637695312,0.0,0.0,osc_received,"value_[1, ""leaves""]"
820.532,move_right_pressed,565.246704101562,-257.978637695312,33.3333320617676,0.0,Move_Right,pressed
820.665,jump_input_pressed,582.580871582031,-258.000366210938,180.0,0.0,Jump,pressed
820.665,jump_executed,582.580871582031,-258.000366210938,180.0,-500.0,jump,x_582.580871582031_y_-258.000366210938
820.683,move_left_pressed,585.601379394531,-266.3916015625,96.6666641235352,-479.222198486328,Move_Left,pressed
820.949,musicking,558.712463378906,-355.987884521484,-180.0,-155.333221435547,osc_received,"value_[1, ""platform_pan_nav""]"
821.098,jump_peak_reached,534.712463378906,-364.886016845703,-180.0,39.8149261474609,jump_peak,x_534.712463378906_y_-364.886016845703
821.115,jump_input_released,531.712463378906,-364.222442626953,-180.0,76.8519668579102,Jump,released
821.199,platform_landed,523.879150390625,-351.014068603516,0.0,0.0,land_on_platform,platform_scene-1/Tile Map/29_-19_layer_Tile Map_tile_29_-19_source_1_atlas_12_0
821.199,landed,523.879150390625,-351.014068603516,0.0,0.0,land,surface_wood_impact_0.52407427978516
821.249,move_right_pressed,523.879150390625,-351.014068603516,33.3333320617676,0.0,Move_Right,pressed
821.256,sonification,524.434692382812,-351.014068603516,33.3333320617676,0.0,osc_received,"value_[1, ""mushrooms""]"
821.431,jump_input_pressed,550.212463378906,-351.067962646484,180.0,0.0,Jump,pressed
821.432,jump_executed,550.212463378906,-351.067962646484,180.0,-500.0,jump,x_550.212463378906_y_-351.067962646484
821.44,sonification,553.214660644531,-359.408416748047,180.0,-500.055541992188,osc_received,"value_[1, ""mushrooms""]"
821.514,move_left_pressed,565.214660644531,-389.301025390625,96.6666641235352,-396.666595458984,Move_Left,pressed
821.865,jump_peak_reached,529.547973632812,-457.90283203125,-180.0,39.8149261474609,jump_peak,x_529.547973632812_y_-457.90283203125
821.931,jump_input_released,517.547973632812,-451.544799804688,-180.0,187.963073730469,Jump,released
821.982,platform_landed,505.550933837891,-438.066314697266,-180.0,0.0,land_on_platform,platform_scene-1/Tile Map/28_-24_layer_Tile Map_tile_28_-24_source_1_atlas_13_6
821.982,landed,505.550933837891,-438.066314697266,-180.0,0.0,land,surface_wood_impact_0.59814837646484
821.983,musicking,505.550933837891,-438.066314697266,-180.0,0.0,osc_received,"value_[1, ""water-tube""]"
823.499,move_right_pressed,235.551040649414,-438.069702148438,-96.6666641235352,0.0,Move_Right,pressed
823.499,jump_input_pressed,235.551040649414,-438.069702148438,-96.6666641235352,0.0,Jump,pressed
823.5,jump_executed,235.551040649414,-438.069702148438,-96.6666641235352,-500.0,jump,x_235.551040649414_y_-438.069702148438
823.931,jump_peak_reached,219.966659545898,-544.903686523438,-165.0,39.8149261474609,jump_peak,x_219.966659545898_y_-544.903686523438
824.098,jump_input_released,190.216659545898,-510.490081787109,-180.0,410.185333251953,Jump,released
824.232,platform_landed,163.230422973633,-438.067687988281,-180.0,0.0,land_on_platform,platform_scene-1/Tile Map/9_-24_layer_Tile Map_tile_9_-24_source_1_atlas_13_6
824.232,landed,163.230422973633,-438.067687988281,-180.0,0.0,land,surface_wood_impact_1.41296337890625
824.233,musicking,163.230422973633,-438.067687988281,-180.0,0.0,osc_received,"value_[1, ""water-tube""]"
825.282,move_right_pressed,-22.76833152771,-438.051422119141,-96.6666641235352,0.0,Move_Right,pressed
825.299,jump_input_pressed,-24.3794288635254,-438.06201171875,-13.3333311080933,0.0,Jump,pressed
825.299,jump_executed,-24.3794288635254,-438.06201171875,-13.3333311080933,-500.0,jump,x_-24.3794288635254_y_-438.06201171875
825.731,jump_peak_reached,30.8983116149902,-544.892028808594,180.0,39.8149261474609,jump_peak,x_30.8983116149902_y_-544.892028808594
825.816,jump_input_released,45.8983116149902,-535.401306152344,180.0,225.000106811523,Jump,released
826.032,platform_landed,87.9120635986328,-438.049591064453,180.0,0.0,land_on_platform,platform_scene-1/Tile Map/4_-24_layer_Tile Map_tile_4_-24_source_1_atlas_13_6
826.032,landed,87.9120635986328,-438.049591064453,180.0,0.0,land,surface_wood_impact_1.41296337890625
826.033,musicking,87.9120635986328,-438.049591064453,180.0,0.0,osc_received,"value_[1, ""water-tube""]"
826.099,jump_input_pressed,96.9120941162109,-438.070129394531,180.0,0.0,Jump,pressed
826.099,jump_executed,96.9120941162109,-438.070129394531,180.0,-500.0,jump,x_96.9120941162109_y_-438.070129394531
826.1,musicking,99.9120941162109,-446.404388427734,180.0,-500.055541992188,osc_received,"value_[1, ""chain-jumps""]"
826.29,jump_input_released,129.912094116211,-510.904388427734,180.0,-274.499877929688,Jump,released
826.39,jump_peak_reached,147.912094116211,-515.696044921875,180.0,41.2037048339844,jump_peak,x_147.912094116211_y_-515.696044921875
826.64,platform_landed,195.921737670898,-438.049407958984,180.0,0.0,land_on_platform,platform_scene-1/Tile Map/10_-24_layer_Tile Map_tile_10_-24_source_1_atlas_13_6
826.64,landed,195.921737670898,-438.049407958984,180.0,0.0,land,surface_wood_impact_1.19351867675781
826.641,musicking,195.921737670898,-438.049407958984,180.0,0.0,osc_received,"value_[1, ""water-tube""]"
826.673,jump_input_pressed,198.921737670898,-438.049407958984,180.0,0.0,Jump,pressed
826.673,jump_executed,198.921737670898,-438.049407958984,180.0,-500.0,jump,x_198.921737670898_y_-438.049407958984
826.674,musicking,201.929275512695,-446.404602050781,180.0,-500.055541992188,osc_received,"value_[1, ""chain-jumps""]"
826.924,jump_input_released,243.929275512695,-527.241638183594,180.0,-194.166549682617,Jump,released
827.023,jump_peak_reached,261.929260253906,-532.033325195312,180.0,41.2037048339844,jump_peak,x_261.929260253906_y_-532.033325195312
827.283,jump_input_pressed,309.929260253906,-446.971557617188,180.0,633.79638671875,Jump,pressed
827.283,platform_landed,312.93115234375,-438.060211181641,180.0,0.0,land_on_platform,platform_scene-1/Tile Map/17_-24_layer_Tile Map_tile_17_-24_source_1_atlas_13_6
827.283,landed,312.93115234375,-438.060211181641,180.0,0.0,land,surface_wood_impact_1.2675927734375
827.284,musicking,312.93115234375,-438.060211181641,180.0,0.0,osc_received,"value_[1, ""water-tube""]"
827.298,jump_executed,312.93115234375,-438.060211181641,180.0,-500.0,jump,x_312.93115234375_y_-438.060211181641
827.299,musicking,315.933715820312,-446.401580810547,180.0,-500.055541992188,osc_received,"value_[1, ""chain-jumps""]"
827.315,jump_peak_reached,315.933715820312,-446.401580810547,180.0,-479.222198486328,jump_peak,x_315.933715820312_y_-446.401580810547
827.465,jump_input_released,342.933715820312,-505.979370117188,180.0,-294.722106933594,Jump,released
827.799,platform_landed,405.936431884766,-438.056701660156,180.0,0.0,land_on_platform,platform_scene-1/Tile Map/22_-24_layer_Tile Map_tile_22_-24_source_1_atlas_13_6
827.799,landed,405.936431884766,-438.056701660156,180.0,0.0,land,surface_wood_impact_1.11944458007812
827.799,musicking,405.936431884766,-438.056701660156,180.0,0.0,osc_received,"value_[1, ""water-tube""]"
827.816,jump_input_pressed,405.936431884766,-438.056701660156,180.0,0.0,Jump,pressed
827.816,jump_executed,405.936431884766,-438.056701660156,180.0,-500.0,jump,x_405.936431884766_y_-438.056701660156
827.816,musicking,408.938934326172,-446.397918701172,180.0,-500.055541992188,osc_received,"value_[1, ""chain-jumps""]"
827.915,jump_input_released,423.938934326172,-482.907196044922,180.0,-376.166595458984,Jump,released
828.015,jump_peak_reached,441.938934326172,-487.698852539062,180.0,41.2037048339844,jump_peak,x_441.938934326172_y_-487.698852539062
828.215,platform_landed,480.947235107422,-438.053588867188,180.0,0.0,land_on_platform,platform_scene-1/Tile Map/26_-24_layer_Tile Map_tile_26_-24_source_1_atlas_13_6
828.215,landed,480.947235107422,-438.053588867188,180.0,0.0,land,surface_wood_impact_0.97129644775391
828.223,musicking,480.947235107422,-438.053588867188,180.0,0.0,osc_received,"value_[1, ""water-tube""]"
828.55,jump_input_pressed,537.403686523438,-438.985412597656,180.0,0.0,Jump,pressed
828.55,jump_executed,537.403686523438,-438.985412597656,180.0,-500.0,jump,x_537.403686523438_y_-438.985412597656
828.799,jump_input_released,582.420715332031,-528.204040527344,180.0,-194.166549682617,Jump,released
828.898,jump_peak_reached,600.420715332031,-532.995727539062,180.0,41.2037048339844,jump_peak,x_600.420715332031_y_-532.995727539062
829.198,platform_landed,647.254028320312,-419.830352783203,0.0,0.0,land_on_platform,platform_scene-1/Tile Map/35_-23_layer_Tile Map_tile_35_-23_source_1_atlas_19_3
829.198,landed,647.254028320312,-419.830352783203,0.0,0.0,land,surface_wood_impact_1.41574096679688
829.199,musicking,647.254028320312,-419.830352783203,0.0,0.0,osc_received,"value_[1, ""leaves""]"
829.532,move_right_pressed,647.254028320312,-419.830352783203,33.3333320617676,0.0,Move_Right,pressed
829.549,jump_input_pressed,647.818115234375,-419.679962158203,66.6666641235352,0.0,Jump,pressed
829.549,jump_executed,647.818115234375,-419.679962158203,66.6666641235352,-500.0,jump,x_647.818115234375_y_-419.679962158203
829.882,jump_input_released,699.714904785156,-521.861206054688,180.0,-94.9998931884766,Jump,released
829.982,jump_peak_reached,713.548217773438,-526.152893066406,0.0,46.2038116455078,jump_peak,x_713.548217773438_y_-526.152893066406
830.132,platform_landed,713.548217773438,-495.023345947266,0.0,0.0,land_on_platform,platform_scene-1/Tile Map/39_-27_layer_Tile Map_tile_39_-27_source_1_atlas_2_0
830.132,landed,713.548217773438,-495.023345947266,0.0,0.0,land,surface_wood_impact_0.75907434082031
830.149,musicking,713.548217773438,-495.023345947266,0.0,0.0,osc_received,"value_[1, ""platform_pan_nav""]"
830.199,jump_input_pressed,713.548217773438,-495.023345947266,0.0,0.0,Jump,pressed
830.199,jump_executed,713.548217773438,-495.023345947266,0.0,-500.0,jump,x_713.548217773438_y_-495.023345947266
830.2,musicking,713.548217773438,-503.403411865234,0.0,-500.055541992188,osc_received,"value_[1, ""chain-jumps""]"
830.398,move_left_pressed,713.548217773438,-572.489501953125,-15.0,-254.333206176758,Move_Left,pressed
830.599,platform_landed,706.469787597656,-602.168212890625,-75.0,-18.0554447174072,land_on_platform,platform_scene-1/Tile Map/38_-33_layer_Tile Map_tile_38_-33_source_1_atlas_0_0
830.599,landed,706.469787597656,-602.168212890625,-75.0,-18.0554447174072,land,surface_wood_impact_0.03611088943481
830.665,jump_peak_reached,699.9189453125,-603.188537597656,-171.66667175293,39.8149261474609,jump_peak,x_699.9189453125_y_-603.188537597656
830.665,platform_landed,697.057861328125,-603.066223144531,-171.66667175293,0.0,land_on_platform,platform_scene-1/Tile Map/38_-33_layer_Tile Map_tile_38_-33_source_1_atlas_0_0
830.665,landed,697.057861328125,-603.066223144531,-171.66667175293,0.0,land,surface_wood_impact_0.07962985229492
830.732,jump_input_released,688.057861328125,-603.066223144531,-96.6666641235352,0.0,Jump,released
831.015,move_left_pressed,686.224548339844,-603.066223144531,-33.3333320617676,0.0,Move_Left,pressed
831.199,platform_landed,657.478149414062,-585.066711425781,-180.0,0.0,land_on_platform,platform_scene-1/Tile Map/36_-32_layer_Tile Map_tile_36_-32_source_1_atlas_2_0
831.199,landed,657.478149414062,-585.066711425781,-180.0,0.0,land,surface_wood_impact_0.59259259033203
831.283,musicking,642.478149414062,-585.066711425781,-180.0,0.0,osc_received,"value_[1, ""chain-jumps-combo-walk""]"
831.299,jump_input_pressed,642.478149414062,-585.066711425781,-180.0,0.0,Jump,pressed
831.299,jump_executed,642.478149414062,-585.066711425781,-180.0,-500.0,jump,x_642.478149414062_y_-585.066711425781
831.616,jump_input_released,585.4755859375,-685.263671875,-180.0,-114.722114562988,Jump,released
831.715,jump_peak_reached,567.4755859375,-690.055358886719,-96.6666641235352,41.2037048339844,jump_peak,x_567.4755859375_y_-690.055358886719
831.917,move_left_pressed,565.642272949219,-641.073852539062,-15.0,485.648223876953,Move_Left,pressed
831.998,platform_landed,560.392272949219,-585.066589355469,-90.0,0.0,land_on_platform,platform_scene-1/Tile Map/31_-32_layer_Tile Map_tile_31_-32_source_1_atlas_3_0
831.998,landed,560.392272949219,-585.066589355469,-90.0,0.0,land,surface_wood_impact_1.34166687011719
832.082,musicking,546.725646972656,-585.066589355469,-180.0,0.0,osc_received,"value_[1, ""chain-jumps-combo-walk""]"
832.099,jump_input_pressed,546.725646972656,-585.066589355469,-180.0,0.0,Jump,pressed
832.099,jump_executed,546.725646972656,-585.066589355469,-180.0,-500.0,jump,x_546.725646972656_y_-585.066589355469
832.115,jump_peak_reached,543.723022460938,-593.408081054688,-180.0,-479.222198486328,jump_peak,x_543.723022460938_y_-593.408081054688
832.298,jump_input_released,510.723022460938,-662.494201660156,-180.0,-254.333206176758,Jump,released
832.682,platform_landed,438.72802734375,-564.060485839844,-180.0,0.0,land_on_platform,platform_scene-1/Tile Map/24_-31_layer_Tile Map_tile_24_-31_source_1_atlas_13_6
832.682,landed,438.72802734375,-564.060485839844,-180.0,0.0,land,surface_wood_impact_1.34166687011719
832.683,musicking,438.72802734375,-564.060485839844,-180.0,0.0,osc_received,"value_[1, ""water-tube""]"
832.699,musicking,435.72802734375,-564.060485839844,-180.0,0.0,osc_received,"value_[1, ""platform_pan_nav""]"
832.781,jump_input_pressed,424.351348876953,-565.261657714844,-180.0,0.0,Jump,pressed
832.781,jump_executed,424.351348876953,-565.261657714844,-180.0,-500.0,jump,x_424.351348876953_y_-565.261657714844
832.79,musicking,421.351348876953,-573.595947265625,-180.0,-500.055541992188,osc_received,"value_[1, ""chain-jumps""]"
832.966,jump_input_released,391.351348876953,-638.095947265625,-180.0,-274.499877929688,Jump,released
833.065,jump_peak_reached,373.351348876953,-642.887634277344,-180.0,41.2037048339844,jump_peak,x_373.351348876953_y_-642.887634277344
833.282,platform_landed,330.082427978516,-582.102783203125,-180.0,0.0,land_on_platform,platform_scene-1/Tile Map/18_-32_layer_Tile Map_tile_18_-32_source_1_atlas_14_6
833.282,landed,330.082427978516,-582.102783203125,-180.0,0.0,land,surface_wood_impact_1.04537048339844
833.283,musicking,330.082427978516,-582.102783203125,-180.0,0.0,osc_received,"value_[1, ""water-tube""]"
833.465,jump_input_pressed,300.184814453125,-582.2861328125,-180.0,0.0,Jump,pressed
833.465,jump_executed,300.184814453125,-582.2861328125,-180.0,-500.0,jump,x_300.184814453125_y_-582.2861328125
833.633,jump_input_released,270.183135986328,-650.202819824219,-180.0,-294.722106933594,Jump,released
833.732,jump_peak_reached,252.183135986328,-654.994506835938,-180.0,41.2037048339844,jump_peak,x_252.183135986328_y_-654.994506835938
833.965,platform_landed,206.809631347656,-582.828369140625,-180.0,0.0,land_on_platform,platform_scene-1/Tile Map/11_-32_layer_Tile Map_tile_11_-32_source_1_atlas_14_6
833.965,landed,206.809631347656,-582.828369140625,-180.0,0.0,land,surface_wood_impact_1.11944458007812
833.973,musicking,206.809631347656,-582.828369140625,-180.0,0.0,osc_received,"value_[1, ""water-tube""]"
834.131,jump_input_pressed,179.808975219727,-582.078491210938,-180.0,0.0,Jump,pressed
834.132,jump_executed,179.808975219727,-582.078491210938,-180.0,-500.0,jump,x_179.808975219727_y_-582.078491210938
834.315,jump_input_released,146.808059692383,-654.915283203125,-180.0,-274.499877929688,Jump,released
834.415,jump_peak_reached,128.808059692383,-659.706970214844,-180.0,41.2037048339844,jump_peak,x_128.808059692383_y_-659.706970214844
834.632,coin_collected,89.8080596923828,-602.63134765625,-180.0,485.648223876953,collect_coin,coin_coin20_score_24
834.639,sonification,86.8080596923828,-593.919921875,-180.0,522.685241699219,osc_received,"value_[1, ""coins-with-pitch""]"
834.648,platform_landed,83.8080596923828,-585.066467285156,-180.0,0.0,land_on_platform,platform_scene-1/Tile Map/4_-32_layer_Tile Map_tile_4_-32_source_1_atlas_2_0
834.648,landed,83.8080596923828,-585.066467285156,-180.0,0.0,land,surface_wood_impact_1.11944458007812
834.682,musicking,77.8080596923828,-585.066467285156,-180.0,0.0,osc_received,"value_[1, ""platform_pan_nav""]"
834.716,jump_input_pressed,74.8080596923828,-585.066467285156,-180.0,0.0,Jump,pressed
834.716,jump_executed,74.8080596923828,-585.066467285156,-180.0,-500.0,jump,x_74.8080596923828_y_-585.066467285156
834.717,musicking,71.8054122924805,-593.408081054688,-180.0,-500.055541992188,osc_received,"value_[1, ""chain-jumps""]"
834.731,jump_peak_reached,71.8054122924805,-593.408081054688,-180.0,-479.222198486328,jump_peak,x_71.8054122924805_y_-593.408081054688
835.016,jump_input_released,20.8039779663086,-675.080200195312,-180.0,111.111114501953,Jump,released
835.165,platform_landed,-9.18694877624512,-636.058166503906,-180.0,0.0,land_on_platform,platform_scene-1/Tile Map/-1_-35_layer_Tile Map_tile_-1_-35_source_1_atlas_13_6
835.165,landed,-9.18694877624512,-636.058166503906,-180.0,0.0,land,surface_wood_impact_0.88888897705078
835.166,musicking,-9.18694877624512,-636.058166503906,-180.0,0.0,osc_received,"value_[1, ""water-tube""]"
835.266,jump_input_pressed,-17.0202522277832,-636.069213867188,0.0,0.0,Jump,pressed
835.266,jump_executed,-17.0202522277832,-636.069213867188,0.0,-500.0,jump,x_-17.0202522277832_y_-636.069213867188
835.349,move_right_pressed,-17.0202522277832,-674.302734375,15.0,-396.666595458984,Move_Right,pressed
835.681,jump_input_released,26.4797477722168,-742.950866699219,180.0,2.77788853645325,Jump,released
835.698,jump_peak_reached,29.4797477722168,-742.904541015625,180.0,39.8149261474609,jump_peak,x_29.4797477722168_y_-742.904541015625
835.849,platform_landed,52.3130798339844,-711.017456054688,0.0,0.0,land_on_platform,platform_scene-1/Tile Map/2_-39_layer_Tile Map_tile_2_-39_source_1_atlas_2_0
835.849,landed,52.3130798339844,-711.017456054688,0.0,0.0,land,surface_wood_impact_0.74629656982422
835.933,move_left_pressed,52.3130798339844,-711.017456054688,-33.3333320617676,0.0,Move_Left,pressed
835.948,jump_input_pressed,51.7575225830078,-711.017456054688,-66.6666641235352,0.0,Jump,pressed
835.948,jump_executed,51.7575225830078,-711.017456054688,-66.6666641235352,-500.0,jump,x_51.7575225830078_y_-711.017456054688
835.949,musicking,50.6397361755371,-719.401794433594,-66.6666641235352,-500.055541992188,osc_received,"value_[1, ""chain-jumps""]"
836.349,jump_input_released,-12.1380386352539,-817.6416015625,-96.6666641235352,-16.6665554046631,Jump,released
836.392,jump_peak_reached,-13.9713716506958,-817.849914550781,0.0,41.2038154602051,jump_peak,x_-13.9713716506958_y_-817.849914550781
836.432,move_right_pressed,-13.9713716506958,-813.937866210938,15.0,152.314926147461,Move_Right,pressed
836.482,jump_input_pressed,-12.4713716506958,-804.470275878906,60.0,263.426025390625,Jump,pressed
836.483,platform_landed,-11.4713716506958,-801.066772460938,60.0,0.0,land_on_platform,platform_scene-1/Tile Map/-1_-44_layer_Tile Map_tile_-1_-44_source_1_atlas_3_0
836.483,landed,-11.4713716506958,-801.066772460938,60.0,0.0,land,surface_wood_impact_0.52685205078125
836.498,jump_executed,-11.4713716506958,-801.066772460938,60.0,-500.0,jump,x_-11.4713716506958_y_-801.066772460938
836.499,musicking,-9.91436290740967,-809.408813476562,93.3333358764648,-500.055541992188,osc_received,"value_[1, ""chain-jumps""]"
836.849,jump_input_released,46.6134185791016,-904.797668457031,180.0,-75.3332214355469,Jump,released
836.932,jump_peak_reached,61.6134185791016,-907.603149414062,180.0,45.0371475219727,jump_peak,x_61.6134185791016_y_-907.603149414062
837.199,platform_landed,112.572525024414,-816.091186523438,180.0,0.0,land_on_platform,platform_scene-1/Tile Map/6_-45_layer_Tile Map_tile_6_-45_source_1_atlas_14_6
837.199,landed,112.572525024414,-816.091186523438,180.0,0.0,land,surface_wood_impact_1.27525964355469
837.207,musicking,112.572525024414,-816.091186523438,180.0,0.0,osc_received,"value_[1, ""water-tube""]"
837.298,jump_input_pressed,126.91284942627,-816.724243164062,180.0,0.0,Jump,pressed
837.298,jump_executed,126.91284942627,-816.724243164062,180.0,-500.0,jump,x_126.91284942627_y_-816.724243164062
837.306,musicking,129.937057495117,-825.125793457031,180.0,-500.055541992188,osc_received,"value_[1, ""chain-jumps""]"
837.382,jump_input_released,141.937057495117,-855.018371582031,180.0,-396.666595458984,Jump,released
837.482,jump_peak_reached,159.937057495117,-859.81005859375,180.0,41.2037048339844,jump_peak,x_159.937057495117_y_-859.81005859375
837.651,platform_landed,192.937057495117,-819.066528320312,180.0,0.0,land_on_platform,platform_scene-1/Tile Map/10_-45_layer_Tile Map_tile_10_-45_source_1_atlas_13_7
837.652,landed,192.937057495117,-819.066528320312,180.0,0.0,land,surface_wood_impact_0.82314825439453
837.656,musicking,192.937057495117,-819.066528320312,180.0,0.0,osc_received,"value_[1, ""cloud""]"
837.657,sonification,192.937057495117,-819.066528320312,180.0,0.0,osc_received,"value_[1, ""leadr-mel""]"
837.681,musicking,198.937057495117,-819.066528320312,180.0,0.0,osc_received,"value_[1, ""platform_pan_nav""]"
837.898,jump_input_pressed,234.95100402832,-819.074768066406,180.0,0.0,Jump,pressed
837.898,jump_executed,234.95100402832,-819.074768066406,180.0,-500.0,jump,x_234.95100402832_y_-819.074768066406
837.899,musicking,237.951354980469,-827.409973144531,180.0,-500.055541992188,osc_received,"value_[1, ""chain-jumps-combo-walk""]"
838.182,jump_input_released,285.951354980469,-914.417358398438,180.0,-154.333221435547,Jump,released
838.282,jump_peak_reached,303.951354980469,-919.209045410156,180.0,41.2037048339844,jump_peak,x_303.951354980469_y_-919.209045410156
838.565,platform_landed,341.784698486328,-815.984680175781,0.0,0.0,land_on_platform,platform_scene-1/Tile Map/18_-45_layer_Tile Map_tile_18_-45_source_1_atlas_13_6
838.565,landed,341.784698486328,-815.984680175781,0.0,0.0,land,surface_wood_impact_1.34166687011719
838.566,musicking,341.784698486328,-815.984680175781,0.0,0.0,osc_received,"value_[1, ""water-tube""]"
838.566,sonification,341.784698486328,-815.984680175781,0.0,0.0,osc_received,"value_[1, ""leadr-mel""]"
838.682,jump_input_pressed,341.784698486328,-815.984680175781,0.0,0.0,Jump,pressed
838.682,jump_executed,341.784698486328,-815.984680175781,0.0,-500.0,jump,x_341.784698486328_y_-815.984680175781
838.698,move_right_pressed,341.784698486328,-824.380981445312,15.0,-479.222198486328,Move_Right,pressed
839.082,jump_input_released,394.284698486328,-922.620788574219,180.0,-16.6665554046631,Jump,released
839.115,jump_peak_reached,400.284698486328,-922.8291015625,180.0,41.2038154602051,jump_peak,x_400.284698486328_y_-922.8291015625
839.265,platform_landed,408.118041992188,-891.012573242188,0.0,0.0,land_on_platform,platform_scene-1/Tile Map/22_-49_layer_Tile Map_tile_22_-49_source_1_atlas_2_0
839.265,landed,408.118041992188,-891.012573242188,0.0,0.0,land,surface_wood_impact_0.74907434082031
839.266,sonification,408.118041992188,-891.012573242188,0.0,0.0,osc_received,"value_[1, ""leadr-mel""]"
839.315,jump_input_pressed,408.118041992188,-891.012573242188,0.0,0.0,Jump,pressed
839.316,jump_executed,408.118041992188,-891.012573242188,0.0,-500.0,jump,x_408.118041992188_y_-891.012573242188
839.317,musicking,408.118041992188,-899.402099609375,0.0,-500.055541992188,osc_received,"value_[1, ""chain-jumps""]"
839.333,move_left_pressed,408.118041992188,-899.402099609375,-15.0,-479.222198486328,Move_Left,pressed
839.681,jump_input_released,361.618041992188,-996.06689453125,-180.0,-55.722110748291,Jump,released
839.748,jump_peak_reached,351.006927490234,-997.698364257812,-13.3333311080933,43.8149261474609,jump_peak,x_351.006927490234_y_-997.698364257812
839.882,move_right_pressed,350.784698486328,-974.572448730469,15.0,340.111236572266,Move_Right,pressed
839.92,platform_landed,352.290466308594,-960.055541992188,45.0,0.0,land_on_platform,platform_scene-1/Tile Map/19_-53_layer_Tile Map_tile_19_-53_source_1_atlas_13_6
839.92,landed,352.290466308594,-960.055541992188,45.0,0.0,land,surface_wood_impact_0.82837066650391
839.921,musicking,352.290466308594,-960.055541992188,45.0,0.0,osc_received,"value_[1, ""water-tube""]"
839.923,sonification,352.290466308594,-960.055541992188,45.0,0.0,osc_received,"value_[1, ""leadr-mel""]"
839.966,jump_input_pressed,355.457122802734,-960.055541992188,145.0,0.0,Jump,pressed
839.966,jump_executed,355.457122802734,-960.055541992188,145.0,-500.0,jump,x_355.457122802734_y_-960.055541992188
839.967,musicking,357.875152587891,-968.394470214844,145.0,-500.055541992188,osc_received,"value_[1, ""chain-jumps""]"
840.399,jump_peak_reached,432.458465576172,-1066.88879394531,180.0,39.8149261474609,jump_peak,x_432.458465576172_y_-1066.88879394531
840.399,jump_input_released,432.458465576172,-1066.88879394531,180.0,39.8149261474609,Jump,released
840.632,coin_collected,474.458465576172,-1001.42578125,180.0,521.296447753906,collect_coin,coin_coin21_score_26
840.633,sonification,477.458465576172,-992.120239257812,180.0,558.33349609375,osc_received,"value_[1, ""coins-with-pitch""]"
840.665,platform_landed,483.45849609375,-981.067199707031,180.0,0.0,land_on_platform,platform_scene-1/Tile Map/26_-54_layer_Tile Map_tile_26_-54_source_1_atlas_2_0
840.665,landed,483.45849609375,-981.067199707031,180.0,0.0,land,surface_wood_impact_1.26481518554687
840.666,sonification,483.45849609375,-981.067199707031,180.0,0.0,osc_received,"value_[1, ""leadr-mel""]"
840.733,jump_input_pressed,492.45849609375,-981.067199707031,180.0,0.0,Jump,pressed
840.733,jump_executed,492.45849609375,-981.067199707031,180.0,-500.0,jump,x_492.45849609375_y_-981.067199707031
840.734,musicking,495.4609375,-989.408264160156,180.0,-500.055541992188,osc_received,"value_[1, ""chain-jumps""]"
841.099,jump_input_released,558.4609375,-1086.07299804688,180.0,-55.722110748291,Jump,released
841.165,jump_peak_reached,570.4609375,-1087.70446777344,180.0,43.8149261474609,jump_peak,x_570.4609375_y_-1087.70446777344
841.366,platform_landed,587.294250488281,-1032.00207519531,0.0,0.0,land_on_platform,platform_scene-1/Tile Map/32_-57_layer_Tile Map_tile_32_-57_source_1_atlas_13_6
841.366,landed,587.294250488281,-1032.00207519531,0.0,0.0,land,surface_wood_impact_0.97651885986328
841.367,musicking,587.294250488281,-1032.00207519531,0.0,0.0,osc_received,"value_[1, ""water-tube""]"
841.367,sonification,587.294250488281,-1032.00207519531,0.0,0.0,osc_received,"value_[1, ""leadr-mel""]"
841.399,musicking,587.294250488281,-1032.00207519531,0.0,0.0,osc_received,"value_[1, ""platform_pan_nav""]"
841.449,move_right_pressed,587.294250488281,-1032.00207519531,33.3333320617676,0.0,Move_Right,pressed
841.465,jump_input_pressed,587.849792480469,-1032.00207519531,66.6666641235352,0.0,Jump,pressed
841.465,jump_executed,587.849792480469,-1032.00207519531,66.6666641235352,-500.0,jump,x_587.849792480469_y_-1032.00207519531
841.799,jump_input_released,639.745483398438,-1134.17492675781,180.0,-94.9998931884766,Jump,released
841.898,jump_peak_reached,650.578796386719,-1138.46655273438,0.0,46.2038116455078,jump_peak,x_650.578796386719_y_-1138.46655273438
842.083,move_left_pressed,650.578796386719,-1096.04528808594,-15.0,453.611267089844,Move_Left,pressed
842.083,platform_landed,650.328796386719,-1089.06616210938,-15.0,0.0,land_on_platform,platform_scene-1/Tile Map/36_-60_layer_Tile Map_tile_36_-60_source_1_atlas_3_0
842.083,landed,650.328796386719,-1089.06616210938,-15.0,0.0,land,surface_wood_impact_0.90722253417969
842.09,sonification,650.328796386719,-1089.06616210938,-15.0,0.0,osc_received,"value_[1, ""leadr-mel""]"
842.148,jump_input_pressed,646.245483398438,-1089.06616210938,-148.33332824707,0.0,Jump,pressed
842.148,jump_executed,646.245483398438,-1089.06616210938,-148.33332824707,-500.0,jump,x_646.245483398438_y_-1089.06616210938
842.15,musicking,643.770935058594,-1097.40832519531,-148.33332824707,-500.055541992188,osc_received,"value_[1, ""chain-jumps""]"
842.432,jump_input_released,596.076477050781,-1184.41577148438,-180.0,-154.333221435547,Jump,released
842.532,jump_peak_reached,578.076477050781,-1189.20739746094,-180.0,41.2037048339844,jump_peak,x_578.076477050781_y_-1189.20739746094
842.716,platform_landed,555.2431640625,-1143.00048828125,0.0,0.0,land_on_platform,platform_scene-1/Tile Map/30_-63_layer_Tile Map_tile_30_-63_source_1_atlas_1_0
842.716,landed,555.2431640625,-1143.00048828125,0.0,0.0,land,surface_wood_impact_0.89722235107422
842.723,sonification,555.2431640625,-1143.00048828125,0.0,0.0,osc_received,"value_[1, ""leadr-mel""]"
842.799,jump_input_pressed,555.2431640625,-1143.00048828125,0.0,0.0,Jump,pressed
842.799,jump_executed,555.2431640625,-1143.00048828125,0.0,-500.0,jump,x_555.2431640625_y_-1143.00048828125
842.8,musicking,555.2431640625,-1151.400390625,0.0,-500.055541992188,osc_received,"value_[1, ""chain-jumps""]"
842.815,move_left_pressed,555.2431640625,-1151.400390625,-15.0,-479.222198486328,Move_Left,pressed
843.232,jump_peak_reached,496.7431640625,-1249.89477539062,-180.0,39.8149261474609,jump_peak,x_496.7431640625_y_-1249.89477539062
843.299,jump_input_released,484.7431640625,-1243.53674316406,-180.0,187.963073730469,Jump,released
843.399,platform_landed,463.7431640625,-1215.06677246094,-180.0,0.0,land_on_platform,platform_scene-1/Tile Map/25_-67_layer_Tile Map_tile_25_-67_source_1_atlas_0_0
843.399,landed,463.7431640625,-1215.06677246094,-180.0,0.0,land,surface_wood_impact_0.82037066650391
843.4,sonification,463.7431640625,-1215.06677246094,-180.0,0.0,osc_received,"value_[1, ""leadr-mel""]"
843.45,jump_input_pressed,457.7431640625,-1215.06677246094,-180.0,0.0,Jump,pressed
843.45,jump_executed,457.7431640625,-1215.06677246094,-180.0,-500.0,jump,x_457.7431640625_y_-1215.06677246094
843.451,musicking,454.740631103516,-1223.40808105469,-180.0,-500.055541992188,osc_received,"value_[1, ""chain-jumps""]"
843.749,jump_peak_reached,403.739166259766,-1309.38757324219,-180.0,74.0740737915039,jump_peak,x_403.739166259766_y_-1309.38757324219
843.749,jump_input_released,403.739166259766,-1309.38757324219,-180.0,74.0740737915039,Jump,released
844.065,platform_landed,348.736206054688,-1176.9755859375,-180.0,0.0,land_on_platform,platform_scene-1/Tile Map/18_-65_layer_Tile Map_tile_18_-65_source_1_atlas_3_0
844.065,landed,348.736206054688,-1176.9755859375,-180.0,0.0,land,surface_wood_impact_1.55555578613281
844.066,sonification,348.736206054688,-1176.9755859375,-180.0,0.0,osc_received,"value_[1, ""leadr-mel""]"
844.083,musicking,346.854919433594,-1178.10925292969,-180.0,0.0,osc_received,"value_[1, ""platform_pan_nav""]"
844.15,musicking,336.850769042969,-1179.00415039062,-96.6666641235352,0.0,osc_received,"value_[1, ""chain-jumps-combo-walk""]"
844.348,move_left_pressed,336.628540039062,-1179.00415039062,-33.3333320617676,0.0,Move_Left,pressed
844.499,jump_input_pressed,316.295227050781,-1179.06665039062,-180.0,0.0,Jump,pressed
844.499,jump_executed,316.295227050781,-1179.06665039062,-180.0,-500.0,jump,x_316.295227050781_y_-1179.06665039062
844.932,jump_peak_reached,238.292663574219,-1285.90246582031,-180.0,39.8149261474609,jump_peak,x_238.292663574219_y_-1285.90246582031
844.966,jump_input_released,232.292663574219,-1283.9580078125,-180.0,113.889007568359,Jump,released
845.165,platform_landed,206.459320068359,-1215.02331542969,0.0,0.0,land_on_platform,platform_scene-1/Tile Map/11_-67_layer_Tile Map_tile_11_-67_source_1_atlas_0_0
845.165,landed,206.459320068359,-1215.02331542969,0.0,0.0,land,surface_wood_impact_1.1166669921875
845.166,sonification,206.459320068359,-1215.02331542969,0.0,0.0,osc_received,"value_[1, ""leadr-mel""]"
845.283,move_left_pressed,206.459320068359,-1215.02331542969,-33.3333320617676,0.0,Move_Left,pressed
845.332,jump_input_pressed,203.1259765625,-1215.02331542969,-133.33332824707,0.0,Jump,pressed
845.333,jump_executed,203.1259765625,-1215.02331542969,-133.33332824707,-500.0,jump,x_203.1259765625_y_-1215.02331542969
845.632,jump_input_released,150.725677490234,-1312.99658203125,-180.0,-134.499893188477,Jump,released
845.732,jump_peak_reached,142.892333984375,-1317.78820800781,0.0,41.2037048339844,jump_peak,x_142.892333984375_y_-1317.78820800781
845.915,platform_landed,142.892333984375,-1269.01110839844,0.0,0.0,land_on_platform,platform_scene-1/Tile Map/7_-70_layer_Tile Map_tile_7_-70_source_1_atlas_3_0
845.916,landed,142.892333984375,-1269.01110839844,0.0,0.0,land,surface_wood_impact_0.89722235107422
845.917,sonification,142.892333984375,-1269.01110839844,0.0,0.0,osc_received,"value_[1, ""leadr-mel""]"
846.016,jump_input_pressed,142.892333984375,-1269.01110839844,0.0,0.0,Jump,pressed
846.016,jump_executed,142.892333984375,-1269.01110839844,0.0,-500.0,jump,x_142.892333984375_y_-1269.01110839844
846.032,move_left_pressed,142.892333984375,-1277.40173339844,-15.0,-479.222198486328,Move_Left,pressed
846.383,jump_input_released,96.392333984375,-1374.06652832031,-180.0,-55.722110748291,Jump,released
846.448,jump_peak_reached,84.392333984375,-1375.69799804688,-96.6666641235352,43.8149261474609,jump_peak,x_84.392333984375_y_-1375.69799804688
846.558,coin_collected,82.5589981079102,-1362.05725097656,0.0,229.000106811523,collect_coin,coin_coin23_score_28
846.558,move_right_pressed,82.5589981079102,-1362.05725097656,15.0,266.037139892578,Move_Right,pressed
846.559,sonification,82.8089981079102,-1357.62329101562,15.0,266.037139892578,osc_received,"value_[1, ""coins-with-pitch""]"
846.623,platform_landed,86.3144378662109,-1338.05053710938,75.0,0.0,land_on_platform,platform_scene-1/Tile Map/4_-74_layer_Tile Map_tile_4_-74_source_1_atlas_13_6
846.623,landed,86.3144378662109,-1338.05053710938,75.0,0.0,land,surface_wood_impact_0.82837066650391
846.623,musicking,86.3144378662109,-1338.05053710938,75.0,0.0,osc_received,"value_[1, ""water-tube""]"
846.623,sonification,86.3144378662109,-1338.05053710938,75.0,0.0,osc_received,"value_[1, ""leadr-mel""]"
846.724,jump_input_pressed,98.9767990112305,-1338.90173339844,180.0,0.0,Jump,pressed
846.724,jump_executed,98.9767990112305,-1338.90173339844,180.0,-500.0,jump,x_98.9767990112305_y_-1338.90173339844
847.156,jump_peak_reached,176.976806640625,-1445.73034667969,180.0,39.8149261474609,jump_peak,x_176.976806640625_y_-1445.73034667969
847.323,jump_input_released,206.976806640625,-1411.31677246094,180.0,410.185333251953,Jump,released
847.457,coin_collected,230.976806640625,-1339.34130859375,180.0,669.444641113281,collect_coin,coin_coin22_score_30
847.457,platform_landed,233.990020751953,-1338.04711914062,180.0,0.0,land_on_platform,platform_scene-1/Tile Map/12_-74_layer_Tile Map_tile_12_-74_source_1_atlas_13_6
847.457,landed,233.990020751953,-1338.04711914062,180.0,0.0,land,surface_wood_impact_1.41296337890625
847.458,sonification,233.990020751953,-1338.04711914062,180.0,0.0,osc_received,"value_[1, ""coins-with-pitch""]"
847.459,musicking,233.990020751953,-1338.04711914062,180.0,0.0,osc_received,"value_[1, ""water-tube""]"
847.459,sonification,233.990020751953,-1338.04711914062,180.0,0.0,osc_received,"value_[1, ""leadr-mel""]"
847.674,jump_input_pressed,269.990142822266,-1338.04711914062,180.0,0.0,Jump,pressed
847.674,jump_executed,269.990142822266,-1338.04711914062,180.0,-500.0,jump,x_269.990142822266_y_-1338.04711914062
848.024,jump_input_released,332.992492675781,-1441.77673339844,180.0,-75.3332214355469,Jump,released
848.106,jump_peak_reached,340.825836181641,-1444.58227539062,0.0,45.0371475219727,jump_peak,x_340.825836181641_y_-1444.58227539062
848.156,move_left_pressed,340.825836181641,-1440.478515625,-15.0,156.14826965332,Move_Left,pressed
848.19,jump_input_pressed,340.075836181641,-1434.65637207031,-45.0,230.22233581543,Jump,pressed
848.207,platform_landed,338.339813232422,-1428.09948730469,-60.0,0.0,land_on_platform,platform_scene-1/Tile Map/18_-79_layer_Tile Map_tile_18_-79_source_1_atlas_14_6
848.207,landed,338.339813232422,-1428.09948730469,-60.0,0.0,land,surface_wood_impact_0.53451873779297
848.208,musicking,338.339813232422,-1428.09948730469,-60.0,0.0,osc_received,"value_[1, ""water-tube""]"
848.208,sonification,338.339813232422,-1428.09948730469,-60.0,0.0,osc_received,"value_[1, ""leadr-mel""]"
848.223,jump_executed,338.339813232422,-1428.09948730469,-60.0,-500.0,jump,x_338.339813232422_y_-1428.09948730469
848.224,musicking,336.782775878906,-1436.44177246094,-93.3333358764648,-500.055541992188,osc_received,"value_[1, ""chain-jumps""]"
848.657,jump_peak_reached,265.255065917969,-1534.93615722656,-180.0,39.8149261474609,jump_peak,x_265.255065917969_y_-1534.93615722656
848.69,jump_input_released,259.255065917969,-1532.99169921875,-180.0,113.889007568359,Jump,released
848.857,platform_landed,248.421722412109,-1482.98510742188,0.0,0.0,land_on_platform,platform_scene-1/Tile Map/13_-82_layer_Tile Map_tile_13_-82_source_1_atlas_14_6
848.857,landed,248.421722412109,-1482.98510742188,0.0,0.0,land,surface_wood_impact_0.96851885986328
848.858,musicking,248.421722412109,-1482.98510742188,0.0,0.0,osc_received,"value_[1, ""water-tube""]"
848.858,sonification,248.421722412109,-1482.98510742188,0.0,0.0,osc_received,"value_[1, ""leadr-mel""]"
848.875,move_right_pressed,248.421722412109,-1482.98510742188,33.3333320617676,0.0,Move_Right,pressed
848.891,jump_input_pressed,248.977447509766,-1483.03991699219,66.6666641235352,0.0,Jump,pressed
848.891,jump_executed,248.977447509766,-1483.03991699219,66.6666641235352,-500.0,jump,x_248.977447509766_y_-1483.03991699219
848.897,musicking,250.089508056641,-1491.38122558594,66.6666641235352,-500.055541992188,osc_received,"value_[1, ""chain-jumps""]"
849.323,jump_peak_reached,318.867309570312,-1589.87561035156,180.0,39.8149261474609,jump_peak,x_318.867309570312_y_-1589.87561035156
849.341,jump_input_released,321.867309570312,-1589.21203613281,180.0,76.8519668579102,Jump,released
849.523,platform_landed,335.700653076172,-1536.44274902344,0.0,0.0,land_on_platform,platform_scene-1/Tile Map/18_-85_layer_Tile Map_tile_18_-85_source_1_atlas_14_6
849.524,landed,335.700653076172,-1536.44274902344,0.0,0.0,land,surface_wood_impact_0.96851885986328
849.524,musicking,335.700653076172,-1536.44274902344,0.0,0.0,osc_received,"value_[1, ""water-tube""]"
849.524,sonification,335.700653076172,-1536.44274902344,0.0,0.0,osc_received,"value_[1, ""leadr-mel""]"
849.542,move_left_pressed,335.700653076172,-1536.44274902344,-33.3333320617676,0.0,Move_Left,pressed
849.558,jump_input_pressed,335.238067626953,-1536.685546875,-66.6666641235352,0.0,Jump,pressed
849.558,jump_executed,335.238067626953,-1536.685546875,-66.6666641235352,-500.0,jump,x_335.238067626953_y_-1536.685546875
849.559,musicking,334.126342773438,-1545.02453613281,-66.6666641235352,-500.055541992188,osc_received,"value_[1, ""chain-jumps""]"
849.99,jump_peak_reached,265.348541259766,-1643.51892089844,-180.0,39.8149261474609,jump_peak,x_265.348541259766_y_-1643.51892089844
850.024,jump_input_released,259.348541259766,-1641.57446289062,-180.0,113.889007568359,Jump,released
850.19,platform_landed,248.515197753906,-1591.00036621094,0.0,0.0,land_on_platform,platform_scene-1/Tile Map/13_-88_layer_Tile Map_tile_13_-88_source_1_atlas_14_6
850.19,landed,248.515197753906,-1591.00036621094,0.0,0.0,land,surface_wood_impact_0.96851885986328
850.191,musicking,248.515197753906,-1591.00036621094,0.0,0.0,osc_received,"value_[1, ""water-tube""]"
850.2,sonification,248.515197753906,-1591.00036621094,0.0,0.0,osc_received,"value_[1, ""leadr-mel""]"
850.207,move_right_pressed,248.515197753906,-1591.00036621094,33.3333320617676,0.0,Move_Right,pressed
850.223,jump_input_pressed,249.070877075195,-1591.04174804688,66.6666641235352,0.0,Jump,pressed
850.223,jump_executed,249.070877075195,-1591.04174804688,66.6666641235352,-500.0,jump,x_249.070877075195_y_-1591.04174804688
850.224,musicking,250.182678222656,-1599.38110351562,66.6666641235352,-500.055541992188,osc_received,"value_[1, ""chain-jumps""]"
850.657,jump_peak_reached,318.960479736328,-1697.87548828125,180.0,39.8149261474609,jump_peak,x_318.960479736328_y_-1697.87548828125
850.657,jump_input_released,318.960479736328,-1697.87548828125,180.0,39.8149261474609,Jump,released
850.823,move_left_pressed,326.793823242188,-1663.4619140625,-15.0,410.185333251953,Move_Left,pressed
850.857,platform_landed,324.609405517578,-1644.72912597656,-45.0,0.0,land_on_platform,platform_scene-1/Tile Map/18_-91_layer_Tile Map_tile_18_-91_source_1_atlas_14_6
850.857,landed,324.609405517578,-1644.72912597656,-45.0,0.0,land,surface_wood_impact_0.96851885986328
850.858,musicking,324.609405517578,-1644.72912597656,-45.0,0.0,osc_received,"value_[1, ""water-tube""]"
850.858,sonification,324.609405517578,-1644.72912597656,-45.0,0.0,osc_received,"value_[1, ""leadr-mel""]"
850.874,jump_input_pressed,324.609405517578,-1644.72912597656,-78.3333358764648,0.0,Jump,pressed
850.874,jump_executed,324.609405517578,-1644.72912597656,-78.3333358764648,-500.0,jump,x_324.609405517578_y_-1644.72912597656
850.875,musicking,323.303863525391,-1653.06335449219,-78.3333358764648,-500.055541992188,osc_received,"value_[1, ""chain-jumps""]"
851.307,jump_peak_reached,253.220611572266,-1751.55773925781,-180.0,39.8149261474609,jump_peak,x_253.220611572266_y_-1751.55773925781
851.308,jump_input_released,253.220611572266,-1751.55773925781,-180.0,39.8149261474609,Jump,released
851.489,move_right_pressed,242.387268066406,-1710.30773925781,15.0,447.222381591797,Move_Right,pressed
851.507,platform_landed,241.969177246094,-1698.42944335938,30.0,0.0,land_on_platform,platform_scene-1/Tile Map/13_-94_layer_Tile Map_tile_13_-94_source_1_atlas_14_6
851.507,landed,241.969177246094,-1698.42944335938,30.0,0.0,land,surface_wood_impact_0.96851885986328
851.508,musicking,241.969177246094,-1698.42944335938,30.0,0.0,osc_received,"value_[1, ""water-tube""]"
851.508,sonification,241.969177246094,-1698.42944335938,30.0,0.0,osc_received,"value_[1, ""leadr-mel""]"
851.523,jump_input_pressed,241.969177246094,-1698.42944335938,63.3333320617676,0.0,Jump,pressed
851.523,jump_executed,241.969177246094,-1698.42944335938,63.3333320617676,-500.0,jump,x_241.969177246094_y_-1698.42944335938
851.524,musicking,243.02473449707,-1706.763671875,63.3333320617676,-500.055541992188,osc_received,"value_[1, ""chain-jumps""]"
851.957,jump_peak_reached,311.413635253906,-1805.25805664062,180.0,39.8149261474609,jump_peak,x_311.413635253906_y_-1805.25805664062
851.974,jump_input_released,314.413635253906,-1804.59448242188,180.0,76.8519668579102,Jump,released
852.157,platform_landed,331.246978759766,-1752.99169921875,0.0,0.0,land_on_platform,platform_scene-1/Tile Map/18_-97_layer_Tile Map_tile_18_-97_source_1_atlas_14_6
852.157,landed,331.246978759766,-1752.99169921875,0.0,0.0,land,surface_wood_impact_0.96851885986328
852.158,musicking,331.246978759766,-1752.99169921875,0.0,0.0,osc_received,"value_[1, ""water-tube""]"
852.158,sonification,331.246978759766,-1752.99169921875,0.0,0.0,osc_received,"value_[1, ""leadr-mel""]"
852.225,jump_input_pressed,331.246978759766,-1752.99169921875,0.0,0.0,Jump,pressed
852.225,jump_executed,331.246978759766,-1752.99169921875,0.0,-500.0,jump,x_331.246978759766_y_-1752.99169921875
852.225,musicking,331.246978759766,-1761.38122558594,0.0,-500.055541992188,osc_received,"value_[1, ""chain-jumps""]"
852.441,move_right_pressed,331.246978759766,-1834.71826171875,15.0,-234.222106933594,Move_Right,pressed
852.624,jump_input_released,347.746978759766,-1859.62097167969,180.0,-16.6665554046631,Jump,released
852.658,jump_peak_reached,353.746978759766,-1859.82934570312,96.6666641235352,41.2038154602051,jump_peak,x_353.746978759766_y_-1859.82934570312
852.807,platform_landed,355.580322265625,-1827.01318359375,0.0,0.0,land_on_platform,platform_scene-1/Tile Map/19_-101_layer_Tile Map_tile_19_-101_source_1_atlas_1_4
852.807,landed,355.580322265625,-1827.01318359375,0.0,0.0,land,surface_wood_impact_0.74907434082031
852.808,sonification,355.580322265625,-1827.01318359375,0.0,0.0,osc_received,"value_[1, ""leadr-mel""]"
852.824,musicking,355.580322265625,-1827.01318359375,0.0,0.0,osc_received,"value_[1, ""platform_pan_nav""]"
852.841,move_left_pressed,355.580322265625,-1827.01318359375,-33.3333320617676,0.0,Move_Left,pressed
852.857,jump_input_pressed,355.024780273438,-1827.01318359375,-66.6666641235352,0.0,Jump,pressed
852.857,jump_executed,355.024780273438,-1827.01318359375,-66.6666641235352,-500.0,jump,x_355.024780273438_y_-1827.01318359375
852.857,musicking,353.906524658203,-1835.40100097656,-66.6666641235352,-500.055541992188,osc_received,"value_[1, ""chain-jumps""]"
853.29,jump_peak_reached,285.128723144531,-1933.89538574219,-180.0,39.8149261474609,jump_peak,x_285.128723144531_y_-1933.89538574219
853.357,jump_input_released,273.128723144531,-1927.53735351562,-180.0,187.963073730469,Jump,released
853.49,coin_collected,249.128723144531,-1885.19165039062,-180.0,447.222381591797,collect_coin,coin_coin25_score_32
853.491,sonification,247.517608642578,-1877.12060546875,-96.6666641235352,484.259429931641,osc_received,"value_[1, ""coins-with-pitch""]"
853.524,platform_landed,247.295379638672,-1863.01623535156,0.0,0.0,land_on_platform,platform_scene-1/Tile Map/13_-103_layer_Tile Map_tile_13_-103_source_1_atlas_1_4
853.524,landed,247.295379638672,-1863.01623535156,0.0,0.0,land,surface_wood_impact_1.1166669921875
853.524,sonification,247.295379638672,-1863.01623535156,0.0,0.0,osc_received,"value_[1, ""leadr-mel""]"
853.624,jump_input_pressed,247.295379638672,-1863.01623535156,0.0,0.0,Jump,pressed
853.624,jump_executed,247.295379638672,-1863.01623535156,0.0,-500.0,jump,x_247.295379638672_y_-1863.01623535156
853.691,move_left_pressed,247.295379638672,-1894.33654785156,-15.0,-417.22216796875,Move_Left,pressed
853.94,jump_input_released,218.795379638672,-1963.25793457031,-180.0,-114.722114562988,Jump,released
854.04,jump_peak_reached,210.962036132812,-1968.04956054688,0.0,41.2037048339844,jump_peak,x_210.962036132812_y_-1968.04956054688
854.24,platform_landed,210.962036132812,-1917.01293945312,0.0,0.0,land_on_platform,platform_scene-1/Tile Map/11_-106_layer_Tile Map_tile_11_-106_source_1_atlas_15_7
854.24,landed,210.962036132812,-1917.01293945312,0.0,0.0,land,surface_wood_impact_0.97129644775391
854.241,musicking,210.962036132812,-1917.01293945312,0.0,0.0,osc_received,"value_[1, ""cloud""]"
854.306,jump_input_pressed,210.962036132812,-1917.01293945312,0.0,0.0,Jump,pressed
854.306,jump_executed,210.962036132812,-1917.01293945312,0.0,-500.0,jump,x_210.962036132812_y_-1917.01293945312
854.307,musicking,210.962036132812,-1925.40197753906,0.0,-500.055541992188,osc_received,"value_[1, ""chain-jumps""]"
854.324,move_left_pressed,210.962036132812,-1925.40197753906,-15.0,-479.222198486328,Move_Left,pressed
854.449,top/checkpoint reached,203.962036132812,-1974.12329101562,-120.0,-335.833251953125,top/checkpoint,coins collected: 32
854.724,jump_input_released,155.462036132812,-2023.94262695312,-180.0,2.77788853645325,Jump,released
854.74,jump_peak_reached,152.462036132812,-2023.89636230469,-180.0,39.8149261474609,jump_peak,x_152.462036132812_y_-2023.89636230469
854.907,platform_landed,144.628692626953,-1989.01550292969,0.0,0.0,land_on_platform,platform_scene-1/Tile Map/7_-110_layer_Tile Map_tile_7_-110_source_1_atlas_2_4
854.907,landed,144.628692626953,-1989.01550292969,0.0,0.0,land,surface_wood_impact_0.82037066650391
854.924,move_right_pressed,144.628692626953,-1989.01550292969,33.3333320617676,0.0,Move_Right,pressed
854.974,jump_input_pressed,147.949417114258,-1989.07421875,133.33332824707,0.0,Jump,pressed
854.974,jump_executed,147.949417114258,-1989.07421875,133.33332824707,-500.0,jump,x_147.949417114258_y_-1989.07421875
854.975,musicking,150.171997070312,-1997.40979003906,133.33332824707,-500.055541992188,osc_received,"value_[1, ""chain-jumps""]"
855.406,jump_peak_reached,224.338684082031,-2095.904296875,180.0,39.8149261474609,jump_peak,x_224.338684082031_y_-2095.904296875
855.557,jump_input_released,251.338684082031,-2067.7099609375,180.0,373.148284912109,Jump,released
855.707,platform_landed,262.172027587891,-1989.02087402344,0.0,0.0,land_on_platform,platform_scene-1/Tile Map/14_-110_layer_Tile Map_tile_14_-110_source_1_atlas_2_4
855.707,landed,262.172027587891,-1989.02087402344,0.0,0.0,land,surface_wood_impact_1.41296337890625
855.791,jump_input_pressed,262.172027587891,-1989.02087402344,0.0,0.0,Jump,pressed
855.791,jump_executed,262.172027587891,-1989.02087402344,0.0,-500.0,jump,x_262.172027587891_y_-1989.02087402344
855.799,musicking,262.172027587891,-1997.40295410156,0.0,-500.055541992188,osc_received,"value_[1, ""chain-jumps""]"
855.958,move_right_pressed,262.172027587891,-2056.98071289062,15.0,-294.722106933594,Move_Right,pressed
856.223,jump_peak_reached,293.672027587891,-2095.8974609375,180.0,39.8149261474609,jump_peak,x_293.672027587891_y_-2095.8974609375
856.307,jump_input_released,308.672027587891,-2086.40673828125,180.0,225.000106811523,Jump,released
856.323,platform_landed,314.672027587891,-2079.06640625,180.0,0.0,land_on_platform,platform_scene-1/Tile Map/17_-115_layer_Tile Map_tile_17_-115_source_1_atlas_15_0
856.324,landed,314.672027587891,-2079.06640625,180.0,0.0,land,surface_wood_impact_0.52407427978516
856.324,sonification,314.672027587891,-2079.06640625,180.0,0.0,osc_received,"value_[1, ""mushrooms""]"
856.376,sonification,316.50537109375,-2079.06640625,0.0,0.0,osc_received,"value_[1, ""mushrooms""]"
856.576,move_right_pressed,316.50537109375,-2079.06640625,33.3333320617676,0.0,Move_Right,pressed
856.576,jump_input_pressed,316.50537109375,-2079.06640625,33.3333320617676,0.0,Jump,pressed
856.576,jump_executed,316.50537109375,-2079.06640625,33.3333320617676,-500.0,jump,x_316.50537109375_y_-2079.06640625
856.999,jump_peak_reached,381.311340332031,-2185.9033203125,180.0,39.8149261474609,jump_peak,x_381.311340332031_y_-2185.9033203125
857.148,jump_input_released,408.311340332031,-2157.708984375,180.0,373.148284912109,Jump,released
857.398,platform_landed,416.144683837891,-1989.02600097656,0.0,0.0,land_on_platform,platform_scene-1/Tile Map/23_-110_layer_Tile Map_tile_23_-110_source_1_atlas_2_4
857.398,landed,416.144683837891,-1989.02600097656,0.0,0.0,land,surface_wood_impact_1.85740795898438
857.532,jump_input_pressed,416.144683837891,-1989.02600097656,0.0,0.0,Jump,pressed
857.532,jump_executed,416.144683837891,-1989.02600097656,0.0,-500.0,jump,x_416.144683837891_y_-1989.02600097656
857.548,jump_peak_reached,416.144683837891,-1997.40368652344,0.0,-479.222198486328,jump_peak,x_416.144683837891_y_-1997.40368652344
857.6,move_right_pressed,416.144683837891,-2020.337890625,15.0,-417.22216796875,Move_Right,pressed
857.998,jump_input_released,471.644683837891,-2093.95385742188,180.0,113.889007568359,Jump,released
858.132,platform_landed,498.644683837891,-2061.06713867188,180.0,0.0,land_on_platform,platform_scene-1/Tile Map/27_-114_layer_Tile Map_tile_27_-114_source_1_atlas_2_0
858.132,landed,498.644683837891,-2061.06713867188,180.0,0.0,land,surface_wood_impact_0.82037066650391
858.198,jump_input_pressed,507.644683837891,-2061.06713867188,180.0,0.0,Jump,pressed
858.198,jump_executed,507.644683837891,-2061.06713867188,180.0,-500.0,jump,x_507.644683837891_y_-2061.06713867188
858.199,musicking,510.647186279297,-2069.408203125,180.0,-500.055541992188,osc_received,"value_[1, ""chain-jumps""]"
858.615,move_left_pressed,582.647216796875,-2167.94897460938,96.6666641235352,2.77788853645325,Move_Left,pressed
858.632,jump_peak_reached,584.25830078125,-2167.90258789062,13.3333311080933,39.8149261474609,jump_peak,x_584.25830078125_y_-2167.90258789062
858.632,jump_input_released,584.25830078125,-2167.90258789062,13.3333311080933,39.8149261474609,Jump,released
859.016,platform_landed,566.619445800781,-1989.03686523438,0.0,0.0,land_on_platform,platform_scene-1/Tile Map/31_-110_layer_Tile Map_tile_31_-110_source_1_atlas_2_4
859.016,landed,566.619445800781,-1989.03686523438,0.0,0.0,land,surface_wood_impact_1.78333386230469
859.033,move_right_pressed,566.619445800781,-1989.03686523438,33.3333320617676,0.0,Move_Right,pressed
859.332,jump_input_pressed,613.961242675781,-1979.67993164062,180.0,222.222213745117,Jump,pressed
859.481,jump_input_released,640.961242675781,-1924.12438964844,180.0,555.555603027344,Jump,released
859.481,platform_landed,643.961853027344,-1915.04162597656,180.0,0.0,land_on_platform,platform_scene-1/Tile Map/35_-106_layer_Tile Map_tile_35_-106_source_1_atlas_14_6
859.481,landed,643.961853027344,-1915.04162597656,180.0,0.0,land,surface_wood_impact_1.11111120605469
859.482,musicking,643.961853027344,-1915.04162597656,180.0,0.0,osc_received,"value_[1, ""water-tube""]"
859.749,move_left_pressed,660.802917480469,-1866.19812011719,-15.0,481.481536865234,Move_Left,pressed
859.966,platform_landed,648.756591796875,-1698.83984375,-93.3877716064453,0.0,land_on_platform,platform_scene-1/Tile Map/35_-94_layer_Tile Map_tile_35_-94_source_1_atlas_14_6
859.966,landed,648.756591796875,-1698.83984375,-93.3877716064453,0.0,land,surface_wood_impact_1.92592626953125
859.967,musicking,648.756591796875,-1698.83984375,-93.3877716064453,0.0,osc_received,"value_[1, ""water-tube""]"
860.432,move_right_pressed,633.157287597656,-1698.08166503906,33.3333320617676,0.0,Move_Right,pressed
860.516,jump_input_pressed,640.990844726562,-1699.36608886719,180.0,0.0,Jump,pressed
860.516,jump_executed,640.990844726562,-1699.36608886719,180.0,-500.0,jump,x_640.990844726562_y_-1699.36608886719
860.532,jump_peak_reached,643.990844726562,-1707.70031738281,180.0,-479.222198486328,jump_peak,x_643.990844726562_y_-1707.70031738281
860.582,move_left_pressed,652.990844726562,-1730.63452148438,96.6666641235352,-417.22216796875,Move_Left,pressed
860.965,jump_input_released,638.999267578125,-1746.60693359375,-70.130012512207,408.608947753906,Jump,released
861.048,platform_landed,637.830444335938,-1698.26501464844,0.0,0.0,land_on_platform,platform_scene-1/Tile Map/35_-94_layer_Tile Map_tile_35_-94_source_1_atlas_14_6
861.049,landed,637.830444335938,-1698.26501464844,0.0,0.0,land,surface_wood_impact_1.18758837890625
861.049,musicking,637.830444335938,-1698.26501464844,0.0,0.0,osc_received,"value_[1, ""water-tube""]"
861.165,move_left_pressed,637.830444335938,-1698.26501464844,-33.3333320617676,0.0,Move_Left,pressed
861.449,move_right_pressed,619.199829101562,-1699.04565429688,33.3333320617676,0.0,Move_Right,pressed
861.632,jump_input_pressed,645.077026367188,-1699.02612304688,180.0,0.0,Jump,pressed
861.632,jump_executed,645.077026367188,-1699.02612304688,180.0,-500.0,jump,x_645.077026367188_y_-1699.02612304688
861.649,move_left_pressed,648.083068847656,-1707.37707519531,96.6666641235352,-479.222198486328,Move_Left,pressed
861.865,jump_peak_reached,635.846557617188,-1776.76379394531,-175.151473999023,51.9560317993164,jump_peak,x_635.846557617188_y_-1776.76379394531
862.051,jump_input_released,602.927368164062,-1733.28784179688,-96.6666641235352,459.363494873047,Jump,released
862.133,move_right_pressed,601.094055175781,-1688.83471679688,15.0,644.548706054688,Move_Right,pressed
862.332,platform_landed,603.658081054688,-1512.51818847656,79.1272048950195,0.0,land_on_platform,platform_scene-1/Tile Map/34_-84_layer_Tile Map_tile_34_-84_source_1_atlas_14_6
862.332,landed,603.658081054688,-1512.51818847656,79.1272048950195,0.0,land,surface_wood_impact_2.177986328125
862.34,musicking,603.658081054688,-1512.51818847656,79.1272048950195,0.0,osc_received,"value_[1, ""water-tube""]"
862.373,musicking,603.658081054688,-1511.90087890625,0.0,37.037036895752,osc_received,"value_[1, ""far-fall""]"
862.498,move_left_pressed,603.658081054688,-1490.2958984375,-15.0,333.333343505859,Move_Left,pressed
862.632,move_left_pressed,596.296997070312,-1428.56750488281,-36.6666641235352,629.629699707031,Move_Left,pressed
862.632,jump_input_pressed,596.296997070312,-1428.56750488281,-36.6666641235352,629.629699707031,Jump,pressed
862.715,move_right_pressed,590.741577148438,-1369.92553710938,-13.3333311080933,814.81494140625,Move_Right,pressed
862.749,platform_landed,590.519348144531,-1338.0390625,0.0,0.0,land_on_platform,platform_scene-1/Tile Map/32_-74_layer_Tile Map_tile_32_-74_source_1_atlas_13_6
862.749,landed,590.519348144531,-1338.0390625,0.0,0.0,land,surface_wood_impact_1.77777807617188
862.757,musicking,590.519348144531,-1338.0390625,0.0,0.0,osc_received,"value_[1, ""water-tube""]"
862.765,jump_executed,590.519348144531,-1338.0390625,0.0,-500.0,jump,x_590.519348144531_y_-1338.0390625
862.766,musicking,590.519348144531,-1346.39147949219,0.0,-500.055541992188,osc_received,"value_[1, ""chain-jumps""]"
862.965,jump_input_released,590.519348144531,-1415.4775390625,0.0,-254.333206176758,Jump,released
863.065,jump_peak_reached,590.519348144531,-1420.26916503906,0.0,41.2037048339844,jump_peak,x_590.519348144531_y_-1420.26916503906
863.315,platform_landed,590.519348144531,-1338.00476074219,0.0,0.0,land_on_platform,platform_scene-1/Tile Map/32_-74_layer_Tile Map_tile_32_-74_source_1_atlas_13_6
863.316,landed,590.519348144531,-1338.00476074219,0.0,0.0,land,surface_wood_impact_1.19351867675781
863.317,musicking,590.519348144531,-1338.00476074219,0.0,0.0,osc_received,"value_[1, ""water-tube""]"
863.381,jump_input_pressed,590.519348144531,-1338.00476074219,0.0,0.0,Jump,pressed
863.381,jump_executed,590.519348144531,-1338.00476074219,0.0,-500.0,jump,x_590.519348144531_y_-1338.00476074219
863.39,musicking,590.519348144531,-1346.38696289062,0.0,-500.055541992188,osc_received,"value_[1, ""chain-jumps""]"
863.815,jump_peak_reached,590.519348144531,-1444.88134765625,0.0,39.8149261474609,jump_peak,x_590.519348144531_y_-1444.88134765625
863.816,jump_input_released,590.519348144531,-1444.88134765625,0.0,39.8149261474609,Jump,released
864.116,platform_landed,588.03466796875,-1338.05419921875,-60.0,0.0,land_on_platform,platform_scene-1/Tile Map/32_-74_layer_Tile Map_tile_32_-74_source_1_atlas_13_6
864.116,landed,588.03466796875,-1338.05419921875,-60.0,0.0,land,surface_wood_impact_1.41296337890625
864.123,musicking,588.03466796875,-1338.05419921875,-60.0,0.0,osc_received,"value_[1, ""water-tube""]"
864.215,move_right_pressed,575.701354980469,-1338.05419921875,-96.6666641235352,0.0,Move_Right,pressed
864.415,scene_transition,597.423583984375,-1338.05419921875,180.0,0.0,switch,from_res://Scenes/Main/scene-1.tscn_to_res://Scenes/Main/menu.tscn
864.415,session_end,597.423583984375,-1338.05419921875,180.0,0.0,,
