timestamp_seconds,event,x,y,velocity_x,velocity_y,action,info
918.81,session_start,392.0,624.0,0.0,0.0,,
918.854,jump_peak_reached,392.0,624.0,0.0,37.037036895752,jump_peak,x_392.0_y_624.0
918.899,platform_landed,392.0,638.988403320312,0.0,0.0,land_on_platform,platform_scene-1/Tile Map/21_36_layer_Tile Map_tile_21_36_source_1_atlas_2_0
918.899,landed,392.0,638.988403320312,0.0,0.0,land,surface_wood_impact_0.51851849365234
919.332,move_left_pressed,392.0,638.988403320312,-33.3333320617676,0.0,Move_Left,pressed
919.4,musicking,383.666687011719,638.988403320312,-166.666656494141,0.0,osc_received,"value_[1, ""chain-jumps-combo-walk""]"
919.485,musicking,368.666687011719,638.988403320312,-180.0,0.0,osc_received,"value_[1, ""chain-jumps-combo-walk""]"
919.607,move_right_pressed,366.833343505859,638.988403320312,33.3333320617676,0.0,Move_Right,pressed
919.774,jump_input_pressed,386.0,638.932373046875,0.0,0.0,Jump,pressed
919.774,jump_executed,386.0,638.932373046875,0.0,-500.0,jump,x_386.0_y_638.932373046875
919.79,move_left_pressed,386.0,630.5908203125,-15.0,-479.222198486328,Move_Left,pressed
920.075,jump_input_released,366.166168212891,541.026550292969,0.0,-134.499893188477,Jump,released
920.141,move_left_pressed,366.166168212891,536.443176269531,-15.0,-16.6666660308838,Move_Left,pressed
920.174,jump_peak_reached,365.416168212891,536.23486328125,-45.0,41.2037048339844,jump_peak,x_365.416168212891_y_536.23486328125
920.274,platform_landed,354.916168212891,549.933227539062,-135.0,0.0,land_on_platform,platform_scene-1/Tile Map/19_31_layer_Tile Map_tile_19_31_source_1_atlas_19_0
920.274,landed,354.916168212891,549.933227539062,-135.0,0.0,land,surface_wood_impact_0.52685186767578
920.275,musicking,354.916168212891,549.933227539062,-135.0,0.0,osc_received,"value_[1, ""leaves""]"
920.607,move_right_pressed,302.261291503906,551.903991699219,1.66666889190674,111.111114501953,Move_Right,pressed
920.774,jump_input_pressed,306.17529296875,597.334228515625,105.0,481.481536865234,Jump,pressed
920.841,platform_landed,317.42529296875,638.933715820312,165.0,0.0,land_on_platform,platform_scene-1/Tile Map/17_36_layer_Tile Map_tile_17_36_source_1_atlas_2_0
920.841,landed,317.42529296875,638.933715820312,165.0,0.0,land,surface_wood_impact_1.25925939941406
920.857,jump_executed,317.42529296875,638.933715820312,165.0,-500.0,jump,x_317.42529296875_y_638.933715820312
920.941,jump_input_released,332.428009033203,600.699340820312,180.0,-396.666595458984,Jump,released
921.041,jump_peak_reached,350.428009033203,595.907653808594,180.0,41.2037048339844,jump_peak,x_350.428009033203_y_595.907653808594
921.224,platform_landed,386.428009033203,638.933471679688,180.0,0.0,land_on_platform,platform_scene-1/Tile Map/21_36_layer_Tile Map_tile_21_36_source_1_atlas_2_0
921.224,landed,386.428009033203,638.933471679688,180.0,0.0,land,surface_wood_impact_0.89722235107422
921.241,jump_input_pressed,386.428009033203,638.933471679688,180.0,0.0,Jump,pressed
921.241,jump_executed,386.428009033203,638.933471679688,180.0,-500.0,jump,x_386.428009033203_y_638.933471679688
921.357,jump_peak_reached,391.196960449219,616.09423828125,0.0,40.4058685302734,jump_peak,x_391.196960449219_y_616.09423828125
921.491,platform_landed,391.196960449219,638.984802246094,0.0,0.0,land_on_platform,platform_scene-1/Tile Map/21_36_layer_Tile Map_tile_21_36_source_1_atlas_2_0
921.491,landed,391.196960449219,638.984802246094,0.0,0.0,land,surface_wood_impact_0.67340435791016
921.508,move_right_pressed,391.196960449219,638.984802246094,33.3333320617676,0.0,Move_Right,pressed
921.574,jump_input_released,396.752502441406,638.984802246094,166.666656494141,0.0,Jump,released
921.575,musicking,399.5302734375,638.931884765625,166.666656494141,0.0,osc_received,"value_[1, ""chain-jumps-combo-walk""]"
921.691,move_left_pressed,407.363616943359,638.931884765625,-33.3333320617676,0.0,Move_Left,pressed
921.758,musicking,399.030303955078,638.931884765625,-166.666656494141,0.0,osc_received,"value_[1, ""chain-jumps-combo-walk""]"
922.024,move_right_pressed,361.196960449219,638.931884765625,33.3333320617676,0.0,Move_Right,pressed
922.041,jump_input_pressed,361.752502441406,638.924987792969,66.6666641235352,0.0,Jump,pressed
922.041,jump_executed,361.752502441406,638.924987792969,66.6666641235352,-500.0,jump,x_361.752502441406_y_638.924987792969
922.307,jump_input_released,401.641540527344,546.501953125,180.0,-174.222106933594,Jump,released
922.416,jump_peak_reached,418.252655029297,541.710266113281,13.3333311080933,41.2037048339844,jump_peak,x_418.252655029297_y_541.710266113281
922.591,platform_landed,418.474884033203,584.996520996094,0.0,0.0,land_on_platform,platform_scene-1/Tile Map/23_33_layer_Tile Map_tile_23_33_source_1_atlas_3_0
922.591,landed,418.474884033203,584.996520996094,0.0,0.0,land,surface_wood_impact_0.89722235107422
922.608,musicking,418.474884033203,584.996520996094,0.0,0.0,osc_received,"value_[1, ""platform_pan_nav""]"
922.69,move_right_pressed,418.474884033203,584.996520996094,33.3333320617676,0.0,Move_Right,pressed
922.69,jump_input_pressed,418.474884033203,584.996520996094,33.3333320617676,0.0,Jump,pressed
922.69,jump_executed,418.474884033203,584.996520996094,33.3333320617676,-500.0,jump,x_418.474884033203_y_584.996520996094
922.924,jump_input_released,447.284515380859,499.345733642578,180.0,-214.166549682617,Jump,released
923.024,jump_peak_reached,461.117858886719,494.554077148438,0.0,41.2037048339844,jump_peak,x_461.117858886719_y_494.554077148438
923.224,platform_landed,461.117858886719,548.973815917969,0.0,0.0,land_on_platform,platform_scene-1/Tile Map/25_31_layer_Tile Map_tile_25_31_source_1_atlas_1_0
923.224,landed,461.117858886719,548.973815917969,0.0,0.0,land,surface_wood_impact_0.97129644775391
923.24,coin_collected,461.117858886719,548.973815917969,0.0,0.0,collect_coin,coin_coin_score_2
923.242,sonification,461.117858886719,548.973815917969,0.0,0.0,osc_received,"value_[1, ""coins-with-pitch""]"
923.274,move_right_pressed,461.117858886719,548.973815917969,33.3333320617676,0.0,Move_Right,pressed
923.325,jump_input_pressed,464.451171875,548.973815917969,133.33332824707,0.0,Jump,pressed
923.325,jump_executed,464.451171875,548.973815917969,133.33332824707,-500.0,jump,x_464.451171875_y_548.973815917969
923.608,jump_input_released,513.850891113281,453.591674804688,180.0,-154.333221435547,Jump,released
923.707,jump_peak_reached,531.850891113281,448.800018310547,96.6666641235352,41.2037048339844,jump_peak,x_531.850891113281_y_448.800018310547
923.891,platform_landed,533.684204101562,494.977691650391,0.0,0.0,land_on_platform,platform_scene-1/Tile Map/29_28_layer_Tile Map_tile_29_28_source_1_atlas_2_0
923.891,landed,533.684204101562,494.977691650391,0.0,0.0,land,surface_wood_impact_0.89722235107422
923.974,jump_input_pressed,533.684204101562,494.977691650391,0.0,0.0,Jump,pressed
923.974,jump_executed,533.684204101562,494.977691650391,0.0,-500.0,jump,x_533.684204101562_y_494.977691650391
924.042,move_right_pressed,533.684204101562,463.662445068359,15.0,-417.22216796875,Move_Right,pressed
924.324,jump_input_released,550.425231933594,391.378570556641,180.0,-75.3332214355469,Jump,released
924.407,jump_peak_reached,558.258544921875,388.573028564453,0.0,45.0371475219727,jump_peak,x_558.258544921875_y_388.573028564453
924.558,move_left_pressed,558.258544921875,417.550811767578,-15.0,378.370513916016,Move_Left,pressed
924.558,platform_landed,558.008544921875,422.933410644531,-15.0,0.0,land_on_platform,platform_scene-1/Tile Map/30_24_layer_Tile Map_tile_30_24_source_1_atlas_1_0
924.558,landed,558.008544921875,422.933410644531,-15.0,0.0,land,surface_wood_impact_0.75674102783203
924.582,musicking,557.203002929688,422.933410644531,-48.3333320617676,0.0,osc_received,"value_[1, ""platform_pan_nav""]"
924.608,jump_input_pressed,555.841918945312,422.933410644531,-115.0,0.0,Jump,pressed
924.608,jump_executed,555.841918945312,422.933410644531,-115.0,-500.0,jump,x_555.841918945312_y_422.933410644531
924.874,jump_input_released,510.756713867188,330.50341796875,-180.0,-174.222106933594,Jump,released
924.974,jump_peak_reached,492.756713867188,325.711761474609,-180.0,41.2037048339844,jump_peak,x_492.756713867188_y_325.711761474609
925.191,coin_collected,453.756713867188,382.787414550781,-180.0,485.648223876953,collect_coin,coin_coin2_score_4
925.192,platform_landed,450.756713867188,386.933135986328,-180.0,0.0,land_on_platform,platform_scene-1/Tile Map/24_22_layer_Tile Map_tile_24_22_source_1_atlas_2_0
925.192,landed,450.756713867188,386.933135986328,-180.0,0.0,land,surface_wood_impact_1.04537048339844
925.193,sonification,450.756713867188,386.933135986328,-180.0,0.0,osc_received,"value_[1, ""coins-with-pitch""]"
925.276,musicking,435.756713867188,386.925170898438,-180.0,0.0,osc_received,"value_[1, ""chain-jumps-combo-walk""]"
925.357,jump_input_pressed,423.756713867188,386.925170898438,-180.0,0.0,Jump,pressed
925.357,jump_executed,423.756713867188,386.925170898438,-180.0,-500.0,jump,x_423.756713867188_y_386.925170898438
925.358,musicking,422.074890136719,378.590911865234,0.0,-500.055541992188,osc_received,"value_[1, ""chain-jumps-combo-walk""]"
925.491,jump_input_released,419.57470703125,329.86962890625,0.0,-335.333251953125,Jump,released
925.59,jump_peak_reached,419.57470703125,325.077972412109,0.0,41.2037048339844,jump_peak,x_419.57470703125_y_325.077972412109
925.674,move_left_pressed,419.57470703125,334.684448242188,-15.0,226.388885498047,Move_Left,pressed
925.774,platform_landed,412.57470703125,368.933288574219,-105.0,0.0,land_on_platform,platform_scene-1/Tile Map/22_21_layer_Tile Map_tile_22_21_source_1_atlas_3_0
925.774,landed,412.57470703125,368.933288574219,-105.0,0.0,land,surface_wood_impact_0.89722235107422
925.89,jump_input_pressed,395.408050537109,368.933288574219,-180.0,0.0,Jump,pressed
925.89,jump_executed,395.408050537109,368.933288574219,-180.0,-500.0,jump,x_395.408050537109_y_368.933288574219
926.107,jump_peak_reached,356.402221679688,292.402496337891,-180.0,57.1108512878418,jump_peak,x_356.402221679688_y_292.402496337891
926.224,jump_input_released,335.402221679688,312.028381347656,-180.0,316.3701171875,Jump,released
926.274,platform_landed,323.402282714844,335.984405517578,-180.0,0.0,land_on_platform,platform_scene-1/Tile Map/17_19_layer_Tile Map_tile_17_19_source_1_atlas_18_3
926.274,landed,323.402282714844,335.984405517578,-180.0,0.0,land,surface_wood_impact_0.85496252441406
926.283,musicking,323.402282714844,335.984405517578,-180.0,0.0,osc_received,"value_[1, ""leaves""]"
926.308,musicking,317.40234375,335.9619140625,-180.0,0.0,osc_received,"value_[1, ""platform_pan_nav""]"
926.658,move_right_pressed,285.569549560547,335.947082519531,33.3333320617676,0.0,Move_Right,pressed
926.792,jump_input_pressed,302.902862548828,335.968719482422,180.0,0.0,Jump,pressed
926.792,jump_executed,302.902862548828,335.968719482422,180.0,-500.0,jump,x_302.902862548828_y_335.968719482422
927.158,jump_input_released,368.902862548828,230.969619750977,180.0,-55.722110748291,Jump,released
927.224,jump_peak_reached,379.513977050781,229.338150024414,13.3333311080933,43.8149261474609,jump_peak,x_379.513977050781_y_229.338150024414
927.307,move_right_pressed,379.736206054688,239.162246704102,15.0,229.000106811523,Move_Right,pressed
927.374,platform_landed,380.486206054688,263.988739013672,0.0,0.0,land_on_platform,platform_scene-1/Tile Map/21_15_layer_Tile Map_tile_21_15_source_1_atlas_13_6
927.374,landed,380.486206054688,263.988739013672,0.0,0.0,land,surface_wood_impact_0.75429656982422
927.375,musicking,380.486206054688,263.988739013672,0.0,0.0,osc_received,"value_[1, ""water-tube""]"
927.392,move_left_pressed,380.486206054688,263.988739013672,-33.3333320617676,0.0,Move_Left,pressed
927.407,jump_input_pressed,379.930725097656,263.932708740234,-66.6666641235352,0.0,Jump,pressed
927.407,jump_executed,379.930725097656,263.932708740234,-66.6666641235352,-500.0,jump,x_379.930725097656_y_263.932708740234
927.708,jump_input_released,359.07470703125,165.995040893555,-135.0,-134.499893188477,Jump,released
927.807,jump_peak_reached,353.213592529297,161.203369140625,0.0,41.2037048339844,jump_peak,x_353.213592529297_y_161.203369140625
927.9,move_right_pressed,353.213592529297,174.582992553711,15.0,263.425933837891,Move_Right,pressed
927.933,platform_landed,354.713592529297,188.933837890625,45.0,0.0,land_on_platform,platform_scene-1/Tile Map/19_11_layer_Tile Map_tile_19_11_source_1_atlas_3_0
927.933,landed,354.713592529297,188.933837890625,45.0,0.0,land,surface_wood_impact_0.67500006103516
928.018,jump_input_pressed,363.269134521484,189.375244140625,180.0,0.0,Jump,pressed
928.018,jump_executed,363.269134521484,189.375244140625,180.0,-500.0,jump,x_363.269134521484_y_189.375244140625
928.366,jump_input_released,426.290771484375,85.5920333862305,180.0,-75.3332214355469,Jump,released
928.449,jump_peak_reached,441.290771484375,82.7864837646484,180.0,45.0371475219727,jump_peak,x_441.290771484375_y_82.7864837646484
928.683,platform_landed,479.124114990234,152.990219116211,0.0,0.0,land_on_platform,platform_scene-1/Tile Map/26_9_layer_Tile Map_tile_26_9_source_1_atlas_3_0
928.683,landed,479.124114990234,152.990219116211,0.0,0.0,land,surface_wood_impact_1.12711145019531
928.7,musicking,479.124114990234,152.990219116211,0.0,0.0,osc_received,"value_[1, ""platform_pan_nav""]"
928.852,move_left_pressed,479.124114990234,152.990219116211,-33.3333320617676,0.0,Move_Left,pressed
928.923,musicking,470.790802001953,152.990219116211,-166.666656494141,0.0,osc_received,"value_[1, ""chain-jumps-combo-walk""]"
928.932,coin_collected,470.790802001953,152.990219116211,-166.666656494141,0.0,collect_coin,coin_coin5_score_6
928.941,sonification,467.790802001953,152.990219116211,-180.0,0.0,osc_received,"value_[1, ""coins-with-pitch""]"
929.007,musicking,455.790802001953,152.990219116211,-180.0,0.0,osc_received,"value_[1, ""chain-jumps-combo-walk""]"
929.116,move_right_pressed,440.005645751953,152.990219116211,0.0,0.0,Move_Right,pressed
929.216,jump_input_pressed,448.408111572266,152.925109863281,180.0,0.0,Jump,pressed
929.216,jump_executed,448.408111572266,152.925109863281,180.0,-500.0,jump,x_448.408111572266_y_152.925109863281
929.566,jump_input_released,511.408416748047,49.2011489868164,180.0,-75.3332214355469,Jump,released
929.649,jump_peak_reached,526.408447265625,46.3956031799316,180.0,45.0371475219727,jump_peak,x_526.408447265625_y_46.3956031799316
929.783,jump_input_pressed,550.408447265625,69.6845092773438,180.0,341.333465576172,Jump,pressed
929.8,platform_landed,556.408447265625,80.933837890625,180.0,0.0,land_on_platform,platform_scene-1/Tile Map/30_5_layer_Tile Map_tile_30_5_source_1_atlas_3_0
929.8,landed,556.408447265625,80.933837890625,180.0,0.0,land,surface_wood_impact_0.75674102783203
929.815,jump_executed,556.408447265625,80.933837890625,180.0,-500.0,jump,x_556.408447265625_y_80.933837890625
930.166,jump_input_released,619.411193847656,-22.7968597412109,180.0,-75.3332214355469,Jump,released
930.249,jump_peak_reached,634.411193847656,-25.6024055480957,180.0,45.0371475219727,jump_peak,x_634.411193847656_y_-25.6024055480957
930.483,platform_landed,641.90185546875,44.9811019897461,0.0,0.0,land_on_platform,platform_scene-1/Tile Map/35_3_layer_Tile Map_tile_35_3_source_1_atlas_13_0
930.483,landed,641.90185546875,44.9811019897461,0.0,0.0,land,surface_wood_impact_1.12711145019531
930.649,jump_input_pressed,641.90185546875,44.9811019897461,0.0,0.0,Jump,pressed
930.649,jump_executed,641.90185546875,44.9811019897461,0.0,-500.0,jump,x_641.90185546875_y_44.9811019897461
930.832,move_right_pressed,641.90185546875,-27.9028491973877,15.0,-274.499877929688,Move_Right,pressed
931.016,jump_input_released,658.40185546875,-60.0676422119141,180.0,-55.722110748291,Jump,released
931.083,jump_peak_reached,670.40185546875,-61.6991157531738,180.0,43.8149261474609,jump_peak,x_670.40185546875_y_-61.6991157531738
931.366,platform_landed,724.40185546875,44.9337692260742,180.0,0.0,land_on_platform,platform_scene-1/Tile Map/40_3_layer_Tile Map_tile_40_3_source_1_atlas_13_0
931.366,landed,724.40185546875,44.9337692260742,180.0,0.0,land,surface_wood_impact_1.34688928222656
931.374,sonification,724.40185546875,44.9337692260742,180.0,0.0,osc_received,"value_[1, ""mushrooms""]"
931.967,jump_input_pressed,829.40185546875,44.9337692260742,180.0,0.0,Jump,pressed
931.967,jump_executed,829.40185546875,44.9337692260742,180.0,-500.0,jump,x_829.40185546875_y_44.9337692260742
931.967,sonification,832.404541015625,36.5919799804688,180.0,-500.055541992188,osc_received,"value_[1, ""mushrooms""]"
931.984,jump_peak_reached,832.404541015625,36.5919799804688,180.0,-479.222198486328,jump_peak,x_832.404541015625_y_36.5919799804688
932.233,jump_input_released,877.404541015625,-47.4959602355957,180.0,-174.222106933594,Jump,released
932.567,move_left_pressed,891.237854003906,13.4994201660156,-15.0,559.722290039062,Move_Left,pressed
932.699,platform_landed,885.876770019531,116.949203491211,0.0,0.0,land_on_platform,platform_scene-1/Tile Map/49_7_layer_Tile Map_tile_49_7_source_1_atlas_15_0
932.699,landed,885.876770019531,116.949203491211,0.0,0.0,land,surface_wood_impact_1.71203735351563
932.916,move_left_pressed,885.876770019531,116.949203491211,-33.3333320617676,0.0,Move_Left,pressed
932.916,jump_input_pressed,885.876770019531,116.949203491211,-33.3333320617676,0.0,Jump,pressed
932.917,jump_executed,885.876770019531,116.949203491211,-33.3333320617676,-500.0,jump,x_885.876770019531_y_116.949203491211
932.932,jump_peak_reached,885.319763183594,108.593109130859,-48.3333320617676,-479.222198486328,jump_peak,x_885.319763183594_y_108.593109130859
933.233,jump_input_released,842.069885253906,16.7375679016113,-180.0,-114.722114562988,Jump,released
933.417,move_right_pressed,809.069885253906,21.5523834228516,-96.6666641235352,226.388885498047,Move_Right,pressed
933.483,platform_landed,808.069946289062,44.933723449707,31.6666679382324,0.0,land_on_platform,platform_scene-1/Tile Map/44_3_layer_Tile Map_tile_44_3_source_1_atlas_13_0
933.483,landed,808.069946289062,44.933723449707,31.6666679382324,0.0,land,surface_wood_impact_0.74907415771484
933.484,sonification,808.069946289062,44.933723449707,31.6666679382324,0.0,osc_received,"value_[1, ""mushrooms""]"
933.632,jump_input_pressed,827.736633300781,44.9252586364746,180.0,0.0,Jump,pressed
933.632,jump_executed,827.736633300781,44.9252586364746,180.0,-500.0,jump,x_827.736633300781_y_44.9252586364746
933.633,sonification,830.736999511719,36.5900268554688,180.0,-500.055541992188,osc_received,"value_[1, ""mushrooms""]"
933.854,jump_input_released,866.736999511719,-36.7469940185547,180.0,-234.222106933594,Jump,released
933.949,jump_peak_reached,884.736999511719,-41.5386619567871,180.0,41.2037048339844,jump_peak,x_884.736999511719_y_-41.5386619567871
934.383,platform_landed,965.736999511719,188.933288574219,180.0,0.0,land_on_platform,platform_scene-1/Tile Map/53_11_layer_Tile Map_tile_53_11_source_1_atlas_14_0
934.383,landed,965.736999511719,188.933288574219,180.0,0.0,land,surface_wood_impact_2.00833374023438
934.383,sonification,965.736999511719,188.933288574219,180.0,0.0,osc_received,"value_[1, ""mushrooms""]"
934.465,coin_collected,977.736999511719,188.933288574219,180.0,0.0,collect_coin,coin_coin27_score_8
934.467,sonification,980.736999511719,188.933288574219,180.0,0.0,osc_received,"value_[1, ""coins-with-pitch""]"
934.566,sonification,991.5703125,188.933288574219,0.0,0.0,osc_received,"value_[1, ""mushrooms""]"
934.833,move_left_pressed,991.5703125,188.933288574219,-33.3333320617676,0.0,Move_Left,pressed
934.841,sonification,991.014770507812,188.933288574219,-33.3333320617676,0.0,osc_received,"value_[1, ""mushrooms""]"
934.949,jump_input_pressed,977.236999511719,188.933288574219,-180.0,0.0,Jump,pressed
934.949,jump_executed,977.236999511719,188.933288574219,-180.0,-500.0,jump,x_977.236999511719_y_188.933288574219
934.951,sonification,974.234436035156,180.591873168945,-180.0,-500.055541992188,osc_received,"value_[1, ""mushrooms""]"
934.966,jump_peak_reached,974.234436035156,180.591873168945,-180.0,-479.222198486328,jump_peak,x_974.234436035156_y_180.591873168945
935.366,jump_input_released,902.234436035156,82.0511779785156,-180.0,2.77788853645325,Jump,released
935.549,platform_landed,882.401123046875,116.978408813477,0.0,0.0,land_on_platform,platform_scene-1/Tile Map/48_7_layer_Tile Map_tile_48_7_source_1_atlas_13_0
935.55,landed,882.401123046875,116.978408813477,0.0,0.0,land,surface_wood_impact_0.82037066650391
935.617,move_left_pressed,882.401123046875,116.978408813477,-33.3333320617676,0.0,Move_Left,pressed
935.618,sonification,881.845581054688,116.931053161621,-33.3333320617676,0.0,osc_received,"value_[1, ""mushrooms""]"
935.632,jump_input_pressed,881.845581054688,116.931053161621,-66.6666641235352,0.0,Jump,pressed
935.633,jump_executed,881.845581054688,116.931053161621,-66.6666641235352,-500.0,jump,x_881.845581054688_y_116.931053161621
935.633,sonification,880.733642578125,108.590759277344,-66.6666641235352,-500.055541992188,osc_received,"value_[1, ""mushrooms""]"
935.95,jump_input_released,832.9560546875,16.735221862793,-180.0,-114.722114562988,Jump,released
936.049,jump_peak_reached,814.9560546875,11.9435548782349,-180.0,41.2037048339844,jump_peak,x_814.9560546875_y_11.9435548782349
936.2,platform_landed,784.9560546875,44.9336853027344,-180.0,0.0,land_on_platform,platform_scene-1/Tile Map/43_3_layer_Tile Map_tile_43_3_source_1_atlas_13_0
936.2,landed,784.9560546875,44.9336853027344,-180.0,0.0,land,surface_wood_impact_0.74907415771484
936.2,sonification,784.9560546875,44.9336853027344,-180.0,0.0,osc_received,"value_[1, ""mushrooms""]"
936.383,jump_input_pressed,754.9560546875,44.9336853027344,-180.0,0.0,Jump,pressed
936.383,jump_executed,754.9560546875,44.9336853027344,-180.0,-500.0,jump,x_754.9560546875_y_44.9336853027344
936.384,sonification,751.953369140625,36.5919647216797,-180.0,-500.055541992188,osc_received,"value_[1, ""mushrooms""]"
936.716,jump_input_released,694.953369140625,-57.1941146850586,-180.0,-94.9998931884766,Jump,released
936.816,jump_peak_reached,676.953369140625,-61.4857711791992,-180.0,46.2038116455078,jump_peak,x_676.953369140625_y_-61.4857711791992
936.966,platform_landed,669.120056152344,-27.0327949523926,0.0,0.0,land_on_platform,platform_scene-1/Tile Map/37_-1_layer_Tile Map_tile_37_-1_source_1_atlas_15_7
936.967,landed,669.120056152344,-27.0327949523926,0.0,0.0,land,surface_wood_impact_0.75907434082031
936.974,musicking,669.120056152344,-27.0327949523926,0.0,0.0,osc_received,"value_[1, ""cloud""]"
936.999,move_left_pressed,669.120056152344,-27.0327949523926,-33.3333320617676,0.0,Move_Left,pressed
937.017,jump_input_pressed,668.564514160156,-27.0327949523926,-66.6666641235352,0.0,Jump,pressed
937.017,jump_executed,668.564514160156,-27.0327949523926,-66.6666641235352,-500.0,jump,x_668.564514160156_y_-27.0327949523926
937.333,jump_input_released,619.6708984375,-127.259521484375,-180.0,-114.722114562988,Jump,released
937.433,jump_peak_reached,601.6708984375,-132.051193237305,-180.0,41.2037048339844,jump_peak,x_601.6708984375_y_-132.051193237305
937.666,platform_landed,584.837585449219,-63.0209693908691,0.0,0.0,land_on_platform,platform_scene-1/Tile Map/32_-3_layer_Tile Map_tile_32_-3_source_1_atlas_3_0
937.666,landed,584.837585449219,-63.0209693908691,0.0,0.0,land,surface_wood_impact_1.11944458007812
937.683,musicking,584.837585449219,-63.0209693908691,0.0,0.0,osc_received,"value_[1, ""platform_pan_nav""]"
937.767,move_left_pressed,584.837585449219,-63.0209693908691,-33.3333320617676,0.0,Move_Left,pressed
937.767,jump_input_pressed,584.837585449219,-63.0209693908691,-33.3333320617676,0.0,Jump,pressed
937.767,jump_executed,584.837585449219,-63.0209693908691,-33.3333320617676,-500.0,jump,x_584.837585449219_y_-63.0209693908691
938.141,jump_input_released,532.028991699219,-168.067749023438,-180.0,-55.722110748291,Jump,released
938.207,jump_peak_reached,520.028991699219,-169.69921875,-180.0,43.8149261474609,jump_peak,x_520.028991699219_y_-169.69921875
938.374,coin_collected,490.028991699219,-134.618957519531,-180.0,377.148284912109,collect_coin,coin_coin9_score_10
938.375,sonification,487.028991699219,-127.715866088867,-180.0,414.185333251953,osc_received,"value_[1, ""coins-with-pitch""]"
938.408,platform_landed,485.195678710938,-117.066841125488,-13.3333311080933,0.0,land_on_platform,platform_scene-1/Tile Map/26_-6_layer_Tile Map_tile_26_-6_source_1_atlas_1_0
938.408,landed,485.195678710938,-117.066841125488,-13.3333311080933,0.0,land,surface_wood_impact_0.97651885986328
938.642,move_right_pressed,485.195678710938,-117.066841125488,33.3333320617676,0.0,Move_Right,pressed
938.759,jump_input_pressed,499.528991699219,-117.074813842773,180.0,0.0,Jump,pressed
938.759,jump_executed,499.528991699219,-117.074813842773,180.0,-500.0,jump,x_499.528991699219_y_-117.074813842773
938.775,move_left_pressed,502.529327392578,-125.40998840332,96.6666641235352,-479.222198486328,Move_Left,pressed
939.108,jump_input_released,487.07470703125,-220.798858642578,-120.0,-75.3332214355469,Jump,released
939.191,jump_peak_reached,474.57470703125,-223.604400634766,-96.6666641235352,45.0371475219727,jump_peak,x_474.57470703125_y_-223.604400634766
939.291,platform_landed,472.741363525391,-207.005264282227,0.0,0.0,land_on_platform,platform_scene-1/Tile Map/26_-11_layer_Tile Map_tile_26_-11_source_1_atlas_3_0
939.291,landed,472.741363525391,-207.005264282227,0.0,0.0,land,surface_wood_impact_0.53451873779297
939.342,move_left_pressed,472.741363525391,-207.005264282227,-33.3333320617676,0.0,Move_Left,pressed
939.459,jump_input_pressed,458.408050537109,-207.066833496094,-180.0,0.0,Jump,pressed
939.459,jump_executed,458.408050537109,-207.066833496094,-180.0,-500.0,jump,x_458.408050537109_y_-207.066833496094
939.607,jump_peak_reached,431.403961181641,-262.315368652344,-180.0,74.0740737915039,jump_peak,x_431.403961181641_y_-262.315368652344
939.926,move_right_pressed,398.713592529297,-133.303009033203,15.0,777.777893066406,Move_Right,pressed
939.926,jump_input_released,398.713592529297,-133.303009033203,15.0,777.777893066406,Jump,released
940.174,platform_landed,406.504913330078,139.537246704102,105.0,0.0,land_on_platform,platform_scene-1/Tile Map/23_8_layer_Tile Map_tile_23_8_source_1_atlas_0_0
940.174,landed,406.504913330078,139.537246704102,105.0,0.0,land,surface_wood_impact_2.66666625976563
940.208,musicking,408.436706542969,139.863845825195,0.0,0.0,osc_received,"value_[1, ""far-fall""]"
940.574,platform_landed,407.894897460938,263.998077392578,0.0,0.0,land_on_platform,platform_scene-1/Tile Map/22_15_layer_Tile Map_tile_22_15_source_1_atlas_13_6
940.574,landed,407.894897460938,263.998077392578,0.0,0.0,land,surface_wood_impact_1.48148168945313
940.575,musicking,407.894897460938,263.998077392578,0.0,0.0,osc_received,"value_[1, ""water-tube""]"
940.608,musicking,407.894897460938,263.998077392578,0.0,0.0,osc_received,"value_[1, ""platform_pan_nav""]"
940.941,move_left_pressed,407.894897460938,263.998077392578,-33.3333320617676,0.0,Move_Left,pressed
941.008,jump_input_pressed,402.339416503906,263.944061279297,-166.666656494141,0.0,Jump,pressed
941.008,jump_executed,402.339416503906,263.944061279297,-166.666656494141,-500.0,jump,x_402.339416503906_y_263.944061279297
941.308,jump_input_released,348.557922363281,166.002365112305,-180.0,-134.499893188477,Jump,released
941.407,jump_peak_reached,334.724578857422,161.210693359375,0.0,41.2037048339844,jump_peak,x_334.724578857422_y_161.210693359375
941.474,move_right_pressed,334.724578857422,167.66130065918,15.0,189.351852416992,Move_Right,pressed
941.55,platform_landed,338.474578857422,188.933502197266,75.0,0.0,land_on_platform,platform_scene-1/Tile Map/18_11_layer_Tile Map_tile_18_11_source_1_atlas_1_0
941.55,landed,338.474578857422,188.933502197266,75.0,0.0,land,surface_wood_impact_0.67500006103516
941.583,jump_input_pressed,342.641235351562,188.933502197266,175.0,0.0,Jump,pressed
941.583,jump_executed,342.641235351562,188.933502197266,175.0,-500.0,jump,x_342.641235351562_y_188.933502197266
941.866,jump_input_released,393.560485839844,93.5844879150391,180.0,-154.333221435547,Jump,released
941.966,jump_peak_reached,411.560485839844,88.7928237915039,180.0,41.2037048339844,jump_peak,x_411.560485839844_y_88.7928237915039
942.149,platform_landed,434.393829345703,135.11653137207,0.0,0.0,land_on_platform,platform_scene-1/Tile Map/23_8_layer_Tile Map_tile_23_8_source_1_atlas_0_0
942.149,landed,434.393829345703,135.11653137207,0.0,0.0,land,surface_wood_impact_0.89722235107422
942.216,move_left_pressed,434.393829345703,135.11653137207,-33.3333320617676,0.0,Move_Left,pressed
942.333,jump_input_pressed,420.075561523438,134.935516357422,-180.0,0.0,Jump,pressed
942.333,jump_executed,420.075561523438,134.935516357422,-180.0,-500.0,jump,x_420.075561523438_y_134.935516357422
942.666,jump_input_released,360.072357177734,32.8062973022461,-180.0,-94.9998931884766,Jump,released
942.766,jump_peak_reached,342.072357177734,28.5146408081055,-180.0,46.2038116455078,jump_peak,x_342.072357177734_y_28.5146408081055
942.967,platform_landed,303.072357177734,80.9333419799805,-180.0,0.0,land_on_platform,platform_scene-1/Tile Map/16_5_layer_Tile Map_tile_16_5_source_1_atlas_13_0
942.967,landed,303.072357177734,80.9333419799805,-180.0,0.0,land,surface_wood_impact_0.98129663085938
942.967,sonification,303.072357177734,80.9333419799805,-180.0,0.0,osc_received,"value_[1, ""mushrooms""]"
943.0,jump_input_pressed,300.072357177734,80.9333419799805,-180.0,0.0,Jump,pressed
943.0,jump_executed,300.072357177734,80.9333419799805,-180.0,-500.0,jump,x_300.072357177734_y_80.9333419799805
943.001,sonification,297.069763183594,72.5918807983398,-180.0,-500.055541992188,osc_received,"value_[1, ""mushrooms""]"
943.133,jump_input_released,276.069763183594,23.8705883026123,-180.0,-335.333251953125,Jump,released
943.233,jump_peak_reached,258.069763183594,19.0789222717285,-180.0,41.2037048339844,jump_peak,x_258.069763183594_y_19.0789222717285
943.45,platform_landed,216.071243286133,80.9291381835938,-180.0,0.0,land_on_platform,platform_scene-1/Tile Map/11_5_layer_Tile Map_tile_11_5_source_1_atlas_13_0
943.45,landed,216.071243286133,80.9291381835938,-180.0,0.0,land,surface_wood_impact_1.04537048339844
943.45,sonification,216.071243286133,80.9291381835938,-180.0,0.0,osc_received,"value_[1, ""mushrooms""]"
944.567,move_right_pressed,18.0712432861328,80.9291381835938,-96.6666641235352,0.0,Move_Right,pressed
944.866,jump_input_pressed,56.4601364135742,80.9246673583984,180.0,0.0,Jump,pressed
944.866,jump_executed,56.4601364135742,80.9246673583984,180.0,-500.0,jump,x_56.4601364135742_y_80.9246673583984
944.867,sonification,59.4603233337402,72.5898971557617,180.0,-500.055541992188,osc_received,"value_[1, ""mushrooms""]"
945.184,jump_input_released,113.460327148438,-19.2656364440918,180.0,-114.722114562988,Jump,released
945.283,jump_peak_reached,131.460327148438,-24.0573024749756,180.0,41.2037048339844,jump_peak,x_131.460327148438_y_-24.0573024749756
945.566,platform_landed,185.460327148438,80.9333801269531,180.0,0.0,land_on_platform,platform_scene-1/Tile Map/10_5_layer_Tile Map_tile_10_5_source_1_atlas_13_0
945.567,landed,185.460327148438,80.9333801269531,180.0,0.0,land,surface_wood_impact_1.34166687011719
945.567,sonification,185.460327148438,80.9333801269531,180.0,0.0,osc_received,"value_[1, ""mushrooms""]"
946.517,jump_input_pressed,353.460327148438,80.9333801269531,180.0,0.0,Jump,pressed
946.517,jump_executed,353.460327148438,80.9333801269531,180.0,-500.0,jump,x_353.460327148438_y_80.9333801269531
946.517,sonification,356.462921142578,72.5918960571289,180.0,-500.055541992188,osc_received,"value_[1, ""mushrooms""]"
946.533,jump_peak_reached,356.462921142578,72.5918960571289,180.0,-479.222198486328,jump_peak,x_356.462921142578_y_72.5918960571289
946.95,jump_input_released,431.462921142578,-25.9025135040283,180.0,39.8149261474609,Jump,released
947.049,platform_landed,439.296264648438,-9.0024528503418,0.0,0.0,land_on_platform,platform_scene-1/Tile Map/24_0_layer_Tile Map_tile_24_0_source_1_atlas_14_7
947.05,landed,439.296264648438,-9.0024528503418,0.0,0.0,land,surface_wood_impact_0.52407427978516
947.05,musicking,439.296264648438,-9.0024528503418,0.0,0.0,osc_received,"value_[1, ""cloud""]"
947.067,move_left_pressed,439.296264648438,-9.0024528503418,-33.3333320617676,0.0,Move_Left,pressed
947.067,musicking,438.74072265625,-9.0024528503418,-33.3333320617676,0.0,osc_received,"value_[1, ""platform_pan_nav""]"
947.116,jump_input_pressed,435.962951660156,-9.0024528503418,-133.33332824707,0.0,Jump,pressed
947.116,jump_executed,435.962951660156,-9.0024528503418,-133.33332824707,-500.0,jump,x_435.962951660156_y_-9.0024528503418
947.299,jump_input_released,430.169219970703,-81.8964614868164,0.0,-274.499877929688,Jump,released
947.399,jump_peak_reached,430.169219970703,-86.6881256103516,0.0,41.2037048339844,jump_peak,x_430.169219970703_y_-86.6881256103516
947.55,move_right_pressed,430.169219970703,-58.285343170166,15.0,374.537078857422,Move_Right,pressed
947.651,platform_landed,437.169219970703,-9.06692028045654,105.0,0.0,land_on_platform,platform_scene-1/Tile Map/24_0_layer_Tile Map_tile_24_0_source_1_atlas_14_7
947.651,landed,437.169219970703,-9.06692028045654,105.0,0.0,land,surface_wood_impact_1.19351867675781
947.651,musicking,437.169219970703,-9.06692028045654,105.0,0.0,osc_received,"value_[1, ""cloud""]"
947.817,musicking,466.335876464844,-9.06692028045654,180.0,0.0,osc_received,"value_[1, ""chain-jumps-combo-walk""]"
947.883,jump_input_pressed,475.36572265625,-8.15871715545654,180.0,37.037036895752,Jump,pressed
947.884,jump_executed,475.36572265625,-8.15871715545654,180.0,-500.0,jump,x_475.36572265625_y_-8.15871715545654
948.107,jump_peak_reached,514.367431640625,-82.3161392211914,180.0,74.0740737915039,jump_peak,x_514.367431640625_y_-82.3161392211914
948.308,jump_input_released,534.175231933594,-28.8498497009277,30.0,518.5185546875,Jump,released
948.458,platform_landed,539.286315917969,80.966423034668,0.0,0.0,land_on_platform,platform_scene-1/Tile Map/29_5_layer_Tile Map_tile_29_5_source_1_atlas_2_0
948.458,landed,539.286315917969,80.966423034668,0.0,0.0,land,surface_wood_impact_1.70370397949219
948.759,move_right_pressed,539.286315917969,80.966423034668,33.3333320617676,0.0,Move_Right,pressed
948.891,jump_input_pressed,556.61962890625,80.9294967651367,180.0,0.0,Jump,pressed
948.892,jump_executed,556.61962890625,80.9294967651367,180.0,-500.0,jump,x_556.61962890625_y_80.9294967651367
948.907,jump_peak_reached,559.621154785156,72.5910034179688,180.0,-479.222198486328,jump_peak,x_559.621154785156_y_72.5910034179688
949.125,jump_input_released,598.621154785156,-4.66268682479858,180.0,-214.166549682617,Jump,released
949.425,platform_landed,630.454467773438,44.9970016479492,0.0,0.0,land_on_platform,platform_scene-1/Tile Map/34_3_layer_Tile Map_tile_34_3_source_1_atlas_14_0
949.425,landed,630.454467773438,44.9970016479492,0.0,0.0,land,surface_wood_impact_0.97129644775391
949.516,jump_input_pressed,630.454467773438,44.9970016479492,0.0,0.0,Jump,pressed
949.517,jump_executed,630.454467773438,44.9970016479492,0.0,-500.0,jump,x_630.454467773438_y_44.9970016479492
949.617,move_right_pressed,630.454467773438,-6.18793296813965,15.0,-355.722137451172,Move_Right,pressed
949.8,jump_input_released,646.954467773438,-52.9990234375,180.0,-134.499893188477,Jump,released
949.899,jump_peak_reached,663.565551757812,-57.7906913757324,13.3333311080933,41.2037048339844,jump_peak,x_663.565551757812_y_-57.7906913757324
950.0,move_left_pressed,663.787780761719,-44.411060333252,-15.0,263.425933837891,Move_Left,pressed
950.05,platform_landed,661.287780761719,-27.067253112793,-60.0,0.0,land_on_platform,platform_scene-1/Tile Map/36_-1_layer_Tile Map_tile_36_-1_source_1_atlas_13_7
950.05,landed,661.287780761719,-27.067253112793,-60.0,0.0,land,surface_wood_impact_0.74907415771484
950.051,musicking,661.287780761719,-27.067253112793,-60.0,0.0,osc_received,"value_[1, ""cloud""]"
950.084,jump_input_pressed,659.732238769531,-27.067253112793,-126.66667175293,0.0,Jump,pressed
950.084,jump_executed,659.732238769531,-27.067253112793,-126.66667175293,-500.0,jump,x_659.732238769531_y_-27.067253112793
950.233,jump_input_released,634.786071777344,-89.727180480957,-180.0,-314.999908447266,Jump,released
950.333,jump_peak_reached,616.786071777344,-94.5188446044922,-180.0,41.2037048339844,jump_peak,x_616.786071777344_y_-94.5188446044922
950.483,platform_landed,586.786071777344,-63.066291809082,-180.0,0.0,land_on_platform,platform_scene-1/Tile Map/32_-3_layer_Tile Map_tile_32_-3_source_1_atlas_3_0
950.483,landed,586.786071777344,-63.066291809082,-180.0,0.0,land,surface_wood_impact_0.74907415771484
950.616,jump_input_pressed,565.786071777344,-63.066291809082,-180.0,0.0,Jump,pressed
950.616,jump_executed,565.786071777344,-63.066291809082,-180.0,-500.0,jump,x_565.786071777344_y_-63.066291809082
950.717,move_left_pressed,557.950073242188,-107.917304992676,-15.0,-376.166595458984,Move_Left,pressed
950.917,move_left_pressed,543.088989257812,-161.004348754883,-15.0,-134.499893188477,Move_Left,pressed
950.983,jump_input_released,540.588989257812,-168.072875976562,-75.0,-55.722110748291,Jump,released
951.049,jump_peak_reached,535.727905273438,-169.704345703125,0.0,43.8149261474609,jump_peak,x_535.727905273438_y_-169.704345703125
951.199,platform_landed,535.727905273438,-135.016937255859,0.0,0.0,land_on_platform,platform_scene-1/Tile Map/29_-7_layer_Tile Map_tile_29_-7_source_1_atlas_0_0
951.2,landed,535.727905273438,-135.016937255859,0.0,0.0,land,surface_wood_impact_0.75429656982422
951.249,jump_input_pressed,535.727905273438,-135.016937255859,0.0,0.0,Jump,pressed
951.249,jump_executed,535.727905273438,-135.016937255859,0.0,-500.0,jump,x_535.727905273438_y_-135.016937255859
951.282,move_left_pressed,535.727905273438,-151.391494750977,-15.0,-458.499969482422,Move_Left,pressed
951.666,jump_input_released,483.227905273438,-241.943328857422,-180.0,2.77788853645325,Jump,released
951.682,jump_peak_reached,480.227905273438,-241.897033691406,-180.0,39.8149261474609,jump_peak,x_480.227905273438_y_-241.897033691406
951.85,platform_landed,447.227905273438,-207.066925048828,-180.0,0.0,land_on_platform,platform_scene-1/Tile Map/24_-11_layer_Tile Map_tile_24_-11_source_1_atlas_1_0
951.85,landed,447.227905273438,-207.066925048828,-180.0,0.0,land,surface_wood_impact_0.82037066650391
951.867,musicking,444.227905273438,-207.066925048828,-180.0,0.0,osc_received,"value_[1, ""platform_pan_nav""]"
951.949,jump_input_pressed,432.227905273438,-206.957550048828,-180.0,0.0,Jump,pressed
951.949,jump_executed,432.227905273438,-206.957550048828,-180.0,-500.0,jump,x_432.227905273438_y_-206.957550048828
952.099,jump_peak_reached,405.205139160156,-262.312744140625,-180.0,74.0740737915039,jump_peak,x_405.205139160156_y_-262.312744140625
952.133,jump_input_released,399.205139160156,-259.226348876953,-180.0,148.148147583008,Jump,released
952.2,platform_landed,384.205108642578,-243.066650390625,-180.0,0.0,land_on_platform,platform_scene-1/Tile Map/21_-13_layer_Tile Map_tile_21_-13_source_1_atlas_3_0
952.2,landed,384.205108642578,-243.066650390625,-180.0,0.0,land,surface_wood_impact_0.59259259033203
952.449,jump_input_pressed,379.371765136719,-243.066650390625,0.0,0.0,Jump,pressed
952.449,jump_executed,379.371765136719,-243.066650390625,0.0,-500.0,jump,x_379.371765136719_y_-243.066650390625
952.466,move_right_pressed,379.371765136719,-251.409042358398,15.0,-479.222198486328,Move_Right,pressed
952.633,jump_input_released,393.121765136719,-315.908996582031,165.0,-274.499877929688,Jump,released
952.733,jump_peak_reached,410.871765136719,-320.700653076172,96.6666641235352,41.2037048339844,jump_peak,x_410.871765136719_y_-320.700653076172
952.866,platform_landed,412.705108642578,-297.010986328125,0.0,0.0,land_on_platform,platform_scene-1/Tile Map/22_-16_layer_Tile Map_tile_22_-16_source_1_atlas_1_0
952.866,landed,412.705108642578,-297.010986328125,0.0,0.0,land,surface_wood_impact_0.67500006103516
952.9,move_right_pressed,412.705108642578,-297.010986328125,33.3333320617676,0.0,Move_Right,pressed
952.983,jump_input_pressed,421.038421630859,-297.067565917969,180.0,0.0,Jump,pressed
952.983,jump_executed,421.038421630859,-297.067565917969,180.0,-500.0,jump,x_421.038421630859_y_-297.067565917969
953.334,jump_input_released,484.040771484375,-400.797180175781,180.0,-75.3332214355469,Jump,released
953.416,jump_peak_reached,499.040771484375,-403.602722167969,180.0,45.0371475219727,jump_peak,x_499.040771484375_y_-403.602722167969
953.617,platform_landed,538.040771484375,-351.066253662109,180.0,0.0,land_on_platform,platform_scene-1/Tile Map/29_-19_layer_Tile Map_tile_29_-19_source_1_atlas_12_0
953.617,landed,538.040771484375,-351.066253662109,180.0,0.0,land,surface_wood_impact_0.97896331787109
953.617,sonification,538.040771484375,-351.066253662109,180.0,0.0,osc_received,"value_[1, ""mushrooms""]"
953.633,musicking,541.040771484375,-351.066253662109,180.0,0.0,osc_received,"value_[1, ""platform_pan_nav""]"
953.684,jump_input_pressed,547.040771484375,-351.066253662109,180.0,0.0,Jump,pressed
953.684,jump_executed,547.040771484375,-351.066253662109,180.0,-500.0,jump,x_547.040771484375_y_-351.066253662109
953.685,sonification,550.04345703125,-359.408020019531,180.0,-500.055541992188,osc_received,"value_[1, ""mushrooms""]"
954.084,jump_input_released,619.04345703125,-457.647796630859,180.0,-16.6665554046631,Jump,released
954.116,jump_peak_reached,625.04345703125,-457.856109619141,180.0,41.2038154602051,jump_peak,x_625.04345703125_y_-457.856109619141
954.199,coin_collected,629.876770019531,-448.249633789062,0.0,189.351959228516,collect_coin,coin_coin11_score_12
954.2,sonification,629.876770019531,-444.476470947266,0.0,226.38899230957,osc_received,"value_[1, ""coins-with-pitch""]"
954.282,move_right_pressed,629.876770019531,-423.211029052734,15.0,411.57421875,Move_Right,pressed
954.283,platform_landed,630.127075195312,-420.052551269531,15.0,0.0,land_on_platform,platform_scene-1/Tile Map/35_-23_layer_Tile Map_tile_35_-23_source_1_atlas_19_3
954.283,landed,630.127075195312,-420.052551269531,15.0,0.0,land,surface_wood_impact_0.8231484375
954.29,musicking,630.127075195312,-420.052551269531,15.0,0.0,osc_received,"value_[1, ""leaves""]"
954.399,jump_input_pressed,642.682983398438,-420.020416259766,180.0,0.0,Jump,pressed
954.399,jump_executed,642.682983398438,-420.020416259766,180.0,-500.0,jump,x_642.682983398438_y_-420.020416259766
954.716,jump_input_released,699.685546875,-520.21728515625,180.0,-114.722114562988,Jump,released
954.816,jump_peak_reached,717.685546875,-525.008972167969,180.0,41.2037048339844,jump_peak,x_717.685546875_y_-525.008972167969
954.966,platform_landed,725.518859863281,-495.021179199219,0.0,0.0,land_on_platform,platform_scene-1/Tile Map/40_-27_layer_Tile Map_tile_40_-27_source_1_atlas_3_0
954.966,landed,725.518859863281,-495.021179199219,0.0,0.0,land,surface_wood_impact_0.74907415771484
955.218,move_right_pressed,725.518859863281,-495.021179199219,33.3333320617676,0.0,Move_Right,pressed
955.266,jump_input_pressed,728.852172851562,-495.021179199219,133.33332824707,0.0,Jump,pressed
955.266,jump_executed,728.852172851562,-495.021179199219,133.33332824707,-500.0,jump,x_728.852172851562_y_-495.021179199219
955.533,musicking,751.425231933594,-588.310974121094,45.0,-175.166549682617,osc_received,"value_[1, ""platform_pan_nav""]"
955.682,move_left_pressed,766.425231933594,-599.844299316406,81.6666641235352,2.77788853645325,Move_Left,pressed
955.699,jump_peak_reached,767.786315917969,-599.797973632812,0.0,39.8149261474609,jump_peak,x_767.786315917969_y_-599.797973632812
955.799,platform_landed,767.786315917969,-585.004821777344,0.0,0.0,land_on_platform,platform_scene-1/Tile Map/42_-32_layer_Tile Map_tile_42_-32_source_1_atlas_1_0
955.799,landed,767.786315917969,-585.004821777344,0.0,0.0,land,surface_wood_impact_0.52407427978516
955.816,jump_input_released,767.786315917969,-585.004821777344,0.0,0.0,Jump,released
956.285,move_left_pressed,842.1298828125,-557.13525390625,81.6666641235352,370.370391845703,Move_Left,pressed
956.416,coin_collected,838.240966796875,-490.468566894531,-90.0,629.629699707031,collect_coin,coin_coin16_score_14
956.417,sonification,836.490966796875,-479.357452392578,-105.0,666.666748046875,osc_received,"value_[1, ""coins-with-pitch""]"
956.433,platform_landed,834.500122070312,-474.060913085938,-120.0,0.0,land_on_platform,platform_scene-1/Tile Map/46_-26_layer_Tile Map_tile_46_-26_source_1_atlas_13_6
956.433,landed,834.500122070312,-474.060913085938,-120.0,0.0,land,surface_wood_impact_1.40740759277344
956.45,musicking,833.889038085938,-474.060913085938,-36.6666679382324,0.0,osc_received,"value_[1, ""water-tube""]"
956.5,move_right_pressed,833.889038085938,-474.060913085938,33.3333320617676,0.0,Move_Right,pressed
956.716,coin_collected,866.222473144531,-474.063354492188,180.0,0.0,collect_coin,coin_coin17_score_16
956.724,sonification,869.222473144531,-474.063354492188,180.0,0.0,osc_received,"value_[1, ""coins-with-pitch""]"
956.916,coin_collected,902.222595214844,-474.063385009766,180.0,0.0,collect_coin,coin_coin18_score_18
956.917,sonification,905.222595214844,-474.063385009766,180.0,0.0,osc_received,"value_[1, ""coins-with-pitch""]"
957.116,coin_collected,938.222717285156,-474.063354492188,180.0,0.0,collect_coin,coin_coin19_score_20
957.124,sonification,941.222717285156,-474.063354492188,180.0,0.0,osc_received,"value_[1, ""coins-with-pitch""]"
957.2,move_left_pressed,953.222717285156,-473.983276367188,96.6666641235352,0.0,Move_Left,pressed
958.1,jump_input_pressed,809.170532226562,-474.9765625,-180.0,37.037036895752,Jump,pressed
958.1,jump_executed,809.170532226562,-474.9765625,-180.0,-500.0,jump,x_809.170532226562_y_-474.9765625
958.324,jump_peak_reached,770.168823242188,-550.316162109375,-180.0,74.0740737915039,jump_peak,x_770.168823242188_y_-550.316162109375
958.474,jump_input_released,743.168823242188,-516.982849121094,-180.0,407.407440185547,Jump,released
958.508,platform_landed,734.168823242188,-495.066162109375,-180.0,0.0,land_on_platform,platform_scene-1/Tile Map/40_-27_layer_Tile Map_tile_40_-27_source_1_atlas_3_0
958.508,landed,734.168823242188,-495.066162109375,-180.0,0.0,land,surface_wood_impact_0.96296307373047
958.691,move_right_pressed,717.335510253906,-495.066162109375,33.3333320617676,0.0,Move_Right,pressed
958.691,jump_input_pressed,717.335510253906,-495.066162109375,33.3333320617676,0.0,Jump,pressed
958.691,jump_executed,717.335510253906,-495.066162109375,33.3333320617676,-500.0,jump,x_717.335510253906_y_-495.066162109375
959.075,jump_input_released,773.141540527344,-601.023742675781,180.0,-36.1665573120117,Jump,released
959.124,jump_peak_reached,782.141540527344,-601.790405273438,96.6666641235352,42.5371475219727,jump_peak,x_782.141540527344_y_-601.790405273438
959.224,platform_landed,783.974853515625,-585.00244140625,0.0,0.0,land_on_platform,platform_scene-1/Tile Map/43_-32_layer_Tile Map_tile_43_-32_source_1_atlas_2_0
959.224,landed,783.974853515625,-585.00244140625,0.0,0.0,land,surface_wood_impact_0.52951873779297
959.257,move_left_pressed,783.974853515625,-585.00244140625,-33.3333320617676,0.0,Move_Left,pressed
959.324,jump_input_pressed,778.419311523438,-585.00244140625,-166.666656494141,0.0,Jump,pressed
959.325,jump_executed,778.419311523438,-585.00244140625,-166.666656494141,-500.0,jump,x_778.419311523438_y_-585.00244140625
959.675,jump_input_released,715.622314453125,-688.783203125,-180.0,-75.3332214355469,Jump,released
959.758,jump_peak_reached,700.622314453125,-691.588684082031,-180.0,45.0371475219727,jump_peak,x_700.622314453125_y_-691.588684082031
960.041,coin_collected,649.622314453125,-594.877563476562,-180.0,637.629821777344,collect_coin,coin_coin15_score_22
960.042,platform_landed,646.622314453125,-585.066345214844,-180.0,0.0,land_on_platform,platform_scene-1/Tile Map/35_-32_layer_Tile Map_tile_35_-32_source_1_atlas_1_0
960.042,landed,646.622314453125,-585.066345214844,-180.0,0.0,land,surface_wood_impact_1.34933374023438
960.043,sonification,646.622314453125,-585.066345214844,-180.0,0.0,osc_received,"value_[1, ""coins-with-pitch""]"
960.124,jump_input_pressed,638.003173828125,-585.000549316406,-33.3333320617676,0.0,Jump,pressed
960.124,jump_executed,638.003173828125,-585.000549316406,-33.3333320617676,-500.0,jump,x_638.003173828125_y_-585.000549316406
960.141,jump_peak_reached,638.073486328125,-593.334838867188,-15.0,-479.222198486328,jump_peak,x_638.073486328125_y_-593.334838867188
960.391,jump_input_released,612.57470703125,-677.422790527344,-180.0,-174.222106933594,Jump,released
960.766,platform_landed,559.741394042969,-585.039001464844,0.0,0.0,land_on_platform,platform_scene-1/Tile Map/31_-32_layer_Tile Map_tile_31_-32_source_1_atlas_3_0
960.766,landed,559.741394042969,-585.039001464844,0.0,0.0,land,surface_wood_impact_1.34166687011719
960.783,musicking,559.741394042969,-585.039001464844,0.0,0.0,osc_received,"value_[1, ""platform_pan_nav""]"
960.851,move_left_pressed,559.741394042969,-585.039001464844,-33.3333320617676,0.0,Move_Left,pressed
960.883,jump_input_pressed,558.074768066406,-585.071228027344,-100.0,0.0,Jump,pressed
960.883,jump_executed,558.074768066406,-585.071228027344,-100.0,-500.0,jump,x_558.074768066406_y_-585.071228027344
961.283,jump_input_released,490.323852539062,-691.649291992188,-180.0,-16.6665554046631,Jump,released
961.316,jump_peak_reached,484.323852539062,-691.857604980469,-180.0,41.2038154602051,jump_peak,x_484.323852539062_y_-691.857604980469
961.566,move_left_pressed,461.490509033203,-616.741821289062,-15.0,596.759460449219,Move_Left,pressed
961.633,platform_landed,456.432342529297,-564.105590820312,-75.0,0.0,land_on_platform,platform_scene-1/Tile Map/25_-31_layer_Tile Map_tile_25_-31_source_1_atlas_14_6
961.633,landed,456.432342529297,-564.105590820312,-75.0,0.0,land,surface_wood_impact_1.48981530761719
961.634,musicking,456.432342529297,-564.105590820312,-75.0,0.0,osc_received,"value_[1, ""water-tube""]"
961.733,jump_input_pressed,443.348052978516,-564.059020996094,-180.0,0.0,Jump,pressed
961.733,jump_executed,443.348052978516,-564.059020996094,-180.0,-500.0,jump,x_443.348052978516_y_-564.059020996094
961.749,jump_peak_reached,440.3466796875,-572.397094726562,-180.0,-479.222198486328,jump_peak,x_440.3466796875_y_-572.397094726562
962.217,jump_input_released,356.3466796875,-667.048889160156,-180.0,150.926040649414,Jump,released
962.433,platform_landed,314.353637695312,-582.058288574219,-180.0,0.0,land_on_platform,platform_scene-1/Tile Map/17_-32_layer_Tile Map_tile_17_-32_source_1_atlas_13_6
962.433,landed,314.353637695312,-582.058288574219,-180.0,0.0,land,surface_wood_impact_1.26481518554687
962.433,musicking,314.353637695312,-582.058288574219,-180.0,0.0,osc_received,"value_[1, ""water-tube""]"
962.485,jump_input_pressed,308.353637695312,-582.058288574219,-180.0,0.0,Jump,pressed
962.485,jump_executed,308.353637695312,-582.058288574219,-180.0,-500.0,jump,x_308.353637695312_y_-582.058288574219
962.883,jump_input_released,236.348937988281,-688.645385742188,-180.0,-16.6665554046631,Jump,released
962.916,jump_peak_reached,230.348937988281,-688.853698730469,-180.0,41.2038154602051,jump_peak,x_230.348937988281_y_-688.853698730469
963.217,platform_landed,174.367858886719,-582.115295410156,-180.0,0.0,land_on_platform,platform_scene-1/Tile Map/9_-32_layer_Tile Map_tile_9_-32_source_1_atlas_14_6
963.217,landed,174.367858886719,-582.115295410156,-180.0,0.0,land,surface_wood_impact_1.4157412109375
963.217,musicking,174.367858886719,-582.115295410156,-180.0,0.0,osc_received,"value_[1, ""water-tube""]"
963.233,musicking,172.027267456055,-583.39404296875,-180.0,0.0,osc_received,"value_[1, ""platform_pan_nav""]"
963.251,jump_input_pressed,172.027267456055,-583.39404296875,-180.0,0.0,Jump,pressed
963.251,jump_executed,172.027267456055,-583.39404296875,-180.0,-500.0,jump,x_172.027267456055_y_-583.39404296875
963.418,jump_input_released,142.027267456055,-651.306091308594,-180.0,-294.722106933594,Jump,released
963.516,jump_peak_reached,124.027267456055,-656.097778320312,-180.0,41.2037048339844,jump_peak,x_124.027267456055_y_-656.097778320312
963.716,coin_collected,88.0272674560547,-607.116271972656,-180.0,448.611175537109,collect_coin,coin_coin20_score_24
963.717,sonification,85.0272674560547,-599.022155761719,-180.0,485.648223876953,osc_received,"value_[1, ""coins-with-pitch""]"
963.75,platform_landed,79.0272674560547,-585.067016601562,-180.0,0.0,land_on_platform,platform_scene-1/Tile Map/4_-32_layer_Tile Map_tile_4_-32_source_1_atlas_2_0
963.75,landed,79.0272674560547,-585.067016601562,-180.0,0.0,land,surface_wood_impact_1.11944458007812
963.784,jump_input_pressed,76.0272674560547,-585.067016601562,-180.0,0.0,Jump,pressed
963.784,jump_executed,76.0272674560547,-585.067016601562,-180.0,-500.0,jump,x_76.0272674560547_y_-585.067016601562
964.05,jump_input_released,28.0247802734375,-676.932312011719,-180.0,37.037036895752,Jump,released
964.066,jump_peak_reached,25.0233459472656,-676.314758300781,-180.0,74.0740737915039,jump_peak,x_25.0233459472656_y_-676.314758300781
964.233,platform_landed,-7.96760606765747,-636.056640625,-180.0,0.0,land_on_platform,platform_scene-1/Tile Map/-1_-35_layer_Tile Map_tile_-1_-35_source_1_atlas_13_6
964.233,landed,-7.96760606765747,-636.056640625,-180.0,0.0,land,surface_wood_impact_0.88888897705078
964.234,musicking,-7.96760606765747,-636.056640625,-180.0,0.0,osc_received,"value_[1, ""water-tube""]"
964.319,move_right_pressed,-12.800910949707,-636.069458007812,33.3333320617676,0.0,Move_Right,pressed
964.319,jump_input_pressed,-12.800910949707,-636.069458007812,33.3333320617676,0.0,Jump,pressed
964.319,jump_executed,-12.800910949707,-636.069458007812,33.3333320617676,-500.0,jump,x_-12.800910949707_y_-636.069458007812
964.616,jump_input_released,28.0047702789307,-734.001831054688,180.0,-134.499893188477,Jump,released
964.716,jump_peak_reached,46.004768371582,-738.793518066406,180.0,41.2037048339844,jump_peak,x_46.004768371582_y_-738.793518066406
964.849,move_left_pressed,50.8381004333496,-716.015747070312,-15.0,337.500030517578,Move_Left,pressed
964.85,platform_landed,50.5881004333496,-711.066589355469,-15.0,0.0,land_on_platform,platform_scene-1/Tile Map/2_-39_layer_Tile Map_tile_2_-39_source_1_atlas_2_0
964.85,landed,50.5881004333496,-711.066589355469,-15.0,0.0,land,surface_wood_impact_0.67500006103516
964.949,jump_input_pressed,41.032543182373,-711.066589355469,-180.0,0.0,Jump,pressed
964.949,jump_executed,41.032543182373,-711.066589355469,-180.0,-500.0,jump,x_41.032543182373_y_-711.066589355469
965.25,jump_input_released,5.57471561431885,-809.004333496094,-75.0,-134.499893188477,Jump,released
965.334,move_right_pressed,-3.17528486251831,-813.865478515625,-36.6666679382324,4.16666746139526,Move_Right,pressed
965.349,jump_peak_reached,-3.78639602661133,-813.796020507812,0.0,41.2037048339844,jump_peak,x_-3.78639602661133_y_-813.796020507812
965.433,platform_landed,-0.03639610111713,-801.066467285156,75.0,0.0,land_on_platform,platform_scene-1/Tile Map/-1_-44_layer_Tile Map_tile_-1_-44_source_1_atlas_3_0
965.433,landed,-0.03639610111713,-801.066467285156,75.0,0.0,land,surface_wood_impact_0.45277777099609
965.499,jump_input_pressed,7.08260345458984,-800.259826660156,180.0,37.037036895752,Jump,pressed
965.499,jump_executed,7.08260345458984,-800.259826660156,180.0,-500.0,jump,x_7.08260345458984_y_-800.259826660156
965.767,jump_input_released,55.0826034545898,-892.682067871094,180.0,-174.222106933594,Jump,released
965.866,jump_peak_reached,73.0826034545898,-897.473754882812,180.0,41.2037048339844,jump_peak,x_73.0826034545898_y_-897.473754882812
966.05,move_right_pressed,77.9159393310547,-855.969116210938,15.0,448.611175537109,Move_Right,pressed
966.118,platform_landed,81.7425765991211,-817.039672851562,75.0,0.0,land_on_platform,platform_scene-1/Tile Map/4_-45_layer_Tile Map_tile_4_-45_source_1_atlas_14_6
966.118,landed,81.7425765991211,-817.039672851562,75.0,0.0,land,surface_wood_impact_1.19351867675781
966.124,musicking,81.7425765991211,-817.039672851562,75.0,0.0,osc_received,"value_[1, ""water-tube""]"
966.234,jump_input_pressed,97.8502807617188,-816.06787109375,180.0,0.0,Jump,pressed
966.234,jump_executed,97.8502807617188,-816.06787109375,180.0,-500.0,jump,x_97.8502807617188_y_-816.06787109375
966.467,jump_input_released,139.85041809082,-901.65625,180.0,-214.166549682617,Jump,released
966.566,jump_peak_reached,157.85041809082,-906.447937011719,180.0,41.2037048339844,jump_peak,x_157.85041809082_y_-906.447937011719
966.833,platform_landed,208.85041809082,-819.066833496094,180.0,0.0,land_on_platform,platform_scene-1/Tile Map/11_-45_layer_Tile Map_tile_11_-45_source_1_atlas_14_7
966.833,landed,208.85041809082,-819.066833496094,180.0,0.0,land,surface_wood_impact_1.2675927734375
966.834,musicking,208.85041809082,-819.066833496094,180.0,0.0,osc_received,"value_[1, ""cloud""]"
966.851,musicking,211.85041809082,-819.066833496094,180.0,0.0,osc_received,"value_[1, ""platform_pan_nav""]"
966.867,jump_input_pressed,211.85041809082,-819.066833496094,180.0,0.0,Jump,pressed
966.867,jump_executed,211.85041809082,-819.066833496094,180.0,-500.0,jump,x_211.85041809082_y_-819.066833496094
967.299,jump_peak_reached,289.852966308594,-925.902526855469,180.0,39.8149261474609,jump_peak,x_289.852966308594_y_-925.902526855469
967.333,jump_input_released,295.852966308594,-923.958068847656,180.0,113.889007568359,Jump,released
967.6,platform_landed,346.787414550781,-816.09375,180.0,0.0,land_on_platform,platform_scene-1/Tile Map/19_-45_layer_Tile Map_tile_19_-45_source_1_atlas_14_6
967.6,landed,346.787414550781,-816.09375,180.0,0.0,land,surface_wood_impact_1.41296337890625
967.616,musicking,349.717742919922,-816.233947753906,180.0,0.0,osc_received,"value_[1, ""water-tube""]"
967.65,jump_input_pressed,352.155059814453,-817.406433105469,180.0,0.0,Jump,pressed
967.65,jump_executed,352.155059814453,-817.406433105469,180.0,-500.0,jump,x_352.155059814453_y_-817.406433105469
968.017,jump_input_released,391.42529296875,-922.405456542969,180.0,-55.722110748291,Jump,released
968.083,jump_peak_reached,403.42529296875,-924.036926269531,180.0,43.8149261474609,jump_peak,x_403.42529296875_y_-924.036926269531
968.233,platform_landed,414.258636474609,-891.019226074219,0.0,0.0,land_on_platform,platform_scene-1/Tile Map/22_-49_layer_Tile Map_tile_22_-49_source_1_atlas_2_0
968.233,landed,414.258636474609,-891.019226074219,0.0,0.0,land,surface_wood_impact_0.75429656982422
968.275,move_left_pressed,414.258636474609,-891.019226074219,-33.3333320617676,0.0,Move_Left,pressed
968.291,jump_input_pressed,413.703094482422,-891.019226074219,-66.6666641235352,0.0,Jump,pressed
968.291,jump_executed,413.703094482422,-891.019226074219,-66.6666641235352,-500.0,jump,x_413.703094482422_y_-891.019226074219
968.592,jump_input_released,367.807708740234,-988.998291015625,-180.0,-134.499893188477,Jump,released
968.691,jump_peak_reached,353.974365234375,-993.789978027344,0.0,41.2037048339844,jump_peak,x_353.974365234375_y_-993.789978027344
968.809,move_right_pressed,353.974365234375,-976.019897460938,15.0,300.462982177734,Move_Right,pressed
968.842,jump_input_pressed,354.724365234375,-965.38720703125,45.0,374.537078857422,Jump,pressed
968.842,platform_landed,355.475311279297,-960.051452636719,45.0,0.0,land_on_platform,platform_scene-1/Tile Map/19_-53_layer_Tile Map_tile_19_-53_source_1_atlas_13_6
968.842,landed,355.475311279297,-960.051452636719,45.0,0.0,land,surface_wood_impact_0.74907415771484
968.843,musicking,355.475311279297,-960.051452636719,45.0,0.0,osc_received,"value_[1, ""water-tube""]"
968.858,jump_executed,355.475311279297,-960.051452636719,45.0,-500.0,jump,x_355.475311279297_y_-960.051452636719
969.291,jump_peak_reached,426.865447998047,-1066.88842773438,180.0,39.8149261474609,jump_peak,x_426.865447998047_y_-1066.88842773438
969.325,jump_input_released,432.865447998047,-1064.94396972656,180.0,113.889007568359,Jump,released
969.541,coin_collected,471.865447998047,-992.119873046875,180.0,558.33349609375,collect_coin,coin_coin21_score_26
969.541,sonification,474.865447998047,-982.197021484375,180.0,595.370544433594,osc_received,"value_[1, ""coins-with-pitch""]"
969.559,platform_landed,477.865478515625,-981.067199707031,180.0,0.0,land_on_platform,platform_scene-1/Tile Map/26_-54_layer_Tile Map_tile_26_-54_source_1_atlas_2_0
969.559,landed,477.865478515625,-981.067199707031,180.0,0.0,land,surface_wood_impact_1.26481518554687
969.642,musicking,492.865478515625,-981.074890136719,180.0,0.0,osc_received,"value_[1, ""chain-jumps-combo-walk""]"
969.676,jump_input_pressed,495.865478515625,-981.074890136719,180.0,0.0,Jump,pressed
969.676,jump_executed,495.865478515625,-981.074890136719,180.0,-500.0,jump,x_495.865478515625_y_-981.074890136719
970.108,jump_peak_reached,553.42529296875,-1087.90356445312,180.0,39.8149261474609,jump_peak,x_553.42529296875_y_-1087.90356445312
970.142,jump_input_released,559.42529296875,-1085.95910644531,180.0,113.889007568359,Jump,released
970.308,platform_landed,585.258605957031,-1032.01159667969,0.0,0.0,land_on_platform,platform_scene-1/Tile Map/32_-57_layer_Tile Map_tile_32_-57_source_1_atlas_13_6
970.309,landed,585.258605957031,-1032.01159667969,0.0,0.0,land,surface_wood_impact_0.96851885986328
970.316,musicking,585.258605957031,-1032.01159667969,0.0,0.0,osc_received,"value_[1, ""water-tube""]"
970.341,musicking,585.258605957031,-1032.01159667969,0.0,0.0,osc_received,"value_[1, ""platform_pan_nav""]"
970.391,move_right_pressed,585.258605957031,-1032.01159667969,33.3333320617676,0.0,Move_Right,pressed
970.391,jump_input_pressed,585.258605957031,-1032.01159667969,33.3333320617676,0.0,Jump,pressed
970.391,jump_executed,585.258605957031,-1032.01159667969,33.3333320617676,-500.0,jump,x_585.258605957031_y_-1032.01159667969
970.766,jump_input_released,641.067199707031,-1138.00830078125,180.0,-36.1665573120117,Jump,released
970.817,jump_peak_reached,650.067199707031,-1138.77490234375,180.0,42.5371475219727,jump_peak,x_650.067199707031_y_-1138.77490234375
970.966,move_left_pressed,654.900512695312,-1110.17211914062,-15.0,375.870513916016,Move_Left,pressed
971.017,platform_landed,652.400512695312,-1089.06677246094,-60.0,0.0,land_on_platform,platform_scene-1/Tile Map/36_-60_layer_Tile Map_tile_36_-60_source_1_atlas_3_0
971.017,landed,652.400512695312,-1089.06677246094,-60.0,0.0,land,surface_wood_impact_0.97396331787109
971.083,jump_input_pressed,646.067199707031,-1089.07470703125,-180.0,0.0,Jump,pressed
971.083,jump_executed,646.067199707031,-1089.07470703125,-180.0,-500.0,jump,x_646.067199707031_y_-1089.07470703125
971.3,jump_input_released,607.066833496094,-1170.74694824219,-180.0,-234.222106933594,Jump,released
971.4,jump_peak_reached,589.066833496094,-1175.53857421875,-180.0,41.2037048339844,jump_peak,x_589.066833496094_y_-1175.53857421875
971.551,platform_landed,560.455688476562,-1143.06665039062,-96.6666641235352,0.0,land_on_platform,platform_scene-1/Tile Map/31_-63_layer_Tile Map_tile_31_-63_source_1_atlas_3_0
971.551,landed,560.455688476562,-1143.06665039062,-96.6666641235352,0.0,land,surface_wood_impact_0.74907415771484
971.651,move_left_pressed,560.233459472656,-1143.06665039062,-33.3333320617676,0.0,Move_Left,pressed
971.651,jump_input_pressed,560.233459472656,-1143.06665039062,-33.3333320617676,0.0,Jump,pressed
971.651,jump_executed,560.233459472656,-1143.06665039062,-33.3333320617676,-500.0,jump,x_560.233459472656_y_-1143.06665039062
972.033,jump_input_released,504.427490234375,-1249.02368164062,-180.0,-36.1665573120117,Jump,released
972.083,jump_peak_reached,495.427490234375,-1249.79028320312,-180.0,42.5371475219727,jump_peak,x_495.427490234375_y_-1249.79028320312
972.266,move_left_pressed,478.594146728516,-1208.04113769531,-15.0,449.944610595703,Move_Left,pressed
972.284,platform_landed,477.844146728516,-1197.06665039062,-30.0,0.0,land_on_platform,platform_scene-1/Tile Map/26_-66_layer_Tile Map_tile_26_-66_source_1_atlas_1_0
972.284,landed,477.844146728516,-1197.06665039062,-30.0,0.0,land,surface_wood_impact_0.97396331787109
972.3,musicking,476.788604736328,-1197.06665039062,-63.3333320617676,0.0,osc_received,"value_[1, ""platform_pan_nav""]"
972.316,jump_input_pressed,476.788604736328,-1197.06665039062,-96.6666641235352,0.0,Jump,pressed
972.316,jump_executed,476.788604736328,-1197.06665039062,-96.6666641235352,-500.0,jump,x_476.788604736328_y_-1197.06665039062
972.75,jump_peak_reached,420.57470703125,-1303.89538574219,-180.0,39.8149261474609,jump_peak,x_420.57470703125_y_-1303.89538574219
972.866,jump_input_released,399.57470703125,-1286.28735351562,-180.0,299.074188232422,Jump,released
973.084,platform_landed,357.57470703125,-1161.06628417969,-180.0,0.0,land_on_platform,platform_scene-1/Tile Map/19_-64_layer_Tile Map_tile_19_-64_source_1_atlas_13_7
973.084,landed,357.57470703125,-1161.06628417969,-180.0,0.0,land,surface_wood_impact_1.56111157226563
973.084,musicking,357.57470703125,-1161.06628417969,-180.0,0.0,osc_received,"value_[1, ""cloud""]"
973.183,jump_input_pressed,350.074768066406,-1161.06616210938,0.0,0.0,Jump,pressed
973.184,jump_executed,350.074768066406,-1161.06616210938,0.0,-500.0,jump,x_350.074768066406_y_-1161.06616210938
973.199,jump_peak_reached,350.075958251953,-1169.400390625,0.0,-479.222198486328,jump_peak,x_350.075958251953_y_-1169.400390625
973.333,jump_input_released,350.075958251953,-1223.71887207031,0.0,-314.999908447266,Jump,released
973.433,move_left_pressed,350.075958251953,-1228.51049804688,-15.0,41.2037048339844,Move_Left,pressed
973.633,platform_landed,332.21484375,-1179.02319335938,0.0,0.0,land_on_platform,platform_scene-1/Tile Map/18_-65_layer_Tile Map_tile_18_-65_source_1_atlas_3_0
973.633,landed,332.21484375,-1179.02319335938,0.0,0.0,land,surface_wood_impact_0.97129644775391
973.733,move_left_pressed,332.21484375,-1179.02319335938,-33.3333320617676,0.0,Move_Left,pressed
973.8,musicking,323.881530761719,-1179.02319335938,-166.666656494141,0.0,osc_received,"value_[1, ""chain-jumps-combo-walk""]"
973.834,jump_input_pressed,320.881530761719,-1179.02319335938,-180.0,0.0,Jump,pressed
973.834,jump_executed,320.881530761719,-1179.02319335938,-180.0,-500.0,jump,x_320.881530761719_y_-1179.02319335938
974.267,jump_peak_reached,242.866912841797,-1285.89245605469,-180.0,39.8149261474609,jump_peak,x_242.866912841797_y_-1285.89245605469
974.316,jump_input_released,233.866912841797,-1282.0498046875,-180.0,150.926040649414,Jump,released
974.5,platform_landed,202.033584594727,-1215.06701660156,-13.3333311080933,0.0,land_on_platform,platform_scene-1/Tile Map/11_-67_layer_Tile Map_tile_11_-67_source_1_atlas_0_0
974.5,landed,202.033584594727,-1215.06701660156,-13.3333311080933,0.0,land,surface_wood_impact_1.1166669921875
974.584,jump_input_pressed,202.033584594727,-1215.06701660156,0.0,0.0,Jump,pressed
974.585,jump_executed,202.033584594727,-1215.06701660156,0.0,-500.0,jump,x_202.033584594727_y_-1215.06701660156
974.6,move_left_pressed,202.033584594727,-1223.40893554688,-15.0,-479.222198486328,Move_Left,pressed
974.966,jump_input_released,152.533584594727,-1321.02368164062,-180.0,-36.1665573120117,Jump,released
975.016,jump_peak_reached,144.922470092773,-1321.79028320312,-13.3333311080933,42.5371475219727,jump_peak,x_144.922470092773_y_-1321.79028320312
975.217,platform_landed,144.700241088867,-1269.02294921875,0.0,0.0,land_on_platform,platform_scene-1/Tile Map/7_-70_layer_Tile Map_tile_7_-70_source_1_atlas_3_0
975.217,landed,144.700241088867,-1269.02294921875,0.0,0.0,land,surface_wood_impact_0.97396331787109
975.234,move_left_pressed,144.700241088867,-1269.02294921875,-33.3333320617676,0.0,Move_Left,pressed
975.234,musicking,144.144683837891,-1269.02294921875,-33.3333320617676,0.0,osc_received,"value_[1, ""platform_pan_nav""]"
975.251,jump_input_pressed,144.144683837891,-1269.02294921875,-66.6666641235352,0.0,Jump,pressed
975.251,jump_executed,144.144683837891,-1269.02294921875,-66.6666641235352,-500.0,jump,x_144.144683837891_y_-1269.02294921875
975.566,jump_input_released,95.2497253417969,-1369.25817871094,-180.0,-114.722114562988,Jump,released
975.667,jump_peak_reached,77.2497253417969,-1374.0498046875,-96.6666641235352,41.2037048339844,jump_peak,x_77.2497253417969_y_-1374.0498046875
975.766,coin_collected,75.416389465332,-1360.67016601562,0.0,226.388885498047,collect_coin,coin_coin23_score_28
975.774,sonification,75.416389465332,-1356.27978515625,0.0,263.425933837891,osc_received,"value_[1, ""coins-with-pitch""]"
975.784,move_right_pressed,75.416389465332,-1356.27978515625,15.0,300.462982177734,Move_Right,pressed
975.833,platform_landed,77.9231414794922,-1338.06176757812,60.0,0.0,land_on_platform,platform_scene-1/Tile Map/4_-74_layer_Tile Map_tile_4_-74_source_1_atlas_13_6
975.833,landed,77.9231414794922,-1338.06176757812,60.0,0.0,land,surface_wood_impact_0.82314825439453
975.834,musicking,77.9231414794922,-1338.06176757812,60.0,0.0,osc_received,"value_[1, ""water-tube""]"
975.966,jump_input_pressed,96.2554779052734,-1338.10888671875,180.0,0.0,Jump,pressed
975.966,jump_executed,96.2554779052734,-1338.10888671875,180.0,-500.0,jump,x_96.2554779052734_y_-1338.10888671875
976.399,jump_peak_reached,174.2568359375,-1444.94128417969,180.0,39.8149261474609,jump_peak,x_174.2568359375_y_-1444.94128417969
976.666,jump_input_released,222.2568359375,-1360.24987792969,180.0,632.407592773438,Jump,released
976.699,coin_collected,228.2568359375,-1338.55224609375,180.0,669.444641113281,collect_coin,coin_coin22_score_30
976.699,platform_landed,231.27018737793,-1338.05004882812,180.0,0.0,land_on_platform,platform_scene-1/Tile Map/12_-74_layer_Tile Map_tile_12_-74_source_1_atlas_13_6
976.699,landed,231.27018737793,-1338.05004882812,180.0,0.0,land,surface_wood_impact_1.41296337890625
976.7,sonification,231.27018737793,-1338.05004882812,180.0,0.0,osc_received,"value_[1, ""coins-with-pitch""]"
976.7,musicking,231.27018737793,-1338.05004882812,180.0,0.0,osc_received,"value_[1, ""water-tube""]"
978.434,jump_input_pressed,540.270263671875,-1338.05004882812,180.0,0.0,Jump,pressed
978.434,jump_executed,540.270263671875,-1338.05004882812,180.0,-500.0,jump,x_540.270263671875_y_-1338.05004882812
978.833,jump_input_released,612.271728515625,-1444.62805175781,180.0,-16.6665554046631,Jump,released
978.866,jump_peak_reached,618.271728515625,-1444.83642578125,180.0,41.2038154602051,jump_peak,x_618.271728515625_y_-1444.83642578125
978.966,platform_landed,626.105041503906,-1428.03527832031,0.0,0.0,land_on_platform,platform_scene-1/Tile Map/34_-79_layer_Tile Map_tile_34_-79_source_1_atlas_14_6
978.966,landed,626.105041503906,-1428.03527832031,0.0,0.0,land,surface_wood_impact_0.52685205078125
978.967,musicking,626.105041503906,-1428.03527832031,0.0,0.0,osc_received,"value_[1, ""water-tube""]"
979.034,move_right_pressed,626.105041503906,-1428.03527832031,33.3333320617676,0.0,Move_Right,pressed
979.084,jump_input_pressed,629.438903808594,-1428.01123046875,133.33332824707,0.0,Jump,pressed
979.084,jump_executed,629.438903808594,-1428.01123046875,133.33332824707,-500.0,jump,x_629.438903808594_y_-1428.01123046875
979.3,move_left_pressed,666.84375,-1509.74230957031,96.6666641235352,-234.222106933594,Move_Left,pressed
979.517,jump_peak_reached,654.62158203125,-1534.89965820312,-166.66667175293,39.8149261474609,jump_peak,x_654.62158203125_y_-1534.89965820312
979.616,jump_input_released,636.843811035156,-1521.65893554688,-180.0,262.037139892578,Jump,released
979.617,platform_landed,633.837768554688,-1518.08532714844,-180.0,0.0,land_on_platform,platform_scene-1/Tile Map/35_-84_layer_Tile Map_tile_35_-84_source_1_atlas_14_6
979.617,landed,633.837768554688,-1518.08532714844,-180.0,0.0,land,surface_wood_impact_0.52407427978516
979.618,musicking,633.837768554688,-1518.08532714844,-180.0,0.0,osc_received,"value_[1, ""water-tube""]"
979.783,move_left_pressed,632.00439453125,-1518.00524902344,-33.3333320617676,0.0,Move_Left,pressed
979.934,jump_input_pressed,612.24755859375,-1518.43627929688,-180.0,0.0,Jump,pressed
979.934,jump_executed,612.24755859375,-1518.43627929688,-180.0,-500.0,jump,x_612.24755859375_y_-1518.43627929688
979.985,move_right_pressed,603.222595214844,-1542.47326660156,-96.6666641235352,-437.833282470703,Move_Right,pressed
980.332,jump_input_released,626.889282226562,-1625.07971191406,180.0,-16.6665554046631,Jump,released
980.366,jump_peak_reached,631.500366210938,-1625.2880859375,13.3333311080933,41.2038154602051,jump_peak,x_631.500366210938_y_-1625.2880859375
980.467,platform_landed,631.722595214844,-1608.02392578125,0.0,0.0,land_on_platform,platform_scene-1/Tile Map/35_-89_layer_Tile Map_tile_35_-89_source_1_atlas_14_6
980.467,landed,631.722595214844,-1608.02392578125,0.0,0.0,land,surface_wood_impact_0.52685205078125
980.467,musicking,631.722595214844,-1608.02392578125,0.0,0.0,osc_received,"value_[1, ""water-tube""]"
980.6,move_right_pressed,631.722595214844,-1608.02392578125,33.3333320617676,0.0,Move_Right,pressed
980.749,jump_input_pressed,651.513977050781,-1608.82348632812,180.0,37.037036895752,Jump,pressed
980.75,jump_executed,651.513977050781,-1608.82348632812,180.0,-500.0,jump,x_651.513977050781_y_-1608.82348632812
980.784,move_left_pressed,657.513977050781,-1625.14660644531,96.6666641235352,-458.499969482422,Move_Left,pressed
981.149,jump_input_released,640.405212402344,-1715.39685058594,-66.6666641235352,-16.6665554046631,Jump,released
981.183,jump_peak_reached,639.294128417969,-1715.60522460938,0.0,41.2038154602051,jump_peak,x_639.294128417969_y_-1715.60522460938
981.283,platform_landed,639.294128417969,-1698.77844238281,0.0,0.0,land_on_platform,platform_scene-1/Tile Map/35_-94_layer_Tile Map_tile_35_-94_source_1_atlas_14_6
981.284,landed,639.294128417969,-1698.77844238281,0.0,0.0,land,surface_wood_impact_0.52685205078125
981.284,musicking,639.294128417969,-1698.77844238281,0.0,0.0,osc_received,"value_[1, ""water-tube""]"
981.417,move_left_pressed,639.294128417969,-1698.77844238281,-33.3333320617676,0.0,Move_Left,pressed
981.501,jump_input_pressed,630.895263671875,-1698.00109863281,-180.0,0.0,Jump,pressed
981.501,jump_executed,630.895263671875,-1698.00109863281,-180.0,-500.0,jump,x_630.895263671875_y_-1698.00109863281
981.766,move_right_pressed,582.872863769531,-1790.48559570312,-96.6666641235352,-174.222106933594,Move_Right,pressed
981.932,jump_peak_reached,588.26171875,-1804.89196777344,121.66667175293,39.8149261474609,jump_peak,x_588.26171875_y_-1804.89196777344
982.151,jump_input_released,611.818542480469,-1748.11694335938,0.0,521.296447753906,Jump,released
982.233,platform_landed,611.818542480469,-1698.24975585938,0.0,0.0,land_on_platform,platform_scene-1/Tile Map/34_-94_layer_Tile Map_tile_34_-94_source_1_atlas_14_6
982.233,landed,611.818542480469,-1698.24975585938,0.0,0.0,land,surface_wood_impact_1.41296337890625
982.241,musicking,611.818542480469,-1698.24975585938,0.0,0.0,osc_received,"value_[1, ""water-tube""]"
982.434,move_right_pressed,611.818542480469,-1698.24975585938,33.3333320617676,0.0,Move_Right,pressed
982.666,jump_input_pressed,646.283508300781,-1698.98120117188,180.0,0.0,Jump,pressed
982.666,jump_executed,646.283508300781,-1698.98120117188,180.0,-500.0,jump,x_646.283508300781_y_-1698.98120117188
982.718,move_left_pressed,655.301086425781,-1722.99768066406,96.6666641235352,-437.833282470703,Move_Left,pressed
983.116,jump_peak_reached,653.0224609375,-1803.83374023438,-15.0,76.8519668579102,jump_peak,x_653.0224609375_y_-1803.83374023438
983.15,jump_input_released,654.189697265625,-1801.29089355469,-15.0,150.926040649414,Jump,released
983.4,platform_landed,651.480834960938,-1697.45812988281,0.0,0.0,land_on_platform,platform_scene-1/Tile Map/35_-94_layer_Tile Map_tile_35_-94_source_1_atlas_14_6
983.4,landed,651.480834960938,-1697.45812988281,0.0,0.0,land,surface_wood_impact_1.41296337890625
983.407,musicking,651.480834960938,-1697.45812988281,0.0,0.0,osc_received,"value_[1, ""water-tube""]"
983.583,move_left_pressed,651.480834960938,-1697.45812988281,-33.3333320617676,0.0,Move_Left,pressed
983.6,jump_input_pressed,651.153442382812,-1697.75561523438,-66.6666641235352,0.0,Jump,pressed
983.6,jump_executed,651.153442382812,-1697.75561523438,-66.6666641235352,-500.0,jump,x_651.153442382812_y_-1697.75561523438
983.833,jump_peak_reached,616.65771484375,-1775.91687011719,-180.0,90.5794067382812,jump_peak,x_616.65771484375_y_-1775.91687011719
983.851,move_right_pressed,613.65771484375,-1774.4072265625,-96.6666641235352,127.61644744873,Move_Right,pressed
983.917,jump_input_released,611.824401855469,-1762.19580078125,0.0,275.764587402344,Jump,released
984.05,platform_landed,613.2685546875,-1698.84460449219,45.0,0.0,land_on_platform,platform_scene-1/Tile Map/34_-94_layer_Tile Map_tile_34_-94_source_1_atlas_14_6
984.05,landed,613.2685546875,-1698.84460449219,45.0,0.0,land,surface_wood_impact_1.14412194824219
984.051,musicking,613.2685546875,-1698.84460449219,45.0,0.0,osc_received,"value_[1, ""water-tube""]"
984.484,move_right_pressed,616.878845214844,-1699.04418945312,33.3333320617676,0.0,Move_Right,pressed
984.718,jump_input_pressed,651.626770019531,-1698.79943847656,180.0,37.037036895752,Jump,pressed
984.718,jump_executed,651.626770019531,-1698.79943847656,180.0,-500.0,jump,x_651.626770019531_y_-1698.79943847656
984.817,move_left_pressed,669.626770019531,-1743.64294433594,96.6666641235352,-376.166595458984,Move_Left,pressed
985.117,platform_landed,651.353759765625,-1805.64099121094,-61.896068572998,-18.0554447174072,land_on_platform,platform_scene-1/Tile Map/35_-100_layer_Tile Map_tile_35_-100_source_1_atlas_14_6
985.117,landed,651.353759765625,-1805.64099121094,-61.896068572998,-18.0554447174072,land,surface_wood_impact_0.03611088943481
985.124,musicking,651.353759765625,-1805.64099121094,-61.896068572998,-18.0554447174072,osc_received,"value_[1, ""water-tube""]"
985.199,jump_peak_reached,642.418090820312,-1807.31481933594,-180.0,39.8149261474609,jump_peak,x_642.418090820312_y_-1807.31481933594
985.2,platform_landed,639.409240722656,-1806.96435546875,-180.0,0.0,land_on_platform,platform_scene-1/Tile Map/35_-100_layer_Tile Map_tile_35_-100_source_1_atlas_14_6
985.2,landed,639.409240722656,-1806.96435546875,-180.0,0.0,land,surface_wood_impact_0.07962985229492
985.2,musicking,639.409240722656,-1806.96435546875,-180.0,0.0,osc_received,"value_[1, ""water-tube""]"
985.233,jump_input_released,636.409240722656,-1806.04443359375,-180.0,0.0,Jump,released
985.266,coin_collected,631.797302246094,-1806.04443359375,-96.6666641235352,0.0,collect_coin,coin_coin24_score_32
985.267,sonification,631.575012207031,-1806.07275390625,-13.3333311080933,0.0,osc_received,"value_[1, ""coins-with-pitch""]"
985.9,move_left_pressed,631.575012207031,-1806.07275390625,-33.3333320617676,0.0,Move_Left,pressed
986.216,move_right_pressed,618.935729980469,-1807.04455566406,33.3333320617676,0.0,Move_Right,pressed
986.417,move_left_pressed,647.831176757812,-1806.97631835938,96.6666641235352,0.0,Move_Left,pressed
986.433,jump_input_pressed,649.444946289062,-1806.55444335938,13.3333311080933,0.0,Jump,pressed
986.433,jump_executed,649.444946289062,-1806.55444335938,13.3333311080933,-500.0,jump,x_649.444946289062_y_-1806.55444335938
986.667,jump_peak_reached,638.326599121094,-1884.60083007812,-153.059173583984,56.3857688903809,jump_peak,x_638.326599121094_y_-1884.60083007812
986.8,jump_input_released,614.974670410156,-1859.798828125,-96.6666641235352,352.682067871094,Jump,released
986.9,platform_landed,613.141357421875,-1806.73767089844,0.0,0.0,land_on_platform,platform_scene-1/Tile Map/34_-100_layer_Tile Map_tile_34_-100_source_1_atlas_14_6
986.9,landed,613.141357421875,-1806.73767089844,0.0,0.0,land,surface_wood_impact_1.14980871582031
986.901,musicking,613.141357421875,-1806.73767089844,0.0,0.0,osc_received,"value_[1, ""water-tube""]"
986.941,move_right_pressed,613.141357421875,-1806.73767089844,33.3333320617676,0.0,Move_Right,pressed
987.349,move_left_pressed,635.294128417969,-1806.10119628906,-33.3333320617676,0.0,Move_Left,pressed
987.652,move_right_pressed,613.727783203125,-1806.900390625,33.3333320617676,0.0,Move_Right,pressed
987.901,move_left_pressed,651.499816894531,-1806.82312011719,96.6666641235352,37.037036895752,Move_Left,pressed
987.901,jump_input_pressed,651.499816894531,-1806.82312011719,96.6666641235352,37.037036895752,Jump,pressed
987.901,jump_executed,651.499816894531,-1806.82312011719,96.6666641235352,-500.0,jump,x_651.499816894531_y_-1806.82312011719
988.133,jump_peak_reached,639.488525390625,-1884.58581542969,-168.042205810547,56.2130699157715,jump_peak,x_639.488525390625_y_-1884.58581542969
988.251,jump_input_released,618.687805175781,-1865.06457519531,-180.0,315.472320556641,Jump,released
988.367,move_right_pressed,610.8544921875,-1815.29663085938,15.0,574.731628417969,Move_Right,pressed
988.368,platform_landed,611.010375976562,-1805.861328125,15.0,0.0,land_on_platform,platform_scene-1/Tile Map/34_-100_layer_Tile Map_tile_34_-100_source_1_atlas_14_6
988.368,landed,611.010375976562,-1805.861328125,15.0,0.0,land,surface_wood_impact_1.14946325683594
988.368,musicking,611.010375976562,-1805.861328125,15.0,0.0,osc_received,"value_[1, ""water-tube""]"
988.984,move_left_pressed,639.529602050781,-1806.83093261719,-33.3333320617676,0.0,Move_Left,pressed
989.166,jump_input_pressed,613.670471191406,-1806.85314941406,-180.0,0.0,Jump,pressed
989.166,jump_executed,613.670471191406,-1806.85314941406,-180.0,-500.0,jump,x_613.670471191406_y_-1806.85314941406
989.183,jump_peak_reached,610.645629882812,-1815.25646972656,-180.0,-479.222198486328,jump_peak,x_610.645629882812_y_-1815.25646972656
989.251,move_right_pressed,598.645629882812,-1845.14904785156,-96.6666641235352,-396.666595458984,Move_Right,pressed
989.966,jump_input_released,602.062316894531,-1756.55932617188,105.0,854.6298828125,Jump,released
990.017,platform_landed,609.736633300781,-1696.8359375,150.0,0.0,land_on_platform,platform_scene-1/Tile Map/34_-94_layer_Tile Map_tile_34_-94_source_1_atlas_14_6
990.017,landed,609.736633300781,-1696.8359375,150.0,0.0,land,surface_wood_impact_1.93148205566406
990.017,musicking,609.736633300781,-1696.8359375,150.0,0.0,osc_received,"value_[1, ""water-tube""]"
990.166,move_right_pressed,607.641906738281,-1685.31323242188,15.0,259.259246826172,Move_Right,pressed
990.333,platform_landed,617.719055175781,-1609.04089355469,38.0161094665527,0.0,land_on_platform,platform_scene-1/Tile Map/34_-89_layer_Tile Map_tile_34_-89_source_1_atlas_14_6
990.333,landed,617.719055175781,-1609.04089355469,38.0161094665527,0.0,land,surface_wood_impact_1.25925939941406
990.334,musicking,617.719055175781,-1609.04089355469,38.0161094665527,0.0,osc_received,"value_[1, ""water-tube""]"
990.75,move_right_pressed,617.719055175781,-1609.04089355469,33.3333320617676,0.0,Move_Right,pressed
991.033,jump_input_pressed,661.487976074219,-1604.84497070312,180.0,148.148147583008,Jump,pressed
991.033,jump_executed,661.487976074219,-1604.84497070312,180.0,-500.0,jump,x_661.487976074219_y_-1604.84497070312
991.051,move_left_pressed,664.487976074219,-1613.17919921875,96.6666641235352,-479.222198486328,Move_Left,pressed
991.45,jump_input_released,640.405212402344,-1711.71936035156,-165.0,2.77788853645325,Jump,released
991.474,jump_peak_reached,637.655212402344,-1711.67309570312,-180.0,39.8149261474609,jump_peak,x_637.655212402344_y_-1711.67309570312
991.567,platform_landed,629.821899414062,-1698.005859375,0.0,0.0,land_on_platform,platform_scene-1/Tile Map/34_-94_layer_Tile Map_tile_34_-94_source_1_atlas_14_6
991.567,landed,629.821899414062,-1698.005859375,0.0,0.0,land,surface_wood_impact_0.52407427978516
991.567,musicking,629.821899414062,-1698.005859375,0.0,0.0,osc_received,"value_[1, ""water-tube""]"
991.833,move_right_pressed,629.821899414062,-1698.005859375,33.3333320617676,0.0,Move_Right,pressed
992.2,move_left_pressed,645.388427734375,-1699.03833007812,-33.3333320617676,0.0,Move_Left,pressed
992.4,jump_input_pressed,616.586059570312,-1699.03833007812,-180.0,0.0,Jump,pressed
992.4,jump_executed,616.586059570312,-1699.03833007812,-180.0,-500.0,jump,x_616.586059570312_y_-1699.03833007812
992.451,move_right_pressed,607.583740234375,-1723.01232910156,-96.6666641235352,-437.833282470703,Move_Right,pressed
992.8,platform_landed,611.452331542969,-1806.14135742188,75.0,-18.0554447174072,land_on_platform,platform_scene-1/Tile Map/34_-100_layer_Tile Map_tile_34_-100_source_1_atlas_14_6
992.8,landed,611.452331542969,-1806.14135742188,75.0,-18.0554447174072,land,surface_wood_impact_0.03611088943481
992.8,musicking,611.452331542969,-1806.14135742188,75.0,-18.0554447174072,osc_received,"value_[1, ""water-tube""]"
992.867,jump_peak_reached,618.075927734375,-1807.08337402344,171.66667175293,39.8149261474609,jump_peak,x_618.075927734375_y_-1807.08337402344
992.867,platform_landed,620.93505859375,-1807.05041503906,171.66667175293,0.0,land_on_platform,platform_scene-1/Tile Map/34_-100_layer_Tile Map_tile_34_-100_source_1_atlas_14_6
992.867,landed,620.93505859375,-1807.05041503906,171.66667175293,0.0,land,surface_wood_impact_0.07962985229492
992.869,musicking,620.93505859375,-1807.05041503906,171.66667175293,0.0,osc_received,"value_[1, ""water-tube""]"
992.917,jump_input_released,626.961730957031,-1806.03088378906,96.6666641235352,0.0,Jump,released
993.433,move_right_pressed,628.795959472656,-1806.08203125,33.3333320617676,0.0,Move_Right,pressed
993.566,jump_input_pressed,645.538940429688,-1807.03796386719,180.0,0.0,Jump,pressed
993.567,jump_executed,645.538940429688,-1807.03796386719,180.0,-500.0,jump,x_645.538940429688_y_-1807.03796386719
993.6,move_left_pressed,651.541259765625,-1823.36755371094,96.6666641235352,-458.499969482422,Move_Left,pressed
993.818,jump_peak_reached,651.000915527344,-1885.91564941406,-25.0594158172607,54.2970237731934,jump_peak,x_651.000915527344_y_-1885.91564941406
994.066,jump_input_released,620.656616210938,-1807.52661132812,-96.6666641235352,609.852661132812,Jump,released
994.066,platform_landed,619.012878417969,-1807.04479980469,-96.6666641235352,0.0,land_on_platform,platform_scene-1/Tile Map/34_-100_layer_Tile Map_tile_34_-100_source_1_atlas_14_6
994.066,landed,619.012878417969,-1807.04479980469,-96.6666641235352,0.0,land,surface_wood_impact_1.21970532226562
994.067,musicking,619.012878417969,-1807.04479980469,-96.6666641235352,0.0,osc_received,"value_[1, ""water-tube""]"
994.367,move_right_pressed,618.790649414062,-1807.04479980469,33.3333320617676,0.0,Move_Right,pressed
994.516,jump_input_pressed,638.794372558594,-1806.80554199219,180.0,0.0,Jump,pressed
994.516,jump_executed,638.794372558594,-1806.80554199219,180.0,-500.0,jump,x_638.794372558594_y_-1806.80554199219
994.583,move_left_pressed,650.794372558594,-1838.07397460938,96.6666641235352,-417.22216796875,Move_Left,pressed
994.766,jump_peak_reached,651.570495605469,-1886.37561035156,-17.948673248291,47.9548759460449,jump_peak,x_651.570495605469_y_-1886.37561035156
995.016,jump_input_released,622.530029296875,-1809.57202148438,-96.6666641235352,603.510498046875,Jump,released
995.017,platform_landed,622.119140625,-1806.95983886719,-96.6666641235352,0.0,land_on_platform,platform_scene-1/Tile Map/34_-100_layer_Tile Map_tile_34_-100_source_1_atlas_14_6
995.017,landed,622.119140625,-1806.95983886719,-96.6666641235352,0.0,land,surface_wood_impact_1.20702099609375
995.018,musicking,622.119140625,-1806.95983886719,-96.6666641235352,0.0,osc_received,"value_[1, ""water-tube""]"
995.367,move_right_pressed,621.901550292969,-1806.99536132812,33.3333320617676,0.0,Move_Right,pressed
995.549,jump_input_pressed,647.805847167969,-1806.97521972656,180.0,0.0,Jump,pressed
995.549,jump_executed,647.805847167969,-1806.97521972656,180.0,-500.0,jump,x_647.805847167969_y_-1806.97521972656
995.585,move_left_pressed,653.815124511719,-1823.32421875,96.6666641235352,-458.499969482422,Move_Left,pressed
996.0,jump_peak_reached,652.580078125,-1912.43725585938,-15.0,76.8519668579102,jump_peak,x_652.580078125_y_-1912.43725585938
996.183,jump_input_released,653.281372070312,-1865.46545410156,0.0,484.259429931641,Jump,released
996.601,move_left_pressed,656.29248046875,-1480.06762695312,-15.0,1410.18493652344,Move_Left,pressed
996.684,platform_landed,651.054443359375,-1338.0654296875,-90.0,0.0,land_on_platform,platform_scene-1/Tile Map/36_-74_layer_Tile Map_tile_36_-74_source_1_atlas_13_6
996.684,landed,651.054443359375,-1338.0654296875,-90.0,0.0,land,surface_wood_impact_3.19073974609375
996.684,musicking,651.054443359375,-1338.0654296875,-90.0,0.0,osc_received,"value_[1, ""water-tube""]"
996.717,musicking,646.387817382812,-1337.9853515625,-156.66667175293,0.0,osc_received,"value_[1, ""far-fall""]"
997.233,move_right_pressed,593.554565429688,-1338.05151367188,33.3333320617676,0.0,Move_Right,pressed
997.334,jump_input_pressed,604.887878417969,-1338.05151367188,180.0,0.0,Jump,pressed
997.334,jump_executed,604.887878417969,-1338.05151367188,180.0,-500.0,jump,x_604.887878417969_y_-1338.05151367188
997.35,jump_peak_reached,607.891479492188,-1346.39575195312,180.0,-479.222198486328,jump_peak,x_607.891479492188_y_-1346.39575195312
997.367,move_left_pressed,610.891479492188,-1354.38464355469,96.6666641235352,-458.499969482422,Move_Left,pressed
997.666,jump_input_released,577.877014160156,-1394.36242675781,-180.0,231.042358398438,Jump,released
997.801,platform_landed,573.043701171875,-1338.00732421875,0.0,0.0,land_on_platform,platform_scene-1/Tile Map/31_-74_layer_Tile Map_tile_31_-74_source_1_atlas_13_6
997.801,landed,573.043701171875,-1338.00732421875,0.0,0.0,land,surface_wood_impact_1.05467749023437
997.801,musicking,573.043701171875,-1338.00732421875,0.0,0.0,osc_received,"value_[1, ""water-tube""]"
997.952,move_right_pressed,573.043701171875,-1338.00732421875,33.3333320617676,0.0,Move_Right,pressed
997.953,jump_input_pressed,573.043701171875,-1338.00732421875,33.3333320617676,0.0,Jump,pressed
997.953,jump_executed,573.043701171875,-1338.00732421875,33.3333320617676,-500.0,jump,x_573.043701171875_y_-1338.00732421875
998.383,jump_peak_reached,637.852111816406,-1444.88110351562,180.0,39.8149261474609,jump_peak,x_637.852111816406_y_-1444.88110351562
998.417,jump_input_released,643.852111816406,-1442.93664550781,180.0,113.889007568359,Jump,released
998.5,platform_landed,651.685424804688,-1427.27307128906,0.0,0.0,land_on_platform,platform_scene-1/Tile Map/35_-79_layer_Tile Map_tile_35_-79_source_1_atlas_14_6
998.5,landed,651.685424804688,-1427.27307128906,0.0,0.0,land,surface_wood_impact_0.59814837646484
998.508,musicking,651.685424804688,-1427.27307128906,0.0,0.0,osc_received,"value_[1, ""water-tube""]"
998.609,move_left_pressed,651.685424804688,-1427.27307128906,-33.3333320617676,0.0,Move_Left,pressed
998.925,move_right_pressed,624.557556152344,-1428.11572265625,33.3333320617676,0.0,Move_Right,pressed
998.991,jump_input_pressed,630.114013671875,-1428.03564453125,166.666656494141,0.0,Jump,pressed
998.991,jump_executed,630.114013671875,-1428.03564453125,166.666656494141,-500.0,jump,x_630.114013671875_y_-1428.03564453125
999.142,move_left_pressed,656.903198242188,-1490.72265625,96.6666641235352,-314.999908447266,Move_Left,pressed
999.425,jump_peak_reached,639.236511230469,-1534.89855957031,-180.0,39.8149261474609,jump_peak,x_639.236511230469_y_-1534.89855957031
999.458,jump_input_released,633.236511230469,-1532.9541015625,-180.0,113.889007568359,Jump,released
999.525,platform_landed,628.403198242188,-1518.02416992188,0.0,0.0,land_on_platform,platform_scene-1/Tile Map/34_-84_layer_Tile Map_tile_34_-84_source_1_atlas_14_6
999.525,landed,628.403198242188,-1518.02416992188,0.0,0.0,land,surface_wood_impact_0.52407427978516
999.526,musicking,628.403198242188,-1518.02416992188,0.0,0.0,osc_received,"value_[1, ""water-tube""]"
1000.025,move_right_pressed,628.403198242188,-1518.02416992188,33.3333320617676,0.0,Move_Right,pressed
1000.175,jump_input_pressed,648.245483398438,-1518.87255859375,180.0,0.0,Jump,pressed
1000.175,jump_executed,648.245483398438,-1518.87255859375,180.0,-500.0,jump,x_648.245483398438_y_-1518.87255859375
1000.208,move_left_pressed,654.268798828125,-1535.26049804688,96.6666641235352,-458.499969482422,Move_Left,pressed
1000.577,jump_input_released,634.772521972656,-1625.49133300781,-180.0,-16.6665554046631,Jump,released
1000.608,jump_peak_reached,630.161437988281,-1625.69970703125,-13.3333311080933,41.2038154602051,jump_peak,x_630.161437988281_y_-1625.69970703125
1000.708,platform_landed,629.939208984375,-1608.01110839844,0.0,0.0,land_on_platform,platform_scene-1/Tile Map/34_-89_layer_Tile Map_tile_34_-89_source_1_atlas_14_6
1000.708,landed,629.939208984375,-1608.01110839844,0.0,0.0,land,surface_wood_impact_0.52685205078125
1000.71,musicking,629.939208984375,-1608.01110839844,0.0,0.0,osc_received,"value_[1, ""water-tube""]"
1000.908,move_right_pressed,629.939208984375,-1608.01110839844,33.3333320617676,0.0,Move_Right,pressed
1001.059,jump_input_pressed,649.6806640625,-1608.46801757812,180.0,0.0,Jump,pressed
1001.059,jump_executed,649.6806640625,-1608.46801757812,180.0,-500.0,jump,x_649.6806640625_y_-1608.46801757812
1001.108,move_left_pressed,658.705017089844,-1632.50329589844,96.6666641235352,-437.833282470703,Move_Left,pressed
1001.459,jump_input_released,644.038330078125,-1715.10974121094,-180.0,-16.6665554046631,Jump,released
1001.491,jump_peak_reached,638.038330078125,-1715.31811523438,-180.0,41.2038154602051,jump_peak,x_638.038330078125_y_-1715.31811523438
1001.591,platform_landed,624.205017089844,-1698.20837402344,0.0,0.0,land_on_platform,platform_scene-1/Tile Map/34_-94_layer_Tile Map_tile_34_-94_source_1_atlas_14_6
1001.592,landed,624.205017089844,-1698.20837402344,0.0,0.0,land,surface_wood_impact_0.52685205078125
1001.592,musicking,624.205017089844,-1698.20837402344,0.0,0.0,osc_received,"value_[1, ""water-tube""]"
1001.725,move_left_pressed,624.205017089844,-1698.20837402344,-33.3333320617676,0.0,Move_Left,pressed
1002.191,move_right_pressed,614.792785644531,-1699.03723144531,33.3333320617676,0.0,Move_Right,pressed
1002.478,move_left_pressed,658.599426269531,-1696.669921875,96.6666641235352,111.111114501953,Move_Left,pressed
1002.478,jump_input_pressed,658.599426269531,-1696.669921875,96.6666641235352,111.111114501953,Jump,pressed
1002.478,jump_executed,658.599426269531,-1696.669921875,96.6666641235352,-500.0,jump,x_658.599426269531_y_-1696.669921875
1002.708,jump_peak_reached,648.905822753906,-1776.53918457031,-56.1612396240234,84.787712097168,jump_peak,x_648.905822753906_y_-1776.53918457031
1002.942,platform_landed,614.841979980469,-1699.03112792969,-96.6666641235352,0.0,land_on_platform,platform_scene-1/Tile Map/34_-94_layer_Tile Map_tile_34_-94_source_1_atlas_14_6
1002.942,landed,614.841979980469,-1699.03112792969,-96.6666641235352,0.0,land,surface_wood_impact_1.20661267089844
1002.949,musicking,614.841979980469,-1699.03112792969,-96.6666641235352,0.0,osc_received,"value_[1, ""water-tube""]"
1002.959,jump_input_released,614.841979980469,-1699.03112792969,-13.3333311080933,0.0,Jump,released
1003.042,move_right_pressed,614.61962890625,-1699.03112792969,33.3333320617676,0.0,Move_Right,pressed
1003.625,move_right_pressed,636.804443359375,-1698.11364746094,33.3333320617676,0.0,Move_Right,pressed
1003.724,jump_input_pressed,647.738586425781,-1698.93872070312,180.0,0.0,Jump,pressed
1003.724,jump_executed,647.738586425781,-1698.93872070312,180.0,-500.0,jump,x_647.738586425781_y_-1698.93872070312
1003.775,move_left_pressed,656.76171875,-1722.97045898438,96.6666641235352,-437.833282470703,Move_Left,pressed
1004.125,platform_landed,650.598327636719,-1806.12487792969,-75.0,-18.0554447174072,land_on_platform,platform_scene-1/Tile Map/35_-100_layer_Tile Map_tile_35_-100_source_1_atlas_14_6
1004.125,landed,650.598327636719,-1806.12487792969,-75.0,-18.0554447174072,land,surface_wood_impact_0.03611088943481
1004.126,musicking,650.598327636719,-1806.12487792969,-75.0,-18.0554447174072,osc_received,"value_[1, ""water-tube""]"
1004.184,platform_landed,643.967834472656,-1807.04357910156,-156.66667175293,0.0,land_on_platform,platform_scene-1/Tile Map/35_-100_layer_Tile Map_tile_35_-100_source_1_atlas_14_6
1004.184,landed,643.967834472656,-1807.04357910156,-156.66667175293,0.0,land,surface_wood_impact_0.00555577707291
1004.184,musicking,643.967834472656,-1807.04357910156,-156.66667175293,0.0,osc_received,"value_[1, ""water-tube""]"
1004.375,jump_input_released,611.414123535156,-1806.02612304688,-96.6666641235352,0.0,Jump,released
1004.391,jump_peak_reached,609.766662597656,-1806.02612304688,-13.3333311080933,37.037036895752,jump_peak,x_609.766662597656_y_-1806.02612304688
1004.558,move_right_pressed,607.692810058594,-1773.23291015625,15.0,407.407440185547,Move_Right,pressed
1004.691,platform_landed,618.915283203125,-1699.04553222656,135.0,0.0,land_on_platform,platform_scene-1/Tile Map/34_-94_layer_Tile Map_tile_34_-94_source_1_atlas_14_6
1004.691,landed,618.915283203125,-1699.04553222656,135.0,0.0,land,surface_wood_impact_1.40740759277344
1004.7,musicking,618.915283203125,-1699.04553222656,135.0,0.0,osc_received,"value_[1, ""water-tube""]"
1005.192,move_right_pressed,635.561279296875,-1698.10571289062,33.3333320617676,0.0,Move_Right,pressed
1005.258,jump_input_pressed,640.669494628906,-1699.19946289062,166.666656494141,0.0,Jump,pressed
1005.258,jump_executed,640.669494628906,-1699.19946289062,166.666656494141,-500.0,jump,x_640.669494628906_y_-1699.19946289062
1005.409,move_left_pressed,667.447265625,-1761.85217285156,96.6666641235352,-314.999908447266,Move_Left,pressed
1005.691,jump_peak_reached,668.530578613281,-1806.02807617188,-45.0,39.8149261474609,jump_peak,x_668.530578613281_y_-1806.02807617188
1005.859,jump_input_released,649.780578613281,-1771.61450195312,-180.0,410.185333251953,Jump,released
1005.992,platform_landed,641.947265625,-1699.00659179688,0.0,0.0,land_on_platform,platform_scene-1/Tile Map/35_-94_layer_Tile Map_tile_35_-94_source_1_atlas_14_6
1005.992,landed,641.947265625,-1699.00659179688,0.0,0.0,land,surface_wood_impact_1.41296337890625
1006.0,musicking,641.947265625,-1699.00659179688,0.0,0.0,osc_received,"value_[1, ""water-tube""]"
1006.209,move_right_pressed,641.947265625,-1699.00659179688,33.3333320617676,0.0,Move_Right,pressed
1006.276,jump_input_pressed,647.5029296875,-1698.95776367188,166.666656494141,0.0,Jump,pressed
1006.276,jump_executed,647.5029296875,-1698.95776367188,166.666656494141,-500.0,jump,x_647.5029296875_y_-1698.95776367188
1006.342,move_left_pressed,659.301940917969,-1730.2900390625,96.6666641235352,-417.22216796875,Move_Left,pressed
1006.675,platform_landed,650.563598632812,-1806.13610839844,-75.0,-18.0554447174072,land_on_platform,platform_scene-1/Tile Map/35_-100_layer_Tile Map_tile_35_-100_source_1_atlas_14_6
1006.675,landed,650.563598632812,-1806.13610839844,-75.0,-18.0554447174072,land,surface_wood_impact_0.03611088943481
1006.676,musicking,650.563598632812,-1806.13610839844,-75.0,-18.0554447174072,osc_received,"value_[1, ""water-tube""]"
1006.725,platform_landed,643.914184570312,-1807.04431152344,-156.66667175293,0.0,land_on_platform,platform_scene-1/Tile Map/35_-100_layer_Tile Map_tile_35_-100_source_1_atlas_14_6
1006.725,landed,643.914184570312,-1807.04431152344,-156.66667175293,0.0,land,surface_wood_impact_0.00555577707291
1006.726,musicking,643.914184570312,-1807.04431152344,-156.66667175293,0.0,osc_received,"value_[1, ""water-tube""]"
1006.759,jump_input_released,640.914184570312,-1807.04431152344,-180.0,0.0,Jump,released
1007.176,move_left_pressed,636.066955566406,-1806.10278320312,-33.3333320617676,0.0,Move_Left,pressed
1007.644,move_right_pressed,617.502685546875,-1807.04150390625,33.3333320617676,0.0,Move_Right,pressed
1007.826,jump_input_pressed,643.22900390625,-1806.9794921875,180.0,0.0,Jump,pressed
1007.826,jump_executed,643.22900390625,-1806.9794921875,180.0,-500.0,jump,x_643.22900390625_y_-1806.9794921875
1007.842,move_left_pressed,646.249633789062,-1815.37097167969,96.6666641235352,-479.222198486328,Move_Left,pressed
1008.058,jump_peak_reached,648.661315917969,-1884.77612304688,0.0,51.7407455444336,jump_peak,x_648.661315917969_y_-1884.77612304688
1008.276,jump_input_released,634.911315917969,-1825.41760253906,-165.0,533.222290039062,Jump,released
1008.309,platform_landed,627.621520996094,-1806.08972167969,-96.6666641235352,0.0,land_on_platform,platform_scene-1/Tile Map/34_-100_layer_Tile Map_tile_34_-100_source_1_atlas_14_6
1008.309,landed,627.621520996094,-1806.08972167969,-96.6666641235352,0.0,land,surface_wood_impact_1.2145927734375
1008.31,musicking,627.621520996094,-1806.08972167969,-96.6666641235352,0.0,osc_received,"value_[1, ""water-tube""]"
1008.542,move_left_pressed,627.399353027344,-1806.09936523438,-33.3333320617676,0.0,Move_Left,pressed
1009.058,move_right_pressed,611.6796875,-1806.17504882812,33.3333320617676,0.0,Move_Right,pressed
1009.292,jump_input_pressed,646.053161621094,-1806.98181152344,180.0,0.0,Jump,pressed
1009.292,jump_executed,646.053161621094,-1806.98181152344,180.0,-500.0,jump,x_646.053161621094_y_-1806.98181152344
1009.359,move_left_pressed,658.070617675781,-1838.29870605469,96.6666641235352,-417.22216796875,Move_Left,pressed
1009.725,jump_peak_reached,652.903930664062,-1913.85888671875,-120.0,39.8149261474609,jump_peak,x_652.903930664062_y_-1913.85888671875
1009.725,platform_landed,651.281494140625,-1913.66455078125,-120.0,0.0,land_on_platform,platform_scene-1/Tile Map/35_-106_layer_Tile Map_tile_35_-106_source_1_atlas_14_6
1009.725,landed,651.281494140625,-1913.66455078125,-120.0,0.0,land,surface_wood_impact_0.07962985229492
1009.725,musicking,651.281494140625,-1913.66455078125,-120.0,0.0,osc_received,"value_[1, ""water-tube""]"
1009.809,jump_input_released,640.580627441406,-1915.03845214844,-96.6666641235352,0.0,Jump,released
1010.375,jump_input_pressed,638.7275390625,-1914.67907714844,0.0,0.0,Jump,pressed
1010.376,jump_executed,638.7275390625,-1914.67907714844,0.0,-500.0,jump,x_638.7275390625_y_-1914.67907714844
1010.393,move_right_pressed,638.7275390625,-1923.01428222656,15.0,-479.222198486328,Move_Right,pressed
1010.526,top/checkpoint reached,647.7275390625,-1977.33276367188,135.0,-315.555450439453,top/checkpoint,coins collected: 32
1010.76,jump_input_released,688.2275390625,-2020.62902832031,180.0,-36.1665573120117,Jump,released
1010.808,jump_peak_reached,697.2275390625,-2021.39562988281,180.0,42.5371475219727,jump_peak,x_697.2275390625_y_-2021.39562988281
1010.958,platform_landed,727.227600097656,-1989.06616210938,180.0,0.0,land_on_platform,platform_scene-1/Tile Map/40_-110_layer_Tile Map_tile_40_-110_source_1_atlas_2_4
1010.958,landed,727.227600097656,-1989.06616210938,180.0,0.0,land,surface_wood_impact_0.75174102783203
1011.192,jump_input_pressed,766.227600097656,-1989.07470703125,180.0,0.0,Jump,pressed
1011.192,jump_executed,766.227600097656,-1989.07470703125,180.0,-500.0,jump,x_766.227600097656_y_-1989.07470703125
1011.625,jump_peak_reached,844.227966308594,-2095.90454101562,180.0,39.8149261474609,jump_peak,x_844.227966308594_y_-2095.90454101562
1011.692,jump_input_released,856.227966308594,-2089.54663085938,180.0,187.963073730469,Jump,released
1011.775,move_left_pressed,871.227966308594,-2067.71020507812,81.6666641235352,373.148284912109,Move_Left,pressed
1011.925,platform_landed,863.590148925781,-1989.06945800781,-120.0,0.0,land_on_platform,platform_scene-1/Tile Map/47_-110_layer_Tile Map_tile_47_-110_source_1_atlas_2_4
1011.925,landed,863.590148925781,-1989.06945800781,-120.0,0.0,land,surface_wood_impact_1.41296337890625
1013.008,jump_input_pressed,672.034606933594,-1989.06945800781,-180.0,0.0,Jump,pressed
1013.008,jump_executed,672.034606933594,-1989.06945800781,-180.0,-500.0,jump,x_672.034606933594_y_-1989.06945800781
1013.375,jump_input_released,606.032836914062,-2094.07373046875,-180.0,-55.722110748291,Jump,released
1013.441,jump_peak_reached,594.032836914062,-2095.70532226562,-180.0,43.8149261474609,jump_peak,x_594.032836914062_y_-2095.70532226562
1013.725,platform_landed,586.199523925781,-1989.01538085938,0.0,0.0,land_on_platform,platform_scene-1/Tile Map/32_-110_layer_Tile Map_tile_32_-110_source_1_atlas_3_4
1013.725,landed,586.199523925781,-1989.01538085938,0.0,0.0,land,surface_wood_impact_1.34688928222656
1013.759,move_left_pressed,586.199523925781,-1989.01538085938,-33.3333320617676,0.0,Move_Left,pressed
1013.858,jump_input_pressed,574.8662109375,-1989.01538085938,-180.0,0.0,Jump,pressed
1013.858,jump_executed,574.8662109375,-1989.01538085938,-180.0,-500.0,jump,x_574.8662109375_y_-1989.01538085938
1013.875,jump_peak_reached,571.849426269531,-1997.39636230469,-180.0,-479.222198486328,jump_peak,x_571.849426269531_y_-1997.39636230469
1014.242,jump_input_released,536.824768066406,-2095.00512695312,-150.0,-36.1665573120117,Jump,released
1014.442,platform_landed,498.574768066406,-2061.06640625,-180.0,0.0,land_on_platform,platform_scene-1/Tile Map/27_-114_layer_Tile Map_tile_27_-114_source_1_atlas_2_0
1014.442,landed,498.574768066406,-2061.06640625,-180.0,0.0,land,surface_wood_impact_0.75174102783203
1014.508,jump_input_pressed,489.574768066406,-2061.06640625,-180.0,0.0,Jump,pressed
1014.508,jump_executed,489.574768066406,-2061.06640625,-180.0,-500.0,jump,x_489.574768066406_y_-2061.06640625
1014.942,jump_peak_reached,411.572113037109,-2167.90234375,-180.0,39.8149261474609,jump_peak,x_411.572113037109_y_-2167.90234375
1015.008,jump_input_released,399.572113037109,-2161.54443359375,-180.0,187.963073730469,Jump,released
1015.209,platform_landed,360.572082519531,-2079.06689453125,-180.0,0.0,land_on_platform,platform_scene-1/Tile Map/19_-115_layer_Tile Map_tile_19_-115_source_1_atlas_14_0
1015.209,landed,360.572082519531,-2079.06689453125,-180.0,0.0,land,surface_wood_impact_1.26481518554687
1015.209,sonification,360.572082519531,-2079.06689453125,-180.0,0.0,osc_received,"value_[1, ""mushrooms""]"
1015.325,jump_input_pressed,342.572082519531,-2079.06689453125,-180.0,0.0,Jump,pressed
1015.325,jump_executed,342.572082519531,-2079.06689453125,-180.0,-500.0,jump,x_342.572082519531_y_-2079.06689453125
1015.325,sonification,339.572082519531,-2087.40112304688,-180.0,-500.055541992188,osc_received,"value_[1, ""mushrooms""]"
1015.758,jump_peak_reached,264.572082519531,-2185.8955078125,-180.0,39.8149261474609,jump_peak,x_264.572082519531_y_-2185.8955078125
1015.809,jump_input_released,255.572082519531,-2182.05297851562,-180.0,150.926040649414,Jump,released
1016.226,platform_landed,187.32470703125,-1917.06652832031,-30.0,0.0,land_on_platform,platform_scene-1/Tile Map/10_-106_layer_Tile Map_tile_10_-106_source_1_atlas_13_7
1016.226,landed,187.32470703125,-1917.06652832031,-30.0,0.0,land,surface_wood_impact_2.1537041015625
1016.226,musicking,187.32470703125,-1917.06652832031,-30.0,0.0,osc_received,"value_[1, ""cloud""]"
1016.259,musicking,184.65803527832,-1917.06652832031,-96.6666641235352,0.0,osc_received,"value_[1, ""far-fall""]"
1016.308,jump_input_pressed,179.769134521484,-1916.89270019531,-180.0,0.0,Jump,pressed
1016.308,jump_executed,179.769134521484,-1916.89270019531,-180.0,-500.0,jump,x_179.769134521484_y_-1916.89270019531
1016.325,jump_peak_reached,176.74755859375,-1925.28686523438,-180.0,-479.222198486328,jump_peak,x_176.74755859375_y_-1925.28686523438
1016.891,jump_input_released,74.7461090087891,-1667.89514160156,-180.0,1148.14819335938,Jump,released
1017.009,jump_input_pressed,53.7461090087891,-1520.98156738281,-180.0,1407.40710449219,Jump,pressed
1017.125,platform_landed,29.7733383178711,-1338.05358886719,-180.0,0.0,land_on_platform,platform_scene-1/Tile Map/1_-74_layer_Tile Map_tile_1_-74_source_1_atlas_13_6
1017.126,landed,29.7733383178711,-1338.05358886719,-180.0,0.0,land,surface_wood_impact_3.33333203125
1017.126,musicking,29.7733383178711,-1338.05358886719,-180.0,0.0,osc_received,"value_[1, ""water-tube""]"
1017.141,jump_executed,29.7733383178711,-1338.05358886719,-180.0,-500.0,jump,x_29.7733383178711_y_-1338.05358886719
1017.159,musicking,23.7706165313721,-1354.38427734375,-180.0,-479.333312988281,osc_received,"value_[1, ""far-fall""]"
1017.275,jump_input_released,5.77061653137207,-1395.11669921875,-180.0,-335.333251953125,Jump,released
1017.375,jump_peak_reached,-12.2293834686279,-1399.90832519531,-180.0,41.2037048339844,jump_peak,x_-12.2293834686279_y_-1399.90832519531
1017.475,jump_input_pressed,-30.2293834686279,-1386.52868652344,-180.0,263.425933837891,Jump,pressed
1017.591,platform_landed,-54.2282447814941,-1338.07165527344,-180.0,0.0,land_on_platform,platform_scene-1/Tile Map/-3_-74_layer_Tile Map_tile_-3_-74_source_1_atlas_13_6
1017.591,landed,-54.2282447814941,-1338.07165527344,-180.0,0.0,land,surface_wood_impact_1.04537048339844
1017.592,musicking,-54.2282447814941,-1338.07165527344,-180.0,0.0,osc_received,"value_[1, ""water-tube""]"
1017.608,jump_executed,-54.2282447814941,-1338.07165527344,-180.0,-500.0,jump,x_-54.2282447814941_y_-1338.07165527344
1017.675,jump_input_released,-63.9251022338867,-1369.34008789062,-15.0,-417.22216796875,Jump,released
1017.776,jump_peak_reached,-63.9252662658691,-1374.13171386719,-15.0,41.2037048339844,jump_peak,x_-63.9252662658691_y_-1374.13171386719
1017.776,jump_input_pressed,-63.9252662658691,-1374.13171386719,-15.0,41.2037048339844,Jump,pressed
1017.942,platform_landed,-63.9999465942383,-1338.06689453125,-15.0,0.0,land_on_platform,platform_scene-1/Tile Map/-5_-75_layer_Tile Map_tile_-5_-75_source_1_atlas_0_6
1017.942,landed,-63.9999465942383,-1338.06689453125,-15.0,0.0,land,surface_wood_impact_0.82314825439453
1017.943,musicking,-63.9999465942383,-1338.06689453125,-15.0,0.0,osc_received,"value_[1, ""water-tube""]"
1017.975,jump_input_released,-63.9999465942383,-1337.99365234375,-33.3333320617676,0.0,Jump,released
1018.093,jump_input_pressed,-63.9999465942383,-1337.99365234375,-33.3333320617676,0.0,Jump,pressed
1018.093,jump_executed,-63.9999465942383,-1337.99365234375,-33.3333320617676,-500.0,jump,x_-63.9999465942383_y_-1337.99365234375
1018.258,jump_input_released,-63.9252777099609,-1405.90576171875,-15.0,-294.722106933594,Jump,released
1018.359,jump_peak_reached,-63.9252662658691,-1410.69775390625,0.0,41.2037048339844,jump_peak,x_-63.9252662658691_y_-1410.69775390625
1018.359,move_right_pressed,-63.9252662658691,-1410.69775390625,0.0,41.2037048339844,Move_Right,pressed
1018.592,platform_landed,-63.9252662658691,-1338.02355957031,0.0,0.0,land_on_platform,platform_scene-1/Tile Map/-4_-74_layer_Tile Map_tile_-4_-74_source_1_atlas_13_6
1018.592,landed,-63.9252662658691,-1338.02355957031,0.0,0.0,land,surface_wood_impact_1.11944458007812
1018.592,musicking,-63.9252662658691,-1338.02355957031,0.0,0.0,osc_received,"value_[1, ""water-tube""]"
1018.908,jump_input_pressed,-63.9252662658691,-1338.02355957031,0.0,0.0,Jump,pressed
1018.908,jump_executed,-63.9252662658691,-1338.02355957031,0.0,-500.0,jump,x_-63.9252662658691_y_-1338.02355957031
1019.051,jump_input_released,-63.9240226745605,-1395.0791015625,0.0,-335.333251953125,Jump,released
1019.142,jump_peak_reached,-63.9252662658691,-1399.87072753906,-15.0,41.2037048339844,jump_peak,x_-63.9252662658691_y_-1399.87072753906
1019.241,move_right_pressed,-63.9252777099609,-1386.49108886719,0.0,263.425933837891,Move_Right,pressed
1019.358,platform_landed,-63.9252777099609,-1337.9970703125,0.0,0.0,land_on_platform,platform_scene-1/Tile Map/-4_-74_layer_Tile Map_tile_-4_-74_source_1_atlas_13_6
1019.359,landed,-63.9252777099609,-1337.9970703125,0.0,0.0,land,surface_wood_impact_1.04537048339844
1019.359,musicking,-63.9252777099609,-1337.9970703125,0.0,0.0,osc_received,"value_[1, ""water-tube""]"
1019.709,move_right_pressed,-63.3696479797363,-1338.05822753906,33.3333320617676,0.0,Move_Right,pressed
1019.858,jump_input_pressed,-43.0362434387207,-1338.05822753906,180.0,0.0,Jump,pressed
1019.858,jump_executed,-43.0362434387207,-1338.05822753906,180.0,-500.0,jump,x_-43.0362434387207_y_-1338.05822753906
1019.976,jump_input_released,-22.0345687866211,-1389.18225097656,180.0,-355.722137451172,Jump,released
1020.075,jump_peak_reached,-4.03456878662109,-1393.97387695312,180.0,41.2037048339844,jump_peak,x_-4.03456878662109_y_-1393.97387695312
1020.275,platform_landed,34.9668617248535,-1338.04711914062,180.0,0.0,land_on_platform,platform_scene-1/Tile Map/1_-74_layer_Tile Map_tile_1_-74_source_1_atlas_13_6
1020.275,landed,34.9668617248535,-1338.04711914062,180.0,0.0,land,surface_wood_impact_0.97129644775391
1020.276,musicking,34.9668617248535,-1338.04711914062,180.0,0.0,osc_received,"value_[1, ""water-tube""]"
1020.325,jump_input_pressed,40.9668960571289,-1338.06872558594,180.0,0.0,Jump,pressed
1020.325,jump_executed,40.9668960571289,-1338.06872558594,180.0,-500.0,jump,x_40.9668960571289_y_-1338.06872558594
1020.508,scene_transition,73.9677505493164,-1410.90539550781,180.0,-275.166534423828,switch,from_res://Scenes/Main/scene-1.tscn_to_res://Scenes/Main/menu.tscn
1020.508,session_end,73.9677505493164,-1410.90539550781,180.0,-275.166534423828,,
