timestamp_seconds,event,x,y,velocity_x,velocity_y,action,info
940.478,session_start,392.0,624.0,0.0,0.0,,
940.519,jump_peak_reached,392.0,624.0,0.0,37.037036895752,jump_peak,x_392.0_y_624.0
940.565,platform_landed,392.0,638.988403320312,0.0,0.0,land_on_platform,platform_scene-1/Tile Map/21_36_layer_Tile Map_tile_21_36_source_1_atlas_2_0
940.565,landed,392.0,638.988403320312,0.0,0.0,land,surface_wood_impact_0.51851849365234
940.607,musicking,392.0,638.988403320312,0.0,0.0,osc_received,"value_[1, ""far-fall""]"
943.965,jump_input_pressed,392.0,638.988403320312,0.0,0.0,Jump,pressed
943.965,jump_executed,392.0,638.988403320312,0.0,-500.0,jump,x_392.0_y_638.988403320312
944.049,jump_input_released,387.891143798828,603.527221679688,0.0,-396.666595458984,Jump,released
944.148,jump_peak_reached,387.891143798828,598.735534667969,0.0,41.2037048339844,jump_peak,x_387.891143798828_y_598.735534667969
944.316,platform_landed,387.891143798828,638.967407226562,0.0,0.0,land_on_platform,platform_scene-1/Tile Map/21_36_layer_Tile Map_tile_21_36_source_1_atlas_2_0
944.316,landed,387.891143798828,638.967407226562,0.0,0.0,land,surface_wood_impact_0.82314825439453
944.432,move_right_pressed,387.891143798828,638.967407226562,33.3333320617676,0.0,Move_Right,pressed
945.099,jump_input_pressed,464.057800292969,638.929626464844,0.0,0.0,Jump,pressed
945.099,jump_executed,464.057800292969,638.929626464844,0.0,-500.0,jump,x_464.057800292969_y_638.929626464844
945.166,jump_input_released,464.057800292969,607.656188964844,0.0,-417.22216796875,Jump,released
945.266,jump_peak_reached,464.057800292969,602.864501953125,0.0,41.2037048339844,jump_peak,x_464.057800292969_y_602.864501953125
945.366,move_right_pressed,464.057800292969,616.244140625,15.0,263.425933837891,Move_Right,pressed
945.432,platform_landed,467.807800292969,638.932800292969,75.0,0.0,land_on_platform,platform_scene-1/Tile Map/25_36_layer_Tile Map_tile_25_36_source_1_atlas_2_0
945.432,landed,467.807800292969,638.932800292969,75.0,0.0,land,surface_wood_impact_0.82314825439453
945.541,jump_input_pressed,472.946685791016,638.932800292969,0.0,0.0,Jump,pressed
945.541,jump_executed,472.946685791016,638.932800292969,0.0,-500.0,jump,x_472.946685791016_y_638.932800292969
945.633,jump_input_released,472.946685791016,594.081604003906,0.0,-376.166595458984,Jump,released
945.74,jump_peak_reached,472.946685791016,589.289916992188,0.0,41.2037048339844,jump_peak,x_472.946685791016_y_589.289916992188
945.94,platform_landed,472.946685791016,638.967041015625,0.0,0.0,land_on_platform,platform_scene-1/Tile Map/26_36_layer_Tile Map_tile_26_36_source_1_atlas_2_0
945.94,landed,472.946685791016,638.967041015625,0.0,0.0,land,surface_wood_impact_0.97129644775391
946.283,move_left_pressed,472.946685791016,638.967041015625,-33.3333320617676,0.0,Move_Left,pressed
946.649,jump_input_pressed,426.780029296875,638.967041015625,0.0,0.0,Jump,pressed
946.649,jump_executed,426.780029296875,638.967041015625,0.0,-500.0,jump,x_426.780029296875_y_638.967041015625
946.715,jump_peak_reached,426.780029296875,619.6865234375,0.0,74.0740737915039,jump_peak,x_426.780029296875_y_619.6865234375
946.774,jump_input_released,426.780029296875,625.242065429688,0.0,185.185180664062,Jump,released
946.816,platform_landed,426.780029296875,638.995910644531,0.0,0.0,land_on_platform,platform_scene-1/Tile Map/23_36_layer_Tile Map_tile_23_36_source_1_atlas_2_0
946.816,landed,426.780029296875,638.995910644531,0.0,0.0,land,surface_wood_impact_0.59259259033203
947.016,jump_input_pressed,426.780029296875,638.995910644531,0.0,0.0,Jump,pressed
947.016,jump_executed,426.780029296875,638.995910644531,0.0,-500.0,jump,x_426.780029296875_y_638.995910644531
947.082,jump_peak_reached,426.780029296875,619.686950683594,0.0,74.0740737915039,jump_peak,x_426.780029296875_y_619.686950683594
947.108,jump_input_released,426.780029296875,620.921508789062,0.0,111.111114501953,Jump,released
947.183,platform_landed,426.780029296875,638.996337890625,0.0,0.0,land_on_platform,platform_scene-1/Tile Map/23_36_layer_Tile Map_tile_23_36_source_1_atlas_2_0
947.183,landed,426.780029296875,638.996337890625,0.0,0.0,land,surface_wood_impact_0.59259259033203
947.349,jump_input_pressed,426.780029296875,638.996337890625,0.0,0.0,Jump,pressed
947.349,jump_executed,426.780029296875,638.996337890625,0.0,-500.0,jump,x_426.780029296875_y_638.996337890625
947.415,jump_peak_reached,426.780029296875,619.686950683594,0.0,74.0740737915039,jump_peak,x_426.780029296875_y_619.686950683594
947.515,platform_landed,426.780029296875,638.996337890625,0.0,0.0,land_on_platform,platform_scene-1/Tile Map/23_36_layer_Tile Map_tile_23_36_source_1_atlas_2_0
947.515,landed,426.780029296875,638.996337890625,0.0,0.0,land,surface_wood_impact_0.59259259033203
947.607,jump_input_released,426.780029296875,638.996337890625,0.0,0.0,Jump,released
947.948,jump_input_pressed,426.780029296875,638.996337890625,0.0,0.0,Jump,pressed
947.948,jump_executed,426.780029296875,638.996337890625,0.0,-500.0,jump,x_426.780029296875_y_638.996337890625
948.015,jump_peak_reached,426.780029296875,619.686950683594,0.0,74.0740737915039,jump_peak,x_426.780029296875_y_619.686950683594
948.032,jump_input_released,426.780029296875,620.921508789062,0.0,111.111114501953,Jump,released
948.115,platform_landed,426.780029296875,638.996337890625,0.0,0.0,land_on_platform,platform_scene-1/Tile Map/23_36_layer_Tile Map_tile_23_36_source_1_atlas_2_0
948.115,landed,426.780029296875,638.996337890625,0.0,0.0,land,surface_wood_impact_0.59259259033203
948.366,jump_input_pressed,426.780029296875,638.996337890625,0.0,0.0,Jump,pressed
948.366,jump_executed,426.780029296875,638.996337890625,0.0,-500.0,jump,x_426.780029296875_y_638.996337890625
948.432,jump_peak_reached,426.780029296875,619.686950683594,0.0,74.0740737915039,jump_peak,x_426.780029296875_y_619.686950683594
948.483,jump_input_released,426.780029296875,625.242492675781,0.0,185.185180664062,Jump,released
948.532,platform_landed,426.780029296875,638.996337890625,0.0,0.0,land_on_platform,platform_scene-1/Tile Map/23_36_layer_Tile Map_tile_23_36_source_1_atlas_2_0
948.532,landed,426.780029296875,638.996337890625,0.0,0.0,land,surface_wood_impact_0.59259259033203
948.815,jump_input_pressed,426.780029296875,638.996337890625,0.0,0.0,Jump,pressed
948.815,jump_executed,426.780029296875,638.996337890625,0.0,-500.0,jump,x_426.780029296875_y_638.996337890625
948.882,jump_peak_reached,426.780029296875,619.686950683594,0.0,74.0740737915039,jump_peak,x_426.780029296875_y_619.686950683594
948.916,jump_input_released,426.780029296875,622.773376464844,0.0,148.148147583008,Jump,released
948.982,platform_landed,426.780029296875,638.996337890625,0.0,0.0,land_on_platform,platform_scene-1/Tile Map/23_36_layer_Tile Map_tile_23_36_source_1_atlas_2_0
948.982,landed,426.780029296875,638.996337890625,0.0,0.0,land,surface_wood_impact_0.59259259033203
949.41,jump_input_pressed,426.780029296875,638.996337890625,0.0,0.0,Jump,pressed
949.41,jump_executed,426.780029296875,638.996337890625,0.0,-500.0,jump,x_426.780029296875_y_638.996337890625
949.466,jump_peak_reached,426.780029296875,619.686950683594,0.0,74.0740737915039,jump_peak,x_426.780029296875_y_619.686950683594
949.466,jump_input_released,426.780029296875,619.686950683594,0.0,74.0740737915039,Jump,released
949.551,jump_input_pressed,426.780029296875,632.032592773438,0.0,259.259246826172,Jump,pressed
949.566,platform_landed,426.780029296875,638.996337890625,0.0,0.0,land_on_platform,platform_scene-1/Tile Map/23_36_layer_Tile Map_tile_23_36_source_1_atlas_2_0
949.566,landed,426.780029296875,638.996337890625,0.0,0.0,land,surface_wood_impact_0.59259259033203
949.582,jump_executed,426.780029296875,638.996337890625,0.0,-500.0,jump,x_426.780029296875_y_638.996337890625
949.616,jump_input_released,426.780029296875,622.610229492188,0.0,-458.499969482422,Jump,released
949.683,jump_peak_reached,426.780029296875,619.683654785156,0.0,74.0740737915039,jump_peak,x_426.780029296875_y_619.683654785156
949.683,jump_input_pressed,426.780029296875,619.683654785156,0.0,74.0740737915039,Jump,pressed
949.749,jump_input_released,426.780029296875,628.325622558594,0.0,222.222213745117,Jump,released
949.783,platform_landed,426.780029296875,638.993041992188,0.0,0.0,land_on_platform,platform_scene-1/Tile Map/23_36_layer_Tile Map_tile_23_36_source_1_atlas_2_0
949.783,landed,426.780029296875,638.993041992188,0.0,0.0,land,surface_wood_impact_0.59259259033203
949.807,jump_executed,426.780029296875,638.993041992188,0.0,-500.0,jump,x_426.780029296875_y_638.993041992188
949.842,jump_input_pressed,426.780029296875,622.613525390625,0.0,-458.333312988281,Jump,pressed
949.865,jump_peak_reached,426.780029296875,619.683776855469,0.0,74.0740737915039,jump_peak,x_426.780029296875_y_619.683776855469
949.899,jump_input_released,426.780029296875,622.770202636719,0.0,148.148147583008,Jump,released
949.966,platform_landed,426.780029296875,638.9931640625,0.0,0.0,land_on_platform,platform_scene-1/Tile Map/23_36_layer_Tile Map_tile_23_36_source_1_atlas_2_0
949.966,landed,426.780029296875,638.9931640625,0.0,0.0,land,surface_wood_impact_0.59259259033203
949.983,jump_input_pressed,426.780029296875,638.9931640625,0.0,0.0,Jump,pressed
949.983,jump_executed,426.780029296875,638.9931640625,0.0,-500.0,jump,x_426.780029296875_y_638.9931640625
950.049,jump_peak_reached,426.780029296875,619.686950683594,0.0,74.0740737915039,jump_peak,x_426.780029296875_y_619.686950683594
950.049,jump_input_released,426.780029296875,619.686950683594,0.0,74.0740737915039,Jump,released
950.149,jump_input_pressed,426.780029296875,636.353576660156,0.0,296.296295166016,Jump,pressed
950.149,platform_landed,426.780029296875,638.996337890625,0.0,0.0,land_on_platform,platform_scene-1/Tile Map/23_36_layer_Tile Map_tile_23_36_source_1_atlas_2_0
950.149,landed,426.780029296875,638.996337890625,0.0,0.0,land,surface_wood_impact_0.59259259033203
950.174,jump_executed,426.780029296875,638.996337890625,0.0,-500.0,jump,x_426.780029296875_y_638.996337890625
950.199,jump_input_released,426.780029296875,622.610229492188,0.0,-458.499969482422,Jump,released
950.266,jump_peak_reached,426.780029296875,619.683654785156,0.0,74.0740737915039,jump_peak,x_426.780029296875_y_619.683654785156
950.299,jump_input_pressed,426.780029296875,622.770080566406,0.0,148.148147583008,Jump,pressed
950.366,jump_input_released,426.780029296875,636.350280761719,0.0,296.296295166016,Jump,released
950.366,platform_landed,426.780029296875,638.993041992188,0.0,0.0,land_on_platform,platform_scene-1/Tile Map/23_36_layer_Tile Map_tile_23_36_source_1_atlas_2_0
950.366,landed,426.780029296875,638.993041992188,0.0,0.0,land,surface_wood_impact_0.59259259033203
950.382,jump_executed,426.780029296875,638.993041992188,0.0,-500.0,jump,x_426.780029296875_y_638.993041992188
950.449,jump_peak_reached,426.780029296875,619.683837890625,0.0,74.0740737915039,jump_peak,x_426.780029296875_y_619.683837890625
950.465,jump_input_pressed,426.780029296875,620.918395996094,0.0,111.111114501953,Jump,pressed
950.516,jump_input_released,426.780029296875,628.325805664062,0.0,222.222213745117,Jump,released
950.548,platform_landed,426.780029296875,638.993225097656,0.0,0.0,land_on_platform,platform_scene-1/Tile Map/23_36_layer_Tile Map_tile_23_36_source_1_atlas_2_0
950.548,landed,426.780029296875,638.993225097656,0.0,0.0,land,surface_wood_impact_0.59259259033203
950.573,jump_executed,426.780029296875,638.993225097656,0.0,-500.0,jump,x_426.780029296875_y_638.993225097656
950.616,jump_input_pressed,426.780029296875,619.002990722656,0.0,37.037036895752,Jump,pressed
950.632,jump_peak_reached,426.780029296875,619.683837890625,0.0,74.0740737915039,jump_peak,x_426.780029296875_y_619.683837890625
950.674,jump_input_released,426.780029296875,622.770263671875,0.0,148.148147583008,Jump,released
950.732,platform_landed,426.780029296875,638.993225097656,0.0,0.0,land_on_platform,platform_scene-1/Tile Map/23_36_layer_Tile Map_tile_23_36_source_1_atlas_2_0
950.732,landed,426.780029296875,638.993225097656,0.0,0.0,land,surface_wood_impact_0.59259259033203
950.749,jump_executed,426.780029296875,638.993225097656,0.0,-500.0,jump,x_426.780029296875_y_638.993225097656
950.774,jump_input_pressed,426.780029296875,630.599670410156,0.0,-479.166656494141,Jump,pressed
950.815,jump_peak_reached,426.780029296875,619.68359375,0.0,74.0740737915039,jump_peak,x_426.780029296875_y_619.68359375
950.832,jump_input_released,426.780029296875,620.918151855469,0.0,111.111114501953,Jump,released
950.916,platform_landed,426.780029296875,638.992980957031,0.0,0.0,land_on_platform,platform_scene-1/Tile Map/23_36_layer_Tile Map_tile_23_36_source_1_atlas_2_0
950.916,landed,426.780029296875,638.992980957031,0.0,0.0,land,surface_wood_impact_0.59259259033203
950.932,jump_input_pressed,426.780029296875,638.992980957031,0.0,0.0,Jump,pressed
950.932,jump_executed,426.780029296875,638.992980957031,0.0,-500.0,jump,x_426.780029296875_y_638.992980957031
950.982,jump_input_released,426.780029296875,619.026428222656,0.0,37.037036895752,Jump,released
951.007,jump_peak_reached,426.780029296875,619.686889648438,0.0,74.0740737915039,jump_peak,x_426.780029296875_y_619.686889648438
951.083,jump_input_pressed,426.780029296875,632.032531738281,0.0,259.259246826172,Jump,pressed
951.099,platform_landed,426.780029296875,638.996276855469,0.0,0.0,land_on_platform,platform_scene-1/Tile Map/23_36_layer_Tile Map_tile_23_36_source_1_atlas_2_0
951.099,landed,426.780029296875,638.996276855469,0.0,0.0,land,surface_wood_impact_0.59259259033203
951.115,jump_executed,426.780029296875,638.996276855469,0.0,-500.0,jump,x_426.780029296875_y_638.996276855469
951.141,jump_input_released,426.780029296875,630.59912109375,0.0,-479.222198486328,Jump,released
951.232,jump_peak_reached,426.780029296875,625.807434082031,0.0,41.2037048339844,jump_peak,x_426.780029296875_y_625.807434082031
951.232,jump_input_pressed,426.780029296875,625.807434082031,0.0,41.2037048339844,Jump,pressed
951.307,jump_input_released,426.780029296875,632.258056640625,0.0,189.351852416992,Jump,released
951.324,platform_landed,426.780029296875,638.995483398438,0.0,0.0,land_on_platform,platform_scene-1/Tile Map/23_36_layer_Tile Map_tile_23_36_source_1_atlas_2_0
951.324,landed,426.780029296875,638.995483398438,0.0,0.0,land,surface_wood_impact_0.45277777099609
951.34,jump_executed,426.780029296875,638.995483398438,0.0,-500.0,jump,x_426.780029296875_y_638.995483398438
951.391,jump_input_pressed,426.780029296875,619.003234863281,0.0,37.037036895752,Jump,pressed
951.408,jump_peak_reached,426.780029296875,619.683898925781,0.0,74.0740737915039,jump_peak,x_426.780029296875_y_619.683898925781
951.457,jump_input_released,426.780029296875,625.239440917969,0.0,185.185180664062,Jump,released
951.507,platform_landed,426.780029296875,638.993286132812,0.0,0.0,land_on_platform,platform_scene-1/Tile Map/23_36_layer_Tile Map_tile_23_36_source_1_atlas_2_0
951.507,landed,426.780029296875,638.993286132812,0.0,0.0,land,surface_wood_impact_0.59259259033203
951.525,jump_executed,426.780029296875,638.993286132812,0.0,-500.0,jump,x_426.780029296875_y_638.993286132812
951.567,jump_input_pressed,426.780029296875,619.002990722656,0.0,37.037036895752,Jump,pressed
951.582,jump_peak_reached,426.780029296875,619.683837890625,0.0,74.0740737915039,jump_peak,x_426.780029296875_y_619.683837890625
951.641,jump_input_released,426.780029296875,625.239379882812,0.0,185.185180664062,Jump,released
951.683,platform_landed,426.780029296875,638.993225097656,0.0,0.0,land_on_platform,platform_scene-1/Tile Map/23_36_layer_Tile Map_tile_23_36_source_1_atlas_2_0
951.683,landed,426.780029296875,638.993225097656,0.0,0.0,land,surface_wood_impact_0.59259259033203
951.699,jump_executed,426.780029296875,638.993225097656,0.0,-500.0,jump,x_426.780029296875_y_638.993225097656
951.748,jump_input_pressed,426.780029296875,619.002990722656,0.0,37.037036895752,Jump,pressed
951.773,jump_peak_reached,426.780029296875,619.683837890625,0.0,74.0740737915039,jump_peak,x_426.780029296875_y_619.683837890625
951.799,jump_input_released,426.780029296875,622.770263671875,0.0,148.148147583008,Jump,released
951.874,platform_landed,426.780029296875,638.993225097656,0.0,0.0,land_on_platform,platform_scene-1/Tile Map/23_36_layer_Tile Map_tile_23_36_source_1_atlas_2_0
951.874,landed,426.780029296875,638.993225097656,0.0,0.0,land,surface_wood_impact_0.59259259033203
951.883,jump_executed,426.780029296875,638.993225097656,0.0,-500.0,jump,x_426.780029296875_y_638.993225097656
951.915,jump_input_pressed,426.780029296875,622.613586425781,0.0,-458.333312988281,Jump,pressed
951.949,jump_peak_reached,426.780029296875,619.683776855469,0.0,74.0740737915039,jump_peak,x_426.780029296875_y_619.683776855469
951.974,jump_input_released,426.780029296875,620.918334960938,0.0,111.111114501953,Jump,released
952.049,platform_landed,426.780029296875,638.9931640625,0.0,0.0,land_on_platform,platform_scene-1/Tile Map/23_36_layer_Tile Map_tile_23_36_source_1_atlas_2_0
952.049,landed,426.780029296875,638.9931640625,0.0,0.0,land,surface_wood_impact_0.59259259033203
952.065,jump_input_pressed,426.780029296875,638.9931640625,0.0,0.0,Jump,pressed
952.065,jump_executed,426.780029296875,638.9931640625,0.0,-500.0,jump,x_426.780029296875_y_638.9931640625
952.115,jump_input_released,426.780029296875,619.026550292969,0.0,37.037036895752,Jump,released
952.141,jump_peak_reached,426.780029296875,619.686950683594,0.0,74.0740737915039,jump_peak,x_426.780029296875_y_619.686950683594
952.216,jump_input_pressed,426.780029296875,632.032592773438,0.0,259.259246826172,Jump,pressed
952.241,platform_landed,426.780029296875,638.996337890625,0.0,0.0,land_on_platform,platform_scene-1/Tile Map/23_36_layer_Tile Map_tile_23_36_source_1_atlas_2_0
952.241,landed,426.780029296875,638.996337890625,0.0,0.0,land,surface_wood_impact_0.59259259033203
952.248,jump_executed,426.780029296875,638.996337890625,0.0,-500.0,jump,x_426.780029296875_y_638.996337890625
952.266,jump_input_released,426.780029296875,630.59912109375,0.0,-479.222198486328,Jump,released
952.366,jump_peak_reached,426.780029296875,625.807434082031,0.0,41.2037048339844,jump_peak,x_426.780029296875_y_625.807434082031
952.382,jump_input_pressed,426.780029296875,626.494140625,0.0,78.2407455444336,Jump,pressed
952.44,jump_input_released,426.780029296875,632.258056640625,0.0,189.351852416992,Jump,released
952.449,platform_landed,426.780029296875,638.995483398438,0.0,0.0,land_on_platform,platform_scene-1/Tile Map/23_36_layer_Tile Map_tile_23_36_source_1_atlas_2_0
952.449,landed,426.780029296875,638.995483398438,0.0,0.0,land,surface_wood_impact_0.45277777099609
952.465,jump_executed,426.780029296875,638.995483398438,0.0,-500.0,jump,x_426.780029296875_y_638.995483398438
952.541,jump_peak_reached,426.780029296875,619.683898925781,0.0,74.0740737915039,jump_peak,x_426.780029296875_y_619.683898925781
952.541,jump_input_pressed,426.780029296875,619.683898925781,0.0,74.0740737915039,Jump,pressed
952.582,jump_input_released,426.780029296875,625.239440917969,0.0,185.185180664062,Jump,released
952.632,platform_landed,426.780029296875,638.993286132812,0.0,0.0,land_on_platform,platform_scene-1/Tile Map/23_36_layer_Tile Map_tile_23_36_source_1_atlas_2_0
952.632,landed,426.780029296875,638.993286132812,0.0,0.0,land,surface_wood_impact_0.59259259033203
952.649,jump_executed,426.780029296875,638.993286132812,0.0,-500.0,jump,x_426.780029296875_y_638.993286132812
952.683,jump_input_pressed,426.780029296875,622.613586425781,0.0,-458.333312988281,Jump,pressed
952.715,jump_peak_reached,426.780029296875,619.683776855469,0.0,74.0740737915039,jump_peak,x_426.780029296875_y_619.683776855469
952.732,jump_input_released,426.780029296875,620.918334960938,0.0,111.111114501953,Jump,released
952.815,platform_landed,426.780029296875,638.9931640625,0.0,0.0,land_on_platform,platform_scene-1/Tile Map/23_36_layer_Tile Map_tile_23_36_source_1_atlas_2_0
952.815,landed,426.780029296875,638.9931640625,0.0,0.0,land,surface_wood_impact_0.59259259033203
952.849,jump_input_pressed,426.780029296875,638.9931640625,0.0,0.0,Jump,pressed
952.849,jump_executed,426.780029296875,638.9931640625,0.0,-500.0,jump,x_426.780029296875_y_638.9931640625
952.899,jump_input_released,426.780029296875,619.026550292969,0.0,37.037036895752,Jump,released
952.916,jump_peak_reached,426.780029296875,619.686950683594,0.0,74.0740737915039,jump_peak,x_426.780029296875_y_619.686950683594
952.983,jump_input_pressed,426.780029296875,628.328918457031,0.0,222.222213745117,Jump,pressed
953.015,platform_landed,426.780029296875,638.996337890625,0.0,0.0,land_on_platform,platform_scene-1/Tile Map/23_36_layer_Tile Map_tile_23_36_source_1_atlas_2_0
953.015,landed,426.780029296875,638.996337890625,0.0,0.0,land,surface_wood_impact_0.59259259033203
953.032,jump_executed,426.780029296875,638.996337890625,0.0,-500.0,jump,x_426.780029296875_y_638.996337890625
953.05,jump_input_released,426.780029296875,630.59912109375,0.0,-479.222198486328,Jump,released
953.15,jump_peak_reached,426.780029296875,625.807434082031,0.0,41.2037048339844,jump_peak,x_426.780029296875_y_625.807434082031
953.15,jump_input_pressed,426.780029296875,625.807434082031,0.0,41.2037048339844,Jump,pressed
953.199,jump_input_released,426.780029296875,629.719482421875,0.0,152.314819335938,Jump,released
953.232,platform_landed,426.780029296875,638.995483398438,0.0,0.0,land_on_platform,platform_scene-1/Tile Map/23_36_layer_Tile Map_tile_23_36_source_1_atlas_2_0
953.232,landed,426.780029296875,638.995483398438,0.0,0.0,land,surface_wood_impact_0.45277777099609
953.249,jump_executed,426.780029296875,638.995483398438,0.0,-500.0,jump,x_426.780029296875_y_638.995483398438
953.315,jump_peak_reached,426.780029296875,619.683898925781,0.0,74.0740737915039,jump_peak,x_426.780029296875_y_619.683898925781
953.415,platform_landed,426.780029296875,638.993286132812,0.0,0.0,land_on_platform,platform_scene-1/Tile Map/23_36_layer_Tile Map_tile_23_36_source_1_atlas_2_0
953.415,landed,426.780029296875,638.993286132812,0.0,0.0,land,surface_wood_impact_0.59259259033203
953.967,jump_input_pressed,426.780029296875,638.993286132812,0.0,0.0,Jump,pressed
953.967,jump_executed,426.780029296875,638.993286132812,0.0,-500.0,jump,x_426.780029296875_y_638.993286132812
954.032,jump_peak_reached,426.780029296875,619.686950683594,0.0,74.0740737915039,jump_peak,x_426.780029296875_y_619.686950683594
954.067,jump_input_released,426.780029296875,622.773376464844,0.0,148.148147583008,Jump,released
954.132,platform_landed,426.780029296875,638.996337890625,0.0,0.0,land_on_platform,platform_scene-1/Tile Map/23_36_layer_Tile Map_tile_23_36_source_1_atlas_2_0
954.132,landed,426.780029296875,638.996337890625,0.0,0.0,land,surface_wood_impact_0.59259259033203
954.283,jump_input_pressed,426.780029296875,638.996337890625,0.0,0.0,Jump,pressed
954.283,jump_executed,426.780029296875,638.996337890625,0.0,-500.0,jump,x_426.780029296875_y_638.996337890625
954.349,jump_peak_reached,426.780029296875,619.686950683594,0.0,74.0740737915039,jump_peak,x_426.780029296875_y_619.686950683594
954.374,jump_input_released,426.780029296875,620.921508789062,0.0,111.111114501953,Jump,released
954.449,platform_landed,426.780029296875,638.996337890625,0.0,0.0,land_on_platform,platform_scene-1/Tile Map/23_36_layer_Tile Map_tile_23_36_source_1_atlas_2_0
954.449,landed,426.780029296875,638.996337890625,0.0,0.0,land,surface_wood_impact_0.59259259033203
954.675,jump_input_pressed,426.780029296875,638.996337890625,0.0,0.0,Jump,pressed
954.675,jump_executed,426.780029296875,638.996337890625,0.0,-500.0,jump,x_426.780029296875_y_638.996337890625
954.74,jump_peak_reached,426.780029296875,619.686950683594,0.0,74.0740737915039,jump_peak,x_426.780029296875_y_619.686950683594
954.766,jump_input_released,426.780029296875,622.773376464844,0.0,148.148147583008,Jump,released
954.832,platform_landed,426.780029296875,638.996337890625,0.0,0.0,land_on_platform,platform_scene-1/Tile Map/23_36_layer_Tile Map_tile_23_36_source_1_atlas_2_0
954.832,landed,426.780029296875,638.996337890625,0.0,0.0,land,surface_wood_impact_0.59259259033203
955.015,jump_input_pressed,426.780029296875,638.996337890625,0.0,0.0,Jump,pressed
955.016,jump_executed,426.780029296875,638.996337890625,0.0,-500.0,jump,x_426.780029296875_y_638.996337890625
955.082,jump_peak_reached,426.780029296875,619.686950683594,0.0,74.0740737915039,jump_peak,x_426.780029296875_y_619.686950683594
955.082,jump_input_released,426.780029296875,619.686950683594,0.0,74.0740737915039,Jump,released
955.182,platform_landed,426.780029296875,638.996337890625,0.0,0.0,land_on_platform,platform_scene-1/Tile Map/23_36_layer_Tile Map_tile_23_36_source_1_atlas_2_0
955.182,landed,426.780029296875,638.996337890625,0.0,0.0,land,surface_wood_impact_0.59259259033203
955.341,jump_input_pressed,426.780029296875,638.996337890625,0.0,0.0,Jump,pressed
955.341,jump_executed,426.780029296875,638.996337890625,0.0,-500.0,jump,x_426.780029296875_y_638.996337890625
955.399,jump_peak_reached,426.780029296875,619.686950683594,0.0,74.0740737915039,jump_peak,x_426.780029296875_y_619.686950683594
955.415,jump_input_released,426.780029296875,620.921508789062,0.0,111.111114501953,Jump,released
955.499,platform_landed,426.780029296875,638.996337890625,0.0,0.0,land_on_platform,platform_scene-1/Tile Map/23_36_layer_Tile Map_tile_23_36_source_1_atlas_2_0
955.499,landed,426.780029296875,638.996337890625,0.0,0.0,land,surface_wood_impact_0.59259259033203
956.199,move_right_pressed,426.780029296875,638.996337890625,33.3333320617676,0.0,Move_Right,pressed
956.266,musicking,435.113342285156,638.933349609375,166.666656494141,0.0,osc_received,"value_[1, ""chain-jumps-combo-walk""]"
956.524,musicking,480.113342285156,638.933349609375,180.0,0.0,osc_received,"value_[1, ""chain-jumps-combo-walk""]"
956.599,musicking,495.113342285156,638.933349609375,180.0,0.0,osc_received,"value_[1, ""chain-jumps-combo-walk""]"
956.849,musicking,540.113342285156,638.933349609375,180.0,0.0,osc_received,"value_[1, ""chain-jumps-combo-walk""]"
956.932,musicking,555.113342285156,638.933349609375,180.0,0.0,osc_received,"value_[1, ""chain-jumps-combo-walk""]"
957.049,jump_input_pressed,573.113342285156,638.933349609375,180.0,0.0,Jump,pressed
957.049,jump_executed,573.113342285156,638.933349609375,180.0,-500.0,jump,x_573.113342285156_y_638.933349609375
957.249,jump_peak_reached,609.117309570312,570.685546875,180.0,74.0740737915039,jump_peak,x_609.117309570312_y_570.685546875
957.249,jump_input_released,609.117309570312,570.685546875,180.0,74.0740737915039,Jump,released
957.466,platform_landed,651.118530273438,638.930236816406,180.0,0.0,land_on_platform,platform_scene-1/Tile Map/36_36_layer_Tile Map_tile_36_36_source_1_atlas_12_0
957.466,landed,651.118530273438,638.930236816406,180.0,0.0,land,surface_wood_impact_1.11111120605469
957.467,sonification,651.118530273438,638.930236816406,180.0,0.0,osc_received,"value_[1, ""mushrooms""]"
957.55,jump_input_pressed,663.118530273438,638.930236816406,180.0,0.0,Jump,pressed
957.55,jump_executed,663.118530273438,638.930236816406,180.0,-500.0,jump,x_663.118530273438_y_638.930236816406
957.55,sonification,666.120300292969,630.591125488281,180.0,-500.055541992188,osc_received,"value_[1, ""mushrooms""]"
957.674,jump_input_released,684.120300292969,587.805969238281,180.0,-355.722137451172,Jump,released
957.765,jump_peak_reached,702.120300292969,583.014282226562,180.0,41.2037048339844,jump_peak,x_702.120300292969_y_583.014282226562
957.966,platform_landed,741.120300292969,638.933776855469,180.0,0.0,land_on_platform,platform_scene-1/Tile Map/41_36_layer_Tile Map_tile_41_36_source_1_atlas_12_0
957.966,landed,741.120300292969,638.933776855469,180.0,0.0,land,surface_wood_impact_0.97129644775391
957.967,sonification,741.120300292969,638.933776855469,180.0,0.0,osc_received,"value_[1, ""mushrooms""]"
958.215,jump_input_pressed,783.120300292969,638.933776855469,180.0,0.0,Jump,pressed
958.215,jump_executed,783.120300292969,638.933776855469,180.0,-500.0,jump,x_783.120300292969_y_638.933776855469
958.216,sonification,786.123046875,630.591979980469,180.0,-500.055541992188,osc_received,"value_[1, ""mushrooms""]"
958.382,jump_peak_reached,813.12451171875,580.620544433594,180.0,74.0740737915039,jump_peak,x_813.12451171875_y_580.620544433594
958.466,jump_input_released,828.12451171875,592.966186523438,180.0,259.259246826172,Jump,released
958.582,platform_landed,852.12451171875,638.933410644531,180.0,0.0,land_on_platform,platform_scene-1/Tile Map/47_36_layer_Tile Map_tile_47_36_source_1_atlas_12_0
958.583,landed,852.12451171875,638.933410644531,180.0,0.0,land,surface_wood_impact_1.037037109375
958.583,sonification,852.12451171875,638.933410644531,180.0,0.0,osc_received,"value_[1, ""mushrooms""]"
958.816,jump_input_pressed,891.12451171875,638.933410644531,180.0,0.0,Jump,pressed
958.816,jump_executed,891.12451171875,638.933410644531,180.0,-500.0,jump,x_891.12451171875_y_638.933410644531
958.823,sonification,894.127136230469,630.591918945312,180.0,-500.055541992188,osc_received,"value_[1, ""mushrooms""]"
959.05,jump_input_released,933.127136230469,553.338195800781,180.0,-214.166549682617,Jump,released
959.149,jump_peak_reached,947.925231933594,548.546508789062,15.0,41.2037048339844,jump_peak,x_947.925231933594_y_548.546508789062
959.416,platform_landed,970.425231933594,638.933349609375,180.0,0.0,land_on_platform,platform_scene-1/Tile Map/53_36_layer_Tile Map_tile_53_36_source_1_atlas_12_0
959.416,landed,970.425231933594,638.933349609375,180.0,0.0,land,surface_wood_impact_1.2675927734375
959.417,sonification,970.425231933594,638.933349609375,180.0,0.0,osc_received,"value_[1, ""mushrooms""]"
959.483,jump_input_pressed,979.425231933594,638.933349609375,180.0,0.0,Jump,pressed
959.483,jump_executed,979.425231933594,638.933349609375,180.0,-500.0,jump,x_979.425231933594_y_638.933349609375
959.484,sonification,982.427795410156,630.591918945312,180.0,-500.055541992188,osc_received,"value_[1, ""mushrooms""]"
959.649,jump_input_released,1009.42779541016,571.01416015625,180.0,-294.722106933594,Jump,released
959.748,jump_peak_reached,1027.427734375,566.222473144531,180.0,41.2037048339844,jump_peak,x_1027.427734375_y_566.222473144531
959.983,platform_landed,1037.92407226562,638.995727539062,15.0,0.0,land_on_platform,platform_scene-1/Tile Map/57_36_layer_Tile Map_tile_57_36_source_1_atlas_13_0
959.983,landed,1037.92407226562,638.995727539062,15.0,0.0,land,surface_wood_impact_1.11944458007812
959.983,sonification,1037.92407226562,638.995727539062,15.0,0.0,osc_received,"value_[1, ""mushrooms""]"
960.009,sonification,1037.92407226562,638.995727539062,0.0,0.0,osc_received,"value_[1, ""mushrooms""]"
960.066,move_left_pressed,1037.92407226562,638.995727539062,-33.3333320617676,0.0,Move_Left,pressed
960.073,sonification,1037.36853027344,638.995727539062,-33.3333320617676,0.0,osc_received,"value_[1, ""mushrooms""]"
960.274,jump_input_pressed,1008.5908203125,638.933288574219,-180.0,0.0,Jump,pressed
960.274,jump_executed,1008.5908203125,638.933288574219,-180.0,-500.0,jump,x_1008.5908203125_y_638.933288574219
960.282,sonification,1002.58825683594,622.602966308594,-180.0,-479.333312988281,osc_received,"value_[1, ""mushrooms""]"
960.382,jump_input_released,987.588256835938,587.806701660156,-180.0,-355.722137451172,Jump,released
960.482,jump_peak_reached,969.588256835938,583.015014648438,-180.0,41.2037048339844,jump_peak,x_969.588256835938_y_583.015014648438
960.682,platform_landed,930.588256835938,638.933837890625,-180.0,0.0,land_on_platform,platform_scene-1/Tile Map/51_36_layer_Tile Map_tile_51_36_source_1_atlas_12_0
960.682,landed,930.588256835938,638.933837890625,-180.0,0.0,land,surface_wood_impact_0.97129644775391
960.69,sonification,930.588256835938,638.933837890625,-180.0,0.0,osc_received,"value_[1, ""mushrooms""]"
960.742,jump_input_pressed,924.588256835938,638.933837890625,-180.0,0.0,Jump,pressed
960.742,jump_executed,924.588256835938,638.933837890625,-180.0,-500.0,jump,x_924.588256835938_y_638.933837890625
960.742,sonification,921.585510253906,630.591979980469,-180.0,-500.055541992188,osc_received,"value_[1, ""mushrooms""]"
960.849,jump_input_released,903.585510253906,587.806823730469,-180.0,-355.722137451172,Jump,released
960.949,jump_peak_reached,885.585510253906,583.01513671875,-180.0,41.2037048339844,jump_peak,x_885.585510253906_y_583.01513671875
961.149,platform_landed,846.585510253906,638.925170898438,-180.0,0.0,land_on_platform,platform_scene-1/Tile Map/46_36_layer_Tile Map_tile_46_36_source_1_atlas_13_0
961.149,landed,846.585510253906,638.925170898438,-180.0,0.0,land,surface_wood_impact_0.97129644775391
961.15,sonification,846.585510253906,638.925170898438,-180.0,0.0,osc_received,"value_[1, ""mushrooms""]"
961.217,jump_input_pressed,837.585510253906,638.925170898438,-180.0,0.0,Jump,pressed
961.217,jump_executed,837.585510253906,638.925170898438,-180.0,-500.0,jump,x_837.585510253906_y_638.925170898438
961.221,sonification,834.585205078125,630.589965820312,-180.0,-500.055541992188,osc_received,"value_[1, ""mushrooms""]"
961.298,jump_input_released,822.585205078125,600.697387695312,-180.0,-396.666595458984,Jump,released
961.407,jump_peak_reached,804.585205078125,595.905700683594,-180.0,41.2037048339844,jump_peak,x_804.585205078125_y_595.905700683594
961.583,platform_landed,768.585205078125,638.933410644531,-180.0,0.0,land_on_platform,platform_scene-1/Tile Map/42_36_layer_Tile Map_tile_42_36_source_1_atlas_12_0
961.583,landed,768.585205078125,638.933410644531,-180.0,0.0,land,surface_wood_impact_0.89722235107422
961.583,sonification,768.585205078125,638.933410644531,-180.0,0.0,osc_received,"value_[1, ""mushrooms""]"
962.365,move_right_pressed,634.751892089844,638.933410644531,20.0000019073486,0.0,Move_Right,pressed
963.965,move_left_pressed,914.97412109375,638.933410644531,96.6666641235352,0.0,Move_Left,pressed
963.983,sonification,916.585205078125,638.933410644531,0.0,0.0,osc_received,"value_[1, ""mushrooms""]"
963.999,sonification,916.029663085938,638.933410644531,-33.3333320617676,0.0,osc_received,"value_[1, ""mushrooms""]"
965.617,sonification,629.251892089844,638.933410644531,-180.0,0.0,osc_received,"value_[1, ""mushrooms""]"
965.742,musicking,608.251892089844,638.933410644531,-180.0,0.0,osc_received,"value_[1, ""chain-jumps-combo-walk""]"
965.816,musicking,593.251892089844,638.933410644531,-180.0,0.0,osc_received,"value_[1, ""chain-jumps-combo-walk""]"
966.066,musicking,548.251892089844,638.933410644531,-180.0,0.0,osc_received,"value_[1, ""chain-jumps-combo-walk""]"
966.157,musicking,533.251892089844,638.933410644531,-180.0,0.0,osc_received,"value_[1, ""chain-jumps-combo-walk""]"
966.408,musicking,488.251892089844,638.933410644531,-180.0,0.0,osc_received,"value_[1, ""chain-jumps-combo-walk""]"
966.491,musicking,473.251892089844,638.933410644531,-180.0,0.0,osc_received,"value_[1, ""chain-jumps-combo-walk""]"
966.733,musicking,428.251892089844,638.933410644531,-180.0,0.0,osc_received,"value_[1, ""chain-jumps-combo-walk""]"
966.824,musicking,413.251892089844,638.933410644531,-180.0,0.0,osc_received,"value_[1, ""chain-jumps-combo-walk""]"
967.084,musicking,365.251892089844,638.933410644531,-180.0,0.0,osc_received,"value_[1, ""chain-jumps-combo-walk""]"
967.157,musicking,353.251892089844,638.933410644531,-180.0,0.0,osc_received,"value_[1, ""chain-jumps-combo-walk""]"
968.399,jump_input_pressed,183.418548583984,638.933410644531,0.0,0.0,Jump,pressed
968.399,jump_executed,183.418548583984,638.933410644531,0.0,-500.0,jump,x_183.418548583984_y_638.933410644531
968.451,jump_input_released,183.418548583984,614.957580566406,0.0,-437.833282470703,Jump,released
968.549,jump_peak_reached,183.418548583984,610.165893554688,0.0,41.2037048339844,jump_peak,x_183.418548583984_y_610.165893554688
968.699,platform_landed,183.418548583984,638.995361328125,0.0,0.0,land_on_platform,platform_scene-1/Tile Map/10_36_layer_Tile Map_tile_10_36_source_1_atlas_2_0
968.699,landed,183.418548583984,638.995361328125,0.0,0.0,land,surface_wood_impact_0.74907415771484
968.775,jump_input_pressed,183.418548583984,638.995361328125,0.0,0.0,Jump,pressed
968.775,jump_executed,183.418548583984,638.995361328125,0.0,-500.0,jump,x_183.418548583984_y_638.995361328125
968.849,jump_input_released,183.418548583984,600.706420898438,0.0,-396.666595458984,Jump,released
968.949,jump_peak_reached,183.418548583984,595.914733886719,0.0,41.2037048339844,jump_peak,x_183.418548583984_y_595.914733886719
969.083,move_left_pressed,183.418548583984,618.692504882812,-15.0,337.500030517578,Move_Left,pressed
969.141,platform_landed,180.920944213867,638.931457519531,-60.0,0.0,land_on_platform,platform_scene-1/Tile Map/9_36_layer_Tile Map_tile_9_36_source_1_atlas_2_0
969.141,landed,180.920944213867,638.931457519531,-60.0,0.0,land,surface_wood_impact_0.89722235107422
969.217,musicking,168.587600708008,638.924926757812,-180.0,0.0,osc_received,"value_[1, ""chain-jumps-combo-walk""]"
969.366,jump_input_pressed,145.976486206055,638.924926757812,-13.3333311080933,0.0,Jump,pressed
969.366,jump_executed,145.976486206055,638.924926757812,-13.3333311080933,-500.0,jump,x_145.976486206055_y_638.924926757812
969.465,jump_peak_reached,145.789596557617,601.296813964844,0.0,53.0083389282227,jump_peak,x_145.789596557617_y_601.296813964844
969.633,platform_landed,145.789596557617,638.970520019531,0.0,0.0,land_on_platform,platform_scene-1/Tile Map/8_36_layer_Tile Map_tile_8_36_source_1_atlas_2_0
969.633,landed,145.789596557617,638.970520019531,0.0,0.0,land,surface_wood_impact_0.84675750732422
969.666,jump_input_released,145.789596557617,638.970520019531,0.0,0.0,Jump,released
969.816,move_left_pressed,145.789596557617,638.970520019531,-33.3333320617676,0.0,Move_Left,pressed
969.865,jump_input_pressed,142.457046508789,638.926147460938,-133.33332824707,0.0,Jump,pressed
969.865,jump_executed,142.457046508789,638.926147460938,-133.33332824707,-500.0,jump,x_142.457046508789_y_638.926147460938
969.965,jump_peak_reached,130.28776550293,601.691528320312,0.0,74.0740737915039,jump_peak,x_130.28776550293_y_601.691528320312
970.016,jump_input_released,130.28776550293,607.2470703125,0.0,185.185180664062,Jump,released
970.116,platform_landed,130.28776550293,638.976928710938,0.0,0.0,land_on_platform,platform_scene-1/Tile Map/7_36_layer_Tile Map_tile_7_36_source_1_atlas_2_0
970.116,landed,130.28776550293,638.976928710938,0.0,0.0,land,surface_wood_impact_0.81481488037109
970.208,jump_input_pressed,130.28776550293,638.976928710938,0.0,0.0,Jump,pressed
970.208,jump_executed,130.28776550293,638.976928710938,0.0,-500.0,jump,x_130.28776550293_y_638.976928710938
970.299,jump_peak_reached,130.28776550293,601.685607910156,0.0,74.0740737915039,jump_peak,x_130.28776550293_y_601.685607910156
970.416,jump_input_released,130.28776550293,623.29052734375,0.0,333.333343505859,Jump,released
970.45,platform_landed,130.28776550293,638.997497558594,0.0,0.0,land_on_platform,platform_scene-1/Tile Map/7_36_layer_Tile Map_tile_7_36_source_1_atlas_2_0
970.45,landed,130.28776550293,638.997497558594,0.0,0.0,land,surface_wood_impact_0.81481488037109
970.616,jump_input_pressed,130.28776550293,638.997497558594,0.0,0.0,Jump,pressed
970.616,jump_executed,130.28776550293,638.997497558594,0.0,-500.0,jump,x_130.28776550293_y_638.997497558594
970.715,jump_peak_reached,130.28776550293,601.685974121094,0.0,74.0740737915039,jump_peak,x_130.28776550293_y_601.685974121094
970.766,jump_input_released,130.28776550293,607.241516113281,0.0,185.185180664062,Jump,released
970.866,platform_landed,130.28776550293,638.997863769531,0.0,0.0,land_on_platform,platform_scene-1/Tile Map/7_36_layer_Tile Map_tile_7_36_source_1_atlas_2_0
970.866,landed,130.28776550293,638.997863769531,0.0,0.0,land,surface_wood_impact_0.81481488037109
970.999,jump_input_pressed,130.28776550293,638.997863769531,0.0,0.0,Jump,pressed
970.999,jump_executed,130.28776550293,638.997863769531,0.0,-500.0,jump,x_130.28776550293_y_638.997863769531
971.099,jump_peak_reached,130.28776550293,601.685974121094,0.0,74.0740737915039,jump_peak,x_130.28776550293_y_601.685974121094
971.116,jump_input_released,130.28776550293,602.920532226562,0.0,111.111114501953,Jump,released
971.249,move_right_pressed,130.28776550293,635.019287109375,15.0,407.407440185547,Move_Right,pressed
971.25,platform_landed,130.53776550293,638.933044433594,15.0,0.0,land_on_platform,platform_scene-1/Tile Map/7_36_layer_Tile Map_tile_7_36_source_1_atlas_2_0
971.25,landed,130.53776550293,638.933044433594,15.0,0.0,land,surface_wood_impact_0.81481488037109
972.016,jump_input_pressed,260.093353271484,638.933044433594,180.0,0.0,Jump,pressed
972.016,jump_executed,260.093353271484,638.933044433594,180.0,-500.0,jump,x_260.093353271484_y_638.933044433594
972.415,jump_input_released,331.336944580078,532.398742675781,180.0,-16.6665554046631,Jump,released
972.449,jump_peak_reached,337.336944580078,532.1904296875,180.0,41.2038154602051,jump_peak,x_337.336944580078_y_532.1904296875
972.567,platform_landed,359.948089599609,549.933471679688,96.6666641235352,0.0,land_on_platform,platform_scene-1/Tile Map/19_31_layer_Tile Map_tile_19_31_source_1_atlas_19_0
972.567,landed,359.948089599609,549.933471679688,96.6666641235352,0.0,land,surface_wood_impact_0.60092614746094
972.574,musicking,359.948089599609,549.933471679688,96.6666641235352,0.0,osc_received,"value_[1, ""leaves""]"
972.698,jump_input_pressed,360.170318603516,550.031127929688,0.0,0.0,Jump,pressed
972.698,jump_executed,360.170318603516,550.031127929688,0.0,-500.0,jump,x_360.170318603516_y_550.031127929688
972.715,move_right_pressed,360.170318603516,541.631958007812,15.0,-479.222198486328,Move_Right,pressed
972.849,jump_peak_reached,369.172637939453,493.6845703125,135.0,74.0740737915039,jump_peak,x_369.172637939453_y_493.6845703125
972.849,jump_input_released,369.172637939453,493.6845703125,135.0,74.0740737915039,Jump,released
973.066,move_right_pressed,390.505981445312,557.882080078125,15.0,555.555603027344,Move_Right,pressed
973.142,musicking,386.485870361328,605.312927246094,15.0,703.703796386719,osc_received,"value_[1, ""platform_pan_nav""]"
973.183,platform_landed,387.735870361328,638.950073242188,0.0,0.0,land_on_platform,platform_scene-1/Tile Map/21_36_layer_Tile Map_tile_21_36_source_1_atlas_2_0
973.183,landed,387.735870361328,638.950073242188,0.0,0.0,land,surface_wood_impact_1.6296298828125
973.508,jump_input_pressed,387.735870361328,638.950073242188,0.0,0.0,Jump,pressed
973.508,jump_executed,387.735870361328,638.950073242188,0.0,-500.0,jump,x_387.735870361328_y_638.950073242188
973.682,move_right_pressed,387.735870361328,566.093139648438,15.0,-274.499877929688,Move_Right,pressed
973.699,jump_input_released,387.985870361328,561.507019042969,30.0,-254.333206176758,Jump,released
973.799,jump_peak_reached,394.735870361328,556.71533203125,120.0,41.2037048339844,jump_peak,x_394.735870361328_y_556.71533203125
973.933,platform_landed,409.069213867188,584.997253417969,0.0,0.0,land_on_platform,platform_scene-1/Tile Map/22_33_layer_Tile Map_tile_22_33_source_1_atlas_1_0
973.933,landed,409.069213867188,584.997253417969,0.0,0.0,land,surface_wood_impact_0.67500006103516
974.282,jump_input_pressed,409.069213867188,584.997253417969,0.0,0.0,Jump,pressed
974.282,jump_executed,409.069213867188,584.997253417969,0.0,-500.0,jump,x_409.069213867188_y_584.997253417969
974.35,move_left_pressed,409.069213867188,553.664978027344,-15.0,-417.22216796875,Move_Left,pressed
974.499,jump_input_released,397.819213867188,503.26220703125,-150.0,-234.222106933594,Jump,released
974.607,jump_peak_reached,394.208099365234,498.470550537109,0.0,41.2037048339844,jump_peak,x_394.208099365234_y_498.470550537109
974.866,platform_landed,394.208099365234,585.554138183594,0.0,0.0,land_on_platform,platform_scene-1/Tile Map/22_33_layer_Tile Map_tile_22_33_source_1_atlas_1_0
974.866,landed,394.208099365234,585.554138183594,0.0,0.0,land,surface_wood_impact_1.2675927734375
975.284,move_left_pressed,394.208099365234,585.554138183594,-33.3333320617676,0.0,Move_Left,pressed
975.284,jump_input_pressed,394.208099365234,585.554138183594,-33.3333320617676,0.0,Jump,pressed
975.284,jump_executed,394.208099365234,585.554138183594,-33.3333320617676,-500.0,jump,x_394.208099365234_y_585.554138183594
975.549,jump_input_released,359.399871826172,493.089782714844,-180.0,-174.222106933594,Jump,released
975.649,jump_peak_reached,341.304870605469,489.812133789062,-180.0,56.840648651123,jump_peak,x_341.304870605469_y_489.812133789062
975.849,platform_landed,327.471527099609,549.998413085938,0.0,0.0,land_on_platform,platform_scene-1/Tile Map/18_31_layer_Tile Map_tile_18_31_source_1_atlas_18_0
975.849,landed,327.471527099609,549.998413085938,0.0,0.0,land,surface_wood_impact_1.0025703125
975.85,musicking,327.471527099609,549.998413085938,0.0,0.0,osc_received,"value_[1, ""leaves""]"
975.883,musicking,327.471527099609,549.998413085938,0.0,0.0,osc_received,"value_[1, ""platform_pan_nav""]"
975.949,jump_input_pressed,327.471527099609,549.998413085938,0.0,0.0,Jump,pressed
975.949,jump_executed,327.471527099609,549.998413085938,0.0,-500.0,jump,x_327.471527099609_y_549.998413085938
975.998,move_left_pressed,327.471527099609,525.966003417969,-15.0,-437.833282470703,Move_Left,pressed
976.382,jump_peak_reached,274.971527099609,443.104949951172,-96.6666641235352,39.8149261474609,jump_peak,x_274.971527099609_y_443.104949951172
976.432,jump_input_released,273.13818359375,446.947540283203,0.0,150.926040649414,Jump,released
976.783,platform_landed,273.13818359375,638.954406738281,0.0,0.0,land_on_platform,platform_scene-1/Tile Map/15_36_layer_Tile Map_tile_15_36_source_1_atlas_2_0
976.783,landed,273.13818359375,638.954406738281,0.0,0.0,land,surface_wood_impact_1.85740795898438
977.308,move_right_pressed,273.13818359375,638.954406738281,33.3333320617676,0.0,Move_Right,pressed
977.966,jump_input_pressed,385.082611083984,638.954406738281,13.3333311080933,0.0,Jump,pressed
977.966,jump_executed,385.082611083984,638.954406738281,13.3333311080933,-500.0,jump,x_385.082611083984_y_638.954406738281
977.982,jump_peak_reached,385.305541992188,630.593688964844,0.0,-479.222198486328,jump_peak,x_385.305541992188_y_630.593688964844
978.466,jump_input_released,385.305541992188,538.457336425781,0.0,187.963073730469,Jump,released
978.699,platform_landed,385.305541992188,638.982666015625,0.0,0.0,land_on_platform,platform_scene-1/Tile Map/21_36_layer_Tile Map_tile_21_36_source_1_atlas_2_0
978.699,landed,385.305541992188,638.982666015625,0.0,0.0,land,surface_wood_impact_1.41296337890625
979.099,jump_input_pressed,385.305541992188,638.982666015625,0.0,0.0,Jump,pressed
979.099,jump_executed,385.305541992188,638.982666015625,0.0,-500.0,jump,x_385.305541992188_y_638.982666015625
979.399,move_right_pressed,385.305541992188,541.001037597656,15.0,-134.499893188477,Move_Right,pressed
979.442,jump_input_released,386.055541992188,536.811218261719,45.0,-94.9998931884766,Jump,released
979.533,jump_peak_reached,394.305541992188,532.51953125,135.0,46.2038116455078,jump_peak,x_394.305541992188_y_532.51953125
979.683,move_right_pressed,400.166656494141,561.672302246094,15.0,379.537170410156,Move_Right,pressed
979.733,platform_landed,401.666656494141,584.992614746094,0.0,0.0,land_on_platform,platform_scene-1/Tile Map/22_33_layer_Tile Map_tile_22_33_source_1_atlas_1_0
979.733,landed,401.666656494141,584.992614746094,0.0,0.0,land,surface_wood_impact_0.98129663085938
979.865,move_right_pressed,401.666656494141,584.992614746094,33.3333320617676,0.0,Move_Right,pressed
979.974,jump_input_pressed,412.999969482422,584.992614746094,180.0,0.0,Jump,pressed
979.974,jump_executed,412.999969482422,584.992614746094,180.0,-500.0,jump,x_412.999969482422_y_584.992614746094
980.132,jump_input_released,443.019012451172,517.027709960938,180.0,-294.722106933594,Jump,released
980.24,jump_peak_reached,461.019012451172,512.236022949219,180.0,41.2037048339844,jump_peak,x_461.019012451172_y_512.236022949219
980.349,coin_collected,474.852355957031,530.006103515625,0.0,263.425933837891,collect_coin,coin_coin_score_2
980.35,sonification,474.852355957031,535.013793945312,0.0,300.462982177734,osc_received,"value_[1, ""coins-with-pitch""]"
980.408,platform_landed,474.852355957031,548.997924804688,0.0,0.0,land_on_platform,platform_scene-1/Tile Map/26_31_layer_Tile Map_tile_26_31_source_1_atlas_2_0
980.408,landed,474.852355957031,548.997924804688,0.0,0.0,land,surface_wood_impact_0.82314825439453
980.599,jump_input_pressed,474.852355957031,548.997924804688,0.0,0.0,Jump,pressed
980.599,jump_executed,474.852355957031,548.997924804688,0.0,-500.0,jump,x_474.852355957031_y_548.997924804688
980.617,move_right_pressed,474.852355957031,540.599243164062,15.0,-479.222198486328,Move_Right,pressed
980.85,jump_input_released,500.352355957031,459.76220703125,180.0,-194.166549682617,Jump,released
980.95,jump_peak_reached,518.352355957031,454.970550537109,180.0,41.2037048339844,jump_peak,x_518.352355957031_y_454.970550537109
981.116,platform_landed,529.185668945312,494.961273193359,0.0,0.0,land_on_platform,platform_scene-1/Tile Map/29_28_layer_Tile Map_tile_29_28_source_1_atlas_2_0
981.116,landed,529.185668945312,494.961273193359,0.0,0.0,land,surface_wood_impact_0.82314825439453
981.157,musicking,529.185668945312,494.961273193359,0.0,0.0,osc_received,"value_[1, ""platform_pan_nav""]"
981.25,jump_input_pressed,529.185668945312,494.961273193359,0.0,0.0,Jump,pressed
981.25,jump_executed,529.185668945312,494.961273193359,0.0,-500.0,jump,x_529.185668945312_y_494.961273193359
981.416,move_right_pressed,529.185668945312,427.016784667969,15.0,-294.722106933594,Move_Right,pressed
981.565,jump_input_released,540.435668945312,394.739044189453,150.0,-114.722114562988,Jump,released
981.665,jump_peak_reached,547.046752929688,389.947387695312,0.0,41.2037048339844,jump_peak,x_547.046752929688_y_389.947387695312
981.816,platform_landed,547.046752929688,422.983123779297,0.0,0.0,land_on_platform,platform_scene-1/Tile Map/30_24_layer_Tile Map_tile_30_24_source_1_atlas_1_0
981.816,landed,547.046752929688,422.983123779297,0.0,0.0,land,surface_wood_impact_0.74907415771484
981.85,move_left_pressed,547.046752929688,422.983123779297,-33.3333320617676,0.0,Move_Left,pressed
981.85,jump_input_pressed,547.046752929688,422.983123779297,-33.3333320617676,0.0,Jump,pressed
981.85,jump_executed,547.046752929688,422.983123779297,-33.3333320617676,-500.0,jump,x_547.046752929688_y_422.983123779297
982.182,jump_input_released,500.237915039062,320.811584472656,-180.0,-94.9998931884766,Jump,released
982.282,jump_peak_reached,482.237915039062,316.519927978516,-180.0,46.2038116455078,jump_peak,x_482.237915039062_y_316.519927978516
982.499,coin_collected,443.237915039062,374.678894042969,-180.0,490.648315429688,collect_coin,coin_coin2_score_4
982.5,sonification,440.237915039062,383.473663330078,-180.0,527.685363769531,osc_received,"value_[1, ""coins-with-pitch""]"
982.516,platform_landed,437.237915039062,386.933319091797,-180.0,0.0,land_on_platform,platform_scene-1/Tile Map/24_22_layer_Tile Map_tile_24_22_source_1_atlas_2_0
982.516,landed,437.237915039062,386.933319091797,-180.0,0.0,land,surface_wood_impact_1.12944482421875
982.75,move_left_pressed,432.404571533203,386.933319091797,-33.3333320617676,0.0,Move_Left,pressed
982.75,jump_input_pressed,432.404571533203,386.933319091797,-33.3333320617676,0.0,Jump,pressed
982.75,jump_executed,432.404571533203,386.933319091797,-33.3333320617676,-500.0,jump,x_432.404571533203_y_386.933319091797
982.85,jump_input_released,425.320770263672,342.081726074219,-123.33332824707,-376.166595458984,Jump,released
982.95,jump_peak_reached,409.598602294922,337.290069580078,-180.0,41.2037048339844,jump_peak,x_409.598602294922_y_337.290069580078
983.108,platform_landed,395.765258789062,368.984710693359,0.0,0.0,land_on_platform,platform_scene-1/Tile Map/21_21_layer_Tile Map_tile_21_21_source_1_atlas_1_0
983.108,landed,395.765258789062,368.984710693359,0.0,0.0,land,surface_wood_impact_0.74907415771484
983.117,musicking,395.765258789062,368.984710693359,0.0,0.0,osc_received,"value_[1, ""platform_pan_nav""]"
983.199,move_left_pressed,395.765258789062,368.984710693359,-33.3333320617676,0.0,Move_Left,pressed
983.232,jump_input_pressed,394.098602294922,368.984710693359,-100.0,0.0,Jump,pressed
983.232,jump_executed,394.098602294922,368.984710693359,-100.0,-500.0,jump,x_394.098602294922_y_368.984710693359
983.449,jump_peak_reached,359.336975097656,292.612213134766,-180.0,74.0740737915039,jump_peak,x_359.336975097656_y_292.612213134766
983.449,jump_input_released,359.336975097656,292.612213134766,-180.0,74.0740737915039,Jump,released
983.616,platform_landed,326.368408203125,335.904571533203,-180.0,0.0,land_on_platform,platform_scene-1/Tile Map/18_19_layer_Tile Map_tile_18_19_source_1_atlas_19_3
983.616,landed,326.368408203125,335.904571533203,-180.0,0.0,land,surface_wood_impact_0.88888897705078
983.617,musicking,326.368408203125,335.904571533203,-180.0,0.0,osc_received,"value_[1, ""leaves""]"
983.883,jump_input_pressed,312.535369873047,335.953338623047,0.0,0.0,Jump,pressed
983.883,jump_executed,312.535369873047,335.953338623047,0.0,-500.0,jump,x_312.535369873047_y_335.953338623047
983.899,move_right_pressed,312.535369873047,327.611236572266,15.0,-479.222198486328,Move_Right,pressed
984.25,jump_input_released,359.035369873047,230.946426391602,180.0,-55.722110748291,Jump,released
984.317,jump_peak_reached,371.035369873047,229.314956665039,96.6666641235352,43.8149261474609,jump_peak,x_371.035369873047_y_229.314956665039
984.466,platform_landed,372.868713378906,264.002380371094,0.0,0.0,land_on_platform,platform_scene-1/Tile Map/20_15_layer_Tile Map_tile_20_15_source_1_atlas_13_6
984.466,landed,372.868713378906,264.002380371094,0.0,0.0,land,surface_wood_impact_0.75429656982422
984.467,musicking,372.868713378906,264.002380371094,0.0,0.0,osc_received,"value_[1, ""water-tube""]"
984.483,jump_input_pressed,372.868713378906,264.002380371094,0.0,0.0,Jump,pressed
984.483,jump_executed,372.868713378906,264.002380371094,0.0,-500.0,jump,x_372.868713378906_y_264.002380371094
984.633,move_left_pressed,372.868713378906,201.293548583984,-15.0,-314.999908447266,Move_Left,pressed
984.75,jump_input_released,365.868713378906,171.52409362793,-120.0,-174.222106933594,Jump,released
984.849,jump_peak_reached,351.757598876953,166.732421875,-13.3333311080933,41.2037048339844,jump_peak,x_351.757598876953_y_166.732421875
984.966,platform_landed,351.535369873047,188.991806030273,0.0,0.0,land_on_platform,platform_scene-1/Tile Map/19_11_layer_Tile Map_tile_19_11_source_1_atlas_3_0
984.966,landed,351.535369873047,188.991806030273,0.0,0.0,land,surface_wood_impact_0.60092596435547
985.008,move_right_pressed,351.535369873047,188.991806030273,33.3333320617676,0.0,Move_Right,pressed
985.017,jump_input_pressed,352.090911865234,188.991806030273,66.6666641235352,0.0,Jump,pressed
985.018,jump_executed,352.090911865234,188.991806030273,66.6666641235352,-500.0,jump,x_352.090911865234_y_188.991806030273
985.416,jump_input_released,415.987548828125,82.3597946166992,180.0,-16.6665554046631,Jump,released
985.449,jump_peak_reached,421.987548828125,82.1514587402344,180.0,41.2038154602051,jump_peak,x_421.987548828125_y_82.1514587402344
985.665,coin_collected,460.987548828125,139.227096557617,180.0,485.648315429688,collect_coin,coin_coin5_score_6
985.667,sonification,462.598663330078,147.938522338867,96.6666641235352,522.685363769531,osc_received,"value_[1, ""coins-with-pitch""]"
985.683,platform_landed,462.820861816406,152.933441162109,13.3333311080933,0.0,land_on_platform,platform_scene-1/Tile Map/25_9_layer_Tile Map_tile_25_9_source_1_atlas_2_0
985.683,landed,462.820861816406,152.933441162109,13.3333311080933,0.0,land,surface_wood_impact_1.11944482421875
985.883,jump_input_pressed,462.820861816406,152.933441162109,0.0,0.0,Jump,pressed
985.883,jump_executed,462.820861816406,152.933441162109,0.0,-500.0,jump,x_462.820861816406_y_152.933441162109
985.899,move_right_pressed,462.820861816406,144.590957641602,15.0,-479.222198486328,Move_Right,pressed
986.033,jump_input_released,471.820861816406,90.2724380493164,135.0,-314.999908447266,Jump,released
986.14,jump_peak_reached,484.154205322266,85.4807739257812,0.0,41.2037048339844,jump_peak,x_484.154205322266_y_85.4807739257812
986.215,move_right_pressed,484.154205322266,95.0872573852539,15.0,226.388885498047,Move_Right,pressed
986.333,platform_landed,486.654205322266,134.968154907227,0.0,0.0,land_on_platform,platform_scene-1/Tile Map/27_8_layer_Tile Map_tile_27_8_source_1_atlas_0_0
986.333,landed,486.654205322266,134.968154907227,0.0,0.0,land,surface_wood_impact_0.97129644775391
986.516,jump_input_pressed,486.654205322266,134.968154907227,0.0,0.0,Jump,pressed
986.516,jump_executed,486.654205322266,134.968154907227,0.0,-500.0,jump,x_486.654205322266_y_134.968154907227
986.617,move_right_pressed,486.654205322266,90.093620300293,15.0,-376.166595458984,Move_Right,pressed
986.783,jump_input_released,500.404205322266,42.5149345397949,165.0,-174.222106933594,Jump,released
986.882,jump_peak_reached,518.154174804688,37.7232666015625,180.0,41.2037048339844,jump_peak,x_518.154174804688_y_37.7232666015625
987.05,jump_input_pressed,548.154174804688,72.3683319091797,180.0,411.574127197266,Jump,pressed
987.074,platform_landed,554.154174804688,80.9330520629883,180.0,0.0,land_on_platform,platform_scene-1/Tile Map/30_5_layer_Tile Map_tile_30_5_source_1_atlas_3_0
987.075,landed,554.154174804688,80.9330520629883,180.0,0.0,land,surface_wood_impact_0.89722235107422
987.083,jump_executed,554.154174804688,80.9330520629883,180.0,-500.0,jump,x_554.154174804688_y_80.9330520629883
987.084,musicking,557.156677246094,72.5918121337891,180.0,-500.055541992188,osc_received,"value_[1, ""platform_pan_nav""]"
987.382,jump_input_released,608.156677246094,-17.0044631958008,180.0,-134.499893188477,Jump,released
987.482,jump_peak_reached,626.156677246094,-21.7961292266846,180.0,41.2037048339844,jump_peak,x_626.156677246094_y_-21.7961292266846
987.716,platform_landed,639.989990234375,44.9565849304199,0.0,0.0,land_on_platform,platform_scene-1/Tile Map/35_3_layer_Tile Map_tile_35_3_source_1_atlas_13_0
987.716,landed,639.989990234375,44.9565849304199,0.0,0.0,land,surface_wood_impact_1.11944458007812
987.749,move_right_pressed,639.989990234375,44.9565849304199,33.3333320617676,0.0,Move_Right,pressed
987.75,sonification,640.545532226562,44.9565849304199,33.3333320617676,0.0,osc_received,"value_[1, ""mushrooms""]"
987.95,jump_input_pressed,669.323303222656,44.9565849304199,180.0,0.0,Jump,pressed
987.95,jump_executed,669.323303222656,44.9565849304199,180.0,-500.0,jump,x_669.323303222656_y_44.9565849304199
987.95,sonification,672.332336425781,36.5972175598145,180.0,-500.055541992188,osc_received,"value_[1, ""mushrooms""]"
988.199,move_left_pressed,704.165649414062,-44.2397994995117,-15.0,-194.166549682617,Move_Left,pressed
988.382,jump_peak_reached,687.665649414062,-61.8971824645996,-180.0,39.8149261474609,jump_peak,x_687.665649414062_y_-61.8971824645996
988.416,jump_input_released,681.665649414062,-59.9527359008789,-180.0,113.889007568359,Jump,released
988.549,platform_landed,670.832336425781,-27.0162487030029,0.0,0.0,land_on_platform,platform_scene-1/Tile Map/37_-1_layer_Tile Map_tile_37_-1_source_1_atlas_15_7
988.549,landed,670.832336425781,-27.0162487030029,0.0,0.0,land,surface_wood_impact_0.82037066650391
988.549,musicking,670.832336425781,-27.0162487030029,0.0,0.0,osc_received,"value_[1, ""cloud""]"
988.608,move_left_pressed,670.832336425781,-27.0162487030029,-33.3333320617676,0.0,Move_Left,pressed
988.667,jump_input_pressed,665.276794433594,-27.0682563781738,-166.666656494141,0.0,Jump,pressed
988.667,jump_executed,665.276794433594,-27.0682563781738,-166.666656494141,-500.0,jump,x_665.276794433594_y_-27.0682563781738
988.941,jump_input_released,617.497009277344,-119.496513366699,-180.0,-174.222106933594,Jump,released
989.032,jump_peak_reached,599.497009277344,-124.288177490234,-180.0,41.2037048339844,jump_peak,x_599.497009277344_y_-124.288177490234
989.249,platform_landed,582.663696289062,-63.0269813537598,0.0,0.0,land_on_platform,platform_scene-1/Tile Map/32_-3_layer_Tile Map_tile_32_-3_source_1_atlas_3_0
989.249,landed,582.663696289062,-63.0269813537598,0.0,0.0,land,surface_wood_impact_1.04537048339844
989.274,move_left_pressed,582.663696289062,-63.0269813537598,-33.3333320617676,0.0,Move_Left,pressed
989.349,jump_input_pressed,574.330383300781,-63.0696487426758,-180.0,0.0,Jump,pressed
989.349,jump_executed,574.330383300781,-63.0696487426758,-180.0,-500.0,jump,x_574.330383300781_y_-63.0696487426758
989.65,jump_input_released,539.074768066406,-161.005111694336,-135.0,-134.499893188477,Jump,released
989.75,jump_peak_reached,522.574768066406,-165.796783447266,-96.6666641235352,41.2037048339844,jump_peak,x_522.574768066406_y_-165.796783447266
989.899,platform_landed,520.741455078125,-134.638626098633,0.0,0.0,land_on_platform,platform_scene-1/Tile Map/29_-7_layer_Tile Map_tile_29_-7_source_1_atlas_0_0
989.899,landed,520.741455078125,-134.638626098633,0.0,0.0,land,surface_wood_impact_0.74907415771484
990.433,move_left_pressed,520.741455078125,-134.638626098633,-33.3333320617676,0.0,Move_Left,pressed
990.549,coin_collected,508.162109375,-127.596641540527,-160.0,148.148147583008,collect_coin,coin_coin9_score_8
990.55,sonification,505.245452880859,-124.510223388672,-175.0,185.185180664062,osc_received,"value_[1, ""coins-with-pitch""]"
990.585,platform_landed,499.245452880859,-117.066261291504,-180.0,0.0,land_on_platform,platform_scene-1/Tile Map/27_-6_layer_Tile Map_tile_27_-6_source_1_atlas_2_0
990.585,landed,499.245452880859,-117.066261291504,-180.0,0.0,land,surface_wood_impact_0.51851849365234
990.599,musicking,497.634338378906,-117.066261291504,-96.6666641235352,0.0,osc_received,"value_[1, ""platform_pan_nav""]"
990.715,move_right_pressed,497.412109375,-117.066261291504,33.3333320617676,0.0,Move_Right,pressed
990.8,jump_input_pressed,505.745422363281,-117.066261291504,180.0,0.0,Jump,pressed
990.8,jump_executed,505.745422363281,-117.066261291504,180.0,-500.0,jump,x_505.745422363281_y_-117.066261291504
991.016,jump_input_released,544.748168945312,-198.745056152344,180.0,-234.222106933594,Jump,released
991.116,jump_peak_reached,562.748168945312,-203.536727905273,180.0,41.2037048339844,jump_peak,x_562.748168945312_y_-203.536727905273
991.266,platform_landed,590.815612792969,-169.702514648438,96.6666641235352,0.0,land_on_platform,platform_scene-1/Tile Map/33_-9_layer_Tile Map_tile_33_-9_source_1_atlas_1_0
991.266,landed,590.815612792969,-169.702514648438,96.6666641235352,0.0,land,surface_wood_impact_0.74907415771484
991.8,move_right_pressed,590.998779296875,-169.757354736328,33.3333320617676,0.0,Move_Right,pressed
992.799,platform_landed,708.52490234375,44.9785385131836,0.0,0.0,land_on_platform,platform_scene-1/Tile Map/39_3_layer_Tile Map_tile_39_3_source_1_atlas_13_0
992.799,landed,708.52490234375,44.9785385131836,0.0,0.0,land,surface_wood_impact_1.92592626953125
993.042,move_left_pressed,708.52490234375,44.9785385131836,-33.3333320617676,0.0,Move_Left,pressed
993.043,sonification,707.969360351562,44.9785385131836,-33.3333320617676,0.0,osc_received,"value_[1, ""mushrooms""]"
993.19,sonification,692.358276367188,44.9785385131836,0.0,0.0,osc_received,"value_[1, ""mushrooms""]"
993.399,jump_input_pressed,692.358276367188,44.9785385131836,0.0,0.0,Jump,pressed
993.399,jump_executed,692.358276367188,44.9785385131836,0.0,-500.0,jump,x_692.358276367188_y_44.9785385131836
993.416,jump_peak_reached,692.358276367188,36.596809387207,0.0,-479.222198486328,jump_peak,x_692.358276367188_y_36.596809387207
993.55,move_left_pressed,692.358276367188,-17.7217025756836,-15.0,-314.999908447266,Move_Left,pressed
993.733,jump_input_released,675.858276367188,-57.1892738342285,-180.0,-94.9998931884766,Jump,released
993.983,platform_landed,668.024963378906,-27.0279541015625,0.0,0.0,land_on_platform,platform_scene-1/Tile Map/37_-1_layer_Tile Map_tile_37_-1_source_1_atlas_15_7
993.983,landed,668.024963378906,-27.0279541015625,0.0,0.0,land,surface_wood_impact_0.75907434082031
993.991,musicking,668.024963378906,-27.0279541015625,0.0,0.0,osc_received,"value_[1, ""cloud""]"
994.182,jump_input_pressed,668.024963378906,-27.0279541015625,0.0,0.0,Jump,pressed
994.183,jump_executed,668.024963378906,-27.0279541015625,0.0,-500.0,jump,x_668.024963378906_y_-27.0279541015625
994.266,jump_input_released,668.024963378906,-65.2966232299805,0.0,-396.666595458984,Jump,released
994.366,jump_peak_reached,668.024963378906,-70.0882873535156,0.0,41.2037048339844,jump_peak,x_668.024963378906_y_-70.0882873535156
994.55,platform_landed,668.024963378906,-27.0211067199707,0.0,0.0,land_on_platform,platform_scene-1/Tile Map/37_-1_layer_Tile Map_tile_37_-1_source_1_atlas_15_7
994.55,landed,668.024963378906,-27.0211067199707,0.0,0.0,land,surface_wood_impact_0.89722235107422
994.55,musicking,668.024963378906,-27.0211067199707,0.0,0.0,osc_received,"value_[1, ""cloud""]"
994.667,jump_input_pressed,668.024963378906,-27.0211067199707,0.0,0.0,Jump,pressed
994.668,jump_executed,668.024963378906,-27.0211067199707,0.0,-500.0,jump,x_668.024963378906_y_-27.0211067199707
994.766,jump_input_released,668.024963378906,-71.9124069213867,0.0,-376.166595458984,Jump,released
994.866,jump_peak_reached,668.024963378906,-76.7040710449219,0.0,41.2037048339844,jump_peak,x_668.024963378906_y_-76.7040710449219
995.066,platform_landed,668.024963378906,-27.0269947052002,0.0,0.0,land_on_platform,platform_scene-1/Tile Map/37_-1_layer_Tile Map_tile_37_-1_source_1_atlas_15_7
995.066,landed,668.024963378906,-27.0269947052002,0.0,0.0,land,surface_wood_impact_0.97129644775391
995.067,musicking,668.024963378906,-27.0269947052002,0.0,0.0,osc_received,"value_[1, ""cloud""]"
995.166,jump_input_pressed,668.024963378906,-27.0269947052002,0.0,0.0,Jump,pressed
995.166,jump_executed,668.024963378906,-27.0269947052002,0.0,-500.0,jump,x_668.024963378906_y_-27.0269947052002
995.25,jump_input_released,668.024963378906,-65.296501159668,0.0,-396.666595458984,Jump,released
995.35,jump_peak_reached,668.024963378906,-70.0881652832031,0.0,41.2037048339844,jump_peak,x_668.024963378906_y_-70.0881652832031
995.533,platform_landed,668.024963378906,-27.0209846496582,0.0,0.0,land_on_platform,platform_scene-1/Tile Map/37_-1_layer_Tile Map_tile_37_-1_source_1_atlas_15_7
995.533,landed,668.024963378906,-27.0209846496582,0.0,0.0,land,surface_wood_impact_0.89722235107422
995.533,musicking,668.024963378906,-27.0209846496582,0.0,0.0,osc_received,"value_[1, ""cloud""]"
995.95,jump_input_pressed,668.024963378906,-27.0209846496582,0.0,0.0,Jump,pressed
995.95,jump_executed,668.024963378906,-27.0209846496582,0.0,-500.0,jump,x_668.024963378906_y_-27.0209846496582
996.049,jump_input_released,668.024963378906,-71.9123916625977,0.0,-376.166595458984,Jump,released
996.149,jump_peak_reached,668.024963378906,-76.7040557861328,0.0,41.2037048339844,jump_peak,x_668.024963378906_y_-76.7040557861328
996.35,platform_landed,668.024963378906,-27.0269794464111,0.0,0.0,land_on_platform,platform_scene-1/Tile Map/37_-1_layer_Tile Map_tile_37_-1_source_1_atlas_15_7
996.35,landed,668.024963378906,-27.0269794464111,0.0,0.0,land,surface_wood_impact_0.97129644775391
996.35,musicking,668.024963378906,-27.0269794464111,0.0,0.0,osc_received,"value_[1, ""cloud""]"
996.833,jump_input_pressed,668.024963378906,-27.0269794464111,0.0,0.0,Jump,pressed
996.833,jump_executed,668.024963378906,-27.0269794464111,0.0,-500.0,jump,x_668.024963378906_y_-27.0269794464111
996.917,jump_input_released,668.024963378906,-65.296501159668,0.0,-396.666595458984,Jump,released
997.016,jump_peak_reached,668.024963378906,-70.0881652832031,0.0,41.2037048339844,jump_peak,x_668.024963378906_y_-70.0881652832031
997.2,platform_landed,668.024963378906,-27.0209846496582,0.0,0.0,land_on_platform,platform_scene-1/Tile Map/37_-1_layer_Tile Map_tile_37_-1_source_1_atlas_15_7
997.2,landed,668.024963378906,-27.0209846496582,0.0,0.0,land,surface_wood_impact_0.89722235107422
997.2,musicking,668.024963378906,-27.0209846496582,0.0,0.0,osc_received,"value_[1, ""cloud""]"
997.632,jump_input_pressed,668.024963378906,-27.0209846496582,0.0,0.0,Jump,pressed
997.632,jump_executed,668.024963378906,-27.0209846496582,0.0,-500.0,jump,x_668.024963378906_y_-27.0209846496582
997.732,jump_input_released,668.024963378906,-71.9123916625977,0.0,-376.166595458984,Jump,released
997.832,jump_peak_reached,668.024963378906,-76.7040557861328,0.0,41.2037048339844,jump_peak,x_668.024963378906_y_-76.7040557861328
998.033,platform_landed,668.024963378906,-27.0269794464111,0.0,0.0,land_on_platform,platform_scene-1/Tile Map/37_-1_layer_Tile Map_tile_37_-1_source_1_atlas_15_7
998.033,landed,668.024963378906,-27.0269794464111,0.0,0.0,land,surface_wood_impact_0.97129644775391
998.033,musicking,668.024963378906,-27.0269794464111,0.0,0.0,osc_received,"value_[1, ""cloud""]"
998.949,jump_input_pressed,668.024963378906,-27.0269794464111,0.0,0.0,Jump,pressed
998.949,jump_executed,668.024963378906,-27.0269794464111,0.0,-500.0,jump,x_668.024963378906_y_-27.0269794464111
999.049,jump_input_released,668.024963378906,-71.9131698608398,0.0,-376.166595458984,Jump,released
999.15,jump_peak_reached,668.024963378906,-76.704833984375,0.0,41.2037048339844,jump_peak,x_668.024963378906_y_-76.704833984375
999.35,platform_landed,668.024963378906,-27.0277576446533,0.0,0.0,land_on_platform,platform_scene-1/Tile Map/37_-1_layer_Tile Map_tile_37_-1_source_1_atlas_15_7
999.35,landed,668.024963378906,-27.0277576446533,0.0,0.0,land,surface_wood_impact_0.97129644775391
999.351,musicking,668.024963378906,-27.0277576446533,0.0,0.0,osc_received,"value_[1, ""cloud""]"
1000.05,jump_input_pressed,668.024963378906,-27.0277576446533,0.0,0.0,Jump,pressed
1000.05,jump_executed,668.024963378906,-27.0277576446533,0.0,-500.0,jump,x_668.024963378906_y_-27.0277576446533
1000.166,jump_input_released,668.024963378906,-78.1891937255859,0.0,-355.722137451172,Jump,released
1000.266,jump_peak_reached,668.024963378906,-82.9808578491211,0.0,41.2037048339844,jump_peak,x_668.024963378906_y_-82.9808578491211
1000.466,platform_landed,668.024963378906,-27.0276622772217,0.0,0.0,land_on_platform,platform_scene-1/Tile Map/37_-1_layer_Tile Map_tile_37_-1_source_1_atlas_15_7
1000.466,landed,668.024963378906,-27.0276622772217,0.0,0.0,land,surface_wood_impact_0.97129644775391
1000.466,musicking,668.024963378906,-27.0276622772217,0.0,0.0,osc_received,"value_[1, ""cloud""]"
1000.782,move_left_pressed,668.024963378906,-27.0276622772217,-33.3333320617676,0.0,Move_Left,pressed
1000.85,jump_input_pressed,662.468078613281,-27.0716762542725,-166.666656494141,0.0,Jump,pressed
1000.85,jump_executed,662.468078613281,-27.0716762542725,-166.666656494141,-500.0,jump,x_662.468078613281_y_-27.0716762542725
1001.075,jump_input_released,623.689147949219,-108.74634552002,-180.0,-234.222106933594,Jump,released
1001.166,jump_peak_reached,605.689147949219,-113.538009643555,-180.0,41.2037048339844,jump_peak,x_605.689147949219_y_-113.538009643555
1001.366,platform_landed,566.689147949219,-63.0665626525879,-180.0,0.0,land_on_platform,platform_scene-1/Tile Map/31_-3_layer_Tile Map_tile_31_-3_source_1_atlas_2_0
1001.366,landed,566.689147949219,-63.0665626525879,-180.0,0.0,land,surface_wood_impact_0.97129644775391
1001.433,jump_input_pressed,561.855834960938,-63.0665626525879,0.0,0.0,Jump,pressed
1001.433,jump_executed,561.855834960938,-63.0665626525879,0.0,-500.0,jump,x_561.855834960938_y_-63.0665626525879
1001.516,move_left_pressed,561.855834960938,-101.301643371582,-15.0,-396.666595458984,Move_Left,pressed
1001.682,jump_input_released,548.105834960938,-152.24609375,-165.0,-194.166549682617,Jump,released
1001.783,jump_peak_reached,530.355834960938,-157.03776550293,-96.6666641235352,41.2037048339844,jump_peak,x_530.355834960938_y_-157.03776550293
1001.899,platform_landed,528.522521972656,-135.013107299805,0.0,0.0,land_on_platform,platform_scene-1/Tile Map/29_-7_layer_Tile Map_tile_29_-7_source_1_atlas_0_0
1001.899,landed,528.522521972656,-135.013107299805,0.0,0.0,land,surface_wood_impact_0.60092596435547
1002.075,jump_input_pressed,528.522521972656,-135.013107299805,0.0,0.0,Jump,pressed
1002.075,jump_executed,528.522521972656,-135.013107299805,0.0,-500.0,jump,x_528.522521972656_y_-135.013107299805
1002.099,move_left_pressed,528.522521972656,-151.391006469727,-15.0,-458.499969482422,Move_Left,pressed
1002.349,jump_input_released,500.022521972656,-230.409515380859,-180.0,-154.333221435547,Jump,released
1002.449,jump_peak_reached,482.022521972656,-235.201187133789,-180.0,41.2037048339844,jump_peak,x_482.022521972656_y_-235.201187133789
1002.583,platform_landed,465.189178466797,-207.001663208008,0.0,0.0,land_on_platform,platform_scene-1/Tile Map/25_-11_layer_Tile Map_tile_25_-11_source_1_atlas_2_0
1002.583,landed,465.189178466797,-207.001663208008,0.0,0.0,land,surface_wood_impact_0.67500006103516
1002.617,musicking,465.189178466797,-207.001663208008,0.0,0.0,osc_received,"value_[1, ""platform_pan_nav""]"
1002.666,move_right_pressed,465.189178466797,-207.001663208008,33.3333320617676,0.0,Move_Right,pressed
1002.682,jump_input_pressed,465.744720458984,-207.001663208008,66.6666641235352,0.0,Jump,pressed
1002.682,jump_executed,465.744720458984,-207.001663208008,66.6666641235352,-500.0,jump,x_465.744720458984_y_-207.001663208008
1003.05,jump_input_released,523.64208984375,-312.064239501953,180.0,-55.722110748291,Jump,released
1003.116,jump_peak_reached,535.64208984375,-313.695709228516,180.0,43.8149261474609,jump_peak,x_535.64208984375_y_-313.695709228516
1003.316,platform_landed,558.475402832031,-257.993377685547,0.0,0.0,land_on_platform,platform_scene-1/Tile Map/30_-14_layer_Tile Map_tile_30_-14_source_1_atlas_17_3
1003.316,landed,558.475402832031,-257.993377685547,0.0,0.0,land,surface_wood_impact_0.97651885986328
1003.317,musicking,558.475402832031,-257.993377685547,0.0,0.0,osc_received,"value_[1, ""leaves""]"
1003.415,jump_input_pressed,558.475402832031,-257.993377685547,0.0,0.0,Jump,pressed
1003.415,jump_executed,558.475402832031,-257.993377685547,0.0,-500.0,jump,x_558.475402832031_y_-257.993377685547
1003.583,jump_peak_reached,558.482238769531,-319.735717773438,0.0,57.8294792175293,jump_peak,x_558.482238769531_y_-319.735717773438
1003.683,jump_input_released,558.482238769531,-304.693511962891,0.0,280.051696777344,Jump,released
1003.734,move_right_pressed,558.482238769531,-288.839050292969,15.0,391.162841796875,Move_Right,pressed
1003.8,platform_landed,562.254516601562,-258.053192138672,75.0,0.0,land_on_platform,platform_scene-1/Tile Map/31_-14_layer_Tile Map_tile_31_-14_source_1_atlas_18_3
1003.8,landed,562.254516601562,-258.053192138672,75.0,0.0,land,surface_wood_impact_1.0786220703125
1003.801,musicking,562.254516601562,-258.053192138672,75.0,0.0,osc_received,"value_[1, ""leaves""]"
1003.95,jump_input_pressed,564.476745605469,-258.053192138672,0.0,0.0,Jump,pressed
1003.95,jump_executed,564.476745605469,-258.053192138672,0.0,-500.0,jump,x_564.476745605469_y_-258.053192138672
1004.042,jump_input_released,564.476745605469,-296.282379150391,0.0,-396.666595458984,Jump,released
1004.132,jump_peak_reached,564.476745605469,-301.074035644531,0.0,41.2037048339844,jump_peak,x_564.476745605469_y_-301.074035644531
1004.316,platform_landed,564.476745605469,-258.006866455078,0.0,0.0,land_on_platform,platform_scene-1/Tile Map/31_-14_layer_Tile Map_tile_31_-14_source_1_atlas_18_3
1004.316,landed,564.476745605469,-258.006866455078,0.0,0.0,land,surface_wood_impact_0.89722235107422
1004.317,musicking,564.476745605469,-258.006866455078,0.0,0.0,osc_received,"value_[1, ""leaves""]"
1004.35,jump_input_pressed,564.476745605469,-258.006866455078,0.0,0.0,Jump,pressed
1004.35,jump_executed,564.476745605469,-258.006866455078,0.0,-500.0,jump,x_564.476745605469_y_-258.006866455078
1004.583,jump_input_released,566.065979003906,-342.37744140625,0.0,-214.166549682617,Jump,released
1004.682,jump_peak_reached,566.065979003906,-347.169158935547,0.0,41.2037048339844,jump_peak,x_566.065979003906_y_-347.169158935547
1004.95,platform_landed,566.065979003906,-257.981109619141,0.0,0.0,land_on_platform,platform_scene-1/Tile Map/31_-14_layer_Tile Map_tile_31_-14_source_1_atlas_18_3
1004.95,landed,566.065979003906,-257.981109619141,0.0,0.0,land,surface_wood_impact_1.2675927734375
1004.95,musicking,566.065979003906,-257.981109619141,0.0,0.0,osc_received,"value_[1, ""leaves""]"
1005.017,jump_input_pressed,566.065979003906,-257.981109619141,0.0,0.0,Jump,pressed
1005.017,jump_executed,566.065979003906,-257.981109619141,0.0,-500.0,jump,x_566.065979003906_y_-257.981109619141
1005.233,move_left_pressed,566.065979003906,-339.713409423828,-15.0,-234.222106933594,Move_Left,pressed
1005.283,musicking,564.574584960938,-353.383636474609,-45.0,-175.166549682617,osc_received,"value_[1, ""platform_pan_nav""]"
1005.408,jump_input_released,554.824584960938,-363.991027832031,-150.0,-36.1665573120117,Jump,released
1005.449,jump_peak_reached,546.574584960938,-364.757690429688,-96.6666641235352,42.5371475219727,jump_peak,x_546.574584960938_y_-364.757690429688
1005.55,platform_landed,544.741271972656,-351.007720947266,0.0,0.0,land_on_platform,platform_scene-1/Tile Map/30_-19_layer_Tile Map_tile_30_-19_source_1_atlas_15_0
1005.55,landed,544.741271972656,-351.007720947266,0.0,0.0,land,surface_wood_impact_0.52951873779297
1005.651,jump_input_pressed,544.741271972656,-351.007720947266,0.0,0.0,Jump,pressed
1005.651,jump_executed,544.741271972656,-351.007720947266,0.0,-500.0,jump,x_544.741271972656_y_-351.007720947266
1005.916,move_left_pressed,547.091979980469,-442.377258300781,-15.0,-174.222106933594,Move_Left,pressed
1006.05,jump_input_released,538.091979980469,-456.529083251953,-135.0,-16.6665554046631,Jump,released
1006.082,jump_peak_reached,533.341979980469,-456.737396240234,-165.0,41.2038154602051,jump_peak,x_533.341979980469_y_-456.737396240234
1006.2,platform_landed,529.230895996094,-438.067504882812,0.0,0.0,land_on_platform,platform_scene-1/Tile Map/29_-24_layer_Tile Map_tile_29_-24_source_1_atlas_14_6
1006.2,landed,529.230895996094,-438.067504882812,0.0,0.0,land,surface_wood_impact_0.60092614746094
1006.2,musicking,529.230895996094,-438.067504882812,0.0,0.0,osc_received,"value_[1, ""water-tube""]"
1006.275,move_right_pressed,529.230895996094,-438.067504882812,33.3333320617676,0.0,Move_Right,pressed
1006.3,jump_input_pressed,530.609497070312,-438.668090820312,100.0,0.0,Jump,pressed
1006.3,jump_executed,530.609497070312,-438.668090820312,100.0,-500.0,jump,x_530.609497070312_y_-438.668090820312
1006.582,jump_input_released,577.359619140625,-534.009704589844,180.0,-154.333221435547,Jump,released
1006.683,jump_peak_reached,595.359619140625,-538.801391601562,180.0,41.2037048339844,jump_peak,x_595.359619140625_y_-538.801391601562
1006.982,coin_collected,633.192932128906,-431.995819091797,0.0,670.833435058594,collect_coin,coin_coin11_score_10
1006.983,sonification,633.192932128906,-420.197967529297,0.0,707.870483398438,osc_received,"value_[1, ""coins-with-pitch""]"
1007.0,platform_landed,633.192932128906,-420.040344238281,0.0,0.0,land_on_platform,platform_scene-1/Tile Map/35_-23_layer_Tile Map_tile_35_-23_source_1_atlas_19_3
1007.0,landed,633.192932128906,-420.040344238281,0.0,0.0,land,surface_wood_impact_1.48981506347656
1007.0,musicking,633.192932128906,-420.040344238281,0.0,0.0,osc_received,"value_[1, ""leaves""]"
1007.366,jump_input_pressed,633.192932128906,-420.040344238281,0.0,0.0,Jump,pressed
1007.366,jump_executed,633.192932128906,-420.040344238281,0.0,-500.0,jump,x_633.192932128906_y_-420.040344238281
1007.417,move_right_pressed,633.192932128906,-444.058898925781,15.0,-437.833282470703,Move_Right,pressed
1007.717,jump_input_released,670.692932128906,-523.814453125,180.0,-75.3332214355469,Jump,released
1007.799,jump_peak_reached,685.692932128906,-526.619934082031,180.0,45.0371475219727,jump_peak,x_685.692932128906_y_-526.619934082031
1007.949,platform_landed,690.526245117188,-495.006408691406,0.0,0.0,land_on_platform,platform_scene-1/Tile Map/38_-27_layer_Tile Map_tile_38_-27_source_1_atlas_1_0
1007.949,landed,690.526245117188,-495.006408691406,0.0,0.0,land,surface_wood_impact_0.75674102783203
1007.974,musicking,690.526245117188,-495.006408691406,0.0,0.0,osc_received,"value_[1, ""platform_pan_nav""]"
1008.166,jump_input_pressed,690.526245117188,-495.006408691406,0.0,0.0,Jump,pressed
1008.166,jump_executed,690.526245117188,-495.006408691406,0.0,-500.0,jump,x_690.526245117188_y_-495.006408691406
1008.199,move_left_pressed,690.526245117188,-511.390106201172,-15.0,-458.499969482422,Move_Left,pressed
1008.266,jump_input_released,688.026245117188,-539.910400390625,-75.0,-376.166595458984,Jump,released
1008.366,jump_peak_reached,676.776245117188,-544.702087402344,-165.0,41.2037048339844,jump_peak,x_676.776245117188_y_-544.702087402344
1008.616,move_left_pressed,663.192932128906,-469.586334228516,-15.0,596.759338378906,Move_Left,pressed
1008.766,platform_landed,648.184753417969,-347.331481933594,-150.0,0.0,land_on_platform,platform_scene-1/Tile Map/36_-19_layer_Tile Map_tile_36_-19_source_1_atlas_17_3
1008.766,landed,648.184753417969,-347.331481933594,-150.0,0.0,land,surface_wood_impact_1.860185546875
1008.767,musicking,648.184753417969,-347.331481933594,-150.0,0.0,osc_received,"value_[1, ""leaves""]"
1009.183,platform_landed,637.351440429688,-171.000457763672,0.0,0.0,land_on_platform,platform_scene-1/Tile Map/35_-9_layer_Tile Map_tile_35_-9_source_1_atlas_2_0
1009.183,landed,637.351440429688,-171.000457763672,0.0,0.0,land,surface_wood_impact_1.77777807617188
1009.708,jump_input_pressed,637.351440429688,-171.000457763672,0.0,0.0,Jump,pressed
1009.708,jump_executed,637.351440429688,-171.000457763672,0.0,-500.0,jump,x_637.351440429688_y_-171.000457763672
1009.776,move_left_pressed,637.351440429688,-202.334716796875,-15.0,-417.22216796875,Move_Left,pressed
1010.083,jump_input_released,596.851440429688,-277.015228271484,-180.0,-36.1665573120117,Jump,released
1010.133,jump_peak_reached,587.851440429688,-277.781890869141,-180.0,42.5371475219727,jump_peak,x_587.851440429688_y_-277.781890869141
1010.2,move_left_pressed,580.018127441406,-271.242401123047,-28.3333320617676,190.685302734375,Move_Left,pressed
1010.25,platform_landed,578.823669433594,-258.028991699219,0.0,0.0,land_on_platform,platform_scene-1/Tile Map/32_-14_layer_Tile Map_tile_32_-14_source_1_atlas_19_3
1010.25,landed,578.823669433594,-258.028991699219,0.0,0.0,land,surface_wood_impact_0.60359283447266
1010.25,musicking,578.823669433594,-258.028991699219,0.0,0.0,osc_received,"value_[1, ""leaves""]"
1010.284,musicking,578.823669433594,-258.028991699219,0.0,0.0,osc_received,"value_[1, ""platform_pan_nav""]"
1010.366,move_right_pressed,578.823669433594,-258.028991699219,33.3333320617676,0.0,Move_Right,pressed
1010.449,jump_input_pressed,587.158325195312,-258.002685546875,180.0,0.0,Jump,pressed
1010.45,jump_executed,587.158325195312,-258.002685546875,180.0,-500.0,jump,x_587.158325195312_y_-258.002685546875
1010.8,jump_input_released,650.168884277344,-361.755187988281,180.0,-75.3332214355469,Jump,released
1010.883,jump_peak_reached,665.168884277344,-364.560729980469,180.0,45.0371475219727,jump_peak,x_665.168884277344_y_-364.560729980469
1010.983,platform_landed,673.002197265625,-347.996398925781,0.0,0.0,land_on_platform,platform_scene-1/Tile Map/37_-19_layer_Tile Map_tile_37_-19_source_1_atlas_19_3
1010.983,landed,673.002197265625,-347.996398925781,0.0,0.0,land,surface_wood_impact_0.53451873779297
1011.0,musicking,673.002197265625,-347.996398925781,0.0,0.0,osc_received,"value_[1, ""leaves""]"
1011.083,jump_input_pressed,673.002197265625,-347.996398925781,0.0,0.0,Jump,pressed
1011.084,jump_executed,673.002197265625,-347.996398925781,0.0,-500.0,jump,x_673.002197265625_y_-347.996398925781
1011.166,move_left_pressed,673.002197265625,-386.288238525391,-15.0,-396.666595458984,Move_Left,pressed
1011.366,jump_input_released,653.502197265625,-443.403015136719,-180.0,-154.333221435547,Jump,released
1011.474,jump_peak_reached,635.502197265625,-448.194671630859,-180.0,41.2037048339844,jump_peak,x_635.502197265625_y_-448.194671630859
1011.608,platform_landed,630.668884277344,-420.044555664062,0.0,0.0,land_on_platform,platform_scene-1/Tile Map/35_-23_layer_Tile Map_tile_35_-23_source_1_atlas_19_3
1011.608,landed,630.668884277344,-420.044555664062,0.0,0.0,land,surface_wood_impact_0.67500006103516
1011.609,musicking,630.668884277344,-420.044555664062,0.0,0.0,osc_received,"value_[1, ""leaves""]"
1011.699,jump_input_pressed,630.668884277344,-420.044555664062,0.0,0.0,Jump,pressed
1011.699,jump_executed,630.668884277344,-420.044555664062,0.0,-500.0,jump,x_630.668884277344_y_-420.044555664062
1011.718,move_right_pressed,630.668884277344,-428.433013916016,15.0,-479.222198486328,Move_Right,pressed
1012.066,jump_input_released,677.168884277344,-525.097778320312,180.0,-55.722110748291,Jump,released
1012.132,jump_peak_reached,689.168884277344,-526.729248046875,180.0,43.8149261474609,jump_peak,x_689.168884277344_y_-526.729248046875
1012.283,platform_landed,709.002197265625,-495.012878417969,0.0,0.0,land_on_platform,platform_scene-1/Tile Map/39_-27_layer_Tile Map_tile_39_-27_source_1_atlas_2_0
1012.283,landed,709.002197265625,-495.012878417969,0.0,0.0,land,surface_wood_impact_0.75429656982422
1012.449,move_right_pressed,709.002197265625,-495.012878417969,33.3333320617676,0.0,Move_Right,pressed
1012.449,jump_input_pressed,709.002197265625,-495.012878417969,33.3333320617676,0.0,Jump,pressed
1012.45,jump_executed,709.002197265625,-495.012878417969,33.3333320617676,-500.0,jump,x_709.002197265625_y_-495.012878417969
1012.8,jump_input_released,758.811279296875,-598.790649414062,180.0,-75.3332214355469,Jump,released
1012.883,jump_peak_reached,773.811279296875,-601.596130371094,180.0,45.0371475219727,jump_peak,x_773.811279296875_y_-601.596130371094
1012.983,platform_landed,794.811462402344,-585.066955566406,180.0,0.0,land_on_platform,platform_scene-1/Tile Map/44_-32_layer_Tile Map_tile_44_-32_source_1_atlas_3_0
1012.983,landed,794.811462402344,-585.066955566406,180.0,0.0,land,surface_wood_impact_0.53451873779297
1013.0,musicking,797.811462402344,-585.066955566406,180.0,0.0,osc_received,"value_[1, ""platform_pan_nav""]"
1013.067,musicking,809.811462402344,-585.066955566406,180.0,0.0,osc_received,"value_[1, ""chain-jumps-combo-walk""]"
1013.399,coin_collected,841.661743164062,-490.317810058594,0.0,629.629699707031,collect_coin,coin_coin16_score_12
1013.4,sonification,841.661743164062,-479.206695556641,0.0,666.666748046875,osc_received,"value_[1, ""coins-with-pitch""]"
1013.416,platform_landed,841.661743164062,-474.029693603516,0.0,0.0,land_on_platform,platform_scene-1/Tile Map/46_-26_layer_Tile Map_tile_46_-26_source_1_atlas_13_6
1013.416,landed,841.661743164062,-474.029693603516,0.0,0.0,land,surface_wood_impact_1.40740759277344
1013.425,musicking,841.661743164062,-474.029693603516,0.0,0.0,osc_received,"value_[1, ""water-tube""]"
1013.649,move_right_pressed,841.661743164062,-474.029693603516,33.3333320617676,0.0,Move_Right,pressed
1013.841,coin_collected,867.9951171875,-474.048980712891,180.0,0.0,collect_coin,coin_coin17_score_14
1013.842,sonification,870.9951171875,-474.048980712891,180.0,0.0,osc_received,"value_[1, ""coins-with-pitch""]"
1014.032,coin_collected,903.9951171875,-474.048980712891,180.0,0.0,collect_coin,coin_coin18_score_16
1014.034,sonification,906.9951171875,-474.048980712891,180.0,0.0,osc_received,"value_[1, ""coins-with-pitch""]"
1014.232,coin_collected,939.9951171875,-474.048980712891,180.0,0.0,collect_coin,coin_coin19_score_18
1014.234,sonification,942.9951171875,-474.048980712891,180.0,0.0,osc_received,"value_[1, ""coins-with-pitch""]"
1014.333,move_left_pressed,956.606201171875,-474.048980712891,0.0,0.0,Move_Left,pressed
1014.566,jump_input_pressed,924.276916503906,-474.048980712891,-180.0,0.0,Jump,pressed
1014.566,jump_executed,924.276916503906,-474.048980712891,-180.0,-500.0,jump,x_924.276916503906_y_-474.048980712891
1014.632,jump_input_released,913.659912109375,-505.333892822266,-13.3333311080933,-417.22216796875,Jump,released
1014.733,jump_peak_reached,913.437683105469,-510.125549316406,0.0,41.2037048339844,jump_peak,x_913.437683105469_y_-510.125549316406
1014.9,platform_landed,913.437683105469,-474.006744384766,0.0,0.0,land_on_platform,platform_scene-1/Tile Map/50_-26_layer_Tile Map_tile_50_-26_source_1_atlas_13_6
1014.9,landed,913.437683105469,-474.006744384766,0.0,0.0,land,surface_wood_impact_0.82314825439453
1014.901,musicking,913.437683105469,-474.006744384766,0.0,0.0,osc_received,"value_[1, ""water-tube""]"
1014.967,jump_input_pressed,913.437683105469,-474.006744384766,0.0,0.0,Jump,pressed
1014.967,jump_executed,913.437683105469,-474.006744384766,0.0,-500.0,jump,x_913.437683105469_y_-474.006744384766
1015.075,jump_input_released,913.437683105469,-518.897766113281,0.0,-376.166595458984,Jump,released
1015.166,jump_peak_reached,913.437683105469,-523.689453125,0.0,41.2037048339844,jump_peak,x_913.437683105469_y_-523.689453125
1015.367,jump_input_pressed,913.437683105469,-474.707916259766,0.0,485.648223876953,Jump,pressed
1015.367,platform_landed,913.437683105469,-474.012329101562,0.0,0.0,land_on_platform,platform_scene-1/Tile Map/50_-26_layer_Tile Map_tile_50_-26_source_1_atlas_13_6
1015.367,landed,913.437683105469,-474.012329101562,0.0,0.0,land,surface_wood_impact_0.97129644775391
1015.375,musicking,913.437683105469,-474.012329101562,0.0,0.0,osc_received,"value_[1, ""water-tube""]"
1015.382,jump_executed,913.437683105469,-474.012329101562,0.0,-500.0,jump,x_913.437683105469_y_-474.012329101562
1015.516,jump_input_released,913.437683105469,-531.110534667969,0.0,-335.333251953125,Jump,released
1015.616,jump_peak_reached,913.437683105469,-535.902221679688,0.0,41.2037048339844,jump_peak,x_913.437683105469_y_-535.902221679688
1015.833,platform_landed,913.437683105469,-473.994476318359,0.0,0.0,land_on_platform,platform_scene-1/Tile Map/50_-26_layer_Tile Map_tile_50_-26_source_1_atlas_13_6
1015.833,landed,913.437683105469,-473.994476318359,0.0,0.0,land,surface_wood_impact_1.04537048339844
1015.833,musicking,913.437683105469,-473.994476318359,0.0,0.0,osc_received,"value_[1, ""water-tube""]"
1015.874,jump_input_pressed,913.437683105469,-473.994476318359,0.0,0.0,Jump,pressed
1015.875,jump_executed,913.437683105469,-473.994476318359,0.0,-500.0,jump,x_913.437683105469_y_-473.994476318359
1015.982,jump_input_released,913.437683105469,-525.172119140625,0.0,-355.722137451172,Jump,released
1016.083,jump_peak_reached,913.437683105469,-529.963806152344,0.0,41.2037048339844,jump_peak,x_913.437683105469_y_-529.963806152344
1016.249,move_left_pressed,913.437683105469,-495.318725585938,-15.0,411.574127197266,Move_Left,pressed
1016.283,platform_landed,911.939331054688,-474.053680419922,-45.0,0.0,land_on_platform,platform_scene-1/Tile Map/50_-26_layer_Tile Map_tile_50_-26_source_1_atlas_13_6
1016.283,landed,911.939331054688,-474.053680419922,-45.0,0.0,land,surface_wood_impact_0.97129644775391
1016.291,musicking,911.939331054688,-474.053680419922,-45.0,0.0,osc_received,"value_[1, ""water-tube""]"
1016.409,jump_input_pressed,897.3837890625,-474.053680419922,-180.0,0.0,Jump,pressed
1016.409,jump_executed,897.3837890625,-474.053680419922,-180.0,-500.0,jump,x_897.3837890625_y_-474.053680419922
1016.483,jump_input_released,882.38232421875,-512.284606933594,-180.0,-396.666595458984,Jump,released
1016.583,jump_peak_reached,868.549011230469,-517.076293945312,0.0,41.2037048339844,jump_peak,x_868.549011230469_y_-517.076293945312
1016.766,platform_landed,868.549011230469,-474.009124755859,0.0,0.0,land_on_platform,platform_scene-1/Tile Map/48_-26_layer_Tile Map_tile_48_-26_source_1_atlas_13_6
1016.766,landed,868.549011230469,-474.009124755859,0.0,0.0,land,surface_wood_impact_0.89722235107422
1016.774,musicking,868.549011230469,-474.009124755859,0.0,0.0,osc_received,"value_[1, ""water-tube""]"
1016.8,move_left_pressed,868.549011230469,-474.009124755859,-33.3333320617676,0.0,Move_Left,pressed
1016.833,jump_input_pressed,866.882385253906,-474.009124755859,-100.0,0.0,Jump,pressed
1016.833,jump_executed,866.882385253906,-474.009124755859,-100.0,-500.0,jump,x_866.882385253906_y_-474.009124755859
1016.908,jump_input_released,858.704711914062,-505.332336425781,-160.0,-417.22216796875,Jump,released
1016.999,jump_peak_reached,854.76025390625,-510.123992919922,0.0,41.2037048339844,jump_peak,x_854.76025390625_y_-510.123992919922
1017.116,move_right_pressed,854.76025390625,-492.353912353516,15.0,300.462982177734,Move_Right,pressed
1017.175,platform_landed,857.268310546875,-474.054992675781,60.0,0.0,land_on_platform,platform_scene-1/Tile Map/47_-26_layer_Tile Map_tile_47_-26_source_1_atlas_13_6
1017.175,landed,857.268310546875,-474.054992675781,60.0,0.0,land,surface_wood_impact_0.82314825439453
1017.185,musicking,858.823852539062,-474.054992675781,93.3333358764648,0.0,osc_received,"value_[1, ""water-tube""]"
1017.841,move_left_pressed,971.601623535156,-474.054992675781,96.6666641235352,0.0,Move_Left,pressed
1019.017,move_left_pressed,831.26806640625,-474.054992675781,-33.3333320617676,0.0,Move_Left,pressed
1019.15,jump_input_pressed,814.502807617188,-474.984436035156,-180.0,0.0,Jump,pressed
1019.151,jump_executed,814.502807617188,-474.984436035156,-180.0,-500.0,jump,x_814.502807617188_y_-474.984436035156
1019.349,jump_input_released,778.485595703125,-550.931701660156,-180.0,37.037036895752,Jump,released
1019.366,jump_peak_reached,775.484252929688,-550.314147949219,-180.0,74.0740737915039,jump_peak,x_775.484252929688_y_-550.314147949219
1019.55,platform_landed,739.507202148438,-495.048095703125,-180.0,0.0,land_on_platform,platform_scene-1/Tile Map/40_-27_layer_Tile Map_tile_40_-27_source_1_atlas_3_0
1019.55,landed,739.507202148438,-495.048095703125,-180.0,0.0,land,surface_wood_impact_0.96296307373047
1019.633,musicking,724.507202148438,-495.072387695312,-180.0,0.0,osc_received,"value_[1, ""chain-jumps-combo-walk""]"
1019.917,move_right_pressed,710.673889160156,-495.072387695312,33.3333320617676,0.0,Move_Right,pressed
1019.933,jump_input_pressed,711.229431152344,-495.072387695312,66.6666641235352,0.0,Jump,pressed
1019.933,jump_executed,711.229431152344,-495.072387695312,66.6666641235352,-500.0,jump,x_711.229431152344_y_-495.072387695312
1020.265,jump_input_released,763.118530273438,-597.195739746094,180.0,-94.9998931884766,Jump,released
1020.365,jump_peak_reached,773.951843261719,-601.487426757812,0.0,46.2038116455078,jump_peak,x_773.951843261719_y_-601.487426757812
1020.466,platform_landed,773.951843261719,-585.00390625,0.0,0.0,land_on_platform,platform_scene-1/Tile Map/42_-32_layer_Tile Map_tile_42_-32_source_1_atlas_1_0
1020.466,landed,773.951843261719,-585.00390625,0.0,0.0,land,surface_wood_impact_0.53685205078125
1020.5,move_left_pressed,773.951843261719,-585.00390625,-33.3333320617676,0.0,Move_Left,pressed
1020.551,jump_input_pressed,770.618530273438,-585.00390625,-133.33332824707,0.0,Jump,pressed
1020.551,jump_executed,770.618530273438,-585.00390625,-133.33332824707,-500.0,jump,x_770.618530273438_y_-585.00390625
1020.9,jump_input_released,709.213989257812,-688.785583496094,-180.0,-75.3332214355469,Jump,released
1020.982,jump_peak_reached,694.213989257812,-691.591064453125,-180.0,45.0371475219727,jump_peak,x_694.213989257812_y_-691.591064453125
1021.266,coin_collected,656.380676269531,-594.879943847656,0.0,637.629821777344,collect_coin,coin_coin15_score_20
1021.266,platform_landed,656.380676269531,-585.06298828125,0.0,0.0,land_on_platform,platform_scene-1/Tile Map/36_-32_layer_Tile Map_tile_36_-32_source_1_atlas_2_0
1021.266,landed,656.380676269531,-585.06298828125,0.0,0.0,land,surface_wood_impact_1.34933374023438
1021.267,sonification,656.380676269531,-585.06298828125,0.0,0.0,osc_received,"value_[1, ""coins-with-pitch""]"
1021.418,move_left_pressed,656.380676269531,-585.06298828125,-33.3333320617676,0.0,Move_Left,pressed
1021.418,jump_input_pressed,656.380676269531,-585.06298828125,-33.3333320617676,0.0,Jump,pressed
1021.418,jump_executed,656.380676269531,-585.06298828125,-33.3333320617676,-500.0,jump,x_656.380676269531_y_-585.06298828125
1021.432,jump_peak_reached,655.824340820312,-593.408569335938,-48.3333320617676,-479.222198486328,jump_peak,x_655.824340820312_y_-593.408569335938
1021.517,jump_input_released,649.296630859375,-629.917785644531,-123.33332824707,-376.166595458984,Jump,released
1021.766,platform_landed,622.741149902344,-603.014892578125,0.0,0.0,land_on_platform,platform_scene-1/Tile Map/34_-33_layer_Tile Map_tile_34_-33_source_1_atlas_0_0
1021.766,landed,622.741149902344,-603.014892578125,0.0,0.0,land,surface_wood_impact_0.74907415771484
1021.9,move_left_pressed,622.741149902344,-603.014892578125,-33.3333320617676,0.0,Move_Left,pressed
1021.9,jump_input_pressed,622.741149902344,-603.014892578125,-33.3333320617676,0.0,Jump,pressed
1021.9,jump_executed,622.741149902344,-603.014892578125,-33.3333320617676,-500.0,jump,x_622.741149902344_y_-603.014892578125
1022.033,jump_input_released,611.293273925781,-660.123413085938,-153.33332824707,-335.333251953125,Jump,released
1022.133,jump_peak_reached,593.932189941406,-664.915100097656,-180.0,41.2037048339844,jump_peak,x_593.932189941406_y_-664.915100097656
1022.392,platform_landed,545.932189941406,-585.066589355469,-180.0,0.0,land_on_platform,platform_scene-1/Tile Map/30_-32_layer_Tile Map_tile_30_-32_source_1_atlas_2_0
1022.392,landed,545.932189941406,-585.066589355469,-180.0,0.0,land,surface_wood_impact_1.19351867675781
1022.425,musicking,539.932189941406,-585.066589355469,-180.0,0.0,osc_received,"value_[1, ""platform_pan_nav""]"
1022.441,jump_input_pressed,539.932189941406,-585.066589355469,-180.0,0.0,Jump,pressed
1022.441,jump_executed,539.932189941406,-585.066589355469,-180.0,-500.0,jump,x_539.932189941406_y_-585.066589355469
1022.558,jump_input_released,518.929565429688,-636.193237304688,-180.0,-355.722137451172,Jump,released
1022.658,jump_peak_reached,500.929565429688,-640.984924316406,-180.0,41.2037048339844,jump_peak,x_500.929565429688_y_-640.984924316406
1022.908,platform_landed,452.866424560547,-564.078430175781,-180.0,0.0,land_on_platform,platform_scene-1/Tile Map/25_-31_layer_Tile Map_tile_25_-31_source_1_atlas_14_6
1022.909,landed,452.866424560547,-564.078430175781,-180.0,0.0,land,surface_wood_impact_1.19351867675781
1022.909,musicking,452.866424560547,-564.078430175781,-180.0,0.0,osc_received,"value_[1, ""water-tube""]"
1023.007,jump_input_pressed,437.866455078125,-564.049377441406,-180.0,0.0,Jump,pressed
1023.008,jump_executed,437.866455078125,-564.049377441406,-180.0,-500.0,jump,x_437.866455078125_y_-564.049377441406
1023.317,jump_input_released,380.860534667969,-664.255676269531,-180.0,-114.722114562988,Jump,released
1023.416,jump_peak_reached,362.860534667969,-669.04736328125,-180.0,41.2037048339844,jump_peak,x_362.860534667969_y_-669.04736328125
1023.683,platform_landed,311.870300292969,-582.062194824219,-180.0,0.0,land_on_platform,platform_scene-1/Tile Map/17_-32_layer_Tile Map_tile_17_-32_source_1_atlas_13_6
1023.683,landed,311.870300292969,-582.062194824219,-180.0,0.0,land,surface_wood_impact_1.2675927734375
1023.684,musicking,311.870300292969,-582.062194824219,-180.0,0.0,osc_received,"value_[1, ""water-tube""]"
1023.716,jump_input_pressed,308.870300292969,-582.062194824219,-180.0,0.0,Jump,pressed
1023.716,jump_executed,308.870300292969,-582.062194824219,-180.0,-500.0,jump,x_308.870300292969_y_-582.062194824219
1024.017,jump_input_released,254.866882324219,-680.002136230469,-180.0,-134.499893188477,Jump,released
1024.116,jump_peak_reached,236.866882324219,-684.793823242188,-180.0,41.2037048339844,jump_peak,x_236.866882324219_y_-684.793823242188
1024.4,platform_landed,182.871887207031,-582.065246582031,-180.0,0.0,land_on_platform,platform_scene-1/Tile Map/10_-32_layer_Tile Map_tile_10_-32_source_1_atlas_13_6
1024.4,landed,182.871887207031,-582.065246582031,-180.0,0.0,land,surface_wood_impact_1.34166687011719
1024.4,musicking,182.871887207031,-582.065246582031,-180.0,0.0,osc_received,"value_[1, ""water-tube""]"
1024.417,musicking,179.871887207031,-582.065246582031,-180.0,0.0,osc_received,"value_[1, ""platform_pan_nav""]"
1024.449,jump_input_pressed,176.872161865234,-582.099792480469,-180.0,0.0,Jump,pressed
1024.449,jump_executed,176.872161865234,-582.099792480469,-180.0,-500.0,jump,x_176.872161865234_y_-582.099792480469
1024.708,jump_input_released,131.870742797852,-671.275024414062,-180.0,-194.166549682617,Jump,released
1024.799,jump_peak_reached,113.870742797852,-676.066711425781,-180.0,41.2037048339844,jump_peak,x_113.870742797852_y_-676.066711425781
1025.05,coin_collected,85.0374069213867,-600.950927734375,0.0,559.722290039062,collect_coin,coin_coin20_score_22
1025.051,sonification,85.0374069213867,-591.004943847656,0.0,596.759338378906,osc_received,"value_[1, ""coins-with-pitch""]"
1025.066,platform_landed,85.0374069213867,-585.021850585938,0.0,0.0,land_on_platform,platform_scene-1/Tile Map/4_-32_layer_Tile Map_tile_4_-32_source_1_atlas_2_0
1025.066,landed,85.0374069213867,-585.021850585938,0.0,0.0,land,surface_wood_impact_1.2675927734375
1025.167,move_left_pressed,85.0374069213867,-585.021850585938,-33.3333320617676,0.0,Move_Left,pressed
1025.183,jump_input_pressed,84.4818496704102,-585.021850585938,-66.6666641235352,0.0,Jump,pressed
1025.183,jump_executed,84.4818496704102,-585.021850585938,-66.6666641235352,-500.0,jump,x_84.4818496704102_y_-585.021850585938
1025.283,jump_input_released,74.0589828491211,-629.911682128906,-156.666656494141,-376.166595458984,Jump,released
1025.383,jump_peak_reached,56.5867538452148,-634.703369140625,-180.0,41.2037048339844,jump_peak,x_56.5867538452148_y_-634.703369140625
1025.533,platform_landed,39.7534217834473,-603.0087890625,0.0,0.0,land_on_platform,platform_scene-1/Tile Map/2_-33_layer_Tile Map_tile_2_-33_source_1_atlas_0_0
1025.533,landed,39.7534217834473,-603.0087890625,0.0,0.0,land,surface_wood_impact_0.74907415771484
1025.633,move_left_pressed,39.7534217834473,-603.0087890625,-33.3333320617676,0.0,Move_Left,pressed
1025.649,jump_input_pressed,39.1978645324707,-603.0087890625,-66.6666641235352,0.0,Jump,pressed
1025.649,jump_executed,39.1978645324707,-603.0087890625,-66.6666641235352,-500.0,jump,x_39.1978645324707_y_-603.0087890625
1025.808,jump_input_released,20.3013114929199,-665.719055175781,-180.0,-314.999908447266,Jump,released
1025.9,jump_peak_reached,2.30131125450134,-670.5107421875,-180.0,41.2037048339844,jump_peak,x_2.30131125450134_y_-670.5107421875
1026.049,platform_landed,-5.53202247619629,-635.999816894531,0.0,0.0,land_on_platform,platform_scene-1/Tile Map/-1_-35_layer_Tile Map_tile_-1_-35_source_1_atlas_13_6
1026.05,landed,-5.53202247619629,-635.999816894531,0.0,0.0,land,surface_wood_impact_0.74907415771484
1026.05,musicking,-5.53202247619629,-635.999816894531,0.0,0.0,osc_received,"value_[1, ""water-tube""]"
1026.133,jump_input_pressed,-5.53202247619629,-635.999816894531,0.0,0.0,Jump,pressed
1026.133,jump_executed,-5.53202247619629,-635.999816894531,0.0,-500.0,jump,x_-5.53202247619629_y_-635.999816894531
1026.149,move_right_pressed,-5.53202247619629,-644.388671875,15.0,-479.222198486328,Move_Right,pressed
1026.4,jump_input_released,22.9679794311523,-728.476623535156,180.0,-174.222106933594,Jump,released
1026.5,jump_peak_reached,33.8013114929199,-733.268310546875,0.0,41.2037048339844,jump_peak,x_33.8013114929199_y_-733.268310546875
1026.617,platform_landed,33.8013114929199,-711.008911132812,0.0,0.0,land_on_platform,platform_scene-1/Tile Map/1_-39_layer_Tile Map_tile_1_-39_source_1_atlas_1_0
1026.617,landed,33.8013114929199,-711.008911132812,0.0,0.0,land,surface_wood_impact_0.60092596435547
1026.767,jump_input_pressed,33.8013114929199,-711.008911132812,0.0,0.0,Jump,pressed
1026.767,jump_executed,33.8013114929199,-711.008911132812,0.0,-500.0,jump,x_33.8013114929199_y_-711.008911132812
1026.782,move_left_pressed,33.8013114929199,-719.401611328125,-15.0,-479.222198486328,Move_Left,pressed
1027.083,jump_input_released,-3.69868898391724,-811.257141113281,-180.0,-114.722114562988,Jump,released
1027.183,jump_peak_reached,-14.532021522522,-816.048828125,0.0,41.2037048339844,jump_peak,x_-14.532021522522_y_-816.048828125
1027.25,move_right_pressed,-14.532021522522,-809.598205566406,15.0,189.351852416992,Move_Right,pressed
1027.284,jump_input_pressed,-13.782021522522,-802.669189453125,45.0,263.425933837891,Jump,pressed
1027.284,platform_landed,-13.032021522522,-801.066223144531,45.0,0.0,land_on_platform,platform_scene-1/Tile Map/-1_-44_layer_Tile Map_tile_-1_-44_source_1_atlas_3_0
1027.284,landed,-13.032021522522,-801.066223144531,45.0,0.0,land,surface_wood_impact_0.52685186767578
1027.3,jump_executed,-13.032021522522,-801.066223144531,45.0,-500.0,jump,x_-13.032021522522_y_-801.066223144531
1027.633,jump_input_released,40.3581771850586,-903.194885253906,180.0,-94.9998931884766,Jump,released
1027.733,jump_peak_reached,58.3581771850586,-907.486572265625,180.0,46.2038116455078,jump_peak,x_58.3581771850586_y_-907.486572265625
1028.0,platform_landed,109.36499786377,-816.044250488281,180.0,0.0,land_on_platform,platform_scene-1/Tile Map/6_-45_layer_Tile Map_tile_6_-45_source_1_atlas_14_6
1028.001,landed,109.36499786377,-816.044250488281,180.0,0.0,land,surface_wood_impact_1.27759301757812
1028.001,musicking,109.36499786377,-816.044250488281,180.0,0.0,osc_received,"value_[1, ""water-tube""]"
1028.017,jump_input_pressed,109.36499786377,-816.044250488281,180.0,0.0,Jump,pressed
1028.017,jump_executed,109.36499786377,-816.044250488281,180.0,-500.0,jump,x_109.36499786377_y_-816.044250488281
1028.034,musicking,115.373573303223,-832.391235351562,180.0,-479.333312988281,osc_received,"value_[1, ""platform_pan_nav""]"
1028.166,jump_input_released,136.373580932617,-878.720825195312,180.0,-314.999908447266,Jump,released
1028.266,jump_peak_reached,154.373580932617,-883.512512207031,180.0,41.2037048339844,jump_peak,x_154.373580932617_y_-883.512512207031
1028.484,platform_landed,196.373580932617,-819.066223144531,180.0,0.0,land_on_platform,platform_scene-1/Tile Map/10_-45_layer_Tile Map_tile_10_-45_source_1_atlas_13_7
1028.484,landed,196.373580932617,-819.066223144531,180.0,0.0,land,surface_wood_impact_1.04537048339844
1028.49,musicking,196.373580932617,-819.066223144531,180.0,0.0,osc_received,"value_[1, ""cloud""]"
1028.65,musicking,226.373580932617,-819.066223144531,180.0,0.0,osc_received,"value_[1, ""chain-jumps-combo-walk""]"
1028.684,jump_input_pressed,229.373580932617,-819.066223144531,180.0,0.0,Jump,pressed
1028.684,jump_executed,229.373580932617,-819.066223144531,180.0,-500.0,jump,x_229.373580932617_y_-819.066223144531
1028.816,jump_input_released,253.37629699707,-876.129272460938,180.0,-335.333251953125,Jump,released
1028.916,jump_peak_reached,271.376281738281,-880.920959472656,180.0,41.2037048339844,jump_peak,x_271.376281738281_y_-880.920959472656
1029.133,platform_landed,313.369964599609,-817.046142578125,180.0,0.0,land_on_platform,platform_scene-1/Tile Map/17_-45_layer_Tile Map_tile_17_-45_source_1_atlas_14_6
1029.133,landed,313.369964599609,-817.046142578125,180.0,0.0,land,surface_wood_impact_1.04537048339844
1029.134,musicking,313.369964599609,-817.046142578125,180.0,0.0,osc_received,"value_[1, ""water-tube""]"
1029.232,jump_input_pressed,328.383728027344,-816.046142578125,180.0,0.0,Jump,pressed
1029.233,jump_executed,328.383728027344,-816.046142578125,180.0,-500.0,jump,x_328.383728027344_y_-816.046142578125
1029.517,jump_input_released,379.391052246094,-911.408142089844,180.0,-154.333221435547,Jump,released
1029.616,jump_peak_reached,397.391052246094,-916.199829101562,180.0,41.2037048339844,jump_peak,x_397.391052246094_y_-916.199829101562
1029.717,move_left_pressed,402.224395751953,-902.820190429688,-15.0,263.425933837891,Move_Left,pressed
1029.75,platform_landed,400.724395751953,-891.067077636719,-45.0,0.0,land_on_platform,platform_scene-1/Tile Map/22_-49_layer_Tile Map_tile_22_-49_source_1_atlas_2_0
1029.75,landed,400.724395751953,-891.067077636719,-45.0,0.0,land,surface_wood_impact_0.67500006103516
1029.767,musicking,399.418853759766,-891.067077636719,-78.3333358764648,0.0,osc_received,"value_[1, ""platform_pan_nav""]"
1029.816,jump_input_pressed,395.141082763672,-891.067077636719,-178.33332824707,0.0,Jump,pressed
1029.816,jump_executed,395.141082763672,-891.067077636719,-178.33332824707,-500.0,jump,x_395.141082763672_y_-891.067077636719
1029.933,jump_peak_reached,377.904266357422,-930.2197265625,-70.0025024414062,87.7119522094727,jump_peak,x_377.904266357422_y_-930.2197265625
1030.017,jump_input_released,369.570678710938,-916.737548828125,-145.002502441406,272.897125244141,Jump,released
1030.218,platform_landed,356.737182617188,-816.980651855469,0.0,0.0,land_on_platform,platform_scene-1/Tile Map/19_-45_layer_Tile Map_tile_19_-45_source_1_atlas_14_6
1030.218,landed,356.737182617188,-816.980651855469,0.0,0.0,land,surface_wood_impact_1.43468334960937
1030.224,musicking,356.737182617188,-816.980651855469,0.0,0.0,osc_received,"value_[1, ""water-tube""]"
1030.7,move_left_pressed,356.737182617188,-816.980651855469,-33.3333320617676,0.0,Move_Left,pressed
1030.716,jump_input_pressed,356.181854248047,-817.041564941406,-66.6666641235352,0.0,Jump,pressed
1030.717,jump_executed,356.181854248047,-817.041564941406,-66.6666641235352,-500.0,jump,x_356.181854248047_y_-817.041564941406
1030.8,move_right_pressed,349.764129638672,-855.276184082031,0.0,-396.666595458984,Move_Right,pressed
1031.033,jump_input_released,372.264129638672,-917.239135742188,180.0,-114.722114562988,Jump,released
1031.133,jump_peak_reached,390.264129638672,-922.030822753906,180.0,41.2037048339844,jump_peak,x_390.264129638672_y_-922.030822753906
1031.283,platform_landed,410.097473144531,-891.018981933594,0.0,0.0,land_on_platform,platform_scene-1/Tile Map/22_-49_layer_Tile Map_tile_22_-49_source_1_atlas_2_0
1031.283,landed,410.097473144531,-891.018981933594,0.0,0.0,land,surface_wood_impact_0.74907415771484
1031.3,jump_input_pressed,410.097473144531,-891.018981933594,0.0,0.0,Jump,pressed
1031.3,jump_executed,410.097473144531,-891.018981933594,0.0,-500.0,jump,x_410.097473144531_y_-891.018981933594
1031.367,move_left_pressed,410.097473144531,-922.337219238281,-15.0,-417.22216796875,Move_Left,pressed
1031.566,jump_input_released,390.597473144531,-983.490905761719,-180.0,-174.222106933594,Jump,released
1031.666,jump_peak_reached,372.597473144531,-988.282592773438,-180.0,41.2037048339844,jump_peak,x_372.597473144531_y_-988.282592773438
1031.8,platform_landed,349.764312744141,-960.058654785156,-13.3333311080933,0.0,land_on_platform,platform_scene-1/Tile Map/19_-53_layer_Tile Map_tile_19_-53_source_1_atlas_13_6
1031.8,landed,349.764312744141,-960.058654785156,-13.3333311080933,0.0,land,surface_wood_impact_0.67500006103516
1031.801,musicking,349.764312744141,-960.058654785156,-13.3333311080933,0.0,osc_received,"value_[1, ""water-tube""]"
1031.833,move_right_pressed,349.764312744141,-960.058654785156,33.3333320617676,0.0,Move_Right,pressed
1031.833,jump_input_pressed,349.764312744141,-960.058654785156,33.3333320617676,0.0,Jump,pressed
1031.833,jump_executed,349.764312744141,-960.058654785156,33.3333320617676,-500.0,jump,x_349.764312744141_y_-960.058654785156
1032.233,jump_input_released,408.5703125,-1066.64111328125,180.0,-16.6665554046631,Jump,released
1032.266,jump_peak_reached,414.5703125,-1066.84948730469,180.0,41.2038154602051,jump_peak,x_414.5703125_y_-1066.84948730469
1032.541,coin_collected,462.5703125,-981.787719726562,180.0,596.759460449219,collect_coin,coin_coin21_score_24
1032.542,platform_landed,465.5703125,-981.067993164062,180.0,0.0,land_on_platform,platform_scene-1/Tile Map/25_-54_layer_Tile Map_tile_25_-54_source_1_atlas_1_0
1032.542,landed,465.5703125,-981.067993164062,180.0,0.0,land,surface_wood_impact_1.26759301757812
1032.543,sonification,465.5703125,-981.067993164062,180.0,0.0,osc_received,"value_[1, ""coins-with-pitch""]"
1032.633,musicking,480.5703125,-981.067993164062,180.0,0.0,osc_received,"value_[1, ""chain-jumps-combo-walk""]"
1032.85,jump_input_pressed,497.925231933594,-981.066284179688,0.0,0.0,Jump,pressed
1032.85,jump_executed,497.925231933594,-981.066284179688,0.0,-500.0,jump,x_497.925231933594_y_-981.066284179688
1032.951,jump_input_released,497.924041748047,-1025.90979003906,0.0,-376.166595458984,Jump,released
1033.0,move_right_pressed,497.924041748047,-1029.86804199219,15.0,-37.5,Move_Right,pressed
1033.05,jump_peak_reached,499.424041748047,-1030.70141601562,60.0,41.2037048339844,jump_peak,x_499.424041748047_y_-1030.70141601562
1033.2,platform_landed,503.28515625,-998.787414550781,0.0,0.0,land_on_platform,platform_scene-1/Tile Map/28_-55_layer_Tile Map_tile_28_-55_source_1_atlas_0_0
1033.2,landed,503.28515625,-998.787414550781,0.0,0.0,land,surface_wood_impact_0.74907415771484
1033.301,move_right_pressed,503.28515625,-998.787414550781,33.3333320617676,0.0,Move_Right,pressed
1033.351,jump_input_pressed,506.581634521484,-999.069091796875,133.33332824707,0.0,Jump,pressed
1033.351,jump_executed,506.581634521484,-999.069091796875,133.33332824707,-500.0,jump,x_506.581634521484_y_-999.069091796875
1033.55,jump_input_released,540.972045898438,-1076.4951171875,180.0,-254.333206176758,Jump,released
1033.65,jump_peak_reached,558.972045898438,-1081.28674316406,180.0,41.2037048339844,jump_peak,x_558.972045898438_y_-1081.28674316406
1033.85,platform_landed,593.816040039062,-1032.04638671875,13.3333311080933,0.0,land_on_platform,platform_scene-1/Tile Map/32_-57_layer_Tile Map_tile_32_-57_source_1_atlas_13_6
1033.851,landed,593.816040039062,-1032.04638671875,13.3333311080933,0.0,land,surface_wood_impact_0.97129644775391
1033.858,musicking,593.816040039062,-1032.04638671875,13.3333311080933,0.0,osc_received,"value_[1, ""water-tube""]"
1033.867,musicking,593.816040039062,-1032.04638671875,0.0,0.0,osc_received,"value_[1, ""platform_pan_nav""]"
1033.883,jump_input_pressed,593.816040039062,-1032.04638671875,0.0,0.0,Jump,pressed
1033.883,jump_executed,593.816040039062,-1032.04638671875,0.0,-500.0,jump,x_593.816040039062_y_-1032.04638671875
1033.917,move_right_pressed,593.816040039062,-1048.37780761719,15.0,-458.499969482422,Move_Right,pressed
1034.118,jump_input_released,613.316040039062,-1117.642578125,180.0,-214.166549682617,Jump,released
1034.216,jump_peak_reached,631.316040039062,-1122.43420410156,180.0,41.2037048339844,jump_peak,x_631.316040039062_y_-1122.43420410156
1034.366,platform_landed,654.149353027344,-1089.02062988281,0.0,0.0,land_on_platform,platform_scene-1/Tile Map/36_-60_layer_Tile Map_tile_36_-60_source_1_atlas_3_0
1034.366,landed,654.149353027344,-1089.02062988281,0.0,0.0,land,surface_wood_impact_0.74907415771484
1034.383,move_left_pressed,654.149353027344,-1089.02062988281,-33.3333320617676,0.0,Move_Left,pressed
1034.451,jump_input_pressed,648.593811035156,-1089.02062988281,-166.666656494141,0.0,Jump,pressed
1034.451,jump_executed,648.593811035156,-1089.02062988281,-166.666656494141,-500.0,jump,x_648.593811035156_y_-1089.02062988281
1034.683,jump_input_released,606.800476074219,-1174.65515136719,-180.0,-214.166549682617,Jump,released
1034.783,jump_peak_reached,588.800476074219,-1179.44677734375,-180.0,41.2037048339844,jump_peak,x_588.800476074219_y_-1179.44677734375
1034.95,platform_landed,555.800354003906,-1143.06652832031,-180.0,0.0,land_on_platform,platform_scene-1/Tile Map/30_-63_layer_Tile Map_tile_30_-63_source_1_atlas_1_0
1034.95,landed,555.800354003906,-1143.06652832031,-180.0,0.0,land,surface_wood_impact_0.82314825439453
1034.984,jump_input_pressed,552.800354003906,-1143.06652832031,-180.0,0.0,Jump,pressed
1034.984,jump_executed,552.800354003906,-1143.06652832031,-180.0,-500.0,jump,x_552.800354003906_y_-1143.06652832031
1035.242,jump_input_released,526.324768066406,-1232.24499511719,-90.0,-194.166549682617,Jump,released
1035.333,jump_peak_reached,513.574768066406,-1237.03662109375,-180.0,41.2037048339844,jump_peak,x_513.574768066406_y_-1237.03662109375
1035.5,platform_landed,490.741424560547,-1197.00573730469,0.0,0.0,land_on_platform,platform_scene-1/Tile Map/27_-66_layer_Tile Map_tile_27_-66_source_1_atlas_3_0
1035.5,landed,490.741424560547,-1197.00573730469,0.0,0.0,land,surface_wood_impact_0.82314825439453
1035.533,musicking,490.741424560547,-1197.00573730469,0.0,0.0,osc_received,"value_[1, ""platform_pan_nav""]"
1035.567,move_left_pressed,490.741424560547,-1197.00573730469,-33.3333320617676,0.0,Move_Left,pressed
1035.584,jump_input_pressed,490.185882568359,-1197.00573730469,-66.6666641235352,0.0,Jump,pressed
1035.584,jump_executed,490.185882568359,-1197.00573730469,-66.6666641235352,-500.0,jump,x_490.185882568359_y_-1197.00573730469
1035.667,jump_input_released,482.122314453125,-1235.29260253906,-141.666656494141,-396.666595458984,Jump,released
1035.766,jump_peak_reached,465.288970947266,-1240.08422851562,-180.0,41.2037048339844,jump_peak,x_465.288970947266_y_-1240.08422851562
1035.899,platform_landed,451.455627441406,-1215.02136230469,0.0,0.0,land_on_platform,platform_scene-1/Tile Map/25_-67_layer_Tile Map_tile_25_-67_source_1_atlas_0_0
1035.899,landed,451.455627441406,-1215.02136230469,0.0,0.0,land,surface_wood_impact_0.67500006103516
1036.084,move_left_pressed,451.455627441406,-1215.02136230469,-33.3333320617676,0.0,Move_Left,pressed
1036.084,jump_input_pressed,451.455627441406,-1215.02136230469,-33.3333320617676,0.0,Jump,pressed
1036.084,jump_executed,451.455627441406,-1215.02136230469,-33.3333320617676,-500.0,jump,x_451.455627441406_y_-1215.02136230469
1036.216,jump_input_released,440.008117675781,-1272.12426757812,-153.33332824707,-335.333251953125,Jump,released
1036.316,jump_peak_reached,422.647033691406,-1276.91589355469,-180.0,41.2037048339844,jump_peak,x_422.647033691406_y_-1276.91589355469
1036.566,move_left_pressed,393.813690185547,-1201.80017089844,-15.0,596.759338378906,Move_Left,pressed
1036.834,platform_landed,359.224639892578,-960.053405761719,-180.0,0.0,land_on_platform,platform_scene-1/Tile Map/19_-53_layer_Tile Map_tile_19_-53_source_1_atlas_13_6
1036.834,landed,359.224639892578,-960.053405761719,-180.0,0.0,land,surface_wood_impact_2.37870361328125
1036.834,musicking,359.224639892578,-960.053405761719,-180.0,0.0,osc_received,"value_[1, ""water-tube""]"
1036.876,musicking,354.613525390625,-960.053405761719,-96.6666641235352,0.0,osc_received,"value_[1, ""far-fall""]"
1037.35,move_right_pressed,354.391296386719,-960.053405761719,33.3333320617676,0.0,Move_Right,pressed
1037.417,jump_input_pressed,359.946838378906,-960.053405761719,166.666656494141,0.0,Jump,pressed
1037.417,jump_executed,359.946838378906,-960.053405761719,166.666656494141,-500.0,jump,x_359.946838378906_y_-960.053405761719
1037.433,jump_peak_reached,362.725250244141,-968.389526367188,180.0,-479.222198486328,jump_peak,x_362.725250244141_y_-968.389526367188
1037.866,jump_input_released,440.725250244141,-1066.22033691406,180.0,76.8519668579102,Jump,released
1038.117,platform_landed,487.336334228516,-981.067077636719,96.6666641235352,0.0,land_on_platform,platform_scene-1/Tile Map/27_-54_layer_Tile Map_tile_27_-54_source_1_atlas_3_0
1038.118,landed,487.336334228516,-981.067077636719,96.6666641235352,0.0,land,surface_wood_impact_1.26481518554687
1038.217,move_right_pressed,487.558563232422,-981.067077636719,33.3333320617676,0.0,Move_Right,pressed
1038.233,jump_input_pressed,488.114105224609,-981.067077636719,66.6666641235352,0.0,Jump,pressed
1038.233,jump_executed,488.114105224609,-981.067077636719,66.6666641235352,-500.0,jump,x_488.114105224609_y_-981.067077636719
1038.367,jump_input_released,504.004028320312,-1038.13024902344,180.0,-335.333251953125,Jump,released
1038.475,jump_peak_reached,522.004028320312,-1042.921875,96.6666641235352,41.2037048339844,jump_peak,x_522.004028320312_y_-1042.921875
1038.649,platform_landed,523.837341308594,-998.963928222656,0.0,0.0,land_on_platform,platform_scene-1/Tile Map/28_-55_layer_Tile Map_tile_28_-55_source_1_atlas_0_0
1038.649,landed,523.837341308594,-998.963928222656,0.0,0.0,land,surface_wood_impact_0.89722235107422
1038.818,jump_input_pressed,523.837341308594,-998.963928222656,0.0,0.0,Jump,pressed
1038.818,jump_executed,523.837341308594,-998.963928222656,0.0,-500.0,jump,x_523.837341308594_y_-998.963928222656
1038.834,move_right_pressed,523.837341308594,-1007.35168457031,15.0,-479.222198486328,Move_Right,pressed
1039.0,jump_input_released,537.587341308594,-1071.85180664062,165.0,-274.499877929688,Jump,released
1039.1,jump_peak_reached,555.337341308594,-1076.64343261719,180.0,41.2037048339844,jump_peak,x_555.337341308594_y_-1076.64343261719
1039.283,platform_landed,581.170654296875,-1032.013671875,0.0,0.0,land_on_platform,platform_scene-1/Tile Map/32_-57_layer_Tile Map_tile_32_-57_source_1_atlas_13_6
1039.284,landed,581.170654296875,-1032.013671875,0.0,0.0,land,surface_wood_impact_0.89722235107422
1039.284,musicking,581.170654296875,-1032.013671875,0.0,0.0,osc_received,"value_[1, ""water-tube""]"
1039.301,musicking,581.170654296875,-1032.013671875,0.0,0.0,osc_received,"value_[1, ""platform_pan_nav""]"
1039.334,move_right_pressed,581.170654296875,-1032.013671875,33.3333320617676,0.0,Move_Right,pressed
1039.383,jump_input_pressed,584.503967285156,-1032.013671875,133.33332824707,0.0,Jump,pressed
1039.383,jump_executed,584.503967285156,-1032.013671875,133.33332824707,-500.0,jump,x_584.503967285156_y_-1032.013671875
1039.642,jump_input_released,627.904541015625,-1121.22875976562,180.0,-194.166549682617,Jump,released
1039.733,jump_peak_reached,644.515625,-1126.02038574219,13.3333311080933,41.2037048339844,jump_peak,x_644.515625_y_-1126.02038574219
1039.9,platform_landed,644.737854003906,-1089.01733398438,0.0,0.0,land_on_platform,platform_scene-1/Tile Map/35_-60_layer_Tile Map_tile_35_-60_source_1_atlas_1_0
1039.9,landed,644.737854003906,-1089.01733398438,0.0,0.0,land,surface_wood_impact_0.82314825439453
1039.917,move_left_pressed,644.737854003906,-1089.01733398438,-33.3333320617676,0.0,Move_Left,pressed
1039.967,jump_input_pressed,641.404541015625,-1089.01733398438,-133.33332824707,0.0,Jump,pressed
1039.967,jump_executed,641.404541015625,-1089.01733398438,-133.33332824707,-500.0,jump,x_641.404541015625_y_-1089.01733398438
1040.184,jump_input_released,604.0029296875,-1170.736328125,-180.0,-234.222106933594,Jump,released
1040.283,jump_peak_reached,586.0029296875,-1175.52795410156,-180.0,41.2037048339844,jump_peak,x_586.0029296875_y_-1175.52795410156
1040.433,platform_landed,556.0029296875,-1143.06640625,-180.0,0.0,land_on_platform,platform_scene-1/Tile Map/30_-63_layer_Tile Map_tile_30_-63_source_1_atlas_1_0
1040.433,landed,556.0029296875,-1143.06640625,-180.0,0.0,land,surface_wood_impact_0.74907415771484
1040.466,jump_input_pressed,553.0029296875,-1143.06640625,-180.0,0.0,Jump,pressed
1040.466,jump_executed,553.0029296875,-1143.06640625,-180.0,-500.0,jump,x_553.0029296875_y_-1143.06640625
1040.742,jump_input_released,524.824768066406,-1235.49584960938,-105.0,-174.222106933594,Jump,released
1040.833,jump_peak_reached,512.213684082031,-1240.28747558594,0.0,41.2037048339844,jump_peak,x_512.213684082031_y_-1240.28747558594
1040.95,move_left_pressed,512.213684082031,-1222.51745605469,-15.0,300.462982177734,Move_Left,pressed
1040.967,platform_landed,511.463684082031,-1215.06726074219,-30.0,0.0,land_on_platform,platform_scene-1/Tile Map/28_-67_layer_Tile Map_tile_28_-67_source_1_atlas_0_0
1040.967,landed,511.463684082031,-1215.06726074219,-30.0,0.0,land,surface_wood_impact_0.67500006103516
1041.05,musicking,500.898162841797,-1214.91687011719,-180.0,0.0,osc_received,"value_[1, ""chain-jumps-combo-walk""]"
1041.183,platform_landed,490.064819335938,-1197.005859375,0.0,0.0,land_on_platform,platform_scene-1/Tile Map/27_-66_layer_Tile Map_tile_27_-66_source_1_atlas_3_0
1041.183,landed,490.064819335938,-1197.005859375,0.0,0.0,land,surface_wood_impact_0.59259259033203
1041.183,musicking,490.064819335938,-1197.005859375,0.0,0.0,osc_received,"value_[1, ""platform_pan_nav""]"
1041.416,jump_input_pressed,490.064819335938,-1197.005859375,0.0,0.0,Jump,pressed
1041.416,jump_executed,490.064819335938,-1197.005859375,0.0,-500.0,jump,x_490.064819335938_y_-1197.005859375
1041.45,move_left_pressed,490.064819335938,-1213.39001464844,-15.0,-458.499969482422,Move_Left,pressed
1041.509,jump_input_released,488.564819335938,-1235.29370117188,-60.0,-396.666595458984,Jump,released
1041.6,jump_peak_reached,478.814819335938,-1240.08532714844,-150.0,41.2037048339844,jump_peak,x_478.814819335938_y_-1240.08532714844
1041.733,platform_landed,468.731475830078,-1215.00048828125,0.0,0.0,land_on_platform,platform_scene-1/Tile Map/25_-67_layer_Tile Map_tile_25_-67_source_1_atlas_0_0
1041.733,landed,468.731475830078,-1215.00048828125,0.0,0.0,land,surface_wood_impact_0.67500006103516
1041.85,move_left_pressed,468.731475830078,-1215.00048828125,-33.3333320617676,0.0,Move_Left,pressed
1041.917,jump_input_pressed,463.175933837891,-1215.00048828125,-166.666656494141,0.0,Jump,pressed
1041.918,jump_executed,463.175933837891,-1215.00048828125,-166.666656494141,-500.0,jump,x_463.175933837891_y_-1215.00048828125
1042.083,jump_input_released,433.378448486328,-1282.97155761719,-180.0,-294.722106933594,Jump,released
1042.183,jump_peak_reached,415.378448486328,-1287.76318359375,-180.0,41.2037048339844,jump_peak,x_415.378448486328_y_-1287.76318359375
1042.5,platform_landed,355.378448486328,-1161.06616210938,-180.0,0.0,land_on_platform,platform_scene-1/Tile Map/19_-64_layer_Tile Map_tile_19_-64_source_1_atlas_13_7
1042.5,landed,355.378448486328,-1161.06616210938,-180.0,0.0,land,surface_wood_impact_1.48981506347656
1042.501,musicking,355.378448486328,-1161.06616210938,-180.0,0.0,osc_received,"value_[1, ""cloud""]"
1042.641,move_left_pressed,353.545104980469,-1161.06616210938,-33.3333320617676,0.0,Move_Left,pressed
1042.659,jump_input_pressed,352.989562988281,-1161.06616210938,-66.6666641235352,0.0,Jump,pressed
1042.659,jump_executed,352.989562988281,-1161.06616210938,-66.6666641235352,-500.0,jump,x_352.989562988281_y_-1161.06616210938
1042.767,jump_input_released,339.960632324219,-1212.19396972656,-171.666656494141,-355.722137451172,Jump,released
1042.866,jump_peak_reached,322.099517822266,-1216.98559570312,-180.0,41.2037048339844,jump_peak,x_322.099517822266_y_-1216.98559570312
1043.042,platform_landed,311.266174316406,-1179.01794433594,0.0,0.0,land_on_platform,platform_scene-1/Tile Map/17_-65_layer_Tile Map_tile_17_-65_source_1_atlas_1_0
1043.042,landed,311.266174316406,-1179.01794433594,0.0,0.0,land,surface_wood_impact_0.82314825439453
1043.318,move_left_pressed,311.266174316406,-1179.01794433594,-33.3333320617676,0.0,Move_Left,pressed
1043.333,jump_input_pressed,310.710632324219,-1179.01794433594,-66.6666641235352,0.0,Jump,pressed
1043.334,jump_executed,310.710632324219,-1179.01794433594,-66.6666641235352,-500.0,jump,x_310.710632324219_y_-1179.01794433594
1043.766,jump_peak_reached,240.815124511719,-1285.89611816406,-180.0,39.8149261474609,jump_peak,x_240.815124511719_y_-1285.89611816406
1043.784,jump_input_released,237.815124511719,-1285.23254394531,-180.0,76.8519668579102,Jump,released
1044.0,platform_landed,194.888900756836,-1214.12561035156,-180.0,0.0,land_on_platform,platform_scene-1/Tile Map/11_-67_layer_Tile Map_tile_11_-67_source_1_atlas_0_0
1044.0,landed,194.888900756836,-1214.12561035156,-180.0,0.0,land,surface_wood_impact_1.1166669921875
1044.068,jump_input_pressed,185.888900756836,-1212.27368164062,-180.0,111.111114501953,Jump,pressed
1044.068,jump_executed,185.888900756836,-1212.27368164062,-180.0,-500.0,jump,x_185.888900756836_y_-1212.27368164062
1044.284,jump_input_released,146.888900756836,-1293.94494628906,-180.0,-234.222106933594,Jump,released
1044.383,jump_peak_reached,136.055557250977,-1298.73657226562,0.0,41.2037048339844,jump_peak,x_136.055557250977_y_-1298.73657226562
1044.533,platform_landed,136.055557250977,-1269.029296875,0.0,0.0,land_on_platform,platform_scene-1/Tile Map/7_-70_layer_Tile Map_tile_7_-70_source_1_atlas_3_0
1044.533,landed,136.055557250977,-1269.029296875,0.0,0.0,land,surface_wood_impact_0.74907415771484
1044.55,musicking,136.055557250977,-1269.029296875,0.0,0.0,osc_received,"value_[1, ""platform_pan_nav""]"
1044.666,jump_input_pressed,136.055557250977,-1269.029296875,0.0,0.0,Jump,pressed
1044.666,jump_executed,136.055557250977,-1269.029296875,0.0,-500.0,jump,x_136.055557250977_y_-1269.029296875
1044.717,move_left_pressed,136.055557250977,-1293.03747558594,-15.0,-437.833282470703,Move_Left,pressed
1044.983,jump_input_released,104.555557250977,-1369.259765625,-180.0,-114.722114562988,Jump,released
1045.083,jump_peak_reached,86.5555572509766,-1374.05139160156,-96.6666641235352,41.2037048339844,jump_peak,x_86.5555572509766_y_-1374.05139160156
1045.166,coin_collected,84.7222213745117,-1364.44494628906,0.0,189.351852416992,collect_coin,coin_coin23_score_26
1045.167,sonification,84.7222213745117,-1360.67175292969,0.0,226.388885498047,osc_received,"value_[1, ""coins-with-pitch""]"
1045.249,platform_landed,84.7222213745117,-1338.01306152344,0.0,0.0,land_on_platform,platform_scene-1/Tile Map/4_-74_layer_Tile Map_tile_4_-74_source_1_atlas_13_6
1045.249,landed,84.7222213745117,-1338.01306152344,0.0,0.0,land,surface_wood_impact_0.82314825439453
1045.258,musicking,84.7222213745117,-1338.01306152344,0.0,0.0,osc_received,"value_[1, ""water-tube""]"
1045.349,move_right_pressed,84.7222213745117,-1338.01306152344,33.3333320617676,0.0,Move_Right,pressed
1045.433,jump_input_pressed,93.0556106567383,-1338.05517578125,180.0,0.0,Jump,pressed
1045.433,jump_executed,93.0556106567383,-1338.05517578125,180.0,-500.0,jump,x_93.0556106567383_y_-1338.05517578125
1045.866,jump_peak_reached,171.064849853516,-1444.90942382812,180.0,39.8149261474609,jump_peak,x_171.064849853516_y_-1444.90942382812
1045.9,jump_input_released,177.064849853516,-1442.96496582031,180.0,113.889007568359,Jump,released
1046.167,platform_landed,228.078186035156,-1338.05407714844,180.0,0.0,land_on_platform,platform_scene-1/Tile Map/12_-74_layer_Tile Map_tile_12_-74_source_1_atlas_13_6
1046.167,landed,228.078186035156,-1338.05407714844,180.0,0.0,land,surface_wood_impact_1.41296337890625
1046.168,musicking,228.078186035156,-1338.05407714844,180.0,0.0,osc_received,"value_[1, ""water-tube""]"
1046.2,coin_collected,231.078186035156,-1338.05407714844,180.0,0.0,collect_coin,coin_coin22_score_28
1046.202,sonification,234.078186035156,-1338.05407714844,180.0,0.0,osc_received,"value_[1, ""coins-with-pitch""]"
1046.567,move_left_pressed,241.911544799805,-1338.06652832031,-33.3333320617676,0.0,Move_Left,pressed
1047.068,move_right_pressed,159.093719482422,-1290.24438476562,-81.6666641235352,481.481536865234,Move_Right,pressed
1047.184,platform_landed,162.982620239258,-1215.06726074219,90.0,0.0,land_on_platform,platform_scene-1/Tile Map/8_-67_layer_Tile Map_tile_8_-67_source_1_atlas_0_0
1047.184,landed,162.982620239258,-1215.06726074219,90.0,0.0,land,surface_wood_impact_1.48148168945313
1047.35,platform_landed,191.52880859375,-1197.06665039062,180.0,0.0,land_on_platform,platform_scene-1/Tile Map/10_-66_layer_Tile Map_tile_10_-66_source_1_atlas_3_0
1047.351,landed,191.52880859375,-1197.06665039062,180.0,0.0,land,surface_wood_impact_0.59259259033203
1047.701,jump_input_pressed,191.99755859375,-1197.00048828125,33.3333320617676,0.0,Jump,pressed
1047.701,jump_executed,191.99755859375,-1197.00048828125,33.3333320617676,-500.0,jump,x_191.99755859375_y_-1197.00048828125
1048.133,jump_peak_reached,247.425308227539,-1303.8291015625,180.0,39.8149261474609,jump_peak,x_247.425308227539_y_-1303.8291015625
1048.451,platform_landed,306.640777587891,-1179.08178710938,180.0,0.0,land_on_platform,platform_scene-1/Tile Map/17_-65_layer_Tile Map_tile_17_-65_source_1_atlas_1_0
1048.452,landed,306.640777587891,-1179.08178710938,180.0,0.0,land,surface_wood_impact_1.48703747558594
1048.467,jump_input_released,306.640777587891,-1179.08178710938,180.0,0.0,Jump,released
1048.618,jump_input_pressed,333.640777587891,-1179.06628417969,180.0,0.0,Jump,pressed
1048.618,jump_executed,333.640777587891,-1179.06628417969,180.0,-500.0,jump,x_333.640777587891_y_-1179.06628417969
1048.833,jump_input_released,372.643463134766,-1260.74499511719,180.0,-234.222106933594,Jump,released
1048.933,jump_peak_reached,377.476806640625,-1265.53662109375,0.0,41.2037048339844,jump_peak,x_377.476806640625_y_-1265.53662109375
1049.217,platform_landed,377.476806640625,-1161.00207519531,0.0,0.0,land_on_platform,platform_scene-1/Tile Map/20_-64_layer_Tile Map_tile_20_-64_source_1_atlas_15_7
1049.217,landed,377.476806640625,-1161.00207519531,0.0,0.0,land,surface_wood_impact_1.34166687011719
1049.217,musicking,377.476806640625,-1161.00207519531,0.0,0.0,osc_received,"value_[1, ""cloud""]"
1049.251,musicking,377.476806640625,-1161.00207519531,0.0,0.0,osc_received,"value_[1, ""platform_pan_nav""]"
1049.517,move_right_pressed,377.476806640625,-1161.00207519531,33.3333320617676,0.0,Move_Right,pressed
1049.542,jump_input_pressed,378.032348632812,-1161.00207519531,66.6666641235352,0.0,Jump,pressed
1049.542,jump_executed,378.032348632812,-1161.00207519531,66.6666641235352,-500.0,jump,x_378.032348632812_y_-1161.00207519531
1049.55,jump_peak_reached,379.15185546875,-1169.3994140625,81.6666641235352,-479.222198486328,jump_peak,x_379.15185546875_y_-1169.3994140625
1049.966,jump_input_released,447.929656982422,-1267.89379882812,180.0,39.8149261474609,Jump,released
1050.2,platform_landed,492.929656982422,-1197.06701660156,180.0,0.0,land_on_platform,platform_scene-1/Tile Map/27_-66_layer_Tile Map_tile_27_-66_source_1_atlas_3_0
1050.2,landed,492.929656982422,-1197.06701660156,180.0,0.0,land,surface_wood_impact_1.1166669921875
1050.251,jump_input_pressed,497.992156982422,-1197.00048828125,33.3333320617676,0.0,Jump,pressed
1050.251,jump_executed,497.992156982422,-1197.00048828125,33.3333320617676,-500.0,jump,x_497.992156982422_y_-1197.00048828125
1050.4,jump_input_released,504.925323486328,-1259.65319824219,120.0,-314.999908447266,Jump,released
1050.5,jump_peak_reached,520.425354003906,-1264.44482421875,180.0,41.2037048339844,jump_peak,x_520.425354003906_y_-1264.44482421875
1050.7,move_right_pressed,534.258666992188,-1215.46337890625,15.0,485.648223876953,Move_Right,pressed
1050.817,platform_landed,543.258666992188,-1143.06665039062,120.0,0.0,land_on_platform,platform_scene-1/Tile Map/30_-63_layer_Tile Map_tile_30_-63_source_1_atlas_1_0
1050.817,landed,543.258666992188,-1143.06665039062,120.0,0.0,land,surface_wood_impact_1.48981506347656
1051.517,move_right_pressed,550.647521972656,-1143.06665039062,33.3333320617676,0.0,Move_Right,pressed
1051.584,musicking,558.980834960938,-1143.06665039062,166.666656494141,0.0,osc_received,"value_[1, ""chain-jumps-combo-walk""]"
1052.418,platform_landed,624.175231933594,-603.056640625,0.0,0.0,land_on_platform,platform_scene-1/Tile Map/34_-33_layer_Tile Map_tile_34_-33_source_1_atlas_0_0
1052.418,landed,624.175231933594,-603.056640625,0.0,0.0,land,surface_wood_impact_3.11111010742187
1052.45,musicking,624.175231933594,-603.056640625,0.0,0.0,osc_received,"value_[1, ""far-fall""]"
1053.45,move_right_pressed,624.175231933594,-603.056640625,33.3333320617676,0.0,Move_Right,pressed
1053.476,jump_input_pressed,624.730773925781,-603.056640625,66.6666641235352,0.0,Jump,pressed
1053.476,jump_executed,624.730773925781,-603.056640625,66.6666641235352,-500.0,jump,x_624.730773925781_y_-603.056640625
1053.566,jump_input_released,635.149536132812,-647.916687011719,156.666656494141,-376.166595458984,Jump,released
1053.666,jump_peak_reached,652.621704101562,-652.708374023438,180.0,41.2037048339844,jump_peak,x_652.621704101562_y_-652.708374023438
1053.867,platform_landed,691.621704101562,-603.067321777344,180.0,0.0,land_on_platform,platform_scene-1/Tile Map/38_-33_layer_Tile Map_tile_38_-33_source_1_atlas_0_0
1053.867,landed,691.621704101562,-603.067321777344,180.0,0.0,land,surface_wood_impact_0.97129644775391
1054.284,jump_input_pressed,705.480895996094,-602.549743652344,0.0,0.0,Jump,pressed
1054.284,jump_executed,705.480895996094,-602.549743652344,0.0,-500.0,jump,x_705.480895996094_y_-602.549743652344
1054.3,move_right_pressed,705.480895996094,-610.942749023438,15.0,-479.222198486328,Move_Right,pressed
1054.484,jump_input_released,721.980895996094,-680.028869628906,180.0,-254.333206176758,Jump,released
1054.583,jump_peak_reached,739.980895996094,-684.820556640625,180.0,41.2037048339844,jump_peak,x_739.980895996094_y_-684.820556640625
1054.866,platform_landed,786.814208984375,-585.002807617188,0.0,0.0,land_on_platform,platform_scene-1/Tile Map/43_-32_layer_Tile Map_tile_43_-32_source_1_atlas_2_0
1054.867,landed,786.814208984375,-585.002807617188,0.0,0.0,land,surface_wood_impact_1.34166687011719
1054.909,jump_input_pressed,786.814208984375,-585.002807617188,0.0,0.0,Jump,pressed
1054.909,jump_executed,786.814208984375,-585.002807617188,0.0,-500.0,jump,x_786.814208984375_y_-585.002807617188
1054.91,musicking,786.814208984375,-593.400756835938,0.0,-500.055541992188,osc_received,"value_[1, ""platform_pan_nav""]"
1054.999,move_right_pressed,786.814208984375,-629.909973144531,15.0,-376.166595458984,Move_Right,pressed
1055.233,jump_input_released,812.314208984375,-687.186828613281,180.0,-94.9998931884766,Jump,released
1055.333,jump_peak_reached,823.147521972656,-691.478515625,0.0,46.2038116455078,jump_peak,x_823.147521972656_y_-691.478515625
1055.475,move_left_pressed,823.147521972656,-668.034057617188,-15.0,342.500122070312,Move_Left,pressed
1055.483,platform_landed,822.397521972656,-657.06689453125,-30.0,0.0,land_on_platform,platform_scene-1/Tile Map/45_-36_layer_Tile Map_tile_45_-36_source_1_atlas_0_0
1055.484,landed,822.397521972656,-657.06689453125,-30.0,0.0,land,surface_wood_impact_0.75907434082031
1055.518,jump_input_pressed,821.341979980469,-657.06689453125,-96.6666641235352,0.0,Jump,pressed
1055.519,jump_executed,821.341979980469,-657.06689453125,-96.6666641235352,-500.0,jump,x_821.341979980469_y_-657.06689453125
1055.933,jump_input_released,750.923950195312,-763.949523925781,-180.0,2.77788853645325,Jump,released
1055.949,jump_peak_reached,747.923950195312,-763.903198242188,-180.0,39.8149261474609,jump_peak,x_747.923950195312_y_-763.903198242188
1056.05,platform_landed,726.923950195312,-747.066345214844,-180.0,0.0,land_on_platform,platform_scene-1/Tile Map/40_-41_layer_Tile Map_tile_40_-41_source_1_atlas_1_0
1056.05,landed,726.923950195312,-747.066345214844,-180.0,0.0,land,surface_wood_impact_0.52407427978516
1056.199,move_right_pressed,725.090637207031,-747.066345214844,33.3333320617676,0.0,Move_Right,pressed
1056.199,jump_input_pressed,725.090637207031,-747.066345214844,33.3333320617676,0.0,Jump,pressed
1056.199,jump_executed,725.090637207031,-747.066345214844,33.3333320617676,-500.0,jump,x_725.090637207031_y_-747.066345214844
1056.45,jump_input_released,756.896606445312,-836.246032714844,180.0,-194.166549682617,Jump,released
1056.55,jump_peak_reached,767.729919433594,-841.037719726562,0.0,41.2037048339844,jump_peak,x_767.729919433594_y_-841.037719726562
1056.717,platform_landed,767.729919433594,-801.0068359375,0.0,0.0,land_on_platform,platform_scene-1/Tile Map/42_-44_layer_Tile Map_tile_42_-44_source_1_atlas_1_0
1056.717,landed,767.729919433594,-801.0068359375,0.0,0.0,land,surface_wood_impact_0.82314825439453
1056.984,jump_input_pressed,767.729919433594,-801.0068359375,0.0,0.0,Jump,pressed
1056.984,jump_executed,767.729919433594,-801.0068359375,0.0,-500.0,jump,x_767.729919433594_y_-801.0068359375
1057.033,move_left_pressed,767.729919433594,-825.034606933594,-15.0,-437.833282470703,Move_Left,pressed
1057.334,jump_input_released,730.229919433594,-904.790100097656,-180.0,-75.3332214355469,Jump,released
1057.417,jump_peak_reached,722.396606445312,-907.595581054688,0.0,45.0371475219727,jump_peak,x_722.396606445312_y_-907.595581054688
1057.517,platform_landed,722.396606445312,-891.013916015625,0.0,0.0,land_on_platform,platform_scene-1/Tile Map/40_-49_layer_Tile Map_tile_40_-49_source_1_atlas_3_0
1057.517,landed,722.396606445312,-891.013916015625,0.0,0.0,land,surface_wood_impact_0.53451873779297
1057.65,move_left_pressed,722.396606445312,-891.013916015625,-33.3333320617676,0.0,Move_Left,pressed
1057.65,jump_input_pressed,722.396606445312,-891.013916015625,-33.3333320617676,0.0,Jump,pressed
1057.65,jump_executed,722.396606445312,-891.013916015625,-33.3333320617676,-500.0,jump,x_722.396606445312_y_-891.013916015625
1057.9,jump_input_released,690.587585449219,-980.239074707031,-180.0,-194.166549682617,Jump,released
1058.0,jump_peak_reached,672.587585449219,-985.03076171875,-180.0,41.2037048339844,jump_peak,x_672.587585449219_y_-985.03076171875
1058.317,platform_landed,667.754272460938,-855.00634765625,0.0,0.0,land_on_platform,platform_scene-1/Tile Map/37_-47_layer_Tile Map_tile_37_-47_source_1_atlas_15_7
1058.317,landed,667.754272460938,-855.00634765625,0.0,0.0,land,surface_wood_impact_1.48981506347656
1058.325,musicking,667.754272460938,-855.00634765625,0.0,0.0,osc_received,"value_[1, ""cloud""]"
1058.35,musicking,667.754272460938,-855.00634765625,0.0,0.0,osc_received,"value_[1, ""platform_pan_nav""]"
1058.666,jump_input_pressed,667.754272460938,-855.00634765625,0.0,0.0,Jump,pressed
1058.666,jump_executed,667.754272460938,-855.00634765625,0.0,-500.0,jump,x_667.754272460938_y_-855.00634765625
1058.684,jump_peak_reached,667.754272460938,-863.404174804688,15.0,-479.222198486328,jump_peak,x_667.754272460938_y_-863.404174804688
1058.684,move_right_pressed,667.754272460938,-863.404174804688,15.0,-479.222198486328,Move_Right,pressed
1058.9,jump_input_released,690.254272460938,-940.657897949219,180.0,-214.166549682617,Jump,released
1059.2,platform_landed,716.087585449219,-891.029846191406,0.0,0.0,land_on_platform,platform_scene-1/Tile Map/39_-49_layer_Tile Map_tile_39_-49_source_1_atlas_1_0
1059.2,landed,716.087585449219,-891.029846191406,0.0,0.0,land,surface_wood_impact_0.97129644775391
1059.417,move_right_pressed,716.087585449219,-891.029846191406,33.3333320617676,0.0,Move_Right,pressed
1059.516,jump_input_pressed,727.4208984375,-891.070007324219,180.0,0.0,Jump,pressed
1059.516,jump_executed,727.4208984375,-891.070007324219,180.0,-500.0,jump,x_727.4208984375_y_-891.070007324219
1059.883,jump_input_released,793.422546386719,-996.07373046875,180.0,-55.722110748291,Jump,released
1059.95,jump_peak_reached,801.255859375,-997.705200195312,0.0,43.8149261474609,jump_peak,x_801.255859375_y_-997.705200195312
1060.101,platform_landed,801.255859375,-963.017822265625,0.0,0.0,land_on_platform,platform_scene-1/Tile Map/44_-53_layer_Tile Map_tile_44_-53_source_1_atlas_13_7
1060.101,landed,801.255859375,-963.017822265625,0.0,0.0,land,surface_wood_impact_0.75429656982422
1060.101,musicking,801.255859375,-963.017822265625,0.0,0.0,osc_received,"value_[1, ""cloud""]"
1060.233,move_right_pressed,801.255859375,-963.017822265625,33.3333320617676,0.0,Move_Right,pressed
1060.283,jump_input_pressed,804.589172363281,-963.017822265625,133.33332824707,0.0,Jump,pressed
1060.283,jump_executed,804.589172363281,-963.017822265625,133.33332824707,-500.0,jump,x_804.589172363281_y_-963.017822265625
1060.716,jump_peak_reached,875.925231933594,-1069.89367675781,15.0,39.8149261474609,jump_peak,x_875.925231933594_y_-1069.89367675781
1060.842,jump_input_released,876.175231933594,-1052.28564453125,0.0,299.074188232422,Jump,released
1060.867,move_left_pressed,876.175231933594,-1041.69921875,-15.0,373.148284912109,Move_Left,pressed
1061.083,platform_landed,850.675231933594,-909.067932128906,-180.0,0.0,land_on_platform,platform_scene-1/Tile Map/47_-50_layer_Tile Map_tile_47_-50_source_1_atlas_3_0
1061.083,landed,850.675231933594,-909.067932128906,-180.0,0.0,land,surface_wood_impact_1.709259765625
1061.468,move_left_pressed,845.841918945312,-909.067932128906,-33.3333320617676,0.0,Move_Left,pressed
1061.468,jump_input_pressed,845.841918945312,-909.067932128906,-33.3333320617676,0.0,Jump,pressed
1061.468,jump_executed,845.841918945312,-909.067932128906,-33.3333320617676,-500.0,jump,x_845.841918945312_y_-909.067932128906
1061.683,jump_input_released,820.036010742188,-990.746215820312,-180.0,-234.222106933594,Jump,released
1061.783,jump_peak_reached,812.202697753906,-995.537902832031,0.0,41.2037048339844,jump_peak,x_812.202697753906_y_-995.537902832031
1061.933,platform_landed,812.202697753906,-963.014221191406,0.0,0.0,land_on_platform,platform_scene-1/Tile Map/45_-53_layer_Tile Map_tile_45_-53_source_1_atlas_15_7
1061.934,landed,812.202697753906,-963.014221191406,0.0,0.0,land,surface_wood_impact_0.74907415771484
1061.935,musicking,812.202697753906,-963.014221191406,0.0,0.0,osc_received,"value_[1, ""cloud""]"
1062.033,move_right_pressed,812.202697753906,-963.014221191406,33.3333320617676,0.0,Move_Right,pressed
1062.149,jump_input_pressed,826.536010742188,-963.014221191406,180.0,0.0,Jump,pressed
1062.149,jump_executed,826.536010742188,-963.014221191406,180.0,-500.0,jump,x_826.536010742188_y_-963.014221191406
1062.467,jump_input_released,875.892272949219,-1062.40930175781,15.0,-114.722114562988,Jump,released
1062.566,jump_peak_reached,875.925231933594,-1067.20092773438,15.0,41.2037048339844,jump_peak,x_875.925231933594_y_-1067.20092773438
1062.683,move_left_pressed,876.675231933594,-1049.43090820312,-15.0,300.462982177734,Move_Left,pressed
1062.942,platform_landed,852.341918945312,-909.026550292969,0.0,0.0,land_on_platform,platform_scene-1/Tile Map/47_-50_layer_Tile Map_tile_47_-50_source_1_atlas_3_0
1062.942,landed,852.341918945312,-909.026550292969,0.0,0.0,land,surface_wood_impact_1.71203735351563
1063.333,move_left_pressed,852.341918945312,-909.026550292969,-33.3333320617676,0.0,Move_Left,pressed
1063.35,jump_input_pressed,851.786376953125,-909.026550292969,-66.6666641235352,0.0,Jump,pressed
1063.35,jump_executed,851.786376953125,-909.026550292969,-66.6666641235352,-500.0,jump,x_851.786376953125_y_-909.026550292969
1063.533,jump_input_released,826.892028808594,-981.903137207031,-180.0,-274.499877929688,Jump,released
1063.633,jump_peak_reached,813.058715820312,-986.69482421875,0.0,41.2037048339844,jump_peak,x_813.058715820312_y_-986.69482421875
1063.767,platform_landed,813.058715820312,-963.005187988281,0.0,0.0,land_on_platform,platform_scene-1/Tile Map/45_-53_layer_Tile Map_tile_45_-53_source_1_atlas_15_7
1063.767,landed,813.058715820312,-963.005187988281,0.0,0.0,land,surface_wood_impact_0.67500006103516
1063.768,musicking,813.058715820312,-963.005187988281,0.0,0.0,osc_received,"value_[1, ""cloud""]"
1063.91,move_left_pressed,813.058715820312,-963.005187988281,-33.3333320617676,0.0,Move_Left,pressed
1064.018,jump_input_pressed,798.725402832031,-963.066833496094,-180.0,0.0,Jump,pressed
1064.018,jump_executed,798.725402832031,-963.066833496094,-180.0,-500.0,jump,x_798.725402832031_y_-963.066833496094
1064.142,jump_input_released,777.722839355469,-1014.19329833984,-180.0,-355.722137451172,Jump,released
1064.233,jump_peak_reached,759.722839355469,-1018.98498535156,-180.0,41.2037048339844,jump_peak,x_759.722839355469_y_-1018.98498535156
1064.55,platform_landed,733.889526367188,-891.070190429688,0.0,0.0,land_on_platform,platform_scene-1/Tile Map/40_-49_layer_Tile Map_tile_40_-49_source_1_atlas_3_0
1064.55,landed,733.889526367188,-891.070190429688,0.0,0.0,land,surface_wood_impact_1.48981506347656
1064.833,move_left_pressed,733.889526367188,-891.070190429688,-33.3333320617676,0.0,Move_Left,pressed
1064.983,jump_input_pressed,713.556213378906,-891.070190429688,-180.0,0.0,Jump,pressed
1064.983,jump_executed,713.556213378906,-891.070190429688,-180.0,-500.0,jump,x_713.556213378906_y_-891.070190429688
1065.0,jump_peak_reached,710.554626464844,-899.408935546875,-180.0,-479.222198486328,jump_peak,x_710.554626464844_y_-899.408935546875
1065.066,jump_input_released,698.554626464844,-929.301513671875,-180.0,-396.666595458984,Jump,released
1065.417,platform_landed,654.721313476562,-855.014587402344,0.0,0.0,land_on_platform,platform_scene-1/Tile Map/36_-47_layer_Tile Map_tile_36_-47_source_1_atlas_13_7
1065.417,landed,654.721313476562,-855.014587402344,0.0,0.0,land,surface_wood_impact_1.19351867675781
1065.418,musicking,654.721313476562,-855.014587402344,0.0,0.0,osc_received,"value_[1, ""cloud""]"
1065.443,musicking,654.721313476562,-855.014587402344,0.0,0.0,osc_received,"value_[1, ""platform_pan_nav""]"
1065.884,move_right_pressed,654.721313476562,-855.014587402344,33.3333320617676,0.0,Move_Right,pressed
1065.916,jump_input_pressed,656.387939453125,-855.014587402344,100.0,0.0,Jump,pressed
1065.916,jump_executed,656.387939453125,-855.014587402344,100.0,-500.0,jump,x_656.387939453125_y_-855.014587402344
1066.134,jump_input_released,691.148315429688,-936.7373046875,180.0,-234.222106933594,Jump,released
1066.233,jump_peak_reached,709.148315429688,-941.528991699219,180.0,41.2037048339844,jump_peak,x_709.148315429688_y_-941.528991699219
1066.433,platform_landed,722.981628417969,-891.045654296875,0.0,0.0,land_on_platform,platform_scene-1/Tile Map/40_-49_layer_Tile Map_tile_40_-49_source_1_atlas_3_0
1066.433,landed,722.981628417969,-891.045654296875,0.0,0.0,land,surface_wood_impact_0.97129644775391
1066.466,jump_input_pressed,722.981628417969,-891.045654296875,0.0,0.0,Jump,pressed
1066.466,jump_executed,722.981628417969,-891.045654296875,0.0,-500.0,jump,x_722.981628417969_y_-891.045654296875
1066.483,move_right_pressed,722.981628417969,-899.406372070312,15.0,-479.222198486328,Move_Right,pressed
1066.9,jump_peak_reached,781.481628417969,-997.900756835938,180.0,39.8149261474609,jump_peak,x_781.481628417969_y_-997.900756835938
1066.95,jump_input_released,790.481628417969,-994.058166503906,180.0,150.926040649414,Jump,released
1067.067,platform_landed,801.31494140625,-963.019836425781,0.0,0.0,land_on_platform,platform_scene-1/Tile Map/44_-53_layer_Tile Map_tile_44_-53_source_1_atlas_13_7
1067.067,landed,801.31494140625,-963.019836425781,0.0,0.0,land,surface_wood_impact_0.82037066650391
1067.075,musicking,801.31494140625,-963.019836425781,0.0,0.0,osc_received,"value_[1, ""cloud""]"
1067.6,move_right_pressed,801.31494140625,-963.019836425781,33.3333320617676,0.0,Move_Right,pressed
1067.667,musicking,809.648254394531,-963.019836425781,166.666656494141,0.0,osc_received,"value_[1, ""chain-jumps-combo-walk""]"
1067.767,jump_input_pressed,824.648254394531,-963.019836425781,180.0,0.0,Jump,pressed
1067.768,jump_executed,824.648254394531,-963.019836425781,180.0,-500.0,jump,x_824.648254394531_y_-963.019836425781
1068.018,jump_input_released,869.663818359375,-1052.234375,180.0,-194.166549682617,Jump,released
1068.083,jump_peak_reached,880.491638183594,-1055.13549804688,118.579193115234,109.210990905762,jump_peak,x_880.491638183594_y_-1055.13549804688
1068.484,move_left_pressed,919.286315917969,-841.08056640625,-15.0,998.10009765625,Move_Left,pressed
1068.768,platform_landed,881.82080078125,-474.069183349609,-180.0,0.0,land_on_platform,platform_scene-1/Tile Map/49_-26_layer_Tile Map_tile_49_-26_source_1_atlas_13_6
1068.768,landed,881.82080078125,-474.069183349609,-180.0,0.0,land,surface_wood_impact_3.25545776367187
1068.769,musicking,881.82080078125,-474.069183349609,-180.0,0.0,osc_received,"value_[1, ""water-tube""]"
1068.8,musicking,875.820861816406,-474.0537109375,-180.0,0.0,osc_received,"value_[1, ""far-fall""]"
1069.383,move_left_pressed,867.987548828125,-474.0537109375,-33.3333320617676,0.0,Move_Left,pressed
1070.0,move_left_pressed,836.820251464844,-474.0537109375,-33.3333320617676,0.0,Move_Left,pressed
1070.101,jump_input_pressed,825.4873046875,-474.094085693359,-180.0,0.0,Jump,pressed
1070.101,jump_executed,825.4873046875,-474.094085693359,-180.0,-500.0,jump,x_825.4873046875_y_-474.094085693359
1070.317,jump_peak_reached,786.484191894531,-550.315002441406,-180.0,74.0740737915039,jump_peak,x_786.484191894531_y_-550.315002441406
1070.4,jump_input_released,771.484191894531,-537.969360351562,-180.0,259.259246826172,Jump,released
1071.017,platform_landed,733.963684082031,44.9009857177734,0.0,0.0,land_on_platform,platform_scene-1/Tile Map/40_3_layer_Tile Map_tile_40_3_source_1_atlas_13_0
1071.017,landed,733.963684082031,44.9009857177734,0.0,0.0,land,surface_wood_impact_3.25925805664063
1071.051,musicking,733.963684082031,44.9986419677734,0.0,0.0,osc_received,"value_[1, ""far-fall""]"
1071.749,move_left_pressed,733.963684082031,44.9986419677734,-33.3333320617676,0.0,Move_Left,pressed
1071.758,sonification,733.408142089844,44.9986419677734,-33.3333320617676,0.0,osc_received,"value_[1, ""mushrooms""]"
1071.8,jump_input_pressed,730.63037109375,44.9986419677734,-133.33332824707,0.0,Jump,pressed
1071.8,jump_executed,730.63037109375,44.9986419677734,-133.33332824707,-500.0,jump,x_730.63037109375_y_44.9986419677734
1071.8,sonification,728.391967773438,36.6037216186523,-133.33332824707,-500.055541992188,osc_received,"value_[1, ""mushrooms""]"
1071.816,jump_peak_reached,728.391967773438,36.6037216186523,-148.33332824707,-479.222198486328,jump_peak,x_728.391967773438_y_36.6037216186523
1072.084,jump_input_released,681.225280761719,-50.4036598205566,-180.0,-154.333221435547,Jump,released
1072.299,jump_input_pressed,642.225280761719,-37.4252662658691,-180.0,300.462982177734,Jump,pressed
1072.467,platform_landed,607.547180175781,46.3158569335938,-180.0,0.0,land_on_platform,platform_scene-1/Tile Map/34_3_layer_Tile Map_tile_34_3_source_1_atlas_14_0
1072.467,landed,607.547180175781,46.3158569335938,-180.0,0.0,land,surface_wood_impact_1.34166687011719
1072.501,jump_input_released,604.547180175781,46.3158569335938,-180.0,37.037036895752,Jump,released
1072.816,platform_landed,593.7138671875,170.978317260742,0.0,0.0,land_on_platform,platform_scene-1/Tile Map/32_10_layer_Tile Map_tile_32_10_source_1_atlas_2_0
1072.816,landed,593.7138671875,170.978317260742,0.0,0.0,land,surface_wood_impact_1.48148168945313
1072.85,musicking,593.7138671875,170.978317260742,0.0,0.0,osc_received,"value_[1, ""platform_pan_nav""]"
1073.292,move_left_pressed,593.7138671875,170.978317260742,-33.3333320617676,0.0,Move_Left,pressed
1073.358,jump_input_pressed,588.158325195312,170.978317260742,-166.666656494141,0.0,Jump,pressed
1073.359,jump_executed,588.158325195312,170.978317260742,-166.666656494141,-500.0,jump,x_588.158325195312_y_170.978317260742
1073.566,jump_peak_reached,565.50634765625,110.755813598633,-19.5640506744385,43.7561187744141,jump_peak,x_565.50634765625_y_110.755813598633
1073.667,jump_input_released,559.800109863281,124.390510559082,-109.56404876709,265.978332519531,Jump,released
1073.783,platform_landed,557.536865234375,171.154098510742,0.0,0.0,land_on_platform,platform_scene-1/Tile Map/31_10_layer_Tile Map_tile_31_10_source_1_atlas_1_0
1073.783,landed,557.536865234375,171.154098510742,0.0,0.0,land,surface_wood_impact_1.05047534179688
1074.2,move_right_pressed,557.536865234375,171.154098510742,33.3333320617676,0.0,Move_Right,pressed
1074.284,jump_input_pressed,565.850708007812,170.93830871582,180.0,0.0,Jump,pressed
1074.284,jump_executed,565.850708007812,170.93830871582,180.0,-500.0,jump,x_565.850708007812_y_170.93830871582
1074.518,move_left_pressed,585.68798828125,85.33935546875,-15.0,-214.166549682617,Move_Left,pressed
1074.718,jump_peak_reached,566.18798828125,64.0986328125,-180.0,39.8149261474609,jump_peak,x_566.18798828125_y_64.0986328125
1074.734,jump_input_released,563.18798828125,64.7622146606445,-180.0,76.8519668579102,Jump,released
1074.817,platform_landed,549.354675292969,80.9336776733398,-13.3333311080933,0.0,land_on_platform,platform_scene-1/Tile Map/30_5_layer_Tile Map_tile_30_5_source_1_atlas_3_0
1074.817,landed,549.354675292969,80.9336776733398,-13.3333311080933,0.0,land,surface_wood_impact_0.52407427978516
1074.933,move_right_pressed,549.354675292969,80.9336776733398,33.3333320617676,0.0,Move_Right,pressed
1074.967,jump_input_pressed,551.021301269531,80.9336776733398,100.0,0.0,Jump,pressed
1074.967,jump_executed,551.021301269531,80.9336776733398,100.0,-500.0,jump,x_551.021301269531_y_80.9336776733398
1075.25,jump_input_released,597.773010253906,-14.4160652160645,180.0,-154.333221435547,Jump,released
1075.35,jump_peak_reached,615.773010253906,-19.2077312469482,180.0,41.2037048339844,jump_peak,x_615.773010253906_y_-19.2077312469482
1075.566,platform_landed,623.606323242188,44.9629402160645,0.0,0.0,land_on_platform,platform_scene-1/Tile Map/34_3_layer_Tile Map_tile_34_3_source_1_atlas_14_0
1075.567,landed,623.606323242188,44.9629402160645,0.0,0.0,land,surface_wood_impact_1.04537048339844
1075.6,jump_input_pressed,623.606323242188,44.9629402160645,0.0,0.0,Jump,pressed
1075.6,jump_executed,623.606323242188,44.9629402160645,0.0,-500.0,jump,x_623.606323242188_y_44.9629402160645
1075.716,move_right_pressed,623.606323242188,-6.19039344787598,15.0,-355.722137451172,Move_Right,pressed
1075.917,jump_input_released,643.106323242188,-55.2607421875,180.0,-114.722114562988,Jump,released
1076.017,jump_peak_reached,661.106323242188,-60.0524101257324,96.6666641235352,41.2037048339844,jump_peak,x_661.106323242188_y_-60.0524101257324
1076.167,platform_landed,662.939636230469,-27.0166854858398,0.0,0.0,land_on_platform,platform_scene-1/Tile Map/36_-1_layer_Tile Map_tile_36_-1_source_1_atlas_13_7
1076.167,landed,662.939636230469,-27.0166854858398,0.0,0.0,land,surface_wood_impact_0.74907415771484
1076.169,musicking,662.939636230469,-27.0166854858398,0.0,0.0,osc_received,"value_[1, ""cloud""]"
1076.208,move_left_pressed,662.939636230469,-27.0166854858398,-33.3333320617676,0.0,Move_Left,pressed
1076.208,jump_input_pressed,662.939636230469,-27.0166854858398,-33.3333320617676,0.0,Jump,pressed
1076.208,jump_executed,662.939636230469,-27.0166854858398,-33.3333320617676,-500.0,jump,x_662.939636230469_y_-27.0166854858398
1076.484,jump_input_released,625.130798339844,-122.409729003906,-180.0,-154.333221435547,Jump,released
1076.583,jump_peak_reached,607.130798339844,-127.201393127441,-180.0,41.2037048339844,jump_peak,x_607.130798339844_y_-127.201393127441
1076.8,platform_landed,575.297485351562,-63.0307197570801,0.0,0.0,land_on_platform,platform_scene-1/Tile Map/31_-3_layer_Tile Map_tile_31_-3_source_1_atlas_2_0
1076.8,landed,575.297485351562,-63.0307197570801,0.0,0.0,land,surface_wood_impact_1.04537048339844
1076.867,jump_input_pressed,575.297485351562,-63.0307197570801,0.0,0.0,Jump,pressed
1076.867,jump_executed,575.297485351562,-63.0307197570801,0.0,-500.0,jump,x_575.297485351562_y_-63.0307197570801
1076.95,move_left_pressed,575.297485351562,-101.296989440918,-15.0,-396.666595458984,Move_Left,pressed
1077.133,jump_input_released,558.797485351562,-155.492370605469,-180.0,-174.222106933594,Jump,released
1077.234,jump_peak_reached,540.797485351562,-160.284042358398,-96.6666641235352,41.2037048339844,jump_peak,x_540.797485351562_y_-160.284042358398
1077.375,platform_landed,538.964172363281,-135.001388549805,0.0,0.0,land_on_platform,platform_scene-1/Tile Map/29_-7_layer_Tile Map_tile_29_-7_source_1_atlas_0_0
1077.376,landed,538.964172363281,-135.001388549805,0.0,0.0,land,surface_wood_impact_0.67500006103516
1077.418,move_right_pressed,538.964172363281,-135.001388549805,33.3333320617676,0.0,Move_Right,pressed
1077.418,jump_input_pressed,538.964172363281,-135.001388549805,33.3333320617676,0.0,Jump,pressed
1077.418,jump_executed,538.964172363281,-135.001388549805,33.3333320617676,-500.0,jump,x_538.964172363281_y_-135.001388549805
1077.716,jump_peak_reached,579.774108886719,-229.37092590332,180.0,74.0740737915039,jump_peak,x_579.774108886719_y_-229.37092590332
1077.716,jump_input_released,579.774108886719,-229.37092590332,180.0,74.0740737915039,Jump,released
1077.917,platform_landed,618.774108886719,-171.066452026367,180.0,0.0,land_on_platform,platform_scene-1/Tile Map/34_-9_layer_Tile Map_tile_34_-9_source_1_atlas_2_0
1077.917,landed,618.774108886719,-171.066452026367,180.0,0.0,land,surface_wood_impact_1.037037109375
1078.001,musicking,633.774108886719,-171.074752807617,180.0,0.0,osc_received,"value_[1, ""chain-jumps-combo-walk""]"
1078.284,move_right_pressed,638.607421875,-171.074752807617,33.3333320617676,0.0,Move_Right,pressed
1078.358,musicking,646.940734863281,-171.074752807617,166.666656494141,0.0,osc_received,"value_[1, ""chain-jumps-combo-walk""]"
1078.418,jump_input_pressed,655.940734863281,-171.074752807617,180.0,0.0,Jump,pressed
1078.418,jump_executed,655.940734863281,-171.074752807617,180.0,-500.0,jump,x_655.940734863281_y_-171.074752807617
1078.533,jump_input_released,676.941101074219,-222.195159912109,180.0,-355.722137451172,Jump,released
1078.633,jump_peak_reached,694.941101074219,-226.986831665039,180.0,41.2037048339844,jump_peak,x_694.941101074219_y_-226.986831665039
1078.75,move_left_pressed,715.941101074219,-209.216781616211,81.6666641235352,300.462982177734,Move_Left,pressed
1079.033,platform_landed,686.221496582031,-26.9604606628418,-180.0,0.0,land_on_platform,platform_scene-1/Tile Map/37_-1_layer_Tile Map_tile_37_-1_source_1_atlas_15_7
1079.034,landed,686.221496582031,-26.9604606628418,-180.0,0.0,land,surface_wood_impact_1.860185546875
1079.034,musicking,686.221496582031,-26.9604606628418,-180.0,0.0,osc_received,"value_[1, ""cloud""]"
1079.95,move_left_pressed,663.395080566406,-27.0330028533936,-33.3333320617676,0.0,Move_Left,pressed
1080.018,jump_input_pressed,657.839538574219,-27.0330028533936,-166.666656494141,0.0,Jump,pressed
1080.018,jump_executed,657.839538574219,-27.0330028533936,-166.666656494141,-500.0,jump,x_657.839538574219_y_-27.0330028533936
1080.033,jump_peak_reached,655.050537109375,-35.4009437561035,-180.0,-479.222198486328,jump_peak,x_655.050537109375_y_-35.4009437561035
1080.25,jump_input_released,616.050537109375,-112.654632568359,-180.0,-214.166549682617,Jump,released
1080.55,platform_landed,566.217224121094,-63.0265579223633,0.0,0.0,land_on_platform,platform_scene-1/Tile Map/31_-3_layer_Tile Map_tile_31_-3_source_1_atlas_2_0
1080.55,landed,566.217224121094,-63.0265579223633,0.0,0.0,land,surface_wood_impact_0.97129644775391
1080.617,jump_input_pressed,566.217224121094,-63.0265579223633,0.0,0.0,Jump,pressed
1080.617,jump_executed,566.217224121094,-63.0265579223633,0.0,-500.0,jump,x_566.217224121094_y_-63.0265579223633
1080.65,move_left_pressed,566.217224121094,-79.3927459716797,-15.0,-458.499969482422,Move_Left,pressed
1080.85,jump_input_released,546.717224121094,-148.657562255859,-180.0,-214.166549682617,Jump,released
1080.95,jump_peak_reached,528.717224121094,-153.449234008789,-180.0,41.2037048339844,jump_peak,x_528.717224121094_y_-153.449234008789
1081.067,platform_landed,523.883911132812,-135.014099121094,0.0,0.0,land_on_platform,platform_scene-1/Tile Map/29_-7_layer_Tile Map_tile_29_-7_source_1_atlas_0_0
1081.067,landed,523.883911132812,-135.014099121094,0.0,0.0,land,surface_wood_impact_0.60092596435547
1081.084,move_right_pressed,523.883911132812,-135.014099121094,33.3333320617676,0.0,Move_Right,pressed
1081.134,jump_input_pressed,527.217224121094,-135.014099121094,133.33332824707,0.0,Jump,pressed
1081.134,jump_executed,527.217224121094,-135.014099121094,133.33332824707,-500.0,jump,x_527.217224121094_y_-135.014099121094
1081.367,jump_input_released,567.619567871094,-220.652359008789,180.0,-214.166549682617,Jump,released
1081.466,jump_peak_reached,585.619567871094,-225.444030761719,180.0,41.2037048339844,jump_peak,x_585.619567871094_y_-225.444030761719
1081.667,platform_landed,623.230651855469,-171.06672668457,96.6666641235352,0.0,land_on_platform,platform_scene-1/Tile Map/34_-9_layer_Tile Map_tile_34_-9_source_1_atlas_2_0
1081.667,landed,623.230651855469,-171.06672668457,96.6666641235352,0.0,land,surface_wood_impact_0.97129644775391
1081.718,move_left_pressed,623.452880859375,-171.06672668457,-33.3333320617676,0.0,Move_Left,pressed
1081.733,jump_input_pressed,622.897338867188,-171.06672668457,-66.6666641235352,0.0,Jump,pressed
1081.733,jump_executed,622.897338867188,-171.06672668457,-66.6666641235352,-500.0,jump,x_622.897338867188_y_-171.06672668457
1082.05,jump_input_released,593.606567382812,-271.265502929688,-106.547515869141,-114.722114562988,Jump,released
1082.15,jump_peak_reached,586.642211914062,-276.057159423828,0.0,41.2037048339844,jump_peak,x_586.642211914062_y_-276.057159423828
1082.267,platform_landed,586.642211914062,-257.974090576172,0.0,0.0,land_on_platform,platform_scene-1/Tile Map/32_-14_layer_Tile Map_tile_32_-14_source_1_atlas_19_3
1082.267,landed,586.642211914062,-257.974090576172,0.0,0.0,land,surface_wood_impact_0.60092596435547
1082.268,musicking,586.642211914062,-257.974090576172,0.0,0.0,osc_received,"value_[1, ""leaves""]"
1082.583,jump_input_pressed,586.642211914062,-257.974090576172,0.0,0.0,Jump,pressed
1082.583,jump_executed,586.642211914062,-257.974090576172,0.0,-500.0,jump,x_586.642211914062_y_-257.974090576172
1082.616,move_right_pressed,586.642211914062,-274.358520507812,15.0,-458.499969482422,Move_Right,pressed
1083.017,jump_peak_reached,642.142211914062,-364.864044189453,180.0,39.8149261474609,jump_peak,x_642.142211914062_y_-364.864044189453
1083.034,jump_input_released,645.142211914062,-364.200469970703,180.0,76.8519668579102,Jump,released
1083.118,platform_landed,663.143981933594,-348.05517578125,180.0,0.0,land_on_platform,platform_scene-1/Tile Map/36_-19_layer_Tile Map_tile_36_-19_source_1_atlas_17_3
1083.118,landed,663.143981933594,-348.05517578125,180.0,0.0,land,surface_wood_impact_0.52407427978516
1083.119,musicking,663.143981933594,-348.05517578125,180.0,0.0,osc_received,"value_[1, ""leaves""]"
1083.143,musicking,664.755065917969,-348.05517578125,96.6666641235352,0.0,osc_received,"value_[1, ""platform_pan_nav""]"
1083.261,jump_input_pressed,664.977294921875,-348.05517578125,0.0,0.0,Jump,pressed
1083.261,jump_executed,664.977294921875,-348.05517578125,0.0,-500.0,jump,x_664.977294921875_y_-348.05517578125
1083.309,move_left_pressed,664.977294921875,-372.02734375,-15.0,-437.833282470703,Move_Left,pressed
1083.583,jump_input_released,630.477294921875,-450.180084228516,-180.0,-94.9998931884766,Jump,released
1083.683,jump_peak_reached,619.643981933594,-454.471740722656,0.0,46.2038116455078,jump_peak,x_619.643981933594_y_-454.471740722656
1083.842,platform_landed,619.643981933594,-420.018768310547,0.0,0.0,land_on_platform,platform_scene-1/Tile Map/34_-23_layer_Tile Map_tile_34_-23_source_1_atlas_17_3
1083.842,landed,619.643981933594,-420.018768310547,0.0,0.0,land,surface_wood_impact_0.75907434082031
1083.843,musicking,619.643981933594,-420.018768310547,0.0,0.0,osc_received,"value_[1, ""leaves""]"
1083.934,move_right_pressed,619.643981933594,-420.018768310547,33.3333320617676,0.0,Move_Right,pressed
1083.983,jump_input_pressed,622.977355957031,-420.071990966797,133.33332824707,0.0,Jump,pressed
1083.983,jump_executed,622.977355957031,-420.071990966797,133.33332824707,-500.0,jump,x_622.977355957031_y_-420.071990966797
1084.35,jump_input_released,687.366638183594,-525.072509765625,180.0,-55.722110748291,Jump,released
1084.417,jump_peak_reached,699.366638183594,-526.703979492188,180.0,43.8149261474609,jump_peak,x_699.366638183594_y_-526.703979492188
1084.567,platform_landed,710.199951171875,-495.012145996094,0.0,0.0,land_on_platform,platform_scene-1/Tile Map/39_-27_layer_Tile Map_tile_39_-27_source_1_atlas_2_0
1084.567,landed,710.199951171875,-495.012145996094,0.0,0.0,land,surface_wood_impact_0.75429656982422
1084.683,move_right_pressed,710.199951171875,-495.012145996094,33.3333320617676,0.0,Move_Right,pressed
1084.718,jump_input_pressed,711.866577148438,-495.012145996094,100.0,0.0,Jump,pressed
1084.718,jump_executed,711.866577148438,-495.012145996094,100.0,-500.0,jump,x_711.866577148438_y_-495.012145996094
1084.984,musicking,758.627380371094,-590.4072265625,180.0,-175.166549682617,osc_received,"value_[1, ""platform_pan_nav""]"
1085.05,jump_input_released,767.627380371094,-597.185913085938,180.0,-94.9998931884766,Jump,released
1085.15,jump_peak_reached,775.460693359375,-601.477600097656,0.0,46.2038116455078,jump_peak,x_775.460693359375_y_-601.477600097656
1085.242,move_left_pressed,775.460693359375,-591.454467773438,-15.0,231.38899230957,Move_Left,pressed
1085.251,platform_landed,774.718933105469,-585.07470703125,-30.0,0.0,land_on_platform,platform_scene-1/Tile Map/42_-32_layer_Tile Map_tile_42_-32_source_1_atlas_1_0
1085.251,landed,774.718933105469,-585.07470703125,-30.0,0.0,land,surface_wood_impact_0.53685205078125
1085.268,jump_input_pressed,774.718933105469,-585.07470703125,-63.3333320617676,0.0,Jump,pressed
1085.268,jump_executed,774.718933105469,-585.07470703125,-63.3333320617676,-500.0,jump,x_774.718933105469_y_-585.07470703125
1085.55,jump_input_released,732.2744140625,-680.41748046875,-180.0,-154.333221435547,Jump,released
1085.65,jump_peak_reached,714.2744140625,-685.209167480469,-180.0,41.2037048339844,jump_peak,x_714.2744140625_y_-685.209167480469
1085.901,platform_landed,700.441101074219,-603.022399902344,0.0,0.0,land_on_platform,platform_scene-1/Tile Map/38_-33_layer_Tile Map_tile_38_-33_source_1_atlas_0_0
1085.901,landed,700.441101074219,-603.022399902344,0.0,0.0,land,surface_wood_impact_1.19351867675781
1086.218,move_left_pressed,700.441101074219,-603.022399902344,-33.3333320617676,0.0,Move_Left,pressed
1086.284,jump_input_pressed,694.885559082031,-603.022399902344,-166.666656494141,0.0,Jump,pressed
1086.284,jump_executed,694.885559082031,-603.022399902344,-166.666656494141,-500.0,jump,x_694.885559082031_y_-603.022399902344
1086.409,jump_input_released,674.09375,-654.183837890625,-180.0,-355.722137451172,Jump,released
1086.5,jump_peak_reached,656.09375,-658.975524902344,-180.0,41.2037048339844,jump_peak,x_656.09375_y_-658.975524902344
1086.734,move_left_pressed,639.9921875,-596.446166992188,-15.0,559.722290039062,Move_Left,pressed
1086.75,platform_landed,639.2421875,-585.06689453125,-30.0,0.0,land_on_platform,platform_scene-1/Tile Map/35_-32_layer_Tile Map_tile_35_-32_source_1_atlas_1_0
1086.75,landed,639.2421875,-585.06689453125,-30.0,0.0,land,surface_wood_impact_1.19351867675781
1087.083,jump_input_pressed,638.074768066406,-585.066284179688,0.0,0.0,Jump,pressed
1087.084,jump_executed,638.074768066406,-585.066284179688,0.0,-500.0,jump,x_638.074768066406_y_-585.066284179688
1087.1,move_left_pressed,638.075988769531,-593.400573730469,-15.0,-479.222198486328,Move_Left,pressed
1087.15,jump_input_released,637.324768066406,-616.334838867188,-45.0,-417.22216796875,Jump,released
1087.251,jump_peak_reached,632.713684082031,-621.126525878906,0.0,41.2037048339844,jump_peak,x_632.713684082031_y_-621.126525878906
1087.367,platform_landed,632.713684082031,-602.808715820312,0.0,0.0,land_on_platform,platform_scene-1/Tile Map/34_-33_layer_Tile Map_tile_34_-33_source_1_atlas_0_0
1087.367,landed,632.713684082031,-602.808715820312,0.0,0.0,land,surface_wood_impact_0.60092596435547
1087.466,move_left_pressed,632.713684082031,-602.808715820312,-33.3333320617676,0.0,Move_Left,pressed
1087.484,jump_input_pressed,632.179565429688,-602.911682128906,-66.6666641235352,0.0,Jump,pressed
1087.484,jump_executed,632.179565429688,-602.911682128906,-66.6666641235352,-500.0,jump,x_632.179565429688_y_-602.911682128906
1087.618,jump_input_released,616.283813476562,-660.020202636719,-180.0,-335.333251953125,Jump,released
1087.717,jump_peak_reached,598.283813476562,-664.811889648438,-180.0,41.2037048339844,jump_peak,x_598.283813476562_y_-664.811889648438
1087.967,platform_landed,550.283813476562,-585.066589355469,-180.0,0.0,land_on_platform,platform_scene-1/Tile Map/30_-32_layer_Tile Map_tile_30_-32_source_1_atlas_2_0
1087.967,landed,550.283813476562,-585.066589355469,-180.0,0.0,land,surface_wood_impact_1.19351867675781
1088.001,musicking,544.283813476562,-585.066589355469,-180.0,0.0,osc_received,"value_[1, ""platform_pan_nav""]"
1088.05,jump_input_pressed,538.283813476562,-585.074768066406,-180.0,0.0,Jump,pressed
1088.05,jump_executed,538.283813476562,-585.074768066406,-180.0,-500.0,jump,x_538.283813476562_y_-585.074768066406
1088.283,jump_input_released,496.283447265625,-670.663696289062,-180.0,-214.166549682617,Jump,released
1088.383,jump_peak_reached,478.283447265625,-675.455383300781,-180.0,41.2037048339844,jump_peak,x_478.283447265625_y_-675.455383300781
1088.684,platform_landed,421.704772949219,-565.12548828125,-180.0,0.0,land_on_platform,platform_scene-1/Tile Map/23_-31_layer_Tile Map_tile_23_-31_source_1_atlas_14_6
1088.684,landed,421.704772949219,-565.12548828125,-180.0,0.0,land,surface_wood_impact_1.41574096679688
1088.685,musicking,421.704772949219,-565.12548828125,-180.0,0.0,osc_received,"value_[1, ""water-tube""]"
1088.75,jump_input_pressed,412.691772460938,-564.85986328125,-180.0,37.037036895752,Jump,pressed
1088.75,jump_executed,412.691772460938,-564.85986328125,-180.0,-500.0,jump,x_412.691772460938_y_-564.85986328125
1088.941,jump_input_released,379.691772460938,-637.694152832031,-180.0,-274.499877929688,Jump,released
1089.033,jump_peak_reached,361.691772460938,-642.48583984375,-180.0,41.2037048339844,jump_peak,x_361.691772460938_y_-642.48583984375
1089.251,platform_landed,319.699310302734,-582.0517578125,-180.0,0.0,land_on_platform,platform_scene-1/Tile Map/17_-32_layer_Tile Map_tile_17_-32_source_1_atlas_13_6
1089.251,landed,319.699310302734,-582.0517578125,-180.0,0.0,land,surface_wood_impact_1.04537048339844
1089.251,musicking,319.699310302734,-582.0517578125,-180.0,0.0,osc_received,"value_[1, ""water-tube""]"
1089.333,jump_input_pressed,307.699310302734,-582.0517578125,-180.0,0.0,Jump,pressed
1089.333,jump_executed,307.699310302734,-582.0517578125,-180.0,-500.0,jump,x_307.699310302734_y_-582.0517578125
1089.566,jump_input_released,265.692596435547,-667.658386230469,-180.0,-214.166549682617,Jump,released
1089.667,jump_peak_reached,247.692596435547,-672.450073242188,-180.0,41.2037048339844,jump_peak,x_247.692596435547_y_-672.450073242188
1089.934,platform_landed,196.695495605469,-582.049865722656,-180.0,0.0,land_on_platform,platform_scene-1/Tile Map/10_-32_layer_Tile Map_tile_10_-32_source_1_atlas_13_6
1089.934,landed,196.695495605469,-582.049865722656,-180.0,0.0,land,surface_wood_impact_1.2675927734375
1089.935,musicking,196.695495605469,-582.049865722656,-180.0,0.0,osc_received,"value_[1, ""water-tube""]"
1089.95,musicking,193.695495605469,-582.049865722656,-180.0,0.0,osc_received,"value_[1, ""platform_pan_nav""]"
1090.017,jump_input_pressed,184.695510864258,-582.066101074219,-180.0,0.0,Jump,pressed
1090.017,jump_executed,184.695510864258,-582.066101074219,-180.0,-500.0,jump,x_184.695510864258_y_-582.066101074219
1090.217,jump_input_released,148.693801879883,-659.4912109375,-180.0,-254.333206176758,Jump,released
1090.317,jump_peak_reached,130.693801879883,-664.282897949219,-180.0,41.2037048339844,jump_peak,x_130.693801879883_y_-664.282897949219
1090.567,platform_landed,82.6938018798828,-585.066467285156,-180.0,0.0,land_on_platform,platform_scene-1/Tile Map/4_-32_layer_Tile Map_tile_4_-32_source_1_atlas_2_0
1090.567,landed,82.6938018798828,-585.066467285156,-180.0,0.0,land,surface_wood_impact_1.19351867675781
1090.667,jump_input_pressed,67.6938018798828,-585.066467285156,-180.0,0.0,Jump,pressed
1090.667,jump_executed,67.6938018798828,-585.066467285156,-180.0,-500.0,jump,x_67.6938018798828_y_-585.066467285156
1090.717,jump_input_released,58.6911544799805,-609.041442871094,-180.0,-437.833282470703,Jump,released
1090.817,jump_peak_reached,40.6911544799805,-613.833129882812,-180.0,41.2037048339844,jump_peak,x_40.6911544799805_y_-613.833129882812
1090.9,platform_landed,35.8578224182129,-602.914855957031,0.0,0.0,land_on_platform,platform_scene-1/Tile Map/2_-33_layer_Tile Map_tile_2_-33_source_1_atlas_0_0
1090.9,landed,35.8578224182129,-602.914855957031,0.0,0.0,land,surface_wood_impact_0.45277777099609
1091.133,jump_input_pressed,35.8578224182129,-602.914855957031,0.0,0.0,Jump,pressed
1091.133,jump_executed,35.8578224182129,-602.914855957031,0.0,-500.0,jump,x_35.8578224182129_y_-602.914855957031
1091.183,move_left_pressed,35.8578224182129,-626.940368652344,-15.0,-437.833282470703,Move_Left,pressed
1091.267,jump_input_released,32.1078224182129,-660.028259277344,-90.0,-335.333251953125,Jump,released
1091.366,jump_peak_reached,19.3578224182129,-664.819946289062,-180.0,41.2037048339844,jump_peak,x_19.3578224182129_y_-664.819946289062
1091.517,platform_landed,-3.47551131248474,-635.990478515625,0.0,0.0,land_on_platform,platform_scene-1/Tile Map/-1_-35_layer_Tile Map_tile_-1_-35_source_1_atlas_13_6
1091.517,landed,-3.47551131248474,-635.990478515625,0.0,0.0,land,surface_wood_impact_0.74907415771484
1091.518,musicking,-3.47551131248474,-635.990478515625,0.0,0.0,osc_received,"value_[1, ""water-tube""]"
1091.6,jump_input_pressed,-3.47551131248474,-635.990478515625,0.0,0.0,Jump,pressed
1091.6,jump_executed,-3.47551131248474,-635.990478515625,0.0,-500.0,jump,x_-3.47551131248474_y_-635.990478515625
1091.617,move_right_pressed,-3.47551131248474,-644.38525390625,15.0,-479.222198486328,Move_Right,pressed
1091.85,jump_input_released,22.0244903564453,-725.222290039062,180.0,-194.166549682617,Jump,released
1091.95,jump_peak_reached,40.0244903564453,-730.013977050781,180.0,41.2037048339844,jump_peak,x_40.0244903564453_y_-730.013977050781
1092.067,platform_landed,64.0244903564453,-711.067443847656,180.0,0.0,land_on_platform,platform_scene-1/Tile Map/3_-39_layer_Tile Map_tile_3_-39_source_1_atlas_3_0
1092.067,landed,64.0244903564453,-711.067443847656,180.0,0.0,land,surface_wood_impact_0.60092596435547
1092.118,jump_input_pressed,70.0244903564453,-711.067443847656,180.0,0.0,Jump,pressed
1092.118,jump_executed,70.0244903564453,-711.067443847656,180.0,-500.0,jump,x_70.0244903564453_y_-711.067443847656
1092.317,move_left_pressed,86.8579025268555,-787.941040039062,-16.1379928588867,20.828634262085,Move_Left,pressed
1092.333,jump_peak_reached,86.5856704711914,-787.589660644531,-31.1379928588867,57.8656730651855,jump_peak,x_86.5856704711914_y_-787.589660644531
1092.467,jump_input_released,75.4339370727539,-762.590270996094,-151.138000488281,354.161987304688,Jump,released
1092.567,platform_landed,56.5348930358887,-711.066345214844,-96.6666641235352,0.0,land_on_platform,platform_scene-1/Tile Map/3_-39_layer_Tile Map_tile_3_-39_source_1_atlas_3_0
1092.567,landed,56.5348930358887,-711.066345214844,-96.6666641235352,0.0,land,surface_wood_impact_1.1527685546875
1092.717,move_left_pressed,56.312671661377,-711.066345214844,-33.3333320617676,0.0,Move_Left,pressed
1092.734,jump_input_pressed,55.7571144104004,-711.066345214844,-66.6666641235352,0.0,Jump,pressed
1092.734,jump_executed,55.7571144104004,-711.066345214844,-66.6666641235352,-500.0,jump,x_55.7571144104004_y_-711.066345214844
1093.067,jump_input_released,3.86712622642517,-813.194946289062,-180.0,-94.9998931884766,Jump,released
1093.175,jump_peak_reached,-6.96620798110962,-817.486633300781,0.0,46.2038116455078,jump_peak,x_-6.96620798110962_y_-817.486633300781
1093.209,move_right_pressed,-6.96620798110962,-815.329223632812,15.0,120.277893066406,Move_Right,pressed
1093.267,platform_landed,-3.21618103981018,-801.066772460938,75.0,0.0,land_on_platform,platform_scene-1/Tile Map/-1_-44_layer_Tile Map_tile_-1_-44_source_1_atlas_3_0
1093.267,landed,-3.21618103981018,-801.066772460938,75.0,0.0,land,surface_wood_impact_0.53685205078125
1093.284,jump_input_pressed,-3.21618103981018,-801.066772460938,108.333335876465,0.0,Jump,pressed
1093.284,jump_executed,-3.21618103981018,-801.066772460938,108.333335876465,-500.0,jump,x_-3.21618103981018_y_-801.066772460938
1093.284,musicking,-1.40895807743073,-809.408752441406,108.333335876465,-500.055541992188,osc_received,"value_[1, ""platform_pan_nav""]"
1093.617,jump_input_released,53.3132667541504,-903.19482421875,180.0,-94.9998931884766,Jump,released
1093.717,jump_peak_reached,71.3132705688477,-907.486511230469,180.0,46.2038116455078,jump_peak,x_71.3132705688477_y_-907.486511230469
1093.984,platform_landed,122.334495544434,-817.041137695312,180.0,0.0,land_on_platform,platform_scene-1/Tile Map/6_-45_layer_Tile Map_tile_6_-45_source_1_atlas_14_6
1093.984,landed,122.334495544434,-817.041137695312,180.0,0.0,land,surface_wood_impact_1.27759301757812
1093.984,musicking,122.334495544434,-817.041137695312,180.0,0.0,osc_received,"value_[1, ""water-tube""]"
1094.068,jump_input_pressed,134.370742797852,-815.546875,180.0,74.0740737915039,Jump,pressed
1094.068,jump_executed,134.370742797852,-815.546875,180.0,-500.0,jump,x_134.370742797852_y_-815.546875
1094.234,jump_input_released,164.370742797852,-883.458923339844,180.0,-294.722106933594,Jump,released
1094.334,jump_peak_reached,182.370742797852,-888.250610351562,180.0,41.2037048339844,jump_peak,x_182.370742797852_y_-888.250610351562
1094.567,platform_landed,208.204086303711,-819.001708984375,0.0,0.0,land_on_platform,platform_scene-1/Tile Map/11_-45_layer_Tile Map_tile_11_-45_source_1_atlas_14_7
1094.567,landed,208.204086303711,-819.001708984375,0.0,0.0,land,surface_wood_impact_1.11944458007812
1094.568,musicking,208.204086303711,-819.001708984375,0.0,0.0,osc_received,"value_[1, ""cloud""]"
1094.618,move_right_pressed,208.204086303711,-819.001708984375,33.3333320617676,0.0,Move_Right,pressed
1094.683,jump_input_pressed,213.759658813477,-819.001708984375,166.666656494141,0.0,Jump,pressed
1094.683,jump_executed,213.759658813477,-819.001708984375,166.666656494141,-500.0,jump,x_213.759658813477_y_-819.001708984375
1094.684,musicking,216.556823730469,-827.394165039062,166.666656494141,-500.055541992188,osc_received,"value_[1, ""chain-jumps-combo-walk""]"
1095.0,jump_input_released,270.556823730469,-919.249694824219,180.0,-114.722114562988,Jump,released
1095.1,jump_peak_reached,288.556823730469,-924.041381835938,180.0,41.2037048339844,jump_peak,x_288.556823730469_y_-924.041381835938
1095.4,platform_landed,345.381134033203,-816.107727050781,180.0,0.0,land_on_platform,platform_scene-1/Tile Map/19_-45_layer_Tile Map_tile_19_-45_source_1_atlas_14_6
1095.4,landed,345.381134033203,-816.107727050781,180.0,0.0,land,surface_wood_impact_1.41574096679688
1095.408,musicking,345.381134033203,-816.107727050781,180.0,0.0,osc_received,"value_[1, ""water-tube""]"
1095.418,musicking,348.381134033203,-816.107727050781,180.0,0.0,osc_received,"value_[1, ""platform_pan_nav""]"
1095.45,jump_input_pressed,350.964935302734,-816.896301269531,180.0,0.0,Jump,pressed
1095.45,jump_executed,350.964935302734,-816.896301269531,180.0,-500.0,jump,x_350.964935302734_y_-816.896301269531
1095.609,jump_input_released,371.92529296875,-879.549072265625,15.0,-314.999908447266,Jump,released
1095.7,jump_peak_reached,371.942169189453,-884.346435546875,15.0,41.2037048339844,jump_peak,x_371.942169189453_y_-884.346435546875
1096.217,move_left_pressed,372.17529296875,-576.022705078125,-15.0,1189.35180664062,Move_Left,pressed
1096.318,platform_landed,365.194488525391,-438.063568115234,-105.0,0.0,land_on_platform,platform_scene-1/Tile Map/20_-24_layer_Tile Map_tile_20_-24_source_1_atlas_13_6
1096.318,landed,365.194488525391,-438.063568115234,-105.0,0.0,land,surface_wood_impact_2.8231474609375
1096.325,musicking,365.194488525391,-438.063568115234,-105.0,0.0,osc_received,"value_[1, ""water-tube""]"
1096.351,musicking,360.02783203125,-437.983489990234,-171.666656494141,0.0,osc_received,"value_[1, ""far-fall""]"
1097.368,move_left_pressed,352.194549560547,-438.049530029297,-33.3333320617676,0.0,Move_Left,pressed
1097.418,jump_input_pressed,348.861236572266,-438.049530029297,-133.33332824707,0.0,Jump,pressed
1097.418,jump_executed,348.861236572266,-438.049530029297,-133.33332824707,-500.0,jump,x_348.861236572266_y_-438.049530029297
1097.433,jump_peak_reached,346.634674072266,-446.400024414062,-148.33332824707,-479.222198486328,jump_peak,x_346.634674072266_y_-446.400024414062
1097.617,jump_input_released,314.467987060547,-515.486145019531,-180.0,-254.333206176758,Jump,released
1097.967,platform_landed,248.471481323242,-438.050415039062,-180.0,0.0,land_on_platform,platform_scene-1/Tile Map/13_-24_layer_Tile Map_tile_13_-24_source_1_atlas_13_6
1097.967,landed,248.471481323242,-438.050415039062,-180.0,0.0,land,surface_wood_impact_1.19351867675781
1097.968,musicking,248.471481323242,-438.050415039062,-180.0,0.0,osc_received,"value_[1, ""water-tube""]"
1099.266,move_right_pressed,18.8617115020752,-438.073303222656,0.0,0.0,Move_Right,pressed
1099.651,jump_input_pressed,78.1952362060547,-438.057434082031,180.0,0.0,Jump,pressed
1099.651,jump_executed,78.1952362060547,-438.057434082031,180.0,-500.0,jump,x_78.1952362060547_y_-438.057434082031
1099.767,jump_input_released,99.1988296508789,-489.186889648438,180.0,-355.722137451172,Jump,released
1099.866,jump_peak_reached,117.198829650879,-493.978546142578,180.0,41.2037048339844,jump_peak,x_117.198829650879_y_-493.978546142578
1100.067,platform_landed,156.200271606445,-438.053161621094,180.0,0.0,land_on_platform,platform_scene-1/Tile Map/8_-24_layer_Tile Map_tile_8_-24_source_1_atlas_13_6
1100.067,landed,156.200271606445,-438.053161621094,180.0,0.0,land,surface_wood_impact_0.97129644775391
1100.068,musicking,156.200271606445,-438.053161621094,180.0,0.0,osc_received,"value_[1, ""water-tube""]"
1100.084,jump_input_pressed,156.200271606445,-438.053161621094,180.0,0.0,Jump,pressed
1100.084,jump_executed,156.200271606445,-438.053161621094,180.0,-500.0,jump,x_156.200271606445_y_-438.053161621094
1100.183,jump_input_released,174.202972412109,-482.904205322266,180.0,-376.166595458984,Jump,released
1100.284,jump_peak_reached,192.202972412109,-487.695861816406,180.0,41.2037048339844,jump_peak,x_192.202972412109_y_-487.695861816406
1100.484,platform_landed,231.212646484375,-438.050262451172,180.0,0.0,land_on_platform,platform_scene-1/Tile Map/12_-24_layer_Tile Map_tile_12_-24_source_1_atlas_13_6
1100.484,landed,231.212646484375,-438.050262451172,180.0,0.0,land,surface_wood_impact_0.97129644775391
1100.484,musicking,231.212646484375,-438.050262451172,180.0,0.0,osc_received,"value_[1, ""water-tube""]"
1100.517,jump_input_pressed,234.212646484375,-438.050262451172,180.0,0.0,Jump,pressed
1100.517,jump_executed,234.212646484375,-438.050262451172,180.0,-500.0,jump,x_234.212646484375_y_-438.050262451172
1100.583,jump_input_released,246.214065551758,-469.322723388672,180.0,-417.22216796875,Jump,released
1100.683,jump_peak_reached,264.214050292969,-474.114379882812,180.0,41.2037048339844,jump_peak,x_264.214050292969_y_-474.114379882812
1100.85,platform_landed,297.220123291016,-438.057800292969,180.0,0.0,land_on_platform,platform_scene-1/Tile Map/16_-24_layer_Tile Map_tile_16_-24_source_1_atlas_13_6
1100.85,landed,297.220123291016,-438.057800292969,180.0,0.0,land,surface_wood_impact_0.82314825439453
1100.858,musicking,297.220123291016,-438.057800292969,180.0,0.0,osc_received,"value_[1, ""water-tube""]"
1100.884,jump_input_pressed,300.220123291016,-438.057800292969,180.0,0.0,Jump,pressed
1100.884,jump_executed,300.220123291016,-438.057800292969,180.0,-500.0,jump,x_300.220123291016_y_-438.057800292969
1100.967,jump_input_released,315.221527099609,-476.288543701172,180.0,-396.666595458984,Jump,released
1101.067,jump_peak_reached,333.221527099609,-481.080200195312,180.0,41.2037048339844,jump_peak,x_333.221527099609_y_-481.080200195312
1101.25,jump_input_pressed,366.221527099609,-439.575561523438,180.0,448.611175537109,Jump,pressed
1101.25,platform_landed,369.229888916016,-438.056640625,180.0,0.0,land_on_platform,platform_scene-1/Tile Map/20_-24_layer_Tile Map_tile_20_-24_source_1_atlas_13_6
1101.25,landed,369.229888916016,-438.056640625,180.0,0.0,land,surface_wood_impact_0.89722235107422
1101.25,musicking,369.229888916016,-438.056640625,180.0,0.0,osc_received,"value_[1, ""water-tube""]"
1101.267,jump_executed,369.229888916016,-438.056640625,180.0,-500.0,jump,x_369.229888916016_y_-438.056640625
1101.334,jump_input_released,381.232635498047,-469.332824707031,180.0,-417.22216796875,Jump,released
1101.433,jump_peak_reached,399.232635498047,-474.124481201172,180.0,41.2037048339844,jump_peak,x_399.232635498047_y_-474.124481201172
1101.6,platform_landed,432.240173339844,-438.045257568359,180.0,0.0,land_on_platform,platform_scene-1/Tile Map/23_-24_layer_Tile Map_tile_23_-24_source_1_atlas_13_6
1101.6,landed,432.240173339844,-438.045257568359,180.0,0.0,land,surface_wood_impact_0.82314825439453
1101.608,musicking,432.240173339844,-438.045257568359,180.0,0.0,osc_received,"value_[1, ""water-tube""]"
1101.651,jump_input_pressed,438.240173339844,-438.045257568359,180.0,0.0,Jump,pressed
1101.651,jump_executed,438.240173339844,-438.045257568359,180.0,-500.0,jump,x_438.240173339844_y_-438.045257568359
1101.718,jump_input_released,450.247131347656,-469.333068847656,180.0,-417.22216796875,Jump,released
1101.817,jump_peak_reached,468.247131347656,-474.124725341797,180.0,41.2037048339844,jump_peak,x_468.247131347656_y_-474.124725341797
1101.983,platform_landed,501.254669189453,-438.048919677734,180.0,0.0,land_on_platform,platform_scene-1/Tile Map/27_-24_layer_Tile Map_tile_27_-24_source_1_atlas_13_6
1101.983,landed,501.254669189453,-438.048919677734,180.0,0.0,land,surface_wood_impact_0.82314825439453
1101.983,musicking,501.254669189453,-438.048919677734,180.0,0.0,osc_received,"value_[1, ""water-tube""]"
1102.176,jump_input_pressed,530.865905761719,-438.842987060547,180.0,0.0,Jump,pressed
1102.176,jump_executed,530.865905761719,-438.842987060547,180.0,-500.0,jump,x_530.865905761719_y_-438.842987060547
1102.35,jump_input_released,563.865905761719,-511.67724609375,180.0,-274.499877929688,Jump,released
1102.45,jump_peak_reached,581.865905761719,-516.468933105469,180.0,41.2037048339844,jump_peak,x_581.865905761719_y_-516.468933105469
1102.785,move_right_pressed,606.755615234375,-388.791107177734,15.0,781.944580078125,Move_Right,pressed
1102.818,jump_input_pressed,607.505615234375,-362.109008789062,45.0,856.018676757812,Jump,pressed
1103.0,platform_landed,632.255615234375,-171.066421508789,180.0,0.0,land_on_platform,platform_scene-1/Tile Map/35_-9_layer_Tile Map_tile_35_-9_source_1_atlas_2_0
1103.0,landed,632.255615234375,-171.066421508789,180.0,0.0,land,surface_wood_impact_2.5268515625
1103.034,musicking,638.255615234375,-171.066421508789,180.0,0.0,osc_received,"value_[1, ""far-fall""]"
1103.084,jump_input_released,644.255615234375,-171.066421508789,96.6666641235352,0.0,Jump,released
1103.085,musicking,645.86669921875,-171.066421508789,96.6666641235352,0.0,osc_received,"value_[1, ""chain-jumps-combo-walk""]"
1103.609,move_left_pressed,646.088928222656,-171.066421508789,-33.3333320617676,0.0,Move_Left,pressed
1103.626,jump_input_pressed,645.533386230469,-171.066421508789,-66.6666641235352,0.0,Jump,pressed
1103.626,jump_executed,645.533386230469,-171.066421508789,-66.6666641235352,-500.0,jump,x_645.533386230469_y_-171.066421508789
1104.025,jump_input_released,581.643615722656,-277.648620605469,-180.0,-16.6665554046631,Jump,released
1104.059,jump_peak_reached,575.643615722656,-277.85693359375,-96.6666641235352,41.2038154602051,jump_peak,x_575.643615722656_y_-277.85693359375
1104.176,platform_landed,573.810302734375,-257.954650878906,0.0,0.0,land_on_platform,platform_scene-1/Tile Map/31_-14_layer_Tile Map_tile_31_-14_source_1_atlas_18_3
1104.176,landed,573.810302734375,-257.954650878906,0.0,0.0,land,surface_wood_impact_0.60092614746094
1104.177,musicking,573.810302734375,-257.954650878906,0.0,0.0,osc_received,"value_[1, ""leaves""]"
1104.193,musicking,573.810302734375,-257.954650878906,0.0,0.0,osc_received,"value_[1, ""platform_pan_nav""]"
1104.267,jump_input_pressed,573.810302734375,-257.954650878906,0.0,0.0,Jump,pressed
1104.267,jump_executed,573.810302734375,-257.954650878906,0.0,-500.0,jump,x_573.810302734375_y_-257.954650878906
1104.367,move_left_pressed,573.810302734375,-302.862518310547,-15.0,-376.166595458984,Move_Left,pressed
1104.6,jump_input_released,560.824829101562,-360.139221191406,-105.0,-94.9998931884766,Jump,released
1104.7,jump_peak_reached,556.463745117188,-364.430877685547,0.0,46.2038116455078,jump_peak,x_556.463745117188_y_-364.430877685547
1104.784,platform_landed,556.463745117188,-351.018218994141,0.0,0.0,land_on_platform,platform_scene-1/Tile Map/30_-19_layer_Tile Map_tile_30_-19_source_1_atlas_15_0
1104.784,landed,556.463745117188,-351.018218994141,0.0,0.0,land,surface_wood_impact_0.46277798461914
1104.867,move_right_pressed,556.463745117188,-351.018218994141,33.3333320617676,0.0,Move_Right,pressed
1104.868,jump_input_pressed,556.463745117188,-351.018218994141,33.3333320617676,0.0,Jump,pressed
1104.868,jump_executed,556.463745117188,-351.018218994141,33.3333320617676,-500.0,jump,x_556.463745117188_y_-351.018218994141
1105.184,jump_input_released,600.272521972656,-451.258056640625,180.0,-114.722114562988,Jump,released
1105.283,jump_peak_reached,618.272521972656,-456.049713134766,180.0,41.2037048339844,jump_peak,x_618.272521972656_y_-456.049713134766
1105.451,platform_landed,623.105834960938,-420.011291503906,0.0,0.0,land_on_platform,platform_scene-1/Tile Map/34_-23_layer_Tile Map_tile_34_-23_source_1_atlas_17_3
1105.451,landed,623.105834960938,-420.011291503906,0.0,0.0,land,surface_wood_impact_0.82314825439453
1105.451,musicking,623.105834960938,-420.011291503906,0.0,0.0,osc_received,"value_[1, ""leaves""]"
1105.468,move_right_pressed,623.105834960938,-420.011291503906,33.3333320617676,0.0,Move_Right,pressed
1105.468,musicking,623.661437988281,-420.064331054688,33.3333320617676,0.0,osc_received,"value_[1, ""platform_pan_nav""]"
1105.501,jump_input_pressed,624.772521972656,-420.064331054688,100.0,0.0,Jump,pressed
1105.501,jump_executed,624.772521972656,-420.064331054688,100.0,-500.0,jump,x_624.772521972656_y_-420.064331054688
1105.917,jump_input_released,695.523559570312,-526.94384765625,180.0,2.77788853645325,Jump,released
1105.933,jump_peak_reached,698.523559570312,-526.897521972656,180.0,39.8149261474609,jump_peak,x_698.523559570312_y_-526.897521972656
1106.083,platform_landed,712.356872558594,-495.010467529297,0.0,0.0,land_on_platform,platform_scene-1/Tile Map/39_-27_layer_Tile Map_tile_39_-27_source_1_atlas_2_0
1106.084,landed,712.356872558594,-495.010467529297,0.0,0.0,land,surface_wood_impact_0.74629656982422
1106.133,jump_input_pressed,712.356872558594,-495.010467529297,0.0,0.0,Jump,pressed
1106.133,jump_executed,712.356872558594,-495.010467529297,0.0,-500.0,jump,x_712.356872558594_y_-495.010467529297
1106.151,move_right_pressed,712.356872558594,-503.401763916016,15.0,-479.222198486328,Move_Right,pressed
1106.518,jump_input_released,761.856872558594,-601.016540527344,180.0,-36.1665573120117,Jump,released
1106.576,jump_peak_reached,766.690185546875,-601.783203125,0.0,42.5371475219727,jump_peak,x_766.690185546875_y_-601.783203125
1106.667,platform_landed,766.690185546875,-585.012512207031,0.0,0.0,land_on_platform,platform_scene-1/Tile Map/42_-32_layer_Tile Map_tile_42_-32_source_1_atlas_1_0
1106.667,landed,766.690185546875,-585.012512207031,0.0,0.0,land,surface_wood_impact_0.52951873779297
1106.684,move_left_pressed,766.690185546875,-585.012512207031,-33.3333320617676,0.0,Move_Left,pressed
1106.718,jump_input_pressed,765.023559570312,-585.012512207031,-100.0,0.0,Jump,pressed
1106.718,jump_executed,765.023559570312,-585.012512207031,-100.0,-500.0,jump,x_765.023559570312_y_-585.012512207031
1106.967,jump_input_released,724.262817382812,-674.236999511719,-180.0,-194.166549682617,Jump,released
1107.067,jump_peak_reached,706.262817382812,-679.028686523438,-180.0,41.2037048339844,jump_peak,x_706.262817382812_y_-679.028686523438
1107.318,platform_landed,683.429504394531,-602.825073242188,0.0,0.0,land_on_platform,platform_scene-1/Tile Map/38_-33_layer_Tile Map_tile_38_-33_source_1_atlas_0_0
1107.318,landed,683.429504394531,-602.825073242188,0.0,0.0,land,surface_wood_impact_1.19351867675781
1107.35,move_left_pressed,683.429504394531,-602.825073242188,-33.3333320617676,0.0,Move_Left,pressed
1107.5,platform_landed,661.949523925781,-585.066223144531,-180.0,0.0,land_on_platform,platform_scene-1/Tile Map/36_-32_layer_Tile Map_tile_36_-32_source_1_atlas_2_0
1107.5,landed,661.949523925781,-585.066223144531,-180.0,0.0,land,surface_wood_impact_0.51851849365234
1107.783,jump_input_pressed,639.1162109375,-585.066223144531,0.0,0.0,Jump,pressed
1107.784,jump_executed,639.1162109375,-585.066223144531,0.0,-500.0,jump,x_639.1162109375_y_-585.066223144531
1107.867,move_left_pressed,639.1162109375,-623.301635742188,-15.0,-396.666595458984,Move_Left,pressed
1107.9,jump_input_released,638.3662109375,-636.194213867188,-45.0,-355.722137451172,Jump,released
1108.0,jump_peak_reached,630.1162109375,-640.985900878906,-36.6666679382324,41.2037048339844,jump_peak,x_630.1162109375_y_-640.985900878906
1108.167,platform_landed,629.505126953125,-603.018188476562,0.0,0.0,land_on_platform,platform_scene-1/Tile Map/34_-33_layer_Tile Map_tile_34_-33_source_1_atlas_0_0
1108.167,landed,629.505126953125,-603.018188476562,0.0,0.0,land,surface_wood_impact_0.82314825439453
1108.284,jump_input_pressed,629.505126953125,-603.018188476562,0.0,0.0,Jump,pressed
1108.284,jump_executed,629.505126953125,-603.018188476562,0.0,-500.0,jump,x_629.505126953125_y_-603.018188476562
1108.3,move_left_pressed,629.505126953125,-611.40283203125,-15.0,-479.222198486328,Move_Left,pressed
1108.468,jump_input_released,615.755126953125,-675.90283203125,-165.0,-274.499877929688,Jump,released
1108.575,jump_peak_reached,598.005126953125,-680.694519042969,-180.0,41.2037048339844,jump_peak,x_598.005126953125_y_-680.694519042969
1108.851,platform_landed,544.005065917969,-585.067260742188,-180.0,0.0,land_on_platform,platform_scene-1/Tile Map/30_-32_layer_Tile Map_tile_30_-32_source_1_atlas_2_0
1108.851,landed,544.005065917969,-585.067260742188,-180.0,0.0,land,surface_wood_impact_1.34166687011719
1108.867,musicking,541.005065917969,-585.067260742188,-180.0,0.0,osc_received,"value_[1, ""platform_pan_nav""]"
1108.9,jump_input_pressed,538.005065917969,-585.067260742188,-180.0,0.0,Jump,pressed
1108.9,jump_executed,538.005065917969,-585.067260742188,-180.0,-500.0,jump,x_538.005065917969_y_-585.067260742188
1109.017,jump_input_released,517.002624511719,-636.193420410156,-180.0,-355.722137451172,Jump,released
1109.117,jump_peak_reached,499.002624511719,-640.985107421875,-180.0,41.2037048339844,jump_peak,x_499.002624511719_y_-640.985107421875
1109.367,platform_landed,450.937530517578,-564.061767578125,-180.0,0.0,land_on_platform,platform_scene-1/Tile Map/25_-31_layer_Tile Map_tile_25_-31_source_1_atlas_14_6
1109.367,landed,450.937530517578,-564.061767578125,-180.0,0.0,land,surface_wood_impact_1.19351867675781
1109.368,musicking,450.937530517578,-564.061767578125,-180.0,0.0,osc_received,"value_[1, ""water-tube""]"
1109.467,jump_input_pressed,435.937469482422,-564.061767578125,-180.0,0.0,Jump,pressed
1109.468,jump_executed,435.937469482422,-564.061767578125,-180.0,-500.0,jump,x_435.937469482422_y_-564.061767578125
1109.633,jump_input_released,405.934295654297,-631.982604980469,-180.0,-294.722106933594,Jump,released
1109.734,jump_peak_reached,387.934295654297,-636.774291992188,-180.0,41.2037048339844,jump_peak,x_387.934295654297_y_-636.774291992188
1110.051,jump_input_pressed,345.187957763672,-518.300842285156,-90.0,744.907531738281,Jump,pressed
1110.084,jump_input_released,341.937957763672,-492.853302001953,-120.0,818.981628417969,Jump,released
1110.134,platform_landed,334.081573486328,-438.055725097656,-66.6666641235352,0.0,land_on_platform,platform_scene-1/Tile Map/18_-24_layer_Tile Map_tile_18_-24_source_1_atlas_13_6
1110.134,landed,334.081573486328,-438.055725097656,-66.6666641235352,0.0,land,surface_wood_impact_1.860185546875
1110.135,musicking,334.081573486328,-438.055725097656,-66.6666641235352,0.0,osc_received,"value_[1, ""water-tube""]"
1110.151,jump_executed,334.081573486328,-438.055725097656,-66.6666641235352,-500.0,jump,x_334.081573486328_y_-438.055725097656
1110.167,jump_peak_reached,334.081573486328,-446.397583007812,0.0,-479.166656494141,jump_peak,x_334.081573486328_y_-446.397583007812
1110.717,move_right_pressed,334.081573486328,-514.453125,15.0,370.370483398438,Move_Right,pressed
1110.851,platform_landed,345.333068847656,-438.064208984375,135.0,0.0,land_on_platform,platform_scene-1/Tile Map/19_-24_layer_Tile Map_tile_19_-24_source_1_atlas_13_6
1110.851,landed,345.333068847656,-438.064208984375,135.0,0.0,land,surface_wood_impact_1.33333374023438
1110.851,musicking,345.333068847656,-438.064208984375,135.0,0.0,osc_received,"value_[1, ""water-tube""]"
1110.901,jump_input_pressed,351.138610839844,-438.064208984375,180.0,0.0,Jump,pressed
1110.901,jump_executed,351.138610839844,-438.064208984375,180.0,-500.0,jump,x_351.138610839844_y_-438.064208984375
1110.917,jump_peak_reached,354.139312744141,-446.400390625,180.0,-479.222198486328,jump_peak,x_354.139312744141_y_-446.400390625
1111.001,jump_input_released,369.139312744141,-482.90966796875,180.0,-376.166595458984,Jump,released
1111.301,jump_input_pressed,423.139312744141,-438.719818115234,180.0,485.648223876953,Jump,pressed
1111.302,platform_landed,426.147613525391,-438.054626464844,180.0,0.0,land_on_platform,platform_scene-1/Tile Map/23_-24_layer_Tile Map_tile_23_-24_source_1_atlas_13_6
1111.302,landed,426.147613525391,-438.054626464844,180.0,0.0,land,surface_wood_impact_0.97129644775391
1111.302,musicking,426.147613525391,-438.054626464844,180.0,0.0,osc_received,"value_[1, ""water-tube""]"
1111.317,jump_executed,426.147613525391,-438.054626464844,180.0,-500.0,jump,x_426.147613525391_y_-438.054626464844
1111.4,jump_input_released,441.149932861328,-476.287933349609,180.0,-396.666595458984,Jump,released
1111.5,jump_peak_reached,459.149932861328,-481.07958984375,180.0,41.2037048339844,jump_peak,x_459.149932861328_y_-481.07958984375
1111.685,platform_landed,495.158294677734,-438.056701660156,180.0,0.0,land_on_platform,platform_scene-1/Tile Map/27_-24_layer_Tile Map_tile_27_-24_source_1_atlas_13_6
1111.685,landed,495.158294677734,-438.056701660156,180.0,0.0,land,surface_wood_impact_0.89722235107422
1111.685,musicking,495.158294677734,-438.056701660156,180.0,0.0,osc_received,"value_[1, ""water-tube""]"
1112.042,move_right_pressed,508.991638183594,-438.056701660156,33.3333320617676,0.0,Move_Right,pressed
1112.135,jump_input_pressed,520.324951171875,-438.056701660156,180.0,0.0,Jump,pressed
1112.135,jump_executed,520.324951171875,-438.056701660156,180.0,-500.0,jump,x_520.324951171875_y_-438.056701660156
1112.434,jump_input_released,574.325256347656,-535.988037109375,180.0,-134.499893188477,Jump,released
1112.533,jump_peak_reached,592.325256347656,-540.779724121094,180.0,41.2037048339844,jump_peak,x_592.325256347656_y_-540.779724121094
1112.85,platform_landed,621.158569335938,-420.018188476562,0.0,0.0,land_on_platform,platform_scene-1/Tile Map/34_-23_layer_Tile Map_tile_34_-23_source_1_atlas_17_3
1112.85,landed,621.158569335938,-420.018188476562,0.0,0.0,land,surface_wood_impact_1.48981506347656
1112.851,musicking,621.158569335938,-420.018188476562,0.0,0.0,osc_received,"value_[1, ""leaves""]"
1112.901,move_right_pressed,621.158569335938,-420.018188476562,33.3333320617676,0.0,Move_Right,pressed
1112.967,jump_input_pressed,626.714172363281,-420.069000244141,166.666656494141,0.0,Jump,pressed
1112.967,jump_executed,626.714172363281,-420.069000244141,166.666656494141,-500.0,jump,x_626.714172363281_y_-420.069000244141
1113.267,jump_input_released,680.491943359375,-517.99951171875,180.0,-134.499893188477,Jump,released
1113.367,jump_peak_reached,698.491943359375,-522.791198730469,180.0,41.2037048339844,jump_peak,x_698.491943359375_y_-522.791198730469
1113.5,platform_landed,712.325256347656,-495.003601074219,0.0,0.0,land_on_platform,platform_scene-1/Tile Map/39_-27_layer_Tile Map_tile_39_-27_source_1_atlas_2_0
1113.5,landed,712.325256347656,-495.003601074219,0.0,0.0,land,surface_wood_impact_0.67500006103516
1113.534,musicking,712.325256347656,-495.003601074219,0.0,0.0,osc_received,"value_[1, ""platform_pan_nav""]"
1113.659,move_right_pressed,712.325256347656,-495.003601074219,33.3333320617676,0.0,Move_Right,pressed
1113.659,jump_input_pressed,712.325256347656,-495.003601074219,33.3333320617676,0.0,Jump,pressed
1113.659,jump_executed,712.325256347656,-495.003601074219,33.3333320617676,-500.0,jump,x_712.325256347656_y_-495.003601074219
1114.009,jump_input_released,762.134887695312,-598.789428710938,180.0,-75.3332214355469,Jump,released
1114.092,jump_peak_reached,769.968200683594,-601.594909667969,0.0,45.0371475219727,jump_peak,x_769.968200683594_y_-601.594909667969
1114.192,platform_landed,769.968200683594,-585.013244628906,0.0,0.0,land_on_platform,platform_scene-1/Tile Map/42_-32_layer_Tile Map_tile_42_-32_source_1_atlas_1_0
1114.192,landed,769.968200683594,-585.013244628906,0.0,0.0,land,surface_wood_impact_0.53451873779297
1114.227,move_left_pressed,769.968200683594,-585.013244628906,-33.3333320617676,0.0,Move_Left,pressed
1114.242,jump_input_pressed,769.412658691406,-585.013244628906,-66.6666641235352,0.0,Jump,pressed
1114.242,jump_executed,769.412658691406,-585.013244628906,-66.6666641235352,-500.0,jump,x_769.412658691406_y_-585.013244628906
1114.542,jump_input_released,723.516784667969,-682.997436523438,-180.0,-134.499893188477,Jump,released
1114.642,jump_peak_reached,705.516784667969,-687.789123535156,-180.0,41.2037048339844,jump_peak,x_705.516784667969_y_-687.789123535156
1114.926,platform_landed,651.516784667969,-585.066650390625,-180.0,0.0,land_on_platform,platform_scene-1/Tile Map/36_-32_layer_Tile Map_tile_36_-32_source_1_atlas_2_0
1114.926,landed,651.516784667969,-585.066650390625,-180.0,0.0,land,surface_wood_impact_1.34166687011719
1115.334,jump_input_pressed,640.683471679688,-585.066650390625,0.0,0.0,Jump,pressed
1115.334,jump_executed,640.683471679688,-585.066650390625,0.0,-500.0,jump,x_640.683471679688_y_-585.066650390625
1115.734,jump_input_released,640.683471679688,-691.648864746094,0.0,-16.6665554046631,Jump,released
1115.767,jump_peak_reached,640.683471679688,-691.857177734375,0.0,41.2038154602051,jump_peak,x_640.683471679688_y_-691.857177734375
1116.067,platform_landed,640.683471679688,-585.051574707031,0.0,0.0,land_on_platform,platform_scene-1/Tile Map/35_-32_layer_Tile Map_tile_35_-32_source_1_atlas_1_0
1116.067,landed,640.683471679688,-585.051574707031,0.0,0.0,land,surface_wood_impact_1.4157412109375
1116.117,jump_input_pressed,640.683471679688,-585.051574707031,0.0,0.0,Jump,pressed
1116.117,jump_executed,640.683471679688,-585.051574707031,0.0,-500.0,jump,x_640.683471679688_y_-585.051574707031
1116.267,jump_input_released,640.683471679688,-647.7255859375,0.0,-314.999908447266,Jump,released
1116.367,jump_peak_reached,640.683471679688,-652.517272949219,0.0,41.2037048339844,jump_peak,x_640.683471679688_y_-652.517272949219
1116.567,move_left_pressed,640.683471679688,-603.535766601562,-15.0,485.648223876953,Move_Left,pressed
1116.601,platform_landed,639.183471679688,-585.067443847656,-45.0,0.0,land_on_platform,platform_scene-1/Tile Map/35_-32_layer_Tile Map_tile_35_-32_source_1_atlas_1_0
1116.601,landed,639.183471679688,-585.067443847656,-45.0,0.0,land,surface_wood_impact_1.11944458007812
1116.684,musicking,638.005432128906,-585.000671386719,0.0,0.0,osc_received,"value_[1, ""chain-jumps-combo-walk""]"
1116.767,musicking,638.005432128906,-585.000671386719,0.0,0.0,osc_received,"value_[1, ""chain-jumps-combo-walk""]"
1116.967,jump_input_pressed,638.074829101562,-585.066284179688,0.0,0.0,Jump,pressed
1116.967,jump_executed,638.074829101562,-585.066284179688,0.0,-500.0,jump,x_638.074829101562_y_-585.066284179688
1117.0,move_left_pressed,638.075988769531,-601.389465332031,-15.0,-458.499969482422,Move_Left,pressed
1117.051,jump_input_released,636.575988769531,-623.293151855469,-60.0,-396.666595458984,Jump,released
1117.15,jump_peak_reached,628.464904785156,-628.084838867188,0.0,41.2037048339844,jump_peak,x_628.464904785156_y_-628.084838867188
1117.284,platform_landed,628.464904785156,-603.021911621094,0.0,0.0,land_on_platform,platform_scene-1/Tile Map/34_-33_layer_Tile Map_tile_34_-33_source_1_atlas_0_0
1117.284,landed,628.464904785156,-603.021911621094,0.0,0.0,land,surface_wood_impact_0.67500006103516
1117.377,move_left_pressed,628.464904785156,-603.021911621094,-33.3333320617676,0.0,Move_Left,pressed
1117.377,jump_input_pressed,628.464904785156,-603.021911621094,-33.3333320617676,0.0,Jump,pressed
1117.377,jump_executed,628.464904785156,-603.021911621094,-33.3333320617676,-500.0,jump,x_628.464904785156_y_-603.021911621094
1117.651,jump_input_released,590.656372070312,-698.410461425781,-180.0,-154.333221435547,Jump,released
1117.75,jump_peak_reached,572.656372070312,-703.2021484375,-180.0,41.2037048339844,jump_peak,x_572.656372070312_y_-703.2021484375
1118.05,platform_landed,537.823059082031,-585.024963378906,0.0,0.0,land_on_platform,platform_scene-1/Tile Map/29_-32_layer_Tile Map_tile_29_-32_source_1_atlas_1_0
1118.051,landed,537.823059082031,-585.024963378906,0.0,0.0,land,surface_wood_impact_1.41574096679688
1118.084,musicking,537.823059082031,-585.024963378906,0.0,0.0,osc_received,"value_[1, ""platform_pan_nav""]"
1118.35,move_left_pressed,537.823059082031,-585.024963378906,-33.3333320617676,0.0,Move_Left,pressed
1118.367,jump_input_pressed,537.267517089844,-585.024963378906,-66.6666641235352,0.0,Jump,pressed
1118.368,jump_executed,537.267517089844,-585.024963378906,-66.6666641235352,-500.0,jump,x_537.267517089844_y_-585.024963378906
1118.384,jump_peak_reached,536.150573730469,-593.402893066406,-81.6666641235352,-479.222198486328,jump_peak,x_536.150573730469_y_-593.402893066406
1118.617,jump_input_released,500.372985839844,-674.239929199219,-180.0,-194.166549682617,Jump,released
1119.018,platform_landed,444.539642333984,-564.022827148438,0.0,0.0,land_on_platform,platform_scene-1/Tile Map/24_-31_layer_Tile Map_tile_24_-31_source_1_atlas_13_6
1119.018,landed,444.539642333984,-564.022827148438,0.0,0.0,land,surface_wood_impact_1.41574096679688
1119.025,musicking,444.539642333984,-564.022827148438,0.0,0.0,osc_received,"value_[1, ""water-tube""]"
1119.117,move_left_pressed,444.539642333984,-564.022827148438,-33.3333320617676,0.0,Move_Left,pressed
1119.234,jump_input_pressed,430.206604003906,-564.089721679688,-180.0,0.0,Jump,pressed
1119.234,jump_executed,430.206604003906,-564.089721679688,-180.0,-500.0,jump,x_430.206604003906_y_-564.089721679688
1119.584,jump_input_released,367.205291748047,-667.816528320312,-180.0,-75.3332214355469,Jump,released
1119.667,jump_peak_reached,352.205291748047,-670.622009277344,-180.0,45.0371475219727,jump_peak,x_352.205291748047_y_-670.622009277344
1119.934,platform_landed,301.270690917969,-582.108459472656,-180.0,0.0,land_on_platform,platform_scene-1/Tile Map/16_-32_layer_Tile Map_tile_16_-32_source_1_atlas_14_6
1119.934,landed,301.270690917969,-582.108459472656,-180.0,0.0,land,surface_wood_impact_1.27525964355469
1119.942,musicking,301.270690917969,-582.108459472656,-180.0,0.0,osc_received,"value_[1, ""water-tube""]"
1120.001,jump_input_pressed,292.764587402344,-583.038208007812,-180.0,0.0,Jump,pressed
1120.001,jump_executed,292.764587402344,-583.038208007812,-180.0,-500.0,jump,x_292.764587402344_y_-583.038208007812
1120.35,jump_input_released,229.762054443359,-686.768371582031,-180.0,-75.3332214355469,Jump,released
1120.433,jump_peak_reached,214.762054443359,-689.573852539062,-180.0,45.0371475219727,jump_peak,x_214.762054443359_y_-689.573852539062
1120.717,platform_landed,185.9287109375,-582.024597167969,0.0,0.0,land_on_platform,platform_scene-1/Tile Map/10_-32_layer_Tile Map_tile_10_-32_source_1_atlas_13_6
1120.717,landed,185.9287109375,-582.024597167969,0.0,0.0,land,surface_wood_impact_1.34933374023438
1120.718,musicking,185.9287109375,-582.024597167969,0.0,0.0,osc_received,"value_[1, ""water-tube""]"
1120.751,musicking,185.9287109375,-582.024597167969,0.0,0.0,osc_received,"value_[1, ""platform_pan_nav""]"
1120.81,move_left_pressed,185.9287109375,-582.024597167969,-33.3333320617676,0.0,Move_Left,pressed
1120.834,jump_input_pressed,184.262084960938,-582.065307617188,-100.0,0.0,Jump,pressed
1120.834,jump_executed,184.262084960938,-582.065307617188,-100.0,-500.0,jump,x_184.262084960938_y_-582.065307617188
1120.851,jump_peak_reached,182.594161987305,-590.405822753906,-115.0,-479.222198486328,jump_peak,x_182.594161987305_y_-590.405822753906
1121.018,jump_input_released,155.510803222656,-654.905822753906,-180.0,-274.499877929688,Jump,released
1121.351,platform_landed,92.5108032226562,-585.066284179688,-180.0,0.0,land_on_platform,platform_scene-1/Tile Map/5_-32_layer_Tile Map_tile_5_-32_source_1_atlas_3_0
1121.351,landed,92.5108032226562,-585.066284179688,-180.0,0.0,land,surface_wood_impact_1.11944458007812
1121.618,move_left_pressed,84.6774673461914,-585.066284179688,-33.3333320617676,0.0,Move_Left,pressed
1121.818,move_right_pressed,62.0062408447266,-585.001647949219,0.0,0.0,Move_Right,pressed
1121.917,musicking,70.4081649780273,-585.074768066406,166.666656494141,0.0,osc_received,"value_[1, ""chain-jumps-combo-walk""]"
1122.018,musicking,88.4081649780273,-585.074768066406,180.0,0.0,osc_received,"value_[1, ""chain-jumps-combo-walk""]"
1122.218,move_left_pressed,101.925109863281,-585.066345214844,-33.3333320617676,0.0,Move_Left,pressed
1122.284,musicking,93.5917739868164,-585.074768066406,-166.666656494141,0.0,osc_received,"value_[1, ""chain-jumps-combo-walk""]"
1122.367,musicking,78.5917739868164,-585.074768066406,-180.0,0.0,osc_received,"value_[1, ""chain-jumps-combo-walk""]"
1122.534,move_right_pressed,62.0748901367188,-585.066345214844,33.3333320617676,0.0,Move_Right,pressed
1122.784,move_left_pressed,90.2415618896484,-585.074768066406,-33.3333320617676,0.0,Move_Left,pressed
1122.951,jump_input_pressed,66.9082260131836,-585.074768066406,-180.0,0.0,Jump,pressed
1122.951,jump_executed,66.9082260131836,-585.074768066406,-180.0,-500.0,jump,x_66.9082260131836_y_-585.074768066406
1122.967,jump_peak_reached,63.9078750610352,-593.409973144531,-180.0,-479.222198486328,jump_peak,x_63.9078750610352_y_-593.409973144531
1123.067,jump_input_released,45.9078750610352,-636.195129394531,-180.0,-355.722137451172,Jump,released
1123.335,platform_landed,35.0745429992676,-602.751159667969,0.0,0.0,land_on_platform,platform_scene-1/Tile Map/2_-33_layer_Tile Map_tile_2_-33_source_1_atlas_0_0
1123.335,landed,35.0745429992676,-602.751159667969,0.0,0.0,land,surface_wood_impact_0.82314825439453
1123.517,jump_input_pressed,35.0745429992676,-602.751159667969,0.0,0.0,Jump,pressed
1123.517,jump_executed,35.0745429992676,-602.751159667969,0.0,-500.0,jump,x_35.0745429992676_y_-602.751159667969
1123.734,jump_peak_reached,35.0745429992676,-676.315673828125,0.0,74.0740737915039,jump_peak,x_35.0745429992676_y_-676.315673828125
1123.792,jump_input_released,35.0745429992676,-670.760131835938,0.0,185.185180664062,Jump,released
1123.959,time_limit_reached,35.0745429992676,-612.1181640625,0.0,555.555603027344,time_limit,three_minutes
1123.959,scene_transition,35.0745429992676,-612.1181640625,0.0,555.555603027344,switch,from_res://Scenes/Main/scene-1.tscn_to_res://Scenes/Main/menu.tscn
1123.959,session_end,35.0745429992676,-612.1181640625,0.0,555.555603027344,,
