timestamp_seconds,event,x,y,velocity_x,velocity_y,action,info
684.058,session_start,392.0,624.0,0.0,0.0,,
684.101,jump_peak_reached,392.0,624.0,0.0,37.037036895752,jump_peak,x_392.0_y_624.0
684.154,platform_landed,392.0,638.988403320312,0.0,0.0,land_on_platform,platform_scene-1/Tile Map/21_36_layer_Tile Map_tile_21_36_source_1_atlas_2_0
684.154,landed,392.0,638.988403320312,0.0,0.0,land,surface_wood_impact_0.51851849365234
686.894,jump_input_pressed,392.0,638.988403320312,0.0,0.0,Jump,pressed
686.894,jump_executed,392.0,638.988403320312,0.0,-500.0,jump,x_392.0_y_638.988403320312
686.894,jump_input_released,392.0,638.988403320312,0.0,-500.0,Jump,released
686.894,jump_peak_reached,392.0,637.265686035156,0.0,-79.1666641235352,jump_peak,x_392.0_y_637.265686035156
686.979,platform_landed,392.0,638.994812011719,0.0,0.0,land_on_platform,platform_scene-1/Tile Map/21_36_layer_Tile Map_tile_21_36_source_1_atlas_2_0
686.979,landed,392.0,638.994812011719,0.0,0.0,land,surface_wood_impact_0.30462963867187
687.947,jump_input_pressed,392.0,638.994812011719,0.0,0.0,Jump,pressed
687.947,jump_executed,392.0,638.994812011719,0.0,-500.0,jump,x_392.0_y_638.994812011719
688.305,jump_input_released,387.891174316406,538.032836914062,0.0,-75.3332214355469,Jump,released
688.38,jump_peak_reached,387.891174316406,535.227355957031,0.0,45.0371475219727,jump_peak,x_387.891174316406_y_535.227355957031
688.671,platform_landed,387.891174316406,638.966247558594,0.0,0.0,land_on_platform,platform_scene-1/Tile Map/21_36_layer_Tile Map_tile_21_36_source_1_atlas_2_0
688.671,landed,387.891174316406,638.966247558594,0.0,0.0,land,surface_wood_impact_1.34933374023438
689.305,jump_input_pressed,387.891174316406,638.966247558594,0.0,0.0,Jump,pressed
689.306,jump_executed,387.891174316406,638.966247558594,0.0,-500.0,jump,x_387.891174316406_y_638.966247558594
689.58,jump_input_released,387.891174316406,543.587829589844,0.0,-154.333221435547,Jump,released
689.68,jump_peak_reached,387.891174316406,538.796142578125,0.0,41.2037048339844,jump_peak,x_387.891174316406_y_538.796142578125
689.963,platform_landed,387.891174316406,638.963317871094,0.0,0.0,land_on_platform,platform_scene-1/Tile Map/21_36_layer_Tile Map_tile_21_36_source_1_atlas_2_0
689.963,landed,387.891174316406,638.963317871094,0.0,0.0,land,surface_wood_impact_1.34166687011719
690.14,jump_input_pressed,387.891174316406,638.963317871094,0.0,0.0,Jump,pressed
690.14,jump_executed,387.891174316406,638.963317871094,0.0,-500.0,jump,x_387.891174316406_y_638.963317871094
690.207,jump_input_released,387.891174316406,607.660583496094,0.0,-417.22216796875,Jump,released
690.304,jump_peak_reached,387.891174316406,602.868896484375,0.0,41.2037048339844,jump_peak,x_387.891174316406_y_602.868896484375
690.471,platform_landed,387.891174316406,638.987731933594,0.0,0.0,land_on_platform,platform_scene-1/Tile Map/21_36_layer_Tile Map_tile_21_36_source_1_atlas_2_0
690.471,landed,387.891174316406,638.987731933594,0.0,0.0,land,surface_wood_impact_0.82314825439453
690.54,jump_input_pressed,387.891174316406,638.987731933594,0.0,0.0,Jump,pressed
690.54,jump_executed,387.891174316406,638.987731933594,0.0,-500.0,jump,x_387.891174316406_y_638.987731933594
690.606,jump_input_released,387.891174316406,607.663757324219,0.0,-417.22216796875,Jump,released
690.706,jump_peak_reached,387.891174316406,602.8720703125,0.0,41.2037048339844,jump_peak,x_387.891174316406_y_602.8720703125
690.855,jump_input_pressed,387.891174316406,631.274841308594,0.0,374.537078857422,Jump,pressed
690.873,platform_landed,387.891174316406,638.990905761719,0.0,0.0,land_on_platform,platform_scene-1/Tile Map/21_36_layer_Tile Map_tile_21_36_source_1_atlas_2_0
690.873,landed,387.891174316406,638.990905761719,0.0,0.0,land,surface_wood_impact_0.82314825439453
690.889,jump_executed,387.891174316406,638.990905761719,0.0,-500.0,jump,x_387.891174316406_y_638.990905761719
690.907,jump_input_released,387.891174316406,630.598388671875,0.0,-479.222198486328,Jump,released
691.005,jump_peak_reached,387.891174316406,625.806701660156,0.0,41.2037048339844,jump_peak,x_387.891174316406_y_625.806701660156
691.089,platform_landed,387.891174316406,638.994750976562,0.0,0.0,land_on_platform,platform_scene-1/Tile Map/21_36_layer_Tile Map_tile_21_36_source_1_atlas_2_0
691.089,landed,387.891174316406,638.994750976562,0.0,0.0,land,surface_wood_impact_0.45277777099609
691.506,move_left_pressed,387.891174316406,638.994750976562,-33.3333320617676,0.0,Move_Left,pressed
691.575,musicking,379.557861328125,638.994750976562,-166.666656494141,0.0,osc_received,"value_[1, ""chain-jumps-combo-walk""]"
691.837,musicking,334.557861328125,638.933166503906,-180.0,0.0,osc_received,"value_[1, ""chain-jumps-combo-walk""]"
692.072,jump_input_pressed,332.724517822266,638.933166503906,0.0,0.0,Jump,pressed
692.072,jump_executed,332.724517822266,638.933166503906,0.0,-500.0,jump,x_332.724517822266_y_638.933166503906
692.147,jump_input_released,332.724517822266,607.656677246094,0.0,-417.22216796875,Jump,released
692.247,jump_peak_reached,332.724517822266,602.864990234375,0.0,41.2037048339844,jump_peak,x_332.724517822266_y_602.864990234375
692.413,platform_landed,332.724517822266,638.983825683594,0.0,0.0,land_on_platform,platform_scene-1/Tile Map/18_36_layer_Tile Map_tile_18_36_source_1_atlas_2_0
692.413,landed,332.724517822266,638.983825683594,0.0,0.0,land,surface_wood_impact_0.82314825439453
693.173,move_left_pressed,332.724517822266,638.983825683594,-33.3333320617676,0.0,Move_Left,pressed
693.705,jump_input_pressed,243.391204833984,638.931762695312,-180.0,0.0,Jump,pressed
693.706,jump_executed,243.391204833984,638.931762695312,-180.0,-500.0,jump,x_243.391204833984_y_638.931762695312
693.772,jump_input_released,231.389038085938,607.6572265625,-180.0,-417.22216796875,Jump,released
693.871,jump_peak_reached,213.389038085938,602.865539550781,-180.0,41.2037048339844,jump_peak,x_213.389038085938_y_602.865539550781
694.03,platform_landed,180.389038085938,638.932800292969,-180.0,0.0,land_on_platform,platform_scene-1/Tile Map/9_36_layer_Tile Map_tile_9_36_source_1_atlas_2_0
694.03,landed,180.389038085938,638.932800292969,-180.0,0.0,land,surface_wood_impact_0.82314825439453
694.072,jump_input_pressed,177.389038085938,638.932800292969,-180.0,0.0,Jump,pressed
694.072,jump_executed,177.389038085938,638.932800292969,-180.0,-500.0,jump,x_177.389038085938_y_638.932800292969
694.138,jump_input_released,165.386581420898,607.657470703125,-180.0,-417.22216796875,Jump,released
694.229,jump_peak_reached,147.386581420898,602.865783691406,-180.0,41.2037048339844,jump_peak,x_147.386581420898_y_602.865783691406
694.405,platform_landed,114.386581420898,638.932800292969,-180.0,0.0,land_on_platform,platform_scene-1/Tile Map/6_36_layer_Tile Map_tile_6_36_source_1_atlas_2_0
694.406,landed,114.386581420898,638.932800292969,-180.0,0.0,land,surface_wood_impact_0.82314825439453
694.563,jump_input_pressed,87.3865814208984,638.932800292969,-180.0,0.0,Jump,pressed
694.563,jump_executed,87.3865814208984,638.932800292969,-180.0,-500.0,jump,x_87.3865814208984_y_638.932800292969
694.846,jump_peak_reached,37.6042098999023,547.838012695312,-124.616035461426,109.17497253418,jump_peak,x_37.6042098999023_y_547.838012695312
695.005,jump_input_released,12.7964735031128,586.4365234375,-180.0,442.508361816406,Jump,released
695.081,platform_landed,-5.20352935791016,638.933532714844,-180.0,0.0,land_on_platform,platform_scene-1/Tile Map/-1_36_layer_Tile Map_tile_-1_36_source_1_atlas_2_0
695.081,landed,-5.20352935791016,638.933532714844,-180.0,0.0,land,surface_wood_impact_1.25538720703125
695.405,jump_input_pressed,-7.03686285018921,638.933532714844,0.0,0.0,Jump,pressed
695.406,jump_executed,-7.03686285018921,638.933532714844,0.0,-500.0,jump,x_-7.03686285018921_y_638.933532714844
695.413,jump_peak_reached,-7.03686285018921,630.590942382812,0.0,-479.222198486328,jump_peak,x_-7.03686285018921_y_630.590942382812
695.905,jump_input_released,-7.03686285018921,538.45458984375,0.0,187.963073730469,Jump,released
696.138,move_right_pressed,-7.03686285018921,638.485473632812,15.0,706.481689453125,Move_Right,pressed
696.139,platform_landed,-6.78674173355103,638.932739257812,15.0,0.0,land_on_platform,platform_scene-1/Tile Map/-1_36_layer_Tile Map_tile_-1_36_source_1_atlas_2_0
696.139,landed,-6.78674173355103,638.932739257812,15.0,0.0,land,surface_wood_impact_1.41296337890625
696.472,jump_input_pressed,44.7688179016113,638.932739257812,180.0,0.0,Jump,pressed
696.472,jump_executed,44.7688179016113,638.932739257812,180.0,-500.0,jump,x_44.7688179016113_y_638.932739257812
696.847,jump_input_released,113.77124786377,532.976928710938,180.0,-36.1665573120117,Jump,released
696.905,jump_peak_reached,122.77124786377,532.210266113281,180.0,42.5371475219727,jump_peak,x_122.77124786377_y_532.210266113281
697.047,platform_landed,127.604583740234,566.998046875,0.0,0.0,land_on_platform,platform_scene-1/Tile Map/7_32_layer_Tile Map_tile_7_32_source_1_atlas_0_0
697.048,landed,127.604583740234,566.998046875,0.0,0.0,land,surface_wood_impact_0.75174102783203
697.247,move_left_pressed,127.604583740234,566.998046875,-33.3333320617676,0.0,Move_Left,pressed
697.306,jump_input_pressed,124.261596679688,567.5546875,-133.33332824707,0.0,Jump,pressed
697.306,jump_executed,124.261596679688,567.5546875,-133.33332824707,-500.0,jump,x_124.261596679688_y_567.5546875
697.663,jump_input_released,59.8564910888672,462.494903564453,-180.0,-55.722110748291,Jump,released
697.738,jump_peak_reached,47.8564910888672,460.863433837891,-180.0,43.8149261474609,jump_peak,x_47.8564910888672_y_460.863433837891
697.914,platform_landed,28.0231590270996,512.973754882812,0.0,0.0,land_on_platform,platform_scene-1/Tile Map/1_29_layer_Tile Map_tile_1_29_source_1_atlas_0_0
697.914,landed,28.0231590270996,512.973754882812,0.0,0.0,land,surface_wood_impact_0.97651885986328
698.072,move_left_pressed,28.0231590270996,512.973754882812,-33.3333320617676,0.0,Move_Left,pressed
698.072,jump_input_pressed,28.0231590270996,512.973754882812,-33.3333320617676,0.0,Jump,pressed
698.072,jump_executed,28.0231590270996,512.973754882812,-33.3333320617676,-500.0,jump,x_28.0231590270996_y_512.973754882812
698.504,jump_peak_reached,-36.785270690918,406.101959228516,-180.0,39.8149261474609,jump_peak,x_-36.785270690918_y_406.101959228516
698.563,jump_input_released,-48.785270690918,412.459991455078,-180.0,187.963073730469,Jump,released
698.805,platform_landed,-53.6186027526855,512.9853515625,0.0,0.0,land_on_platform,platform_scene-1/Tile Map/-4_29_layer_Tile Map_tile_-4_29_source_1_atlas_1_0
698.805,landed,-53.6186027526855,512.9853515625,0.0,0.0,land,surface_wood_impact_1.41296337890625
699.071,jump_input_pressed,-53.6186027526855,512.9853515625,0.0,0.0,Jump,pressed
699.071,jump_executed,-53.6186027526855,512.9853515625,0.0,-500.0,jump,x_-53.6186027526855_y_512.9853515625
699.138,jump_input_released,-53.6186027526855,481.662567138672,0.0,-417.22216796875,Jump,released
699.238,jump_peak_reached,-53.6186027526855,476.870910644531,0.0,41.2037048339844,jump_peak,x_-53.6186027526855_y_476.870910644531
699.405,platform_landed,-53.6186027526855,512.98974609375,0.0,0.0,land_on_platform,platform_scene-1/Tile Map/-4_29_layer_Tile Map_tile_-4_29_source_1_atlas_1_0
699.405,landed,-53.6186027526855,512.98974609375,0.0,0.0,land,surface_wood_impact_0.82314825439453
699.414,jump_input_pressed,-53.6186027526855,512.98974609375,0.0,0.0,Jump,pressed
699.414,jump_executed,-53.6186027526855,512.98974609375,0.0,-500.0,jump,x_-53.6186027526855_y_512.98974609375
699.529,jump_input_released,-53.6186027526855,461.811981201172,0.0,-355.722137451172,Jump,released
699.629,jump_peak_reached,-53.6186027526855,457.020324707031,0.0,41.2037048339844,jump_peak,x_-53.6186027526855_y_457.020324707031
699.838,platform_landed,-53.6186027526855,512.973510742188,0.0,0.0,land_on_platform,platform_scene-1/Tile Map/-4_29_layer_Tile Map_tile_-4_29_source_1_atlas_1_0
699.838,landed,-53.6186027526855,512.973510742188,0.0,0.0,land,surface_wood_impact_0.97129644775391
699.938,move_right_pressed,-53.6186027526855,512.973510742188,33.3333320617676,0.0,Move_Right,pressed
700.005,musicking,-45.2854270935059,512.924987792969,166.666656494141,0.0,osc_received,"value_[1, ""chain-jumps-combo-walk""]"
700.513,platform_landed,7.56347036361694,638.981750488281,0.0,0.0,land_on_platform,platform_scene-1/Tile Map/0_36_layer_Tile Map_tile_0_36_source_1_atlas_2_0
700.514,landed,7.56347036361694,638.981750488281,0.0,0.0,land,surface_wood_impact_1.48148168945313
700.971,move_right_pressed,7.56347036361694,638.981750488281,33.3333320617676,0.0,Move_Right,pressed
701.105,jump_input_pressed,24.8968048095703,638.931457519531,180.0,0.0,Jump,pressed
701.105,jump_executed,24.8968048095703,638.931457519531,180.0,-500.0,jump,x_24.8968048095703_y_638.931457519531
701.113,jump_peak_reached,27.8988857269287,630.591430664062,180.0,-479.222198486328,jump_peak,x_27.8988857269287_y_630.591430664062
701.697,platform_landed,135.898895263672,566.932983398438,180.0,0.0,land_on_platform,platform_scene-1/Tile Map/7_32_layer_Tile Map_tile_7_32_source_1_atlas_0_0
701.697,landed,135.898895263672,566.932983398438,180.0,0.0,land,surface_wood_impact_0.82037066650391
701.814,jump_input_released,153.926223754883,568.24560546875,180.0,74.0740737915039,Jump,released
702.038,platform_landed,195.926223754883,638.933654785156,180.0,0.0,land_on_platform,platform_scene-1/Tile Map/10_36_layer_Tile Map_tile_10_36_source_1_atlas_2_0
702.038,landed,195.926223754883,638.933654785156,180.0,0.0,land,surface_wood_impact_1.11111120605469
702.28,jump_input_pressed,237.931106567383,638.925231933594,180.0,0.0,Jump,pressed
702.28,jump_executed,237.931106567383,638.925231933594,180.0,-500.0,jump,x_237.931106567383_y_638.925231933594
702.372,jump_input_released,252.931457519531,600.697448730469,180.0,-396.666595458984,Jump,released
702.471,jump_peak_reached,270.931457519531,595.90576171875,180.0,41.2037048339844,jump_peak,x_270.931457519531_y_595.90576171875
702.648,platform_landed,306.931457519531,638.933410644531,180.0,0.0,land_on_platform,platform_scene-1/Tile Map/16_36_layer_Tile Map_tile_16_36_source_1_atlas_2_0
702.648,landed,306.931457519531,638.933410644531,180.0,0.0,land,surface_wood_impact_0.89722235107422
702.905,jump_input_pressed,348.935943603516,638.925231933594,180.0,0.0,Jump,pressed
702.905,jump_executed,348.935943603516,638.925231933594,180.0,-500.0,jump,x_348.935943603516_y_638.925231933594
703.265,jump_input_released,414.936279296875,533.925231933594,180.0,-55.722110748291,Jump,released
703.338,jump_peak_reached,426.936279296875,532.293762207031,180.0,43.8149261474609,jump_peak,x_426.936279296875_y_532.293762207031
703.438,platform_landed,447.618713378906,549.794799804688,180.0,0.0,land_on_platform,platform_scene-1/Tile Map/25_31_layer_Tile Map_tile_25_31_source_1_atlas_1_0
703.438,landed,447.618713378906,549.794799804688,180.0,0.0,land,surface_wood_impact_0.53207427978516
703.563,coin_collected,468.019439697266,548.996520996094,180.0,0.0,collect_coin,coin_coin_score_2
704.072,platform_landed,561.038879394531,638.932800292969,180.0,0.0,land_on_platform,platform_scene-1/Tile Map/31_36_layer_Tile Map_tile_31_36_source_1_atlas_2_0
704.072,landed,561.038879394531,638.932800292969,180.0,0.0,land,surface_wood_impact_1.25925939941406
704.206,jump_input_pressed,582.038879394531,638.932800292969,180.0,0.0,Jump,pressed
704.206,jump_executed,582.038879394531,638.932800292969,180.0,-500.0,jump,x_582.038879394531_y_638.932800292969
704.405,jump_peak_reached,618.04052734375,570.689819335938,180.0,74.0740737915039,jump_peak,x_618.04052734375_y_570.689819335938
704.58,jump_input_released,651.04052734375,618.220642089844,180.0,481.481536865234,Jump,released
704.613,platform_landed,660.04052734375,638.933349609375,180.0,0.0,land_on_platform,platform_scene-1/Tile Map/36_36_layer_Tile Map_tile_36_36_source_1_atlas_12_0
704.613,landed,660.04052734375,638.933349609375,180.0,0.0,land,surface_wood_impact_1.11111120605469
705.788,jump_input_pressed,867.04052734375,638.933349609375,180.0,0.0,Jump,pressed
705.788,jump_executed,867.04052734375,638.933349609375,180.0,-500.0,jump,x_867.04052734375_y_638.933349609375
706.222,jump_peak_reached,945.043090820312,532.097534179688,180.0,39.8149261474609,jump_peak,x_945.043090820312_y_532.097534179688
706.289,jump_input_released,947.72314453125,537.181091308594,15.0,187.963073730469,Jump,released
706.522,platform_landed,964.425231933594,638.933837890625,165.0,0.0,land_on_platform,platform_scene-1/Tile Map/53_36_layer_Tile Map_tile_53_36_source_1_atlas_12_0
706.522,landed,964.425231933594,638.933837890625,165.0,0.0,land,surface_wood_impact_1.41296337890625
706.672,move_left_pressed,978.258544921875,638.933837890625,-33.3333320617676,0.0,Move_Left,pressed
708.673,jump_input_pressed,641.096923828125,638.925231933594,0.0,0.0,Jump,pressed
708.673,jump_executed,641.096923828125,638.925231933594,0.0,-500.0,jump,x_641.096923828125_y_638.925231933594
708.829,jump_input_released,641.096923828125,571.012084960938,0.0,-294.722106933594,Jump,released
708.871,jump_peak_reached,641.096923828125,570.683837890625,0.0,74.0740737915039,jump_peak,x_641.096923828125_y_570.683837890625
709.08,platform_landed,641.096923828125,638.968444824219,0.0,0.0,land_on_platform,platform_scene-1/Tile Map/35_36_layer_Tile Map_tile_35_36_source_1_atlas_12_0
709.08,landed,641.096923828125,638.968444824219,0.0,0.0,land,surface_wood_impact_1.11111120605469
709.306,jump_input_pressed,641.096923828125,638.968444824219,0.0,0.0,Jump,pressed
709.306,jump_executed,641.096923828125,638.968444824219,0.0,-500.0,jump,x_641.096923828125_y_638.968444824219
709.505,jump_peak_reached,641.096923828125,570.685791015625,0.0,74.0740737915039,jump_peak,x_641.096923828125_y_570.685791015625
709.714,platform_landed,641.096923828125,638.970397949219,0.0,0.0,land_on_platform,platform_scene-1/Tile Map/35_36_layer_Tile Map_tile_35_36_source_1_atlas_12_0
709.714,landed,641.096923828125,638.970397949219,0.0,0.0,land,surface_wood_impact_1.11111120605469
709.797,jump_input_released,641.096923828125,638.970397949219,0.0,0.0,Jump,released
709.849,move_left_pressed,641.096923828125,638.970397949219,-33.3333320617676,0.0,Move_Left,pressed
710.181,jump_input_pressed,587.763610839844,638.970397949219,-180.0,0.0,Jump,pressed
710.181,jump_executed,587.763610839844,638.970397949219,-180.0,-500.0,jump,x_587.763610839844_y_638.970397949219
710.613,jump_peak_reached,509.750732421875,532.10595703125,-180.0,39.8149261474609,jump_peak,x_509.750732421875_y_532.10595703125
710.713,platform_landed,488.750732421875,548.933654785156,-180.0,0.0,land_on_platform,platform_scene-1/Tile Map/27_31_layer_Tile Map_tile_27_31_source_1_atlas_3_0
710.713,landed,488.750732421875,548.933654785156,-180.0,0.0,land,surface_wood_impact_0.52407427978516
710.739,jump_input_released,488.750732421875,548.933654785156,-96.6666641235352,0.0,Jump,released
710.939,jump_input_pressed,486.906768798828,548.933654785156,0.0,0.0,Jump,pressed
710.939,jump_executed,486.906768798828,548.933654785156,0.0,-500.0,jump,x_486.906768798828_y_548.933654785156
711.105,move_right_pressed,486.906768798828,481.012298583984,15.0,-294.722106933594,Move_Right,pressed
711.207,jump_input_released,492.156768798828,456.502136230469,105.0,-174.222106933594,Jump,released
711.305,jump_peak_reached,501.767883300781,451.710479736328,0.0,41.2037048339844,jump_peak,x_501.767883300781_y_451.710479736328
711.48,platform_landed,501.767883300781,495.785278320312,0.0,0.0,land_on_platform,platform_scene-1/Tile Map/28_28_layer_Tile Map_tile_28_28_source_1_atlas_1_0
711.48,landed,501.767883300781,495.785278320312,0.0,0.0,land,surface_wood_impact_0.89722235107422
712.006,move_right_pressed,501.767883300781,495.785278320312,33.3333320617676,0.0,Move_Right,pressed
712.013,jump_input_pressed,502.189666748047,495.510986328125,66.6666641235352,0.0,Jump,pressed
712.013,jump_executed,502.189666748047,495.510986328125,66.6666641235352,-500.0,jump,x_502.189666748047_y_495.510986328125
712.347,jump_input_released,554.078979492188,393.387268066406,180.0,-94.9998931884766,Jump,released
712.447,jump_peak_reached,558.912292480469,389.095611572266,0.0,46.2038116455078,jump_peak,x_558.912292480469_y_389.095611572266
712.605,platform_landed,558.912292480469,422.992614746094,0.0,0.0,land_on_platform,platform_scene-1/Tile Map/30_24_layer_Tile Map_tile_30_24_source_1_atlas_1_0
712.605,landed,558.912292480469,422.992614746094,0.0,0.0,land,surface_wood_impact_0.75907434082031
712.706,move_left_pressed,558.912292480469,422.992614746094,-33.3333320617676,0.0,Move_Left,pressed
712.706,jump_input_pressed,558.912292480469,422.992614746094,-33.3333320617676,0.0,Jump,pressed
712.707,jump_executed,558.912292480469,422.992614746094,-33.3333320617676,-500.0,jump,x_558.912292480469_y_422.992614746094
712.981,jump_input_released,521.102416992188,327.584350585938,-180.0,-154.333221435547,Jump,released
713.08,jump_peak_reached,507.269073486328,322.792694091797,0.0,41.2037048339844,jump_peak,x_507.269073486328_y_322.792694091797
713.264,platform_landed,507.269073486328,368.999572753906,0.0,0.0,land_on_platform,platform_scene-1/Tile Map/28_21_layer_Tile Map_tile_28_21_source_1_atlas_3_0
713.264,landed,507.269073486328,368.999572753906,0.0,0.0,land,surface_wood_impact_0.89722235107422
713.349,move_left_pressed,507.269073486328,368.999572753906,-33.3333320617676,0.0,Move_Left,pressed
713.372,jump_input_pressed,506.713531494141,368.999572753906,-66.6666641235352,0.0,Jump,pressed
713.372,jump_executed,506.713531494141,368.999572753906,-66.6666641235352,-500.0,jump,x_506.713531494141_y_368.999572753906
713.471,jump_input_released,496.288238525391,324.091430664062,-156.666656494141,-376.166595458984,Jump,released
713.563,jump_peak_reached,478.816009521484,319.299774169922,-180.0,41.2037048339844,jump_peak,x_478.816009521484_y_319.299774169922
713.75,move_left_pressed,452.982666015625,360.804412841797,-15.0,448.611175537109,Move_Left,pressed
713.781,coin_collected,452.232666015625,376.375427246094,-30.0,485.648223876953,collect_coin,coin_coin2_score_4
713.806,platform_landed,451.482666015625,386.981750488281,0.0,0.0,land_on_platform,platform_scene-1/Tile Map/25_22_layer_Tile Map_tile_25_22_source_1_atlas_3_0
713.806,landed,451.482666015625,386.981750488281,0.0,0.0,land,surface_wood_impact_1.11944458007812
714.072,move_right_pressed,451.482666015625,386.981750488281,33.3333320617676,0.0,Move_Right,pressed
714.072,jump_input_pressed,451.482666015625,386.981750488281,33.3333320617676,0.0,Jump,pressed
714.072,jump_executed,451.482666015625,386.981750488281,33.3333320617676,-500.0,jump,x_451.482666015625_y_386.981750488281
714.181,jump_input_released,460.624908447266,335.810668945312,138.33332824707,-355.722137451172,Jump,released
714.28,jump_peak_reached,477.291534423828,331.019012451172,180.0,41.2037048339844,jump_peak,x_477.291534423828_y_331.019012451172
714.447,platform_landed,485.124877929688,368.986694335938,0.0,0.0,land_on_platform,platform_scene-1/Tile Map/26_21_layer_Tile Map_tile_26_21_source_1_atlas_1_0
714.447,landed,485.124877929688,368.986694335938,0.0,0.0,land,surface_wood_impact_0.82314825439453
714.539,move_right_pressed,485.124877929688,368.986694335938,33.3333320617676,0.0,Move_Right,pressed
714.597,jump_input_pressed,490.680419921875,368.93212890625,166.666656494141,0.0,Jump,pressed
714.597,jump_executed,490.680419921875,368.93212890625,166.666656494141,-500.0,jump,x_490.680419921875_y_368.93212890625
714.814,jump_peak_reached,529.46142578125,295.686981201172,180.0,74.0740737915039,jump_peak,x_529.46142578125_y_295.686981201172
714.848,jump_input_released,535.46142578125,298.773376464844,180.0,148.148147583008,Jump,released
715.014,platform_landed,568.473999023438,353.934478759766,180.0,0.0,land_on_platform,platform_scene-1/Tile Map/31_20_layer_Tile Map_tile_31_20_source_1_atlas_17_3
715.014,landed,568.473999023438,353.934478759766,180.0,0.0,land,surface_wood_impact_1.037037109375
715.38,move_right_pressed,588.307434082031,353.964202880859,33.3333320617676,0.0,Move_Right,pressed
715.439,jump_input_pressed,591.640747070312,354.044281005859,133.33332824707,0.0,Jump,pressed
715.439,jump_executed,591.640747070312,354.044281005859,133.33332824707,-500.0,jump,x_591.640747070312_y_354.044281005859
715.606,jump_input_released,620.045532226562,286.072570800781,180.0,-294.722106933594,Jump,released
715.705,jump_peak_reached,638.045532226562,281.280914306641,180.0,41.2037048339844,jump_peak,x_638.045532226562_y_281.280914306641
715.848,platform_landed,668.130676269531,315.008178710938,180.0,0.0,land_on_platform,platform_scene-1/Tile Map/36_18_layer_Tile Map_tile_36_18_source_1_atlas_0_0
715.848,landed,668.130676269531,315.008178710938,180.0,0.0,land,surface_wood_impact_0.74907415771484
715.905,coin_collected,674.130676269531,315.625457763672,180.0,37.037036895752,collect_coin,coin_coin3_score_6
716.005,platform_landed,687.963989257812,332.976928710938,0.0,0.0,land_on_platform,platform_scene-1/Tile Map/38_19_layer_Tile Map_tile_38_19_source_1_atlas_3_0
716.005,landed,687.963989257812,332.976928710938,0.0,0.0,land,surface_wood_impact_0.59259259033203
716.306,jump_input_pressed,687.963989257812,332.976928710938,0.0,0.0,Jump,pressed
716.306,jump_executed,687.963989257812,332.976928710938,0.0,-500.0,jump,x_687.963989257812_y_332.976928710938
716.348,move_right_pressed,687.963989257812,308.963256835938,15.0,-437.833282470703,Move_Right,pressed
716.397,jump_input_released,689.463989257812,288.087310791016,60.0,-376.166595458984,Jump,released
716.505,jump_peak_reached,699.213989257812,283.295654296875,150.0,41.2037048339844,jump_peak,x_699.213989257812_y_283.295654296875
716.647,platform_landed,702.825073242188,314.990295410156,0.0,0.0,land_on_platform,platform_scene-1/Tile Map/39_18_layer_Tile Map_tile_39_18_source_1_atlas_0_0
716.647,landed,702.825073242188,314.990295410156,0.0,0.0,land,surface_wood_impact_0.74907415771484
716.839,jump_input_pressed,702.825073242188,314.990295410156,0.0,0.0,Jump,pressed
716.839,jump_executed,702.825073242188,314.990295410156,0.0,-500.0,jump,x_702.825073242188_y_314.990295410156
716.914,move_left_pressed,702.825073242188,276.707611083984,-15.0,-396.666595458984,Move_Left,pressed
717.206,jump_input_released,668.325073242188,209.935363769531,-180.0,-55.722110748291,Jump,released
717.263,jump_peak_reached,656.325073242188,208.303894042969,-180.0,43.8149261474609,jump_peak,x_656.325073242188_y_208.303894042969
717.413,platform_landed,648.491760253906,242.991302490234,0.0,0.0,land_on_platform,platform_scene-1/Tile Map/35_14_layer_Tile Map_tile_35_14_source_1_atlas_2_0
717.413,landed,648.491760253906,242.991302490234,0.0,0.0,land,surface_wood_impact_0.75429656982422
717.53,jump_input_pressed,648.491760253906,242.991302490234,0.0,0.0,Jump,pressed
717.53,jump_executed,648.491760253906,242.991302490234,0.0,-500.0,jump,x_648.491760253906_y_242.991302490234
717.596,move_left_pressed,648.491760253906,211.660797119141,-15.0,-417.22216796875,Move_Left,pressed
717.881,jump_input_released,613.991760253906,139.206161499023,-180.0,-75.3332214355469,Jump,released
717.971,jump_peak_reached,598.991760253906,136.400619506836,-180.0,45.0371475219727,jump_peak,x_598.991760253906_y_136.400619506836
718.114,platform_landed,585.158447265625,170.994857788086,0.0,0.0,land_on_platform,platform_scene-1/Tile Map/32_10_layer_Tile Map_tile_32_10_source_1_atlas_2_0
718.114,landed,585.158447265625,170.994857788086,0.0,0.0,land,surface_wood_impact_0.75674102783203
718.439,move_left_pressed,585.158447265625,170.994857788086,-33.3333320617676,0.0,Move_Left,pressed
718.606,jump_input_pressed,561.825134277344,170.933181762695,-180.0,0.0,Jump,pressed
718.606,jump_executed,561.825134277344,170.933181762695,-180.0,-500.0,jump,x_561.825134277344_y_170.933181762695
718.739,jump_input_released,537.822570800781,115.067031860352,-180.0,37.037036895752,Jump,released
718.747,jump_peak_reached,534.821044921875,115.684631347656,-180.0,74.0740737915039,jump_peak,x_534.821044921875_y_115.684631347656
719.206,platform_landed,487.6201171875,368.951049804688,0.0,0.0,land_on_platform,platform_scene-1/Tile Map/27_21_layer_Tile Map_tile_27_21_source_1_atlas_2_0
719.206,landed,487.6201171875,368.951049804688,0.0,0.0,land,surface_wood_impact_2.1481484375
720.039,move_left_pressed,487.6201171875,368.951049804688,-33.3333320617676,0.0,Move_Left,pressed
720.106,jump_input_pressed,482.064575195312,368.927520751953,-166.666656494141,0.0,Jump,pressed
720.106,jump_executed,482.064575195312,368.927520751953,-166.666656494141,-500.0,jump,x_482.064575195312_y_368.927520751953
720.197,jump_input_released,464.285888671875,324.081237792969,-180.0,-376.166595458984,Jump,released
720.305,jump_peak_reached,446.285888671875,319.289581298828,-180.0,41.2037048339844,jump_peak,x_446.285888671875_y_319.289581298828
720.506,platform_landed,408.674774169922,368.932678222656,-96.6666641235352,0.0,land_on_platform,platform_scene-1/Tile Map/22_21_layer_Tile Map_tile_22_21_source_1_atlas_3_0
720.506,landed,408.674774169922,368.932678222656,-96.6666641235352,0.0,land,surface_wood_impact_0.97129644775391
720.914,move_left_pressed,408.452545166016,368.932678222656,-33.3333320617676,0.0,Move_Left,pressed
721.106,jump_input_pressed,382.119232177734,368.925140380859,-180.0,0.0,Jump,pressed
721.106,jump_executed,382.119232177734,368.925140380859,-180.0,-500.0,jump,x_382.119232177734_y_368.925140380859
721.271,jump_input_released,352.118927001953,301.012237548828,-180.0,-294.722106933594,Jump,released
721.363,jump_peak_reached,334.118927001953,296.220581054688,-180.0,41.2037048339844,jump_peak,x_334.118927001953_y_296.220581054688
721.539,platform_landed,308.285583496094,335.983551025391,0.0,0.0,land_on_platform,platform_scene-1/Tile Map/17_19_layer_Tile Map_tile_17_19_source_1_atlas_18_3
721.539,landed,308.285583496094,335.983551025391,0.0,0.0,land,surface_wood_impact_0.82314825439453
721.63,jump_input_pressed,308.285583496094,335.983551025391,0.0,0.0,Jump,pressed
721.63,jump_executed,308.285583496094,335.983551025391,0.0,-500.0,jump,x_308.285583496094_y_335.983551025391
721.772,move_right_pressed,308.285583496094,278.883026123047,15.0,-335.333251953125,Move_Right,pressed
721.947,jump_input_released,324.785583496094,235.748764038086,180.0,-114.722114562988,Jump,released
722.047,jump_peak_reached,335.618927001953,230.957092285156,0.0,41.2037048339844,jump_peak,x_335.618927001953_y_230.957092285156
722.339,platform_landed,335.618927001953,336.015686035156,0.0,0.0,land_on_platform,platform_scene-1/Tile Map/18_19_layer_Tile Map_tile_18_19_source_1_atlas_19_3
722.339,landed,335.618927001953,336.015686035156,0.0,0.0,land,surface_wood_impact_1.34166687011719
722.414,move_left_pressed,335.618927001953,336.015686035156,-33.3333320617676,0.0,Move_Left,pressed
722.748,jump_input_pressed,282.286743164062,335.946411132812,-180.0,0.0,Jump,pressed
722.748,jump_executed,282.286743164062,335.946411132812,-180.0,-500.0,jump,x_282.286743164062_y_335.946411132812
722.771,jump_peak_reached,279.281951904297,327.598876953125,-180.0,-479.222198486328,jump_peak,x_279.281951904297_y_327.598876953125
722.863,jump_input_released,261.281951904297,284.813659667969,-180.0,-355.722137451172,Jump,released
723.513,platform_landed,229.448608398438,638.97412109375,0.0,0.0,land_on_platform,platform_scene-1/Tile Map/12_36_layer_Tile Map_tile_12_36_source_1_atlas_2_0
723.513,landed,229.448608398438,638.97412109375,0.0,0.0,land,surface_wood_impact_2.5268515625
724.272,move_right_pressed,229.448608398438,638.97412109375,33.3333320617676,0.0,Move_Right,pressed
724.971,jump_input_pressed,348.781951904297,638.924865722656,180.0,0.0,Jump,pressed
724.971,jump_executed,348.781951904297,638.924865722656,180.0,-500.0,jump,x_348.781951904297_y_638.924865722656
724.98,jump_peak_reached,351.782196044922,630.589965820312,180.0,-479.222198486328,jump_peak,x_351.782196044922_y_630.589965820312
725.206,jump_input_released,390.782196044922,553.336242675781,180.0,-214.166549682617,Jump,released
725.472,platform_landed,419.615539550781,584.984924316406,0.0,0.0,land_on_platform,platform_scene-1/Tile Map/23_33_layer_Tile Map_tile_23_33_source_1_atlas_3_0
725.472,landed,419.615539550781,584.984924316406,0.0,0.0,land,surface_wood_impact_0.82314825439453
725.615,jump_input_pressed,419.615539550781,584.984924316406,0.0,0.0,Jump,pressed
725.616,jump_executed,419.615539550781,584.984924316406,0.0,-500.0,jump,x_419.615539550781_y_584.984924316406
725.631,move_right_pressed,419.615539550781,576.59765625,15.0,-479.222198486328,Move_Right,pressed
725.772,jump_input_released,428.615539550781,522.279174804688,135.0,-314.999908447266,Jump,released
725.863,jump_peak_reached,445.115539550781,517.487487792969,180.0,41.2037048339844,jump_peak,x_445.115539550781_y_517.487487792969
726.014,platform_landed,464.948883056641,548.986999511719,0.0,0.0,land_on_platform,platform_scene-1/Tile Map/25_31_layer_Tile Map_tile_25_31_source_1_atlas_1_0
726.014,landed,464.948883056641,548.986999511719,0.0,0.0,land,surface_wood_impact_0.74907415771484
726.139,move_right_pressed,464.948883056641,548.986999511719,33.3333320617676,0.0,Move_Right,pressed
726.139,jump_input_pressed,464.948883056641,548.986999511719,33.3333320617676,0.0,Jump,pressed
726.139,jump_executed,464.948883056641,548.986999511719,33.3333320617676,-500.0,jump,x_464.948883056641_y_548.986999511719
726.372,jump_input_released,493.757965087891,463.344390869141,180.0,-214.166549682617,Jump,released
726.472,jump_peak_reached,511.757965087891,458.552734375,180.0,41.2037048339844,jump_peak,x_511.757965087891_y_458.552734375
726.638,platform_landed,525.591247558594,494.993103027344,0.0,0.0,land_on_platform,platform_scene-1/Tile Map/29_28_layer_Tile Map_tile_29_28_source_1_atlas_2_0
726.638,landed,525.591247558594,494.993103027344,0.0,0.0,land,surface_wood_impact_0.82314825439453
726.781,jump_input_pressed,525.591247558594,494.993103027344,0.0,0.0,Jump,pressed
726.781,jump_executed,525.591247558594,494.993103027344,0.0,-500.0,jump,x_525.591247558594_y_494.993103027344
726.881,move_right_pressed,525.591247558594,450.089416503906,15.0,-376.166595458984,Move_Right,pressed
727.105,jump_input_released,548.091247558594,394.7431640625,180.0,-114.722114562988,Jump,released
727.196,jump_peak_reached,555.924560546875,389.951507568359,0.0,41.2037048339844,jump_peak,x_555.924560546875_y_389.951507568359
727.347,platform_landed,555.924560546875,422.987243652344,0.0,0.0,land_on_platform,platform_scene-1/Tile Map/30_24_layer_Tile Map_tile_30_24_source_1_atlas_1_0
727.347,landed,555.924560546875,422.987243652344,0.0,0.0,land,surface_wood_impact_0.74907415771484
727.481,jump_input_pressed,555.924560546875,422.987243652344,0.0,0.0,Jump,pressed
727.481,jump_executed,555.924560546875,422.987243652344,0.0,-500.0,jump,x_555.924560546875_y_422.987243652344
727.514,move_left_pressed,555.924560546875,406.609069824219,-15.0,-458.499969482422,Move_Left,pressed
727.714,jump_input_released,536.424560546875,337.344268798828,-180.0,-214.166549682617,Jump,released
727.813,jump_peak_reached,518.424560546875,332.552612304688,-180.0,41.2037048339844,jump_peak,x_518.424560546875_y_332.552612304688
727.981,platform_landed,485.425598144531,368.931915283203,-180.0,0.0,land_on_platform,platform_scene-1/Tile Map/26_21_layer_Tile Map_tile_26_21_source_1_atlas_1_0
727.981,landed,485.425598144531,368.931915283203,-180.0,0.0,land,surface_wood_impact_0.82314825439453
728.006,jump_input_pressed,485.425598144531,368.931915283203,-180.0,0.0,Jump,pressed
728.006,jump_executed,485.425598144531,368.931915283203,-180.0,-500.0,jump,x_485.425598144531_y_368.931915283203
728.113,jump_input_released,464.423400878906,317.806365966797,-180.0,-355.722137451172,Jump,released
728.214,jump_peak_reached,446.423400878906,313.014709472656,-180.0,41.2037048339844,jump_peak,x_446.423400878906_y_313.014709472656
728.414,platform_landed,417.590057373047,369.489624023438,0.0,0.0,land_on_platform,platform_scene-1/Tile Map/22_21_layer_Tile Map_tile_22_21_source_1_atlas_3_0
728.414,landed,417.590057373047,369.489624023438,0.0,0.0,land,surface_wood_impact_0.97129644775391
728.747,move_left_pressed,417.590057373047,369.489624023438,-33.3333320617676,0.0,Move_Left,pressed
729.071,move_left_pressed,411.349700927734,368.992462158203,-33.3333320617676,0.0,Move_Left,pressed
729.214,jump_input_pressed,391.016387939453,368.992462158203,-180.0,0.0,Jump,pressed
729.214,jump_executed,391.016387939453,368.992462158203,-180.0,-500.0,jump,x_391.016387939453_y_368.992462158203
729.221,musicking,387.997406005859,360.60546875,-180.0,-500.055541992188,osc_received,"value_[1, ""chain-jumps-combo-walk""]"
729.381,jump_input_released,360.997406005859,301.027679443359,-180.0,-294.722106933594,Jump,released
729.48,jump_peak_reached,342.997406005859,296.236022949219,-180.0,41.2037048339844,jump_peak,x_342.997406005859_y_296.236022949219
729.647,platform_landed,314.169281005859,335.958740234375,-13.3333311080933,0.0,land_on_platform,platform_scene-1/Tile Map/17_19_layer_Tile Map_tile_17_19_source_1_atlas_18_3
729.648,landed,314.169281005859,335.958740234375,-13.3333311080933,0.0,land,surface_wood_impact_0.82314825439453
729.796,jump_input_pressed,314.169281005859,335.958740234375,0.0,0.0,Jump,pressed
729.797,jump_executed,314.169281005859,335.958740234375,0.0,-500.0,jump,x_314.169281005859_y_335.958740234375
729.848,move_right_pressed,314.169281005859,311.982788085938,15.0,-437.833282470703,Move_Right,pressed
730.139,jump_input_released,348.669281005859,233.829986572266,180.0,-94.9998931884766,Jump,released
730.238,jump_peak_reached,366.669281005859,229.538330078125,180.0,46.2038116455078,jump_peak,x_366.669281005859_y_229.538330078125
730.381,platform_landed,371.502624511719,263.991302490234,0.0,0.0,land_on_platform,platform_scene-1/Tile Map/20_15_layer_Tile Map_tile_20_15_source_1_atlas_13_6
730.381,landed,371.502624511719,263.991302490234,0.0,0.0,land,surface_wood_impact_0.75907434082031
730.397,jump_input_pressed,371.502624511719,263.991302490234,0.0,0.0,Jump,pressed
730.397,jump_executed,371.502624511719,263.991302490234,0.0,-500.0,jump,x_371.502624511719_y_263.991302490234
730.606,move_left_pressed,371.502624511719,186.522994995117,-15.0,-254.333206176758,Move_Left,pressed
730.706,jump_input_released,366.252624511719,166.012802124023,-105.0,-134.499893188477,Jump,released
730.805,jump_peak_reached,356.641510009766,161.221130371094,0.0,41.2037048339844,jump_peak,x_356.641510009766_y_161.221130371094
730.938,platform_landed,356.641510009766,188.975708007812,0.0,0.0,land_on_platform,platform_scene-1/Tile Map/19_11_layer_Tile Map_tile_19_11_source_1_atlas_3_0
730.938,landed,356.641510009766,188.975708007812,0.0,0.0,land,surface_wood_impact_0.67500006103516
730.947,move_right_pressed,356.641510009766,188.975708007812,33.3333320617676,0.0,Move_Right,pressed
731.005,jump_input_pressed,359.974822998047,188.975708007812,133.33332824707,0.0,Jump,pressed
731.005,jump_executed,359.974822998047,188.975708007812,133.33332824707,-500.0,jump,x_359.974822998047_y_188.975708007812
731.281,jump_input_released,409.374938964844,93.592041015625,180.0,-154.333221435547,Jump,released
731.381,jump_peak_reached,427.374938964844,88.8003768920898,180.0,41.2037048339844,jump_peak,x_427.374938964844_y_88.8003768920898
731.58,coin_collected,463.374938964844,137.781875610352,180.0,448.611175537109,collect_coin,coin_coin5_score_8
731.606,platform_landed,467.986022949219,152.933578491211,96.6666641235352,0.0,land_on_platform,platform_scene-1/Tile Map/25_9_layer_Tile Map_tile_25_9_source_1_atlas_2_0
731.606,landed,467.986022949219,152.933578491211,96.6666641235352,0.0,land,surface_wood_impact_1.04537048339844
731.93,jump_input_pressed,468.208251953125,152.933578491211,0.0,0.0,Jump,pressed
731.93,jump_executed,468.208251953125,152.933578491211,0.0,-500.0,jump,x_468.208251953125_y_152.933578491211
731.972,move_left_pressed,468.208251953125,136.602096557617,-15.0,-458.499969482422,Move_Left,pressed
732.081,jump_input_released,461.208251953125,90.2724685668945,-120.0,-314.999908447266,Jump,released
732.18,jump_peak_reached,445.708251953125,85.4808044433594,-180.0,41.2037048339844,jump_peak,x_445.708251953125_y_85.4808044433594
732.413,platform_landed,440.874908447266,152.998764038086,0.0,0.0,land_on_platform,platform_scene-1/Tile Map/24_9_layer_Tile Map_tile_24_9_source_1_atlas_1_0
732.413,landed,440.874908447266,152.998764038086,0.0,0.0,land,surface_wood_impact_1.11944458007812
732.947,move_right_pressed,440.874908447266,152.998764038086,33.3333320617676,0.0,Move_Right,pressed
732.947,jump_input_pressed,440.874908447266,152.998764038086,33.3333320617676,0.0,Jump,pressed
732.947,jump_executed,440.874908447266,152.998764038086,33.3333320617676,-500.0,jump,x_440.874908447266_y_152.998764038086
733.105,jump_input_released,454.879119873047,90.2811965942383,168.33332824707,-314.999908447266,Jump,released
733.196,jump_peak_reached,472.684661865234,85.4895324707031,180.0,41.2037048339844,jump_peak,x_472.684661865234_y_85.4895324707031
733.405,platform_landed,486.518005371094,134.976913452148,0.0,0.0,land_on_platform,platform_scene-1/Tile Map/27_8_layer_Tile Map_tile_27_8_source_1_atlas_0_0
733.406,landed,486.518005371094,134.976913452148,0.0,0.0,land,surface_wood_impact_0.97129644775391
733.647,jump_input_pressed,486.518005371094,134.976913452148,0.0,0.0,Jump,pressed
733.647,jump_executed,486.518005371094,134.976913452148,0.0,-500.0,jump,x_486.518005371094_y_134.976913452148
733.714,move_right_pressed,486.518005371094,103.676773071289,15.0,-417.22216796875,Move_Right,pressed
733.872,jump_input_released,497.768005371094,53.2740058898926,150.0,-234.222106933594,Jump,released
733.963,jump_peak_reached,515.018005371094,48.4823379516602,180.0,41.2037048339844,jump_peak,x_515.018005371094_y_48.4823379516602
734.114,platform_landed,522.851318359375,80.9816131591797,0.0,0.0,land_on_platform,platform_scene-1/Tile Map/28_5_layer_Tile Map_tile_28_5_source_1_atlas_1_0
734.114,landed,522.851318359375,80.9816131591797,0.0,0.0,land,surface_wood_impact_0.74907415771484
734.239,move_right_pressed,522.851318359375,80.9816131591797,33.3333320617676,0.0,Move_Right,pressed
734.338,jump_input_pressed,534.185913085938,80.9280700683594,180.0,0.0,Jump,pressed
734.338,jump_executed,534.185913085938,80.9280700683594,180.0,-500.0,jump,x_534.185913085938_y_80.9280700683594
734.548,jump_input_released,573.18701171875,-0.74635028839111,180.0,-234.222106933594,Jump,released
734.647,jump_peak_reached,591.18701171875,-5.5380163192749,180.0,41.2037048339844,jump_peak,x_591.18701171875_y_-5.5380163192749
734.848,platform_landed,630.18701171875,44.9334373474121,180.0,0.0,land_on_platform,platform_scene-1/Tile Map/34_3_layer_Tile Map_tile_34_3_source_1_atlas_14_0
734.848,landed,630.18701171875,44.9334373474121,180.0,0.0,land,surface_wood_impact_0.97129644775391
734.939,jump_input_pressed,638.020324707031,44.9334373474121,0.0,0.0,Jump,pressed
734.939,jump_executed,638.020324707031,44.9334373474121,0.0,-500.0,jump,x_638.020324707031_y_44.9334373474121
735.264,move_right_pressed,638.020324707031,-57.1951217651367,15.0,-94.9998931884766,Move_Right,pressed
735.306,jump_input_released,638.770324707031,-60.0738220214844,45.0,-55.722110748291,Jump,released
735.371,jump_peak_reached,643.270324707031,-61.7052955627441,105.0,43.8149261474609,jump_peak,x_643.270324707031_y_-61.7052955627441
735.514,platform_landed,647.631408691406,-26.8705654144287,0.0,0.0,land_on_platform,platform_scene-1/Tile Map/36_-1_layer_Tile Map_tile_36_-1_source_1_atlas_13_7
735.514,landed,647.631408691406,-26.8705654144287,0.0,0.0,land,surface_wood_impact_0.75429656982422
736.106,move_right_pressed,647.631408691406,-26.8705654144287,33.3333320617676,0.0,Move_Right,pressed
736.438,jump_input_pressed,660.781433105469,-27.0644969940186,0.0,0.0,Jump,pressed
736.438,jump_executed,660.781433105469,-27.0644969940186,0.0,-500.0,jump,x_660.781433105469_y_-27.0644969940186
736.506,jump_input_released,660.781433105469,-58.3430252075195,0.0,-417.22216796875,Jump,released
736.605,jump_peak_reached,660.781433105469,-63.134693145752,0.0,41.2037048339844,jump_peak,x_660.781433105469_y_-63.134693145752
736.772,platform_landed,660.781433105469,-27.0158939361572,0.0,0.0,land_on_platform,platform_scene-1/Tile Map/36_-1_layer_Tile Map_tile_36_-1_source_1_atlas_13_7
736.772,landed,660.781433105469,-27.0158939361572,0.0,0.0,land,surface_wood_impact_0.82314825439453
736.964,jump_input_pressed,660.781433105469,-27.0158939361572,0.0,0.0,Jump,pressed
736.964,jump_executed,660.781433105469,-27.0158939361572,0.0,-500.0,jump,x_660.781433105469_y_-27.0158939361572
737.038,jump_input_released,660.781433105469,-58.336727142334,0.0,-417.22216796875,Jump,released
737.13,jump_peak_reached,660.781433105469,-63.1283950805664,0.0,41.2037048339844,jump_peak,x_660.781433105469_y_-63.1283950805664
737.306,platform_landed,660.781433105469,-27.0095920562744,0.0,0.0,land_on_platform,platform_scene-1/Tile Map/36_-1_layer_Tile Map_tile_36_-1_source_1_atlas_13_7
737.306,landed,660.781433105469,-27.0095920562744,0.0,0.0,land,surface_wood_impact_0.82314825439453
737.539,move_right_pressed,660.781433105469,-27.0095920562744,33.3333320617676,0.0,Move_Right,pressed
737.781,move_left_pressed,691.967102050781,-22.9730644226074,-15.0,148.148147583008,Move_Left,pressed
737.964,platform_landed,682.882019042969,44.9332580566406,-121.329406738281,0.0,land_on_platform,platform_scene-1/Tile Map/37_3_layer_Tile Map_tile_37_3_source_1_atlas_13_0
737.964,landed,682.882019042969,44.9332580566406,-121.329406738281,0.0,land,surface_wood_impact_1.11111120605469
738.24,move_left_pressed,672.471008300781,44.9332580566406,-33.3333320617676,0.0,Move_Left,pressed
738.437,move_right_pressed,647.304382324219,44.9251976013184,20.0000019073486,0.0,Move_Right,pressed
738.88,jump_input_pressed,704.359924316406,44.9251976013184,0.0,0.0,Jump,pressed
738.88,jump_executed,704.359924316406,44.9251976013184,0.0,-500.0,jump,x_704.359924316406_y_44.9251976013184
739.03,move_left_pressed,704.359924316406,-17.7286148071289,-15.0,-314.999908447266,Move_Left,pressed
739.181,jump_input_released,693.109924316406,-53.0063743591309,-150.0,-134.499893188477,Jump,released
739.28,jump_peak_reached,683.026611328125,-57.7980422973633,0.0,41.2037048339844,jump_peak,x_683.026611328125_y_-57.7980422973633
739.438,platform_landed,683.026611328125,-27.0056343078613,0.0,0.0,land_on_platform,platform_scene-1/Tile Map/37_-1_layer_Tile Map_tile_37_-1_source_1_atlas_15_7
739.439,landed,683.026611328125,-27.0056343078613,0.0,0.0,land,surface_wood_impact_0.74907415771484
739.53,move_left_pressed,683.026611328125,-27.0056343078613,-33.3333320617676,0.0,Move_Left,pressed
740.139,move_left_pressed,657.859985351562,-27.0056343078613,-33.3333320617676,0.0,Move_Left,pressed
740.148,jump_input_pressed,657.304443359375,-27.0056343078613,-66.6666641235352,0.0,Jump,pressed
740.148,jump_executed,657.304443359375,-27.0056343078613,-66.6666641235352,-500.0,jump,x_657.304443359375_y_-27.0056343078613
740.447,jump_input_released,611.40771484375,-124.99634552002,-180.0,-134.499893188477,Jump,released
740.548,jump_peak_reached,593.40771484375,-129.788009643555,-180.0,41.2037048339844,jump_peak,x_593.40771484375_y_-129.788009643555
740.78,platform_landed,570.574401855469,-63.0353012084961,0.0,0.0,land_on_platform,platform_scene-1/Tile Map/31_-3_layer_Tile Map_tile_31_-3_source_1_atlas_2_0
740.78,landed,570.574401855469,-63.0353012084961,0.0,0.0,land,surface_wood_impact_1.11944458007812
741.163,jump_input_pressed,570.574401855469,-63.0353012084961,0.0,0.0,Jump,pressed
741.164,jump_executed,570.574401855469,-63.0353012084961,0.0,-500.0,jump,x_570.574401855469_y_-63.0353012084961
741.182,move_left_pressed,570.574401855469,-71.4049835205078,-15.0,-479.222198486328,Move_Left,pressed
741.53,jump_input_released,524.074401855469,-168.06982421875,-180.0,-55.722110748291,Jump,released
741.597,jump_peak_reached,512.074401855469,-169.701293945312,-180.0,43.8149261474609,jump_peak,x_512.074401855469_y_-169.701293945312
741.764,coin_collected,482.074401855469,-134.621032714844,-180.0,377.148284912109,collect_coin,coin_coin9_score_10
741.805,platform_landed,480.241058349609,-117.018798828125,0.0,0.0,land_on_platform,platform_scene-1/Tile Map/26_-6_layer_Tile Map_tile_26_-6_source_1_atlas_1_0
741.805,landed,480.241058349609,-117.018798828125,0.0,0.0,land,surface_wood_impact_0.97651885986328
741.906,move_right_pressed,480.241058349609,-117.018798828125,33.3333320617676,0.0,Move_Right,pressed
742.206,move_left_pressed,515.990417480469,-117.018798828125,-33.3333320617676,0.0,Move_Left,pressed
742.45,move_right_pressed,477.657104492188,-117.068588256836,-96.6666641235352,0.0,Move_Right,pressed
742.606,move_left_pressed,490.379302978516,-117.075042724609,96.6666641235352,0.0,Move_Left,pressed
742.806,move_right_pressed,476.004760742188,-117.001655578613,0.0,0.0,Move_Right,pressed
743.197,move_left_pressed,515.990173339844,-117.001617431641,-33.3333320617676,0.0,Move_Left,pressed
743.497,move_right_pressed,476.004516601562,-117.000526428223,0.0,0.0,Move_Right,pressed
743.872,move_left_pressed,515.925109863281,-117.066360473633,-33.3333320617676,0.0,Move_Left,pressed
744.073,move_right_pressed,486.591796875,-117.074745178223,-63.3333396911621,0.0,Move_Right,pressed
744.405,jump_input_pressed,510.702911376953,-117.074745178223,0.0,0.0,Jump,pressed
744.406,jump_executed,510.702911376953,-117.074745178223,0.0,-500.0,jump,x_510.702911376953_y_-117.074745178223
744.438,move_right_pressed,510.702911376953,-133.398986816406,15.0,-458.499969482422,Move_Right,pressed
744.464,jump_input_released,511.452911376953,-148.344345092773,45.0,-417.22216796875,Jump,released
744.564,jump_peak_reached,513.202880859375,-153.136016845703,0.0,41.2037048339844,jump_peak,x_513.202880859375_y_-153.136016845703
744.731,move_right_pressed,513.202880859375,-118.49095916748,15.0,411.574127197266,Move_Right,pressed
744.731,platform_landed,513.452880859375,-117.06615447998,15.0,0.0,land_on_platform,platform_scene-1/Tile Map/28_-6_layer_Tile Map_tile_28_-6_source_1_atlas_3_0
744.731,landed,513.452880859375,-117.06615447998,15.0,0.0,land,surface_wood_impact_0.82314825439453
745.039,jump_input_pressed,515.925231933594,-117.066215515137,0.0,0.0,Jump,pressed
745.039,jump_executed,515.925231933594,-117.066215515137,0.0,-500.0,jump,x_515.925231933594_y_-117.066215515137
745.073,move_right_pressed,515.924011230469,-133.389358520508,15.0,-458.499969482422,Move_Right,pressed
745.139,jump_input_released,518.424011230469,-161.909713745117,75.0,-376.166595458984,Jump,released
745.23,jump_peak_reached,525.535095214844,-166.701385498047,0.0,41.2037048339844,jump_peak,x_525.535095214844_y_-166.701385498047
745.38,platform_landed,525.535095214844,-135.006790161133,0.0,0.0,land_on_platform,platform_scene-1/Tile Map/29_-7_layer_Tile Map_tile_29_-7_source_1_atlas_0_0
745.38,landed,525.535095214844,-135.006790161133,0.0,0.0,land,surface_wood_impact_0.74907415771484
745.506,move_right_pressed,525.535095214844,-135.006790161133,33.3333320617676,0.0,Move_Right,pressed
745.572,jump_input_pressed,531.090637207031,-135.006790161133,166.666656494141,0.0,Jump,pressed
745.572,jump_executed,531.090637207031,-135.006790161133,166.666656494141,-500.0,jump,x_531.090637207031_y_-135.006790161133
745.738,jump_input_released,560.886474609375,-202.973037719727,180.0,-294.722106933594,Jump,released
745.838,jump_peak_reached,578.886474609375,-207.764709472656,180.0,41.2037048339844,jump_peak,x_578.886474609375_y_-207.764709472656
746.006,platform_landed,611.886474609375,-171.066970825195,180.0,0.0,land_on_platform,platform_scene-1/Tile Map/33_-9_layer_Tile Map_tile_33_-9_source_1_atlas_1_0
746.006,landed,611.886474609375,-171.066970825195,180.0,0.0,land,surface_wood_impact_0.82314825439453
746.215,move_left_pressed,646.49755859375,-171.066970825195,0.0,0.0,Move_Left,pressed
746.582,move_right_pressed,590.147644042969,-170.758377075195,-96.6666641235352,37.037036895752,Move_Right,pressed
747.014,platform_landed,627.954956054688,44.9316177368164,180.0,0.0,land_on_platform,platform_scene-1/Tile Map/34_3_layer_Tile Map_tile_34_3_source_1_atlas_14_0
747.014,landed,627.954956054688,44.9316177368164,180.0,0.0,land,surface_wood_impact_2.00000036621094
747.639,jump_input_pressed,629.788269042969,44.9316177368164,0.0,0.0,Jump,pressed
747.639,jump_executed,629.788269042969,44.9316177368164,0.0,-500.0,jump,x_629.788269042969_y_44.9316177368164
747.713,move_right_pressed,629.788269042969,6.6981348991394,15.0,-396.666595458984,Move_Right,pressed
747.938,jump_input_released,652.288269042969,-53.0055465698242,180.0,-134.499893188477,Jump,released
748.038,jump_peak_reached,660.12158203125,-57.7972145080566,0.0,41.2037048339844,jump_peak,x_660.12158203125_y_-57.7972145080566
748.181,platform_landed,660.12158203125,-27.004810333252,0.0,0.0,land_on_platform,platform_scene-1/Tile Map/36_-1_layer_Tile Map_tile_36_-1_source_1_atlas_13_7
748.181,landed,660.12158203125,-27.004810333252,0.0,0.0,land,surface_wood_impact_0.74907415771484
748.281,move_left_pressed,660.12158203125,-27.004810333252,-33.3333320617676,0.0,Move_Left,pressed
748.306,jump_input_pressed,659.566040039062,-27.004810333252,-66.6666641235352,0.0,Jump,pressed
748.306,jump_executed,659.566040039062,-27.004810333252,-66.6666641235352,-500.0,jump,x_659.566040039062_y_-27.004810333252
748.589,jump_input_released,616.669250488281,-122.407333374023,-180.0,-154.333221435547,Jump,released
748.68,jump_peak_reached,598.669250488281,-127.198997497559,-180.0,41.2037048339844,jump_peak,x_598.669250488281_y_-127.198997497559
748.897,platform_landed,563.8359375,-63.0283241271973,0.0,0.0,land_on_platform,platform_scene-1/Tile Map/31_-3_layer_Tile Map_tile_31_-3_source_1_atlas_2_0
748.897,landed,563.8359375,-63.0283241271973,0.0,0.0,land,surface_wood_impact_1.04537048339844
748.998,jump_input_pressed,563.8359375,-63.0283241271973,0.0,0.0,Jump,pressed
748.998,jump_executed,563.8359375,-63.0283241271973,0.0,-500.0,jump,x_563.8359375_y_-63.0283241271973
749.039,move_left_pressed,563.8359375,-79.3929748535156,-15.0,-458.499969482422,Move_Left,pressed
749.263,jump_input_released,538.3359375,-155.492050170898,-180.0,-174.222106933594,Jump,released
749.372,jump_peak_reached,530.502624511719,-160.283721923828,0.0,41.2037048339844,jump_peak,x_530.502624511719_y_-160.283721923828
749.506,platform_landed,530.502624511719,-135.001068115234,0.0,0.0,land_on_platform,platform_scene-1/Tile Map/29_-7_layer_Tile Map_tile_29_-7_source_1_atlas_0_0
749.506,landed,530.502624511719,-135.001068115234,0.0,0.0,land,surface_wood_impact_0.67500006103516
749.573,jump_input_pressed,530.502624511719,-135.001068115234,0.0,0.0,Jump,pressed
749.573,jump_executed,530.502624511719,-135.001068115234,0.0,-500.0,jump,x_530.502624511719_y_-135.001068115234
749.581,move_left_pressed,530.502624511719,-143.400543212891,-15.0,-479.222198486328,Move_Left,pressed
749.939,jump_input_released,484.002624511719,-240.065368652344,-180.0,-55.722110748291,Jump,released
750.006,jump_peak_reached,472.002624511719,-241.696838378906,-180.0,43.8149261474609,jump_peak,x_472.002624511719_y_-241.696838378906
750.147,platform_landed,464.169281005859,-207.009429931641,0.0,0.0,land_on_platform,platform_scene-1/Tile Map/25_-11_layer_Tile Map_tile_25_-11_source_1_atlas_2_0
750.147,landed,464.169281005859,-207.009429931641,0.0,0.0,land,surface_wood_impact_0.75429656982422
750.707,move_left_pressed,464.169281005859,-207.009429931641,-33.3333320617676,0.0,Move_Left,pressed
750.872,jump_input_pressed,440.835968017578,-207.009429931641,-180.0,0.0,Jump,pressed
750.872,jump_executed,440.835968017578,-207.009429931641,-180.0,-500.0,jump,x_440.835968017578_y_-207.009429931641
751.014,jump_peak_reached,413.816253662109,-262.313720703125,-180.0,74.0740737915039,jump_peak,x_413.816253662109_y_-262.313720703125
751.064,jump_input_released,404.816253662109,-256.758178710938,-180.0,185.185180664062,Jump,released
751.114,platform_landed,392.816223144531,-243.066665649414,-180.0,0.0,land_on_platform,platform_scene-1/Tile Map/21_-13_layer_Tile Map_tile_21_-13_source_1_atlas_3_0
751.114,landed,392.816223144531,-243.066665649414,-180.0,0.0,land,surface_wood_impact_0.59259259033203
751.573,jump_input_pressed,372.982879638672,-243.066665649414,0.0,0.0,Jump,pressed
751.573,jump_executed,372.982879638672,-243.066665649414,0.0,-500.0,jump,x_372.982879638672_y_-243.066665649414
751.581,move_right_pressed,372.982879638672,-251.409057617188,15.0,-479.222198486328,Move_Right,pressed
751.806,jump_input_released,395.482879638672,-328.662750244141,180.0,-214.166549682617,Jump,released
751.905,jump_peak_reached,409.316223144531,-333.454406738281,0.0,41.2037048339844,jump_peak,x_409.316223144531_y_-333.454406738281
752.064,platform_landed,409.316223144531,-297.014038085938,0.0,0.0,land_on_platform,platform_scene-1/Tile Map/22_-16_layer_Tile Map_tile_22_-16_source_1_atlas_1_0
752.064,landed,409.316223144531,-297.014038085938,0.0,0.0,land,surface_wood_impact_0.82314825439453
752.138,move_right_pressed,409.316223144531,-297.014038085938,33.3333320617676,0.0,Move_Right,pressed
752.172,jump_input_pressed,410.982879638672,-297.014038085938,100.0,0.0,Jump,pressed
752.172,jump_executed,410.982879638672,-297.014038085938,100.0,-500.0,jump,x_410.982879638672_y_-297.014038085938
752.464,jump_input_released,460.743194580078,-394.996429443359,180.0,-134.499893188477,Jump,released
752.572,jump_peak_reached,478.743194580078,-399.7880859375,96.6666641235352,41.2037048339844,jump_peak,x_478.743194580078_y_-399.7880859375
752.748,platform_landed,480.576538085938,-351.011047363281,0.0,0.0,land_on_platform,platform_scene-1/Tile Map/26_-19_layer_Tile Map_tile_26_-19_source_1_atlas_14_0
752.748,landed,480.576538085938,-351.011047363281,0.0,0.0,land,surface_wood_impact_0.89722235107422
752.881,move_right_pressed,480.576538085938,-351.011047363281,33.3333320617676,0.0,Move_Right,pressed
753.173,move_left_pressed,523.520935058594,-351.067565917969,0.0,0.0,Move_Left,pressed
753.505,move_right_pressed,473.187622070312,-351.067565917969,-63.3333396911621,0.0,Move_Right,pressed
754.006,move_left_pressed,545.298706054688,-351.067565917969,-20.0000019073486,0.0,Move_Left,pressed
754.873,jump_input_pressed,509.238006591797,-351.067565917969,0.0,0.0,Jump,pressed
754.873,jump_executed,509.238006591797,-351.067565917969,0.0,-500.0,jump,x_509.238006591797_y_-351.067565917969
754.948,jump_input_released,509.238006591797,-389.3017578125,0.0,-396.666595458984,Jump,released
755.047,jump_peak_reached,509.238006591797,-394.093414306641,0.0,41.2037048339844,jump_peak,x_509.238006591797_y_-394.093414306641
755.239,platform_landed,509.238006591797,-351.026245117188,0.0,0.0,land_on_platform,platform_scene-1/Tile Map/28_-19_layer_Tile Map_tile_28_-19_source_1_atlas_12_0
755.239,landed,509.238006591797,-351.026245117188,0.0,0.0,land,surface_wood_impact_0.89722235107422
755.338,jump_input_pressed,509.238006591797,-351.026245117188,0.0,0.0,Jump,pressed
755.339,jump_executed,509.238006591797,-351.026245117188,0.0,-500.0,jump,x_509.238006591797_y_-351.026245117188
755.372,jump_input_released,509.238006591797,-367.392700195312,0.0,-458.499969482422,Jump,released
755.472,jump_peak_reached,509.238006591797,-372.184356689453,0.0,41.2037048339844,jump_peak,x_509.238006591797_y_-372.184356689453
755.581,platform_landed,509.238006591797,-351.010589599609,0.0,0.0,land_on_platform,platform_scene-1/Tile Map/28_-19_layer_Tile Map_tile_28_-19_source_1_atlas_12_0
755.581,landed,509.238006591797,-351.010589599609,0.0,0.0,land,surface_wood_impact_0.60092596435547
755.739,jump_input_pressed,509.238006591797,-351.010589599609,0.0,0.0,Jump,pressed
755.739,jump_executed,509.238006591797,-351.010589599609,0.0,-500.0,jump,x_509.238006591797_y_-351.010589599609
755.781,jump_input_released,509.238006591797,-375.035095214844,0.0,-437.833282470703,Jump,released
755.88,jump_peak_reached,509.238006591797,-379.826751708984,0.0,41.2037048339844,jump_peak,x_509.238006591797_y_-379.826751708984
756.039,platform_landed,509.238006591797,-351.033813476562,0.0,0.0,land_on_platform,platform_scene-1/Tile Map/28_-19_layer_Tile Map_tile_28_-19_source_1_atlas_12_0
756.039,landed,509.238006591797,-351.033813476562,0.0,0.0,land,surface_wood_impact_0.74907415771484
756.048,move_left_pressed,509.238006591797,-351.033813476562,-33.3333320617676,0.0,Move_Left,pressed
756.305,move_right_pressed,472.293579101562,-351.033813476562,0.0,0.0,Move_Right,pressed
756.747,move_left_pressed,542.237976074219,-351.070526123047,0.0,0.0,Move_Left,pressed
757.081,move_right_pressed,499.071319580078,-351.070526123047,33.3333320617676,0.0,Move_Right,pressed
757.407,jump_input_pressed,549.404663085938,-351.070526123047,180.0,0.0,Jump,pressed
757.407,jump_executed,549.404663085938,-351.070526123047,180.0,-500.0,jump,x_549.404663085938_y_-351.070526123047
757.721,jump_input_released,606.406188964844,-451.264526367188,180.0,-114.722114562988,Jump,released
757.814,jump_peak_reached,623.017272949219,-456.056182861328,13.3333311080933,41.2037048339844,jump_peak,x_623.017272949219_y_-456.056182861328
757.906,coin_collected,623.239501953125,-446.44970703125,0.0,189.351852416992,collect_coin,coin_coin11_score_12
757.982,platform_landed,623.239501953125,-420.017761230469,0.0,0.0,land_on_platform,platform_scene-1/Tile Map/34_-23_layer_Tile Map_tile_34_-23_source_1_atlas_17_3
757.982,landed,623.239501953125,-420.017761230469,0.0,0.0,land,surface_wood_impact_0.82314825439453
758.206,move_left_pressed,623.239501953125,-420.017761230469,-33.3333320617676,0.0,Move_Left,pressed
758.214,jump_input_pressed,622.684020996094,-420.067047119141,-66.6666641235352,0.0,Jump,pressed
758.214,jump_executed,622.684020996094,-420.067047119141,-66.6666641235352,-500.0,jump,x_622.684020996094_y_-420.067047119141
758.581,jump_input_released,564.794494628906,-525.072387695312,-180.0,-55.722110748291,Jump,released
758.647,jump_peak_reached,552.794494628906,-526.703857421875,-180.0,43.8149261474609,jump_peak,x_552.794494628906_y_-526.703857421875
758.914,platform_landed,501.802703857422,-438.048889160156,-180.0,0.0,land_on_platform,platform_scene-1/Tile Map/27_-24_layer_Tile Map_tile_27_-24_source_1_atlas_13_6
758.914,landed,501.802703857422,-438.048889160156,-180.0,0.0,land,surface_wood_impact_1.27281518554688
760.64,jump_input_pressed,253.962036132812,-438.071929931641,0.0,0.0,Jump,pressed
760.64,jump_executed,253.962036132812,-438.071929931641,0.0,-500.0,jump,x_253.962036132812_y_-438.071929931641
760.681,jump_input_released,253.962036132812,-462.042724609375,0.0,-437.833282470703,Jump,released
760.781,jump_peak_reached,253.962036132812,-466.834381103516,0.0,41.2037048339844,jump_peak,x_253.962036132812_y_-466.834381103516
760.939,platform_landed,253.962036132812,-438.004852294922,0.0,0.0,land_on_platform,platform_scene-1/Tile Map/14_-24_layer_Tile Map_tile_14_-24_source_1_atlas_13_6
760.939,landed,253.962036132812,-438.004852294922,0.0,0.0,land,surface_wood_impact_0.74907415771484
761.006,jump_input_pressed,253.962036132812,-438.004852294922,0.0,0.0,Jump,pressed
761.006,jump_executed,253.962036132812,-438.004852294922,0.0,-500.0,jump,x_253.962036132812_y_-438.004852294922
761.072,jump_input_released,253.962036132812,-469.3349609375,0.0,-417.22216796875,Jump,released
761.172,jump_peak_reached,253.962036132812,-474.126617431641,0.0,41.2037048339844,jump_peak,x_253.962036132812_y_-474.126617431641
761.34,platform_landed,253.962036132812,-438.0078125,0.0,0.0,land_on_platform,platform_scene-1/Tile Map/14_-24_layer_Tile Map_tile_14_-24_source_1_atlas_13_6
761.34,landed,253.962036132812,-438.0078125,0.0,0.0,land,surface_wood_impact_0.82314825439453
761.372,jump_input_pressed,253.962036132812,-438.0078125,0.0,0.0,Jump,pressed
761.372,jump_executed,253.962036132812,-438.0078125,0.0,-500.0,jump,x_253.962036132812_y_-438.0078125
761.439,jump_input_released,253.962036132812,-469.335357666016,0.0,-417.22216796875,Jump,released
761.53,jump_peak_reached,253.962036132812,-474.127014160156,0.0,41.2037048339844,jump_peak,x_253.962036132812_y_-474.127014160156
761.549,move_left_pressed,253.962036132812,-473.440277099609,-15.0,78.2407455444336,Move_Left,pressed
761.705,platform_landed,240.219268798828,-438.061645507812,-150.0,0.0,land_on_platform,platform_scene-1/Tile Map/13_-24_layer_Tile Map_tile_13_-24_source_1_atlas_13_6
761.705,landed,240.219268798828,-438.061645507812,-150.0,0.0,land,surface_wood_impact_0.82314825439453
762.639,move_right_pressed,75.2202301025391,-438.064361572266,-96.6666641235352,0.0,Move_Right,pressed
765.307,jump_input_pressed,534.224487304688,-439.035430908203,180.0,0.0,Jump,pressed
765.307,jump_executed,534.224487304688,-439.035430908203,180.0,-500.0,jump,x_534.224487304688_y_-439.035430908203
765.605,jump_input_released,588.23046875,-536.982482910156,180.0,-134.499893188477,Jump,released
765.706,jump_peak_reached,606.23046875,-541.774169921875,180.0,41.2037048339844,jump_peak,x_606.23046875_y_-541.774169921875
766.014,platform_landed,644.063781738281,-419.969970703125,0.0,0.0,land_on_platform,platform_scene-1/Tile Map/35_-23_layer_Tile Map_tile_35_-23_source_1_atlas_19_3
766.015,landed,644.063781738281,-419.969970703125,0.0,0.0,land,surface_wood_impact_1.48981506347656
766.34,move_right_pressed,644.063781738281,-419.969970703125,33.3333320617676,0.0,Move_Right,pressed
766.34,jump_input_pressed,644.063781738281,-419.969970703125,33.3333320617676,0.0,Jump,pressed
766.34,jump_executed,644.063781738281,-419.969970703125,33.3333320617676,-500.0,jump,x_644.063781738281_y_-419.969970703125
766.673,jump_input_released,690.8720703125,-522.133239746094,180.0,-94.9998931884766,Jump,released
766.772,jump_peak_reached,708.8720703125,-526.424926757812,180.0,46.2038116455078,jump_peak,x_708.8720703125_y_-526.424926757812
766.914,platform_landed,716.705383300781,-495.023559570312,0.0,0.0,land_on_platform,platform_scene-1/Tile Map/39_-27_layer_Tile Map_tile_39_-27_source_1_atlas_2_0
766.914,landed,716.705383300781,-495.023559570312,0.0,0.0,land,surface_wood_impact_0.75907434082031
767.44,move_right_pressed,716.705383300781,-495.023559570312,33.3333320617676,0.0,Move_Right,pressed
767.44,jump_input_pressed,716.705383300781,-495.023559570312,33.3333320617676,0.0,Jump,pressed
767.44,jump_executed,716.705383300781,-495.023559570312,33.3333320617676,-500.0,jump,x_716.705383300781_y_-495.023559570312
767.839,jump_input_released,775.513854980469,-601.643005371094,180.0,-16.6665554046631,Jump,released
767.864,jump_peak_reached,781.513854980469,-601.851318359375,180.0,41.2038154602051,jump_peak,x_781.513854980469_y_-601.851318359375
767.964,platform_landed,792.34716796875,-585.024475097656,0.0,0.0,land_on_platform,platform_scene-1/Tile Map/43_-32_layer_Tile Map_tile_43_-32_source_1_atlas_2_0
767.964,landed,792.34716796875,-585.024475097656,0.0,0.0,land,surface_wood_impact_0.52685205078125
768.373,move_right_pressed,792.34716796875,-585.024475097656,33.3333320617676,0.0,Move_Right,pressed
768.814,coin_collected,838.549682617188,-490.349487304688,0.0,629.629699707031,collect_coin,coin_coin16_score_14
768.839,platform_landed,838.549682617188,-474.015563964844,0.0,0.0,land_on_platform,platform_scene-1/Tile Map/46_-26_layer_Tile Map_tile_46_-26_source_1_atlas_13_6
768.84,landed,838.549682617188,-474.015563964844,0.0,0.0,land,surface_wood_impact_1.40740759277344
768.981,move_right_pressed,838.549682617188,-474.015563964844,33.3333320617676,0.0,Move_Right,pressed
769.18,coin_collected,867.882080078125,-474.069122314453,180.0,0.0,collect_coin,coin_coin17_score_16
769.38,coin_collected,903.882202148438,-474.070587158203,180.0,0.0,collect_coin,coin_coin18_score_18
769.582,coin_collected,939.88232421875,-474.070587158203,180.0,0.0,collect_coin,coin_coin19_score_20
769.614,move_left_pressed,944.493408203125,-474.070587158203,0.0,0.0,Move_Left,pressed
770.407,jump_input_pressed,813.788635253906,-475.035705566406,-180.0,0.0,Jump,pressed
770.407,jump_executed,813.788635253906,-475.035705566406,-180.0,-500.0,jump,x_813.788635253906_y_-475.035705566406
770.547,jump_input_released,786.786254882812,-537.695007324219,-180.0,-314.999908447266,Jump,released
770.647,jump_peak_reached,768.786254882812,-542.486694335938,-180.0,41.2037048339844,jump_peak,x_768.786254882812_y_-542.486694335938
770.83,platform_landed,732.786193847656,-495.066284179688,-180.0,0.0,land_on_platform,platform_scene-1/Tile Map/40_-27_layer_Tile Map_tile_40_-27_source_1_atlas_3_0
770.831,landed,732.786193847656,-495.066284179688,-180.0,0.0,land,surface_wood_impact_0.89722235107422
771.14,jump_input_pressed,715.952880859375,-495.074737548828,0.0,0.0,Jump,pressed
771.14,jump_executed,715.952880859375,-495.074737548828,0.0,-500.0,jump,x_715.952880859375_y_-495.074737548828
771.274,move_right_pressed,715.952880859375,-552.13134765625,15.0,-335.333251953125,Move_Right,pressed
771.573,jump_peak_reached,753.452880859375,-601.904479980469,180.0,39.8149261474609,jump_peak,x_753.452880859375_y_-601.904479980469
771.573,jump_input_released,753.452880859375,-601.904479980469,180.0,39.8149261474609,Jump,released
771.672,platform_landed,767.286193847656,-585.004455566406,0.0,0.0,land_on_platform,platform_scene-1/Tile Map/42_-32_layer_Tile Map_tile_42_-32_source_1_atlas_1_0
771.672,landed,767.286193847656,-585.004455566406,0.0,0.0,land,surface_wood_impact_0.52407427978516
771.806,move_left_pressed,767.286193847656,-585.004455566406,-33.3333320617676,0.0,Move_Left,pressed
771.83,jump_input_pressed,765.619567871094,-585.004455566406,-100.0,0.0,Jump,pressed
771.83,jump_executed,765.619567871094,-585.004455566406,-100.0,-500.0,jump,x_765.619567871094_y_-585.004455566406
772.14,jump_input_released,715.857482910156,-682.994812011719,-180.0,-134.499893188477,Jump,released
772.231,jump_peak_reached,697.857482910156,-687.786499023438,-180.0,41.2037048339844,jump_peak,x_697.857482910156_y_-687.786499023438
772.506,coin_collected,660.024169921875,-602.724731445312,0.0,596.759338378906,collect_coin,coin_coin15_score_22
772.514,platform_landed,660.024169921875,-585.042541503906,0.0,0.0,land_on_platform,platform_scene-1/Tile Map/36_-32_layer_Tile Map_tile_36_-32_source_1_atlas_2_0
772.514,landed,660.024169921875,-585.042541503906,0.0,0.0,land,surface_wood_impact_1.34166687011719
772.706,move_left_pressed,660.024169921875,-585.042541503906,-33.3333320617676,0.0,Move_Left,pressed
772.715,jump_input_pressed,659.468627929688,-585.042541503906,-66.6666641235352,0.0,Jump,pressed
772.715,jump_executed,659.468627929688,-585.042541503906,-66.6666641235352,-500.0,jump,x_659.468627929688_y_-585.042541503906
772.807,jump_input_released,651.409362792969,-623.297973632812,-141.666656494141,-396.666595458984,Jump,released
772.906,jump_peak_reached,634.576110839844,-628.089660644531,-180.0,41.2037048339844,jump_peak,x_634.576110839844_y_-628.089660644531
773.039,platform_landed,623.742797851562,-603.004760742188,0.0,0.0,land_on_platform,platform_scene-1/Tile Map/34_-33_layer_Tile Map_tile_34_-33_source_1_atlas_0_0
773.039,landed,623.742797851562,-603.004760742188,0.0,0.0,land,surface_wood_impact_0.67500006103516
773.173,move_left_pressed,623.742797851562,-603.004760742188,-33.3333320617676,0.0,Move_Left,pressed
773.173,jump_input_pressed,623.742797851562,-603.004760742188,-33.3333320617676,0.0,Jump,pressed
773.173,jump_executed,623.742797851562,-603.004760742188,-33.3333320617676,-500.0,jump,x_623.742797851562_y_-603.004760742188
773.281,jump_input_released,614.599853515625,-654.185913085938,-138.33332824707,-355.722137451172,Jump,released
773.38,jump_peak_reached,597.933227539062,-658.977600097656,-180.0,41.2037048339844,jump_peak,x_597.933227539062_y_-658.977600097656
773.613,platform_landed,552.933227539062,-585.066345214844,-180.0,0.0,land_on_platform,platform_scene-1/Tile Map/30_-32_layer_Tile Map_tile_30_-32_source_1_atlas_2_0
773.613,landed,552.933227539062,-585.066345214844,-180.0,0.0,land,surface_wood_impact_1.11944458007812
773.698,jump_input_pressed,540.933227539062,-585.066345214844,-180.0,0.0,Jump,pressed
773.698,jump_executed,540.933227539062,-585.066345214844,-180.0,-500.0,jump,x_540.933227539062_y_-585.066345214844
773.698,musicking,537.930419921875,-593.408447265625,-180.0,-500.055541992188,osc_received,"value_[1, ""chain-jumps-combo-walk""]"
773.872,jump_input_released,510.930419921875,-652.986206054688,-180.0,-294.722106933594,Jump,released
773.964,jump_peak_reached,492.930419921875,-657.777893066406,-180.0,41.2037048339844,jump_peak,x_492.930419921875_y_-657.777893066406
774.239,platform_landed,441.932586669922,-564.056579589844,-180.0,0.0,land_on_platform,platform_scene-1/Tile Map/24_-31_layer_Tile Map_tile_24_-31_source_1_atlas_13_6
774.239,landed,441.932586669922,-564.056579589844,-180.0,0.0,land,surface_wood_impact_1.2675927734375
774.313,jump_input_pressed,429.932861328125,-564.091430664062,-180.0,0.0,Jump,pressed
774.313,jump_executed,429.932861328125,-564.091430664062,-180.0,-500.0,jump,x_429.932861328125_y_-564.091430664062
774.339,jump_peak_reached,426.931427001953,-572.429626464844,-180.0,-479.222198486328,jump_peak,x_426.931427001953_y_-572.429626464844
774.607,jump_input_released,378.931427001953,-659.43701171875,-180.0,-154.333221435547,Jump,released
774.948,platform_landed,312.934661865234,-582.060363769531,-180.0,0.0,land_on_platform,platform_scene-1/Tile Map/17_-32_layer_Tile Map_tile_17_-32_source_1_atlas_13_6
774.948,landed,312.934661865234,-582.060363769531,-180.0,0.0,land,surface_wood_impact_1.19351867675781
775.015,jump_input_pressed,303.934906005859,-582.091857910156,-180.0,0.0,Jump,pressed
775.016,jump_executed,303.934906005859,-582.091857910156,-180.0,-500.0,jump,x_303.934906005859_y_-582.091857910156
775.272,jump_input_released,258.93359375,-671.266845703125,-180.0,-194.166549682617,Jump,released
775.372,jump_peak_reached,240.93359375,-676.058532714844,-180.0,41.2037048339844,jump_peak,x_240.93359375_y_-676.058532714844
775.639,platform_landed,189.93571472168,-582.056396484375,-180.0,0.0,land_on_platform,platform_scene-1/Tile Map/10_-32_layer_Tile Map_tile_10_-32_source_1_atlas_13_6
775.639,landed,189.93571472168,-582.056396484375,-180.0,0.0,land,surface_wood_impact_1.2675927734375
775.708,jump_input_pressed,180.935607910156,-582.074890136719,-180.0,0.0,Jump,pressed
775.708,jump_executed,180.935607910156,-582.074890136719,-180.0,-500.0,jump,x_180.935607910156_y_-582.074890136719
775.713,jump_peak_reached,177.935440063477,-590.409606933594,-180.0,-479.222198486328,jump_peak,x_177.935440063477_y_-590.409606933594
775.882,jump_input_released,147.935440063477,-654.909606933594,-180.0,-274.499877929688,Jump,released
776.205,coin_collected,90.9354400634766,-602.625671386719,-180.0,485.648223876953,collect_coin,coin_coin20_score_24
776.214,platform_landed,84.9354400634766,-585.066345214844,-180.0,0.0,land_on_platform,platform_scene-1/Tile Map/4_-32_layer_Tile Map_tile_4_-32_source_1_atlas_2_0
776.215,landed,84.9354400634766,-585.066345214844,-180.0,0.0,land,surface_wood_impact_1.11944458007812
776.306,musicking,74.1021041870117,-585.066345214844,-13.3333311080933,0.0,osc_received,"value_[1, ""chain-jumps-combo-walk""]"
776.507,move_left_pressed,74.1021041870117,-585.066345214844,-33.3333320617676,0.0,Move_Left,pressed
776.507,jump_input_pressed,74.1021041870117,-585.066345214844,-33.3333320617676,0.0,Jump,pressed
776.507,jump_executed,74.1021041870117,-585.066345214844,-33.3333320617676,-500.0,jump,x_74.1021041870117_y_-585.066345214844
776.514,jump_peak_reached,73.5459899902344,-593.408996582031,-48.3333320617676,-479.222198486328,jump_peak,x_73.5459899902344_y_-593.408996582031
776.581,jump_input_released,68.8237609863281,-623.301574707031,-108.33332824707,-396.666595458984,Jump,released
776.815,platform_landed,43.4626426696777,-603.008361816406,0.0,0.0,land_on_platform,platform_scene-1/Tile Map/2_-33_layer_Tile Map_tile_2_-33_source_1_atlas_0_0
776.815,landed,43.4626426696777,-603.008361816406,0.0,0.0,land,surface_wood_impact_0.67500006103516
776.939,jump_input_pressed,43.4626426696777,-603.008361816406,0.0,0.0,Jump,pressed
776.939,jump_executed,43.4626426696777,-603.008361816406,0.0,-500.0,jump,x_43.4626426696777_y_-603.008361816406
776.972,move_left_pressed,43.4626426696777,-619.390380859375,-15.0,-458.499969482422,Move_Left,pressed
777.072,jump_input_released,38.2126426696777,-660.122741699219,-105.0,-335.333251953125,Jump,released
777.172,jump_peak_reached,23.9626426696777,-664.914428710938,-180.0,41.2037048339844,jump_peak,x_23.9626426696777_y_-664.914428710938
777.314,platform_landed,-1.86341309547424,-636.048889160156,-13.3333311080933,0.0,land_on_platform,platform_scene-1/Tile Map/-1_-35_layer_Tile Map_tile_-1_-35_source_1_atlas_13_6
777.315,landed,-1.86341309547424,-636.048889160156,-13.3333311080933,0.0,land,surface_wood_impact_0.74907415771484
777.381,move_right_pressed,-1.86341309547424,-636.048889160156,33.3333320617676,0.0,Move_Right,pressed
777.407,jump_input_pressed,-1.30784797668457,-636.048889160156,66.6666641235352,0.0,Jump,pressed
777.407,jump_executed,-1.30784797668457,-636.048889160156,66.6666641235352,-500.0,jump,x_-1.30784797668457_y_-636.048889160156
777.673,jump_input_released,17.1752815246582,-728.478149414062,105.0,-174.222106933594,Jump,released
777.772,jump_peak_reached,29.7863922119141,-733.269836425781,0.0,41.2037048339844,jump_peak,x_29.7863922119141_y_-733.269836425781
777.88,platform_landed,29.7863922119141,-711.010437011719,0.0,0.0,land_on_platform,platform_scene-1/Tile Map/1_-39_layer_Tile Map_tile_1_-39_source_1_atlas_1_0
777.88,landed,29.7863922119141,-711.010437011719,0.0,0.0,land,surface_wood_impact_0.60092596435547
778.14,move_left_pressed,29.7863922119141,-711.010437011719,-33.3333320617676,0.0,Move_Left,pressed
778.14,jump_input_pressed,29.7863922119141,-711.010437011719,-33.3333320617676,0.0,Jump,pressed
778.14,jump_executed,29.7863922119141,-711.010437011719,-33.3333320617676,-500.0,jump,x_29.7863922119141_y_-711.010437011719
778.448,jump_input_released,4.32471561431885,-811.257080078125,-90.0,-114.722114562988,Jump,released
778.547,jump_peak_reached,-1.53639554977417,-816.048767089844,0.0,41.2037048339844,jump_peak,x_-1.53639554977417_y_-816.048767089844
778.649,platform_landed,-1.53639554977417,-801.005554199219,0.0,0.0,land_on_platform,platform_scene-1/Tile Map/-1_-44_layer_Tile Map_tile_-1_-44_source_1_atlas_3_0
778.649,landed,-1.53639554977417,-801.005554199219,0.0,0.0,land,surface_wood_impact_0.52685186767578
778.673,move_right_pressed,-1.53639554977417,-801.005554199219,33.3333320617676,0.0,Move_Right,pressed
778.698,jump_input_pressed,0.13027060031891,-801.005554199219,100.0,0.0,Jump,pressed
778.698,jump_executed,0.13027060031891,-801.005554199219,100.0,-500.0,jump,x_0.13027060031891_y_-801.005554199219
779.014,jump_input_released,49.8920669555664,-898.995056152344,180.0,-134.499893188477,Jump,released
779.106,jump_peak_reached,67.8920669555664,-903.786743164062,180.0,41.2037048339844,jump_peak,x_67.8920669555664_y_-903.786743164062
779.374,platform_landed,115.773895263672,-816.309997558594,180.0,0.0,land_on_platform,platform_scene-1/Tile Map/6_-45_layer_Tile Map_tile_6_-45_source_1_atlas_14_6
779.374,landed,115.773895263672,-816.309997558594,180.0,0.0,land,surface_wood_impact_1.2675927734375
779.408,jump_input_pressed,118.282676696777,-817.40087890625,180.0,0.0,Jump,pressed
779.408,jump_executed,118.282676696777,-817.40087890625,180.0,-500.0,jump,x_118.282676696777_y_-817.40087890625
779.582,jump_input_released,151.282684326172,-890.235168457031,180.0,-274.499877929688,Jump,released
779.681,jump_peak_reached,169.282684326172,-895.02685546875,180.0,41.2037048339844,jump_peak,x_169.282684326172_y_-895.02685546875
779.939,platform_landed,217.282699584961,-819.067626953125,180.0,0.0,land_on_platform,platform_scene-1/Tile Map/12_-45_layer_Tile Map_tile_12_-45_source_1_atlas_15_7
779.939,landed,217.282699584961,-819.067626953125,180.0,0.0,land,surface_wood_impact_1.19351867675781
779.982,jump_input_pressed,223.282699584961,-819.074951171875,180.0,0.0,Jump,pressed
779.982,jump_executed,223.282699584961,-819.074951171875,180.0,-500.0,jump,x_223.282699584961_y_-819.074951171875
780.131,jump_input_released,250.282989501953,-881.728515625,180.0,-314.999908447266,Jump,released
780.239,jump_peak_reached,268.282989501953,-886.520202636719,180.0,41.2037048339844,jump_peak,x_268.282989501953_y_-886.520202636719
780.473,platform_landed,313.264495849609,-817.046142578125,180.0,0.0,land_on_platform,platform_scene-1/Tile Map/17_-45_layer_Tile Map_tile_17_-45_source_1_atlas_14_6
780.473,landed,313.264495849609,-817.046142578125,180.0,0.0,land,surface_wood_impact_1.11944458007812
781.114,move_right_pressed,336.110229492188,-816.046142578125,33.3333320617676,0.0,Move_Right,pressed
781.114,jump_input_pressed,336.110229492188,-816.046142578125,33.3333320617676,0.0,Jump,pressed
781.114,jump_executed,336.110229492188,-816.046142578125,33.3333320617676,-500.0,jump,x_336.110229492188_y_-816.046142578125
781.506,jump_input_released,391.916625976562,-922.009826660156,180.0,-36.1665573120117,Jump,released
781.547,jump_peak_reached,400.916625976562,-922.776489257812,180.0,42.5371475219727,jump_peak,x_400.916625976562_y_-922.776489257812
781.706,platform_landed,405.749969482422,-891.016967773438,0.0,0.0,land_on_platform,platform_scene-1/Tile Map/22_-49_layer_Tile Map_tile_22_-49_source_1_atlas_2_0
781.706,landed,405.749969482422,-891.016967773438,0.0,0.0,land,surface_wood_impact_0.75174102783203
781.773,jump_input_pressed,405.749969482422,-891.016967773438,0.0,0.0,Jump,pressed
781.773,jump_executed,405.749969482422,-891.016967773438,0.0,-500.0,jump,x_405.749969482422_y_-891.016967773438
781.781,move_left_pressed,405.749969482422,-899.402587890625,-15.0,-479.222198486328,Move_Left,pressed
782.014,jump_input_released,380.249969482422,-980.239624023438,-180.0,-194.166549682617,Jump,released
782.115,jump_peak_reached,363.638854980469,-985.031311035156,-13.3333311080933,41.2037048339844,jump_peak,x_363.638854980469_y_-985.031311035156
782.239,move_right_pressed,363.416625976562,-967.26123046875,15.0,300.462982177734,Move_Right,pressed
782.249,platform_landed,364.139312744141,-960.087951660156,30.0,0.0,land_on_platform,platform_scene-1/Tile Map/20_-53_layer_Tile Map_tile_20_-53_source_1_atlas_14_6
782.249,landed,364.139312744141,-960.087951660156,30.0,0.0,land,surface_wood_impact_0.67500006103516
782.305,jump_input_pressed,366.805847167969,-960.103210449219,130.0,0.0,Jump,pressed
782.305,jump_executed,366.805847167969,-960.103210449219,130.0,-500.0,jump,x_366.805847167969_y_-960.103210449219
782.64,jump_input_released,424.975646972656,-1062.23571777344,180.0,-94.9998931884766,Jump,released
782.739,jump_peak_reached,442.975646972656,-1066.52734375,180.0,46.2038116455078,jump_peak,x_442.975646972656_y_-1066.52734375
782.972,coin_collected,480.808990478516,-999.573669433594,13.3333311080933,527.685363769531,collect_coin,coin_coin21_score_26
782.982,platform_landed,480.808990478516,-981.052978515625,0.0,0.0,land_on_platform,platform_scene-1/Tile Map/26_-54_layer_Tile Map_tile_26_-54_source_1_atlas_2_0
782.982,landed,480.808990478516,-981.052978515625,0.0,0.0,land,surface_wood_impact_1.20351892089844
783.274,jump_input_pressed,480.808990478516,-981.052978515625,0.0,0.0,Jump,pressed
783.274,jump_executed,480.808990478516,-981.052978515625,0.0,-500.0,jump,x_480.808990478516_y_-981.052978515625
783.282,jump_peak_reached,480.808990478516,-989.407348632812,0.0,-479.222198486328,jump_peak,x_480.808990478516_y_-989.407348632812
783.305,move_right_pressed,480.808990478516,-997.396240234375,15.0,-458.499969482422,Move_Right,pressed
783.381,jump_input_released,484.558990478516,-1032.19250488281,90.0,-355.722137451172,Jump,released
783.64,move_right_pressed,502.142333984375,-1008.58142089844,15.0,374.537078857422,Move_Right,pressed
783.649,platform_landed,501.858215332031,-998.382263183594,30.0,0.0,land_on_platform,platform_scene-1/Tile Map/28_-55_layer_Tile Map_tile_28_-55_source_1_atlas_0_0
783.649,landed,501.858215332031,-998.382263183594,30.0,0.0,land,surface_wood_impact_0.82314825439453
784.072,move_right_pressed,507.224609375,-999.005554199219,33.3333320617676,0.0,Move_Right,pressed
784.083,jump_input_pressed,507.780151367188,-999.005554199219,66.6666641235352,0.0,Jump,pressed
784.083,jump_executed,507.780151367188,-999.005554199219,66.6666641235352,-500.0,jump,x_507.780151367188_y_-999.005554199219
784.24,jump_input_released,526.676940917969,-1061.71862792969,180.0,-314.999908447266,Jump,released
784.338,jump_peak_reached,544.676940917969,-1066.51025390625,180.0,41.2037048339844,jump_peak,x_544.676940917969_y_-1066.51025390625
784.484,platform_landed,574.678588867188,-1032.08081054688,180.0,0.0,land_on_platform,platform_scene-1/Tile Map/31_-57_layer_Tile Map_tile_31_-57_source_1_atlas_14_6
784.484,landed,574.678588867188,-1032.08081054688,180.0,0.0,land,surface_wood_impact_0.74907415771484
784.606,jump_input_pressed,592.6787109375,-1031.98291015625,180.0,0.0,Jump,pressed
784.607,jump_executed,592.6787109375,-1031.98291015625,180.0,-500.0,jump,x_592.6787109375_y_-1031.98291015625
784.715,jump_input_released,613.699401855469,-1083.15966796875,180.0,-355.722137451172,Jump,released
784.781,platform_landed,628.309326171875,-1088.64697265625,180.0,-16.6666660308838,land_on_platform,platform_scene-1/Tile Map/35_-60_layer_Tile Map_tile_35_-60_source_1_atlas_1_0
784.781,landed,628.309326171875,-1088.64697265625,180.0,-16.6666660308838,land,surface_wood_impact_0.03333333206177
784.85,jump_peak_reached,637.214050292969,-1089.52001953125,180.0,41.2037048339844,jump_peak,x_637.214050292969_y_-1089.52001953125
784.851,platform_landed,640.214111328125,-1089.06616210938,180.0,0.0,land_on_platform,platform_scene-1/Tile Map/35_-60_layer_Tile Map_tile_35_-60_source_1_atlas_1_0
784.851,landed,640.214111328125,-1089.06616210938,180.0,0.0,land,surface_wood_impact_0.08240740966797
785.206,move_left_pressed,674.144226074219,-1061.90710449219,-15.0,370.370391845703,Move_Left,pressed
785.497,platform_landed,670.394226074219,-855.068786621094,0.0,0.0,land_on_platform,platform_scene-1/Tile Map/37_-47_layer_Tile Map_tile_37_-47_source_1_atlas_15_7
785.497,landed,670.394226074219,-855.068786621094,0.0,0.0,land,surface_wood_impact_2.07407446289062
786.182,move_right_pressed,670.394226074219,-855.068786621094,33.3333320617676,0.0,Move_Right,pressed
786.206,jump_input_pressed,670.949768066406,-855.068786621094,66.6666641235352,0.0,Jump,pressed
786.206,jump_executed,670.949768066406,-855.068786621094,66.6666641235352,-500.0,jump,x_670.949768066406_y_-855.068786621094
786.372,jump_input_released,692.839294433594,-922.986999511719,180.0,-294.722106933594,Jump,released
786.473,jump_peak_reached,710.839294433594,-927.778686523438,180.0,41.2037048339844,jump_peak,x_710.839294433594_y_-927.778686523438
786.639,platform_landed,721.672607421875,-891.016784667969,0.0,0.0,land_on_platform,platform_scene-1/Tile Map/40_-49_layer_Tile Map_tile_40_-49_source_1_atlas_3_0
786.639,landed,721.672607421875,-891.016784667969,0.0,0.0,land,surface_wood_impact_0.82314825439453
786.714,move_right_pressed,721.672607421875,-891.016784667969,33.3333320617676,0.0,Move_Right,pressed
786.806,jump_input_pressed,730.005920410156,-891.068359375,180.0,0.0,Jump,pressed
786.807,jump_executed,730.005920410156,-891.068359375,180.0,-500.0,jump,x_730.005920410156_y_-891.068359375
787.15,jump_input_released,793.008056640625,-994.79736328125,180.0,-75.3332214355469,Jump,released
787.24,jump_peak_reached,803.841369628906,-997.602844238281,0.0,45.0371475219727,jump_peak,x_803.841369628906_y_-997.602844238281
787.382,platform_landed,803.841369628906,-963.008605957031,0.0,0.0,land_on_platform,platform_scene-1/Tile Map/44_-53_layer_Tile Map_tile_44_-53_source_1_atlas_13_7
787.382,landed,803.841369628906,-963.008605957031,0.0,0.0,land,surface_wood_impact_0.75674102783203
787.515,move_right_pressed,803.841369628906,-963.008605957031,33.3333320617676,0.0,Move_Right,pressed
787.674,jump_input_pressed,824.174682617188,-963.008605957031,180.0,0.0,Jump,pressed
787.674,jump_executed,824.174682617188,-963.008605957031,180.0,-500.0,jump,x_824.174682617188_y_-963.008605957031
788.048,jump_input_released,875.925231933594,-1068.79223632812,15.0,-36.1665573120117,Jump,released
788.097,jump_peak_reached,875.925231933594,-1069.55895996094,15.0,42.5371475219727,jump_peak,x_875.925231933594_y_-1069.55895996094
788.814,platform_landed,885.536315917969,-474.001800537109,0.0,0.0,land_on_platform,platform_scene-1/Tile Map/49_-26_layer_Tile Map_tile_49_-26_source_1_atlas_13_6
788.814,landed,885.536315917969,-474.001800537109,0.0,0.0,land,surface_wood_impact_3.27025830078125
791.073,move_left_pressed,885.536315917969,-474.001800537109,-33.3333320617676,0.0,Move_Left,pressed
791.364,jump_input_pressed,838.203247070312,-474.048706054688,-180.0,0.0,Jump,pressed
791.364,jump_executed,838.203247070312,-474.048706054688,-180.0,-500.0,jump,x_838.203247070312_y_-474.048706054688
791.581,jump_peak_reached,799.197326660156,-550.313720703125,-180.0,74.0740737915039,jump_peak,x_799.197326660156_y_-550.313720703125
791.84,jump_input_released,754.197326660156,-466.980407714844,-180.0,629.629699707031,Jump,released
792.28,platform_landed,743.364013671875,44.9022979736328,0.0,0.0,land_on_platform,platform_scene-1/Tile Map/41_3_layer_Tile Map_tile_41_3_source_1_atlas_13_0
792.28,landed,743.364013671875,44.9022979736328,0.0,0.0,land,surface_wood_impact_3.25925805664063
796.339,move_left_pressed,743.364013671875,44.9999542236328,-33.3333320617676,0.0,Move_Left,pressed
796.414,jump_input_pressed,735.030700683594,44.9999542236328,-180.0,0.0,Jump,pressed
796.414,jump_executed,735.030700683594,44.9999542236328,-180.0,-500.0,jump,x_735.030700683594_y_44.9999542236328
796.439,jump_peak_reached,732.009643554688,36.6071662902832,-180.0,-479.222198486328,jump_peak,x_732.009643554688_y_36.6071662902832
796.639,jump_input_released,696.009643554688,-36.7298545837402,-180.0,-234.222106933594,Jump,released
796.839,platform_landed,664.176330566406,-27.0099830627441,0.0,0.0,land_on_platform,platform_scene-1/Tile Map/36_-1_layer_Tile Map_tile_36_-1_source_1_atlas_13_7
796.84,landed,664.176330566406,-27.0099830627441,0.0,0.0,land,surface_wood_impact_0.52685186767578
796.914,move_left_pressed,664.176330566406,-27.0099830627441,-33.3333320617676,0.0,Move_Left,pressed
796.939,jump_input_pressed,663.620788574219,-27.0099830627441,-66.6666641235352,0.0,Jump,pressed
796.939,jump_executed,663.620788574219,-27.0099830627441,-66.6666641235352,-500.0,jump,x_663.620788574219_y_-27.0099830627441
797.214,jump_input_released,620.724548339844,-122.408081054688,-180.0,-154.333221435547,Jump,released
797.313,jump_peak_reached,604.113464355469,-127.199745178223,-13.3333311080933,41.2037048339844,jump_peak,x_604.113464355469_y_-127.199745178223
797.572,move_left_pressed,603.891235351562,-52.0839958190918,-15.0,596.759338378906,Move_Left,pressed
797.815,platform_landed,586.030151367188,170.998168945312,0.0,0.0,land_on_platform,platform_scene-1/Tile Map/32_10_layer_Tile Map_tile_32_10_source_1_atlas_2_0
797.815,landed,586.030151367188,170.998168945312,0.0,0.0,land,surface_wood_impact_2.30462963867188
798.531,jump_input_pressed,586.030151367188,170.998168945312,0.0,0.0,Jump,pressed
798.531,jump_executed,586.030151367188,170.998168945312,0.0,-500.0,jump,x_586.030151367188_y_170.998168945312
798.549,jump_peak_reached,586.030151367188,162.599349975586,-15.0,-479.222198486328,jump_peak,x_586.030151367188_y_162.599349975586
798.549,move_left_pressed,586.030151367188,162.599349975586,-15.0,-479.222198486328,Move_Left,pressed
798.874,jump_input_released,560.824890136719,68.8132781982422,-6.66666650772095,-94.9998931884766,Jump,released
799.072,move_right_pressed,560.713806152344,78.4012680053711,15.0,268.426025390625,Move_Right,pressed
799.073,platform_landed,561.397521972656,81.3339004516602,15.0,0.0,land_on_platform,platform_scene-1/Tile Map/30_5_layer_Tile Map_tile_30_5_source_1_atlas_3_0
799.073,landed,561.397521972656,81.3339004516602,15.0,0.0,land,surface_wood_impact_0.53685205078125
799.139,jump_input_pressed,565.553100585938,82.7157363891602,130.0,37.037036895752,Jump,pressed
799.139,jump_executed,565.553100585938,82.7157363891602,130.0,-500.0,jump,x_565.553100585938_y_82.7157363891602
799.439,jump_input_released,617.719848632812,-15.2147989273071,180.0,-134.499893188477,Jump,released
799.539,jump_peak_reached,625.553161621094,-20.0064678192139,0.0,41.2037048339844,jump_peak,x_625.553161621094_y_-20.0064678192139
799.748,platform_landed,625.553161621094,44.980899810791,0.0,0.0,land_on_platform,platform_scene-1/Tile Map/34_3_layer_Tile Map_tile_34_3_source_1_atlas_14_0
799.748,landed,625.553161621094,44.980899810791,0.0,0.0,land,surface_wood_impact_1.04537048339844
799.839,jump_input_pressed,625.553161621094,44.980899810791,0.0,0.0,Jump,pressed
799.839,jump_executed,625.553161621094,44.980899810791,0.0,-500.0,jump,x_625.553161621094_y_44.980899810791
799.907,move_right_pressed,625.553161621094,13.6628532409668,15.0,-417.22216796875,Move_Right,pressed
800.107,jump_input_released,645.053161621094,-47.4908332824707,180.0,-174.222106933594,Jump,released
800.206,jump_peak_reached,663.053161621094,-52.2825012207031,96.6666641235352,41.2037048339844,jump_peak,x_663.053161621094_y_-52.2825012207031
800.34,platform_landed,664.886474609375,-27.0218086242676,0.0,0.0,land_on_platform,platform_scene-1/Tile Map/36_-1_layer_Tile Map_tile_36_-1_source_1_atlas_13_7
800.34,landed,664.886474609375,-27.0218086242676,0.0,0.0,land,surface_wood_impact_0.67500006103516
800.372,move_left_pressed,664.886474609375,-27.0218086242676,-33.3333320617676,0.0,Move_Left,pressed
800.407,jump_input_pressed,663.219848632812,-27.0218086242676,-100.0,0.0,Jump,pressed
800.407,jump_executed,663.219848632812,-27.0218086242676,-100.0,-500.0,jump,x_663.219848632812_y_-27.0218086242676
800.706,jump_input_released,613.460693359375,-124.997688293457,-180.0,-134.499893188477,Jump,released
800.806,jump_peak_reached,595.460693359375,-129.789352416992,-180.0,41.2037048339844,jump_peak,x_595.460693359375_y_-129.789352416992
801.04,platform_landed,581.627380371094,-63.0366516113281,0.0,0.0,land_on_platform,platform_scene-1/Tile Map/32_-3_layer_Tile Map_tile_32_-3_source_1_atlas_3_0
801.04,landed,581.627380371094,-63.0366516113281,0.0,0.0,land,surface_wood_impact_1.11944458007812
801.105,move_left_pressed,581.627380371094,-63.0366516113281,-33.3333320617676,0.0,Move_Left,pressed
801.105,jump_input_pressed,581.627380371094,-63.0366516113281,-33.3333320617676,0.0,Jump,pressed
801.105,jump_executed,581.627380371094,-63.0366516113281,-33.3333320617676,-500.0,jump,x_581.627380371094_y_-63.0366516113281
801.408,jump_input_released,540.819702148438,-161.001312255859,-180.0,-134.499893188477,Jump,released
801.506,jump_peak_reached,532.986389160156,-165.792984008789,0.0,41.2037048339844,jump_peak,x_532.986389160156_y_-165.792984008789
801.64,move_right_pressed,532.986389160156,-143.015213012695,15.0,337.500030517578,Move_Right,pressed
801.648,platform_landed,533.736389160156,-135.066925048828,30.0,0.0,land_on_platform,platform_scene-1/Tile Map/29_-7_layer_Tile Map_tile_29_-7_source_1_atlas_0_0
801.649,landed,533.736389160156,-135.066925048828,30.0,0.0,land,surface_wood_impact_0.74907415771484
801.68,jump_input_pressed,534.791931152344,-135.066925048828,96.6666641235352,0.0,Jump,pressed
801.68,jump_executed,534.791931152344,-135.066925048828,96.6666641235352,-500.0,jump,x_534.791931152344_y_-135.066925048828
801.965,jump_input_released,581.2099609375,-230.003280639648,180.0,37.037036895752,Jump,released
801.981,jump_peak_reached,584.211486816406,-229.385681152344,180.0,74.0740737915039,jump_peak,x_584.211486816406_y_-229.385681152344
802.181,platform_landed,610.044799804688,-171.028213500977,0.0,0.0,land_on_platform,platform_scene-1/Tile Map/33_-9_layer_Tile Map_tile_33_-9_source_1_atlas_1_0
802.181,landed,610.044799804688,-171.028213500977,0.0,0.0,land,surface_wood_impact_1.037037109375
802.266,jump_input_pressed,610.044799804688,-171.028213500977,0.0,0.0,Jump,pressed
802.266,jump_executed,610.044799804688,-171.028213500977,0.0,-500.0,jump,x_610.044799804688_y_-171.028213500977
802.372,move_left_pressed,610.044799804688,-215.913314819336,-15.0,-376.166595458984,Move_Left,pressed
802.607,jump_input_released,584.544799804688,-273.190124511719,-180.0,-94.9998931884766,Jump,released
802.707,jump_peak_reached,566.544799804688,-277.481781005859,-96.6666641235352,46.2038116455078,jump_peak,x_566.544799804688_y_-277.481781005859
802.815,platform_landed,564.711486816406,-258.004791259766,0.0,0.0,land_on_platform,platform_scene-1/Tile Map/31_-14_layer_Tile Map_tile_31_-14_source_1_atlas_18_3
802.815,landed,564.711486816406,-258.004791259766,0.0,0.0,land,surface_wood_impact_0.61092614746094
802.973,jump_input_pressed,564.711486816406,-258.004791259766,0.0,0.0,Jump,pressed
802.973,jump_executed,564.711486816406,-258.004791259766,0.0,-500.0,jump,x_564.711486816406_y_-258.004791259766
803.207,move_left_pressed,566.106689453125,-342.650268554688,-15.0,-214.166549682617,Move_Left,pressed
803.34,jump_input_released,558.113952636719,-362.061065673828,-127.530052185059,-55.722110748291,Jump,released
803.406,jump_peak_reached,548.111999511719,-363.692535400391,-180.0,43.8149261474609,jump_peak,x_548.111999511719_y_-363.692535400391
803.482,platform_landed,540.278686523438,-351.005981445312,0.0,0.0,land_on_platform,platform_scene-1/Tile Map/29_-19_layer_Tile Map_tile_29_-19_source_1_atlas_12_0
803.482,landed,540.278686523438,-351.005981445312,0.0,0.0,land,surface_wood_impact_0.45800021362305
803.58,move_right_pressed,540.278686523438,-351.005981445312,33.3333320617676,0.0,Move_Right,pressed
803.639,jump_input_pressed,543.611022949219,-351.074066162109,133.33332824707,0.0,Jump,pressed
803.639,jump_executed,543.611022949219,-351.074066162109,133.33332824707,-500.0,jump,x_543.611022949219_y_-351.074066162109
803.982,jump_input_released,605.000366210938,-454.798736572266,180.0,-75.3332214355469,Jump,released
804.073,jump_peak_reached,620.000366210938,-457.604278564453,180.0,45.0371475219727,jump_peak,x_620.000366210938_y_-457.604278564453
804.231,platform_landed,627.833679199219,-419.994476318359,0.0,0.0,land_on_platform,platform_scene-1/Tile Map/34_-23_layer_Tile Map_tile_34_-23_source_1_atlas_17_3
804.231,landed,627.833679199219,-419.994476318359,0.0,0.0,land,surface_wood_impact_0.83081512451172
804.347,move_right_pressed,627.833679199219,-419.994476318359,33.3333320617676,0.0,Move_Right,pressed
804.347,jump_input_pressed,627.833679199219,-419.994476318359,33.3333320617676,0.0,Jump,pressed
804.347,jump_executed,627.833679199219,-419.994476318359,33.3333320617676,-500.0,jump,x_627.833679199219_y_-419.994476318359
804.715,jump_input_released,680.64306640625,-525.052856445312,180.0,-55.722110748291,Jump,released
804.781,jump_peak_reached,692.64306640625,-526.684326171875,180.0,43.8149261474609,jump_peak,x_692.64306640625_y_-526.684326171875
804.931,platform_landed,703.476379394531,-495.017059326172,0.0,0.0,land_on_platform,platform_scene-1/Tile Map/39_-27_layer_Tile Map_tile_39_-27_source_1_atlas_2_0
804.931,landed,703.476379394531,-495.017059326172,0.0,0.0,land,surface_wood_impact_0.75429656982422
805.016,move_right_pressed,703.476379394531,-495.017059326172,33.3333320617676,0.0,Move_Right,pressed
805.016,jump_input_pressed,703.476379394531,-495.017059326172,33.3333320617676,0.0,Jump,pressed
805.016,jump_executed,703.476379394531,-495.017059326172,33.3333320617676,-500.0,jump,x_703.476379394531_y_-495.017059326172
805.44,jump_input_released,765.285339355469,-601.944885253906,180.0,2.77788853645325,Jump,released
805.449,jump_peak_reached,768.285339355469,-601.898559570312,96.6666641235352,39.8149261474609,jump_peak,x_768.285339355469_y_-601.898559570312
805.548,platform_landed,770.11865234375,-585.024108886719,0.0,0.0,land_on_platform,platform_scene-1/Tile Map/42_-32_layer_Tile Map_tile_42_-32_source_1_atlas_1_0
805.548,landed,770.11865234375,-585.024108886719,0.0,0.0,land,surface_wood_impact_0.52407427978516
805.707,move_right_pressed,770.11865234375,-585.024108886719,33.3333320617676,0.0,Move_Right,pressed
805.707,jump_input_pressed,770.11865234375,-585.024108886719,33.3333320617676,0.0,Jump,pressed
805.707,jump_executed,770.11865234375,-585.024108886719,33.3333320617676,-500.0,jump,x_770.11865234375_y_-585.024108886719
805.973,jump_input_released,804.927062988281,-677.491271972656,180.0,-174.222106933594,Jump,released
806.064,jump_peak_reached,822.927062988281,-682.282958984375,96.6666641235352,41.2037048339844,jump_peak,x_822.927062988281_y_-682.282958984375
806.207,platform_landed,824.760375976562,-657.000305175781,0.0,0.0,land_on_platform,platform_scene-1/Tile Map/45_-36_layer_Tile Map_tile_45_-36_source_1_atlas_0_0
806.207,landed,824.760375976562,-657.000305175781,0.0,0.0,land,surface_wood_impact_0.67500006103516
806.44,move_left_pressed,824.760375976562,-657.000305175781,-33.3333320617676,0.0,Move_Left,pressed
806.44,jump_input_pressed,824.760375976562,-657.000305175781,-33.3333320617676,0.0,Jump,pressed
806.44,jump_executed,824.760375976562,-657.000305175781,-33.3333320617676,-500.0,jump,x_824.760375976562_y_-657.000305175781
806.873,jump_peak_reached,759.950561523438,-763.894592285156,-180.0,39.8149261474609,jump_peak,x_759.950561523438_y_-763.894592285156
806.906,jump_input_released,753.950561523438,-761.950134277344,-180.0,113.889007568359,Jump,released
806.972,platform_landed,746.117248535156,-747.020141601562,0.0,0.0,land_on_platform,platform_scene-1/Tile Map/41_-41_layer_Tile Map_tile_41_-41_source_1_atlas_3_0
806.972,landed,746.117248535156,-747.020141601562,0.0,0.0,land,surface_wood_impact_0.52407427978516
807.14,jump_input_pressed,746.117248535156,-747.020141601562,0.0,0.0,Jump,pressed
807.141,jump_executed,746.117248535156,-747.020141601562,0.0,-500.0,jump,x_746.117248535156_y_-747.020141601562
807.339,move_right_pressed,746.117248535156,-824.489196777344,15.0,-254.333206176758,Move_Right,pressed
807.406,jump_input_released,748.617248535156,-839.491027832031,75.0,-174.222106933594,Jump,released
807.506,jump_peak_reached,755.728332519531,-844.28271484375,0.0,41.2037048339844,jump_peak,x_755.728332519531_y_-844.28271484375
807.681,platform_landed,755.728332519531,-800.908874511719,0.0,0.0,land_on_platform,platform_scene-1/Tile Map/42_-44_layer_Tile Map_tile_42_-44_source_1_atlas_1_0
807.681,landed,755.728332519531,-800.908874511719,0.0,0.0,land,surface_wood_impact_0.89722235107422
808.197,jump_input_pressed,755.728332519531,-800.908874511719,0.0,0.0,Jump,pressed
808.197,jump_executed,755.728332519531,-800.908874511719,0.0,-500.0,jump,x_755.728332519531_y_-800.908874511719
808.439,move_left_pressed,755.728332519531,-886.540588378906,-15.0,-214.166549682617,Move_Left,pressed
808.54,jump_input_released,750.478332519531,-903.072937011719,-105.0,-94.9998931884766,Jump,released
808.631,jump_peak_reached,736.228332519531,-907.364624023438,-180.0,46.2038116455078,jump_peak,x_736.228332519531_y_-907.364624023438
808.74,platform_landed,731.39501953125,-891.00341796875,0.0,0.0,land_on_platform,platform_scene-1/Tile Map/40_-49_layer_Tile Map_tile_40_-49_source_1_atlas_3_0
808.74,landed,731.39501953125,-891.00341796875,0.0,0.0,land,surface_wood_impact_0.53685205078125
808.872,move_right_pressed,731.39501953125,-891.00341796875,33.3333320617676,0.0,Move_Right,pressed
808.872,jump_input_pressed,731.39501953125,-891.00341796875,33.3333320617676,0.0,Jump,pressed
808.872,jump_executed,731.39501953125,-891.00341796875,33.3333320617676,-500.0,jump,x_731.39501953125_y_-891.00341796875
809.248,jump_input_released,787.204650878906,-997.015380859375,180.0,-36.1665573120117,Jump,released
809.307,jump_peak_reached,796.204650878906,-997.782043457031,180.0,42.5371475219727,jump_peak,x_796.204650878906_y_-997.782043457031
809.456,platform_landed,801.037963867188,-963.003479003906,0.0,0.0,land_on_platform,platform_scene-1/Tile Map/44_-53_layer_Tile Map_tile_44_-53_source_1_atlas_13_7
809.456,landed,801.037963867188,-963.003479003906,0.0,0.0,land,surface_wood_impact_0.75174102783203
809.881,move_right_pressed,801.037963867188,-963.003479003906,33.3333320617676,0.0,Move_Right,pressed
810.242,move_right_pressed,814.20458984375,-963.003479003906,33.3333320617676,0.0,Move_Right,pressed
810.308,jump_input_pressed,819.760131835938,-963.003479003906,166.666656494141,0.0,Jump,pressed
810.309,jump_executed,819.760131835938,-963.003479003906,166.666656494141,-500.0,jump,x_819.760131835938_y_-963.003479003906
810.739,jump_peak_reached,875.925231933594,-1069.88903808594,15.0,39.8149261474609,jump_peak,x_875.925231933594_y_-1069.88903808594
810.849,jump_input_released,876.675231933594,-1052.28100585938,45.0,299.074188232422,Jump,released
810.973,move_left_pressed,879.675231933594,-1004.42602539062,-15.0,558.33349609375,Move_Left,pressed
811.107,platform_landed,873.434936523438,-903.748046875,-135.0,0.0,land_on_platform,platform_scene-1/Tile Map/47_-50_layer_Tile Map_tile_47_-50_source_1_atlas_3_0
811.107,landed,873.434936523438,-903.748046875,-135.0,0.0,land,surface_wood_impact_1.709259765625
811.814,platform_landed,872.002319335938,-474.0498046875,0.0,0.0,land_on_platform,platform_scene-1/Tile Map/48_-26_layer_Tile Map_tile_48_-26_source_1_atlas_13_6
811.814,landed,872.002319335938,-474.0498046875,0.0,0.0,land,surface_wood_impact_2.740740234375
812.415,move_left_pressed,872.002319335938,-474.0498046875,-33.3333320617676,0.0,Move_Left,pressed
812.55,jump_input_pressed,854.669006347656,-474.0498046875,-180.0,0.0,Jump,pressed
812.55,jump_executed,854.669006347656,-474.0498046875,-180.0,-500.0,jump,x_854.669006347656_y_-474.0498046875
812.573,jump_peak_reached,851.664123535156,-482.397552490234,-180.0,-479.222198486328,jump_peak,x_851.664123535156_y_-482.397552490234
812.965,move_right_pressed,817.780517578125,-580.000061035156,9.09987831115723,2.77788853645325,Move_Right,pressed
812.997,jump_input_released,818.338439941406,-579.288757324219,39.0998764038086,76.8519668579102,Jump,released
813.264,platform_landed,826.51123046875,-474.031890869141,0.0,0.0,land_on_platform,platform_scene-1/Tile Map/45_-26_layer_Tile Map_tile_45_-26_source_1_atlas_14_6
813.264,landed,826.51123046875,-474.031890869141,0.0,0.0,land,surface_wood_impact_1.33888928222656
813.639,move_left_pressed,826.51123046875,-474.031890869141,-33.3333320617676,0.0,Move_Left,pressed
813.774,jump_input_pressed,809.64208984375,-474.151794433594,-180.0,0.0,Jump,pressed
813.774,jump_executed,809.64208984375,-474.151794433594,-180.0,-500.0,jump,x_809.64208984375_y_-474.151794433594
813.782,jump_peak_reached,806.617492675781,-482.554351806641,-180.0,-479.222198486328,jump_peak,x_806.617492675781_y_-482.554351806641
814.006,jump_input_released,767.616271972656,-549.078796386719,-180.0,111.111114501953,Jump,released
814.172,platform_landed,734.616271972656,-495.066223144531,-180.0,0.0,land_on_platform,platform_scene-1/Tile Map/40_-27_layer_Tile Map_tile_40_-27_source_1_atlas_3_0
814.172,landed,734.616271972656,-495.066223144531,-180.0,0.0,land,surface_wood_impact_0.96296307373047
814.481,move_right_pressed,705.782958984375,-495.066223144531,33.3333320617676,0.0,Move_Right,pressed
814.508,jump_input_pressed,706.338500976562,-495.066223144531,66.6666641235352,0.0,Jump,pressed
814.508,jump_executed,706.338500976562,-495.066223144531,66.6666641235352,-500.0,jump,x_706.338500976562_y_-495.066223144531
814.882,jump_input_released,767.228332519531,-601.023620605469,180.0,-36.1665573120117,Jump,released
814.939,jump_peak_reached,774.839416503906,-601.790283203125,13.3333311080933,42.5371475219727,jump_peak,x_774.839416503906_y_-601.790283203125
815.039,platform_landed,775.061645507812,-585.002319335938,0.0,0.0,land_on_platform,platform_scene-1/Tile Map/43_-32_layer_Tile Map_tile_43_-32_source_1_atlas_2_0
815.04,landed,775.061645507812,-585.002319335938,0.0,0.0,land,surface_wood_impact_0.52951873779297
815.141,jump_input_pressed,775.061645507812,-585.002319335938,0.0,0.0,Jump,pressed
815.141,jump_executed,775.061645507812,-585.002319335938,0.0,-500.0,jump,x_775.061645507812_y_-585.002319335938
815.174,move_right_pressed,775.061645507812,-601.399047851562,15.0,-458.499969482422,Move_Right,pressed
815.414,jump_input_released,803.561645507812,-680.417541503906,180.0,-154.333221435547,Jump,released
815.514,jump_peak_reached,817.394958496094,-685.209228515625,0.0,41.2037048339844,jump_peak,x_817.394958496094_y_-685.209228515625
815.648,platform_landed,817.394958496094,-657.009704589844,0.0,0.0,land_on_platform,platform_scene-1/Tile Map/45_-36_layer_Tile Map_tile_45_-36_source_1_atlas_0_0
815.648,landed,817.394958496094,-657.009704589844,0.0,0.0,land,surface_wood_impact_0.67500006103516
815.84,move_left_pressed,817.394958496094,-657.009704589844,-33.3333320617676,0.0,Move_Left,pressed
815.84,jump_input_pressed,817.394958496094,-657.009704589844,-33.3333320617676,0.0,Jump,pressed
815.84,jump_executed,817.394958496094,-657.009704589844,-33.3333320617676,-500.0,jump,x_817.394958496094_y_-657.009704589844
816.215,jump_input_released,761.585693359375,-763.016235351562,-180.0,-36.1665573120117,Jump,released
816.273,jump_peak_reached,752.585693359375,-763.782897949219,-180.0,42.5371475219727,jump_peak,x_752.585693359375_y_-763.782897949219
816.373,platform_landed,747.752380371094,-747.01220703125,0.0,0.0,land_on_platform,platform_scene-1/Tile Map/41_-41_layer_Tile Map_tile_41_-41_source_1_atlas_3_0
816.373,landed,747.752380371094,-747.01220703125,0.0,0.0,land,surface_wood_impact_0.52951873779297
816.673,jump_input_pressed,747.752380371094,-747.01220703125,0.0,0.0,Jump,pressed
816.673,jump_executed,747.752380371094,-747.01220703125,0.0,-500.0,jump,x_747.752380371094_y_-747.01220703125
816.842,move_right_pressed,747.752380371094,-814.979736328125,15.0,-294.722106933594,Move_Right,pressed
816.916,jump_input_released,751.502380371094,-836.239013671875,90.0,-194.166549682617,Jump,released
817.014,jump_peak_reached,757.363464355469,-841.030700683594,0.0,41.2037048339844,jump_peak,x_757.363464355469_y_-841.030700683594
817.181,platform_landed,757.363464355469,-801.039978027344,0.0,0.0,land_on_platform,platform_scene-1/Tile Map/42_-44_layer_Tile Map_tile_42_-44_source_1_atlas_1_0
817.181,landed,757.363464355469,-801.039978027344,0.0,0.0,land,surface_wood_impact_0.82314825439453
817.507,jump_input_pressed,757.363464355469,-801.039978027344,0.0,0.0,Jump,pressed
817.508,jump_executed,757.363464355469,-801.039978027344,0.0,-500.0,jump,x_757.363464355469_y_-801.039978027344
817.714,move_left_pressed,757.363464355469,-882.74267578125,-15.0,-234.222106933594,Move_Left,pressed
817.907,jump_input_released,740.863464355469,-907.645446777344,-180.0,-16.6665554046631,Jump,released
817.94,jump_peak_reached,734.863464355469,-907.853759765625,-180.0,41.2038154602051,jump_peak,x_734.863464355469_y_-907.853759765625
818.04,platform_landed,730.030151367188,-891.001220703125,0.0,0.0,land_on_platform,platform_scene-1/Tile Map/40_-49_layer_Tile Map_tile_40_-49_source_1_atlas_3_0
818.04,landed,730.030151367188,-891.001220703125,0.0,0.0,land,surface_wood_impact_0.52685205078125
818.184,jump_input_pressed,730.030151367188,-891.001220703125,0.0,0.0,Jump,pressed
818.184,jump_executed,730.030151367188,-891.001220703125,0.0,-500.0,jump,x_730.030151367188_y_-891.001220703125
818.205,move_right_pressed,730.030151367188,-899.400634765625,15.0,-479.222198486328,Move_Right,pressed
818.582,jump_input_released,782.530151367188,-997.640441894531,180.0,-16.6665554046631,Jump,released
818.614,jump_peak_reached,788.530151367188,-997.848754882812,180.0,41.2038154602051,jump_peak,x_788.530151367188_y_-997.848754882812
818.782,platform_landed,811.363464355469,-963.01611328125,0.0,0.0,land_on_platform,platform_scene-1/Tile Map/45_-53_layer_Tile Map_tile_45_-53_source_1_atlas_15_7
818.782,landed,811.363464355469,-963.01611328125,0.0,0.0,land,surface_wood_impact_0.8231484375
820.098,move_left_pressed,811.363464355469,-963.01611328125,-33.3333320617676,0.0,Move_Left,pressed
820.674,move_right_pressed,804.973388671875,-963.075073242188,33.3333320617676,0.0,Move_Right,pressed
820.808,jump_input_pressed,822.306701660156,-963.075073242188,180.0,0.0,Jump,pressed
820.808,jump_executed,822.306701660156,-963.075073242188,180.0,-500.0,jump,x_822.306701660156_y_-963.075073242188
821.073,jump_input_released,870.306945800781,-1055.498046875,180.0,-174.222106933594,Jump,released
821.173,jump_peak_reached,876.247375488281,-1059.91870117188,17.3972702026367,41.2037048339844,jump_peak,x_876.247375488281_y_-1059.91870117188
821.431,jump_input_pressed,908.187255859375,-974.841369628906,180.0,633.79638671875,Jump,pressed
821.481,move_left_pressed,915.79833984375,-941.299682617188,0.0,744.907531738281,Move_Left,pressed
821.574,jump_input_released,913.29833984375,-873.051208496094,-75.0,930.0927734375,Jump,released
821.865,platform_landed,876.465026855469,-474.006011962891,0.0,0.0,land_on_platform,platform_scene-1/Tile Map/48_-26_layer_Tile Map_tile_48_-26_source_1_atlas_13_6
821.865,landed,876.465026855469,-474.006011962891,0.0,0.0,land,surface_wood_impact_3.19351733398438
822.409,move_left_pressed,876.465026855469,-474.006011962891,-33.3333320617676,0.0,Move_Left,pressed
822.841,jump_input_pressed,805.639099121094,-474.235137939453,-180.0,74.0740737915039,Jump,pressed
822.841,jump_executed,805.639099121094,-474.235137939453,-180.0,-500.0,jump,x_805.639099121094_y_-474.235137939453
823.047,jump_peak_reached,766.637573242188,-550.315307617188,-180.0,74.0740737915039,jump_peak,x_766.637573242188_y_-550.315307617188
823.106,jump_input_released,757.637573242188,-544.759765625,-180.0,185.185180664062,Jump,released
823.231,platform_landed,730.637573242188,-495.066131591797,-180.0,0.0,land_on_platform,platform_scene-1/Tile Map/40_-27_layer_Tile Map_tile_40_-27_source_1_atlas_3_0
823.231,landed,730.637573242188,-495.066131591797,-180.0,0.0,land,surface_wood_impact_0.96296307373047
823.431,jump_input_pressed,701.804260253906,-495.066131591797,0.0,0.0,Jump,pressed
823.431,jump_executed,701.804260253906,-495.066131591797,0.0,-500.0,jump,x_701.804260253906_y_-495.066131591797
823.539,jump_input_released,701.804260253906,-539.918151855469,0.0,-376.166595458984,Jump,released
823.639,jump_peak_reached,701.804260253906,-544.709838867188,0.0,41.2037048339844,jump_peak,x_701.804260253906_y_-544.709838867188
823.831,platform_landed,701.804260253906,-495.032775878906,0.0,0.0,land_on_platform,platform_scene-1/Tile Map/38_-27_layer_Tile Map_tile_38_-27_source_1_atlas_1_0
823.831,landed,701.804260253906,-495.032775878906,0.0,0.0,land,surface_wood_impact_0.97129644775391
823.907,move_right_pressed,701.804260253906,-495.032775878906,33.3333320617676,0.0,Move_Right,pressed
823.941,jump_input_pressed,703.471130371094,-495.0712890625,100.0,0.0,Jump,pressed
823.941,jump_executed,703.471130371094,-495.0712890625,100.0,-500.0,jump,x_703.471130371094_y_-495.0712890625
824.282,jump_input_released,762.222045898438,-598.79833984375,180.0,-75.3332214355469,Jump,released
824.365,jump_peak_reached,767.055358886719,-601.603820800781,0.0,45.0371475219727,jump_peak,x_767.055358886719_y_-601.603820800781
824.441,move_left_pressed,767.055358886719,-594.897644042969,-15.0,193.185302734375,Move_Left,pressed
824.473,platform_landed,765.555358886719,-585.066650390625,-45.0,0.0,land_on_platform,platform_scene-1/Tile Map/42_-32_layer_Tile Map_tile_42_-32_source_1_atlas_1_0
824.473,landed,765.555358886719,-585.066650390625,-45.0,0.0,land,surface_wood_impact_0.53451873779297
824.515,jump_input_pressed,762.388732910156,-585.066650390625,-145.0,0.0,Jump,pressed
824.516,jump_executed,762.388732910156,-585.066650390625,-145.0,-500.0,jump,x_762.388732910156_y_-585.066650390625
824.832,jump_input_released,706.386535644531,-685.263916015625,-180.0,-114.722114562988,Jump,released
824.94,jump_peak_reached,688.386535644531,-690.055603027344,-180.0,41.2037048339844,jump_peak,x_688.386535644531_y_-690.055603027344
825.214,platform_landed,644.55322265625,-585.062438964844,0.0,0.0,land_on_platform,platform_scene-1/Tile Map/35_-32_layer_Tile Map_tile_35_-32_source_1_atlas_1_0
825.214,landed,644.55322265625,-585.062438964844,0.0,0.0,land,surface_wood_impact_1.34166687011719
825.415,jump_input_pressed,644.55322265625,-585.062438964844,0.0,0.0,Jump,pressed
825.415,jump_executed,644.55322265625,-585.062438964844,0.0,-500.0,jump,x_644.55322265625_y_-585.062438964844
825.44,jump_peak_reached,644.55322265625,-593.408447265625,0.0,-479.222198486328,jump_peak,x_644.55322265625_y_-593.408447265625
825.474,move_left_pressed,644.55322265625,-609.041809082031,-15.0,-437.833282470703,Move_Left,pressed
825.541,jump_input_released,642.05322265625,-636.193603515625,-75.0,-355.722137451172,Jump,released
825.806,platform_landed,629.692138671875,-603.017578125,0.0,0.0,land_on_platform,platform_scene-1/Tile Map/34_-33_layer_Tile Map_tile_34_-33_source_1_atlas_0_0
825.806,landed,629.692138671875,-603.017578125,0.0,0.0,land,surface_wood_impact_0.82314825439453
825.907,move_left_pressed,629.692138671875,-603.017578125,-33.3333320617676,0.0,Move_Left,pressed
825.939,jump_input_pressed,628.025512695312,-603.017578125,-100.0,0.0,Jump,pressed
825.94,jump_executed,628.025512695312,-603.017578125,-100.0,-500.0,jump,x_628.025512695312_y_-603.017578125
826.039,jump_input_released,614.265625,-647.909973144531,-180.0,-376.166595458984,Jump,released
826.139,jump_peak_reached,596.265625,-652.70166015625,-180.0,41.2037048339844,jump_peak,x_596.265625_y_-652.70166015625
826.365,platform_landed,551.265625,-585.067077636719,-180.0,0.0,land_on_platform,platform_scene-1/Tile Map/30_-32_layer_Tile Map_tile_30_-32_source_1_atlas_2_0
826.365,landed,551.265625,-585.067077636719,-180.0,0.0,land,surface_wood_impact_1.11944458007812
826.44,jump_input_pressed,542.265625,-585.067077636719,-180.0,0.0,Jump,pressed
826.44,jump_executed,542.265625,-585.067077636719,-180.0,-500.0,jump,x_542.265625_y_-585.067077636719
826.649,jump_input_released,503.263122558594,-666.745300292969,-180.0,-234.222106933594,Jump,released
826.748,jump_peak_reached,485.263122558594,-671.536987304688,-180.0,41.2037048339844,jump_peak,x_485.263122558594_y_-671.536987304688
827.048,platform_landed,428.352508544922,-564.100646972656,-180.0,0.0,land_on_platform,platform_scene-1/Tile Map/23_-31_layer_Tile Map_tile_23_-31_source_1_atlas_14_6
827.048,landed,428.352508544922,-564.100646972656,-180.0,0.0,land,surface_wood_impact_1.41574096679688
827.097,jump_input_pressed,422.885375976562,-565.432983398438,-180.0,0.0,Jump,pressed
827.098,jump_executed,422.885375976562,-565.432983398438,-180.0,-500.0,jump,x_422.885375976562_y_-565.432983398438
827.372,jump_input_released,374.885375976562,-657.855224609375,-180.0,-174.222106933594,Jump,released
827.464,jump_peak_reached,356.885375976562,-662.646911621094,-180.0,41.2037048339844,jump_peak,x_356.885375976562_y_-662.646911621094
827.715,platform_landed,308.890441894531,-582.065185546875,-180.0,0.0,land_on_platform,platform_scene-1/Tile Map/17_-32_layer_Tile Map_tile_17_-32_source_1_atlas_13_6
827.715,landed,308.890441894531,-582.065185546875,-180.0,0.0,land,surface_wood_impact_1.19351867675781
827.747,jump_input_pressed,305.890441894531,-582.065185546875,-180.0,0.0,Jump,pressed
827.748,jump_executed,305.890441894531,-582.065185546875,-180.0,-500.0,jump,x_305.890441894531_y_-582.065185546875
827.974,jump_input_released,266.886016845703,-663.748779296875,-180.0,-234.222106933594,Jump,released
828.073,jump_peak_reached,248.886016845703,-668.540466308594,-180.0,41.2037048339844,jump_peak,x_248.886016845703_y_-668.540466308594
828.341,platform_landed,197.813507080078,-582.0537109375,-180.0,0.0,land_on_platform,platform_scene-1/Tile Map/10_-32_layer_Tile Map_tile_10_-32_source_1_atlas_13_6
828.341,landed,197.813507080078,-582.0537109375,-180.0,0.0,land,surface_wood_impact_1.2675927734375
828.41,jump_input_pressed,188.813507080078,-582.0537109375,-180.0,0.0,Jump,pressed
828.41,jump_executed,188.813507080078,-582.0537109375,-180.0,-500.0,jump,x_188.813507080078_y_-582.0537109375
828.606,jump_input_released,152.809799194336,-659.484436035156,-180.0,-254.333206176758,Jump,released
828.706,jump_peak_reached,134.809799194336,-664.276123046875,-180.0,41.2037048339844,jump_peak,x_134.809799194336_y_-664.276123046875
828.948,platform_landed,86.8097991943359,-585.066345214844,-180.0,0.0,land_on_platform,platform_scene-1/Tile Map/4_-32_layer_Tile Map_tile_4_-32_source_1_atlas_2_0
828.948,landed,86.8097991943359,-585.066345214844,-180.0,0.0,land,surface_wood_impact_1.19351867675781
829.04,jump_input_pressed,74.8097991943359,-585.066345214844,-180.0,0.0,Jump,pressed
829.04,jump_executed,74.8097991943359,-585.066345214844,-180.0,-500.0,jump,x_74.8097991943359_y_-585.066345214844
829.14,jump_input_released,56.8071136474609,-629.917297363281,-180.0,-376.166595458984,Jump,released
829.24,jump_peak_reached,45.9737815856934,-634.708984375,0.0,41.2037048339844,jump_peak,x_45.9737815856934_y_-634.708984375
829.382,platform_landed,45.9737815856934,-603.014404296875,0.0,0.0,land_on_platform,platform_scene-1/Tile Map/2_-33_layer_Tile Map_tile_2_-33_source_1_atlas_0_0
829.382,landed,45.9737815856934,-603.014404296875,0.0,0.0,land,surface_wood_impact_0.74907415771484
829.607,move_left_pressed,45.9737815856934,-603.014404296875,-33.3333320617676,0.0,Move_Left,pressed
829.607,jump_input_pressed,45.9737815856934,-603.014404296875,-33.3333320617676,0.0,Jump,pressed
829.607,jump_executed,45.9737815856934,-603.014404296875,-33.3333320617676,-500.0,jump,x_45.9737815856934_y_-603.014404296875
829.747,jump_input_released,31.9702167510986,-665.720520019531,-168.33332824707,-314.999908447266,Jump,released
829.848,jump_peak_reached,14.1646614074707,-670.51220703125,-180.0,41.2037048339844,jump_peak,x_14.1646614074707_y_-670.51220703125
830.007,platform_landed,-2.66867232322693,-636.001281738281,0.0,0.0,land_on_platform,platform_scene-1/Tile Map/-1_-35_layer_Tile Map_tile_-1_-35_source_1_atlas_13_6
830.007,landed,-2.66867232322693,-636.001281738281,0.0,0.0,land,surface_wood_impact_0.74907415771484
830.083,jump_input_pressed,-2.66867232322693,-636.001281738281,0.0,0.0,Jump,pressed
830.083,jump_executed,-2.66867232322693,-636.001281738281,0.0,-500.0,jump,x_-2.66867232322693_y_-636.001281738281
830.114,move_right_pressed,-2.66867232322693,-652.374755859375,15.0,-458.499969482422,Move_Right,pressed
830.373,jump_input_released,25.8313293457031,-731.393249511719,180.0,-154.333221435547,Jump,released
830.464,jump_peak_reached,43.8313293457031,-736.184936523438,96.6666641235352,41.2037048339844,jump_peak,x_43.8313293457031_y_-736.184936523438
830.607,platform_landed,45.6646614074707,-711.012145996094,0.0,0.0,land_on_platform,platform_scene-1/Tile Map/2_-39_layer_Tile Map_tile_2_-39_source_1_atlas_2_0
830.607,landed,45.6646614074707,-711.012145996094,0.0,0.0,land,surface_wood_impact_0.67500006103516
830.774,move_left_pressed,45.6646614074707,-711.012145996094,-33.3333320617676,0.0,Move_Left,pressed
830.774,jump_input_pressed,45.6646614074707,-711.012145996094,-33.3333320617676,0.0,Jump,pressed
830.774,jump_executed,45.6646614074707,-711.012145996094,-33.3333320617676,-500.0,jump,x_45.6646614074707_y_-711.012145996094
831.082,jump_input_released,1.85540390014648,-811.257263183594,-180.0,-114.722114562988,Jump,released
831.181,jump_peak_reached,-14.7557067871094,-816.048950195312,-13.3333311080933,41.2037048339844,jump_peak,x_-14.7557067871094_y_-816.048950195312
831.282,move_right_pressed,-14.9779291152954,-802.669311523438,15.0,263.425933837891,Move_Right,pressed
831.282,platform_landed,-14.7279291152954,-801.066223144531,15.0,0.0,land_on_platform,platform_scene-1/Tile Map/-1_-44_layer_Tile Map_tile_-1_-44_source_1_atlas_3_0
831.282,landed,-14.7279291152954,-801.066223144531,15.0,0.0,land,surface_wood_impact_0.52685186767578
831.341,jump_input_pressed,-12.5612621307373,-801.066223144531,115.0,0.0,Jump,pressed
831.341,jump_executed,-12.5612621307373,-801.066223144531,115.0,-500.0,jump,x_-12.5612621307373_y_-801.066223144531
831.64,jump_input_released,38.5239410400391,-899.004821777344,180.0,-134.499893188477,Jump,released
831.731,jump_peak_reached,56.5239410400391,-903.796508789062,180.0,41.2037048339844,jump_peak,x_56.5239410400391_y_-903.796508789062
831.998,platform_landed,107.533653259277,-816.047058105469,180.0,0.0,land_on_platform,platform_scene-1/Tile Map/5_-45_layer_Tile Map_tile_5_-45_source_1_atlas_13_6
831.998,landed,107.533653259277,-816.047058105469,180.0,0.0,land,surface_wood_impact_1.2675927734375
832.065,jump_input_pressed,116.296112060547,-816.542541503906,180.0,0.0,Jump,pressed
832.065,jump_executed,116.296112060547,-816.542541503906,180.0,-500.0,jump,x_116.296112060547_y_-816.542541503906
832.249,jump_input_released,149.296112060547,-889.376831054688,180.0,-274.499877929688,Jump,released
832.348,jump_peak_reached,167.296112060547,-894.168518066406,180.0,41.2037048339844,jump_peak,x_167.296112060547_y_-894.168518066406
832.607,platform_landed,215.296112060547,-819.067932128906,180.0,0.0,land_on_platform,platform_scene-1/Tile Map/11_-45_layer_Tile Map_tile_11_-45_source_1_atlas_14_7
832.607,landed,215.296112060547,-819.067932128906,180.0,0.0,land,surface_wood_impact_1.19351867675781
832.641,jump_input_pressed,218.296112060547,-819.067932128906,180.0,0.0,Jump,pressed
832.641,jump_executed,218.296112060547,-819.067932128906,180.0,-500.0,jump,x_218.296112060547_y_-819.067932128906
832.914,jump_input_released,269.298370361328,-914.415771484375,180.0,-154.333221435547,Jump,released
833.014,jump_peak_reached,287.298370361328,-919.207458496094,180.0,41.2037048339844,jump_peak,x_287.298370361328_y_-919.207458496094
833.299,platform_landed,341.302520751953,-816.048156738281,180.0,0.0,land_on_platform,platform_scene-1/Tile Map/18_-45_layer_Tile Map_tile_18_-45_source_1_atlas_13_6
833.299,landed,341.302520751953,-816.048156738281,180.0,0.0,land,surface_wood_impact_1.34166687011719
833.373,jump_input_pressed,350.119537353516,-816.44873046875,180.0,0.0,Jump,pressed
833.373,jump_executed,350.119537353516,-816.44873046875,180.0,-500.0,jump,x_350.119537353516_y_-816.44873046875
833.607,jump_input_released,374.42529296875,-902.036743164062,75.0,-214.166549682617,Jump,released
833.706,jump_peak_reached,385.67529296875,-906.828430175781,165.0,41.2037048339844,jump_peak,x_385.67529296875_y_-906.828430175781
833.808,platform_landed,405.036437988281,-891.066528320312,96.6666641235352,0.0,land_on_platform,platform_scene-1/Tile Map/22_-49_layer_Tile Map_tile_22_-49_source_1_atlas_2_0
833.808,landed,405.036437988281,-891.066528320312,96.6666641235352,0.0,land,surface_wood_impact_0.52685186767578
833.981,jump_input_pressed,405.258666992188,-891.066528320312,0.0,0.0,Jump,pressed
833.981,jump_executed,405.258666992188,-891.066528320312,0.0,-500.0,jump,x_405.258666992188_y_-891.066528320312
833.998,move_left_pressed,405.258666992188,-899.409057617188,-15.0,-479.222198486328,Move_Left,pressed
834.264,jump_input_released,373.758666992188,-986.416442871094,-180.0,-154.333221435547,Jump,released
834.373,jump_peak_reached,359.925323486328,-991.208129882812,0.0,41.2037048339844,jump_peak,x_359.925323486328_y_-991.208129882812
834.507,move_right_pressed,359.925323486328,-968.430358886719,15.0,337.500030517578,Move_Right,pressed
834.515,platform_landed,360.676788330078,-960.050109863281,30.0,0.0,land_on_platform,platform_scene-1/Tile Map/20_-53_layer_Tile Map_tile_20_-53_source_1_atlas_14_6
834.515,landed,360.676788330078,-960.050109863281,30.0,0.0,land,surface_wood_impact_0.74907415771484
834.54,jump_input_pressed,360.676788330078,-960.050109863281,63.3333320617676,0.0,Jump,pressed
834.54,jump_executed,360.676788330078,-960.050109863281,63.3333320617676,-500.0,jump,x_360.676788330078_y_-960.050109863281
834.974,jump_peak_reached,430.122741699219,-1066.89147949219,180.0,39.8149261474609,jump_peak,x_430.122741699219_y_-1066.89147949219
834.974,jump_input_released,430.122741699219,-1066.89147949219,180.0,39.8149261474609,Jump,released
835.231,platform_landed,481.122772216797,-981.067260742188,180.0,0.0,land_on_platform,platform_scene-1/Tile Map/26_-54_layer_Tile Map_tile_26_-54_source_1_atlas_2_0
835.231,landed,481.122772216797,-981.067260742188,180.0,0.0,land,surface_wood_impact_1.26481518554687
835.323,musicking,491.956115722656,-981.074890136719,13.3333311080933,0.0,osc_received,"value_[1, ""chain-jumps-combo-walk""]"
835.482,jump_input_pressed,491.956115722656,-981.074890136719,0.0,0.0,Jump,pressed
835.482,jump_executed,491.956115722656,-981.074890136719,0.0,-500.0,jump,x_491.956115722656_y_-981.074890136719
835.517,move_right_pressed,491.956115722656,-997.399047851562,15.0,-458.499969482422,Move_Right,pressed
835.565,jump_input_released,493.456115722656,-1019.302734375,60.0,-396.666595458984,Jump,released
835.673,jump_peak_reached,495.706115722656,-1024.09448242188,0.0,41.2037048339844,jump_peak,x_495.706115722656_y_-1024.09448242188
835.739,move_right_pressed,495.706115722656,-1017.64385986328,15.0,189.351852416992,Move_Right,pressed
835.848,platform_landed,496.276275634766,-981.027954101562,0.0,0.0,land_on_platform,platform_scene-1/Tile Map/27_-54_layer_Tile Map_tile_27_-54_source_1_atlas_3_0
835.848,landed,496.276275634766,-981.027954101562,0.0,0.0,land,surface_wood_impact_0.89722235107422
836.149,jump_input_pressed,496.276275634766,-981.027954101562,0.0,0.0,Jump,pressed
836.149,jump_executed,496.276275634766,-981.027954101562,0.0,-500.0,jump,x_496.276275634766_y_-981.027954101562
836.181,move_right_pressed,496.276275634766,-997.392944335938,15.0,-458.499969482422,Move_Right,pressed
836.248,jump_input_released,498.776275634766,-1025.91333007812,75.0,-376.166595458984,Jump,released
836.348,jump_peak_reached,503.637390136719,-1030.70495605469,0.0,41.2037048339844,jump_peak,x_503.637390136719_y_-1030.70495605469
836.507,platform_landed,503.637390136719,-998.888488769531,0.0,0.0,land_on_platform,platform_scene-1/Tile Map/28_-55_layer_Tile Map_tile_28_-55_source_1_atlas_0_0
836.507,landed,503.637390136719,-998.888488769531,0.0,0.0,land,surface_wood_impact_0.74907415771484
836.673,move_right_pressed,503.637390136719,-998.888488769531,33.3333320617676,0.0,Move_Right,pressed
836.673,jump_input_pressed,503.637390136719,-998.888488769531,33.3333320617676,0.0,Jump,pressed
836.673,jump_executed,503.637390136719,-998.888488769531,33.3333320617676,-500.0,jump,x_503.637390136719_y_-998.888488769531
836.881,jump_input_released,529.445861816406,-1080.60522460938,180.0,-234.222106933594,Jump,released
836.982,jump_peak_reached,547.445861816406,-1085.39685058594,180.0,41.2037048339844,jump_peak,x_547.445861816406_y_-1085.39685058594
837.182,platform_landed,586.450866699219,-1032.05529785156,180.0,0.0,land_on_platform,platform_scene-1/Tile Map/32_-57_layer_Tile Map_tile_32_-57_source_1_atlas_13_6
837.182,landed,586.450866699219,-1032.05529785156,180.0,0.0,land,surface_wood_impact_0.97129644775391
837.208,jump_input_pressed,586.450866699219,-1032.05529785156,180.0,0.0,Jump,pressed
837.208,jump_executed,586.450866699219,-1032.05529785156,180.0,-500.0,jump,x_586.450866699219_y_-1032.05529785156
837.414,jump_input_released,625.45361328125,-1113.73413085938,180.0,-234.222106933594,Jump,released
837.516,jump_peak_reached,643.45361328125,-1118.52575683594,180.0,41.2037048339844,jump_peak,x_643.45361328125_y_-1118.52575683594
837.673,platform_landed,654.286926269531,-1089.00134277344,0.0,0.0,land_on_platform,platform_scene-1/Tile Map/36_-60_layer_Tile Map_tile_36_-60_source_1_atlas_3_0
837.674,landed,654.286926269531,-1089.00134277344,0.0,0.0,land,surface_wood_impact_0.74907415771484
837.832,move_left_pressed,654.286926269531,-1089.00134277344,-33.3333320617676,0.0,Move_Left,pressed
837.908,musicking,645.95361328125,-1089.06628417969,-166.666656494141,0.0,osc_received,"value_[1, ""chain-jumps-combo-walk""]"
837.915,jump_input_pressed,645.95361328125,-1089.06628417969,-180.0,0.0,Jump,pressed
837.915,jump_executed,645.95361328125,-1089.06628417969,-180.0,-500.0,jump,x_645.95361328125_y_-1089.06628417969
838.148,jump_input_released,603.950927734375,-1174.66162109375,-180.0,-214.166549682617,Jump,released
838.248,jump_peak_reached,585.950927734375,-1179.45324707031,-180.0,41.2037048339844,jump_peak,x_585.950927734375_y_-1179.45324707031
838.414,platform_landed,557.117614746094,-1143.06652832031,-13.3333311080933,0.0,land_on_platform,platform_scene-1/Tile Map/30_-63_layer_Tile Map_tile_30_-63_source_1_atlas_1_0
838.415,landed,557.117614746094,-1143.06652832031,-13.3333311080933,0.0,land,surface_wood_impact_0.82314825439453
838.507,jump_input_pressed,557.117614746094,-1143.06652832031,0.0,0.0,Jump,pressed
838.507,jump_executed,557.117614746094,-1143.06652832031,0.0,-500.0,jump,x_557.117614746094_y_-1143.06652832031
838.54,move_left_pressed,557.117614746094,-1159.39782714844,-15.0,-458.499969482422,Move_Left,pressed
838.882,jump_input_released,510.617614746094,-1249.02368164062,-180.0,-36.1665573120117,Jump,released
838.94,jump_peak_reached,501.617614746094,-1249.79028320312,-180.0,42.5371475219727,jump_peak,x_501.617614746094_y_-1249.79028320312
839.131,platform_landed,487.784271240234,-1197.02294921875,0.0,0.0,land_on_platform,platform_scene-1/Tile Map/27_-66_layer_Tile Map_tile_27_-66_source_1_atlas_3_0
839.131,landed,487.784271240234,-1197.02294921875,0.0,0.0,land,surface_wood_impact_0.97396331787109
839.239,move_left_pressed,487.784271240234,-1197.02294921875,-33.3333320617676,0.0,Move_Left,pressed
839.239,jump_input_pressed,487.784271240234,-1197.02294921875,-33.3333320617676,0.0,Jump,pressed
839.239,jump_executed,487.784271240234,-1197.02294921875,-33.3333320617676,-500.0,jump,x_487.784271240234_y_-1197.02294921875
839.315,jump_input_released,482.503479003906,-1235.29577636719,-108.33332824707,-396.666595458984,Jump,released
839.415,jump_peak_reached,467.975769042969,-1240.08740234375,-96.6666641235352,41.2037048339844,jump_peak,x_467.975769042969_y_-1240.08740234375
839.548,platform_landed,466.142425537109,-1215.00256347656,0.0,0.0,land_on_platform,platform_scene-1/Tile Map/25_-67_layer_Tile Map_tile_25_-67_source_1_atlas_0_0
839.548,landed,466.142425537109,-1215.00256347656,0.0,0.0,land,surface_wood_impact_0.67500006103516
839.708,move_left_pressed,466.142425537109,-1215.00256347656,-33.3333320617676,0.0,Move_Left,pressed
839.708,jump_input_pressed,466.142425537109,-1215.00256347656,-33.3333320617676,0.0,Jump,pressed
839.708,jump_executed,466.142425537109,-1215.00256347656,-33.3333320617676,-500.0,jump,x_466.142425537109_y_-1215.00256347656
839.916,jump_input_released,440.332763671875,-1296.73742675781,-180.0,-234.222106933594,Jump,released
840.014,jump_peak_reached,422.332763671875,-1301.52905273438,-180.0,41.2037048339844,jump_peak,x_422.332763671875_y_-1301.52905273438
840.347,platform_landed,359.332763671875,-1161.06677246094,-180.0,0.0,land_on_platform,platform_scene-1/Tile Map/19_-64_layer_Tile Map_tile_19_-64_source_1_atlas_13_7
840.347,landed,359.332763671875,-1161.06677246094,-180.0,0.0,land,surface_wood_impact_1.56388916015625
840.414,jump_input_pressed,354.499420166016,-1161.06677246094,0.0,0.0,Jump,pressed
840.414,jump_executed,354.499420166016,-1161.06677246094,0.0,-500.0,jump,x_354.499420166016_y_-1161.06677246094
840.439,jump_peak_reached,354.499420166016,-1169.40893554688,0.0,-479.222198486328,jump_peak,x_354.499420166016_y_-1169.40893554688
840.473,move_left_pressed,354.499420166016,-1185.04223632812,-15.0,-437.833282470703,Move_Left,pressed
840.498,jump_input_released,353.749420166016,-1199.30151367188,-45.0,-396.666595458984,Jump,released
840.765,move_left_pressed,351.999420166016,-1169.44812011719,-15.0,411.574127197266,Move_Left,pressed
840.782,platform_landed,351.249420166016,-1161.06652832031,-30.0,0.0,land_on_platform,platform_scene-1/Tile Map/19_-64_layer_Tile Map_tile_19_-64_source_1_atlas_13_7
840.782,landed,351.249420166016,-1161.06652832031,-30.0,0.0,land,surface_wood_impact_0.89722235107422
841.115,jump_input_pressed,350.074829101562,-1161.06616210938,0.0,0.0,Jump,pressed
841.115,jump_executed,350.074829101562,-1161.06616210938,0.0,-500.0,jump,x_350.074829101562_y_-1161.06616210938
841.141,move_left_pressed,350.075958251953,-1169.400390625,-15.0,-479.222198486328,Move_Left,pressed
841.198,jump_input_released,348.574737548828,-1199.29296875,-60.0,-396.666595458984,Jump,released
841.298,jump_peak_reached,340.463623046875,-1204.08459472656,0.0,41.2037048339844,jump_peak,x_340.463623046875_y_-1204.08459472656
841.431,platform_landed,340.463623046875,-1179.02172851562,0.0,0.0,land_on_platform,platform_scene-1/Tile Map/18_-65_layer_Tile Map_tile_18_-65_source_1_atlas_3_0
841.431,landed,340.463623046875,-1179.02172851562,0.0,0.0,land,surface_wood_impact_0.67500006103516
841.474,move_left_pressed,340.463623046875,-1179.02172851562,-33.3333320617676,0.0,Move_Left,pressed
841.616,musicking,317.130310058594,-1179.02172851562,-180.0,0.0,osc_received,"value_[1, ""chain-jumps-combo-walk""]"
841.64,jump_input_pressed,317.130310058594,-1179.02172851562,-180.0,0.0,Jump,pressed
841.64,jump_executed,317.130310058594,-1179.02172851562,-180.0,-500.0,jump,x_317.130310058594_y_-1179.02172851562
842.073,jump_peak_reached,239.115295410156,-1285.89208984375,-180.0,39.8149261474609,jump_peak,x_239.115295410156_y_-1285.89208984375
842.073,jump_input_released,239.115295410156,-1285.89208984375,-180.0,39.8149261474609,Jump,released
842.307,platform_landed,204.281951904297,-1215.01293945312,0.0,0.0,land_on_platform,platform_scene-1/Tile Map/11_-67_layer_Tile Map_tile_11_-67_source_1_atlas_0_0
842.307,landed,204.281951904297,-1215.01293945312,0.0,0.0,land,surface_wood_impact_1.1166669921875
842.407,move_left_pressed,204.281951904297,-1215.01293945312,-33.3333320617676,0.0,Move_Left,pressed
842.407,jump_input_pressed,204.281951904297,-1215.01293945312,-33.3333320617676,0.0,Jump,pressed
842.407,jump_executed,204.281951904297,-1215.01293945312,-33.3333320617676,-500.0,jump,x_204.281951904297_y_-1215.01293945312
842.782,jump_input_released,148.472747802734,-1321.01647949219,-180.0,-36.1665573120117,Jump,released
842.841,jump_peak_reached,139.472747802734,-1321.78308105469,-96.6666641235352,42.5371475219727,jump_peak,x_139.472747802734_y_-1321.78308105469
843.04,platform_landed,137.639404296875,-1269.01574707031,0.0,0.0,land_on_platform,platform_scene-1/Tile Map/7_-70_layer_Tile Map_tile_7_-70_source_1_atlas_3_0
843.04,landed,137.639404296875,-1269.01574707031,0.0,0.0,land,surface_wood_impact_0.97396331787109
843.141,move_left_pressed,137.639404296875,-1269.01574707031,-33.3333320617676,0.0,Move_Left,pressed
843.141,jump_input_pressed,137.639404296875,-1269.01574707031,-33.3333320617676,0.0,Jump,pressed
843.141,jump_executed,137.639404296875,-1269.01574707031,-33.3333320617676,-500.0,jump,x_137.639404296875_y_-1269.01574707031
843.473,jump_input_released,90.8303527832031,-1371.18823242188,-180.0,-94.9998931884766,Jump,released
843.572,jump_peak_reached,72.8303527832031,-1375.47985839844,-180.0,46.2038116455078,jump_peak,x_72.8303527832031_y_-1375.47985839844
843.74,platform_landed,39.8364906311035,-1338.06420898438,-180.0,0.0,land_on_platform,platform_scene-1/Tile Map/2_-74_layer_Tile Map_tile_2_-74_source_1_atlas_13_6
843.74,landed,39.8364906311035,-1338.06420898438,-180.0,0.0,land,surface_wood_impact_0.8331484375
843.84,move_right_pressed,26.2252635955811,-1338.06396484375,0.0,0.0,Move_Right,pressed
844.173,coin_collected,76.560791015625,-1338.04821777344,180.0,0.0,collect_coin,coin_coin23_score_28
844.24,jump_input_pressed,88.5608749389648,-1338.04821777344,180.0,0.0,Jump,pressed
844.24,jump_executed,88.5608749389648,-1338.04821777344,180.0,-500.0,jump,x_88.5608749389648_y_-1338.04821777344
844.673,jump_peak_reached,166.563415527344,-1444.88391113281,180.0,39.8149261474609,jump_peak,x_166.563415527344_y_-1444.88391113281
844.715,jump_input_released,175.563415527344,-1441.04125976562,180.0,150.926040649414,Jump,released
844.973,platform_landed,223.576812744141,-1338.05969238281,180.0,0.0,land_on_platform,platform_scene-1/Tile Map/12_-74_layer_Tile Map_tile_12_-74_source_1_atlas_13_6
844.973,landed,223.576812744141,-1338.05969238281,180.0,0.0,land,surface_wood_impact_1.41296337890625
845.014,coin_collected,229.576812744141,-1338.05969238281,180.0,0.0,collect_coin,coin_coin22_score_30
846.298,jump_input_pressed,460.576843261719,-1338.05969238281,180.0,0.0,Jump,pressed
846.298,jump_executed,460.576843261719,-1338.05969238281,180.0,-500.0,jump,x_460.576843261719_y_-1338.05969238281
846.373,jump_input_released,472.578277587891,-1369.33215332031,180.0,-417.22216796875,Jump,released
846.473,jump_peak_reached,490.578277587891,-1374.12377929688,180.0,41.2037048339844,jump_peak,x_490.578277587891_y_-1374.12377929688
846.631,jump_input_pressed,520.578247070312,-1339.47875976562,180.0,411.574127197266,Jump,pressed
846.632,platform_landed,523.585754394531,-1338.04345703125,180.0,0.0,land_on_platform,platform_scene-1/Tile Map/29_-74_layer_Tile Map_tile_29_-74_source_1_atlas_13_6
846.632,landed,523.585754394531,-1338.04345703125,180.0,0.0,land,surface_wood_impact_0.82314825439453
846.648,jump_executed,523.585754394531,-1338.04345703125,180.0,-500.0,jump,x_523.585754394531_y_-1338.04345703125
846.715,jump_input_released,535.594787597656,-1369.33703613281,180.0,-417.22216796875,Jump,released
846.815,jump_peak_reached,553.594787597656,-1374.12866210938,180.0,41.2037048339844,jump_peak,x_553.594787597656_y_-1374.12866210938
846.981,platform_landed,586.602233886719,-1338.0546875,180.0,0.0,land_on_platform,platform_scene-1/Tile Map/32_-74_layer_Tile Map_tile_32_-74_source_1_atlas_13_6
846.981,landed,586.602233886719,-1338.0546875,180.0,0.0,land,surface_wood_impact_0.82314825439453
847.041,jump_input_pressed,592.602233886719,-1338.0546875,180.0,0.0,Jump,pressed
847.041,jump_executed,592.602233886719,-1338.0546875,180.0,-500.0,jump,x_592.602233886719_y_-1338.0546875
847.11,jump_input_released,604.602966308594,-1369.3251953125,180.0,-417.22216796875,Jump,released
847.206,jump_peak_reached,622.602966308594,-1374.11682128906,180.0,41.2037048339844,jump_peak,x_622.602966308594_y_-1374.11682128906
847.373,platform_landed,655.611022949219,-1338.05883789062,180.0,0.0,land_on_platform,platform_scene-1/Tile Map/36_-74_layer_Tile Map_tile_36_-74_source_1_atlas_13_6
847.373,landed,655.611022949219,-1338.05883789062,180.0,0.0,land,surface_wood_impact_0.82314825439453
847.397,jump_input_pressed,658.611022949219,-1338.05883789062,180.0,0.0,Jump,pressed
847.397,jump_executed,658.611022949219,-1338.05883789062,180.0,-500.0,jump,x_658.611022949219_y_-1338.05883789062
847.473,jump_input_released,670.612670898438,-1369.33190917969,180.0,-417.22216796875,Jump,released
847.573,jump_peak_reached,688.612670898438,-1374.12353515625,180.0,41.2037048339844,jump_peak,x_688.612670898438_y_-1374.12353515625
847.741,platform_landed,721.620178222656,-1338.04345703125,180.0,0.0,land_on_platform,platform_scene-1/Tile Map/40_-74_layer_Tile Map_tile_40_-74_source_1_atlas_13_6
847.741,landed,721.620178222656,-1338.04345703125,180.0,0.0,land,surface_wood_impact_0.82314825439453
847.765,jump_input_pressed,724.620178222656,-1338.04345703125,180.0,0.0,Jump,pressed
847.765,jump_executed,724.620178222656,-1338.04345703125,180.0,-500.0,jump,x_724.620178222656_y_-1338.04345703125
847.831,jump_input_released,736.628173828125,-1369.33410644531,180.0,-417.22216796875,Jump,released
847.939,jump_peak_reached,754.628173828125,-1374.12573242188,180.0,41.2037048339844,jump_peak,x_754.628173828125_y_-1374.12573242188
848.098,platform_landed,787.635620117188,-1338.05090332031,180.0,0.0,land_on_platform,platform_scene-1/Tile Map/43_-74_layer_Tile Map_tile_43_-74_source_1_atlas_13_6
848.098,landed,787.635620117188,-1338.05090332031,180.0,0.0,land,surface_wood_impact_0.82314825439453
848.15,jump_input_pressed,793.635620117188,-1338.05090332031,180.0,0.0,Jump,pressed
848.15,jump_executed,793.635620117188,-1338.05090332031,180.0,-500.0,jump,x_793.635620117188_y_-1338.05090332031
848.207,jump_input_released,802.642639160156,-1362.03796386719,180.0,-437.833282470703,Jump,released
848.307,jump_peak_reached,820.642639160156,-1366.82958984375,180.0,41.2037048339844,jump_peak,x_820.642639160156_y_-1366.82958984375
848.45,platform_landed,850.65087890625,-1338.06201171875,180.0,0.0,land_on_platform,platform_scene-1/Tile Map/47_-74_layer_Tile Map_tile_47_-74_source_1_atlas_13_6
848.45,landed,850.65087890625,-1338.06201171875,180.0,0.0,land,surface_wood_impact_0.74907415771484
848.539,jump_input_pressed,862.65087890625,-1337.98193359375,180.0,0.0,Jump,pressed
848.54,jump_executed,862.65087890625,-1337.98193359375,180.0,-500.0,jump,x_862.65087890625_y_-1337.98193359375
848.573,jump_input_released,868.671752929688,-1354.36315917969,180.0,-458.499969482422,Jump,released
848.673,jump_peak_reached,886.671752929688,-1359.15478515625,180.0,41.2037048339844,jump_peak,x_886.671752929688_y_-1359.15478515625
848.782,platform_landed,910.674194335938,-1338.05517578125,180.0,0.0,land_on_platform,platform_scene-1/Tile Map/50_-74_layer_Tile Map_tile_50_-74_source_1_atlas_13_6
848.782,landed,910.674194335938,-1338.05517578125,180.0,0.0,land,surface_wood_impact_0.60092596435547
848.866,jump_input_pressed,922.674194335938,-1338.05517578125,180.0,0.0,Jump,pressed
848.866,jump_executed,922.674194335938,-1338.05517578125,180.0,-500.0,jump,x_922.674194335938_y_-1338.05517578125
848.94,jump_input_released,934.678955078125,-1369.33679199219,180.0,-417.22216796875,Jump,released
849.031,jump_peak_reached,952.678955078125,-1374.12841796875,180.0,41.2037048339844,jump_peak,x_952.678955078125_y_-1374.12841796875
849.141,move_left_pressed,970.678955078125,-1360.74877929688,96.6666641235352,263.425933837891,Move_Left,pressed
849.207,platform_landed,971.686157226562,-1338.04699707031,-31.6666679382324,0.0,land_on_platform,platform_scene-1/Tile Map/53_-74_layer_Tile Map_tile_53_-74_source_1_atlas_13_6
849.207,landed,971.686157226562,-1338.04699707031,-31.6666679382324,0.0,land,surface_wood_impact_0.82314825439453
849.273,jump_input_pressed,966.769470214844,-1338.04699707031,-165.0,0.0,Jump,pressed
849.273,jump_executed,966.769470214844,-1338.04699707031,-165.0,-500.0,jump,x_966.769470214844_y_-1338.04699707031
849.698,jump_peak_reached,889.015563964844,-1444.88757324219,-180.0,39.8149261474609,jump_peak,x_889.015563964844_y_-1444.88757324219
849.831,jump_input_released,865.015563964844,-1422.294921875,-180.0,336.111236572266,Jump,released
850.007,platform_landed,832.030822753906,-1338.064453125,-180.0,0.0,land_on_platform,platform_scene-1/Tile Map/46_-74_layer_Tile Map_tile_46_-74_source_1_atlas_13_6
850.007,landed,832.030822753906,-1338.064453125,-180.0,0.0,land,surface_wood_impact_1.41296337890625
850.098,jump_input_pressed,817.030883789062,-1338.0517578125,-180.0,0.0,Jump,pressed
850.098,jump_executed,817.030883789062,-1338.0517578125,-180.0,-500.0,jump,x_817.030883789062_y_-1338.0517578125
850.414,jump_input_released,760.026062011719,-1438.25500488281,-180.0,-114.722114562988,Jump,released
850.515,jump_peak_reached,742.026062011719,-1443.04663085938,-180.0,41.2037048339844,jump_peak,x_742.026062011719_y_-1443.04663085938
850.807,platform_landed,731.192749023438,-1338.05358886719,0.0,0.0,land_on_platform,platform_scene-1/Tile Map/40_-74_layer_Tile Map_tile_40_-74_source_1_atlas_13_6
850.807,landed,731.192749023438,-1338.05358886719,0.0,0.0,land,surface_wood_impact_1.34166687011719
850.841,move_left_pressed,731.192749023438,-1338.05358886719,-33.3333320617676,0.0,Move_Left,pressed
850.94,jump_input_pressed,719.859436035156,-1338.05358886719,-180.0,0.0,Jump,pressed
850.94,jump_executed,719.859436035156,-1338.05358886719,-180.0,-500.0,jump,x_719.859436035156_y_-1338.05358886719
850.947,jump_peak_reached,716.858825683594,-1346.38952636719,-180.0,-479.222198486328,jump_peak,x_716.858825683594_y_-1346.38952636719
851.316,jump_input_released,650.858825683594,-1444.00427246094,-180.0,-36.1665573120117,Jump,released
851.474,platform_landed,634.025512695312,-1428.03454589844,0.0,0.0,land_on_platform,platform_scene-1/Tile Map/35_-79_layer_Tile Map_tile_35_-79_source_1_atlas_14_6
851.474,landed,634.025512695312,-1428.03454589844,0.0,0.0,land,surface_wood_impact_0.52951873779297
851.64,move_left_pressed,634.025512695312,-1428.03454589844,-33.3333320617676,0.0,Move_Left,pressed
851.673,jump_input_pressed,632.358459472656,-1428.08422851562,-100.0,0.0,Jump,pressed
851.673,jump_executed,632.358459472656,-1428.08422851562,-100.0,-500.0,jump,x_632.358459472656_y_-1428.08422851562
851.94,move_right_pressed,588.608337402344,-1520.50646972656,-96.6666641235352,-174.222106933594,Move_Right,pressed
852.106,jump_peak_reached,593.997192382812,-1534.91284179688,121.66667175293,39.8149261474609,jump_peak,x_593.997192382812_y_-1534.91284179688
852.207,platform_landed,612.005615234375,-1518.42041015625,180.0,0.0,land_on_platform,platform_scene-1/Tile Map/34_-84_layer_Tile Map_tile_34_-84_source_1_atlas_14_6
852.207,landed,612.005615234375,-1518.42041015625,180.0,0.0,land,surface_wood_impact_0.52407427978516
852.273,jump_input_released,620.615295410156,-1519.04895019531,180.0,0.0,Jump,released
852.616,move_left_pressed,631.473693847656,-1518.07165527344,-33.3333320617676,0.0,Move_Left,pressed
852.699,jump_input_pressed,623.446533203125,-1518.67797851562,-180.0,0.0,Jump,pressed
852.699,jump_executed,623.446533203125,-1518.67797851562,-180.0,-500.0,jump,x_623.446533203125_y_-1518.67797851562
852.907,move_right_pressed,587.446533203125,-1596.09826660156,-96.6666641235352,-254.333206176758,Move_Right,pressed
853.131,jump_peak_reached,605.33544921875,-1625.50659179688,180.0,39.8149261474609,jump_peak,x_605.33544921875_y_-1625.50659179688
853.174,jump_input_released,611.33544921875,-1623.56213378906,180.0,113.889007568359,Jump,released
853.231,platform_landed,619.168762207031,-1608.99035644531,0.0,0.0,land_on_platform,platform_scene-1/Tile Map/34_-89_layer_Tile Map_tile_34_-89_source_1_atlas_14_6
853.231,landed,619.168762207031,-1608.99035644531,0.0,0.0,land,surface_wood_impact_0.52407427978516
853.573,move_left_pressed,619.168762207031,-1608.99035644531,-33.3333320617676,0.0,Move_Left,pressed
853.582,jump_input_pressed,618.613098144531,-1609.04504394531,-66.6666641235352,0.0,Jump,pressed
853.582,jump_executed,618.613098144531,-1609.04504394531,-66.6666641235352,-500.0,jump,x_618.613098144531_y_-1609.04504394531
853.815,move_right_pressed,584.723449707031,-1694.64001464844,-96.6666641235352,-214.166549682617,Move_Right,pressed
854.014,jump_peak_reached,594.417846679688,-1715.88073730469,151.66667175293,39.8149261474609,jump_peak,x_594.417846679688_y_-1715.88073730469
854.115,platform_landed,614.654235839844,-1699.04467773438,180.0,0.0,land_on_platform,platform_scene-1/Tile Map/34_-94_layer_Tile Map_tile_34_-94_source_1_atlas_14_6
854.115,landed,614.654235839844,-1699.04467773438,180.0,0.0,land,surface_wood_impact_0.52407427978516
854.248,jump_input_released,635.678527832031,-1698.07861328125,180.0,0.0,Jump,released
854.607,move_left_pressed,640.095153808594,-1698.92407226562,-33.3333320617676,0.0,Move_Left,pressed
854.773,jump_input_pressed,617.182922363281,-1698.97375488281,-180.0,0.0,Jump,pressed
854.773,jump_executed,617.182922363281,-1698.97375488281,-180.0,-500.0,jump,x_617.182922363281_y_-1698.97375488281
855.041,move_right_pressed,569.162109375,-1791.45385742188,-96.6666641235352,-174.222106933594,Move_Right,pressed
855.198,jump_peak_reached,574.550964355469,-1805.86022949219,121.66667175293,39.8149261474609,jump_peak,x_574.550964355469_y_-1805.86022949219
855.473,jump_input_released,620.162048339844,-1721.16882324219,180.0,632.407592773438,Jump,released
855.507,platform_landed,629.246215820312,-1698.07727050781,180.0,0.0,land_on_platform,platform_scene-1/Tile Map/34_-94_layer_Tile Map_tile_34_-94_source_1_atlas_14_6
855.507,landed,629.246215820312,-1698.07727050781,180.0,0.0,land,surface_wood_impact_1.41296337890625
855.832,move_left_pressed,645.479675292969,-1699.03857421875,-33.3333320617676,0.0,Move_Left,pressed
856.273,move_left_pressed,626.302429199219,-1698.10009765625,-33.3333320617676,0.0,Move_Left,pressed
856.35,jump_input_pressed,618.407165527344,-1698.98095703125,-180.0,0.0,Jump,pressed
856.35,jump_executed,618.407165527344,-1698.98095703125,-180.0,-500.0,jump,x_618.407165527344_y_-1698.98095703125
856.473,move_right_pressed,597.387268066406,-1750.15551757812,-96.6666641235352,-355.722137451172,Move_Right,pressed
856.749,platform_landed,610.821899414062,-1805.77490234375,65.1074676513672,-18.0554447174072,land_on_platform,platform_scene-1/Tile Map/34_-100_layer_Tile Map_tile_34_-100_source_1_atlas_14_6
856.749,landed,610.821899414062,-1805.77490234375,65.1074676513672,-18.0554447174072,land,surface_wood_impact_0.03611088943481
856.839,jump_peak_reached,620.062744140625,-1807.29907226562,180.0,39.8149261474609,jump_peak,x_620.062744140625_y_-1807.29907226562
856.84,platform_landed,623.068603515625,-1806.70104980469,180.0,0.0,land_on_platform,platform_scene-1/Tile Map/34_-100_layer_Tile Map_tile_34_-100_source_1_atlas_14_6
856.84,landed,623.068603515625,-1806.70104980469,180.0,0.0,land,surface_wood_impact_0.07962985229492
856.865,coin_collected,626.079956054688,-1806.03698730469,180.0,0.0,collect_coin,coin_coin24_score_32
856.882,jump_input_released,629.080444335938,-1806.03698730469,180.0,0.0,Jump,released
857.464,move_left_pressed,633.913696289062,-1806.08618164062,-33.3333320617676,0.0,Move_Left,pressed
857.966,move_left_pressed,618.190368652344,-1807.04248046875,-33.3333320617676,0.0,Move_Left,pressed
857.982,jump_input_pressed,617.634826660156,-1807.04248046875,-66.6666641235352,0.0,Jump,pressed
857.982,jump_executed,617.634826660156,-1807.04248046875,-66.6666641235352,-500.0,jump,x_617.634826660156_y_-1807.04248046875
858.173,move_right_pressed,592.745239257812,-1879.88317871094,-96.6666641235352,-274.499877929688,Move_Right,pressed
858.414,jump_peak_reached,610.745178222656,-1913.87756347656,180.0,39.8149261474609,jump_peak,x_610.745178222656_y_-1913.87756347656
858.415,platform_landed,612.643371582031,-1914.91748046875,180.0,0.0,land_on_platform,platform_scene-1/Tile Map/34_-106_layer_Tile Map_tile_34_-106_source_1_atlas_14_6
858.415,landed,612.643371582031,-1914.91748046875,180.0,0.0,land,surface_wood_impact_0.07962985229492
858.615,jump_input_released,645.153076171875,-1915.00073242188,180.0,0.0,Jump,released
858.873,move_left_pressed,654.291259765625,-1859.4140625,-15.0,518.5185546875,Move_Left,pressed
859.041,move_left_pressed,654.359069824219,-1745.25,-15.0,888.889038085938,Move_Left,pressed
859.348,platform_landed,655.6005859375,-1338.03051757812,0.0,0.0,land_on_platform,platform_scene-1/Tile Map/36_-74_layer_Tile Map_tile_36_-74_source_1_atlas_13_6
859.348,landed,655.6005859375,-1338.03051757812,0.0,0.0,land,surface_wood_impact_3.18518408203125
860.006,jump_input_pressed,655.6005859375,-1338.03051757812,0.0,0.0,Jump,pressed
860.006,jump_executed,655.6005859375,-1338.03051757812,0.0,-500.0,jump,x_655.6005859375_y_-1338.03051757812
860.015,jump_peak_reached,655.6005859375,-1346.39794921875,0.0,-479.222198486328,jump_peak,x_655.6005859375_y_-1346.39794921875
860.149,move_left_pressed,655.6005859375,-1400.71643066406,-15.0,-314.999908447266,Move_Left,pressed
860.373,jump_input_released,645.155212402344,-1443.06201171875,-36.6666679382324,-55.722110748291,Jump,released
860.531,platform_landed,644.544128417969,-1428.97436523438,0.0,0.0,land_on_platform,platform_scene-1/Tile Map/35_-79_layer_Tile Map_tile_35_-79_source_1_atlas_14_6
860.531,landed,644.544128417969,-1428.97436523438,0.0,0.0,land,surface_wood_impact_0.53207427978516
860.573,move_left_pressed,644.544128417969,-1428.97436523438,-33.3333320617676,0.0,Move_Left,pressed
860.765,jump_input_pressed,615.822143554688,-1429.0361328125,-180.0,0.0,Jump,pressed
860.765,jump_executed,615.822143554688,-1429.0361328125,-180.0,-500.0,jump,x_615.822143554688_y_-1429.0361328125
860.831,move_right_pressed,603.81982421875,-1460.31091308594,-96.6666641235352,-417.22216796875,Move_Right,pressed
861.149,jump_input_released,619.095825195312,-1534.99145507812,150.0,-36.1665573120117,Jump,released
861.198,jump_peak_reached,622.706909179688,-1535.75805664062,0.0,42.5371475219727,jump_peak,x_622.706909179688_y_-1535.75805664062
861.298,platform_landed,622.706909179688,-1518.78039550781,0.0,0.0,land_on_platform,platform_scene-1/Tile Map/34_-84_layer_Tile Map_tile_34_-84_source_1_atlas_14_6
861.298,landed,622.706909179688,-1518.78039550781,0.0,0.0,land,surface_wood_impact_0.52951873779297
861.415,move_left_pressed,622.706909179688,-1518.78039550781,-33.3333320617676,0.0,Move_Left,pressed
861.482,jump_input_pressed,617.186340332031,-1519.04943847656,-166.666656494141,0.0,Jump,pressed
861.482,jump_executed,617.186340332031,-1519.04943847656,-166.666656494141,-500.0,jump,x_617.186340332031_y_-1519.04943847656
861.606,move_right_pressed,596.408569335938,-1570.16882324219,-96.6666641235352,-355.722137451172,Move_Right,pressed
861.907,jump_input_released,623.408508300781,-1625.92431640625,96.6666641235352,2.77788853645325,Jump,released
861.914,jump_peak_reached,625.019592285156,-1625.87805175781,13.3333311080933,39.8149261474609,jump_peak,x_625.019592285156_y_-1625.87805175781
862.04,platform_landed,625.241821289062,-1608.04614257812,0.0,0.0,land_on_platform,platform_scene-1/Tile Map/34_-89_layer_Tile Map_tile_34_-89_source_1_atlas_14_6
862.04,landed,625.241821289062,-1608.04614257812,0.0,0.0,land,surface_wood_impact_0.59814837646484
862.183,move_left_pressed,625.241821289062,-1608.04614257812,-33.3333320617676,0.0,Move_Left,pressed
862.207,jump_input_pressed,624.686767578125,-1608.1123046875,-66.6666641235352,0.0,Jump,pressed
862.207,jump_executed,624.686767578125,-1608.1123046875,-66.6666641235352,-500.0,jump,x_624.686767578125_y_-1608.1123046875
862.349,move_right_pressed,605.796936035156,-1670.7734375,-96.6666641235352,-314.999908447266,Move_Right,pressed
862.64,jump_peak_reached,629.796875,-1714.94934082031,96.6666641235352,39.8149261474609,jump_peak,x_629.796875_y_-1714.94934082031
862.649,jump_input_released,631.407958984375,-1714.28576660156,13.3333311080933,76.8519668579102,Jump,released
862.741,platform_landed,631.630187988281,-1698.02368164062,0.0,0.0,land_on_platform,platform_scene-1/Tile Map/35_-94_layer_Tile Map_tile_35_-94_source_1_atlas_14_6
862.741,landed,631.630187988281,-1698.02368164062,0.0,0.0,land,surface_wood_impact_0.52407427978516
863.015,move_left_pressed,631.630187988281,-1698.02368164062,-33.3333320617676,0.0,Move_Left,pressed
863.073,jump_input_pressed,628.296997070312,-1698.09069824219,-133.33332824707,0.0,Jump,pressed
863.073,jump_executed,628.296997070312,-1698.09069824219,-133.33332824707,-500.0,jump,x_628.296997070312_y_-1698.09069824219
863.14,move_right_pressed,617.907470703125,-1729.36157226562,-94.9999923706055,-417.22216796875,Move_Right,pressed
863.307,jump_peak_reached,623.658203125,-1776.60119628906,126.356063842773,56.7232627868652,jump_peak,x_623.658203125_y_-1776.60119628906
863.508,jump_input_released,656.193115234375,-1724.51574707031,13.3333311080933,501.167755126953,Jump,released
863.565,move_left_pressed,656.415344238281,-1687.40087890625,-15.0,649.31591796875,Move_Left,pressed
863.673,platform_landed,653.765686035156,-1606.29162597656,-105.0,0.0,land_on_platform,platform_scene-1/Tile Map/35_-89_layer_Tile Map_tile_35_-89_source_1_atlas_14_6
863.673,landed,653.765686035156,-1606.29162597656,-105.0,0.0,land,surface_wood_impact_1.74307641601562
864.265,platform_landed,654.16748046875,-1338.03271484375,0.0,0.0,land_on_platform,platform_scene-1/Tile Map/36_-74_layer_Tile Map_tile_36_-74_source_1_atlas_13_6
864.265,landed,654.16748046875,-1338.03271484375,0.0,0.0,land,surface_wood_impact_2.22222241210937
864.773,jump_input_pressed,654.16748046875,-1338.03271484375,0.0,0.0,Jump,pressed
864.773,jump_executed,654.16748046875,-1338.03271484375,0.0,-500.0,jump,x_654.16748046875_y_-1338.03271484375
865.015,move_left_pressed,654.16748046875,-1427.23669433594,-15.0,-194.166549682617,Move_Left,pressed
865.165,jump_input_released,642.91748046875,-1444.63940429688,-150.0,-16.6665554046631,Jump,released
865.198,jump_peak_reached,637.66748046875,-1444.84777832031,-81.6666641235352,41.2038154602051,jump_peak,x_637.66748046875_y_-1444.84777832031
865.298,platform_landed,636.306396484375,-1428.04663085938,0.0,0.0,land_on_platform,platform_scene-1/Tile Map/35_-79_layer_Tile Map_tile_35_-79_source_1_atlas_14_6
865.298,landed,636.306396484375,-1428.04663085938,0.0,0.0,land,surface_wood_impact_0.52685205078125
865.382,move_left_pressed,636.306396484375,-1428.04663085938,-33.3333320617676,0.0,Move_Left,pressed
865.441,jump_input_pressed,632.972595214844,-1428.015625,-133.33332824707,0.0,Jump,pressed
865.441,jump_executed,632.972595214844,-1428.015625,-133.33332824707,-500.0,jump,x_632.972595214844_y_-1428.015625
865.674,move_right_pressed,592.568054199219,-1513.66223144531,-81.6666641235352,-214.166549682617,Move_Right,pressed
865.865,jump_peak_reached,604.956970214844,-1534.90295410156,165.0,39.8149261474609,jump_peak,x_604.956970214844_y_-1534.90295410156
865.932,jump_input_released,616.706970214844,-1528.544921875,180.0,187.963073730469,Jump,released
865.965,platform_landed,621.658203125,-1519.02172851562,13.3333311080933,0.0,land_on_platform,platform_scene-1/Tile Map/34_-84_layer_Tile Map_tile_34_-84_source_1_atlas_14_6
865.965,landed,621.658203125,-1519.02172851562,13.3333311080933,0.0,land,surface_wood_impact_0.52407427978516
866.24,move_left_pressed,621.658203125,-1519.02172851562,-33.3333320617676,0.0,Move_Left,pressed
866.314,jump_input_pressed,613.316223144531,-1518.78332519531,-180.0,0.0,Jump,pressed
866.315,jump_executed,613.316223144531,-1518.78332519531,-180.0,-500.0,jump,x_613.316223144531_y_-1518.78332519531
866.449,move_right_pressed,589.292419433594,-1575.90502929688,-96.6666641235352,-335.333251953125,Move_Right,pressed
866.748,jump_peak_reached,612.959106445312,-1625.67810058594,180.0,39.8149261474609,jump_peak,x_612.959106445312_y_-1625.67810058594
866.84,jump_input_released,623.792419433594,-1616.18737792969,0.0,225.000106811523,Jump,released
866.848,platform_landed,623.792419433594,-1608.41979980469,0.0,0.0,land_on_platform,platform_scene-1/Tile Map/34_-89_layer_Tile Map_tile_34_-89_source_1_atlas_14_6
866.849,landed,623.792419433594,-1608.41979980469,0.0,0.0,land,surface_wood_impact_0.52407427978516
867.114,move_left_pressed,623.792419433594,-1608.41979980469,-33.3333320617676,0.0,Move_Left,pressed
867.148,jump_input_pressed,622.305847167969,-1608.95422363281,-100.0,0.0,Jump,pressed
867.149,jump_executed,622.305847167969,-1608.95422363281,-100.0,-500.0,jump,x_622.305847167969_y_-1608.95422363281
867.298,move_right_pressed,599.555725097656,-1671.60693359375,-96.6666641235352,-314.999908447266,Move_Right,pressed
867.582,jump_peak_reached,622.166748046875,-1715.78283691406,13.3333311080933,39.8149261474609,jump_peak,x_622.166748046875_y_-1715.78283691406
867.582,jump_input_released,622.166748046875,-1715.78283691406,13.3333311080933,39.8149261474609,Jump,released
867.682,platform_landed,622.388977050781,-1698.85717773438,0.0,0.0,land_on_platform,platform_scene-1/Tile Map/34_-94_layer_Tile Map_tile_34_-94_source_1_atlas_14_6
867.682,landed,622.388977050781,-1698.85717773438,0.0,0.0,land,surface_wood_impact_0.52407427978516
867.916,time_limit_reached,622.388977050781,-1698.85717773438,0.0,0.0,time_limit,three_minutes
867.916,scene_transition,622.388977050781,-1698.85717773438,0.0,0.0,switch,from_res://Scenes/Main/scene-1.tscn_to_res://Scenes/Main/menu.tscn
867.916,session_end,622.388977050781,-1698.85717773438,0.0,0.0,,
