timestamp_seconds,event,x,y,velocity_x,velocity_y,action,info
124.447,session_start,392.0,624.0,0.0,0.0,,
124.498,jump_peak_reached,392.0,624.0,0.0,37.037036895752,jump_peak,x_392.0_y_624.0
124.532,platform_landed,392.0,638.988403320312,0.0,0.0,land_on_platform,platform_scene-1/Tile Map/21_36_layer_Tile Map_tile_21_36_source_1_atlas_2_0
124.532,landed,392.0,638.988403320312,0.0,0.0,land,surface_wood_impact_0.51851849365234
127.583,move_right_pressed,392.0,638.988403320312,33.3333320617676,0.0,Move_Right,pressed
127.866,move_left_pressed,414.166656494141,638.932373046875,-33.3333320617676,0.0,Move_Left,pressed
128.532,jump_input_pressed,401.0,638.932373046875,0.0,0.0,Jump,pressed
128.532,jump_executed,401.0,638.932373046875,0.0,-500.0,jump,x_401.0_y_638.932373046875
128.599,jump_peak_reached,401.0,619.685852050781,0.0,74.0740737915039,jump_peak,x_401.0_y_619.685852050781
128.699,platform_landed,401.0,638.995239257812,0.0,0.0,land_on_platform,platform_scene-1/Tile Map/22_36_layer_Tile Map_tile_22_36_source_1_atlas_2_0
128.699,landed,401.0,638.995239257812,0.0,0.0,land,surface_wood_impact_0.59259259033203
128.799,jump_input_released,401.0,638.995239257812,0.0,0.0,Jump,released
128.982,move_left_pressed,401.0,638.995239257812,-33.3333320617676,0.0,Move_Left,pressed
130.116,move_left_pressed,378.833251953125,638.924682617188,-33.3333320617676,0.0,Move_Left,pressed
131.366,move_left_pressed,224.666595458984,638.924682617188,-33.3333320617676,0.0,Move_Left,pressed
132.049,move_right_pressed,172.499908447266,638.924682617188,33.3333320617676,0.0,Move_Right,pressed
132.784,move_left_pressed,185.666595458984,638.924682617188,-33.3333320617676,0.0,Move_Left,pressed
133.009,jump_input_pressed,153.333251953125,638.924682617188,-180.0,0.0,Jump,pressed
133.009,jump_executed,153.333251953125,638.924682617188,-180.0,-500.0,jump,x_153.333251953125_y_638.924682617188
133.099,jump_peak_reached,145.524841308594,601.366882324219,0.0,55.7316398620605,jump_peak,x_145.524841308594_y_601.366882324219
133.266,platform_landed,145.524841308594,638.960388183594,0.0,0.0,land_on_platform,platform_scene-1/Tile Map/8_36_layer_Tile Map_tile_8_36_source_1_atlas_2_0
133.266,landed,145.524841308594,638.960388183594,0.0,0.0,land,surface_wood_impact_0.8522041015625
133.415,jump_input_released,145.524841308594,638.960388183594,0.0,0.0,Jump,released
133.549,move_right_pressed,145.524841308594,638.960388183594,33.3333320617676,0.0,Move_Right,pressed
133.817,jump_input_pressed,155.2470703125,638.9287109375,0.0,0.0,Jump,pressed
133.817,jump_executed,155.2470703125,638.9287109375,0.0,-500.0,jump,x_155.2470703125_y_638.9287109375
134.133,move_left_pressed,155.2470703125,538.734802246094,-15.0,-114.722114562988,Move_Left,pressed
134.249,jump_peak_reached,148.2470703125,532.095947265625,-120.0,39.8149261474609,jump_peak,x_148.2470703125_y_532.095947265625
134.266,jump_input_released,146.2470703125,532.759521484375,-135.0,76.8519668579102,Jump,released
134.417,platform_landed,140.385955810547,566.976867675781,0.0,0.0,land_on_platform,platform_scene-1/Tile Map/7_32_layer_Tile Map_tile_7_32_source_1_atlas_0_0
134.417,landed,140.385955810547,566.976867675781,0.0,0.0,land,surface_wood_impact_0.82037066650391
135.467,move_left_pressed,140.385955810547,566.976867675781,-33.3333320617676,0.0,Move_Left,pressed
135.55,jump_input_pressed,132.052612304688,566.976867675781,-180.0,0.0,Jump,pressed
135.55,jump_executed,132.052612304688,566.976867675781,-180.0,-500.0,jump,x_132.052612304688_y_566.976867675781
135.983,jump_peak_reached,54.0379333496094,460.107452392578,-180.0,39.8149261474609,jump_peak,x_54.0379333496094_y_460.107452392578
136.033,jump_input_released,45.0379333496094,463.950042724609,-180.0,150.926040649414,Jump,released
136.183,platform_landed,40.2046012878418,513.760986328125,0.0,0.0,land_on_platform,platform_scene-1/Tile Map/1_29_layer_Tile Map_tile_1_29_source_1_atlas_0_0
136.183,landed,40.2046012878418,513.760986328125,0.0,0.0,land,surface_wood_impact_0.96851885986328
136.55,move_left_pressed,40.2046012878418,513.760986328125,-33.3333320617676,0.0,Move_Left,pressed
136.615,jump_input_pressed,34.9497451782227,512.99853515625,-166.666656494141,0.0,Jump,pressed
136.616,jump_executed,34.9497451782227,512.99853515625,-166.666656494141,-500.0,jump,x_34.9497451782227_y_512.99853515625
137.049,jump_peak_reached,-42.8474998474121,406.111480712891,-180.0,39.8149261474609,jump_peak,x_-42.8474998474121_y_406.111480712891
137.108,jump_input_released,-51.8474998474121,409.954071044922,-180.0,150.926040649414,Jump,released
137.35,platform_landed,-63.9251976013184,512.994934082031,0.0,0.0,land_on_platform,platform_scene-1/Tile Map/-4_29_layer_Tile Map_tile_-4_29_source_1_atlas_1_0
137.35,landed,-63.9251976013184,512.994934082031,0.0,0.0,land,surface_wood_impact_1.41296337890625
137.582,move_left_pressed,-63.9251976013184,512.994934082031,-33.3333320617676,0.0,Move_Left,pressed
137.683,jump_input_pressed,-63.9251976013184,512.994934082031,-33.3333320617676,0.0,Jump,pressed
137.683,jump_executed,-63.9251976013184,512.994934082031,-33.3333320617676,-500.0,jump,x_-63.9251976013184_y_512.994934082031
138.115,jump_peak_reached,-63.9252662658691,406.167785644531,-15.0,39.8149261474609,jump_peak,x_-63.9252662658691_y_406.167785644531
138.233,jump_input_released,-63.9252815246582,423.775848388672,-15.0,299.074188232422,Jump,released
138.416,platform_landed,-63.9252777099609,512.982299804688,0.0,0.0,land_on_platform,platform_scene-1/Tile Map/-4_29_layer_Tile Map_tile_-4_29_source_1_atlas_1_0
138.416,landed,-63.9252777099609,512.982299804688,0.0,0.0,land,surface_wood_impact_1.41296337890625
138.742,move_right_pressed,-63.9252777099609,512.982299804688,33.3333320617676,0.0,Move_Right,pressed
139.266,jump_input_pressed,-41.7586097717285,512.931518554688,0.0,0.0,Jump,pressed
139.266,jump_executed,-41.7586097717285,512.931518554688,0.0,-500.0,jump,x_-41.7586097717285_y_512.931518554688
139.333,jump_input_released,-41.7586097717285,481.656402587891,0.0,-417.22216796875,Jump,released
139.442,jump_peak_reached,-41.7586097717285,476.86474609375,0.0,41.2037048339844,jump_peak,x_-41.7586097717285_y_476.86474609375
139.6,platform_landed,-41.7586097717285,512.983581542969,0.0,0.0,land_on_platform,platform_scene-1/Tile Map/-3_29_layer_Tile Map_tile_-3_29_source_1_atlas_2_0
139.601,landed,-41.7586097717285,512.983581542969,0.0,0.0,land,surface_wood_impact_0.82314825439453
139.717,jump_input_pressed,-41.7586097717285,512.983581542969,0.0,0.0,Jump,pressed
139.717,jump_executed,-41.7586097717285,512.983581542969,0.0,-500.0,jump,x_-41.7586097717285_y_512.983581542969
139.799,jump_input_released,-41.7586097717285,474.704833984375,0.0,-396.666595458984,Jump,released
139.909,jump_peak_reached,-41.7586097717285,469.913177490234,0.0,41.2037048339844,jump_peak,x_-41.7586097717285_y_469.913177490234
140.092,platform_landed,-41.7586097717285,512.980346679688,0.0,0.0,land_on_platform,platform_scene-1/Tile Map/-3_29_layer_Tile Map_tile_-3_29_source_1_atlas_2_0
140.092,landed,-41.7586097717285,512.980346679688,0.0,0.0,land,surface_wood_impact_0.89722235107422
140.224,jump_input_pressed,-41.7586097717285,512.980346679688,0.0,0.0,Jump,pressed
140.224,jump_executed,-41.7586097717285,512.980346679688,0.0,-500.0,jump,x_-41.7586097717285_y_512.980346679688
140.292,jump_input_released,-41.7586097717285,481.662750244141,0.0,-417.22216796875,Jump,released
140.382,jump_peak_reached,-41.7586097717285,476.87109375,0.0,41.2037048339844,jump_peak,x_-41.7586097717285_y_476.87109375
140.55,platform_landed,-41.7586097717285,512.989929199219,0.0,0.0,land_on_platform,platform_scene-1/Tile Map/-3_29_layer_Tile Map_tile_-3_29_source_1_atlas_2_0
140.55,landed,-41.7586097717285,512.989929199219,0.0,0.0,land,surface_wood_impact_0.82314825439453
140.683,jump_input_pressed,-41.7586097717285,512.989929199219,0.0,0.0,Jump,pressed
140.683,jump_executed,-41.7586097717285,512.989929199219,0.0,-500.0,jump,x_-41.7586097717285_y_512.989929199219
140.75,jump_input_released,-41.7586097717285,481.664031982422,0.0,-417.22216796875,Jump,released
140.849,jump_peak_reached,-41.7586097717285,476.872375488281,0.0,41.2037048339844,jump_peak,x_-41.7586097717285_y_476.872375488281
141.017,platform_landed,-41.7586097717285,512.9912109375,0.0,0.0,land_on_platform,platform_scene-1/Tile Map/-3_29_layer_Tile Map_tile_-3_29_source_1_atlas_2_0
141.017,landed,-41.7586097717285,512.9912109375,0.0,0.0,land,surface_wood_impact_0.82314825439453
141.134,move_left_pressed,-41.7586097717285,512.9912109375,-33.3333320617676,0.0,Move_Left,pressed
141.684,move_left_pressed,-63.9251136779785,512.933715820312,-33.3333320617676,0.0,Move_Left,pressed
141.95,move_left_pressed,-63.9251136779785,512.933715820312,-33.3333320617676,0.0,Move_Left,pressed
142.167,jump_input_pressed,-63.9251136779785,512.933715820312,0.0,0.0,Jump,pressed
142.167,jump_executed,-63.9251136779785,512.933715820312,0.0,-500.0,jump,x_-63.9251136779785_y_512.933715820312
142.244,jump_input_released,-63.9240188598633,481.665191650391,0.0,-417.22216796875,Jump,released
142.333,jump_peak_reached,-63.9240188598633,476.87353515625,0.0,41.2037048339844,jump_peak,x_-63.9240188598633_y_476.87353515625
142.5,platform_landed,-63.9240188598633,512.992370605469,0.0,0.0,land_on_platform,platform_scene-1/Tile Map/-4_29_layer_Tile Map_tile_-4_29_source_1_atlas_1_0
142.5,landed,-63.9240188598633,512.992370605469,0.0,0.0,land,surface_wood_impact_0.82314825439453
142.666,move_right_pressed,-63.9240188598633,512.992370605469,33.3333320617676,0.0,Move_Right,pressed
143.033,move_left_pressed,-8.72562122344971,515.736877441406,-1.66666889190674,111.111114501953,Move_Left,pressed
143.316,platform_landed,-9.92528533935547,638.980285644531,0.0,0.0,land_on_platform,platform_scene-1/Tile Map/-1_36_layer_Tile Map_tile_-1_36_source_1_atlas_2_0
143.316,landed,-9.92528533935547,638.980285644531,0.0,0.0,land,surface_wood_impact_1.48148168945313
143.815,move_left_pressed,-9.92528533935547,638.980285644531,-33.3333320617676,0.0,Move_Left,pressed
143.933,move_right_pressed,-9.92528533935547,638.980285644531,33.3333320617676,0.0,Move_Right,pressed
144.067,move_left_pressed,3.24138212203979,638.931274414062,-20.0000019073486,0.0,Move_Left,pressed
144.15,move_right_pressed,-3.98084163665771,638.931274414062,-70.0000076293945,0.0,Move_Right,pressed
144.282,move_left_pressed,1.24138021469116,638.931274414062,-33.3333320617676,0.0,Move_Left,pressed
144.333,move_right_pressed,-2.0919554233551,638.931274414062,-16.6666660308838,0.0,Move_Right,pressed
144.999,move_right_pressed,102.408050537109,638.931274414062,46.6666641235352,0.0,Move_Right,pressed
145.784,move_right_pressed,152.717071533203,638.924926757812,33.3333320617676,0.0,Move_Right,pressed
146.75,move_right_pressed,171.883758544922,638.924926757812,33.3333320617676,0.0,Move_Right,pressed
147.267,move_left_pressed,221.050445556641,638.924926757812,-33.3333320617676,0.0,Move_Left,pressed
148.367,move_left_pressed,214.661544799805,638.924926757812,-33.3333320617676,0.0,Move_Left,pressed
149.684,jump_input_pressed,201.494857788086,638.924926757812,0.0,0.0,Jump,pressed
149.684,jump_executed,201.494857788086,638.924926757812,0.0,-500.0,jump,x_201.494857788086_y_638.924926757812
149.783,jump_input_released,201.494857788086,594.080627441406,0.0,-376.166595458984,Jump,released
149.883,jump_peak_reached,201.494857788086,589.288940429688,0.0,41.2037048339844,jump_peak,x_201.494857788086_y_589.288940429688
150.091,platform_landed,201.494857788086,638.966064453125,0.0,0.0,land_on_platform,platform_scene-1/Tile Map/11_36_layer_Tile Map_tile_11_36_source_1_atlas_2_0
150.091,landed,201.494857788086,638.966064453125,0.0,0.0,land,surface_wood_impact_0.97129644775391
150.21,move_right_pressed,201.494857788086,638.966064453125,33.3333320617676,0.0,Move_Right,pressed
151.634,move_left_pressed,439.661560058594,638.966064453125,-33.3333320617676,0.0,Move_Left,pressed
152.233,jump_input_pressed,339.717132568359,638.966064453125,-13.3333311080933,0.0,Jump,pressed
152.233,jump_executed,339.717132568359,638.966064453125,-13.3333311080933,-500.0,jump,x_339.717132568359_y_638.966064453125
152.433,jump_peak_reached,339.493927001953,570.685791015625,0.0,74.0740737915039,jump_peak,x_339.493927001953_y_570.685791015625
152.6,jump_input_released,339.493927001953,610.809204101562,0.0,444.444488525391,Jump,released
152.65,platform_landed,339.493927001953,638.970397949219,0.0,0.0,land_on_platform,platform_scene-1/Tile Map/18_36_layer_Tile Map_tile_18_36_source_1_atlas_2_0
152.651,landed,339.493927001953,638.970397949219,0.0,0.0,land,surface_wood_impact_1.11111120605469
152.866,move_right_pressed,339.493927001953,638.970397949219,33.3333320617676,0.0,Move_Right,pressed
153.949,jump_input_pressed,520.660583496094,638.929992675781,0.0,0.0,Jump,pressed
153.949,jump_executed,520.660583496094,638.929992675781,0.0,-500.0,jump,x_520.660583496094_y_638.929992675781
154.383,jump_peak_reached,520.660583496094,532.096069335938,0.0,39.8149261474609,jump_peak,x_520.660583496094_y_532.096069335938
154.633,jump_input_released,520.660583496094,606.864624023438,0.0,595.370544433594,Jump,released
154.682,platform_landed,520.660583496094,638.979431152344,0.0,0.0,land_on_platform,platform_scene-1/Tile Map/28_36_layer_Tile Map_tile_28_36_source_1_atlas_2_0
154.682,landed,520.660583496094,638.979431152344,0.0,0.0,land,surface_wood_impact_1.41296337890625
154.851,move_right_pressed,520.660583496094,638.979431152344,33.3333320617676,0.0,Move_Right,pressed
155.516,jump_input_pressed,620.827209472656,638.93115234375,0.0,0.0,Jump,pressed
155.516,jump_executed,620.827209472656,638.93115234375,0.0,-500.0,jump,x_620.827209472656_y_638.93115234375
155.716,jump_peak_reached,620.827209472656,570.685180664062,0.0,74.0740737915039,jump_peak,x_620.827209472656_y_570.685180664062
155.933,platform_landed,620.827209472656,638.969787597656,0.0,0.0,land_on_platform,platform_scene-1/Tile Map/34_36_layer_Tile Map_tile_34_36_source_1_atlas_2_0
155.933,landed,620.827209472656,638.969787597656,0.0,0.0,land,surface_wood_impact_1.11111120605469
156.033,jump_input_released,620.827209472656,638.969787597656,0.0,0.0,Jump,released
156.218,jump_input_pressed,620.827209472656,638.969787597656,0.0,0.0,Jump,pressed
156.218,jump_executed,620.827209472656,638.969787597656,0.0,-500.0,jump,x_620.827209472656_y_638.969787597656
156.416,jump_peak_reached,620.827209472656,570.685852050781,0.0,74.0740737915039,jump_peak,x_620.827209472656_y_570.685852050781
156.516,jump_input_released,620.827209472656,587.352478027344,0.0,296.296295166016,Jump,released
156.633,platform_landed,620.827209472656,638.970458984375,0.0,0.0,land_on_platform,platform_scene-1/Tile Map/34_36_layer_Tile Map_tile_34_36_source_1_atlas_2_0
156.633,landed,620.827209472656,638.970458984375,0.0,0.0,land,surface_wood_impact_1.11111120605469
156.833,jump_input_pressed,620.827209472656,638.970458984375,0.0,0.0,Jump,pressed
156.833,jump_executed,620.827209472656,638.970458984375,0.0,-500.0,jump,x_620.827209472656_y_638.970458984375
157.033,jump_peak_reached,620.827209472656,570.685852050781,0.0,74.0740737915039,jump_peak,x_620.827209472656_y_570.685852050781
157.25,platform_landed,620.827209472656,638.970458984375,0.0,0.0,land_on_platform,platform_scene-1/Tile Map/34_36_layer_Tile Map_tile_34_36_source_1_atlas_2_0
157.25,landed,620.827209472656,638.970458984375,0.0,0.0,land,surface_wood_impact_1.11111120605469
157.282,jump_input_released,620.827209472656,638.970458984375,0.0,0.0,Jump,released
157.442,move_right_pressed,620.827209472656,638.970458984375,33.3333320617676,0.0,Move_Right,pressed
157.524,sonification,632.160522460938,638.970458984375,180.0,0.0,osc_received,"value_[1, ""mushrooms""]"
159.074,sonification,903.993835449219,638.970458984375,0.0,0.0,osc_received,"value_[1, ""mushrooms""]"
159.817,move_left_pressed,903.993835449219,638.970458984375,-33.3333320617676,0.0,Move_Left,pressed
159.825,sonification,903.438293457031,638.970458984375,-33.3333320617676,0.0,osc_received,"value_[1, ""mushrooms""]"
161.219,sonification,662.827209472656,638.929992675781,0.0,0.0,osc_received,"value_[1, ""mushrooms""]"
163.351,move_left_pressed,662.827209472656,638.929992675781,-33.3333320617676,0.0,Move_Left,pressed
163.358,sonification,662.271667480469,638.929992675781,-33.3333320617676,0.0,osc_received,"value_[1, ""mushrooms""]"
163.558,sonification,630.493896484375,638.929992675781,-180.0,0.0,osc_received,"value_[1, ""mushrooms""]"
165.383,move_right_pressed,535.660583496094,638.929992675781,33.3333320617676,0.0,Move_Right,pressed
165.951,sonification,633.993896484375,638.929992675781,180.0,0.0,osc_received,"value_[1, ""mushrooms""]"
166.084,sonification,650.827209472656,638.929992675781,0.0,0.0,osc_received,"value_[1, ""mushrooms""]"
166.544,move_right_pressed,650.827209472656,638.929992675781,33.3333320617676,0.0,Move_Right,pressed
166.544,sonification,651.382751464844,638.929992675781,33.3333320617676,0.0,osc_received,"value_[1, ""mushrooms""]"
166.718,sonification,672.993835449219,638.929992675781,0.0,0.0,osc_received,"value_[1, ""mushrooms""]"
167.066,move_right_pressed,672.993835449219,638.929992675781,33.3333320617676,0.0,Move_Right,pressed
167.068,sonification,673.549377441406,638.929992675781,33.3333320617676,0.0,osc_received,"value_[1, ""mushrooms""]"
167.408,sonification,722.160461425781,638.929992675781,0.0,0.0,osc_received,"value_[1, ""mushrooms""]"
168.083,move_right_pressed,722.160461425781,638.929992675781,33.3333320617676,0.0,Move_Right,pressed
168.091,sonification,722.716003417969,638.929992675781,33.3333320617676,0.0,osc_received,"value_[1, ""mushrooms""]"
168.284,sonification,747.327087402344,638.929992675781,0.0,0.0,osc_received,"value_[1, ""mushrooms""]"
169.201,move_right_pressed,747.327087402344,638.929992675781,33.3333320617676,0.0,Move_Right,pressed
169.208,sonification,747.882629394531,638.929992675781,33.3333320617676,0.0,osc_received,"value_[1, ""mushrooms""]"
169.951,sonification,871.493713378906,638.929992675781,0.0,0.0,osc_received,"value_[1, ""mushrooms""]"
170.084,move_right_pressed,871.493713378906,638.929992675781,33.3333320617676,0.0,Move_Right,pressed
170.085,sonification,872.049255371094,638.929992675781,33.3333320617676,0.0,osc_received,"value_[1, ""mushrooms""]"
170.384,jump_input_pressed,918.827026367188,638.924743652344,180.0,0.0,Jump,pressed
170.384,jump_executed,918.827026367188,638.924743652344,180.0,-500.0,jump,x_918.827026367188_y_638.924743652344
170.385,sonification,921.827270507812,630.589904785156,180.0,-500.055541992188,osc_received,"value_[1, ""mushrooms""]"
170.633,jump_input_released,929.660583496094,549.752868652344,0.0,-194.166549682617,Jump,released
170.733,jump_peak_reached,929.660583496094,544.961181640625,0.0,41.2037048339844,jump_peak,x_929.660583496094_y_544.961181640625
170.767,move_right_pressed,929.660583496094,546.951904296875,15.0,115.277786254883,Move_Right,pressed
171.0,platform_landed,937.021667480469,638.997619628906,0.0,0.0,land_on_platform,platform_scene-1/Tile Map/52_36_layer_Tile Map_tile_52_36_source_1_atlas_13_0
171.0,landed,937.021667480469,638.997619628906,0.0,0.0,land,surface_wood_impact_1.2675927734375
171.334,move_right_pressed,937.021667480469,638.997619628906,33.3333320617676,0.0,Move_Right,pressed
171.334,sonification,937.577209472656,638.997619628906,33.3333320617676,0.0,osc_received,"value_[1, ""mushrooms""]"
171.917,jump_input_pressed,1035.35498046875,638.933532714844,180.0,0.0,Jump,pressed
171.917,jump_executed,1035.35498046875,638.933532714844,180.0,-500.0,jump,x_1035.35498046875_y_638.933532714844
171.918,sonification,1037.92529296875,630.599243164062,0.0,-500.055541992188,osc_received,"value_[1, ""mushrooms""]"
171.933,jump_peak_reached,1037.92529296875,630.599243164062,15.0,-479.222198486328,jump_peak,x_1037.92529296875_y_630.599243164062
172.318,move_left_pressed,1037.92407226562,532.359436035156,-15.0,-16.6665554046631,Move_Left,pressed
172.566,jump_input_released,1033.32470703125,588.777587890625,0.0,521.296447753906,Jump,released
172.65,platform_landed,1033.32470703125,638.98974609375,0.0,0.0,land_on_platform,platform_scene-1/Tile Map/57_36_layer_Tile Map_tile_57_36_source_1_atlas_13_0
172.651,landed,1033.32470703125,638.98974609375,0.0,0.0,land,surface_wood_impact_1.41296337890625
172.783,jump_input_pressed,1033.32470703125,638.98974609375,0.0,0.0,Jump,pressed
172.783,jump_executed,1033.32470703125,638.98974609375,0.0,-500.0,jump,x_1033.32470703125_y_638.98974609375
173.149,jump_input_released,1034.80627441406,534.483215332031,0.0,-55.722110748291,Jump,released
173.217,jump_peak_reached,1034.80627441406,532.851745605469,0.0,43.8149261474609,jump_peak,x_1034.80627441406_y_532.851745605469
173.251,move_left_pressed,1034.80627441406,534.929504394531,-15.0,117.889007568359,Move_Left,pressed
173.5,platform_landed,1020.32470703125,638.933654785156,-150.0,0.0,land_on_platform,platform_scene-1/Tile Map/56_36_layer_Tile Map_tile_56_36_source_1_atlas_12_0
173.5,landed,1020.32470703125,638.933654785156,-150.0,0.0,land,surface_wood_impact_1.34688928222656
173.5,sonification,1020.32470703125,638.933654785156,-150.0,0.0,osc_received,"value_[1, ""mushrooms""]"
173.9,jump_input_pressed,951.32470703125,638.933654785156,-180.0,0.0,Jump,pressed
173.9,jump_executed,951.32470703125,638.933654785156,-180.0,-500.0,jump,x_951.32470703125_y_638.933654785156
173.908,sonification,948.322021484375,630.591918945312,-180.0,-500.055541992188,osc_received,"value_[1, ""mushrooms""]"
173.917,jump_peak_reached,948.322021484375,630.591918945312,-180.0,-479.222198486328,jump_peak,x_948.322021484375_y_630.591918945312
174.418,jump_input_released,858.322021484375,541.588256835938,-180.0,225.000106811523,Jump,released
174.451,platform_landed,852.356567382812,551.312744140625,-180.0,0.0,land_on_platform,platform_scene-1/Tile Map/46_31_layer_Tile Map_tile_46_31_source_1_atlas_15_0
174.451,landed,852.356567382812,551.312744140625,-180.0,0.0,land,surface_wood_impact_0.59814837646484
174.867,move_left_pressed,854.236572265625,572.305480957031,-15.0,333.333343505859,Move_Left,pressed
175.0,platform_landed,842.986572265625,638.933166503906,-135.0,0.0,land_on_platform,platform_scene-1/Tile Map/46_36_layer_Tile Map_tile_46_36_source_1_atlas_13_0
175.0,landed,842.986572265625,638.933166503906,-135.0,0.0,land,surface_wood_impact_1.25925939941406
175.001,sonification,842.986572265625,638.933166503906,-135.0,0.0,osc_received,"value_[1, ""mushrooms""]"
175.066,sonification,838.736572265625,638.933166503906,0.0,0.0,osc_received,"value_[1, ""mushrooms""]"
175.3,move_left_pressed,838.736572265625,638.933166503906,-33.3333320617676,0.0,Move_Left,pressed
175.309,sonification,838.181030273438,638.933166503906,-33.3333320617676,0.0,osc_received,"value_[1, ""mushrooms""]"
175.733,jump_input_pressed,768.792175292969,638.933166503906,-13.3333311080933,0.0,Jump,pressed
175.733,jump_executed,768.792175292969,638.933166503906,-13.3333311080933,-500.0,jump,x_768.792175292969_y_638.933166503906
175.734,sonification,768.569763183594,630.590942382812,-13.3333311080933,-500.055541992188,osc_received,"value_[1, ""mushrooms""]"
176.068,move_right_pressed,768.569763183594,536.804870605469,15.0,-94.9998931884766,Move_Right,pressed
176.166,jump_peak_reached,773.819763183594,532.096557617188,105.0,39.8149261474609,jump_peak,x_773.819763183594_y_532.096557617188
176.267,platform_landed,790.920593261719,549.245788574219,180.0,0.0,land_on_platform,platform_scene-1/Tile Map/44_31_layer_Tile Map_tile_44_31_source_1_atlas_14_0
176.267,landed,790.920593261719,549.245788574219,180.0,0.0,land,surface_wood_impact_0.52407427978516
176.268,sonification,790.920593261719,549.245788574219,180.0,0.0,osc_received,"value_[1, ""mushrooms""]"
176.383,jump_input_released,808.764953613281,548.999145507812,180.0,0.0,Jump,released
176.508,sonification,825.598266601562,548.933715820312,0.0,0.0,osc_received,"value_[1, ""mushrooms""]"
176.917,move_right_pressed,825.598266601562,548.933715820312,33.3333320617676,0.0,Move_Right,pressed
176.917,sonification,826.15380859375,548.933715820312,33.3333320617676,0.0,osc_received,"value_[1, ""mushrooms""]"
177.001,sonification,831.987121582031,548.933715820312,0.0,0.0,osc_received,"value_[1, ""mushrooms""]"
177.617,move_right_pressed,831.987121582031,548.933715820312,33.3333320617676,0.0,Move_Right,pressed
177.624,sonification,832.542663574219,548.933715820312,33.3333320617676,0.0,osc_received,"value_[1, ""mushrooms""]"
177.718,sonification,841.709350585938,548.933715820312,0.0,0.0,osc_received,"value_[1, ""mushrooms""]"
177.751,jump_input_pressed,841.709350585938,548.933715820312,0.0,0.0,Jump,pressed
177.751,jump_executed,841.709350585938,548.933715820312,0.0,-500.0,jump,x_841.709350585938_y_548.933715820312
177.801,move_right_pressed,841.709350585938,524.957580566406,15.0,-437.833282470703,Move_Right,pressed
178.184,jump_peak_reached,894.209350585938,442.096527099609,180.0,39.8149261474609,jump_peak,x_894.209350585938_y_442.096527099609
178.285,jump_input_released,912.209350585938,455.337280273438,180.0,262.037139892578,Jump,released
178.285,platform_landed,915.209350585938,458.933654785156,180.0,0.0,land_on_platform,platform_scene-1/Tile Map/50_26_layer_Tile Map_tile_50_26_source_1_atlas_13_0
178.285,landed,915.209350585938,458.933654785156,180.0,0.0,land,surface_wood_impact_0.52407427978516
178.286,sonification,915.209350585938,458.933654785156,180.0,0.0,osc_received,"value_[1, ""mushrooms""]"
178.358,sonification,920.042663574219,458.933654785156,0.0,0.0,osc_received,"value_[1, ""mushrooms""]"
178.767,move_right_pressed,920.042663574219,458.933654785156,33.3333320617676,0.0,Move_Right,pressed
178.768,sonification,920.598205566406,458.933654785156,33.3333320617676,0.0,osc_received,"value_[1, ""mushrooms""]"
178.818,jump_input_pressed,923.3759765625,458.933654785156,133.33332824707,0.0,Jump,pressed
178.818,jump_executed,923.3759765625,458.933654785156,133.33332824707,-500.0,jump,x_923.3759765625_y_458.933654785156
178.825,sonification,925.600280761719,450.591552734375,133.33332824707,-500.055541992188,osc_received,"value_[1, ""mushrooms""]"
179.199,coin_collected,990.766967773438,352.976776123047,180.0,-56.9998893737793,collect_coin,coin_coin26_score_2
179.25,jump_peak_reached,999.766967773438,352.097137451172,180.0,39.8149261474609,jump_peak,x_999.766967773438_y_352.097137451172
179.25,jump_input_released,999.766967773438,352.097137451172,180.0,39.8149261474609,Jump,released
179.351,platform_landed,1004.60028076172,368.997192382812,0.0,0.0,land_on_platform,platform_scene-1/Tile Map/55_21_layer_Tile Map_tile_55_21_source_1_atlas_13_0
179.351,landed,1004.60028076172,368.997192382812,0.0,0.0,land,surface_wood_impact_0.52407427978516
179.683,move_left_pressed,1004.60028076172,368.997192382812,-33.3333320617676,0.0,Move_Left,pressed
179.691,sonification,1004.04473876953,368.997192382812,-33.3333320617676,0.0,osc_received,"value_[1, ""mushrooms""]"
179.851,sonification,985.433654785156,368.933502197266,0.0,0.0,osc_received,"value_[1, ""mushrooms""]"
180.084,move_left_pressed,985.433654785156,368.933502197266,-33.3333320617676,0.0,Move_Left,pressed
180.091,sonification,984.878112792969,368.933502197266,-33.3333320617676,0.0,osc_received,"value_[1, ""mushrooms""]"
180.133,jump_input_pressed,982.100341796875,368.933502197266,-133.33332824707,0.0,Jump,pressed
180.133,jump_executed,982.100341796875,368.933502197266,-133.33332824707,-500.0,jump,x_982.100341796875_y_368.933502197266
180.134,sonification,979.876037597656,360.591522216797,-133.33332824707,-500.055541992188,osc_received,"value_[1, ""mushrooms""]"
180.575,jump_peak_reached,924.574951171875,262.097106933594,-96.6666641235352,39.8149261474609,jump_peak,x_924.574951171875_y_262.097106933594
180.592,jump_input_released,922.9638671875,262.760681152344,-13.3333311080933,76.8519668579102,Jump,released
180.675,platform_landed,922.741638183594,278.997161865234,0.0,0.0,land_on_platform,platform_scene-1/Tile Map/51_16_layer_Tile Map_tile_51_16_source_1_atlas_15_0
180.675,landed,922.741638183594,278.997161865234,0.0,0.0,land,surface_wood_impact_0.52407427978516
181.267,jump_input_pressed,922.741638183594,278.997161865234,0.0,0.0,Jump,pressed
181.267,jump_executed,922.741638183594,278.997161865234,0.0,-500.0,jump,x_922.741638183594_y_278.997161865234
181.451,move_right_pressed,922.741638183594,206.099243164062,15.0,-274.499877929688,Move_Right,pressed
181.7,jump_peak_reached,951.241638183594,172.104797363281,180.0,39.8149261474609,jump_peak,x_951.241638183594_y_172.104797363281
181.8,platform_landed,972.241638183594,188.933639526367,180.0,0.0,land_on_platform,platform_scene-1/Tile Map/53_11_layer_Tile Map_tile_53_11_source_1_atlas_14_0
181.8,landed,972.241638183594,188.933639526367,180.0,0.0,land,surface_wood_impact_0.52407427978516
181.801,sonification,972.241638183594,188.933639526367,180.0,0.0,osc_received,"value_[1, ""mushrooms""]"
181.85,coin_collected,978.241638183594,188.933639526367,180.0,0.0,collect_coin,coin_coin27_score_4
181.85,jump_input_released,978.241638183594,188.933639526367,180.0,0.0,Jump,released
181.958,sonification,992.074951171875,188.933639526367,0.0,0.0,osc_received,"value_[1, ""mushrooms""]"
182.185,move_left_pressed,992.074951171875,188.933639526367,-33.3333320617676,0.0,Move_Left,pressed
182.191,sonification,991.519409179688,188.933639526367,-33.3333320617676,0.0,osc_received,"value_[1, ""mushrooms""]"
182.433,sonification,950.729858398438,189.113327026367,-180.0,0.0,osc_received,"value_[1, ""mushrooms""]"
182.467,jump_input_pressed,947.729858398438,189.730606079102,-180.0,74.0740737915039,Jump,pressed
182.467,jump_executed,947.729858398438,189.730606079102,-180.0,-500.0,jump,x_947.729858398438_y_189.730606079102
182.85,jump_input_released,878.729858398438,83.7815780639648,-180.0,-36.1665573120117,Jump,released
182.9,jump_peak_reached,873.896545410156,83.0149154663086,0.0,42.5371475219727,jump_peak,x_873.896545410156_y_83.0149154663086
183.05,platform_landed,873.896545410156,116.97679901123,0.0,0.0,land_on_platform,platform_scene-1/Tile Map/48_7_layer_Tile Map_tile_48_7_source_1_atlas_13_0
183.05,landed,873.896545410156,116.97679901123,0.0,0.0,land,surface_wood_impact_0.75174102783203
183.233,jump_input_pressed,873.896545410156,116.97679901123,0.0,0.0,Jump,pressed
183.233,jump_executed,873.896545410156,116.97679901123,0.0,-500.0,jump,x_873.896545410156_y_116.97679901123
183.285,move_left_pressed,873.896545410156,92.9632415771484,-15.0,-437.833282470703,Move_Left,pressed
183.667,jump_peak_reached,821.396545410156,10.1021528244019,-180.0,39.8149261474609,jump_peak,x_821.396545410156_y_10.1021528244019
183.683,jump_input_released,818.396545410156,10.7657346725464,-180.0,76.8519668579102,Jump,released
183.834,platform_landed,788.396545410156,44.9330520629883,-180.0,0.0,land_on_platform,platform_scene-1/Tile Map/43_3_layer_Tile Map_tile_43_3_source_1_atlas_13_0
183.834,landed,788.396545410156,44.9330520629883,-180.0,0.0,land,surface_wood_impact_0.82037066650391
183.835,sonification,788.396545410156,44.9330520629883,-180.0,0.0,osc_received,"value_[1, ""mushrooms""]"
184.234,sonification,723.563232421875,44.9330520629883,0.0,0.0,osc_received,"value_[1, ""mushrooms""]"
184.533,move_left_pressed,723.563232421875,44.9330520629883,-33.3333320617676,0.0,Move_Left,pressed
184.541,sonification,723.007690429688,44.9330520629883,-33.3333320617676,0.0,osc_received,"value_[1, ""mushrooms""]"
185.034,sonification,644.396606445312,44.9251708984375,0.0,0.0,osc_received,"value_[1, ""mushrooms""]"
185.3,move_right_pressed,644.396606445312,44.9251708984375,33.3333320617676,0.0,Move_Right,pressed
185.308,sonification,644.9521484375,44.9251708984375,33.3333320617676,0.0,osc_received,"value_[1, ""mushrooms""]"
186.201,sonification,795.563232421875,44.9251708984375,0.0,0.0,osc_received,"value_[1, ""mushrooms""]"
186.234,move_right_pressed,795.563232421875,44.9251708984375,33.3333320617676,0.0,Move_Right,pressed
186.235,sonification,796.118774414062,44.9251708984375,33.3333320617676,0.0,osc_received,"value_[1, ""mushrooms""]"
186.384,sonification,811.729858398438,44.9251708984375,0.0,0.0,osc_received,"value_[1, ""mushrooms""]"
186.751,move_left_pressed,811.729858398438,44.9251708984375,-33.3333320617676,0.0,Move_Left,pressed
186.752,sonification,811.17431640625,44.9251708984375,-33.3333320617676,0.0,osc_received,"value_[1, ""mushrooms""]"
187.0,jump_input_pressed,773.396545410156,44.9251708984375,-180.0,0.0,Jump,pressed
187.0,jump_executed,773.396545410156,44.9251708984375,-180.0,-500.0,jump,x_773.396545410156_y_44.9251708984375
187.001,sonification,770.396240234375,36.5900077819824,-180.0,-500.055541992188,osc_received,"value_[1, ""mushrooms""]"
187.433,jump_peak_reached,695.396240234375,-61.9043922424316,-180.0,39.8149261474609,jump_peak,x_695.396240234375_y_-61.9043922424316
187.467,jump_input_released,689.396240234375,-59.9599456787109,-180.0,113.889007568359,Jump,released
187.599,platform_landed,684.562927246094,-27.023458480835,0.0,0.0,land_on_platform,platform_scene-1/Tile Map/37_-1_layer_Tile Map_tile_37_-1_source_1_atlas_15_7
187.599,landed,684.562927246094,-27.023458480835,0.0,0.0,land,surface_wood_impact_0.82037066650391
187.608,sonification,684.562927246094,-27.023458480835,0.0,0.0,osc_received,"value_[1, ""cloud""]"
187.951,move_left_pressed,684.562927246094,-27.023458480835,-33.3333320617676,0.0,Move_Left,pressed
189.101,move_right_pressed,653.396301269531,-27.0691909790039,33.3333320617676,0.0,Move_Right,pressed
189.616,move_left_pressed,666.562927246094,-27.0691909790039,-33.3333320617676,0.0,Move_Left,pressed
189.816,jump_input_pressed,637.203430175781,-24.5767135620117,-180.0,111.111114501953,Jump,pressed
190.051,jump_input_released,595.203430175781,57.5220603942871,-180.0,629.629699707031,Jump,released
190.183,platform_landed,590.3701171875,170.96369934082,0.0,0.0,land_on_platform,platform_scene-1/Tile Map/32_10_layer_Tile Map_tile_32_10_source_1_atlas_2_0
190.183,landed,590.3701171875,170.96369934082,0.0,0.0,land,surface_wood_impact_1.85185217285156
191.084,move_left_pressed,590.3701171875,170.96369934082,-33.3333320617676,0.0,Move_Left,pressed
191.283,jump_input_pressed,561.036804199219,170.96369934082,-180.0,0.0,Jump,pressed
191.283,jump_executed,561.036804199219,170.96369934082,-180.0,-500.0,jump,x_561.036804199219_y_170.96369934082
191.3,jump_peak_reached,558.025817871094,162.598846435547,-180.0,-479.222198486328,jump_peak,x_558.025817871094_y_162.598846435547
191.6,jump_input_released,512.07470703125,155.500686645508,-15.0,444.444488525391,Jump,released
191.884,platform_landed,478.773345947266,368.933197021484,-13.3333311080933,0.0,land_on_platform,platform_scene-1/Tile Map/26_21_layer_Tile Map_tile_26_21_source_1_atlas_1_0
191.884,landed,478.773345947266,368.933197021484,-13.3333311080933,0.0,land,surface_wood_impact_2.1481484375
192.519,move_left_pressed,478.773345947266,368.933197021484,-33.3333320617676,0.0,Move_Left,pressed
192.7,coin_collected,452.426147460938,375.344299316406,-180.0,148.148147583008,collect_coin,coin_coin2_score_6
192.751,platform_landed,440.426147460938,386.933288574219,-180.0,0.0,land_on_platform,platform_scene-1/Tile Map/24_22_layer_Tile Map_tile_24_22_source_1_atlas_2_0
192.751,landed,440.426147460938,386.933288574219,-180.0,0.0,land,surface_wood_impact_0.59259259033203
193.084,move_left_pressed,429.592803955078,386.933288574219,-33.3333320617676,0.0,Move_Left,pressed
193.1,jump_input_pressed,429.037261962891,386.933288574219,-66.6666641235352,0.0,Jump,pressed
193.101,jump_executed,429.037261962891,386.933288574219,-66.6666641235352,-500.0,jump,x_429.037261962891_y_386.933288574219
193.216,jump_input_released,416.008392333984,335.805877685547,-171.666656494141,-355.722137451172,Jump,released
193.317,jump_peak_reached,402.313934326172,331.014221191406,0.0,41.2037048339844,jump_peak,x_402.313934326172_y_331.014221191406
193.483,platform_landed,402.313934326172,368.981903076172,0.0,0.0,land_on_platform,platform_scene-1/Tile Map/22_21_layer_Tile Map_tile_22_21_source_1_atlas_3_0
193.483,landed,402.313934326172,368.981903076172,0.0,0.0,land,surface_wood_impact_0.82314825439453
193.668,move_left_pressed,402.313934326172,368.981903076172,-33.3333320617676,0.0,Move_Left,pressed
193.8,jump_input_pressed,384.980621337891,368.931518554688,-180.0,0.0,Jump,pressed
193.8,jump_executed,384.980621337891,368.931518554688,-180.0,-500.0,jump,x_384.980621337891_y_368.931518554688
194.017,jump_peak_reached,345.996368408203,293.757232666016,-180.0,76.2232131958008,jump_peak,x_345.996368408203_y_293.757232666016
194.118,jump_input_released,327.996368408203,310.638824462891,-180.0,298.445434570312,Jump,released
194.184,platform_landed,313.013031005859,335.955047607422,-180.0,0.0,land_on_platform,platform_scene-1/Tile Map/17_19_layer_Tile Map_tile_17_19_source_1_atlas_18_3
194.184,landed,313.013031005859,335.955047607422,-180.0,0.0,land,surface_wood_impact_0.89318725585937
194.186,sonification,313.013031005859,335.955047607422,-180.0,0.0,osc_received,"value_[1, ""leaves""]"
194.717,jump_input_pressed,302.179962158203,335.977661132812,0.0,0.0,Jump,pressed
194.717,jump_executed,302.179962158203,335.977661132812,0.0,-500.0,jump,x_302.179962158203_y_335.977661132812
194.785,move_right_pressed,302.179962158203,304.699584960938,15.0,-417.22216796875,Move_Right,pressed
195.134,jump_input_released,348.679962158203,229.09309387207,180.0,2.77788853645325,Jump,released
195.151,jump_peak_reached,351.679962158203,229.139389038086,180.0,39.8149261474609,jump_peak,x_351.679962158203_y_229.139389038086
195.318,platform_landed,384.687072753906,263.938873291016,180.0,0.0,land_on_platform,platform_scene-1/Tile Map/21_15_layer_Tile Map_tile_21_15_source_1_atlas_13_6
195.318,landed,384.687072753906,263.938873291016,180.0,0.0,land,surface_wood_impact_0.82037066650391
195.319,sonification,384.687072753906,263.938873291016,180.0,0.0,osc_received,"value_[1, ""water-tube""]"
195.541,jump_input_pressed,386.520416259766,263.938873291016,0.0,0.0,Jump,pressed
195.541,jump_executed,386.520416259766,263.938873291016,0.0,-500.0,jump,x_386.520416259766_y_263.938873291016
195.633,move_left_pressed,386.520416259766,219.08984375,-15.0,-376.166595458984,Move_Left,pressed
195.883,jump_input_released,358.020416259766,160.210189819336,-180.0,-75.3332214355469,Jump,released
195.966,jump_peak_reached,347.187072753906,157.404647827148,0.0,45.0371475219727,jump_peak,x_347.187072753906_y_157.404647827148
196.119,platform_landed,347.187072753906,188.993591308594,0.0,0.0,land_on_platform,platform_scene-1/Tile Map/19_11_layer_Tile Map_tile_19_11_source_1_atlas_3_0
196.119,landed,347.187072753906,188.993591308594,0.0,0.0,land,surface_wood_impact_0.75674102783203
196.652,move_right_pressed,347.187072753906,188.993591308594,33.3333320617676,0.0,Move_Right,pressed
197.034,platform_landed,393.38916015625,264.013732910156,0.0,0.0,land_on_platform,platform_scene-1/Tile Map/21_15_layer_Tile Map_tile_21_15_source_1_atlas_13_6
197.034,landed,393.38916015625,264.013732910156,0.0,0.0,land,surface_wood_impact_1.11111120605469
197.034,sonification,393.38916015625,264.013732910156,0.0,0.0,osc_received,"value_[1, ""water-tube""]"
197.366,jump_input_pressed,393.38916015625,264.013732910156,0.0,0.0,Jump,pressed
197.366,jump_executed,393.38916015625,264.013732910156,0.0,-500.0,jump,x_393.38916015625_y_264.013732910156
197.384,jump_peak_reached,393.38916015625,255.6162109375,0.0,-479.222198486328,jump_peak,x_393.38916015625_y_255.6162109375
197.433,jump_input_released,393.38916015625,232.68196105957,0.0,-417.22216796875,Jump,released
197.7,platform_landed,393.38916015625,264.009063720703,0.0,0.0,land_on_platform,platform_scene-1/Tile Map/21_15_layer_Tile Map_tile_21_15_source_1_atlas_13_6
197.7,landed,393.38916015625,264.009063720703,0.0,0.0,land,surface_wood_impact_0.82314825439453
197.701,sonification,393.38916015625,264.009063720703,0.0,0.0,osc_received,"value_[1, ""water-tube""]"
197.885,jump_input_pressed,393.38916015625,264.009063720703,0.0,0.0,Jump,pressed
197.885,jump_executed,393.38916015625,264.009063720703,0.0,-500.0,jump,x_393.38916015625_y_264.009063720703
197.983,jump_input_released,393.38916015625,219.106384277344,0.0,-376.166595458984,Jump,released
198.083,jump_peak_reached,393.38916015625,214.314712524414,0.0,41.2037048339844,jump_peak,x_393.38916015625_y_214.314712524414
198.285,platform_landed,393.38916015625,263.991790771484,0.0,0.0,land_on_platform,platform_scene-1/Tile Map/21_15_layer_Tile Map_tile_21_15_source_1_atlas_13_6
198.285,landed,393.38916015625,263.991790771484,0.0,0.0,land,surface_wood_impact_0.97129644775391
198.286,sonification,393.38916015625,263.991790771484,0.0,0.0,osc_received,"value_[1, ""water-tube""]"
198.553,jump_input_pressed,393.38916015625,263.991790771484,0.0,0.0,Jump,pressed
198.553,jump_executed,393.38916015625,263.991790771484,0.0,-500.0,jump,x_393.38916015625_y_263.991790771484
198.633,jump_input_released,393.38916015625,225.720794677734,0.0,-396.666595458984,Jump,released
198.734,jump_peak_reached,393.38916015625,220.929122924805,0.0,41.2037048339844,jump_peak,x_393.38916015625_y_220.929122924805
198.917,platform_landed,393.38916015625,263.996276855469,0.0,0.0,land_on_platform,platform_scene-1/Tile Map/21_15_layer_Tile Map_tile_21_15_source_1_atlas_13_6
198.917,landed,393.38916015625,263.996276855469,0.0,0.0,land,surface_wood_impact_0.89722235107422
198.918,sonification,393.38916015625,263.996276855469,0.0,0.0,osc_received,"value_[1, ""water-tube""]"
199.084,move_left_pressed,393.38916015625,263.996276855469,-33.3333320617676,0.0,Move_Left,pressed
199.2,jump_input_pressed,379.055908203125,263.947631835938,-180.0,0.0,Jump,pressed
199.2,jump_executed,379.055908203125,263.947631835938,-180.0,-500.0,jump,x_379.055908203125_y_263.947631835938
199.316,jump_peak_reached,360.564514160156,223.958923339844,-104.229202270508,92.9528884887695,jump_peak,x_360.564514160156_y_223.958923339844
199.467,platform_landed,344.583953857422,263.038146972656,0.0,0.0,land_on_platform,platform_scene-1/Tile Map/19_15_layer_Tile Map_tile_19_15_source_1_atlas_14_6
199.467,landed,344.583953857422,263.038146972656,0.0,0.0,land,surface_wood_impact_0.85257250976563
199.475,sonification,344.583953857422,263.038146972656,0.0,0.0,osc_received,"value_[1, ""water-tube""]"
199.516,move_left_pressed,344.583953857422,263.038146972656,-33.3333320617676,0.0,Move_Left,pressed
199.584,jump_input_released,342.911102294922,263.327209472656,0.0,0.0,Jump,released
199.867,move_right_pressed,342.911102294922,263.327209472656,33.3333320617676,0.0,Move_Right,pressed
200.233,jump_input_pressed,380.043365478516,263.950012207031,0.0,0.0,Jump,pressed
200.233,jump_executed,380.043365478516,263.950012207031,0.0,-500.0,jump,x_380.043365478516_y_263.950012207031
200.385,move_left_pressed,380.043365478516,201.275024414062,-15.0,-314.999908447266,Move_Left,pressed
200.566,jump_input_released,363.543365478516,161.807418823242,-180.0,-94.9998931884766,Jump,released
200.666,jump_peak_reached,346.932250976562,157.515762329102,-13.3333311080933,46.2038116455078,jump_peak,x_346.932250976562_y_157.515762329102
200.825,platform_landed,346.710021972656,188.991271972656,0.0,0.0,land_on_platform,platform_scene-1/Tile Map/19_11_layer_Tile Map_tile_19_11_source_1_atlas_3_0
200.825,landed,346.710021972656,188.991271972656,0.0,0.0,land,surface_wood_impact_0.75907434082031
201.06,move_right_pressed,346.710021972656,188.991271972656,33.3333320617676,0.0,Move_Right,pressed
201.125,jump_input_pressed,352.265563964844,188.991271972656,166.666656494141,0.0,Jump,pressed
201.125,jump_executed,352.265563964844,188.991271972656,166.666656494141,-500.0,jump,x_352.265563964844_y_188.991271972656
201.491,jump_input_released,418.060913085938,83.9395370483398,180.0,-55.722110748291,Jump,released
201.559,jump_peak_reached,428.672027587891,82.3080596923828,13.3333311080933,43.8149261474609,jump_peak,x_428.672027587891_y_82.3080596923828
201.726,move_right_pressed,428.894256591797,117.388320922852,15.0,414.185333251953,Move_Right,pressed
201.759,platform_landed,430.394256591797,134.93327331543,45.0,0.0,land_on_platform,platform_scene-1/Tile Map/23_8_layer_Tile Map_tile_23_8_source_1_atlas_0_0
201.759,landed,430.394256591797,134.93327331543,45.0,0.0,land,surface_wood_impact_0.97651885986328
201.883,coin_collected,447.981842041016,139.367446899414,180.0,111.111114501953,collect_coin,coin_coin5_score_8
201.951,platform_landed,461.592926025391,152.933303833008,96.6666641235352,0.0,land_on_platform,platform_scene-1/Tile Map/25_9_layer_Tile Map_tile_25_9_source_1_atlas_2_0
201.951,landed,461.592926025391,152.933303833008,96.6666641235352,0.0,land,surface_wood_impact_0.59259259033203
202.383,move_left_pressed,461.815155029297,152.933303833008,-33.3333320617676,0.0,Move_Left,pressed
202.416,jump_input_pressed,460.148498535156,152.933303833008,-100.0,0.0,Jump,pressed
202.416,jump_executed,460.148498535156,152.933303833008,-100.0,-500.0,jump,x_460.148498535156_y_152.933303833008
202.516,jump_input_released,446.397003173828,108.081985473633,-180.0,-376.166595458984,Jump,released
202.617,jump_peak_reached,432.563659667969,103.290321350098,0.0,41.2037048339844,jump_peak,x_432.563659667969_y_103.290321350098
202.767,platform_landed,432.563659667969,134.984924316406,0.0,0.0,land_on_platform,platform_scene-1/Tile Map/23_8_layer_Tile Map_tile_23_8_source_1_atlas_0_0
202.767,landed,432.563659667969,134.984924316406,0.0,0.0,land,surface_wood_impact_0.74907415771484
203.116,move_left_pressed,432.563659667969,134.984924316406,-33.3333320617676,0.0,Move_Left,pressed
203.167,jump_input_pressed,429.230346679688,134.984924316406,-133.33332824707,0.0,Jump,pressed
203.167,jump_executed,429.230346679688,134.984924316406,-133.33332824707,-500.0,jump,x_429.230346679688_y_134.984924316406
203.599,jump_peak_reached,352.828247070312,28.1067485809326,-180.0,39.8149261474609,jump_peak,x_352.828247070312_y_28.1067485809326
203.8,platform_landed,313.828247070312,80.9327239990234,-180.0,0.0,land_on_platform,platform_scene-1/Tile Map/17_5_layer_Tile Map_tile_17_5_source_1_atlas_13_0
203.8,landed,313.828247070312,80.9327239990234,-180.0,0.0,land,surface_wood_impact_0.96851885986328
203.801,sonification,313.828247070312,80.9327239990234,-180.0,0.0,osc_received,"value_[1, ""mushrooms""]"
203.833,jump_input_released,310.828247070312,80.9327239990234,-180.0,0.0,Jump,released
205.318,sonification,47.9949150085449,80.9327239990234,0.0,0.0,osc_received,"value_[1, ""mushrooms""]"
205.418,move_left_pressed,47.9949150085449,80.9327239990234,-33.3333320617676,0.0,Move_Left,pressed
205.424,sonification,47.4393577575684,80.9327239990234,-33.3333320617676,0.0,osc_received,"value_[1, ""mushrooms""]"
205.559,sonification,34.8282470703125,80.9251251220703,0.0,0.0,osc_received,"value_[1, ""mushrooms""]"
205.819,move_left_pressed,34.8282470703125,80.9251251220703,-33.3333320617676,0.0,Move_Left,pressed
205.819,sonification,34.2726898193359,80.9251251220703,-33.3333320617676,0.0,osc_received,"value_[1, ""mushrooms""]"
205.967,sonification,18.6615791320801,80.9251251220703,0.0,0.0,osc_received,"value_[1, ""mushrooms""]"
206.083,jump_input_pressed,18.6615791320801,80.9251251220703,0.0,0.0,Jump,pressed
206.083,jump_executed,18.6615791320801,80.9251251220703,0.0,-500.0,jump,x_18.6615791320801_y_80.9251251220703
206.518,jump_peak_reached,18.6615791320801,-25.90452003479,0.0,39.8149261474609,jump_peak,x_18.6615791320801_y_-25.90452003479
206.717,jump_input_released,18.6615791320801,22.7992115020752,0.0,484.259429931641,Jump,released
206.817,platform_landed,18.6615791320801,80.9788665771484,0.0,0.0,land_on_platform,platform_scene-1/Tile Map/0_5_layer_Tile Map_tile_0_5_source_1_atlas_14_0
206.818,landed,18.6615791320801,80.9788665771484,0.0,0.0,land,surface_wood_impact_1.41296337890625
207.249,jump_input_pressed,18.6615791320801,80.9788665771484,0.0,0.0,Jump,pressed
207.249,jump_executed,18.6615791320801,80.9788665771484,0.0,-500.0,jump,x_18.6615791320801_y_80.9788665771484
207.367,jump_input_released,18.6615791320801,29.8078422546387,0.0,-355.722137451172,Jump,released
207.467,jump_peak_reached,18.6615791320801,25.0161762237549,0.0,41.2037048339844,jump_peak,x_18.6615791320801_y_25.0161762237549
207.667,platform_landed,18.6615791320801,80.969367980957,0.0,0.0,land_on_platform,platform_scene-1/Tile Map/0_5_layer_Tile Map_tile_0_5_source_1_atlas_14_0
207.667,landed,18.6615791320801,80.969367980957,0.0,0.0,land,surface_wood_impact_0.97129644775391
207.718,jump_input_pressed,18.6615791320801,80.969367980957,0.0,0.0,Jump,pressed
207.718,jump_executed,18.6615791320801,80.969367980957,0.0,-500.0,jump,x_18.6615791320801_y_80.969367980957
207.984,jump_input_released,18.6615791320801,-11.4951887130737,0.0,-174.222106933594,Jump,released
208.083,jump_peak_reached,18.6615791320801,-16.2868576049805,0.0,41.2037048339844,jump_peak,x_18.6615791320801_y_-16.2868576049805
208.367,platform_landed,18.6615791320801,80.9540863037109,0.0,0.0,land_on_platform,platform_scene-1/Tile Map/0_5_layer_Tile Map_tile_0_5_source_1_atlas_14_0
208.367,landed,18.6615791320801,80.9540863037109,0.0,0.0,land,surface_wood_impact_1.34166687011719
208.467,move_right_pressed,18.6615791320801,80.9540863037109,33.3333320617676,0.0,Move_Right,pressed
208.469,sonification,19.2173671722412,80.9260330200195,33.3333320617676,0.0,osc_received,"value_[1, ""mushrooms""]"
208.616,jump_input_pressed,38.9951438903809,80.9260330200195,180.0,0.0,Jump,pressed
208.616,jump_executed,38.9951438903809,80.9260330200195,180.0,-500.0,jump,x_38.9951438903809_y_80.9260330200195
208.625,sonification,41.9957084655762,72.5902099609375,180.0,-500.055541992188,osc_received,"value_[1, ""mushrooms""]"
208.883,jump_input_released,86.9957122802734,-11.4977359771729,180.0,-174.222106933594,Jump,released
208.984,jump_peak_reached,100.829048156738,-16.2894039154053,0.0,41.2037048339844,jump_peak,x_100.829048156738_y_-16.2894039154053
209.267,platform_landed,100.829048156738,80.9515380859375,0.0,0.0,land_on_platform,platform_scene-1/Tile Map/5_5_layer_Tile Map_tile_5_5_source_1_atlas_13_0
209.267,landed,100.829048156738,80.9515380859375,0.0,0.0,land,surface_wood_impact_1.34166687011719
209.317,move_left_pressed,100.829048156738,80.9515380859375,-33.3333320617676,0.0,Move_Left,pressed
209.325,sonification,100.273490905762,80.9515380859375,-33.3333320617676,0.0,osc_received,"value_[1, ""mushrooms""]"
209.467,move_left_pressed,84.6623764038086,80.9515380859375,-46.6666641235352,0.0,Move_Left,pressed
209.493,sonification,83.8845977783203,80.9515380859375,0.0,0.0,osc_received,"value_[1, ""mushrooms""]"
210.017,jump_input_pressed,83.8845977783203,80.9515380859375,0.0,0.0,Jump,pressed
210.017,jump_executed,83.8845977783203,80.9515380859375,0.0,-500.0,jump,x_83.8845977783203_y_80.9515380859375
210.267,jump_input_released,83.8845977783203,-8.24371528625488,0.0,-194.166549682617,Jump,released
210.367,jump_peak_reached,83.8845977783203,-13.035382270813,0.0,41.2037048339844,jump_peak,x_83.8845977783203_y_-13.035382270813
210.551,move_right_pressed,83.8845977783203,28.4692535400391,15.0,448.611175537109,Move_Right,pressed
210.642,platform_landed,89.1345977783203,80.933235168457,90.0,0.0,land_on_platform,platform_scene-1/Tile Map/4_5_layer_Tile Map_tile_4_5_source_1_atlas_12_0
210.642,landed,89.1345977783203,80.933235168457,90.0,0.0,land,surface_wood_impact_1.2675927734375
210.65,sonification,91.1901550292969,80.933235168457,123.333335876465,0.0,osc_received,"value_[1, ""mushrooms""]"
211.949,jump_input_pressed,321.80126953125,80.9251937866211,180.0,0.0,Jump,pressed
211.95,jump_executed,321.80126953125,80.9251937866211,180.0,-500.0,jump,x_321.80126953125_y_80.9251937866211
211.958,sonification,324.801605224609,72.5900115966797,180.0,-500.055541992188,osc_received,"value_[1, ""mushrooms""]"
211.966,jump_peak_reached,324.801605224609,72.5900115966797,180.0,-479.222198486328,jump_peak,x_324.801605224609_y_72.5900115966797
212.485,platform_landed,420.801605224609,-9.06637382507324,180.0,0.0,land_on_platform,platform_scene-1/Tile Map/23_0_layer_Tile Map_tile_23_0_source_1_atlas_13_7
212.485,landed,420.801605224609,-9.06637382507324,180.0,0.0,land,surface_wood_impact_0.52407427978516
212.486,sonification,420.801605224609,-9.06637382507324,180.0,0.0,osc_received,"value_[1, ""cloud""]"
212.517,jump_input_released,423.801605224609,-9.06637382507324,180.0,0.0,Jump,released
213.467,move_right_pressed,434.634948730469,-9.07475280761719,33.3333320617676,0.0,Move_Right,pressed
213.852,move_left_pressed,453.801605224609,-9.07475280761719,-33.3333320617676,0.0,Move_Left,pressed
214.451,jump_input_pressed,437.634948730469,-9.07475280761719,0.0,0.0,Jump,pressed
214.451,jump_executed,437.634948730469,-9.07475280761719,0.0,-500.0,jump,x_437.634948730469_y_-9.07475280761719
214.567,jump_input_released,437.634948730469,-60.1952781677246,0.0,-355.722137451172,Jump,released
214.667,jump_peak_reached,437.634948730469,-64.986946105957,0.0,41.2037048339844,jump_peak,x_437.634948730469_y_-64.986946105957
214.867,platform_landed,437.634948730469,-9.03374671936035,0.0,0.0,land_on_platform,platform_scene-1/Tile Map/24_0_layer_Tile Map_tile_24_0_source_1_atlas_14_7
214.867,landed,437.634948730469,-9.03374671936035,0.0,0.0,land,surface_wood_impact_0.97129644775391
214.868,sonification,437.634948730469,-9.03374671936035,0.0,0.0,osc_received,"value_[1, ""cloud""]"
216.501,jump_input_pressed,437.634948730469,-9.03374671936035,0.0,0.0,Jump,pressed
216.501,jump_executed,437.634948730469,-9.03374671936035,0.0,-500.0,jump,x_437.634948730469_y_-9.03374671936035
216.6,jump_input_released,437.634948730469,-53.9140396118164,0.0,-376.166595458984,Jump,released
216.7,jump_peak_reached,437.634948730469,-58.7057075500488,0.0,41.2037048339844,jump_peak,x_437.634948730469_y_-58.7057075500488
216.9,platform_landed,437.634948730469,-9.02863121032715,0.0,0.0,land_on_platform,platform_scene-1/Tile Map/24_0_layer_Tile Map_tile_24_0_source_1_atlas_14_7
216.9,landed,437.634948730469,-9.02863121032715,0.0,0.0,land,surface_wood_impact_0.97129644775391
216.901,sonification,437.634948730469,-9.02863121032715,0.0,0.0,osc_received,"value_[1, ""cloud""]"
217.784,jump_input_pressed,437.634948730469,-9.02863121032715,0.0,0.0,Jump,pressed
217.784,jump_executed,437.634948730469,-9.02863121032715,0.0,-500.0,jump,x_437.634948730469_y_-9.02863121032715
217.833,jump_input_released,437.634948730469,-33.0374526977539,0.0,-437.833282470703,Jump,released
217.933,jump_peak_reached,437.634948730469,-37.8291206359863,0.0,41.2037048339844,jump_peak,x_437.634948730469_y_-37.8291206359863
218.083,platform_landed,437.634948730469,-9.03619861602783,0.0,0.0,land_on_platform,platform_scene-1/Tile Map/24_0_layer_Tile Map_tile_24_0_source_1_atlas_14_7
218.083,landed,437.634948730469,-9.03619861602783,0.0,0.0,land,surface_wood_impact_0.74907415771484
218.091,sonification,437.634948730469,-9.03619861602783,0.0,0.0,osc_received,"value_[1, ""cloud""]"
218.2,jump_input_pressed,437.634948730469,-9.03619861602783,0.0,0.0,Jump,pressed
218.2,jump_executed,437.634948730469,-9.03619861602783,0.0,-500.0,jump,x_437.634948730469_y_-9.03619861602783
218.267,jump_input_released,437.634948730469,-40.3393592834473,0.0,-417.22216796875,Jump,released
218.367,jump_peak_reached,437.634948730469,-45.1310272216797,0.0,41.2037048339844,jump_peak,x_437.634948730469_y_-45.1310272216797
218.534,platform_landed,437.634948730469,-9.0122241973877,0.0,0.0,land_on_platform,platform_scene-1/Tile Map/24_0_layer_Tile Map_tile_24_0_source_1_atlas_14_7
218.534,landed,437.634948730469,-9.0122241973877,0.0,0.0,land,surface_wood_impact_0.82314825439453
218.534,sonification,437.634948730469,-9.0122241973877,0.0,0.0,osc_received,"value_[1, ""cloud""]"
218.6,jump_input_pressed,437.634948730469,-9.0122241973877,0.0,0.0,Jump,pressed
218.6,jump_executed,437.634948730469,-9.0122241973877,0.0,-500.0,jump,x_437.634948730469_y_-9.0122241973877
218.651,jump_input_released,437.634948730469,-33.035327911377,0.0,-437.833282470703,Jump,released
218.75,jump_peak_reached,437.634948730469,-37.8269958496094,0.0,41.2037048339844,jump_peak,x_437.634948730469_y_-37.8269958496094
218.901,platform_landed,437.634948730469,-9.03407382965088,0.0,0.0,land_on_platform,platform_scene-1/Tile Map/24_0_layer_Tile Map_tile_24_0_source_1_atlas_14_7
218.901,landed,437.634948730469,-9.03407382965088,0.0,0.0,land,surface_wood_impact_0.74907415771484
218.903,sonification,437.634948730469,-9.03407382965088,0.0,0.0,osc_received,"value_[1, ""cloud""]"
219.0,jump_input_pressed,437.634948730469,-9.03407382965088,0.0,0.0,Jump,pressed
219.0,jump_executed,437.634948730469,-9.03407382965088,0.0,-500.0,jump,x_437.634948730469_y_-9.03407382965088
219.067,jump_input_released,437.634948730469,-40.3390846252441,0.0,-417.22216796875,Jump,released
219.167,jump_peak_reached,437.634948730469,-45.1307525634766,0.0,41.2037048339844,jump_peak,x_437.634948730469_y_-45.1307525634766
219.334,platform_landed,437.634948730469,-9.01194953918457,0.0,0.0,land_on_platform,platform_scene-1/Tile Map/24_0_layer_Tile Map_tile_24_0_source_1_atlas_14_7
219.334,landed,437.634948730469,-9.01194953918457,0.0,0.0,land,surface_wood_impact_0.82314825439453
219.334,sonification,437.634948730469,-9.01194953918457,0.0,0.0,osc_received,"value_[1, ""cloud""]"
219.375,jump_input_pressed,437.634948730469,-9.01194953918457,0.0,0.0,Jump,pressed
219.375,jump_executed,437.634948730469,-9.01194953918457,0.0,-500.0,jump,x_437.634948730469_y_-9.01194953918457
219.433,jump_input_released,437.634948730469,-40.3362159729004,0.0,-417.22216796875,Jump,released
219.534,jump_peak_reached,437.634948730469,-45.1278839111328,0.0,41.2037048339844,jump_peak,x_437.634948730469_y_-45.1278839111328
219.7,platform_landed,437.634948730469,-9.00908088684082,0.0,0.0,land_on_platform,platform_scene-1/Tile Map/24_0_layer_Tile Map_tile_24_0_source_1_atlas_14_7
219.7,landed,437.634948730469,-9.00908088684082,0.0,0.0,land,surface_wood_impact_0.82314825439453
219.701,sonification,437.634948730469,-9.00908088684082,0.0,0.0,osc_received,"value_[1, ""cloud""]"
219.787,jump_input_pressed,437.634948730469,-9.00908088684082,0.0,0.0,Jump,pressed
219.787,jump_executed,437.634948730469,-9.00908088684082,0.0,-500.0,jump,x_437.634948730469_y_-9.00908088684082
219.851,jump_input_released,437.634948730469,-40.3358459472656,0.0,-417.22216796875,Jump,released
219.951,jump_peak_reached,437.634948730469,-45.127513885498,0.0,41.2037048339844,jump_peak,x_437.634948730469_y_-45.127513885498
220.117,platform_landed,437.634948730469,-9.00871086120605,0.0,0.0,land_on_platform,platform_scene-1/Tile Map/24_0_layer_Tile Map_tile_24_0_source_1_atlas_14_7
220.117,landed,437.634948730469,-9.00871086120605,0.0,0.0,land,surface_wood_impact_0.82314825439453
220.118,sonification,437.634948730469,-9.00871086120605,0.0,0.0,osc_received,"value_[1, ""cloud""]"
220.233,move_right_pressed,437.634948730469,-9.00871086120605,33.3333320617676,0.0,Move_Right,pressed
220.734,move_left_pressed,459.801605224609,-9.06727886199951,-33.3333320617676,0.0,Move_Left,pressed
220.801,musicking,451.468292236328,-9.06727886199951,-166.666656494141,0.0,osc_received,"value_[1, ""chain-jumps-combo-walk""]"
220.885,musicking,436.468292236328,-9.06727886199951,-180.0,0.0,osc_received,"value_[1, ""chain-jumps-combo-walk""]"
221.008,move_right_pressed,431.634948730469,-9.06727886199951,33.3333320617676,0.0,Move_Right,pressed
221.417,move_right_pressed,441.357147216797,-9.07487010955811,33.3333320617676,0.0,Move_Right,pressed
221.568,musicking,464.690460205078,-9.07487010955811,180.0,0.0,osc_received,"value_[1, ""chain-jumps-combo-walk""]"
221.601,jump_input_pressed,467.690460205078,-9.07487010955811,180.0,0.0,Jump,pressed
221.601,jump_executed,467.690460205078,-9.07487010955811,180.0,-500.0,jump,x_467.690460205078_y_-9.07487010955811
221.818,jump_peak_reached,506.691925048828,-82.3132019042969,180.0,74.0740737915039,jump_peak,x_506.691925048828_y_-82.3132019042969
222.076,jump_input_released,536.425231933594,1.02013397216797,75.0,629.629699707031,Jump,released
222.167,platform_landed,543.536315917969,80.9511871337891,0.0,0.0,land_on_platform,platform_scene-1/Tile Map/30_5_layer_Tile Map_tile_30_5_source_1_atlas_3_0
222.167,landed,543.536315917969,80.9511871337891,0.0,0.0,land,surface_wood_impact_1.70370397949219
223.0,move_right_pressed,543.536315917969,80.9511871337891,33.3333320617676,0.0,Move_Right,pressed
223.117,jump_input_pressed,557.86962890625,80.9511871337891,180.0,0.0,Jump,pressed
223.117,jump_executed,557.86962890625,80.9511871337891,180.0,-500.0,jump,x_557.86962890625_y_80.9511871337891
223.449,jump_input_released,617.877197265625,-21.1901016235352,180.0,-94.9998931884766,Jump,released
223.55,jump_peak_reached,631.710510253906,-25.4817581176758,0.0,46.2038116455078,jump_peak,x_631.710510253906_y_-25.4817581176758
223.786,platform_landed,631.710510253906,44.964729309082,0.0,0.0,land_on_platform,platform_scene-1/Tile Map/35_3_layer_Tile Map_tile_35_3_source_1_atlas_13_0
223.786,landed,631.710510253906,44.964729309082,0.0,0.0,land,surface_wood_impact_1.12944482421875
223.936,jump_input_pressed,631.710510253906,44.964729309082,0.0,0.0,Jump,pressed
223.936,jump_executed,631.710510253906,44.964729309082,0.0,-500.0,jump,x_631.710510253906_y_44.964729309082
224.101,move_right_pressed,631.710510253906,-22.9830055236816,15.0,-294.722106933594,Move_Right,pressed
224.233,jump_input_released,640.710510253906,-53.0015068054199,135.0,-134.499893188477,Jump,released
224.333,jump_peak_reached,655.821594238281,-57.7931747436523,13.3333311080933,41.2037048339844,jump_peak,x_655.821594238281_y_-57.7931747436523
224.485,platform_landed,656.043823242188,-27.0007667541504,0.0,0.0,land_on_platform,platform_scene-1/Tile Map/36_-1_layer_Tile Map_tile_36_-1_source_1_atlas_13_7
224.485,landed,656.043823242188,-27.0007667541504,0.0,0.0,land,surface_wood_impact_0.74907415771484
224.487,sonification,656.043823242188,-27.0007667541504,0.0,0.0,osc_received,"value_[1, ""cloud""]"
224.685,move_left_pressed,656.043823242188,-27.0007667541504,-33.3333320617676,0.0,Move_Left,pressed
224.718,jump_input_pressed,654.377197265625,-27.0007667541504,-100.0,0.0,Jump,pressed
224.718,jump_executed,654.377197265625,-27.0007667541504,-100.0,-500.0,jump,x_654.377197265625_y_-27.0007667541504
225.016,jump_input_released,604.614501953125,-124.994255065918,-180.0,-134.499893188477,Jump,released
225.117,jump_peak_reached,586.614501953125,-129.785919189453,-180.0,41.2037048339844,jump_peak,x_586.614501953125_y_-129.785919189453
225.351,platform_landed,566.781188964844,-63.0332069396973,0.0,0.0,land_on_platform,platform_scene-1/Tile Map/31_-3_layer_Tile Map_tile_31_-3_source_1_atlas_2_0
225.351,landed,566.781188964844,-63.0332069396973,0.0,0.0,land,surface_wood_impact_1.11944458007812
225.516,jump_input_pressed,566.781188964844,-63.0332069396973,0.0,0.0,Jump,pressed
225.516,jump_executed,566.781188964844,-63.0332069396973,0.0,-500.0,jump,x_566.781188964844_y_-63.0332069396973
225.585,move_left_pressed,566.781188964844,-94.3389739990234,-15.0,-417.22216796875,Move_Left,pressed
225.867,jump_input_released,532.281188964844,-166.79362487793,-180.0,-75.3332214355469,Jump,released
225.95,jump_peak_reached,517.281188964844,-169.599166870117,-180.0,45.0371475219727,jump_peak,x_517.281188964844_y_-169.599166870117
226.117,coin_collected,487.281188964844,-134.315185546875,-180.0,378.370513916016,collect_coin,coin_coin9_score_10
226.151,platform_landed,479.670074462891,-117.066215515137,-96.6666641235352,0.0,land_on_platform,platform_scene-1/Tile Map/26_-6_layer_Tile Map_tile_26_-6_source_1_atlas_1_0
226.151,landed,479.670074462891,-117.066215515137,-96.6666641235352,0.0,land,surface_wood_impact_0.97896331787109
226.534,move_right_pressed,479.447845458984,-117.066215515137,33.3333320617676,0.0,Move_Right,pressed
226.833,jump_input_pressed,492.614501953125,-117.066215515137,0.0,0.0,Jump,pressed
226.833,jump_executed,492.614501953125,-117.066215515137,0.0,-500.0,jump,x_492.614501953125_y_-117.066215515137
226.867,move_right_pressed,492.614501953125,-133.397888183594,15.0,-458.499969482422,Move_Right,pressed
227.017,jump_input_released,503.864501953125,-189.908996582031,150.0,-274.499877929688,Jump,released
227.116,jump_peak_reached,521.114501953125,-194.700668334961,180.0,41.2037048339844,jump_peak,x_521.114501953125_y_-194.700668334961
227.334,platform_landed,537.947814941406,-135.004821777344,0.0,0.0,land_on_platform,platform_scene-1/Tile Map/29_-7_layer_Tile Map_tile_29_-7_source_1_atlas_0_0
227.334,landed,537.947814941406,-135.004821777344,0.0,0.0,land,surface_wood_impact_1.04537048339844
227.601,move_left_pressed,537.947814941406,-135.004821777344,-33.3333320617676,0.0,Move_Left,pressed
227.617,jump_input_pressed,537.392272949219,-135.004821777344,-66.6666641235352,0.0,Jump,pressed
227.617,jump_executed,537.392272949219,-135.004821777344,-66.6666641235352,-500.0,jump,x_537.392272949219_y_-135.004821777344
227.967,jump_input_released,482.495483398438,-238.788864135742,-180.0,-75.3332214355469,Jump,released
228.05,jump_peak_reached,474.662139892578,-241.59440612793,0.0,45.0371475219727,jump_peak,x_474.662139892578_y_-241.59440612793
228.2,platform_landed,474.662139892578,-207.00016784668,0.0,0.0,land_on_platform,platform_scene-1/Tile Map/26_-11_layer_Tile Map_tile_26_-11_source_1_atlas_3_0
228.201,landed,474.662139892578,-207.00016784668,0.0,0.0,land,surface_wood_impact_0.75674102783203
228.552,move_right_pressed,474.662139892578,-207.00016784668,33.3333320617676,0.0,Move_Right,pressed
228.552,jump_input_pressed,474.662139892578,-207.00016784668,33.3333320617676,0.0,Jump,pressed
228.552,jump_executed,474.662139892578,-207.00016784668,33.3333320617676,-500.0,jump,x_474.662139892578_y_-207.00016784668
228.986,jump_peak_reached,539.471984863281,-313.894500732422,180.0,39.8149261474609,jump_peak,x_539.471984863281_y_-313.894500732422
229.1,jump_input_released,560.471984863281,-296.286468505859,180.0,299.074188232422,Jump,released
229.184,platform_landed,568.305297851562,-258.002532958984,0.0,0.0,land_on_platform,platform_scene-1/Tile Map/31_-14_layer_Tile Map_tile_31_-14_source_1_atlas_18_3
229.184,landed,568.305297851562,-258.002532958984,0.0,0.0,land,surface_wood_impact_0.96851885986328
229.192,sonification,568.305297851562,-258.002532958984,0.0,0.0,osc_received,"value_[1, ""leaves""]"
229.517,jump_input_pressed,568.305297851562,-258.002532958984,0.0,0.0,Jump,pressed
229.517,jump_executed,568.305297851562,-258.002532958984,0.0,-500.0,jump,x_568.305297851562_y_-258.002532958984
229.767,move_left_pressed,568.305297851562,-347.210479736328,-15.0,-194.166549682617,Move_Left,pressed
229.95,jump_peak_reached,551.805297851562,-364.867858886719,-180.0,39.8149261474609,jump_peak,x_551.805297851562_y_-364.867858886719
230.0,jump_input_released,542.805297851562,-361.025268554688,-180.0,150.926040649414,Jump,released
230.051,platform_landed,537.971984863281,-351.021484375,0.0,0.0,land_on_platform,platform_scene-1/Tile Map/29_-19_layer_Tile Map_tile_29_-19_source_1_atlas_12_0
230.051,landed,537.971984863281,-351.021484375,0.0,0.0,land,surface_wood_impact_0.52407427978516
230.451,move_right_pressed,537.971984863281,-351.021484375,33.3333320617676,0.0,Move_Right,pressed
230.452,sonification,538.527526855469,-351.021484375,33.3333320617676,0.0,osc_received,"value_[1, ""mushrooms""]"
230.517,jump_input_pressed,543.527526855469,-351.068908691406,166.666656494141,0.0,Jump,pressed
230.517,jump_executed,543.527526855469,-351.068908691406,166.666656494141,-500.0,jump,x_543.527526855469_y_-351.068908691406
230.525,sonification,546.30712890625,-359.408721923828,166.666656494141,-500.055541992188,osc_received,"value_[1, ""mushrooms""]"
230.934,jump_input_released,618.30712890625,-457.949432373047,180.0,2.77788853645325,Jump,released
230.951,jump_peak_reached,621.30712890625,-457.903137207031,180.0,39.8149261474609,jump_peak,x_621.30712890625_y_-457.903137207031
231.033,coin_collected,629.140441894531,-448.412384033203,0.0,187.963073730469,collect_coin,coin_coin11_score_12
231.118,platform_landed,629.140441894531,-419.9912109375,0.0,0.0,land_on_platform,platform_scene-1/Tile Map/34_-23_layer_Tile Map_tile_34_-23_source_1_atlas_17_3
231.118,landed,629.140441894531,-419.9912109375,0.0,0.0,land,surface_wood_impact_0.82037066650391
231.125,sonification,629.140441894531,-419.9912109375,0.0,0.0,osc_received,"value_[1, ""leaves""]"
231.468,move_left_pressed,629.140441894531,-419.9912109375,-33.3333320617676,0.0,Move_Left,pressed
231.484,jump_input_pressed,628.585021972656,-420.052185058594,-66.6666641235352,0.0,Jump,pressed
231.484,jump_executed,628.585021972656,-420.052185058594,-66.6666641235352,-500.0,jump,x_628.585021972656_y_-420.052185058594
231.918,jump_peak_reached,558.6953125,-526.888610839844,-180.0,39.8149261474609,jump_peak,x_558.6953125_y_-526.888610839844
232.084,jump_input_released,528.6953125,-492.475036621094,-180.0,410.185333251953,Jump,released
232.185,platform_landed,507.702209472656,-438.063903808594,-180.0,0.0,land_on_platform,platform_scene-1/Tile Map/28_-24_layer_Tile Map_tile_28_-24_source_1_atlas_13_6
232.185,landed,507.702209472656,-438.063903808594,-180.0,0.0,land,surface_wood_impact_1.26481518554687
232.187,sonification,507.702209472656,-438.063903808594,-180.0,0.0,osc_received,"value_[1, ""water-tube""]"
232.968,move_left_pressed,469.868041992188,-438.052093505859,-33.3333320617676,0.0,Move_Left,pressed
234.016,jump_input_pressed,287.534729003906,-438.052093505859,-180.0,0.0,Jump,pressed
234.016,jump_executed,287.534729003906,-438.052093505859,-180.0,-500.0,jump,x_287.534729003906_y_-438.052093505859
234.084,jump_input_released,275.533569335938,-469.323822021484,-180.0,-417.22216796875,Jump,released
234.184,jump_peak_reached,257.533569335938,-474.115478515625,-180.0,41.2037048339844,jump_peak,x_257.533569335938_y_-474.115478515625
234.351,platform_landed,224.540725708008,-438.05859375,-180.0,0.0,land_on_platform,platform_scene-1/Tile Map/12_-24_layer_Tile Map_tile_12_-24_source_1_atlas_13_6
234.351,landed,224.540725708008,-438.05859375,-180.0,0.0,land,surface_wood_impact_0.82314825439453
234.351,sonification,224.540725708008,-438.05859375,-180.0,0.0,osc_received,"value_[1, ""water-tube""]"
234.417,jump_input_pressed,215.540740966797,-438.05859375,-180.0,0.0,Jump,pressed
234.417,jump_executed,215.540740966797,-438.05859375,-180.0,-500.0,jump,x_215.540740966797_y_-438.05859375
234.5,jump_input_released,200.540740966797,-476.285461425781,-180.0,-396.666595458984,Jump,released
234.6,jump_peak_reached,182.540740966797,-481.077117919922,-180.0,41.2037048339844,jump_peak,x_182.540740966797_y_-481.077117919922
234.784,platform_landed,146.548049926758,-438.065216064453,-180.0,0.0,land_on_platform,platform_scene-1/Tile Map/8_-24_layer_Tile Map_tile_8_-24_source_1_atlas_13_6
234.784,landed,146.548049926758,-438.065216064453,-180.0,0.0,land,surface_wood_impact_0.89722235107422
234.792,sonification,146.548049926758,-438.065216064453,-180.0,0.0,osc_received,"value_[1, ""water-tube""]"
236.134,move_right_pressed,-63.9250869750977,-438.058319091797,33.3333320617676,0.0,Move_Right,pressed
237.902,move_left_pressed,174.242797851562,-438.052459716797,-33.3333320617676,0.0,Move_Left,pressed
239.168,move_right_pressed,-27.9239082336426,-438.063934326172,33.3333320617676,0.0,Move_Right,pressed
242.667,move_left_pressed,513.245544433594,-438.052459716797,-33.3333320617676,0.0,Move_Left,pressed
242.967,move_right_pressed,488.078643798828,-438.052459716797,33.3333320617676,0.0,Move_Right,pressed
243.434,move_left_pressed,546.311889648438,-421.740509033203,-15.0,296.296295166016,Move_Left,pressed
243.584,platform_landed,536.821716308594,-351.066833496094,-121.724044799805,0.0,land_on_platform,platform_scene-1/Tile Map/29_-19_layer_Tile Map_tile_29_-19_source_1_atlas_12_0
243.584,landed,536.821716308594,-351.066833496094,-121.724044799805,0.0,land,surface_wood_impact_1.25925939941406
243.587,sonification,536.821716308594,-351.066833496094,-121.724044799805,0.0,osc_received,"value_[1, ""mushrooms""]"
243.692,sonification,526.404113769531,-351.066833496094,0.0,0.0,osc_received,"value_[1, ""mushrooms""]"
243.985,move_right_pressed,526.404113769531,-351.066833496094,33.3333320617676,0.0,Move_Right,pressed
243.992,sonification,526.959655761719,-351.066833496094,33.3333320617676,0.0,osc_received,"value_[1, ""mushrooms""]"
244.084,jump_input_pressed,537.737426757812,-351.066833496094,180.0,0.0,Jump,pressed
244.084,jump_executed,537.737426757812,-351.066833496094,180.0,-500.0,jump,x_537.737426757812_y_-351.066833496094
244.092,sonification,540.739990234375,-359.408142089844,180.0,-500.055541992188,osc_received,"value_[1, ""mushrooms""]"
244.434,jump_input_released,600.739990234375,-454.796997070312,180.0,-75.3332214355469,Jump,released
244.521,jump_peak_reached,615.739990234375,-457.6025390625,180.0,45.0371475219727,jump_peak,x_615.739990234375_y_-457.6025390625
244.684,platform_landed,620.573303222656,-420.019775390625,0.0,0.0,land_on_platform,platform_scene-1/Tile Map/34_-23_layer_Tile Map_tile_34_-23_source_1_atlas_17_3
244.684,landed,620.573303222656,-420.019775390625,0.0,0.0,land,surface_wood_impact_0.83081512451172
244.685,sonification,620.573303222656,-420.019775390625,0.0,0.0,osc_received,"value_[1, ""leaves""]"
244.867,move_right_pressed,620.573303222656,-420.019775390625,33.3333320617676,0.0,Move_Right,pressed
244.883,jump_input_pressed,621.12890625,-420.0703125,66.6666641235352,0.0,Jump,pressed
244.883,jump_executed,621.12890625,-420.0703125,66.6666641235352,-500.0,jump,x_621.12890625_y_-420.0703125
245.317,jump_peak_reached,691.018493652344,-526.905395507812,180.0,39.8149261474609,jump_peak,x_691.018493652344_y_-526.905395507812
245.367,jump_input_released,700.018493652344,-523.062805175781,180.0,150.926040649414,Jump,released
245.467,platform_landed,707.851806640625,-495.018341064453,0.0,0.0,land_on_platform,platform_scene-1/Tile Map/39_-27_layer_Tile Map_tile_39_-27_source_1_atlas_2_0
245.468,landed,707.851806640625,-495.018341064453,0.0,0.0,land,surface_wood_impact_0.74629656982422
246.067,move_right_pressed,707.851806640625,-495.018341064453,33.3333320617676,0.0,Move_Right,pressed
246.217,jump_input_pressed,728.185119628906,-495.018341064453,180.0,0.0,Jump,pressed
246.217,jump_executed,728.185119628906,-495.018341064453,180.0,-500.0,jump,x_728.185119628906_y_-495.018341064453
246.417,jump_peak_reached,751.439270019531,-553.641296386719,25.6447486877441,47.1507682800293,jump_peak,x_751.439270019531_y_-553.641296386719
246.617,jump_input_released,772.891723632812,-503.469024658203,180.0,491.595275878906,Jump,released
247.134,platform_landed,828.725036621094,44.9249305725098,0.0,0.0,land_on_platform,platform_scene-1/Tile Map/45_3_layer_Tile Map_tile_45_3_source_1_atlas_13_0
247.134,landed,828.725036621094,44.9249305725098,0.0,0.0,land,surface_wood_impact_3.27948559570312
248.051,move_left_pressed,828.725036621094,44.9249305725098,-33.3333320617676,0.0,Move_Left,pressed
248.059,sonification,828.169494628906,44.9249305725098,-33.3333320617676,0.0,osc_received,"value_[1, ""mushrooms""]"
248.511,jump_input_pressed,754.391723632812,44.9249305725098,-180.0,0.0,Jump,pressed
248.512,jump_executed,754.391723632812,44.9249305725098,-180.0,-500.0,jump,x_754.391723632812_y_44.9249305725098
248.512,sonification,751.391479492188,36.5899505615234,-180.0,-500.055541992188,osc_received,"value_[1, ""mushrooms""]"
248.834,jump_input_released,694.391479492188,-57.1961288452148,-180.0,-94.9998931884766,Jump,released
248.934,jump_peak_reached,676.391479492188,-61.4877853393555,-180.0,46.2038116455078,jump_peak,x_676.391479492188_y_-61.4877853393555
249.084,platform_landed,659.558166503906,-27.0348091125488,0.0,0.0,land_on_platform,platform_scene-1/Tile Map/36_-1_layer_Tile Map_tile_36_-1_source_1_atlas_13_7
249.084,landed,659.558166503906,-27.0348091125488,0.0,0.0,land,surface_wood_impact_0.75907434082031
249.092,sonification,659.558166503906,-27.0348091125488,0.0,0.0,osc_received,"value_[1, ""cloud""]"
249.202,move_left_pressed,659.558166503906,-27.0348091125488,-33.3333320617676,0.0,Move_Left,pressed
249.235,jump_input_pressed,657.891540527344,-27.0348091125488,-100.0,0.0,Jump,pressed
249.235,jump_executed,657.891540527344,-27.0348091125488,-100.0,-500.0,jump,x_657.891540527344_y_-27.0348091125488
249.551,jump_input_released,605.134521484375,-127.259063720703,-180.0,-114.722114562988,Jump,released
249.65,jump_peak_reached,587.134521484375,-132.050735473633,-96.6666641235352,41.2037048339844,jump_peak,x_587.134521484375_y_-132.050735473633
249.885,platform_landed,585.301208496094,-63.0205192565918,0.0,0.0,land_on_platform,platform_scene-1/Tile Map/32_-3_layer_Tile Map_tile_32_-3_source_1_atlas_3_0
249.885,landed,585.301208496094,-63.0205192565918,0.0,0.0,land,surface_wood_impact_1.11944458007812
250.035,move_left_pressed,585.301208496094,-63.0205192565918,-33.3333320617676,0.0,Move_Left,pressed
250.052,jump_input_pressed,584.745666503906,-63.0205192565918,-66.6666641235352,0.0,Jump,pressed
250.052,jump_executed,584.745666503906,-63.0205192565918,-66.6666641235352,-500.0,jump,x_584.745666503906_y_-63.0205192565918
250.35,jump_input_released,538.850646972656,-160.99853515625,-180.0,-134.499893188477,Jump,released
250.45,jump_peak_reached,531.017333984375,-165.79020690918,0.0,41.2037048339844,jump_peak,x_531.017333984375_y_-165.79020690918
250.601,platform_landed,531.017333984375,-135.022201538086,0.0,0.0,land_on_platform,platform_scene-1/Tile Map/29_-7_layer_Tile Map_tile_29_-7_source_1_atlas_0_0
250.601,landed,531.017333984375,-135.022201538086,0.0,0.0,land,surface_wood_impact_0.74907415771484
250.75,move_left_pressed,531.017333984375,-135.022201538086,-33.3333320617676,0.0,Move_Left,pressed
250.767,jump_input_pressed,530.461791992188,-135.022201538086,-66.6666641235352,0.0,Jump,pressed
250.767,jump_executed,530.461791992188,-135.022201538086,-66.6666641235352,-500.0,jump,x_530.461791992188_y_-135.022201538086
251.1,jump_input_released,478.566955566406,-237.188583374023,-180.0,-94.9998931884766,Jump,released
251.209,jump_peak_reached,467.733612060547,-241.480239868164,0.0,46.2038116455078,jump_peak,x_467.733612060547_y_-241.480239868164
251.351,platform_landed,467.733612060547,-207.027252197266,0.0,0.0,land_on_platform,platform_scene-1/Tile Map/25_-11_layer_Tile Map_tile_25_-11_source_1_atlas_2_0
251.351,landed,467.733612060547,-207.027252197266,0.0,0.0,land,surface_wood_impact_0.75907434082031
251.418,move_right_pressed,467.733612060547,-207.027252197266,33.3333320617676,0.0,Move_Right,pressed
251.477,jump_input_pressed,473.289581298828,-207.071502685547,166.666656494141,0.0,Jump,pressed
251.477,jump_executed,473.289581298828,-207.071502685547,166.666656494141,-500.0,jump,x_473.289581298828_y_-207.071502685547
251.784,jump_input_released,530.068542480469,-307.264770507812,180.0,-114.722114562988,Jump,released
251.884,jump_peak_reached,548.068542480469,-312.056427001953,180.0,41.2037048339844,jump_peak,x_548.068542480469_y_-312.056427001953
252.086,platform_landed,576.90185546875,-258.047698974609,0.0,0.0,land_on_platform,platform_scene-1/Tile Map/32_-14_layer_Tile Map_tile_32_-14_source_1_atlas_19_3
252.086,landed,576.90185546875,-258.047698974609,0.0,0.0,land,surface_wood_impact_0.97129644775391
252.087,sonification,576.90185546875,-258.047698974609,0.0,0.0,osc_received,"value_[1, ""leaves""]"
252.352,move_right_pressed,576.90185546875,-258.047698974609,33.3333320617676,0.0,Move_Right,pressed
252.435,jump_input_pressed,585.236450195312,-258.017333984375,180.0,0.0,Jump,pressed
252.435,jump_executed,585.236450195312,-258.017333984375,180.0,-500.0,jump,x_585.236450195312_y_-258.017333984375
252.852,jump_input_released,660.246887207031,-364.921234130859,180.0,2.77788853645325,Jump,released
252.876,jump_peak_reached,663.246887207031,-364.874938964844,180.0,39.8149261474609,jump_peak,x_663.246887207031_y_-364.874938964844
252.968,platform_landed,668.080200195312,-348.051635742188,0.0,0.0,land_on_platform,platform_scene-1/Tile Map/37_-19_layer_Tile Map_tile_37_-19_source_1_atlas_19_3
252.968,landed,668.080200195312,-348.051635742188,0.0,0.0,land,surface_wood_impact_0.52407427978516
252.968,sonification,668.080200195312,-348.051635742188,0.0,0.0,osc_received,"value_[1, ""leaves""]"
253.268,jump_input_pressed,668.080200195312,-348.051635742188,0.0,0.0,Jump,pressed
253.268,jump_executed,668.080200195312,-348.051635742188,0.0,-500.0,jump,x_668.080200195312_y_-348.051635742188
253.3,move_left_pressed,668.080200195312,-364.422973632812,-15.0,-458.499969482422,Move_Left,pressed
253.584,jump_input_released,633.580200195312,-448.289611816406,-180.0,-114.722114562988,Jump,released
253.684,jump_peak_reached,622.746887207031,-453.081268310547,0.0,41.2037048339844,jump_peak,x_622.746887207031_y_-453.081268310547
253.834,platform_landed,622.746887207031,-420.021148681641,0.0,0.0,land_on_platform,platform_scene-1/Tile Map/34_-23_layer_Tile Map_tile_34_-23_source_1_atlas_17_3
253.834,landed,622.746887207031,-420.021148681641,0.0,0.0,land,surface_wood_impact_0.74907415771484
253.834,sonification,622.746887207031,-420.021148681641,0.0,0.0,osc_received,"value_[1, ""leaves""]"
253.985,move_right_pressed,622.746887207031,-420.021148681641,33.3333320617676,0.0,Move_Right,pressed
254.05,jump_input_pressed,628.302490234375,-419.986236572266,166.666656494141,0.0,Jump,pressed
254.051,jump_executed,628.302490234375,-419.986236572266,166.666656494141,-500.0,jump,x_628.302490234375_y_-419.986236572266
254.401,jump_input_released,691.100036621094,-523.768676757812,180.0,-75.3332214355469,Jump,released
254.485,jump_peak_reached,706.100036621094,-526.574157714844,180.0,45.0371475219727,jump_peak,x_706.100036621094_y_-526.574157714844
254.634,platform_landed,713.933349609375,-495.009887695312,0.0,0.0,land_on_platform,platform_scene-1/Tile Map/39_-27_layer_Tile Map_tile_39_-27_source_1_atlas_2_0
254.634,landed,713.933349609375,-495.009887695312,0.0,0.0,land,surface_wood_impact_0.75674102783203
255.034,move_right_pressed,713.933349609375,-495.009887695312,33.3333320617676,0.0,Move_Right,pressed
255.335,move_right_pressed,714.488891601562,-495.009887695312,33.3333320617676,0.0,Move_Right,pressed
255.734,move_right_pressed,724.211120605469,-495.009887695312,33.3333320617676,0.0,Move_Right,pressed
255.776,jump_input_pressed,725.877746582031,-495.009887695312,100.0,0.0,Jump,pressed
255.776,jump_executed,725.877746582031,-495.009887695312,100.0,-500.0,jump,x_725.877746582031_y_-495.009887695312
256.201,jump_peak_reached,769.425231933594,-601.893798828125,180.0,39.8149261474609,jump_peak,x_769.425231933594_y_-601.893798828125
256.234,jump_input_released,775.425231933594,-599.949340820312,180.0,113.889007568359,Jump,released
256.301,platform_landed,786.258483886719,-585.066345214844,13.3333311080933,0.0,land_on_platform,platform_scene-1/Tile Map/43_-32_layer_Tile Map_tile_43_-32_source_1_atlas_2_0
256.301,landed,786.258483886719,-585.066345214844,13.3333311080933,0.0,land,surface_wood_impact_0.52407427978516
256.468,move_right_pressed,786.258483886719,-585.066345214844,33.3333320617676,0.0,Move_Right,pressed
256.967,coin_collected,853.439086914062,-479.266632080078,0.0,666.666748046875,collect_coin,coin_coin16_score_14
256.968,platform_landed,853.439086914062,-473.998016357422,0.0,0.0,land_on_platform,platform_scene-1/Tile Map/47_-26_layer_Tile Map_tile_47_-26_source_1_atlas_13_6
256.968,landed,853.439086914062,-473.998016357422,0.0,0.0,land,surface_wood_impact_1.40740759277344
256.97,sonification,853.439086914062,-473.998016357422,0.0,0.0,osc_received,"value_[1, ""water-tube""]"
257.309,move_right_pressed,853.439086914062,-473.998016357422,33.3333320617676,0.0,Move_Right,pressed
257.417,coin_collected,867.7724609375,-474.071502685547,180.0,0.0,collect_coin,coin_coin17_score_16
257.617,coin_collected,903.772583007812,-474.070709228516,180.0,0.0,collect_coin,coin_coin18_score_18
257.817,coin_collected,939.772705078125,-474.070709228516,180.0,0.0,collect_coin,coin_coin19_score_20
258.352,move_right_pressed,1019.60632324219,-474.054412841797,33.3333320617676,0.0,Move_Right,pressed
258.484,jump_input_pressed,1036.93969726562,-474.054412841797,180.0,0.0,Jump,pressed
258.484,jump_executed,1036.93969726562,-474.054412841797,180.0,-500.0,jump,x_1036.93969726562_y_-474.054412841797
258.901,jump_input_released,1037.92529296875,-580.931701660156,15.0,2.77788853645325,Jump,released
258.917,jump_peak_reached,1037.92529296875,-580.885375976562,15.0,39.8149261474609,jump_peak,x_1037.92529296875_y_-580.885375976562
259.219,platform_landed,1037.99914550781,-474.061981201172,15.0,0.0,land_on_platform,platform_scene-1/Tile Map/58_-27_layer_Tile Map_tile_58_-27_source_1_atlas_0_6
259.219,landed,1037.99914550781,-474.061981201172,15.0,0.0,land,surface_wood_impact_1.41296337890625
259.22,sonification,1037.99914550781,-474.061981201172,15.0,0.0,osc_received,"value_[1, ""water-tube""]"
259.367,jump_input_pressed,1037.99914550781,-473.988830566406,33.3333320617676,0.0,Jump,pressed
259.367,jump_executed,1037.99914550781,-473.988830566406,33.3333320617676,-500.0,jump,x_1037.99914550781_y_-473.988830566406
259.519,jump_input_released,1037.92529296875,-536.6416015625,15.0,-314.999908447266,Jump,released
259.617,jump_peak_reached,1037.92407226562,-541.43310546875,15.0,41.2037048339844,jump_peak,x_1037.92407226562_y_-541.43310546875
259.852,platform_landed,1037.99951171875,-474.061920166016,15.0,0.0,land_on_platform,platform_scene-1/Tile Map/58_-27_layer_Tile Map_tile_58_-27_source_1_atlas_0_6
259.853,landed,1037.99951171875,-474.061920166016,15.0,0.0,land,surface_wood_impact_1.11944458007812
259.853,sonification,1037.99951171875,-474.061920166016,15.0,0.0,osc_received,"value_[1, ""water-tube""]"
259.969,jump_input_pressed,1037.99951171875,-473.988830566406,33.3333320617676,0.0,Jump,pressed
259.969,jump_executed,1037.99951171875,-473.988830566406,33.3333320617676,-500.0,jump,x_1037.99951171875_y_-473.988830566406
260.084,jump_input_released,1037.92529296875,-525.108276367188,15.0,-355.722137451172,Jump,released
260.184,jump_peak_reached,1037.92529296875,-529.89990234375,15.0,41.2037048339844,jump_peak,x_1037.92529296875_y_-529.89990234375
260.385,platform_landed,1037.92565917969,-474.055938720703,15.0,0.0,land_on_platform,platform_scene-1/Tile Map/57_-26_layer_Tile Map_tile_57_-26_source_1_atlas_13_6
260.385,landed,1037.92565917969,-474.055938720703,15.0,0.0,land,surface_wood_impact_0.97129644775391
260.387,sonification,1037.92565917969,-474.055938720703,15.0,0.0,osc_received,"value_[1, ""water-tube""]"
260.55,move_left_pressed,1037.92565917969,-474.055938720703,-33.3333320617676,0.0,Move_Left,pressed
261.451,jump_input_pressed,882.588134765625,-474.052093505859,-180.0,0.0,Jump,pressed
261.452,jump_executed,882.588134765625,-474.052093505859,-180.0,-500.0,jump,x_882.588134765625_y_-474.052093505859
261.884,jump_peak_reached,817.449829101562,-580.886779785156,-18.3335876464844,39.8149261474609,jump_peak,x_817.449829101562_y_-580.886779785156
261.968,jump_input_released,818.074768066406,-571.660278320312,-15.0,225.000106811523,Jump,released
262.168,platform_landed,818.074768066406,-475.001739501953,0.0,0.0,land_on_platform,platform_scene-1/Tile Map/45_-26_layer_Tile Map_tile_45_-26_source_1_atlas_14_6
262.168,landed,818.074768066406,-475.001739501953,0.0,0.0,land,surface_wood_impact_1.33888928222656
262.168,sonification,818.074768066406,-475.001739501953,0.0,0.0,osc_received,"value_[1, ""water-tube""]"
262.618,jump_input_pressed,818.074768066406,-475.001739501953,0.0,0.0,Jump,pressed
262.618,jump_executed,818.074768066406,-475.001739501953,0.0,-500.0,jump,x_818.074768066406_y_-475.001739501953
262.634,jump_peak_reached,818.074768066406,-483.384887695312,0.0,-479.222198486328,jump_peak,x_818.074768066406_y_-483.384887695312
263.201,jump_input_released,818.074768066406,-553.684814453125,0.0,373.148284912109,Jump,released
263.351,platform_landed,818.074768066406,-474.995849609375,0.0,0.0,land_on_platform,platform_scene-1/Tile Map/45_-26_layer_Tile Map_tile_45_-26_source_1_atlas_14_6
263.351,landed,818.074768066406,-474.995849609375,0.0,0.0,land,surface_wood_impact_1.41296337890625
263.359,sonification,818.074768066406,-474.995849609375,0.0,0.0,osc_received,"value_[1, ""water-tube""]"
263.634,move_right_pressed,818.074768066406,-474.995849609375,33.3333320617676,0.0,Move_Right,pressed
264.168,move_left_pressed,843.272094726562,-474.041595458984,-33.3333320617676,0.0,Move_Left,pressed
264.418,jump_input_pressed,805.501342773438,-474.205993652344,-180.0,74.0740737915039,Jump,pressed
264.419,jump_executed,805.501342773438,-474.205993652344,-180.0,-500.0,jump,x_805.501342773438_y_-474.205993652344
264.642,jump_peak_reached,766.499877929688,-550.315002441406,-180.0,74.0740737915039,jump_peak,x_766.499877929688_y_-550.315002441406
264.785,jump_input_released,739.499877929688,-516.981689453125,-180.0,407.407440185547,Jump,released
264.818,platform_landed,730.499877929688,-495.066253662109,-180.0,0.0,land_on_platform,platform_scene-1/Tile Map/40_-27_layer_Tile Map_tile_40_-27_source_1_atlas_3_0
264.818,landed,730.499877929688,-495.066253662109,-180.0,0.0,land,surface_wood_impact_0.96296307373047
265.267,move_right_pressed,704.666564941406,-495.066253662109,33.3333320617676,0.0,Move_Right,pressed
265.384,jump_input_pressed,718.999877929688,-495.066253662109,180.0,0.0,Jump,pressed
265.384,jump_executed,718.999877929688,-495.066253662109,180.0,-500.0,jump,x_718.999877929688_y_-495.066253662109
265.752,jump_input_released,758.925231933594,-600.072814941406,135.0,-55.722110748291,Jump,released
265.817,jump_peak_reached,762.036315917969,-601.704284667969,0.0,43.8149261474609,jump_peak,x_762.036315917969_y_-601.704284667969
265.923,platform_landed,762.036315917969,-585.015197753906,0.0,0.0,land_on_platform,platform_scene-1/Tile Map/42_-32_layer_Tile Map_tile_42_-32_source_1_atlas_1_0
265.923,landed,762.036315917969,-585.015197753906,0.0,0.0,land,surface_wood_impact_0.53207427978516
266.193,move_left_pressed,762.036315917969,-585.015197753906,-33.3333320617676,0.0,Move_Left,pressed
266.193,jump_input_pressed,762.036315917969,-585.015197753906,-33.3333320617676,0.0,Jump,pressed
266.193,jump_executed,762.036315917969,-585.015197753906,-33.3333320617676,-500.0,jump,x_762.036315917969_y_-585.015197753906
266.618,jump_peak_reached,697.227355957031,-691.896545410156,-180.0,39.8149261474609,jump_peak,x_697.227355957031_y_-691.896545410156
266.618,jump_input_released,697.227355957031,-691.896545410156,-180.0,39.8149261474609,Jump,released
266.901,coin_collected,646.227355957031,-596.6650390625,-180.0,632.407592773438,collect_coin,coin_coin15_score_22
266.918,platform_landed,640.227355957031,-585.067077636719,-180.0,0.0,land_on_platform,platform_scene-1/Tile Map/35_-32_layer_Tile Map_tile_35_-32_source_1_atlas_1_0
266.919,landed,640.227355957031,-585.067077636719,-180.0,0.0,land,surface_wood_impact_1.41296337890625
267.651,move_left_pressed,638.39404296875,-585.067077636719,-33.3333320617676,0.0,Move_Left,pressed
267.668,jump_input_pressed,638.001220703125,-585.000671386719,-33.3333320617676,0.0,Jump,pressed
267.668,jump_executed,638.001220703125,-585.000671386719,-33.3333320617676,-500.0,jump,x_638.001220703125_y_-585.000671386719
267.744,jump_input_released,637.32470703125,-616.269226074219,-45.0,-417.22216796875,Jump,released
267.834,jump_peak_reached,634.32470703125,-621.060913085938,0.0,41.2037048339844,jump_peak,x_634.32470703125_y_-621.060913085938
267.952,platform_landed,634.32470703125,-602.185607910156,0.0,0.0,land_on_platform,platform_scene-1/Tile Map/34_-33_layer_Tile Map_tile_34_-33_source_1_atlas_0_0
267.952,landed,634.32470703125,-602.185607910156,0.0,0.0,land,surface_wood_impact_0.60092596435547
268.301,move_left_pressed,634.32470703125,-602.185607910156,-33.3333320617676,0.0,Move_Left,pressed
268.317,jump_input_pressed,633.901245117188,-602.448547363281,-66.6666641235352,0.0,Jump,pressed
268.317,jump_executed,633.901245117188,-602.448547363281,-66.6666641235352,-500.0,jump,x_633.901245117188_y_-602.448547363281
268.551,jump_input_released,600.012084960938,-688.040100097656,-180.0,-214.166549682617,Jump,released
268.651,jump_peak_reached,582.012084960938,-692.831787109375,-180.0,41.2037048339844,jump_peak,x_582.012084960938_y_-692.831787109375
268.951,platform_landed,550.178771972656,-585.012329101562,0.0,0.0,land_on_platform,platform_scene-1/Tile Map/30_-32_layer_Tile Map_tile_30_-32_source_1_atlas_2_0
268.951,landed,550.178771972656,-585.012329101562,0.0,0.0,land,surface_wood_impact_1.41574096679688
269.242,move_left_pressed,550.178771972656,-585.012329101562,-33.3333320617676,0.0,Move_Left,pressed
269.3,jump_input_pressed,544.623229980469,-585.012329101562,-166.666656494141,0.0,Jump,pressed
269.301,jump_executed,544.623229980469,-585.012329101562,-166.666656494141,-500.0,jump,x_544.623229980469_y_-585.012329101562
269.634,jump_input_released,484.828857421875,-687.182556152344,-180.0,-94.9998931884766,Jump,released
269.733,jump_peak_reached,466.828857421875,-691.474243164062,-180.0,46.2038116455078,jump_peak,x_466.828857421875_y_-691.474243164062
270.052,platform_landed,437.995513916016,-564.013000488281,0.0,0.0,land_on_platform,platform_scene-1/Tile Map/24_-31_layer_Tile Map_tile_24_-31_source_1_atlas_13_6
270.052,landed,437.995513916016,-564.013000488281,0.0,0.0,land,surface_wood_impact_1.49981530761719
270.053,sonification,437.995513916016,-564.013000488281,0.0,0.0,osc_received,"value_[1, ""water-tube""]"
270.367,move_left_pressed,437.995513916016,-564.013000488281,-33.3333320617676,0.0,Move_Left,pressed
270.401,jump_input_pressed,436.328918457031,-564.063781738281,-100.0,0.0,Jump,pressed
270.401,jump_executed,436.328918457031,-564.063781738281,-100.0,-500.0,jump,x_436.328918457031_y_-564.063781738281
270.834,jump_peak_reached,362.577484130859,-670.89990234375,-180.0,39.8149261474609,jump_peak,x_362.577484130859_y_-670.89990234375
270.9,jump_input_released,350.577484130859,-664.541870117188,-180.0,187.963073730469,Jump,released
271.101,platform_landed,311.584503173828,-582.061889648438,-180.0,0.0,land_on_platform,platform_scene-1/Tile Map/17_-32_layer_Tile Map_tile_17_-32_source_1_atlas_13_6
271.101,landed,311.584503173828,-582.061889648438,-180.0,0.0,land,surface_wood_impact_1.26481518554687
271.102,sonification,311.584503173828,-582.061889648438,-180.0,0.0,osc_received,"value_[1, ""water-tube""]"
271.568,move_left_pressed,306.751190185547,-582.061889648438,-33.3333320617676,0.0,Move_Left,pressed
271.642,jump_input_pressed,301.195922851562,-582.097534179688,-166.666656494141,0.0,Jump,pressed
271.642,jump_executed,301.195922851562,-582.097534179688,-166.666656494141,-500.0,jump,x_301.195922851562_y_-582.097534179688
272.078,jump_peak_reached,223.412780761719,-688.942260742188,-180.0,39.8149261474609,jump_peak,x_223.412780761719_y_-688.942260742188
272.078,jump_input_released,223.412780761719,-688.942260742188,-180.0,39.8149261474609,Jump,released
272.375,platform_landed,185.579437255859,-582.0244140625,0.0,0.0,land_on_platform,platform_scene-1/Tile Map/10_-32_layer_Tile Map_tile_10_-32_source_1_atlas_13_6
272.375,landed,185.579437255859,-582.0244140625,0.0,0.0,land,surface_wood_impact_1.41296337890625
272.376,sonification,185.579437255859,-582.0244140625,0.0,0.0,osc_received,"value_[1, ""water-tube""]"
272.652,move_left_pressed,185.579437255859,-582.0244140625,-33.3333320617676,0.0,Move_Left,pressed
272.685,jump_input_pressed,183.912811279297,-582.065673828125,-100.0,0.0,Jump,pressed
272.685,jump_executed,183.912811279297,-582.065673828125,-100.0,-500.0,jump,x_183.912811279297_y_-582.065673828125
273.076,jump_input_released,119.161514282227,-688.021057128906,-180.0,-36.1665573120117,Jump,released
273.117,jump_peak_reached,110.161514282227,-688.787719726562,-180.0,42.5371475219727,jump_peak,x_110.161514282227_y_-688.787719726562
273.384,coin_collected,90.3281784057617,-603.370422363281,0.0,598.0927734375,collect_coin,coin_coin20_score_24
273.401,platform_landed,90.3281784057617,-585.039245605469,0.0,0.0,land_on_platform,platform_scene-1/Tile Map/4_-32_layer_Tile Map_tile_4_-32_source_1_atlas_2_0
273.401,landed,90.3281784057617,-585.039245605469,0.0,0.0,land,surface_wood_impact_1.34433374023437
273.752,move_left_pressed,90.3281784057617,-585.039245605469,-33.3333320617676,0.0,Move_Left,pressed
273.767,jump_input_pressed,89.7726211547852,-585.039245605469,-66.6666641235352,0.0,Jump,pressed
273.767,jump_executed,89.7726211547852,-585.039245605469,-66.6666641235352,-500.0,jump,x_89.7726211547852_y_-585.039245605469
273.852,jump_input_released,81.7128524780273,-623.297546386719,-141.666656494141,-396.666595458984,Jump,released
273.951,jump_peak_reached,66.2683944702148,-628.089233398438,-13.3333311080933,41.2037048339844,jump_peak,x_66.2683944702148_y_-628.089233398438
274.134,platform_landed,66.0461730957031,-585.022033691406,0.0,0.0,land_on_platform,platform_scene-1/Tile Map/3_-32_layer_Tile Map_tile_3_-32_source_1_atlas_1_0
274.134,landed,66.0461730957031,-585.022033691406,0.0,0.0,land,surface_wood_impact_0.89722235107422
274.151,move_left_pressed,66.0461730957031,-585.022033691406,-33.3333320617676,0.0,Move_Left,pressed
274.517,move_left_pressed,62.0747413635254,-585.069030761719,-33.3333320617676,0.0,Move_Left,pressed
274.517,jump_input_pressed,62.0747413635254,-585.069030761719,-33.3333320617676,0.0,Jump,pressed
274.517,jump_executed,62.0747413635254,-585.069030761719,-33.3333320617676,-500.0,jump,x_62.0747413635254_y_-585.069030761719
274.585,jump_input_released,61.3247184753418,-616.337585449219,0.0,-417.22216796875,Jump,released
274.684,jump_peak_reached,61.3247184753418,-621.129272460938,0.0,41.2037048339844,jump_peak,x_61.3247184753418_y_-621.129272460938
274.852,move_left_pressed,63.3075942993164,-587.189758300781,-15.0,411.574127197266,Move_Left,pressed
274.852,platform_landed,63.0575942993164,-585.066467285156,-15.0,0.0,land_on_platform,platform_scene-1/Tile Map/3_-32_layer_Tile Map_tile_3_-32_source_1_atlas_1_0
274.852,landed,63.0575942993164,-585.066467285156,-15.0,0.0,land,surface_wood_impact_0.82314825439453
275.134,jump_input_pressed,62.0748519897461,-585.066284179688,0.0,0.0,Jump,pressed
275.134,jump_executed,62.0748519897461,-585.066284179688,0.0,-500.0,jump,x_62.0748519897461_y_-585.066284179688
275.176,move_left_pressed,62.075984954834,-601.389465332031,-15.0,-458.499969482422,Move_Left,pressed
275.242,jump_input_released,59.575984954834,-629.909790039062,-75.0,-376.166595458984,Jump,released
275.342,jump_peak_reached,52.4648742675781,-634.701477050781,0.0,41.2037048339844,jump_peak,x_52.4648742675781_y_-634.701477050781
275.485,platform_landed,52.4648742675781,-603.006896972656,0.0,0.0,land_on_platform,platform_scene-1/Tile Map/2_-33_layer_Tile Map_tile_2_-33_source_1_atlas_0_0
275.485,landed,52.4648742675781,-603.006896972656,0.0,0.0,land,surface_wood_impact_0.74907415771484
275.786,move_left_pressed,52.4648742675781,-603.006896972656,-33.3333320617676,0.0,Move_Left,pressed
275.842,jump_input_pressed,49.1315383911133,-603.006896972656,-133.33332824707,0.0,Jump,pressed
275.842,jump_executed,49.1315383911133,-603.006896972656,-133.33332824707,-500.0,jump,x_49.1315383911133_y_-603.006896972656
275.951,jump_input_released,29.727668762207,-654.182495117188,-180.0,-355.722137451172,Jump,released
276.054,jump_peak_reached,11.727668762207,-658.974182128906,-180.0,41.2037048339844,jump_peak,x_11.727668762207_y_-658.974182128906
276.185,platform_landed,6.89433526992798,-636.05908203125,0.0,0.0,land_on_platform,platform_scene-1/Tile Map/0_-35_layer_Tile Map_tile_0_-35_source_1_atlas_14_6
276.185,landed,6.89433526992798,-636.05908203125,0.0,0.0,land,surface_wood_impact_0.67500006103516
276.186,sonification,6.89433526992798,-636.05908203125,0.0,0.0,osc_received,"value_[1, ""water-tube""]"
276.417,jump_input_pressed,6.89433526992798,-636.05908203125,0.0,0.0,Jump,pressed
276.418,jump_executed,6.89433526992798,-636.05908203125,0.0,-500.0,jump,x_6.89433526992798_y_-636.05908203125
276.617,move_right_pressed,6.89433526992798,-713.531555175781,15.0,-254.333206176758,Move_Right,pressed
276.734,jump_input_released,13.8943347930908,-736.300964355469,120.0,-114.722114562988,Jump,released
276.834,jump_peak_reached,24.7554454803467,-741.092651367188,0.0,41.2037048339844,jump_peak,x_24.7554454803467_y_-741.092651367188
276.984,platform_landed,24.7554454803467,-711.007385253906,0.0,0.0,land_on_platform,platform_scene-1/Tile Map/1_-39_layer_Tile Map_tile_1_-39_source_1_atlas_1_0
276.985,landed,24.7554454803467,-711.007385253906,0.0,0.0,land,surface_wood_impact_0.74907415771484
277.285,jump_input_pressed,24.7554454803467,-711.007385253906,0.0,0.0,Jump,pressed
277.285,jump_executed,24.7554454803467,-711.007385253906,0.0,-500.0,jump,x_24.7554454803467_y_-711.007385253906
277.442,move_left_pressed,24.7554454803467,-773.719848632812,-15.0,-314.999908447266,Move_Left,pressed
277.668,jump_input_released,-0.74455499649048,-817.016174316406,-180.0,-36.1665573120117,Jump,released
277.717,jump_peak_reached,-9.74455547332764,-817.782836914062,-180.0,42.5371475219727,jump_peak,x_-9.74455547332764_y_-817.782836914062
277.818,platform_landed,-14.5778894424438,-801.012145996094,0.0,0.0,land_on_platform,platform_scene-1/Tile Map/-1_-44_layer_Tile Map_tile_-1_-44_source_1_atlas_3_0
277.818,landed,-14.5778894424438,-801.012145996094,0.0,0.0,land,surface_wood_impact_0.52951873779297
278.018,move_right_pressed,-14.5778894424438,-801.012145996094,33.3333320617676,0.0,Move_Right,pressed
278.085,jump_input_pressed,-9.0223331451416,-801.012145996094,166.666656494141,0.0,Jump,pressed
278.085,jump_executed,-9.0223331451416,-801.012145996094,166.666656494141,-500.0,jump,x_-9.0223331451416_y_-801.012145996094
278.517,jump_peak_reached,68.7721252441406,-907.890808105469,180.0,39.8149261474609,jump_peak,x_68.7721252441406_y_-907.890808105469
278.517,jump_input_released,68.7721252441406,-907.890808105469,180.0,39.8149261474609,Jump,released
278.784,platform_landed,106.605461120605,-815.994262695312,0.0,0.0,land_on_platform,platform_scene-1/Tile Map/5_-45_layer_Tile Map_tile_5_-45_source_1_atlas_13_6
278.785,landed,106.605461120605,-815.994262695312,0.0,0.0,land,surface_wood_impact_1.26481518554687
278.785,sonification,106.605461120605,-815.994262695312,0.0,0.0,osc_received,"value_[1, ""water-tube""]"
279.117,move_right_pressed,106.605461120605,-815.994262695312,33.3333320617676,0.0,Move_Right,pressed
279.134,jump_input_pressed,107.161087036133,-816.048706054688,66.6666641235352,0.0,Jump,pressed
279.134,jump_executed,107.161087036133,-816.048706054688,66.6666641235352,-500.0,jump,x_107.161087036133_y_-816.048706054688
279.484,jump_input_released,162.050918579102,-919.778747558594,180.0,-75.3332214355469,Jump,released
279.568,jump_peak_reached,177.050918579102,-922.584228515625,180.0,45.0371475219727,jump_peak,x_177.050918579102_y_-922.584228515625
279.851,platform_landed,202.884262084961,-819.02099609375,0.0,0.0,land_on_platform,platform_scene-1/Tile Map/11_-45_layer_Tile Map_tile_11_-45_source_1_atlas_14_7
279.851,landed,202.884262084961,-819.02099609375,0.0,0.0,land,surface_wood_impact_1.34933374023438
279.859,sonification,202.884262084961,-819.02099609375,0.0,0.0,osc_received,"value_[1, ""cloud""]"
279.934,move_right_pressed,202.884262084961,-819.02099609375,33.3333320617676,0.0,Move_Right,pressed
279.985,jump_input_pressed,206.21760559082,-819.02099609375,133.33332824707,0.0,Jump,pressed
279.986,jump_executed,206.21760559082,-819.02099609375,133.33332824707,-500.0,jump,x_206.21760559082_y_-819.02099609375
280.417,jump_peak_reached,282.618438720703,-925.894348144531,180.0,39.8149261474609,jump_peak,x_282.618438720703_y_-925.894348144531
280.512,jump_input_released,297.618438720703,-916.403625488281,180.0,225.000106811523,Jump,released
280.718,platform_landed,332.451782226562,-816.009826660156,0.0,0.0,land_on_platform,platform_scene-1/Tile Map/18_-45_layer_Tile Map_tile_18_-45_source_1_atlas_13_6
280.718,landed,332.451782226562,-816.009826660156,0.0,0.0,land,surface_wood_impact_1.41296337890625
280.719,sonification,332.451782226562,-816.009826660156,0.0,0.0,osc_received,"value_[1, ""water-tube""]"
280.968,move_right_pressed,332.451782226562,-816.009826660156,33.3333320617676,0.0,Move_Right,pressed
280.968,jump_input_pressed,332.451782226562,-816.009826660156,33.3333320617676,0.0,Jump,pressed
280.968,jump_executed,332.451782226562,-816.009826660156,33.3333320617676,-500.0,jump,x_332.451782226562_y_-816.009826660156
281.352,jump_input_released,388.260559082031,-922.008972167969,180.0,-36.1665573120117,Jump,released
281.401,jump_peak_reached,397.260559082031,-922.775634765625,180.0,42.5371475219727,jump_peak,x_397.260559082031_y_-922.775634765625
281.551,platform_landed,420.093902587891,-891.01611328125,0.0,0.0,land_on_platform,platform_scene-1/Tile Map/23_-49_layer_Tile Map_tile_23_-49_source_1_atlas_3_0
281.551,landed,420.093902587891,-891.01611328125,0.0,0.0,land,surface_wood_impact_0.75174102783203
281.977,move_left_pressed,420.093902587891,-891.01611328125,-33.3333320617676,0.0,Move_Left,pressed
281.977,jump_input_pressed,420.093902587891,-891.01611328125,-33.3333320617676,0.0,Jump,pressed
281.977,jump_executed,420.093902587891,-891.01611328125,-33.3333320617676,-500.0,jump,x_420.093902587891_y_-891.01611328125
282.333,jump_input_released,367.285003662109,-996.067077636719,-180.0,-55.722110748291,Jump,released
282.401,jump_peak_reached,362.45166015625,-997.698547363281,0.0,43.8149261474609,jump_peak,x_362.45166015625_y_-997.698547363281
282.568,platform_landed,362.45166015625,-960.029602050781,0.0,0.0,land_on_platform,platform_scene-1/Tile Map/20_-53_layer_Tile Map_tile_20_-53_source_1_atlas_14_6
282.568,landed,362.45166015625,-960.029602050781,0.0,0.0,land,surface_wood_impact_0.82837066650391
282.569,sonification,362.45166015625,-960.029602050781,0.0,0.0,osc_received,"value_[1, ""water-tube""]"
282.603,move_right_pressed,362.45166015625,-960.029602050781,33.3333320617676,0.0,Move_Right,pressed
282.636,jump_input_pressed,364.117797851562,-960.094909667969,100.0,0.0,Jump,pressed
282.636,jump_executed,364.117797851562,-960.094909667969,100.0,-500.0,jump,x_364.117797851562_y_-960.094909667969
283.052,jump_input_released,434.868103027344,-1066.97155761719,180.0,2.77788853645325,Jump,released
283.068,jump_peak_reached,437.868103027344,-1066.92529296875,180.0,39.8149261474609,jump_peak,x_437.868103027344_y_-1066.92529296875
283.301,coin_collected,479.868103027344,-1001.46228027344,180.0,521.296447753906,collect_coin,coin_coin21_score_26
283.335,platform_landed,484.701446533203,-981.066833496094,13.3333311080933,0.0,land_on_platform,platform_scene-1/Tile Map/26_-54_layer_Tile Map_tile_26_-54_source_1_atlas_2_0
283.348,landed,484.701446533203,-981.066833496094,13.3333311080933,0.0,land,surface_wood_impact_1.26481518554687
283.652,jump_input_pressed,484.701446533203,-981.066833496094,0.0,0.0,Jump,pressed
283.652,jump_executed,484.701446533203,-981.066833496094,0.0,-500.0,jump,x_484.701446533203_y_-981.066833496094
283.668,move_right_pressed,484.701446533203,-989.409057617188,15.0,-479.222198486328,Move_Right,pressed
283.752,jump_input_released,488.451446533203,-1025.91833496094,90.0,-376.166595458984,Jump,released
283.852,jump_peak_reached,496.812561035156,-1030.7099609375,0.0,41.2037048339844,jump_peak,x_496.812561035156_y_-1030.7099609375
284.019,move_right_pressed,496.812561035156,-996.06494140625,15.0,411.574127197266,Move_Right,pressed
284.051,platform_landed,497.999938964844,-981.074890136719,45.0,0.0,land_on_platform,platform_scene-1/Tile Map/28_-55_layer_Tile Map_tile_28_-55_source_1_atlas_0_0
284.051,landed,497.999938964844,-981.074890136719,45.0,0.0,land,surface_wood_impact_0.97129644775391
284.368,jump_input_pressed,497.92529296875,-981.066345214844,0.0,0.0,Jump,pressed
284.368,jump_executed,497.92529296875,-981.066345214844,0.0,-500.0,jump,x_497.92529296875_y_-981.066345214844
284.385,move_right_pressed,497.924041748047,-989.400634765625,15.0,-479.222198486328,Move_Right,pressed
284.468,jump_input_released,500.425262451172,-1025.90991210938,75.0,-376.166595458984,Jump,released
284.568,jump_peak_reached,503.286376953125,-1030.70153808594,0.0,41.2037048339844,jump_peak,x_503.286376953125_y_-1030.70153808594
284.718,platform_landed,503.286376953125,-998.787536621094,0.0,0.0,land_on_platform,platform_scene-1/Tile Map/28_-55_layer_Tile Map_tile_28_-55_source_1_atlas_0_0
284.718,landed,503.286376953125,-998.787536621094,0.0,0.0,land,surface_wood_impact_0.74907415771484
285.068,move_right_pressed,503.286376953125,-998.787536621094,33.3333320617676,0.0,Move_Right,pressed
285.367,move_right_pressed,509.638458251953,-999.069091796875,33.3333320617676,0.0,Move_Right,pressed
285.385,jump_input_pressed,510.194000244141,-999.069091796875,66.6666641235352,0.0,Jump,pressed
285.385,jump_executed,510.194000244141,-999.069091796875,66.6666641235352,-500.0,jump,x_510.194000244141_y_-999.069091796875
285.652,jump_input_released,550.08349609375,-1091.49743652344,180.0,-174.222106933594,Jump,released
285.75,jump_peak_reached,568.08349609375,-1096.2890625,180.0,41.2037048339844,jump_peak,x_568.08349609375_y_-1096.2890625
285.969,platform_landed,578.916809082031,-1032.01635742188,0.0,0.0,land_on_platform,platform_scene-1/Tile Map/32_-57_layer_Tile Map_tile_32_-57_source_1_atlas_13_6
285.969,landed,578.916809082031,-1032.01635742188,0.0,0.0,land,surface_wood_impact_1.04537048339844
285.971,sonification,578.916809082031,-1032.01635742188,0.0,0.0,osc_received,"value_[1, ""water-tube""]"
286.085,move_right_pressed,578.916809082031,-1032.01635742188,33.3333320617676,0.0,Move_Right,pressed
286.085,jump_input_pressed,578.916809082031,-1032.01635742188,33.3333320617676,0.0,Jump,pressed
286.085,jump_executed,578.916809082031,-1032.01635742188,33.3333320617676,-500.0,jump,x_578.916809082031_y_-1032.01635742188
286.401,jump_input_released,622.7255859375,-1132.25634765625,180.0,-114.722114562988,Jump,released
286.5,jump_peak_reached,639.336669921875,-1137.04797363281,13.3333311080933,41.2037048339844,jump_peak,x_639.336669921875_y_-1137.04797363281
286.685,platform_landed,639.558898925781,-1089.01574707031,0.0,0.0,land_on_platform,platform_scene-1/Tile Map/35_-60_layer_Tile Map_tile_35_-60_source_1_atlas_1_0
286.685,landed,639.558898925781,-1089.01574707031,0.0,0.0,land,surface_wood_impact_0.89722235107422
287.018,move_right_pressed,639.558898925781,-1089.01574707031,33.3333320617676,0.0,Move_Right,pressed
287.917,jump_input_pressed,649.281127929688,-1089.01574707031,0.0,0.0,Jump,pressed
287.917,jump_executed,649.281127929688,-1089.01574707031,0.0,-500.0,jump,x_649.281127929688_y_-1089.01574707031
288.351,jump_peak_reached,649.281127929688,-1195.90173339844,0.0,39.8149261474609,jump_peak,x_649.281127929688_y_-1195.90173339844
288.418,jump_input_released,649.281127929688,-1189.54370117188,0.0,187.963073730469,Jump,released
288.651,platform_landed,649.281127929688,-1089.01831054688,0.0,0.0,land_on_platform,platform_scene-1/Tile Map/36_-60_layer_Tile Map_tile_36_-60_source_1_atlas_3_0
288.652,landed,649.281127929688,-1089.01831054688,0.0,0.0,land,surface_wood_impact_1.41296337890625
288.81,move_left_pressed,649.281127929688,-1089.01831054688,-33.3333320617676,0.0,Move_Left,pressed
288.884,jump_input_pressed,640.947265625,-1089.07250976562,-180.0,0.0,Jump,pressed
288.884,jump_executed,640.947265625,-1089.07250976562,-180.0,-500.0,jump,x_640.947265625_y_-1089.07250976562
289.185,jump_input_released,586.946350097656,-1187.00573730469,-180.0,-134.499893188477,Jump,released
289.285,jump_peak_reached,570.335266113281,-1191.79736328125,-13.3333311080933,41.2037048339844,jump_peak,x_570.335266113281_y_-1191.79736328125
289.468,platform_landed,570.113037109375,-1143.02026367188,0.0,0.0,land_on_platform,platform_scene-1/Tile Map/31_-63_layer_Tile Map_tile_31_-63_source_1_atlas_3_0
289.468,landed,570.113037109375,-1143.02026367188,0.0,0.0,land,surface_wood_impact_0.89722235107422
289.703,move_left_pressed,570.113037109375,-1143.02026367188,-33.3333320617676,0.0,Move_Left,pressed
289.719,jump_input_pressed,569.557495117188,-1143.02026367188,-66.6666641235352,0.0,Jump,pressed
289.719,jump_executed,569.557495117188,-1143.02026367188,-66.6666641235352,-500.0,jump,x_569.557495117188_y_-1143.02026367188
290.051,jump_input_released,517.662475585938,-1245.18823242188,-180.0,-94.9998931884766,Jump,released
290.151,jump_peak_reached,499.662475585938,-1249.47985839844,-180.0,46.2038116455078,jump_peak,x_499.662475585938_y_-1249.47985839844
290.353,platform_landed,488.829132080078,-1197.0068359375,0.0,0.0,land_on_platform,platform_scene-1/Tile Map/27_-66_layer_Tile Map_tile_27_-66_source_1_atlas_3_0
290.353,landed,488.829132080078,-1197.0068359375,0.0,0.0,land,surface_wood_impact_0.98129663085938
290.568,move_right_pressed,488.829132080078,-1197.0068359375,33.3333320617676,0.0,Move_Right,pressed
290.568,jump_input_pressed,488.829132080078,-1197.0068359375,33.3333320617676,0.0,Jump,pressed
290.568,jump_executed,488.829132080078,-1197.0068359375,33.3333320617676,-500.0,jump,x_488.829132080078_y_-1197.0068359375
290.668,jump_input_released,495.916381835938,-1241.91027832031,123.33332824707,-376.166595458984,Jump,released
290.768,jump_peak_reached,503.999664306641,-1246.70190429688,0.0,41.2037048339844,jump_peak,x_503.999664306641_y_-1246.70190429688
290.918,platform_landed,503.999664306641,-1214.93420410156,0.0,0.0,land_on_platform,platform_scene-1/Tile Map/28_-67_layer_Tile Map_tile_28_-67_source_1_atlas_0_0
290.918,landed,503.999664306641,-1214.93420410156,0.0,0.0,land,surface_wood_impact_0.74907415771484
291.368,move_right_pressed,503.999664306641,-1214.93420410156,33.3333320617676,0.0,Move_Right,pressed
291.484,jump_input_pressed,518.325744628906,-1215.07189941406,180.0,0.0,Jump,pressed
291.484,jump_executed,518.325744628906,-1215.07189941406,180.0,-500.0,jump,x_518.325744628906_y_-1215.07189941406
291.785,jump_peak_reached,572.328308105469,-1309.3876953125,180.0,74.0740737915039,jump_peak,x_572.328308105469_y_-1309.3876953125
292.086,jump_input_released,626.328308105469,-1192.72106933594,180.0,740.740844726562,Jump,released
292.21,platform_landed,631.16162109375,-1089.04138183594,0.0,0.0,land_on_platform,platform_scene-1/Tile Map/35_-60_layer_Tile Map_tile_35_-60_source_1_atlas_1_0
292.21,landed,631.16162109375,-1089.04138183594,0.0,0.0,land,surface_wood_impact_2.00000036621094
292.917,move_left_pressed,631.16162109375,-1089.04138183594,-33.3333320617676,0.0,Move_Left,pressed
292.917,jump_input_pressed,631.16162109375,-1089.04138183594,-33.3333320617676,0.0,Jump,pressed
292.917,jump_executed,631.16162109375,-1089.04138183594,-33.3333320617676,-500.0,jump,x_631.16162109375_y_-1089.04138183594
293.251,jump_input_released,584.354187011719,-1191.19165039062,-180.0,-94.9998931884766,Jump,released
293.352,jump_peak_reached,570.520874023438,-1195.48327636719,0.0,46.2038116455078,jump_peak,x_570.520874023438_y_-1195.48327636719
293.551,platform_landed,570.520874023438,-1143.01025390625,0.0,0.0,land_on_platform,platform_scene-1/Tile Map/31_-63_layer_Tile Map_tile_31_-63_source_1_atlas_3_0
293.551,landed,570.520874023438,-1143.01025390625,0.0,0.0,land,surface_wood_impact_0.98129663085938
294.253,move_left_pressed,570.520874023438,-1143.01025390625,-33.3333320617676,0.0,Move_Left,pressed
294.717,move_left_pressed,551.354248046875,-1143.0673828125,-33.3333320617676,0.0,Move_Left,pressed
295.052,move_right_pressed,547.7431640625,-1143.0673828125,33.3333320617676,0.0,Move_Right,pressed
295.317,jump_input_pressed,589.098510742188,-1140.44360351562,180.0,111.111114501953,Jump,pressed
295.585,jump_input_released,624.675231933594,-1036.73999023438,45.0,703.703796386719,Jump,released
295.969,platform_landed,626.425231933594,-603.015991210938,0.0,0.0,land_on_platform,platform_scene-1/Tile Map/34_-33_layer_Tile Map_tile_34_-33_source_1_atlas_0_0
295.969,landed,626.425231933594,-603.015991210938,0.0,0.0,land,surface_wood_impact_3.11111010742187
297.785,move_left_pressed,626.425231933594,-603.015991210938,-33.3333320617676,0.0,Move_Left,pressed
297.818,jump_input_pressed,624.758605957031,-603.015991210938,-100.0,0.0,Jump,pressed
297.818,jump_executed,624.758605957031,-603.015991210938,-100.0,-500.0,jump,x_624.758605957031_y_-603.015991210938
297.951,jump_input_released,604.998474121094,-660.121765136719,-180.0,-335.333251953125,Jump,released
298.051,jump_peak_reached,586.998474121094,-664.913452148438,-180.0,41.2037048339844,jump_peak,x_586.998474121094_y_-664.913452148438
298.3,platform_landed,555.165161132812,-585.018920898438,0.0,0.0,land_on_platform,platform_scene-1/Tile Map/30_-32_layer_Tile Map_tile_30_-32_source_1_atlas_2_0
298.3,landed,555.165161132812,-585.018920898438,0.0,0.0,land,surface_wood_impact_1.19351867675781
298.401,move_left_pressed,555.165161132812,-585.018920898438,-33.3333320617676,0.0,Move_Left,pressed
298.751,move_left_pressed,551.554077148438,-585.018920898438,-33.3333320617676,0.0,Move_Left,pressed
298.769,jump_input_pressed,550.99853515625,-585.018920898438,-66.6666641235352,0.0,Jump,pressed
298.769,jump_executed,550.99853515625,-585.018920898438,-66.6666641235352,-500.0,jump,x_550.99853515625_y_-585.018920898438
299.085,jump_input_released,502.103332519531,-685.257568359375,-180.0,-114.722114562988,Jump,released
299.185,jump_peak_reached,484.103332519531,-690.049255371094,-180.0,41.2037048339844,jump_peak,x_484.103332519531_y_-690.049255371094
299.501,platform_landed,437.269989013672,-564.025817871094,0.0,0.0,land_on_platform,platform_scene-1/Tile Map/24_-31_layer_Tile Map_tile_24_-31_source_1_atlas_13_6
299.501,landed,437.269989013672,-564.025817871094,0.0,0.0,land,surface_wood_impact_1.48981506347656
299.502,sonification,437.269989013672,-564.025817871094,0.0,0.0,osc_received,"value_[1, ""water-tube""]"
299.717,move_left_pressed,437.269989013672,-564.025817871094,-33.3333320617676,0.0,Move_Left,pressed
299.834,jump_input_pressed,423.545654296875,-565.441101074219,-180.0,0.0,Jump,pressed
299.834,jump_executed,423.545654296875,-565.441101074219,-180.0,-500.0,jump,x_423.545654296875_y_-565.441101074219
300.201,jump_input_released,357.545654296875,-670.440185546875,-180.0,-55.722110748291,Jump,released
300.276,jump_peak_reached,345.545654296875,-672.071655273438,-180.0,43.8149261474609,jump_peak,x_345.545654296875_y_-672.071655273438
300.534,platform_landed,310.712310791016,-582.004577636719,0.0,0.0,land_on_platform,platform_scene-1/Tile Map/17_-32_layer_Tile Map_tile_17_-32_source_1_atlas_13_6
300.534,landed,310.712310791016,-582.004577636719,0.0,0.0,land,surface_wood_impact_1.27281518554688
300.535,sonification,310.712310791016,-582.004577636719,0.0,0.0,osc_received,"value_[1, ""water-tube""]"
300.734,move_left_pressed,310.712310791016,-582.004577636719,-33.3333320617676,0.0,Move_Left,pressed
300.868,jump_input_pressed,293.915710449219,-582.975830078125,-180.0,0.0,Jump,pressed
300.868,jump_executed,293.915710449219,-582.975830078125,-180.0,-500.0,jump,x_293.915710449219_y_-582.975830078125
301.117,jump_input_released,248.894836425781,-672.205139160156,-180.0,-194.166549682617,Jump,released
301.218,jump_peak_reached,230.894836425781,-676.996826171875,-180.0,41.2037048339844,jump_peak,x_230.894836425781_y_-676.996826171875
301.485,platform_landed,187.061492919922,-582.001037597656,0.0,0.0,land_on_platform,platform_scene-1/Tile Map/10_-32_layer_Tile Map_tile_10_-32_source_1_atlas_13_6
301.485,landed,187.061492919922,-582.001037597656,0.0,0.0,land,surface_wood_impact_1.2675927734375
301.486,sonification,187.061492919922,-582.001037597656,0.0,0.0,osc_received,"value_[1, ""water-tube""]"
301.568,move_left_pressed,187.061492919922,-582.001037597656,-33.3333320617676,0.0,Move_Left,pressed
301.634,jump_input_pressed,181.505996704102,-582.06103515625,-166.666656494141,0.0,Jump,pressed
301.634,jump_executed,181.505996704102,-582.06103515625,-166.666656494141,-500.0,jump,x_181.505996704102_y_-582.06103515625
301.65,jump_peak_reached,178.724258422852,-590.407165527344,-180.0,-479.222198486328,jump_peak,x_178.724258422852_y_-590.407165527344
301.944,jump_input_released,127.724258422852,-680.00341796875,-180.0,-134.499893188477,Jump,released
302.327,platform_landed,86.8909225463867,-585.02099609375,0.0,0.0,land_on_platform,platform_scene-1/Tile Map/4_-32_layer_Tile Map_tile_4_-32_source_1_atlas_2_0
302.327,landed,86.8909225463867,-585.02099609375,0.0,0.0,land,surface_wood_impact_1.34166687011719
302.426,move_left_pressed,86.8909225463867,-585.02099609375,-33.3333320617676,0.0,Move_Left,pressed
302.426,jump_input_pressed,86.8909225463867,-585.02099609375,-33.3333320617676,0.0,Jump,pressed
302.426,jump_executed,86.8909225463867,-585.02099609375,-33.3333320617676,-500.0,jump,x_86.8909225463867_y_-585.02099609375
302.535,jump_input_released,77.7488403320312,-636.188110351562,-138.33332824707,-355.722137451172,Jump,released
302.634,jump_peak_reached,61.0821685791016,-640.979797363281,-180.0,41.2037048339844,jump_peak,x_61.0821685791016_y_-640.979797363281
302.801,platform_landed,47.248836517334,-603.012084960938,0.0,0.0,land_on_platform,platform_scene-1/Tile Map/2_-33_layer_Tile Map_tile_2_-33_source_1_atlas_0_0
302.801,landed,47.248836517334,-603.012084960938,0.0,0.0,land,surface_wood_impact_0.82314825439453
303.051,jump_input_pressed,47.248836517334,-603.012084960938,0.0,0.0,Jump,pressed
303.051,jump_executed,47.248836517334,-603.012084960938,0.0,-500.0,jump,x_47.248836517334_y_-603.012084960938
303.068,move_left_pressed,47.248836517334,-611.401977539062,-15.0,-479.222198486328,Move_Left,pressed
303.201,jump_input_released,38.248836517334,-665.720458984375,-135.0,-314.999908447266,Jump,released
303.301,jump_peak_reached,21.748836517334,-670.512145996094,-180.0,41.2037048339844,jump_peak,x_21.748836517334_y_-670.512145996094
303.452,platform_landed,-6.86204242706299,-636.054443359375,-96.6666641235352,0.0,land_on_platform,platform_scene-1/Tile Map/-1_-35_layer_Tile Map_tile_-1_-35_source_1_atlas_13_6
303.452,landed,-6.86204242706299,-636.054443359375,-96.6666641235352,0.0,land,surface_wood_impact_0.74907415771484
303.453,sonification,-6.86204242706299,-636.054443359375,-96.6666641235352,0.0,osc_received,"value_[1, ""water-tube""]"
303.652,jump_input_pressed,-7.08425426483154,-636.063232421875,0.0,0.0,Jump,pressed
303.652,jump_executed,-7.08425426483154,-636.063232421875,0.0,-500.0,jump,x_-7.08425426483154_y_-636.063232421875
303.702,move_right_pressed,-7.08425426483154,-660.032043457031,15.0,-437.833282470703,Move_Right,pressed
303.952,jump_input_released,21.4157466888428,-733.994934082031,180.0,-134.499893188477,Jump,released
304.051,jump_peak_reached,39.4157485961914,-738.78662109375,180.0,41.2037048339844,jump_peak,x_39.4157485961914_y_-738.78662109375
304.185,platform_landed,44.249080657959,-711.032043457031,0.0,0.0,land_on_platform,platform_scene-1/Tile Map/2_-39_layer_Tile Map_tile_2_-39_source_1_atlas_2_0
304.185,landed,44.249080657959,-711.032043457031,0.0,0.0,land,surface_wood_impact_0.67500006103516
304.4,jump_input_pressed,44.249080657959,-711.032043457031,0.0,0.0,Jump,pressed
304.401,jump_executed,44.249080657959,-711.032043457031,0.0,-500.0,jump,x_44.249080657959_y_-711.032043457031
304.418,move_left_pressed,44.249080657959,-719.404541015625,-15.0,-479.222198486328,Move_Left,pressed
304.751,jump_input_released,0.74908041954041,-814.793395996094,-180.0,-75.3332214355469,Jump,released
304.834,jump_peak_reached,-12.8620319366455,-817.598876953125,-13.3333311080933,45.0371475219727,jump_peak,x_-12.8620319366455_y_-817.598876953125
304.934,platform_landed,-13.0842542648315,-801.017211914062,0.0,0.0,land_on_platform,platform_scene-1/Tile Map/-1_-44_layer_Tile Map_tile_-1_-44_source_1_atlas_3_0
304.934,landed,-13.0842542648315,-801.017211914062,0.0,0.0,land,surface_wood_impact_0.53451873779297
304.986,move_right_pressed,-13.0842542648315,-801.017211914062,33.3333320617676,0.0,Move_Right,pressed
305.069,jump_input_pressed,-4.75092029571533,-801.017211914062,180.0,0.0,Jump,pressed
305.069,jump_executed,-4.75092029571533,-801.017211914062,180.0,-500.0,jump,x_-4.75092029571533_y_-801.017211914062
305.468,jump_input_released,67.265380859375,-907.636535644531,180.0,-16.6665554046631,Jump,released
305.501,jump_peak_reached,73.265380859375,-907.844848632812,180.0,41.2038154602051,jump_peak,x_73.265380859375_y_-907.844848632812
305.768,platform_landed,105.09871673584,-816.015991210938,0.0,0.0,land_on_platform,platform_scene-1/Tile Map/5_-45_layer_Tile Map_tile_5_-45_source_1_atlas_13_6
305.768,landed,105.09871673584,-816.015991210938,0.0,0.0,land,surface_wood_impact_1.26759301757812
305.769,sonification,105.09871673584,-816.015991210938,0.0,0.0,osc_received,"value_[1, ""water-tube""]"
305.852,move_right_pressed,105.09871673584,-816.015991210938,33.3333320617676,0.0,Move_Right,pressed
305.885,jump_input_pressed,106.765441894531,-816.053100585938,100.0,0.0,Jump,pressed
305.885,jump_executed,106.765441894531,-816.053100585938,100.0,-500.0,jump,x_106.765441894531_y_-816.053100585938
306.201,jump_input_released,159.516143798828,-916.246398925781,180.0,-114.722114562988,Jump,released
306.301,jump_peak_reached,177.516143798828,-921.0380859375,180.0,41.2037048339844,jump_peak,x_177.516143798828_y_-921.0380859375
306.585,platform_landed,206.349487304688,-819.03662109375,0.0,0.0,land_on_platform,platform_scene-1/Tile Map/11_-45_layer_Tile Map_tile_11_-45_source_1_atlas_14_7
306.585,landed,206.349487304688,-819.03662109375,0.0,0.0,land,surface_wood_impact_1.34166687011719
306.593,sonification,206.349487304688,-819.03662109375,0.0,0.0,osc_received,"value_[1, ""cloud""]"
306.801,move_right_pressed,206.349487304688,-819.03662109375,33.3333320617676,0.0,Move_Right,pressed
306.886,jump_input_pressed,214.682830810547,-819.03662109375,180.0,0.0,Jump,pressed
306.886,jump_executed,214.682830810547,-819.03662109375,180.0,-500.0,jump,x_214.682830810547_y_-819.03662109375
307.268,jump_input_released,283.693756103516,-925.016052246094,180.0,-36.1665573120117,Jump,released
307.318,jump_peak_reached,292.693756103516,-925.78271484375,180.0,42.5371475219727,jump_peak,x_292.693756103516_y_-925.78271484375
307.568,time_limit_reached,327.527099609375,-850.333618164062,0.0,598.0927734375,time_limit,three_minutes
307.568,scene_transition,327.527099609375,-850.333618164062,0.0,598.0927734375,switch,from_res://Scenes/Main/scene-1.tscn_to_res://Scenes/Main/menu.tscn
307.568,session_end,327.527099609375,-850.333618164062,0.0,598.0927734375,,
