timestamp_seconds,event,x,y,velocity_x,velocity_y,action,info
391.661,session_start,392.0,624.0,0.0,0.0,,
391.705,jump_peak_reached,392.0,624.0,0.0,37.037036895752,jump_peak,x_392.0_y_624.0
391.768,platform_landed,392.0,638.988403320312,0.0,0.0,land_on_platform,platform_scene-1/Tile Map/21_36_layer_Tile Map_tile_21_36_source_1_atlas_2_0
391.768,landed,392.0,638.988403320312,0.0,0.0,land,surface_wood_impact_0.51851849365234
391.776,sonification,392.0,638.988403320312,0.0,0.0,osc_received,"value_[1, ""leadr-mel""]"
391.81,musicking,392.0,638.988403320312,0.0,0.0,osc_received,"value_[1, ""far-fall""]"
400.436,move_left_pressed,392.0,638.988403320312,-33.3333320617676,0.0,Move_Left,pressed
400.852,jump_input_pressed,360.846618652344,638.925659179688,0.0,0.0,Jump,pressed
400.852,jump_executed,360.846618652344,638.925659179688,0.0,-500.0,jump,x_360.846618652344_y_638.925659179688
401.052,jump_peak_reached,361.576782226562,570.065856933594,0.0,47.3230972290039,jump_peak,x_361.576782226562_y_570.065856933594
401.101,move_left_pressed,361.576782226562,574.283874511719,-15.0,158.434219360352,Move_Left,pressed
401.218,jump_input_released,354.576782226562,605.730834960938,-120.0,417.693511962891,Jump,released
401.287,platform_landed,342.076782226562,638.933166503906,-180.0,0.0,land_on_platform,platform_scene-1/Tile Map/18_36_layer_Tile Map_tile_18_36_source_1_atlas_2_0
401.287,landed,342.076782226562,638.933166503906,-180.0,0.0,land,surface_wood_impact_1.13168334960938
401.289,sonification,342.076782226562,638.933166503906,-180.0,0.0,osc_received,"value_[1, ""leadr-mel""]"
401.653,jump_input_pressed,279.076782226562,638.933166503906,-180.0,0.0,Jump,pressed
401.653,jump_executed,279.076782226562,638.933166503906,-180.0,-500.0,jump,x_279.076782226562_y_638.933166503906
401.853,jump_input_released,243.07421875,561.505737304688,-180.0,-254.333206176758,Jump,released
401.953,jump_peak_reached,232.240875244141,556.714050292969,0.0,41.2037048339844,jump_peak,x_232.240875244141_y_556.714050292969
402.177,move_left_pressed,232.240875244141,613.789672851562,-15.0,522.685241699219,Move_Left,pressed
402.202,platform_landed,230.740875244141,638.933715820312,-45.0,0.0,land_on_platform,platform_scene-1/Tile Map/12_36_layer_Tile Map_tile_12_36_source_1_atlas_2_0
402.202,landed,230.740875244141,638.933715820312,-45.0,0.0,land,surface_wood_impact_1.19351867675781
402.21,sonification,230.740875244141,638.933715820312,-45.0,0.0,osc_received,"value_[1, ""leadr-mel""]"
402.986,move_left_pressed,208.351959228516,638.933715820312,-33.3333320617676,0.0,Move_Left,pressed
403.153,move_right_pressed,186.407501220703,638.933715820312,0.0,0.0,Move_Right,pressed
403.352,move_left_pressed,202.574188232422,638.933715820312,-33.3333320617676,0.0,Move_Left,pressed
403.436,move_right_pressed,194.240844726562,638.925231933594,-83.3333206176758,0.0,Move_Right,pressed
403.552,move_left_pressed,199.240859985352,638.925231933594,0.0,0.0,Move_Left,pressed
403.652,move_right_pressed,190.907516479492,638.925231933594,-49.9999961853027,0.0,Move_Right,pressed
404.171,move_left_pressed,196.463088989258,638.925231933594,-33.3333320617676,0.0,Move_Left,pressed
404.919,move_right_pressed,117.296409606934,638.925231933594,33.3333320617676,0.0,Move_Right,pressed
406.051,move_left_pressed,277.463104248047,638.925231933594,-33.3333320617676,0.0,Move_Left,pressed
407.102,move_right_pressed,210.296447753906,638.925231933594,33.3333320617676,0.0,Move_Right,pressed
408.118,move_right_pressed,313.463134765625,638.925231933594,33.3333320617676,0.0,Move_Right,pressed
409.069,move_right_pressed,413.629791259766,638.925231933594,33.3333320617676,0.0,Move_Right,pressed
410.054,move_right_pressed,498.796447753906,638.925231933594,33.3333320617676,0.0,Move_Right,pressed
411.287,move_left_pressed,568.963073730469,638.925231933594,-33.3333320617676,0.0,Move_Left,pressed
412.236,move_right_pressed,513.796447753906,638.925231933594,33.3333320617676,0.0,Move_Right,pressed
412.921,sonification,633.129760742188,638.925231933594,180.0,0.0,osc_received,"value_[1, ""mushrooms""]"
414.544,sonification,916.963073730469,638.925231933594,0.0,0.0,osc_received,"value_[1, ""mushrooms""]"
415.07,move_left_pressed,916.963073730469,638.925231933594,-33.3333320617676,0.0,Move_Left,pressed
415.071,sonification,916.407531738281,638.925231933594,-33.3333320617676,0.0,osc_received,"value_[1, ""mushrooms""]"
416.687,sonification,629.629760742188,638.925231933594,-180.0,0.0,osc_received,"value_[1, ""mushrooms""]"
418.887,move_right_pressed,294.796417236328,638.925231933594,33.3333320617676,0.0,Move_Right,pressed
420.794,sonification,633.129760742188,638.925231933594,180.0,0.0,osc_received,"value_[1, ""mushrooms""]"
420.937,sonification,652.963073730469,638.925231933594,0.0,0.0,osc_received,"value_[1, ""mushrooms""]"
421.301,move_left_pressed,652.963073730469,638.925231933594,-33.3333320617676,0.0,Move_Left,pressed
421.311,sonification,652.407531738281,638.925231933594,-33.3333320617676,0.0,osc_received,"value_[1, ""mushrooms""]"
421.46,sonification,629.629760742188,638.925231933594,-180.0,0.0,osc_received,"value_[1, ""mushrooms""]"
421.887,move_right_pressed,570.796447753906,638.925231933594,33.3333320617676,0.0,Move_Right,pressed
422.255,sonification,633.129760742188,638.925231933594,180.0,0.0,osc_received,"value_[1, ""mushrooms""]"
424.512,sonification,1037.99499511719,638.998352050781,0.0,0.0,osc_received,"value_[1, ""mushrooms""]"
424.894,move_left_pressed,1037.92529296875,638.933654785156,-33.3333320617676,0.0,Move_Left,pressed
424.895,sonification,1037.36975097656,638.925231933594,-33.3333320617676,0.0,osc_received,"value_[1, ""mushrooms""]"
425.212,sonification,991.758728027344,638.925231933594,0.0,0.0,osc_received,"value_[1, ""mushrooms""]"
425.602,move_right_pressed,991.758728027344,638.925231933594,33.3333320617676,0.0,Move_Right,pressed
425.603,sonification,992.314270019531,638.925231933594,33.3333320617676,0.0,osc_received,"value_[1, ""mushrooms""]"
425.82,sonification,1019.91876220703,638.925231933594,0.0,0.0,osc_received,"value_[1, ""mushrooms""]"
425.869,move_left_pressed,1019.91876220703,638.925231933594,-33.3333320617676,0.0,Move_Left,pressed
425.877,sonification,1019.36322021484,638.925231933594,-33.3333320617676,0.0,osc_received,"value_[1, ""mushrooms""]"
426.32,sonification,949.752136230469,638.925231933594,0.0,0.0,osc_received,"value_[1, ""mushrooms""]"
426.854,move_left_pressed,949.752136230469,638.925231933594,-33.3333320617676,0.0,Move_Left,pressed
426.856,sonification,949.196594238281,638.925231933594,-33.3333320617676,0.0,osc_received,"value_[1, ""mushrooms""]"
427.843,sonification,783.585510253906,638.925231933594,0.0,0.0,osc_received,"value_[1, ""mushrooms""]"
428.219,move_left_pressed,783.585510253906,638.925231933594,-33.3333320617676,0.0,Move_Left,pressed
428.219,sonification,783.029968261719,638.925231933594,-33.3333320617676,0.0,osc_received,"value_[1, ""mushrooms""]"
428.354,jump_input_pressed,766.252197265625,638.925231933594,-180.0,0.0,Jump,pressed
428.354,jump_executed,766.252197265625,638.925231933594,-180.0,-500.0,jump,x_766.252197265625_y_638.925231933594
428.355,sonification,763.251831054688,630.590026855469,-180.0,-500.055541992188,osc_received,"value_[1, ""mushrooms""]"
428.552,move_right_pressed,737.418518066406,561.50390625,15.0,-254.333206176758,Move_Right,pressed
428.785,jump_peak_reached,762.918518066406,532.095642089844,180.0,39.8149261474609,jump_peak,x_762.918518066406_y_532.095642089844
429.019,jump_input_released,787.425231933594,597.37060546875,0.0,558.33349609375,Jump,released
429.086,platform_landed,787.425231933594,638.997924804688,0.0,0.0,land_on_platform,platform_scene-1/Tile Map/43_36_layer_Tile Map_tile_43_36_source_1_atlas_13_0
429.086,landed,787.425231933594,638.997924804688,0.0,0.0,land,surface_wood_impact_1.41296337890625
429.094,sonification,787.425231933594,638.997924804688,0.0,0.0,osc_received,"value_[1, ""leadr-mel""]"
429.354,jump_input_pressed,787.425231933594,638.997924804688,0.0,0.0,Jump,pressed
429.354,jump_executed,787.425231933594,638.997924804688,0.0,-500.0,jump,x_787.425231933594_y_638.997924804688
429.635,move_right_pressed,784.692687988281,545.259155273438,15.0,-154.333221435547,Move_Right,pressed
429.786,jump_peak_reached,795.942687988281,533.772155761719,150.0,39.8149261474609,jump_peak,x_795.942687988281_y_533.772155761719
429.82,jump_input_released,801.192687988281,535.716613769531,180.0,113.889007568359,Jump,released
429.886,platform_landed,816.192687988281,548.93359375,180.0,0.0,land_on_platform,platform_scene-1/Tile Map/45_31_layer_Tile Map_tile_45_31_source_1_atlas_12_0
429.886,landed,816.192687988281,548.93359375,180.0,0.0,land,surface_wood_impact_0.52407427978516
429.887,sonification,816.192687988281,548.93359375,180.0,0.0,osc_received,"value_[1, ""leadr-mel""]"
429.887,sonification,816.192687988281,548.93359375,180.0,0.0,osc_received,"value_[1, ""mushrooms""]"
430.019,jump_input_pressed,837.192687988281,548.93359375,180.0,0.0,Jump,pressed
430.019,jump_executed,837.192687988281,548.93359375,180.0,-500.0,jump,x_837.192687988281_y_548.93359375
430.022,sonification,840.195373535156,540.591918945312,180.0,-500.055541992188,osc_received,"value_[1, ""mushrooms""]"
430.386,jump_input_released,884.925231933594,443.927154541016,135.0,-55.722110748291,Jump,released
430.452,jump_peak_reached,890.786315917969,442.295684814453,0.0,43.8149261474609,jump_peak,x_890.786315917969_y_442.295684814453
430.553,platform_landed,890.786315917969,458.984771728516,0.0,0.0,land_on_platform,platform_scene-1/Tile Map/49_26_layer_Tile Map_tile_49_26_source_1_atlas_14_0
430.553,landed,890.786315917969,458.984771728516,0.0,0.0,land,surface_wood_impact_0.53207427978516
430.554,sonification,890.786315917969,458.984771728516,0.0,0.0,osc_received,"value_[1, ""leadr-mel""]"
430.619,move_right_pressed,890.786315917969,458.984771728516,33.3333320617676,0.0,Move_Right,pressed
430.62,sonification,891.341857910156,458.984771728516,33.3333320617676,0.0,osc_received,"value_[1, ""mushrooms""]"
430.668,jump_input_pressed,894.11962890625,458.984771728516,133.33332824707,0.0,Jump,pressed
430.668,jump_executed,894.11962890625,458.984771728516,133.33332824707,-500.0,jump,x_894.11962890625_y_458.984771728516
430.678,sonification,896.355041503906,450.601135253906,133.33332824707,-500.055541992188,osc_received,"value_[1, ""mushrooms""]"
431.102,jump_peak_reached,970.521728515625,352.106719970703,180.0,39.8149261474609,jump_peak,x_970.521728515625_y_352.106719970703
431.136,jump_input_released,976.521728515625,354.051147460938,180.0,113.889007568359,Jump,released
431.203,platform_landed,987.35498046875,368.933685302734,13.3333311080933,0.0,land_on_platform,platform_scene-1/Tile Map/54_21_layer_Tile Map_tile_54_21_source_1_atlas_14_0
431.204,landed,987.35498046875,368.933685302734,13.3333311080933,0.0,land,surface_wood_impact_0.52407427978516
431.205,sonification,987.35498046875,368.933685302734,13.3333311080933,0.0,osc_received,"value_[1, ""leadr-mel""]"
431.206,sonification,987.35498046875,368.933685302734,13.3333311080933,0.0,osc_received,"value_[1, ""mushrooms""]"
431.219,coin_collected,987.35498046875,368.933685302734,13.3333311080933,0.0,collect_coin,coin_coin26_score_2
431.222,sonification,987.35498046875,368.933685302734,0.0,0.0,osc_received,"value_[1, ""mushrooms""]"
431.222,sonification,987.35498046875,368.933685302734,0.0,0.0,osc_received,"value_[1, ""coins-with-pitch""]"
431.402,move_right_pressed,987.35498046875,368.933685302734,33.3333320617676,0.0,Move_Right,pressed
431.403,sonification,987.910522460938,368.933685302734,33.3333320617676,0.0,osc_received,"value_[1, ""mushrooms""]"
431.561,sonification,1003.52160644531,368.925262451172,0.0,0.0,osc_received,"value_[1, ""mushrooms""]"
431.719,move_left_pressed,1003.52160644531,368.925262451172,-33.3333320617676,0.0,Move_Left,pressed
431.72,sonification,1002.96606445312,368.925262451172,-33.3333320617676,0.0,osc_received,"value_[1, ""mushrooms""]"
431.852,jump_input_pressed,986.188293457031,368.925262451172,-180.0,0.0,Jump,pressed
431.852,jump_executed,986.188293457031,368.925262451172,-180.0,-500.0,jump,x_986.188293457031_y_368.925262451172
431.852,sonification,983.187927246094,360.590026855469,-180.0,-500.055541992188,osc_received,"value_[1, ""mushrooms""]"
432.236,jump_input_released,917.187927246094,262.975250244141,-180.0,-36.1665573120117,Jump,released
432.286,jump_peak_reached,912.354614257812,262.208587646484,0.0,42.5371475219727,jump_peak,x_912.354614257812_y_262.208587646484
432.387,platform_landed,912.354614257812,278.99658203125,0.0,0.0,land_on_platform,platform_scene-1/Tile Map/50_16_layer_Tile Map_tile_50_16_source_1_atlas_13_0
432.387,landed,912.354614257812,278.99658203125,0.0,0.0,land,surface_wood_impact_0.52951873779297
432.402,sonification,912.354614257812,278.99658203125,0.0,0.0,osc_received,"value_[1, ""leadr-mel""]"
432.637,jump_input_pressed,912.354614257812,278.99658203125,0.0,0.0,Jump,pressed
432.637,jump_executed,912.354614257812,278.99658203125,0.0,-500.0,jump,x_912.354614257812_y_278.99658203125
432.719,jump_input_released,912.354614257812,240.706573486328,0.0,-396.666595458984,Jump,released
432.819,jump_peak_reached,912.354614257812,235.914901733398,0.0,41.2037048339844,jump_peak,x_912.354614257812_y_235.914901733398
433.002,platform_landed,912.354614257812,278.982025146484,0.0,0.0,land_on_platform,platform_scene-1/Tile Map/50_16_layer_Tile Map_tile_50_16_source_1_atlas_13_0
433.002,landed,912.354614257812,278.982025146484,0.0,0.0,land,surface_wood_impact_0.89722235107422
433.01,sonification,912.354614257812,278.982025146484,0.0,0.0,osc_received,"value_[1, ""leadr-mel""]"
433.118,jump_input_pressed,912.354614257812,278.982025146484,0.0,0.0,Jump,pressed
433.118,jump_executed,912.354614257812,278.982025146484,0.0,-500.0,jump,x_912.354614257812_y_278.982025146484
433.219,jump_input_released,912.354614257812,234.088043212891,0.0,-376.166595458984,Jump,released
433.32,jump_peak_reached,912.354614257812,229.296371459961,0.0,41.2037048339844,jump_peak,x_912.354614257812_y_229.296371459961
433.519,platform_landed,912.354614257812,278.973449707031,0.0,0.0,land_on_platform,platform_scene-1/Tile Map/50_16_layer_Tile Map_tile_50_16_source_1_atlas_13_0
433.519,landed,912.354614257812,278.973449707031,0.0,0.0,land,surface_wood_impact_0.97129644775391
433.52,sonification,912.354614257812,278.973449707031,0.0,0.0,osc_received,"value_[1, ""leadr-mel""]"
434.587,move_right_pressed,912.354614257812,278.973449707031,33.3333320617676,0.0,Move_Right,pressed
434.594,sonification,912.91015625,278.973449707031,33.3333320617676,0.0,osc_received,"value_[1, ""mushrooms""]"
434.702,jump_input_pressed,926.687927246094,278.973449707031,96.6666641235352,0.0,Jump,pressed
434.702,jump_executed,926.687927246094,278.973449707031,96.6666641235352,-500.0,jump,x_926.687927246094_y_278.973449707031
434.71,sonification,928.307067871094,270.597717285156,96.6666641235352,-500.055541992188,osc_received,"value_[1, ""mushrooms""]"
434.736,move_right_pressed,928.529296875,262.608825683594,28.3333320617676,-458.499969482422,Move_Right,pressed
435.019,move_right_pressed,930.695983886719,178.742156982422,15.0,-114.722114562988,Move_Right,pressed
435.136,jump_peak_reached,937.695983886719,172.103271484375,120.0,39.8149261474609,jump_peak,x_937.695983886719_y_172.103271484375
435.236,platform_landed,956.195983886719,188.933624267578,180.0,0.0,land_on_platform,platform_scene-1/Tile Map/53_11_layer_Tile Map_tile_53_11_source_1_atlas_14_0
435.236,landed,956.195983886719,188.933624267578,180.0,0.0,land,surface_wood_impact_0.52407427978516
435.237,sonification,956.195983886719,188.933624267578,180.0,0.0,osc_received,"value_[1, ""mushrooms""]"
435.244,sonification,956.195983886719,188.933624267578,180.0,0.0,osc_received,"value_[1, ""leadr-mel""]"
435.335,jump_input_released,971.195983886719,188.933624267578,180.0,0.0,Jump,released
435.369,coin_collected,977.195983886719,188.933624267578,180.0,0.0,collect_coin,coin_coin27_score_4
435.373,sonification,980.195983886719,188.933624267578,180.0,0.0,osc_received,"value_[1, ""coins-with-pitch""]"
435.427,sonification,982.029296875,188.933624267578,0.0,0.0,osc_received,"value_[1, ""mushrooms""]"
435.735,jump_input_pressed,982.029296875,188.933624267578,0.0,0.0,Jump,pressed
435.736,jump_executed,982.029296875,188.933624267578,0.0,-500.0,jump,x_982.029296875_y_188.933624267578
435.837,jump_input_released,982.029296875,144.081741333008,0.0,-376.166595458984,Jump,released
435.936,jump_peak_reached,982.029296875,139.290069580078,0.0,41.2037048339844,jump_peak,x_982.029296875_y_139.290069580078
436.136,platform_landed,982.029296875,188.967132568359,0.0,0.0,land_on_platform,platform_scene-1/Tile Map/54_11_layer_Tile Map_tile_54_11_source_1_atlas_13_0
436.136,landed,982.029296875,188.967132568359,0.0,0.0,land,surface_wood_impact_0.97129644775391
436.137,sonification,982.029296875,188.967132568359,0.0,0.0,osc_received,"value_[1, ""leadr-mel""]"
436.202,move_left_pressed,982.029296875,188.967132568359,-33.3333320617676,0.0,Move_Left,pressed
436.203,sonification,981.473754882812,188.967132568359,-33.3333320617676,0.0,osc_received,"value_[1, ""mushrooms""]"
436.354,jump_input_pressed,961.695983886719,188.967132568359,-180.0,0.0,Jump,pressed
436.354,jump_executed,961.695983886719,188.967132568359,-180.0,-500.0,jump,x_961.695983886719_y_188.967132568359
436.355,sonification,958.684020996094,180.599639892578,-180.0,-500.055541992188,osc_received,"value_[1, ""mushrooms""]"
436.654,jump_input_released,907.684020996094,91.0033798217773,-180.0,-134.499893188477,Jump,released
436.753,jump_peak_reached,891.072937011719,86.2117156982422,-13.3333311080933,41.2037048339844,jump_peak,x_891.072937011719_y_86.2117156982422
436.911,platform_landed,890.850708007812,116.979736328125,0.0,0.0,land_on_platform,platform_scene-1/Tile Map/49_7_layer_Tile Map_tile_49_7_source_1_atlas_15_0
436.911,landed,890.850708007812,116.979736328125,0.0,0.0,land,surface_wood_impact_0.74907415771484
436.912,sonification,890.850708007812,116.979736328125,0.0,0.0,osc_received,"value_[1, ""leadr-mel""]"
436.986,jump_input_pressed,890.850708007812,116.979736328125,0.0,0.0,Jump,pressed
436.987,jump_executed,890.850708007812,116.979736328125,0.0,-500.0,jump,x_890.850708007812_y_116.979736328125
436.994,musicking,890.850708007812,108.596969604492,0.0,-500.055541992188,osc_received,"value_[1, ""chain-jumps""]"
437.036,move_left_pressed,890.850708007812,92.9636306762695,-15.0,-437.833282470703,Move_Left,pressed
437.419,jump_peak_reached,838.350708007812,10.1025419235229,-180.0,39.8149261474609,jump_peak,x_838.350708007812_y_10.1025419235229
437.519,jump_input_released,820.350708007812,23.3432941436768,-180.0,262.037139892578,Jump,released
437.587,platform_landed,805.350708007812,44.9330596923828,-180.0,0.0,land_on_platform,platform_scene-1/Tile Map/44_3_layer_Tile Map_tile_44_3_source_1_atlas_13_0
437.588,landed,805.350708007812,44.9330596923828,-180.0,0.0,land,surface_wood_impact_0.82037066650391
437.594,sonification,805.350708007812,44.9330596923828,-180.0,0.0,osc_received,"value_[1, ""leadr-mel""]"
437.594,sonification,805.350708007812,44.9330596923828,-180.0,0.0,osc_received,"value_[1, ""mushrooms""]"
437.605,musicking,802.350708007812,44.9330596923828,-180.0,0.0,osc_received,"value_[1, ""platform_pan_nav""]"
437.736,jump_input_pressed,781.350708007812,44.9330596923828,-180.0,0.0,Jump,pressed
437.736,jump_executed,781.350708007812,44.9330596923828,-180.0,-500.0,jump,x_781.350708007812_y_44.9330596923828
437.737,sonification,778.348205566406,36.5918197631836,-180.0,-500.055541992188,osc_received,"value_[1, ""mushrooms""]"
437.82,jump_input_released,766.348205566406,6.69923257827759,-180.0,-396.666595458984,Jump,released
437.919,jump_peak_reached,748.348205566406,1.90756642818451,-180.0,41.2037048339844,jump_peak,x_748.348205566406_y_1.90756642818451
438.11,platform_landed,712.348205566406,44.9334602355957,-180.0,0.0,land_on_platform,platform_scene-1/Tile Map/39_3_layer_Tile Map_tile_39_3_source_1_atlas_13_0
438.11,landed,712.348205566406,44.9334602355957,-180.0,0.0,land,surface_wood_impact_0.89722235107422
438.111,sonification,712.348205566406,44.9334602355957,-180.0,0.0,osc_received,"value_[1, ""mushrooms""]"
438.112,sonification,712.348205566406,44.9334602355957,-180.0,0.0,osc_received,"value_[1, ""leadr-mel""]"
438.179,jump_input_pressed,703.348205566406,44.9334602355957,-180.0,0.0,Jump,pressed
438.179,jump_executed,703.348205566406,44.9334602355957,-180.0,-500.0,jump,x_703.348205566406_y_44.9334602355957
438.18,sonification,700.345581054688,36.591869354248,-180.0,-500.055541992188,osc_received,"value_[1, ""mushrooms""]"
438.18,musicking,700.345581054688,36.591869354248,-180.0,-500.055541992188,osc_received,"value_[1, ""chain-jumps""]"
438.245,jump_input_released,691.345581054688,13.6576137542725,-180.0,-417.22216796875,Jump,released
438.336,jump_peak_reached,673.345581054688,8.86594676971436,-180.0,41.2037048339844,jump_peak,x_673.345581054688_y_8.86594676971436
438.502,platform_landed,647.512268066406,44.984748840332,0.0,0.0,land_on_platform,platform_scene-1/Tile Map/35_3_layer_Tile Map_tile_35_3_source_1_atlas_13_0
438.502,landed,647.512268066406,44.984748840332,0.0,0.0,land,surface_wood_impact_0.82314825439453
438.503,sonification,647.512268066406,44.984748840332,0.0,0.0,osc_received,"value_[1, ""leadr-mel""]"
438.785,move_left_pressed,647.512268066406,44.984748840332,-33.3333320617676,0.0,Move_Left,pressed
438.794,sonification,646.956726074219,44.984748840332,-33.3333320617676,0.0,osc_received,"value_[1, ""mushrooms""]"
438.886,jump_input_pressed,636.178955078125,44.984748840332,-180.0,0.0,Jump,pressed
438.886,jump_executed,636.178955078125,44.984748840332,-180.0,-500.0,jump,x_636.178955078125_y_44.984748840332
438.887,sonification,633.162109375,36.6036796569824,-180.0,-500.055541992188,osc_received,"value_[1, ""mushrooms""]"
439.053,jump_input_released,606.162109375,-22.9740886688232,-180.0,-294.722106933594,Jump,released
439.152,jump_peak_reached,588.162109375,-27.765754699707,-180.0,41.2037048339844,jump_peak,x_588.162109375_y_-27.765754699707
439.454,platform_landed,532.551025390625,80.933235168457,-96.6666641235352,0.0,land_on_platform,platform_scene-1/Tile Map/29_5_layer_Tile Map_tile_29_5_source_1_atlas_2_0
439.454,landed,532.551025390625,80.933235168457,-96.6666641235352,0.0,land,surface_wood_impact_1.41574096679688
439.461,sonification,532.551025390625,80.933235168457,-96.6666641235352,0.0,osc_received,"value_[1, ""leadr-mel""]"
439.469,musicking,532.328796386719,80.933235168457,-13.3333311080933,0.0,osc_received,"value_[1, ""platform_pan_nav""]"
440.169,move_left_pressed,532.328796386719,80.933235168457,-33.3333320617676,0.0,Move_Left,pressed
440.603,coin_collected,462.365570068359,137.465454101562,-96.6666641235352,481.481536865234,collect_coin,coin_coin5_score_6
440.605,sonification,462.143341064453,146.107437133789,-13.3333311080933,518.5185546875,osc_received,"value_[1, ""coins-with-pitch""]"
440.619,platform_landed,462.143341064453,152.979537963867,0.0,0.0,land_on_platform,platform_scene-1/Tile Map/25_9_layer_Tile Map_tile_25_9_source_1_atlas_2_0
440.619,landed,462.143341064453,152.979537963867,0.0,0.0,land,surface_wood_impact_1.11111120605469
440.627,sonification,462.143341064453,152.979537963867,0.0,0.0,osc_received,"value_[1, ""leadr-mel""]"
440.987,move_left_pressed,462.143341064453,152.979537963867,-33.3333320617676,0.0,Move_Left,pressed
441.002,jump_input_pressed,461.587799072266,152.979537963867,-66.6666641235352,0.0,Jump,pressed
441.002,jump_executed,461.587799072266,152.979537963867,-66.6666641235352,-500.0,jump,x_461.587799072266_y_152.979537963867
441.069,jump_input_released,455.637023925781,121.663520812988,-126.666664123535,-417.22216796875,Jump,released
441.169,jump_peak_reached,439.692565917969,116.871856689453,-180.0,41.2037048339844,jump_peak,x_439.692565917969_y_116.871856689453
441.287,platform_landed,425.859222412109,134.984252929688,0.0,0.0,land_on_platform,platform_scene-1/Tile Map/23_8_layer_Tile Map_tile_23_8_source_1_atlas_0_0
441.287,landed,425.859222412109,134.984252929688,0.0,0.0,land,surface_wood_impact_0.60092596435547
441.287,sonification,425.859222412109,134.984252929688,0.0,0.0,osc_received,"value_[1, ""leadr-mel""]"
441.502,move_left_pressed,425.859222412109,134.984252929688,-33.3333320617676,0.0,Move_Left,pressed
441.52,jump_input_pressed,425.303680419922,134.984252929688,-66.6666641235352,0.0,Jump,pressed
441.52,jump_executed,425.303680419922,134.984252929688,-66.6666641235352,-500.0,jump,x_425.303680419922_y_134.984252929688
441.952,jump_peak_reached,355.407897949219,28.1040554046631,-180.0,39.8149261474609,jump_peak,x_355.407897949219_y_28.1040554046631
442.004,jump_input_released,346.407897949219,31.9466533660889,-180.0,150.926040649414,Jump,released
442.153,platform_landed,316.407897949219,80.9326782226562,-180.0,0.0,land_on_platform,platform_scene-1/Tile Map/17_5_layer_Tile Map_tile_17_5_source_1_atlas_13_0
442.153,landed,316.407897949219,80.9326782226562,-180.0,0.0,land,surface_wood_impact_0.96851885986328
442.154,sonification,316.407897949219,80.9326782226562,-180.0,0.0,osc_received,"value_[1, ""leadr-mel""]"
442.154,sonification,316.407897949219,80.9326782226562,-180.0,0.0,osc_received,"value_[1, ""mushrooms""]"
442.602,jump_input_pressed,238.407897949219,80.9326782226562,-180.0,0.0,Jump,pressed
442.602,jump_executed,238.407897949219,80.9326782226562,-180.0,-500.0,jump,x_238.407897949219_y_80.9326782226562
442.611,sonification,235.405487060547,72.5917282104492,-180.0,-500.055541992188,osc_received,"value_[1, ""mushrooms""]"
442.669,jump_input_released,226.405487060547,49.6574668884277,-180.0,-417.22216796875,Jump,released
442.77,jump_peak_reached,209.794372558594,44.8657989501953,-13.3333311080933,41.2037048339844,jump_peak,x_209.794372558594_y_44.8657989501953
442.936,platform_landed,209.572143554688,80.9845962524414,0.0,0.0,land_on_platform,platform_scene-1/Tile Map/11_5_layer_Tile Map_tile_11_5_source_1_atlas_13_0
442.936,landed,209.572143554688,80.9845962524414,0.0,0.0,land,surface_wood_impact_0.82314825439453
442.936,sonification,209.572143554688,80.9845962524414,0.0,0.0,osc_received,"value_[1, ""leadr-mel""]"
443.035,jump_input_pressed,209.572143554688,80.9845962524414,0.0,0.0,Jump,pressed
443.036,jump_executed,209.572143554688,80.9845962524414,0.0,-500.0,jump,x_209.572143554688_y_80.9845962524414
443.102,jump_input_released,209.572143554688,49.6633338928223,0.0,-417.22216796875,Jump,released
443.202,jump_peak_reached,209.572143554688,44.8716659545898,0.0,41.2037048339844,jump_peak,x_209.572143554688_y_44.8716659545898
443.369,platform_landed,209.572143554688,80.9904632568359,0.0,0.0,land_on_platform,platform_scene-1/Tile Map/11_5_layer_Tile Map_tile_11_5_source_1_atlas_13_0
443.369,landed,209.572143554688,80.9904632568359,0.0,0.0,land,surface_wood_impact_0.82314825439453
443.37,sonification,209.572143554688,80.9904632568359,0.0,0.0,osc_received,"value_[1, ""leadr-mel""]"
443.436,jump_input_pressed,209.572143554688,80.9904632568359,0.0,0.0,Jump,pressed
443.436,jump_executed,209.572143554688,80.9904632568359,0.0,-500.0,jump,x_209.572143554688_y_80.9904632568359
443.436,musicking,209.572143554688,72.5983505249023,0.0,-500.055541992188,osc_received,"value_[1, ""chain-jumps""]"
443.503,jump_input_released,209.572143554688,49.6640892028809,0.0,-417.22216796875,Jump,released
443.61,jump_peak_reached,209.572143554688,44.8724212646484,0.0,41.2037048339844,jump_peak,x_209.572143554688_y_44.8724212646484
443.77,platform_landed,209.572143554688,80.9912185668945,0.0,0.0,land_on_platform,platform_scene-1/Tile Map/11_5_layer_Tile Map_tile_11_5_source_1_atlas_13_0
443.77,landed,209.572143554688,80.9912185668945,0.0,0.0,land,surface_wood_impact_0.82314825439453
443.786,sonification,209.572143554688,80.9912185668945,0.0,0.0,osc_received,"value_[1, ""leadr-mel""]"
443.853,jump_input_pressed,209.572143554688,80.9912185668945,0.0,0.0,Jump,pressed
443.853,jump_executed,209.572143554688,80.9912185668945,0.0,-500.0,jump,x_209.572143554688_y_80.9912185668945
443.853,musicking,209.572143554688,72.5984497070312,0.0,-500.055541992188,osc_received,"value_[1, ""chain-jumps""]"
443.919,move_left_pressed,209.572143554688,49.6641883850098,-15.0,-417.22216796875,Move_Left,pressed
443.978,jump_input_released,208.072143554688,29.8132667541504,-60.0,-355.722137451172,Jump,released
444.069,jump_peak_reached,198.322143554688,25.0216007232666,-150.0,41.2037048339844,jump_peak,x_198.322143554688_y_25.0216007232666
444.269,platform_landed,160.072143554688,80.9335174560547,-180.0,0.0,land_on_platform,platform_scene-1/Tile Map/8_5_layer_Tile Map_tile_8_5_source_1_atlas_13_0
444.269,landed,160.072143554688,80.9335174560547,-180.0,0.0,land,surface_wood_impact_0.97129644775391
444.277,sonification,160.072143554688,80.9335174560547,-180.0,0.0,osc_received,"value_[1, ""leadr-mel""]"
444.278,sonification,160.072143554688,80.9335174560547,-180.0,0.0,osc_received,"value_[1, ""mushrooms""]"
444.92,jump_input_pressed,46.0721473693848,80.9252319335938,-180.0,0.0,Jump,pressed
444.921,jump_executed,46.0721473693848,80.9252319335938,-180.0,-500.0,jump,x_46.0721473693848_y_80.9252319335938
444.928,sonification,43.0718040466309,72.5900192260742,-180.0,-500.055541992188,osc_received,"value_[1, ""mushrooms""]"
445.269,jump_input_released,29.2384719848633,-22.7988433837891,0.0,-75.3332214355469,Jump,released
445.352,jump_peak_reached,29.2384719848633,-25.6043891906738,0.0,45.0371475219727,jump_peak,x_29.2384719848633_y_-25.6043891906738
445.635,platform_landed,29.2384719848633,80.9895782470703,0.0,0.0,land_on_platform,platform_scene-1/Tile Map/1_5_layer_Tile Map_tile_1_5_source_1_atlas_12_0
445.635,landed,29.2384719848633,80.9895782470703,0.0,0.0,land,surface_wood_impact_1.34933374023438
445.643,sonification,29.2384719848633,80.9895782470703,0.0,0.0,osc_received,"value_[1, ""leadr-mel""]"
446.336,jump_input_pressed,29.2384719848633,80.9895782470703,0.0,0.0,Jump,pressed
446.336,jump_executed,29.2384719848633,80.9895782470703,0.0,-500.0,jump,x_29.2384719848633_y_80.9895782470703
446.353,jump_peak_reached,29.2384719848633,72.5982360839844,0.0,-479.222198486328,jump_peak,x_29.2384719848633_y_72.5982360839844
446.455,move_right_pressed,29.2384719848633,29.8130531311035,15.0,-355.722137451172,Move_Right,pressed
446.586,jump_input_released,38.2384719848633,-8.2387866973877,135.0,-194.166549682617,Jump,released
446.954,platform_landed,105.738471984863,80.9333190917969,180.0,0.0,land_on_platform,platform_scene-1/Tile Map/5_5_layer_Tile Map_tile_5_5_source_1_atlas_13_0
446.954,landed,105.738471984863,80.9333190917969,180.0,0.0,land,surface_wood_impact_1.2675927734375
446.954,sonification,105.738471984863,80.9333190917969,180.0,0.0,osc_received,"value_[1, ""leadr-mel""]"
446.954,sonification,105.738471984863,80.9333190917969,180.0,0.0,osc_received,"value_[1, ""mushrooms""]"
448.22,jump_input_pressed,330.738494873047,80.9252090454102,180.0,0.0,Jump,pressed
448.22,jump_executed,330.738494873047,80.9252090454102,180.0,-500.0,jump,x_330.738494873047_y_80.9252090454102
448.221,sonification,333.738830566406,72.5900192260742,180.0,-500.055541992188,osc_received,"value_[1, ""mushrooms""]"
448.235,jump_peak_reached,333.738830566406,72.5900192260742,180.0,-479.222198486328,jump_peak,x_333.738830566406_y_72.5900192260742
448.736,jump_input_released,423.738830566406,-16.4136390686035,180.0,225.000106811523,Jump,released
448.754,platform_landed,429.738830566406,-9.06637382507324,180.0,0.0,land_on_platform,platform_scene-1/Tile Map/23_0_layer_Tile Map_tile_23_0_source_1_atlas_13_7
448.754,landed,429.738830566406,-9.06637382507324,180.0,0.0,land,surface_wood_impact_0.52407427978516
448.755,musicking,429.738830566406,-9.06637382507324,180.0,0.0,osc_received,"value_[1, ""cloud""]"
448.78,musicking,431.349945068359,-9.06637382507324,96.6666641235352,0.0,osc_received,"value_[1, ""platform_pan_nav""]"
449.036,move_right_pressed,431.572174072266,-9.06637382507324,33.3333320617676,0.0,Move_Right,pressed
449.302,jump_input_pressed,472.913970947266,-8.94194030761719,180.0,37.037036895752,Jump,pressed
449.302,jump_executed,472.913970947266,-8.94194030761719,180.0,-500.0,jump,x_472.913970947266_y_-8.94194030761719
449.519,jump_peak_reached,511.91552734375,-82.3155136108398,180.0,74.0740737915039,jump_peak,x_511.91552734375_y_-82.3155136108398
449.653,jump_input_released,533.420349121094,-55.4370231628418,15.0,370.370391845703,Jump,released
449.878,platform_landed,541.286315917969,80.999641418457,0.0,0.0,land_on_platform,platform_scene-1/Tile Map/30_5_layer_Tile Map_tile_30_5_source_1_atlas_3_0
449.878,landed,541.286315917969,80.999641418457,0.0,0.0,land,surface_wood_impact_1.70370397949219
450.402,move_right_pressed,541.286315917969,80.999641418457,33.3333320617676,0.0,Move_Right,pressed
450.479,jump_input_pressed,546.843078613281,80.9325180053711,166.666656494141,0.0,Jump,pressed
450.479,jump_executed,546.843078613281,80.9325180053711,166.666656494141,-500.0,jump,x_546.843078613281_y_80.9325180053711
450.754,jump_input_released,597.623107910156,-14.4158058166504,180.0,-154.333221435547,Jump,released
450.853,jump_peak_reached,615.623107910156,-19.2074718475342,180.0,41.2037048339844,jump_peak,x_615.623107910156_y_-19.2074718475342
451.069,platform_landed,632.456420898438,44.963191986084,0.0,0.0,land_on_platform,platform_scene-1/Tile Map/35_3_layer_Tile Map_tile_35_3_source_1_atlas_13_0
451.069,landed,632.456420898438,44.963191986084,0.0,0.0,land,surface_wood_impact_1.04537048339844
451.22,jump_input_pressed,632.456420898438,44.963191986084,0.0,0.0,Jump,pressed
451.22,jump_executed,632.456420898438,44.963191986084,0.0,-500.0,jump,x_632.456420898438_y_44.963191986084
451.354,move_right_pressed,632.456420898438,-12.1264724731445,15.0,-335.333251953125,Move_Right,pressed
451.487,jump_input_released,641.456420898438,-47.4931259155273,135.0,-174.222106933594,Jump,released
451.586,jump_peak_reached,650.317504882812,-52.2847938537598,0.0,41.2037048339844,jump_peak,x_650.317504882812_y_-52.2847938537598
451.72,platform_landed,650.317504882812,-27.0021324157715,0.0,0.0,land_on_platform,platform_scene-1/Tile Map/36_-1_layer_Tile Map_tile_36_-1_source_1_atlas_13_7
451.72,landed,650.317504882812,-27.0021324157715,0.0,0.0,land,surface_wood_impact_0.67500006103516
451.727,sonification,650.317504882812,-27.0021324157715,0.0,0.0,osc_received,"value_[1, ""leadr-mel""]"
451.727,musicking,650.317504882812,-27.0021324157715,0.0,0.0,osc_received,"value_[1, ""cloud""]"
452.102,move_left_pressed,650.317504882812,-27.0021324157715,-33.3333320617676,0.0,Move_Left,pressed
452.103,jump_input_pressed,650.317504882812,-27.0021324157715,-33.3333320617676,0.0,Jump,pressed
452.103,jump_executed,650.317504882812,-27.0021324157715,-33.3333320617676,-500.0,jump,x_650.317504882812_y_-27.0021324157715
452.369,jump_input_released,615.5078125,-119.488349914551,-180.0,-174.222106933594,Jump,released
452.469,jump_peak_reached,597.5078125,-124.280014038086,-180.0,41.2037048339844,jump_peak,x_597.5078125_y_-124.280014038086
452.686,platform_landed,580.674499511719,-63.0188179016113,0.0,0.0,land_on_platform,platform_scene-1/Tile Map/32_-3_layer_Tile Map_tile_32_-3_source_1_atlas_3_0
452.686,landed,580.674499511719,-63.0188179016113,0.0,0.0,land,surface_wood_impact_1.04537048339844
452.695,sonification,580.674499511719,-63.0188179016113,0.0,0.0,osc_received,"value_[1, ""leadr-mel""]"
453.188,move_left_pressed,580.674499511719,-63.0188179016113,-33.3333320617676,0.0,Move_Left,pressed
453.219,jump_input_pressed,579.007873535156,-63.0188179016113,-100.0,0.0,Jump,pressed
453.219,jump_executed,579.007873535156,-63.0188179016113,-100.0,-500.0,jump,x_579.007873535156_y_-63.0188179016113
453.569,jump_input_released,520.248229980469,-166.789840698242,-180.0,-75.3332214355469,Jump,released
453.653,jump_peak_reached,505.248229980469,-169.59538269043,-96.6666641235352,45.0371475219727,jump_peak,x_505.248229980469_y_-169.59538269043
453.819,coin_collected,503.414886474609,-134.311401367188,0.0,378.370513916016,collect_coin,coin_coin9_score_8
453.821,sonification,503.414886474609,-127.387939453125,0.0,415.407562255859,osc_received,"value_[1, ""coins-with-pitch""]"
453.853,platform_landed,503.414886474609,-117.011009216309,0.0,0.0,land_on_platform,platform_scene-1/Tile Map/27_-6_layer_Tile Map_tile_27_-6_source_1_atlas_2_0
453.853,landed,503.414886474609,-117.011009216309,0.0,0.0,land,surface_wood_impact_0.97896331787109
453.861,sonification,503.414886474609,-117.011009216309,0.0,0.0,osc_received,"value_[1, ""leadr-mel""]"
453.87,musicking,503.414886474609,-117.011009216309,0.0,0.0,osc_received,"value_[1, ""platform_pan_nav""]"
454.22,jump_input_pressed,503.414886474609,-117.011009216309,0.0,0.0,Jump,pressed
454.22,jump_executed,503.414886474609,-117.011009216309,0.0,-500.0,jump,x_503.414886474609_y_-117.011009216309
454.253,move_right_pressed,503.414886474609,-133.390731811523,15.0,-458.499969482422,Move_Right,pressed
454.336,jump_input_released,507.164886474609,-168.18701171875,90.0,-355.722137451172,Jump,released
454.444,jump_peak_reached,519.914916992188,-172.97868347168,180.0,41.2037048339844,jump_peak,x_519.914916992188_y_-172.97868347168
454.602,platform_landed,524.748229980469,-135.011032104492,0.0,0.0,land_on_platform,platform_scene-1/Tile Map/29_-7_layer_Tile Map_tile_29_-7_source_1_atlas_0_0
454.603,landed,524.748229980469,-135.011032104492,0.0,0.0,land,surface_wood_impact_0.82314825439453
454.611,sonification,524.748229980469,-135.011032104492,0.0,0.0,osc_received,"value_[1, ""leadr-mel""]"
454.904,move_left_pressed,524.748229980469,-135.011032104492,-33.3333320617676,0.0,Move_Left,pressed
454.904,jump_input_pressed,524.748229980469,-135.011032104492,-33.3333320617676,0.0,Jump,pressed
454.904,jump_executed,524.748229980469,-135.011032104492,-33.3333320617676,-500.0,jump,x_524.748229980469_y_-135.011032104492
455.22,jump_input_released,480.939025878906,-235.257141113281,-180.0,-114.722114562988,Jump,released
455.32,jump_peak_reached,462.939025878906,-240.048812866211,-96.6666641235352,41.2037048339844,jump_peak,x_462.939025878906_y_-240.048812866211
455.469,platform_landed,461.105682373047,-207.013092041016,0.0,0.0,land_on_platform,platform_scene-1/Tile Map/25_-11_layer_Tile Map_tile_25_-11_source_1_atlas_2_0
455.469,landed,461.105682373047,-207.013092041016,0.0,0.0,land,surface_wood_impact_0.74907415771484
455.47,sonification,461.105682373047,-207.013092041016,0.0,0.0,osc_received,"value_[1, ""leadr-mel""]"
455.836,move_right_pressed,461.105682373047,-207.013092041016,33.3333320617676,0.0,Move_Right,pressed
455.902,jump_input_pressed,466.661224365234,-207.013092041016,166.666656494141,0.0,Jump,pressed
455.902,jump_executed,466.661224365234,-207.013092041016,166.666656494141,-500.0,jump,x_466.661224365234_y_-207.013092041016
456.27,jump_input_released,532.455444335938,-312.061370849609,180.0,-55.722110748291,Jump,released
456.336,jump_peak_reached,544.455444335938,-313.692840576172,180.0,43.8149261474609,jump_peak,x_544.455444335938_y_-313.692840576172
456.536,platform_landed,564.288757324219,-257.990509033203,0.0,0.0,land_on_platform,platform_scene-1/Tile Map/31_-14_layer_Tile Map_tile_31_-14_source_1_atlas_18_3
456.536,landed,564.288757324219,-257.990509033203,0.0,0.0,land,surface_wood_impact_0.97651885986328
456.544,sonification,564.288757324219,-257.990509033203,0.0,0.0,osc_received,"value_[1, ""leadr-mel""]"
456.544,musicking,564.288757324219,-257.990509033203,0.0,0.0,osc_received,"value_[1, ""leaves""]"
456.837,move_right_pressed,564.288757324219,-257.990509033203,33.3333320617676,0.0,Move_Right,pressed
457.102,jump_input_pressed,570.677917480469,-258.028472900391,0.0,0.0,Jump,pressed
457.102,jump_executed,570.677917480469,-258.028472900391,0.0,-500.0,jump,x_570.677917480469_y_-258.028472900391
457.37,move_left_pressed,570.677917480469,-350.458740234375,-15.0,-174.222106933594,Move_Left,pressed
457.536,jump_peak_reached,556.927917480469,-364.865203857422,-165.0,39.8149261474609,jump_peak,x_556.927917480469_y_-364.865203857422
457.569,jump_input_released,551.177917480469,-362.920776367188,-180.0,113.889007568359,Jump,released
457.636,platform_landed,543.344604492188,-351.018829345703,0.0,0.0,land_on_platform,platform_scene-1/Tile Map/30_-19_layer_Tile Map_tile_30_-19_source_1_atlas_15_0
457.636,landed,543.344604492188,-351.018829345703,0.0,0.0,land,surface_wood_impact_0.52407427978516
457.637,sonification,543.344604492188,-351.018829345703,0.0,0.0,osc_received,"value_[1, ""leadr-mel""]"
457.92,move_right_pressed,543.344604492188,-351.018829345703,33.3333320617676,0.0,Move_Right,pressed
457.927,sonification,543.900146484375,-351.018829345703,33.3333320617676,0.0,osc_received,"value_[1, ""mushrooms""]"
457.953,jump_input_pressed,545.01123046875,-351.018829345703,100.0,0.0,Jump,pressed
457.954,jump_executed,545.01123046875,-351.018829345703,100.0,-500.0,jump,x_545.01123046875_y_-351.018829345703
457.954,sonification,546.687438964844,-359.400939941406,100.0,-500.055541992188,osc_received,"value_[1, ""mushrooms""]"
458.336,jump_input_released,609.770874023438,-457.015716552734,180.0,-36.1665573120117,Jump,released
458.387,jump_peak_reached,618.770874023438,-457.782379150391,180.0,42.5371475219727,jump_peak,x_618.770874023438_y_-457.782379150391
458.469,coin_collected,633.770874023438,-448.064788818359,180.0,190.685302734375,collect_coin,coin_coin11_score_10
458.47,sonification,635.381958007812,-444.269409179688,96.6666641235352,227.72233581543,osc_received,"value_[1, ""coins-with-pitch""]"
458.553,platform_landed,635.604187011719,-420.011840820312,0.0,0.0,land_on_platform,platform_scene-1/Tile Map/35_-23_layer_Tile Map_tile_35_-23_source_1_atlas_19_3
458.553,landed,635.604187011719,-420.011840820312,0.0,0.0,land,surface_wood_impact_0.82581512451172
458.553,sonification,635.604187011719,-420.011840820312,0.0,0.0,osc_received,"value_[1, ""leadr-mel""]"
458.554,musicking,635.604187011719,-420.011840820312,0.0,0.0,osc_received,"value_[1, ""leaves""]"
459.154,move_right_pressed,635.604187011719,-420.011840820312,33.3333320617676,0.0,Move_Right,pressed
459.154,jump_input_pressed,635.604187011719,-420.011840820312,33.3333320617676,0.0,Jump,pressed
459.155,jump_executed,635.604187011719,-420.011840820312,33.3333320617676,-500.0,jump,x_635.604187011719_y_-420.011840820312
459.587,jump_peak_reached,700.413635253906,-526.900634765625,180.0,39.8149261474609,jump_peak,x_700.413635253906_y_-526.900634765625
459.587,jump_input_released,700.413635253906,-526.900634765625,180.0,39.8149261474609,Jump,released
459.736,platform_landed,711.246948242188,-495.013580322266,0.0,0.0,land_on_platform,platform_scene-1/Tile Map/39_-27_layer_Tile Map_tile_39_-27_source_1_atlas_2_0
459.736,landed,711.246948242188,-495.013580322266,0.0,0.0,land,surface_wood_impact_0.74629656982422
459.737,sonification,711.246948242188,-495.013580322266,0.0,0.0,osc_received,"value_[1, ""leadr-mel""]"
459.76,musicking,711.246948242188,-495.013580322266,0.0,0.0,osc_received,"value_[1, ""platform_pan_nav""]"
460.121,move_right_pressed,711.246948242188,-495.013580322266,33.3333320617676,0.0,Move_Right,pressed
460.819,jump_input_pressed,724.41357421875,-495.013580322266,0.0,0.0,Jump,pressed
460.82,jump_executed,724.41357421875,-495.013580322266,0.0,-500.0,jump,x_724.41357421875_y_-495.013580322266
460.921,move_right_pressed,724.41357421875,-539.911376953125,15.0,-376.166595458984,Move_Right,pressed
461.253,jump_peak_reached,767.91357421875,-601.896545410156,180.0,39.8149261474609,jump_peak,x_767.91357421875_y_-601.896545410156
461.288,jump_input_released,773.91357421875,-599.952087402344,180.0,113.889007568359,Jump,released
461.353,platform_landed,788.91357421875,-585.066345214844,180.0,0.0,land_on_platform,platform_scene-1/Tile Map/43_-32_layer_Tile Map_tile_43_-32_source_1_atlas_2_0
461.353,landed,788.91357421875,-585.066345214844,180.0,0.0,land,surface_wood_impact_0.52407427978516
461.361,sonification,788.91357421875,-585.066345214844,180.0,0.0,osc_received,"value_[1, ""leadr-mel""]"
461.819,coin_collected,853.764709472656,-479.178741455078,0.0,666.666748046875,collect_coin,coin_coin16_score_12
461.82,platform_landed,853.764709472656,-474.001739501953,0.0,0.0,land_on_platform,platform_scene-1/Tile Map/47_-26_layer_Tile Map_tile_47_-26_source_1_atlas_13_6
461.82,landed,853.764709472656,-474.001739501953,0.0,0.0,land,surface_wood_impact_1.40740759277344
461.821,sonification,853.764709472656,-474.001739501953,0.0,0.0,osc_received,"value_[1, ""leadr-mel""]"
461.821,sonification,853.764709472656,-474.001739501953,0.0,0.0,osc_received,"value_[1, ""coins-with-pitch""]"
461.821,musicking,853.764709472656,-474.001739501953,0.0,0.0,osc_received,"value_[1, ""water-tube""]"
462.102,move_right_pressed,853.764709472656,-474.001739501953,33.3333320617676,0.0,Move_Right,pressed
462.219,coin_collected,868.098083496094,-474.063751220703,180.0,0.0,collect_coin,coin_coin17_score_14
462.227,sonification,871.098083496094,-474.063751220703,180.0,0.0,osc_received,"value_[1, ""coins-with-pitch""]"
462.419,coin_collected,904.091552734375,-474.052398681641,180.0,0.0,collect_coin,coin_coin18_score_16
462.421,sonification,907.091552734375,-474.052398681641,180.0,0.0,osc_received,"value_[1, ""coins-with-pitch""]"
462.62,coin_collected,940.091552734375,-474.052398681641,180.0,0.0,collect_coin,coin_coin19_score_18
462.621,sonification,943.091552734375,-474.052398681641,180.0,0.0,osc_received,"value_[1, ""coins-with-pitch""]"
462.869,move_left_pressed,962.924865722656,-474.052398681641,-33.3333320617676,0.0,Move_Left,pressed
463.802,jump_input_pressed,802.213562011719,-472.910522460938,-180.0,111.111114501953,Jump,pressed
463.987,jump_input_released,769.213562011719,-418.589538574219,-180.0,518.5185546875,Jump,released
464.436,platform_landed,728.380249023438,44.9545478820801,0.0,0.0,land_on_platform,platform_scene-1/Tile Map/40_3_layer_Tile Map_tile_40_3_source_1_atlas_13_0
464.436,landed,728.380249023438,44.9545478820801,0.0,0.0,land,surface_wood_impact_3.0370361328125
464.444,sonification,728.380249023438,44.9545478820801,0.0,0.0,osc_received,"value_[1, ""leadr-mel""]"
464.47,musicking,728.380249023438,44.9545478820801,0.0,0.0,osc_received,"value_[1, ""far-fall""]"
465.054,move_left_pressed,728.380249023438,44.9545478820801,-33.3333320617676,0.0,Move_Left,pressed
465.061,sonification,727.82470703125,44.9545478820801,-33.3333320617676,0.0,osc_received,"value_[1, ""mushrooms""]"
465.378,sonification,682.213623046875,44.9545478820801,0.0,0.0,osc_received,"value_[1, ""mushrooms""]"
465.619,move_right_pressed,682.213623046875,44.9545478820801,33.3333320617676,0.0,Move_Right,pressed
465.628,sonification,682.769165039062,44.9545478820801,33.3333320617676,0.0,osc_received,"value_[1, ""mushrooms""]"
465.77,sonification,698.380249023438,44.9279594421387,0.0,0.0,osc_received,"value_[1, ""mushrooms""]"
465.935,jump_input_pressed,698.380249023438,44.9279594421387,0.0,0.0,Jump,pressed
465.935,jump_executed,698.380249023438,44.9279594421387,0.0,-500.0,jump,x_698.380249023438_y_44.9279594421387
465.953,jump_peak_reached,698.380249023438,36.5902519226074,0.0,-479.222198486328,jump_peak,x_698.380249023438_y_36.5902519226074
466.136,move_left_pressed,698.380249023438,-32.495849609375,-15.0,-254.333206176758,Move_Left,pressed
466.253,jump_input_released,691.380249023438,-55.2652778625488,-120.0,-114.722114562988,Jump,released
466.503,platform_landed,683.519165039062,-27.0212173461914,0.0,0.0,land_on_platform,platform_scene-1/Tile Map/37_-1_layer_Tile Map_tile_37_-1_source_1_atlas_15_7
466.503,landed,683.519165039062,-27.0212173461914,0.0,0.0,land,surface_wood_impact_0.74907415771484
466.503,musicking,683.519165039062,-27.0212173461914,0.0,0.0,osc_received,"value_[1, ""cloud""]"
466.537,move_left_pressed,683.519165039062,-27.0212173461914,-33.3333320617676,0.0,Move_Left,pressed
466.737,jump_input_pressed,654.185852050781,-27.0689010620117,-180.0,0.0,Jump,pressed
466.737,jump_executed,654.185852050781,-27.0689010620117,-180.0,-500.0,jump,x_654.185852050781_y_-27.0689010620117
466.92,jump_input_released,621.183898925781,-99.9086151123047,-180.0,-274.499877929688,Jump,released
467.019,jump_peak_reached,603.183898925781,-104.70027923584,-180.0,41.2037048339844,jump_peak,x_603.183898925781_y_-104.70027923584
467.203,platform_landed,580.3505859375,-63.0130958557129,0.0,0.0,land_on_platform,platform_scene-1/Tile Map/32_-3_layer_Tile Map_tile_32_-3_source_1_atlas_3_0
467.203,landed,580.3505859375,-63.0130958557129,0.0,0.0,land,surface_wood_impact_0.89722235107422
467.221,musicking,580.3505859375,-63.0130958557129,0.0,0.0,osc_received,"value_[1, ""platform_pan_nav""]"
467.37,jump_input_pressed,580.3505859375,-63.0130958557129,0.0,0.0,Jump,pressed
467.37,jump_executed,580.3505859375,-63.0130958557129,0.0,-500.0,jump,x_580.3505859375_y_-63.0130958557129
467.453,move_left_pressed,580.3505859375,-101.294715881348,-15.0,-396.666595458984,Move_Left,pressed
467.752,jump_input_released,542.8505859375,-169.016952514648,-180.0,-36.1665573120117,Jump,released
467.802,jump_peak_reached,533.8505859375,-169.783615112305,-180.0,42.5371475219727,jump_peak,x_533.8505859375_y_-169.783615112305
467.953,platform_landed,526.017272949219,-135.005004882812,0.0,0.0,land_on_platform,platform_scene-1/Tile Map/29_-7_layer_Tile Map_tile_29_-7_source_1_atlas_0_0
467.953,landed,526.017272949219,-135.005004882812,0.0,0.0,land,surface_wood_impact_0.75174102783203
468.07,jump_input_pressed,526.017272949219,-135.005004882812,0.0,0.0,Jump,pressed
468.07,jump_executed,526.017272949219,-135.005004882812,0.0,-500.0,jump,x_526.017272949219_y_-135.005004882812
468.103,move_left_pressed,526.017272949219,-151.389953613281,-15.0,-458.499969482422,Move_Left,pressed
468.37,jump_input_released,494.517272949219,-232.997360229492,-180.0,-134.499893188477,Jump,released
468.469,jump_peak_reached,476.517272949219,-237.789031982422,-180.0,41.2037048339844,jump_peak,x_476.517272949219_y_-237.789031982422
468.62,platform_landed,468.683929443359,-207.021026611328,0.0,0.0,land_on_platform,platform_scene-1/Tile Map/25_-11_layer_Tile Map_tile_25_-11_source_1_atlas_2_0
468.62,landed,468.683929443359,-207.021026611328,0.0,0.0,land,surface_wood_impact_0.74907415771484
468.736,move_right_pressed,468.683929443359,-207.021026611328,33.3333320617676,0.0,Move_Right,pressed
468.737,jump_input_pressed,468.683929443359,-207.021026611328,33.3333320617676,0.0,Jump,pressed
468.737,jump_executed,468.683929443359,-207.021026611328,33.3333320617676,-500.0,jump,x_468.683929443359_y_-207.021026611328
469.169,jump_peak_reached,533.492797851562,-313.901275634766,180.0,39.8149261474609,jump_peak,x_533.492797851562_y_-313.901275634766
469.187,jump_input_released,536.492797851562,-313.237701416016,180.0,76.8519668579102,Jump,released
469.369,platform_landed,572.495544433594,-258.023162841797,180.0,0.0,land_on_platform,platform_scene-1/Tile Map/31_-14_layer_Tile Map_tile_31_-14_source_1_atlas_18_3
469.369,landed,572.495544433594,-258.023162841797,180.0,0.0,land,surface_wood_impact_0.96851885986328
469.37,musicking,572.495544433594,-258.023162841797,180.0,0.0,osc_received,"value_[1, ""leaves""]"
469.52,jump_input_pressed,574.328857421875,-258.023162841797,0.0,0.0,Jump,pressed
469.52,jump_executed,574.328857421875,-258.023162841797,0.0,-500.0,jump,x_574.328857421875_y_-258.023162841797
469.678,move_left_pressed,574.328857421875,-320.679351806641,-15.0,-314.999908447266,Move_Left,pressed
469.903,jump_input_released,548.828857421875,-363.9755859375,-180.0,-36.1665573120117,Jump,released
469.952,jump_peak_reached,539.828857421875,-364.742248535156,-180.0,42.5371475219727,jump_peak,x_539.828857421875_y_-364.742248535156
470.053,platform_landed,531.995544433594,-351.005187988281,0.0,0.0,land_on_platform,platform_scene-1/Tile Map/29_-19_layer_Tile Map_tile_29_-19_source_1_atlas_12_0
470.053,landed,531.995544433594,-351.005187988281,0.0,0.0,land,surface_wood_impact_0.52951873779297
470.203,move_right_pressed,531.995544433594,-351.005187988281,33.3333320617676,0.0,Move_Right,pressed
470.204,sonification,532.551086425781,-351.005187988281,33.3333320617676,0.0,osc_received,"value_[1, ""mushrooms""]"
470.287,jump_input_pressed,540.328857421875,-351.005187988281,180.0,0.0,Jump,pressed
470.287,jump_executed,540.328857421875,-351.005187988281,180.0,-500.0,jump,x_540.328857421875_y_-351.005187988281
470.288,sonification,543.348999023438,-359.395385742188,180.0,-500.055541992188,osc_received,"value_[1, ""mushrooms""]"
470.687,jump_input_released,612.348999023438,-457.635162353516,180.0,-16.6665554046631,Jump,released
470.72,jump_peak_reached,618.348999023438,-457.843475341797,180.0,41.2038154602051,jump_peak,x_618.348999023438_y_-457.843475341797
470.886,platform_landed,623.182312011719,-420.009765625,0.0,0.0,land_on_platform,platform_scene-1/Tile Map/34_-23_layer_Tile Map_tile_34_-23_source_1_atlas_17_3
470.886,landed,623.182312011719,-420.009765625,0.0,0.0,land,surface_wood_impact_0.8231484375
470.894,musicking,623.182312011719,-420.009765625,0.0,0.0,osc_received,"value_[1, ""leaves""]"
470.954,move_left_pressed,623.182312011719,-420.009765625,-33.3333320617676,0.0,Move_Left,pressed
470.988,jump_input_pressed,621.515808105469,-420.066131591797,-100.0,0.0,Jump,pressed
470.988,jump_executed,621.515808105469,-420.066131591797,-100.0,-500.0,jump,x_621.515808105469_y_-420.066131591797
470.988,musicking,619.847351074219,-428.409484863281,-100.0,-500.055541992188,osc_received,"value_[1, ""chain-jumps""]"
471.419,jump_peak_reached,547.763916015625,-526.903869628906,-180.0,39.8149261474609,jump_peak,x_547.763916015625_y_-526.903869628906
471.554,jump_input_released,523.763916015625,-504.311309814453,-180.0,336.111236572266,Jump,released
471.687,platform_landed,496.771026611328,-438.055572509766,-180.0,0.0,land_on_platform,platform_scene-1/Tile Map/27_-24_layer_Tile Map_tile_27_-24_source_1_atlas_13_6
471.687,landed,496.771026611328,-438.055572509766,-180.0,0.0,land,surface_wood_impact_1.26481518554687
471.694,musicking,496.771026611328,-438.055572509766,-180.0,0.0,osc_received,"value_[1, ""water-tube""]"
473.669,move_right_pressed,149.938247680664,-438.06787109375,33.3333320617676,0.0,Move_Right,pressed
474.321,jump_input_pressed,260.272155761719,-438.047668457031,96.6666641235352,0.0,Jump,pressed
474.321,jump_executed,260.272155761719,-438.047668457031,96.6666641235352,-500.0,jump,x_260.272155761719_y_-438.047668457031
474.386,jump_input_released,262.108764648438,-469.333068847656,0.0,-417.22216796875,Jump,released
474.487,jump_peak_reached,262.108764648438,-474.124725341797,0.0,41.2037048339844,jump_peak,x_262.108764648438_y_-474.124725341797
474.653,platform_landed,262.108764648438,-438.005920410156,0.0,0.0,land_on_platform,platform_scene-1/Tile Map/14_-24_layer_Tile Map_tile_14_-24_source_1_atlas_13_6
474.653,landed,262.108764648438,-438.005920410156,0.0,0.0,land,surface_wood_impact_0.82314825439453
474.654,musicking,262.108764648438,-438.005920410156,0.0,0.0,osc_received,"value_[1, ""water-tube""]"
475.352,jump_input_pressed,262.108764648438,-438.005920410156,0.0,0.0,Jump,pressed
475.352,jump_executed,262.108764648438,-438.005920410156,0.0,-500.0,jump,x_262.108764648438_y_-438.005920410156
475.436,jump_input_released,262.108764648438,-476.284637451172,0.0,-396.666595458984,Jump,released
475.536,jump_peak_reached,262.108764648438,-481.076293945312,0.0,41.2037048339844,jump_peak,x_262.108764648438_y_-481.076293945312
475.721,platform_landed,262.108764648438,-438.009124755859,0.0,0.0,land_on_platform,platform_scene-1/Tile Map/14_-24_layer_Tile Map_tile_14_-24_source_1_atlas_13_6
475.721,landed,262.108764648438,-438.009124755859,0.0,0.0,land,surface_wood_impact_0.89722235107422
475.722,musicking,262.108764648438,-438.009124755859,0.0,0.0,osc_received,"value_[1, ""water-tube""]"
476.036,jump_input_pressed,262.108764648438,-438.009124755859,0.0,0.0,Jump,pressed
476.036,jump_executed,262.108764648438,-438.009124755859,0.0,-500.0,jump,x_262.108764648438_y_-438.009124755859
476.103,jump_input_released,262.108764648438,-469.326721191406,0.0,-417.22216796875,Jump,released
476.203,jump_peak_reached,262.108764648438,-474.118377685547,0.0,41.2037048339844,jump_peak,x_262.108764648438_y_-474.118377685547
476.369,platform_landed,262.108764648438,-437.999572753906,0.0,0.0,land_on_platform,platform_scene-1/Tile Map/14_-24_layer_Tile Map_tile_14_-24_source_1_atlas_13_6
476.369,landed,262.108764648438,-437.999572753906,0.0,0.0,land,surface_wood_impact_0.82314825439453
476.37,musicking,262.108764648438,-437.999572753906,0.0,0.0,osc_received,"value_[1, ""water-tube""]"
476.67,jump_input_pressed,262.108764648438,-437.999572753906,0.0,0.0,Jump,pressed
476.67,jump_executed,262.108764648438,-437.999572753906,0.0,-500.0,jump,x_262.108764648438_y_-437.999572753906
476.753,jump_input_released,262.108764648438,-476.283813476562,0.0,-396.666595458984,Jump,released
476.852,jump_peak_reached,262.108764648438,-481.075469970703,0.0,41.2037048339844,jump_peak,x_262.108764648438_y_-481.075469970703
477.038,platform_landed,262.108764648438,-438.00830078125,0.0,0.0,land_on_platform,platform_scene-1/Tile Map/14_-24_layer_Tile Map_tile_14_-24_source_1_atlas_13_6
477.038,landed,262.108764648438,-438.00830078125,0.0,0.0,land,surface_wood_impact_0.89722235107422
477.039,musicking,262.108764648438,-438.00830078125,0.0,0.0,osc_received,"value_[1, ""water-tube""]"
477.269,jump_input_pressed,262.108764648438,-438.00830078125,0.0,0.0,Jump,pressed
477.269,jump_executed,262.108764648438,-438.00830078125,0.0,-500.0,jump,x_262.108764648438_y_-438.00830078125
477.336,jump_input_released,262.108764648438,-469.326629638672,0.0,-417.22216796875,Jump,released
477.437,jump_peak_reached,262.108764648438,-474.118286132812,0.0,41.2037048339844,jump_peak,x_262.108764648438_y_-474.118286132812
477.536,move_left_pressed,262.108764648438,-460.738647460938,-15.0,263.425933837891,Move_Left,pressed
477.603,platform_landed,258.364868164062,-438.06103515625,-75.0,0.0,land_on_platform,platform_scene-1/Tile Map/14_-24_layer_Tile Map_tile_14_-24_source_1_atlas_13_6
477.603,landed,258.364868164062,-438.06103515625,-75.0,0.0,land,surface_wood_impact_0.82314825439453
477.604,musicking,258.364868164062,-438.06103515625,-75.0,0.0,osc_received,"value_[1, ""water-tube""]"
477.703,jump_input_pressed,245.281631469727,-438.050018310547,-180.0,0.0,Jump,pressed
477.703,jump_executed,245.281631469727,-438.050018310547,-180.0,-500.0,jump,x_245.281631469727_y_-438.050018310547
477.703,musicking,242.277740478516,-446.395080566406,-180.0,-500.055541992188,osc_received,"value_[1, ""chain-jumps""]"
477.754,jump_input_released,236.277740478516,-462.028411865234,-180.0,-437.833282470703,Jump,released
477.853,jump_peak_reached,218.277740478516,-466.820068359375,-180.0,41.2037048339844,jump_peak,x_218.277740478516_y_-466.820068359375
478.003,platform_landed,188.284927368164,-438.057983398438,-180.0,0.0,land_on_platform,platform_scene-1/Tile Map/10_-24_layer_Tile Map_tile_10_-24_source_1_atlas_13_6
478.003,landed,188.284927368164,-438.057983398438,-180.0,0.0,land,surface_wood_impact_0.74907415771484
478.004,musicking,188.284927368164,-438.057983398438,-180.0,0.0,osc_received,"value_[1, ""water-tube""]"
478.069,jump_input_pressed,179.284942626953,-438.057983398438,-180.0,0.0,Jump,pressed
478.07,jump_executed,179.284942626953,-438.057983398438,-180.0,-500.0,jump,x_179.284942626953_y_-438.057983398438
478.07,musicking,176.284942626953,-446.392242431641,-180.0,-500.055541992188,osc_received,"value_[1, ""chain-jumps""]"
478.144,jump_input_released,167.284942626953,-469.326507568359,-180.0,-417.22216796875,Jump,released
478.236,jump_peak_reached,149.284942626953,-474.1181640625,-180.0,41.2037048339844,jump_peak,x_149.284942626953_y_-474.1181640625
478.404,platform_landed,116.291625976562,-438.058746337891,-180.0,0.0,land_on_platform,platform_scene-1/Tile Map/6_-24_layer_Tile Map_tile_6_-24_source_1_atlas_13_6
478.404,landed,116.291625976562,-438.058746337891,-180.0,0.0,land,surface_wood_impact_0.82314825439453
478.406,musicking,116.291625976562,-438.058746337891,-180.0,0.0,osc_received,"value_[1, ""water-tube""]"
478.42,jump_input_pressed,116.291625976562,-438.058746337891,-180.0,0.0,Jump,pressed
478.42,jump_executed,116.291625976562,-438.058746337891,-180.0,-500.0,jump,x_116.291625976562_y_-438.058746337891
478.428,musicking,113.289123535156,-446.399932861328,-180.0,-500.055541992188,osc_received,"value_[1, ""chain-jumps""]"
478.488,jump_input_released,104.289123535156,-469.334197998047,-180.0,-417.22216796875,Jump,released
478.586,jump_peak_reached,86.2891235351562,-474.125854492188,-180.0,41.2037048339844,jump_peak,x_86.2891235351562_y_-474.125854492188
478.753,platform_landed,53.296012878418,-438.069976806641,-180.0,0.0,land_on_platform,platform_scene-1/Tile Map/3_-24_layer_Tile Map_tile_3_-24_source_1_atlas_13_6
478.754,landed,53.296012878418,-438.069976806641,-180.0,0.0,land,surface_wood_impact_0.82314825439453
478.754,musicking,53.296012878418,-438.069976806641,-180.0,0.0,osc_received,"value_[1, ""water-tube""]"
478.787,jump_input_pressed,50.296012878418,-437.989898681641,-180.0,0.0,Jump,pressed
478.787,jump_executed,50.296012878418,-437.989898681641,-180.0,-500.0,jump,x_50.296012878418_y_-437.989898681641
478.788,musicking,47.2765007019043,-446.378356933594,-180.0,-500.055541992188,osc_received,"value_[1, ""chain-jumps""]"
478.846,jump_input_released,41.2765007019043,-462.011688232422,-180.0,-437.833282470703,Jump,released
478.936,jump_peak_reached,23.2765007019043,-466.803344726562,-180.0,41.2037048339844,jump_peak,x_23.2765007019043_y_-466.803344726562
479.087,platform_landed,-6.71607208251953,-438.0546875,-180.0,0.0,land_on_platform,platform_scene-1/Tile Map/-1_-24_layer_Tile Map_tile_-1_-24_source_1_atlas_13_6
479.087,landed,-6.71607208251953,-438.0546875,-180.0,0.0,land,surface_wood_impact_0.74907415771484
479.094,musicking,-6.71607208251953,-438.0546875,-180.0,0.0,osc_received,"value_[1, ""water-tube""]"
479.121,jump_input_pressed,-9.7160587310791,-438.066070556641,-180.0,0.0,Jump,pressed
479.121,jump_executed,-9.7160587310791,-438.066070556641,-180.0,-500.0,jump,x_-9.7160587310791_y_-438.066070556641
479.121,musicking,-12.7165260314941,-446.401611328125,-180.0,-500.055541992188,osc_received,"value_[1, ""chain-jumps""]"
479.178,jump_input_released,-18.7165260314941,-462.034942626953,-180.0,-437.833282470703,Jump,released
479.27,jump_peak_reached,-35.32763671875,-466.826599121094,-13.3333311080933,41.2037048339844,jump_peak,x_-35.32763671875_y_-466.826599121094
479.312,move_right_pressed,-35.5498580932617,-464.835845947266,15.0,115.277786254883,Move_Right,pressed
479.42,platform_landed,-26.5425224304199,-438.056610107422,120.0,0.0,land_on_platform,platform_scene-1/Tile Map/-2_-24_layer_Tile Map_tile_-2_-24_source_1_atlas_13_6
479.42,landed,-26.5425224304199,-438.056610107422,120.0,0.0,land,surface_wood_impact_0.74907415771484
479.421,musicking,-26.5425224304199,-438.056610107422,120.0,0.0,osc_received,"value_[1, ""water-tube""]"
479.503,jump_input_pressed,-14.986946105957,-438.056610107422,180.0,0.0,Jump,pressed
479.503,jump_executed,-14.986946105957,-438.056610107422,180.0,-500.0,jump,x_-14.986946105957_y_-438.056610107422
479.504,musicking,-11.9820327758789,-446.404510498047,180.0,-500.055541992188,osc_received,"value_[1, ""chain-jumps""]"
479.586,jump_input_released,0.01796698570251,-476.297119140625,180.0,-396.666595458984,Jump,released
479.687,jump_peak_reached,18.0179672241211,-481.088775634766,180.0,41.2037048339844,jump_peak,x_18.0179672241211_y_-481.088775634766
479.869,jump_input_pressed,51.0179672241211,-439.584136962891,180.0,448.611175537109,Jump,pressed
479.87,platform_landed,54.0252647399902,-438.046447753906,180.0,0.0,land_on_platform,platform_scene-1/Tile Map/2_-24_layer_Tile Map_tile_2_-24_source_1_atlas_13_6
479.87,landed,54.0252647399902,-438.046447753906,180.0,0.0,land,surface_wood_impact_0.89722235107422
479.87,musicking,54.0252647399902,-438.046447753906,180.0,0.0,osc_received,"value_[1, ""water-tube""]"
479.887,jump_executed,54.0252647399902,-438.046447753906,180.0,-500.0,jump,x_54.0252647399902_y_-438.046447753906
479.888,musicking,57.0278129577637,-446.387786865234,180.0,-500.055541992188,osc_received,"value_[1, ""chain-jumps""]"
479.938,jump_input_released,63.0278129577637,-462.021118164062,180.0,-437.833282470703,Jump,released
480.036,jump_peak_reached,81.0278167724609,-466.812774658203,180.0,41.2037048339844,jump_peak,x_81.0278167724609_y_-466.812774658203
480.187,platform_landed,111.029792785645,-438.046447753906,180.0,0.0,land_on_platform,platform_scene-1/Tile Map/6_-24_layer_Tile Map_tile_6_-24_source_1_atlas_13_6
480.187,landed,111.029792785645,-438.046447753906,180.0,0.0,land,surface_wood_impact_0.74907415771484
480.188,musicking,111.029792785645,-438.046447753906,180.0,0.0,osc_received,"value_[1, ""water-tube""]"
480.236,jump_input_pressed,117.029853820801,-438.046447753906,180.0,0.0,Jump,pressed
480.237,jump_executed,117.029853820801,-438.046447753906,180.0,-500.0,jump,x_117.029853820801_y_-438.046447753906
480.238,musicking,120.035507202148,-446.396423339844,180.0,-500.055541992188,osc_received,"value_[1, ""chain-jumps""]"
480.32,jump_input_released,132.035507202148,-476.289031982422,180.0,-396.666595458984,Jump,released
480.421,jump_peak_reached,150.035507202148,-481.080688476562,180.0,41.2037048339844,jump_peak,x_150.035507202148_y_-481.080688476562
480.569,jump_input_pressed,177.035507202148,-452.677886962891,180.0,374.537078857422,Jump,pressed
480.604,platform_landed,186.042846679688,-438.060974121094,180.0,0.0,land_on_platform,platform_scene-1/Tile Map/10_-24_layer_Tile Map_tile_10_-24_source_1_atlas_13_6
480.604,landed,186.042846679688,-438.060974121094,180.0,0.0,land,surface_wood_impact_0.89722235107422
480.605,musicking,186.042846679688,-438.060974121094,180.0,0.0,osc_received,"value_[1, ""water-tube""]"
480.62,jump_executed,186.042846679688,-438.060974121094,180.0,-500.0,jump,x_186.042846679688_y_-438.060974121094
480.621,musicking,189.045501708984,-446.402618408203,180.0,-500.055541992188,osc_received,"value_[1, ""chain-jumps""]"
480.654,jump_input_released,192.045501708984,-454.391510009766,180.0,-458.499969482422,Jump,released
480.753,jump_peak_reached,210.045501708984,-459.183166503906,180.0,41.2037048339844,jump_peak,x_210.045501708984_y_-459.183166503906
480.869,platform_landed,234.047607421875,-438.045837402344,180.0,0.0,land_on_platform,platform_scene-1/Tile Map/12_-24_layer_Tile Map_tile_12_-24_source_1_atlas_13_6
480.87,landed,234.047607421875,-438.045837402344,180.0,0.0,land,surface_wood_impact_0.60092596435547
480.87,musicking,234.047607421875,-438.045837402344,180.0,0.0,osc_received,"value_[1, ""water-tube""]"
480.954,jump_input_pressed,246.04768371582,-438.045837402344,180.0,0.0,Jump,pressed
480.954,jump_executed,246.04768371582,-438.045837402344,180.0,-500.0,jump,x_246.04768371582_y_-438.045837402344
480.955,musicking,249.052474975586,-446.393402099609,180.0,-500.055541992188,osc_received,"value_[1, ""chain-jumps""]"
481.053,jump_input_released,264.052490234375,-482.902679443359,180.0,-376.166595458984,Jump,released
481.153,jump_peak_reached,282.052490234375,-487.6943359375,180.0,41.2037048339844,jump_peak,x_282.052490234375_y_-487.6943359375
481.354,platform_landed,321.060760498047,-438.050933837891,180.0,0.0,land_on_platform,platform_scene-1/Tile Map/17_-24_layer_Tile Map_tile_17_-24_source_1_atlas_13_6
481.355,landed,321.060760498047,-438.050933837891,180.0,0.0,land,surface_wood_impact_0.97129644775391
481.355,musicking,321.060760498047,-438.050933837891,180.0,0.0,osc_received,"value_[1, ""water-tube""]"
481.404,jump_input_pressed,327.060760498047,-438.050933837891,180.0,0.0,Jump,pressed
481.404,jump_executed,327.060760498047,-438.050933837891,180.0,-500.0,jump,x_327.060760498047_y_-438.050933837891
481.405,musicking,330.067230224609,-446.403167724609,180.0,-500.055541992188,osc_received,"value_[1, ""chain-jumps""]"
481.469,jump_input_released,339.067230224609,-469.337432861328,180.0,-417.22216796875,Jump,released
481.569,jump_peak_reached,357.067230224609,-474.129089355469,180.0,41.2037048339844,jump_peak,x_357.067230224609_y_-474.129089355469
481.736,platform_landed,390.074768066406,-438.052886962891,180.0,0.0,land_on_platform,platform_scene-1/Tile Map/21_-24_layer_Tile Map_tile_21_-24_source_1_atlas_13_6
481.736,landed,390.074768066406,-438.052886962891,180.0,0.0,land,surface_wood_impact_0.82314825439453
481.737,musicking,390.074768066406,-438.052886962891,180.0,0.0,osc_received,"value_[1, ""water-tube""]"
482.686,move_right_pressed,499.908111572266,-438.052886962891,33.3333320617676,0.0,Move_Right,pressed
482.886,jump_input_pressed,529.241149902344,-438.092132568359,180.0,0.0,Jump,pressed
482.886,jump_executed,529.241149902344,-438.092132568359,180.0,-500.0,jump,x_529.241149902344_y_-438.092132568359
483.187,jump_input_released,583.249328613281,-536.045349121094,180.0,-134.499893188477,Jump,released
483.286,jump_peak_reached,601.249328613281,-540.837036132812,180.0,41.2037048339844,jump_peak,x_601.249328613281_y_-540.837036132812
483.603,platform_landed,630.082641601562,-420.002777099609,0.0,0.0,land_on_platform,platform_scene-1/Tile Map/34_-23_layer_Tile Map_tile_34_-23_source_1_atlas_17_3
483.603,landed,630.082641601562,-420.002777099609,0.0,0.0,land,surface_wood_impact_1.48981506347656
483.604,musicking,630.082641601562,-420.002777099609,0.0,0.0,osc_received,"value_[1, ""leaves""]"
483.821,move_right_pressed,630.082641601562,-420.002777099609,33.3333320617676,0.0,Move_Right,pressed
483.846,jump_input_pressed,630.633728027344,-420.092864990234,66.6666641235352,0.0,Jump,pressed
483.846,jump_executed,630.633728027344,-420.092864990234,66.6666641235352,-500.0,jump,x_630.633728027344_y_-420.092864990234
484.187,jump_input_released,685.523803710938,-523.826416015625,180.0,-75.3332214355469,Jump,released
484.27,jump_peak_reached,700.523803710938,-526.631896972656,96.6666641235352,45.0371475219727,jump_peak,x_700.523803710938_y_-526.631896972656
484.421,platform_landed,702.357116699219,-495.018371582031,0.0,0.0,land_on_platform,platform_scene-1/Tile Map/38_-27_layer_Tile Map_tile_38_-27_source_1_atlas_1_0
484.421,landed,702.357116699219,-495.018371582031,0.0,0.0,land,surface_wood_impact_0.75674102783203
484.445,musicking,702.357116699219,-495.018371582031,0.0,0.0,osc_received,"value_[1, ""platform_pan_nav""]"
484.636,move_right_pressed,702.357116699219,-495.018371582031,33.3333320617676,0.0,Move_Right,pressed
484.653,jump_input_pressed,702.912414550781,-495.074676513672,66.6666641235352,0.0,Jump,pressed
484.653,jump_executed,702.912414550781,-495.074676513672,66.6666641235352,-500.0,jump,x_702.912414550781_y_-495.074676513672
485.054,jump_input_released,766.80126953125,-601.649841308594,180.0,-16.6665554046631,Jump,released
485.086,jump_peak_reached,771.412353515625,-601.858154296875,13.3333311080933,41.2038154602051,jump_peak,x_771.412353515625_y_-601.858154296875
485.187,platform_landed,771.634582519531,-585.005615234375,0.0,0.0,land_on_platform,platform_scene-1/Tile Map/42_-32_layer_Tile Map_tile_42_-32_source_1_atlas_1_0
485.187,landed,771.634582519531,-585.005615234375,0.0,0.0,land,surface_wood_impact_0.52685205078125
485.304,move_left_pressed,771.634582519531,-585.005615234375,-33.3333320617676,0.0,Move_Left,pressed
485.322,jump_input_pressed,771.079040527344,-585.005615234375,-66.6666641235352,0.0,Jump,pressed
485.322,jump_executed,771.079040527344,-585.005615234375,-66.6666641235352,-500.0,jump,x_771.079040527344_y_-585.005615234375
485.67,jump_input_released,716.182312011719,-688.788940429688,-180.0,-75.3332214355469,Jump,released
485.754,jump_peak_reached,701.182312011719,-691.594421386719,-180.0,45.0371475219727,jump_peak,x_701.182312011719_y_-691.594421386719
486.035,coin_collected,651.571228027344,-594.88330078125,-96.6666641235352,637.629821777344,collect_coin,coin_coin15_score_20
486.036,platform_landed,651.348999023438,-585.066284179688,-13.3333311080933,0.0,land_on_platform,platform_scene-1/Tile Map/36_-32_layer_Tile Map_tile_36_-32_source_1_atlas_2_0
486.036,landed,651.348999023438,-585.066284179688,-13.3333311080933,0.0,land,surface_wood_impact_1.34933374023438
486.044,sonification,651.348999023438,-585.066284179688,-13.3333311080933,0.0,osc_received,"value_[1, ""coins-with-pitch""]"
486.304,move_left_pressed,651.348999023438,-585.066284179688,-33.3333320617676,0.0,Move_Left,pressed
486.353,jump_input_pressed,648.015686035156,-585.066284179688,-133.33332824707,0.0,Jump,pressed
486.353,jump_executed,648.015686035156,-585.066284179688,-133.33332824707,-500.0,jump,x_648.015686035156_y_-585.066284179688
486.369,jump_peak_reached,645.791381835938,-593.408447265625,-148.33332824707,-479.222198486328,jump_peak,x_645.791381835938_y_-593.408447265625
486.603,jump_input_released,604.624694824219,-674.245483398438,-180.0,-194.166549682617,Jump,released
486.97,platform_landed,537.013549804688,-585.066711425781,-96.6666641235352,0.0,land_on_platform,platform_scene-1/Tile Map/29_-32_layer_Tile Map_tile_29_-32_source_1_atlas_1_0
486.97,landed,537.013549804688,-585.066711425781,-96.6666641235352,0.0,land,surface_wood_impact_1.2675927734375
487.005,musicking,536.791320800781,-585.066711425781,0.0,0.0,osc_received,"value_[1, ""platform_pan_nav""]"
487.07,move_left_pressed,536.791320800781,-585.066711425781,-33.3333320617676,0.0,Move_Left,pressed
487.07,jump_input_pressed,536.791320800781,-585.066711425781,-33.3333320617676,0.0,Jump,pressed
487.07,jump_executed,536.791320800781,-585.066711425781,-33.3333320617676,-500.0,jump,x_536.791320800781_y_-585.066711425781
487.071,musicking,536.235229492188,-593.409057617188,-33.3333320617676,-500.055541992188,osc_received,"value_[1, ""chain-jumps""]"
487.086,jump_peak_reached,536.235229492188,-593.409057617188,-48.3333320617676,-479.222198486328,jump_peak,x_536.235229492188_y_-593.409057617188
487.311,jump_input_released,507.9853515625,-670.662780761719,-180.0,-214.166549682617,Jump,released
487.703,platform_landed,437.161895751953,-564.062072753906,-13.3333311080933,0.0,land_on_platform,platform_scene-1/Tile Map/24_-31_layer_Tile Map_tile_24_-31_source_1_atlas_13_6
487.703,landed,437.161895751953,-564.062072753906,-13.3333311080933,0.0,land,surface_wood_impact_1.41574096679688
487.708,musicking,437.161895751953,-564.062072753906,-13.3333311080933,0.0,osc_received,"value_[1, ""water-tube""]"
487.771,jump_input_pressed,437.161895751953,-564.062072753906,0.0,0.0,Jump,pressed
487.771,jump_executed,437.161895751953,-564.062072753906,0.0,-500.0,jump,x_437.161895751953_y_-564.062072753906
487.772,musicking,437.161895751953,-572.404663085938,0.0,-500.055541992188,osc_received,"value_[1, ""chain-jumps""]"
487.787,move_left_pressed,437.161895751953,-572.404663085938,-15.0,-479.222198486328,Move_Left,pressed
488.203,jump_peak_reached,378.661895751953,-670.899047851562,-180.0,39.8149261474609,jump_peak,x_378.661895751953_y_-670.899047851562
488.37,jump_input_released,348.661895751953,-636.485473632812,-180.0,410.185333251953,Jump,released
488.47,platform_landed,327.612365722656,-582.084289550781,-180.0,0.0,land_on_platform,platform_scene-1/Tile Map/18_-32_layer_Tile Map_tile_18_-32_source_1_atlas_14_6
488.47,landed,327.612365722656,-582.084289550781,-180.0,0.0,land,surface_wood_impact_1.26481518554687
488.478,musicking,327.612365722656,-582.084289550781,-180.0,0.0,osc_received,"value_[1, ""water-tube""]"
488.787,move_left_pressed,319.779052734375,-582.04931640625,-33.3333320617676,0.0,Move_Left,pressed
488.921,jump_input_pressed,302.446136474609,-582.100646972656,-180.0,0.0,Jump,pressed
488.921,jump_executed,302.446136474609,-582.100646972656,-180.0,-500.0,jump,x_302.446136474609_y_-582.100646972656
489.186,jump_input_released,254.444030761719,-674.528747558594,-180.0,-174.222106933594,Jump,released
489.286,jump_peak_reached,236.444030761719,-679.320434570312,-180.0,41.2037048339844,jump_peak,x_236.444030761719_y_-679.320434570312
489.58,platform_landed,182.455322265625,-582.065490722656,-180.0,0.0,land_on_platform,platform_scene-1/Tile Map/10_-32_layer_Tile Map_tile_10_-32_source_1_atlas_13_6
489.58,landed,182.455322265625,-582.065490722656,-180.0,0.0,land,surface_wood_impact_1.34166687011719
489.588,musicking,179.455322265625,-582.065490722656,-180.0,0.0,osc_received,"value_[1, ""water-tube""]"
489.594,musicking,179.455322265625,-582.065490722656,-180.0,0.0,osc_received,"value_[1, ""platform_pan_nav""]"
489.637,jump_input_pressed,173.694030761719,-582.547485351562,-180.0,0.0,Jump,pressed
489.637,jump_executed,173.694030761719,-582.547485351562,-180.0,-500.0,jump,x_173.694030761719_y_-582.547485351562
489.638,musicking,170.694030761719,-590.881774902344,-180.0,-500.055541992188,osc_received,"value_[1, ""chain-jumps""]"
489.771,jump_input_released,149.694030761719,-639.60302734375,-180.0,-335.333251953125,Jump,released
489.869,jump_peak_reached,131.694030761719,-644.394714355469,-180.0,41.2037048339844,jump_peak,x_131.694030761719_y_-644.394714355469
490.069,coin_collected,95.6940307617188,-595.413208007812,-180.0,448.611175537109,collect_coin,coin_coin20_score_22
490.077,sonification,92.6940307617188,-587.319091796875,-180.0,485.648223876953,osc_received,"value_[1, ""coins-with-pitch""]"
490.088,platform_landed,89.6955337524414,-585.067626953125,-180.0,0.0,land_on_platform,platform_scene-1/Tile Map/4_-32_layer_Tile Map_tile_4_-32_source_1_atlas_2_0
490.088,landed,89.6955337524414,-585.067626953125,-180.0,0.0,land,surface_wood_impact_1.04537048339844
490.446,move_left_pressed,81.8621978759766,-585.067626953125,-33.3333320617676,0.0,Move_Left,pressed
490.588,musicking,62.0151901245117,-585.000732421875,0.0,0.0,osc_received,"value_[1, ""chain-jumps-combo-walk""]"
490.871,jump_input_pressed,62.0749778747559,-585.066284179688,0.0,0.0,Jump,pressed
490.871,jump_executed,62.0749778747559,-585.066284179688,0.0,-500.0,jump,x_62.0749778747559_y_-585.066284179688
490.903,move_left_pressed,62.075984954834,-601.389465332031,-15.0,-458.499969482422,Move_Left,pressed
490.954,jump_input_released,60.575984954834,-623.293151855469,-60.0,-396.666595458984,Jump,released
491.053,jump_peak_reached,56.7148742675781,-628.084838867188,0.0,41.2037048339844,jump_peak,x_56.7148742675781_y_-628.084838867188
491.187,platform_landed,56.7148742675781,-602.802185058594,0.0,0.0,land_on_platform,platform_scene-1/Tile Map/2_-33_layer_Tile Map_tile_2_-33_source_1_atlas_0_0
491.188,landed,56.7148742675781,-602.802185058594,0.0,0.0,land,surface_wood_impact_0.67500006103516
491.522,move_left_pressed,56.7148742675781,-602.802185058594,-33.3333320617676,0.0,Move_Left,pressed
491.522,jump_input_pressed,56.7148742675781,-602.802185058594,-33.3333320617676,0.0,Jump,pressed
491.522,jump_executed,56.7148742675781,-602.802185058594,-33.3333320617676,-500.0,jump,x_56.7148742675781_y_-602.802185058594
491.653,jump_input_released,45.2670593261719,-659.908081054688,-153.33332824707,-335.333251953125,Jump,released
491.753,jump_peak_reached,27.9059448242188,-664.699768066406,-180.0,41.2037048339844,jump_peak,x_27.9059448242188_y_-664.699768066406
491.903,platform_landed,-0.86677610874176,-636.0185546875,-96.6666641235352,0.0,land_on_platform,platform_scene-1/Tile Map/-1_-35_layer_Tile Map_tile_-1_-35_source_1_atlas_13_6
491.903,landed,-0.86677610874176,-636.0185546875,-96.6666641235352,0.0,land,surface_wood_impact_0.74907415771484
491.903,musicking,-0.86677610874176,-636.0185546875,-96.6666641235352,0.0,osc_received,"value_[1, ""water-tube""]"
492.086,jump_input_pressed,-1.08895576000214,-636.052124023438,0.0,0.0,Jump,pressed
492.086,jump_executed,-1.08895576000214,-636.052124023438,0.0,-500.0,jump,x_-1.08895576000214_y_-636.052124023438
492.287,move_right_pressed,-1.08895576000214,-713.476867675781,15.0,-254.333206176758,Move_Right,pressed
492.453,jump_input_released,12.6610441207886,-741.055541992188,165.0,-55.722110748291,Jump,released
492.52,jump_peak_reached,20.2443771362305,-742.68701171875,0.0,43.8149261474609,jump_peak,x_20.2443771362305_y_-742.68701171875
492.67,platform_landed,20.2443771362305,-711.019775390625,0.0,0.0,land_on_platform,platform_scene-1/Tile Map/1_-39_layer_Tile Map_tile_1_-39_source_1_atlas_1_0
492.67,landed,20.2443771362305,-711.019775390625,0.0,0.0,land,surface_wood_impact_0.75429656982422
492.952,jump_input_pressed,20.2443771362305,-711.019775390625,0.0,0.0,Jump,pressed
492.952,jump_executed,20.2443771362305,-711.019775390625,0.0,-500.0,jump,x_20.2443771362305_y_-711.019775390625
493.169,move_left_pressed,20.2443771362305,-792.739990234375,-15.0,-234.222106933594,Move_Left,pressed
493.369,jump_input_released,0.74437713623047,-817.943664550781,-180.0,2.77788853645325,Jump,released
493.386,jump_peak_reached,-2.25562262535095,-817.897338867188,-180.0,39.8149261474609,jump_peak,x_-2.25562262535095_y_-817.897338867188
493.487,platform_landed,-10.0889568328857,-801.022888183594,0.0,0.0,land_on_platform,platform_scene-1/Tile Map/-1_-44_layer_Tile Map_tile_-1_-44_source_1_atlas_3_0
493.487,landed,-10.0889568328857,-801.022888183594,0.0,0.0,land,surface_wood_impact_0.52407427978516
493.636,move_right_pressed,-10.0889568328857,-801.022888183594,33.3333320617676,0.0,Move_Right,pressed
493.687,jump_input_pressed,-6.75562381744385,-801.022888183594,133.33332824707,0.0,Jump,pressed
493.688,jump_executed,-6.75562381744385,-801.022888183594,133.33332824707,-500.0,jump,x_-6.75562381744385_y_-801.022888183594
494.037,jump_input_released,54.6447677612305,-904.789123535156,180.0,-75.3332214355469,Jump,released
494.121,jump_peak_reached,69.6447677612305,-907.594604492188,180.0,45.0371475219727,jump_peak,x_69.6447677612305_y_-907.594604492188
494.388,platform_landed,98.4781036376953,-816.031005859375,0.0,0.0,land_on_platform,platform_scene-1/Tile Map/5_-45_layer_Tile Map_tile_5_-45_source_1_atlas_13_6
494.389,landed,98.4781036376953,-816.031005859375,0.0,0.0,land,surface_wood_impact_1.27525964355469
494.394,musicking,98.4781036376953,-816.031005859375,0.0,0.0,osc_received,"value_[1, ""water-tube""]"
494.52,move_right_pressed,98.4781036376953,-816.031005859375,33.3333320617676,0.0,Move_Right,pressed
494.553,jump_input_pressed,100.144813537598,-816.062255859375,100.0,0.0,Jump,pressed
494.553,jump_executed,100.144813537598,-816.062255859375,100.0,-500.0,jump,x_100.144813537598_y_-816.062255859375
494.92,jump_input_released,161.89533996582,-921.064025878906,180.0,-55.722110748291,Jump,released
494.987,jump_peak_reached,173.89533996582,-922.695495605469,180.0,43.8149261474609,jump_peak,x_173.89533996582_y_-922.695495605469
495.27,platform_landed,227.89533996582,-819.067016601562,180.0,0.0,land_on_platform,platform_scene-1/Tile Map/12_-45_layer_Tile Map_tile_12_-45_source_1_atlas_15_7
495.27,landed,227.89533996582,-819.067016601562,180.0,0.0,land,surface_wood_impact_1.34688928222656
495.271,musicking,227.89533996582,-819.067016601562,180.0,0.0,osc_received,"value_[1, ""cloud""]"
495.279,sonification,227.89533996582,-819.067016601562,180.0,0.0,osc_received,"value_[1, ""leadr-mel""]"
495.287,jump_input_pressed,227.89533996582,-819.067016601562,180.0,0.0,Jump,pressed
495.287,jump_executed,227.89533996582,-819.067016601562,180.0,-500.0,jump,x_227.89533996582_y_-819.067016601562
495.287,musicking,230.897827148438,-827.408203125,180.0,-500.055541992188,osc_received,"value_[1, ""chain-jumps""]"
495.304,musicking,233.897827148438,-835.397094726562,180.0,-479.333312988281,osc_received,"value_[1, ""platform_pan_nav""]"
495.57,jump_input_released,278.897827148438,-914.415588378906,180.0,-154.333221435547,Jump,released
495.669,jump_peak_reached,296.897827148438,-919.207275390625,180.0,41.2037048339844,jump_peak,x_296.897827148438_y_-919.207275390625
495.954,platform_landed,346.701904296875,-816.093078613281,13.3333311080933,0.0,land_on_platform,platform_scene-1/Tile Map/19_-45_layer_Tile Map_tile_19_-45_source_1_atlas_14_6
495.954,landed,346.701904296875,-816.093078613281,13.3333311080933,0.0,land,surface_wood_impact_1.34166687011719
495.955,sonification,346.701904296875,-816.093078613281,13.3333311080933,0.0,osc_received,"value_[1, ""leadr-mel""]"
495.955,musicking,346.701904296875,-816.093078613281,13.3333311080933,0.0,osc_received,"value_[1, ""water-tube""]"
496.187,jump_input_pressed,346.701904296875,-816.093078613281,0.0,0.0,Jump,pressed
496.187,jump_executed,346.701904296875,-816.093078613281,0.0,-500.0,jump,x_346.701904296875_y_-816.093078613281
496.221,move_right_pressed,346.701904296875,-832.423583984375,15.0,-458.499969482422,Move_Right,pressed
496.536,jump_input_released,387.201904296875,-919.823547363281,180.0,-75.3332214355469,Jump,released
496.62,jump_peak_reached,402.201904296875,-922.629028320312,180.0,45.0371475219727,jump_peak,x_402.201904296875_y_-922.629028320312
496.77,platform_landed,410.035247802734,-891.015441894531,0.0,0.0,land_on_platform,platform_scene-1/Tile Map/22_-49_layer_Tile Map_tile_22_-49_source_1_atlas_2_0
496.77,landed,410.035247802734,-891.015441894531,0.0,0.0,land,surface_wood_impact_0.75674102783203
496.778,sonification,410.035247802734,-891.015441894531,0.0,0.0,osc_received,"value_[1, ""leadr-mel""]"
496.886,jump_input_pressed,410.035247802734,-891.015441894531,0.0,0.0,Jump,pressed
496.887,jump_executed,410.035247802734,-891.015441894531,0.0,-500.0,jump,x_410.035247802734_y_-891.015441894531
496.937,move_left_pressed,410.035247802734,-915.035827636719,-15.0,-437.833282470703,Move_Left,pressed
497.186,jump_input_released,381.535247802734,-988.998718261719,-180.0,-134.499893188477,Jump,released
497.287,jump_peak_reached,363.535247802734,-993.790405273438,-180.0,41.2037048339844,jump_peak,x_363.535247802734_y_-993.790405273438
497.436,platform_landed,358.701904296875,-960.010986328125,0.0,0.0,land_on_platform,platform_scene-1/Tile Map/19_-53_layer_Tile Map_tile_19_-53_source_1_atlas_13_6
497.436,landed,358.701904296875,-960.010986328125,0.0,0.0,land,surface_wood_impact_0.74907415771484
497.437,sonification,358.701904296875,-960.010986328125,0.0,0.0,osc_received,"value_[1, ""leadr-mel""]"
497.437,musicking,358.701904296875,-960.010986328125,0.0,0.0,osc_received,"value_[1, ""water-tube""]"
497.486,move_right_pressed,358.701904296875,-960.010986328125,33.3333320617676,0.0,Move_Right,pressed
497.552,jump_input_pressed,364.257141113281,-960.091979980469,166.666656494141,0.0,Jump,pressed
497.552,jump_executed,364.257141113281,-960.091979980469,166.666656494141,-500.0,jump,x_364.257141113281_y_-960.091979980469
497.904,jump_input_released,427.036529541016,-1063.81994628906,180.0,-75.3332214355469,Jump,released
497.987,jump_peak_reached,442.036529541016,-1066.62548828125,180.0,45.0371475219727,jump_peak,x_442.036529541016_y_-1066.62548828125
498.22,coin_collected,484.036529541016,-999.943969726562,180.0,526.518676757812,collect_coin,coin_coin21_score_24
498.221,sonification,485.647644042969,-990.551391601562,96.6666641235352,563.555725097656,osc_received,"value_[1, ""coins-with-pitch""]"
498.236,platform_landed,485.869842529297,-981.066467285156,13.3333311080933,0.0,land_on_platform,platform_scene-1/Tile Map/26_-54_layer_Tile Map_tile_26_-54_source_1_atlas_2_0
498.236,landed,485.869842529297,-981.066467285156,13.3333311080933,0.0,land,surface_wood_impact_1.201185546875
498.237,sonification,485.869842529297,-981.066467285156,13.3333311080933,0.0,osc_received,"value_[1, ""leadr-mel""]"
498.504,jump_input_pressed,485.869842529297,-981.066467285156,0.0,0.0,Jump,pressed
498.504,jump_executed,485.869842529297,-981.066467285156,0.0,-500.0,jump,x_485.869842529297_y_-981.066467285156
498.521,jump_peak_reached,485.869842529297,-989.409057617188,15.0,-479.222198486328,jump_peak,x_485.869842529297_y_-989.409057617188
498.522,move_right_pressed,485.869842529297,-989.409057617188,15.0,-479.222198486328,Move_Right,pressed
498.62,jump_input_released,491.119842529297,-1032.19421386719,105.0,-355.722137451172,Jump,released
498.887,platform_landed,507.203186035156,-999.018188476562,0.0,0.0,land_on_platform,platform_scene-1/Tile Map/28_-55_layer_Tile Map_tile_28_-55_source_1_atlas_0_0
498.887,landed,507.203186035156,-999.018188476562,0.0,0.0,land,surface_wood_impact_0.82314825439453
498.895,sonification,507.203186035156,-999.018188476562,0.0,0.0,osc_received,"value_[1, ""leadr-mel""]"
499.122,move_right_pressed,507.203186035156,-999.018188476562,33.3333320617676,0.0,Move_Right,pressed
499.122,jump_input_pressed,507.203186035156,-999.018188476562,33.3333320617676,0.0,Jump,pressed
499.122,jump_executed,507.203186035156,-999.018188476562,33.3333320617676,-500.0,jump,x_507.203186035156_y_-999.018188476562
499.305,jump_input_released,527.011962890625,-1071.90270996094,180.0,-274.499877929688,Jump,released
499.405,jump_peak_reached,545.011962890625,-1076.6943359375,180.0,41.2037048339844,jump_peak,x_545.011962890625_y_-1076.6943359375
499.587,platform_landed,581.017578125,-1032.06188964844,180.0,0.0,land_on_platform,platform_scene-1/Tile Map/32_-57_layer_Tile Map_tile_32_-57_source_1_atlas_13_6
499.588,landed,581.017578125,-1032.06188964844,180.0,0.0,land,surface_wood_impact_0.89722235107422
499.588,sonification,581.017578125,-1032.06188964844,180.0,0.0,osc_received,"value_[1, ""leadr-mel""]"
499.588,musicking,581.017578125,-1032.06188964844,180.0,0.0,osc_received,"value_[1, ""water-tube""]"
499.604,musicking,584.017578125,-1032.06188964844,180.0,0.0,osc_received,"value_[1, ""platform_pan_nav""]"
499.653,jump_input_pressed,590.017578125,-1032.06188964844,180.0,0.0,Jump,pressed
499.653,jump_executed,590.017578125,-1032.06188964844,180.0,-500.0,jump,x_590.017578125_y_-1032.06188964844
499.654,musicking,593.017578125,-1040.39611816406,180.0,-500.055541992188,osc_received,"value_[1, ""chain-jumps""]"
499.887,jump_input_released,632.017578125,-1117.64978027344,180.0,-214.166549682617,Jump,released
499.987,jump_peak_reached,650.017578125,-1122.44140625,180.0,41.2037048339844,jump_peak,x_650.017578125_y_-1122.44140625
500.136,platform_landed,666.850891113281,-1089.02783203125,0.0,0.0,land_on_platform,platform_scene-1/Tile Map/36_-60_layer_Tile Map_tile_36_-60_source_1_atlas_3_0
500.136,landed,666.850891113281,-1089.02783203125,0.0,0.0,land,surface_wood_impact_0.74907415771484
500.137,sonification,666.850891113281,-1089.02783203125,0.0,0.0,osc_received,"value_[1, ""leadr-mel""]"
500.421,move_left_pressed,666.850891113281,-1089.02783203125,-33.3333320617676,0.0,Move_Left,pressed
500.487,musicking,658.517578125,-1089.02783203125,-166.666656494141,0.0,osc_received,"value_[1, ""chain-jumps-combo-walk""]"
500.536,jump_input_pressed,652.517578125,-1089.02783203125,-180.0,0.0,Jump,pressed
500.536,jump_executed,652.517578125,-1089.02783203125,-180.0,-500.0,jump,x_652.517578125_y_-1089.02783203125
500.804,jump_input_released,604.504211425781,-1181.48718261719,-180.0,-174.222106933594,Jump,released
500.911,jump_peak_reached,586.504211425781,-1186.27880859375,-180.0,41.2037048339844,jump_peak,x_586.504211425781_y_-1186.27880859375
501.087,platform_landed,560.6708984375,-1143.03637695312,0.0,0.0,land_on_platform,platform_scene-1/Tile Map/31_-63_layer_Tile Map_tile_31_-63_source_1_atlas_3_0
501.087,landed,560.6708984375,-1143.03637695312,0.0,0.0,land,surface_wood_impact_0.89722235107422
501.095,sonification,560.6708984375,-1143.03637695312,0.0,0.0,osc_received,"value_[1, ""leadr-mel""]"
501.212,move_left_pressed,560.6708984375,-1143.03637695312,-33.3333320617676,0.0,Move_Left,pressed
501.236,jump_input_pressed,559.004272460938,-1143.03637695312,-100.0,0.0,Jump,pressed
501.236,jump_executed,559.004272460938,-1143.03637695312,-100.0,-500.0,jump,x_559.004272460938_y_-1143.03637695312
501.603,jump_input_released,497.246704101562,-1248.07287597656,-180.0,-55.722110748291,Jump,released
501.67,jump_peak_reached,486.635589599609,-1249.70434570312,-13.3333311080933,43.8149261474609,jump_peak,x_486.635589599609_y_-1249.70434570312
501.869,platform_landed,486.413360595703,-1197.02172851562,0.0,0.0,land_on_platform,platform_scene-1/Tile Map/26_-66_layer_Tile Map_tile_26_-66_source_1_atlas_1_0
501.869,landed,486.413360595703,-1197.02172851562,0.0,0.0,land,surface_wood_impact_0.97651885986328
501.87,sonification,486.413360595703,-1197.02172851562,0.0,0.0,osc_received,"value_[1, ""leadr-mel""]"
501.886,musicking,486.413360595703,-1197.02172851562,0.0,0.0,osc_received,"value_[1, ""platform_pan_nav""]"
502.02,jump_input_pressed,486.413360595703,-1197.02172851562,0.0,0.0,Jump,pressed
502.02,jump_executed,486.413360595703,-1197.02172851562,0.0,-500.0,jump,x_486.413360595703_y_-1197.02172851562
502.054,move_left_pressed,486.413360595703,-1213.39367675781,-15.0,-458.499969482422,Move_Left,pressed
502.104,jump_input_released,484.913360595703,-1235.29736328125,-60.0,-396.666595458984,Jump,released
502.203,jump_peak_reached,475.163360595703,-1240.08898925781,-150.0,41.2037048339844,jump_peak,x_475.163360595703_y_-1240.08898925781
502.336,platform_landed,468.55224609375,-1215.00415039062,0.0,0.0,land_on_platform,platform_scene-1/Tile Map/25_-67_layer_Tile Map_tile_25_-67_source_1_atlas_0_0
502.336,landed,468.55224609375,-1215.00415039062,0.0,0.0,land,surface_wood_impact_0.67500006103516
502.337,sonification,468.55224609375,-1215.00415039062,0.0,0.0,osc_received,"value_[1, ""leadr-mel""]"
502.688,move_left_pressed,468.55224609375,-1215.00415039062,-33.3333320617676,0.0,Move_Left,pressed
502.721,jump_input_pressed,466.885589599609,-1215.00415039062,-100.0,0.0,Jump,pressed
502.721,jump_executed,466.885589599609,-1215.00415039062,-100.0,-500.0,jump,x_466.885589599609_y_-1215.00415039062
502.954,jump_input_released,429.123626708984,-1300.65222167969,-180.0,-214.166549682617,Jump,released
503.053,jump_peak_reached,411.123626708984,-1305.44384765625,-180.0,41.2037048339844,jump_peak,x_411.123626708984_y_-1305.44384765625
503.403,platform_landed,350.074768066406,-1161.01953125,0.0,0.0,land_on_platform,platform_scene-1/Tile Map/19_-64_layer_Tile Map_tile_19_-64_source_1_atlas_13_7
503.404,landed,350.074768066406,-1161.01953125,0.0,0.0,land,surface_wood_impact_1.63796325683594
503.404,musicking,350.074768066406,-1161.01953125,0.0,0.0,osc_received,"value_[1, ""cloud""]"
503.82,jump_input_pressed,350.074768066406,-1161.01953125,0.0,0.0,Jump,pressed
503.82,jump_executed,350.074768066406,-1161.01953125,0.0,-500.0,jump,x_350.074768066406_y_-1161.01953125
503.846,move_left_pressed,350.075958251953,-1169.35375976562,-15.0,-479.222198486328,Move_Left,pressed
503.921,jump_input_released,347.574737548828,-1205.86303710938,-75.0,-376.166595458984,Jump,released
504.021,jump_peak_reached,336.324737548828,-1210.65466308594,-66.6666641235352,41.2037048339844,jump_peak,x_336.324737548828_y_-1210.65466308594
504.17,platform_landed,335.213623046875,-1179.00891113281,0.0,0.0,land_on_platform,platform_scene-1/Tile Map/18_-65_layer_Tile Map_tile_18_-65_source_1_atlas_3_0
504.17,landed,335.213623046875,-1179.00891113281,0.0,0.0,land,surface_wood_impact_0.74907415771484
504.354,move_left_pressed,335.213623046875,-1179.00891113281,-33.3333320617676,0.0,Move_Left,pressed
504.521,jump_input_pressed,311.880310058594,-1179.00891113281,-180.0,0.0,Jump,pressed
504.521,jump_executed,311.880310058594,-1179.00891113281,-180.0,-500.0,jump,x_311.880310058594_y_-1179.00891113281
504.853,jump_input_released,251.861724853516,-1281.18090820312,-180.0,-94.9998931884766,Jump,released
504.953,jump_peak_reached,233.861724853516,-1285.47253417969,-180.0,46.2038116455078,jump_peak,x_233.861724853516_y_-1285.47253417969
505.187,platform_landed,202.028381347656,-1215.02600097656,0.0,0.0,land_on_platform,platform_scene-1/Tile Map/11_-67_layer_Tile Map_tile_11_-67_source_1_atlas_0_0
505.188,landed,202.028381347656,-1215.02600097656,0.0,0.0,land,surface_wood_impact_1.12944482421875
505.504,move_left_pressed,202.028381347656,-1215.02600097656,-33.3333320617676,0.0,Move_Left,pressed
505.504,jump_input_pressed,202.028381347656,-1215.02600097656,-33.3333320617676,0.0,Jump,pressed
505.504,jump_executed,202.028381347656,-1215.02600097656,-33.3333320617676,-500.0,jump,x_202.028381347656_y_-1215.02600097656
505.837,jump_input_released,155.219924926758,-1317.18969726562,-180.0,-94.9998931884766,Jump,released
505.936,jump_peak_reached,141.386581420898,-1321.48132324219,0.0,46.2038116455078,jump_peak,x_141.386581420898_y_-1321.48132324219
506.137,platform_landed,141.386581420898,-1269.00830078125,0.0,0.0,land_on_platform,platform_scene-1/Tile Map/7_-70_layer_Tile Map_tile_7_-70_source_1_atlas_3_0
506.137,landed,141.386581420898,-1269.00830078125,0.0,0.0,land,surface_wood_impact_0.98129663085938
506.154,musicking,141.386581420898,-1269.00830078125,0.0,0.0,osc_received,"value_[1, ""platform_pan_nav""]"
506.403,jump_input_pressed,141.386581420898,-1269.00830078125,0.0,0.0,Jump,pressed
506.404,jump_executed,141.386581420898,-1269.00830078125,0.0,-500.0,jump,x_141.386581420898_y_-1269.00830078125
506.521,move_left_pressed,141.386581420898,-1320.18664550781,-15.0,-355.722137451172,Move_Left,pressed
506.821,jump_input_released,103.886581420898,-1375.94213867188,-180.0,2.77788853645325,Jump,released
506.836,jump_peak_reached,100.886581420898,-1375.89587402344,-180.0,39.8149261474609,jump_peak,x_100.886581420898_y_-1375.89587402344
506.936,coin_collected,90.0532455444336,-1362.65515136719,0.0,225.000106811523,collect_coin,coin_coin23_score_26
506.937,sonification,90.0532455444336,-1358.28784179688,0.0,262.037139892578,osc_received,"value_[1, ""coins-with-pitch""]"
507.003,platform_landed,90.0532455444336,-1337.98400878906,0.0,0.0,land_on_platform,platform_scene-1/Tile Map/4_-74_layer_Tile Map_tile_4_-74_source_1_atlas_13_6
507.003,landed,90.0532455444336,-1337.98400878906,0.0,0.0,land,surface_wood_impact_0.82037066650391
507.004,musicking,90.0532455444336,-1337.98400878906,0.0,0.0,osc_received,"value_[1, ""water-tube""]"
507.521,move_right_pressed,90.0532455444336,-1337.98400878906,33.3333320617676,0.0,Move_Right,pressed
507.804,move_left_pressed,102.64192199707,-1339.04626464844,-33.3333320617676,0.0,Move_Left,pressed
508.92,jump_input_pressed,-45.5386123657227,-1338.06518554688,0.0,0.0,Jump,pressed
508.92,jump_executed,-45.5386123657227,-1338.06518554688,0.0,-500.0,jump,x_-45.5386123657227_y_-1338.06518554688
509.004,jump_input_released,-45.5386123657227,-1376.29406738281,0.0,-396.666595458984,Jump,released
509.103,jump_peak_reached,-45.5386123657227,-1381.08569335938,0.0,41.2037048339844,jump_peak,x_-45.5386123657227_y_-1381.08569335938
509.287,platform_landed,-45.5386123657227,-1338.0185546875,0.0,0.0,land_on_platform,platform_scene-1/Tile Map/-3_-74_layer_Tile Map_tile_-3_-74_source_1_atlas_13_6
509.288,landed,-45.5386123657227,-1338.0185546875,0.0,0.0,land,surface_wood_impact_0.89722235107422
509.293,musicking,-45.5386123657227,-1338.0185546875,0.0,0.0,osc_received,"value_[1, ""water-tube""]"
509.303,jump_input_pressed,-45.5386123657227,-1338.0185546875,0.0,0.0,Jump,pressed
509.303,jump_executed,-45.5386123657227,-1338.0185546875,0.0,-500.0,jump,x_-45.5386123657227_y_-1338.0185546875
509.303,musicking,-45.5386123657227,-1346.39538574219,0.0,-500.055541992188,osc_received,"value_[1, ""chain-jumps""]"
509.421,jump_input_released,-45.5386123657227,-1389.18054199219,0.0,-355.722137451172,Jump,released
509.521,jump_peak_reached,-45.5386123657227,-1393.97216796875,0.0,41.2037048339844,jump_peak,x_-45.5386123657227_y_-1393.97216796875
509.721,platform_landed,-45.5386123657227,-1338.01904296875,0.0,0.0,land_on_platform,platform_scene-1/Tile Map/-3_-74_layer_Tile Map_tile_-3_-74_source_1_atlas_13_6
509.721,landed,-45.5386123657227,-1338.01904296875,0.0,0.0,land,surface_wood_impact_0.97129644775391
509.722,musicking,-45.5386123657227,-1338.01904296875,0.0,0.0,osc_received,"value_[1, ""water-tube""]"
509.753,jump_input_pressed,-45.5386123657227,-1338.01904296875,0.0,0.0,Jump,pressed
509.753,jump_executed,-45.5386123657227,-1338.01904296875,0.0,-500.0,jump,x_-45.5386123657227_y_-1338.01904296875
509.753,musicking,-45.5386123657227,-1346.39538574219,0.0,-500.055541992188,osc_received,"value_[1, ""chain-jumps""]"
509.836,jump_input_released,-45.5386123657227,-1376.28796386719,0.0,-396.666595458984,Jump,released
509.936,jump_peak_reached,-45.5386123657227,-1381.07958984375,0.0,41.2037048339844,jump_peak,x_-45.5386123657227_y_-1381.07958984375
510.12,platform_landed,-45.5386123657227,-1338.01245117188,0.0,0.0,land_on_platform,platform_scene-1/Tile Map/-3_-74_layer_Tile Map_tile_-3_-74_source_1_atlas_13_6
510.12,landed,-45.5386123657227,-1338.01245117188,0.0,0.0,land,surface_wood_impact_0.89722235107422
510.128,musicking,-45.5386123657227,-1338.01245117188,0.0,0.0,osc_received,"value_[1, ""water-tube""]"
510.153,jump_input_pressed,-45.5386123657227,-1338.01245117188,0.0,0.0,Jump,pressed
510.153,jump_executed,-45.5386123657227,-1338.01245117188,0.0,-500.0,jump,x_-45.5386123657227_y_-1338.01245117188
510.154,musicking,-45.5386123657227,-1346.39453125,0.0,-500.055541992188,osc_received,"value_[1, ""chain-jumps""]"
510.22,jump_input_released,-45.5386123657227,-1369.32873535156,0.0,-417.22216796875,Jump,released
510.321,jump_peak_reached,-45.5386123657227,-1374.12036132812,0.0,41.2037048339844,jump_peak,x_-45.5386123657227_y_-1374.12036132812
510.487,platform_landed,-45.5386123657227,-1338.00158691406,0.0,0.0,land_on_platform,platform_scene-1/Tile Map/-3_-74_layer_Tile Map_tile_-3_-74_source_1_atlas_13_6
510.487,landed,-45.5386123657227,-1338.00158691406,0.0,0.0,land,surface_wood_impact_0.82314825439453
510.495,musicking,-45.5386123657227,-1338.00158691406,0.0,0.0,osc_received,"value_[1, ""water-tube""]"
510.536,jump_input_pressed,-45.5386123657227,-1338.00158691406,0.0,0.0,Jump,pressed
510.536,jump_executed,-45.5386123657227,-1338.00158691406,0.0,-500.0,jump,x_-45.5386123657227_y_-1338.00158691406
510.537,musicking,-45.5386123657227,-1346.39318847656,0.0,-500.055541992188,osc_received,"value_[1, ""chain-jumps""]"
510.604,jump_input_released,-45.5386123657227,-1369.32739257812,0.0,-417.22216796875,Jump,released
510.703,jump_peak_reached,-45.5386123657227,-1374.11901855469,0.0,41.2037048339844,jump_peak,x_-45.5386123657227_y_-1374.11901855469
510.87,platform_landed,-45.5386123657227,-1338.00024414062,0.0,0.0,land_on_platform,platform_scene-1/Tile Map/-3_-74_layer_Tile Map_tile_-3_-74_source_1_atlas_13_6
510.87,landed,-45.5386123657227,-1338.00024414062,0.0,0.0,land,surface_wood_impact_0.82314825439453
510.87,musicking,-45.5386123657227,-1338.00024414062,0.0,0.0,osc_received,"value_[1, ""water-tube""]"
510.922,move_right_pressed,-45.5386123657227,-1338.00024414062,33.3333320617676,0.0,Move_Right,pressed
511.704,jump_input_pressed,88.7951736450195,-1338.05810546875,180.0,0.0,Jump,pressed
511.704,jump_executed,88.7951736450195,-1338.05810546875,180.0,-500.0,jump,x_88.7951736450195_y_-1338.05810546875
512.136,jump_peak_reached,166.795166015625,-1444.88671875,180.0,39.8149261474609,jump_peak,x_166.795166015625_y_-1444.88671875
512.187,jump_input_released,175.795166015625,-1441.04406738281,180.0,150.926040649414,Jump,released
512.437,platform_landed,223.808624267578,-1338.05944824219,180.0,0.0,land_on_platform,platform_scene-1/Tile Map/12_-74_layer_Tile Map_tile_12_-74_source_1_atlas_13_6
512.437,landed,223.808624267578,-1338.05944824219,180.0,0.0,land,surface_wood_impact_1.41296337890625
512.437,musicking,223.808624267578,-1338.05944824219,180.0,0.0,osc_received,"value_[1, ""water-tube""]"
512.487,coin_collected,229.808624267578,-1338.05944824219,180.0,0.0,collect_coin,coin_coin22_score_28
512.488,sonification,232.808624267578,-1338.05944824219,180.0,0.0,osc_received,"value_[1, ""coins-with-pitch""]"
516.137,jump_input_pressed,886.808654785156,-1338.05944824219,180.0,0.0,Jump,pressed
516.137,jump_executed,886.808654785156,-1338.05944824219,180.0,-500.0,jump,x_886.808654785156_y_-1338.05944824219
516.303,jump_input_released,916.812133789062,-1405.98120117188,180.0,-294.722106933594,Jump,released
516.403,jump_peak_reached,934.812133789062,-1410.77282714844,180.0,41.2037048339844,jump_peak,x_934.812133789062_y_-1410.77282714844
516.637,platform_landed,979.815612792969,-1338.05895996094,180.0,0.0,land_on_platform,platform_scene-1/Tile Map/54_-74_layer_Tile Map_tile_54_-74_source_1_atlas_13_6
516.637,landed,979.815612792969,-1338.05895996094,180.0,0.0,land,surface_wood_impact_1.11944458007812
516.637,musicking,979.815612792969,-1338.05895996094,180.0,0.0,osc_received,"value_[1, ""water-tube""]"
516.72,move_left_pressed,987.64892578125,-1338.05895996094,-20.0000019073486,0.0,Move_Left,pressed
517.104,jump_input_pressed,926.426696777344,-1338.05895996094,-180.0,0.0,Jump,pressed
517.104,jump_executed,926.426696777344,-1338.05895996094,-180.0,-500.0,jump,x_926.426696777344_y_-1338.05895996094
517.27,jump_input_released,896.42431640625,-1405.9775390625,-180.0,-294.722106933594,Jump,released
517.369,jump_peak_reached,878.42431640625,-1410.76916503906,-180.0,41.2037048339844,jump_peak,x_878.42431640625_y_-1410.76916503906
517.603,platform_landed,833.427856445312,-1338.06225585938,-180.0,0.0,land_on_platform,platform_scene-1/Tile Map/46_-74_layer_Tile Map_tile_46_-74_source_1_atlas_13_6
517.604,landed,833.427856445312,-1338.06225585938,-180.0,0.0,land,surface_wood_impact_1.11944458007812
517.604,musicking,833.427856445312,-1338.06225585938,-180.0,0.0,osc_received,"value_[1, ""water-tube""]"
518.154,jump_input_pressed,737.427917480469,-1338.04992675781,-180.0,0.0,Jump,pressed
518.154,jump_executed,737.427917480469,-1338.04992675781,-180.0,-500.0,jump,x_737.427917480469_y_-1338.04992675781
518.587,jump_peak_reached,659.426147460938,-1444.88342285156,-180.0,39.8149261474609,jump_peak,x_659.426147460938_y_-1444.88342285156
518.687,platform_landed,638.125427246094,-1428.56640625,-180.0,0.0,land_on_platform,platform_scene-1/Tile Map/35_-79_layer_Tile Map_tile_35_-79_source_1_atlas_14_6
518.687,landed,638.125427246094,-1428.56640625,-180.0,0.0,land,surface_wood_impact_0.52407427978516
518.695,musicking,638.125427246094,-1428.56640625,-180.0,0.0,osc_received,"value_[1, ""water-tube""]"
518.737,jump_input_released,632.124938964844,-1428.03125,-180.0,0.0,Jump,released
519.136,move_left_pressed,627.292236328125,-1428.09875488281,-33.3333320617676,0.0,Move_Left,pressed
519.187,jump_input_pressed,624.087768554688,-1428.33740234375,-133.33332824707,0.0,Jump,pressed
519.187,jump_executed,624.087768554688,-1428.33740234375,-133.33332824707,-500.0,jump,x_624.087768554688_y_-1428.33740234375
519.403,move_right_pressed,586.697875976562,-1510.01232910156,-96.6666641235352,-234.222106933594,Move_Right,pressed
519.62,jump_peak_reached,601.586791992188,-1535.16967773438,180.0,39.8149261474609,jump_peak,x_601.586791992188_y_-1535.16967773438
519.621,jump_input_released,601.586791992188,-1535.16967773438,180.0,39.8149261474609,Jump,released
519.722,platform_landed,622.721862792969,-1518.91186523438,180.0,0.0,land_on_platform,platform_scene-1/Tile Map/34_-84_layer_Tile Map_tile_34_-84_source_1_atlas_14_6
519.722,landed,622.721862792969,-1518.91186523438,180.0,0.0,land,surface_wood_impact_0.52407427978516
519.723,musicking,622.721862792969,-1518.91186523438,180.0,0.0,osc_received,"value_[1, ""water-tube""]"
520.188,move_left_pressed,647.910766601562,-1518.94445800781,-33.3333320617676,0.0,Move_Left,pressed
520.553,move_left_pressed,634.733947753906,-1518.09411621094,-33.3333320617676,0.0,Move_Left,pressed
520.687,jump_input_pressed,617.931884765625,-1518.97631835938,-180.0,0.0,Jump,pressed
520.687,jump_executed,617.931884765625,-1518.97631835938,-180.0,-500.0,jump,x_617.931884765625_y_-1518.97631835938
520.821,move_right_pressed,593.9111328125,-1576.08959960938,-96.6666641235352,-335.333251953125,Move_Right,pressed
521.12,jump_peak_reached,620.911071777344,-1625.86267089844,180.0,39.8149261474609,jump_peak,x_620.911071777344_y_-1625.86267089844
521.12,jump_input_released,620.911071777344,-1625.86267089844,180.0,39.8149261474609,Jump,released
521.237,platform_landed,628.744384765625,-1608.01611328125,0.0,0.0,land_on_platform,platform_scene-1/Tile Map/34_-89_layer_Tile Map_tile_34_-89_source_1_atlas_14_6
521.237,landed,628.744384765625,-1608.01611328125,0.0,0.0,land,surface_wood_impact_0.59814837646484
521.237,musicking,628.744384765625,-1608.01611328125,0.0,0.0,osc_received,"value_[1, ""water-tube""]"
521.62,move_left_pressed,628.744384765625,-1608.01611328125,-33.3333320617676,0.0,Move_Left,pressed
521.687,jump_input_pressed,623.481811523438,-1608.65856933594,-166.666656494141,0.0,Jump,pressed
521.687,jump_executed,623.481811523438,-1608.65856933594,-166.666656494141,-500.0,jump,x_623.481811523438_y_-1608.65856933594
521.886,move_right_pressed,587.704040527344,-1686.07885742188,-96.6666641235352,-254.333206176758,Move_Right,pressed
522.12,jump_peak_reached,597.120727539062,-1715.48718261719,150.0,39.8149261474609,jump_peak,x_597.120727539062_y_-1715.48718261719
522.22,jump_input_released,614.370727539062,-1702.24645996094,180.0,262.037139892578,Jump,released
522.221,platform_landed,617.3671875,-1699.03967285156,180.0,0.0,land_on_platform,platform_scene-1/Tile Map/34_-94_layer_Tile Map_tile_34_-94_source_1_atlas_14_6
522.221,landed,617.3671875,-1699.03967285156,180.0,0.0,land,surface_wood_impact_0.52407427978516
522.236,musicking,617.3671875,-1699.03967285156,180.0,0.0,osc_received,"value_[1, ""water-tube""]"
522.603,move_left_pressed,639.813049316406,-1698.88146972656,-33.3333320617676,0.0,Move_Left,pressed
522.77,jump_input_pressed,616.900512695312,-1699.03649902344,-180.0,0.0,Jump,pressed
522.77,jump_executed,616.900512695312,-1699.03649902344,-180.0,-500.0,jump,x_616.900512695312_y_-1699.03649902344
523.021,move_right_pressed,571.897399902344,-1788.21643066406,-96.6666641235352,-194.166549682617,Move_Right,pressed
523.205,jump_peak_reached,579.314025878906,-1805.87377929688,136.66667175293,39.8149261474609,jump_peak,x_579.314025878906_y_-1805.87377929688
523.387,jump_input_released,610.897338867188,-1764.62377929688,180.0,447.222381591797,Jump,released
523.504,platform_landed,634.815795898438,-1698.09252929688,180.0,0.0,land_on_platform,platform_scene-1/Tile Map/35_-94_layer_Tile Map_tile_35_-94_source_1_atlas_14_6
523.504,landed,634.815795898438,-1698.09252929688,180.0,0.0,land,surface_wood_impact_1.41296337890625
523.505,musicking,634.815795898438,-1698.09252929688,180.0,0.0,osc_received,"value_[1, ""water-tube""]"
523.904,jump_input_pressed,642.013244628906,-1699.04797363281,0.0,0.0,Jump,pressed
523.904,jump_executed,642.013244628906,-1699.04797363281,0.0,-500.0,jump,x_642.013244628906_y_-1699.04797363281
524.07,move_right_pressed,642.013244628906,-1766.96838378906,15.0,-294.722106933594,Move_Right,pressed
524.136,jump_peak_reached,643.467529296875,-1776.25622558594,0.0,74.5735855102539,jump_peak,x_643.467529296875_y_-1776.25622558594
524.371,platform_landed,643.467529296875,-1699.0146484375,0.0,0.0,land_on_platform,platform_scene-1/Tile Map/35_-94_layer_Tile Map_tile_35_-94_source_1_atlas_14_6
524.371,landed,643.467529296875,-1699.0146484375,0.0,0.0,land,surface_wood_impact_1.18618432617187
524.372,musicking,643.467529296875,-1699.0146484375,0.0,0.0,osc_received,"value_[1, ""water-tube""]"
524.421,jump_input_released,643.467529296875,-1699.0146484375,0.0,0.0,Jump,released
524.787,jump_input_pressed,643.467529296875,-1699.0146484375,0.0,0.0,Jump,pressed
524.787,jump_executed,643.467529296875,-1699.0146484375,0.0,-500.0,jump,x_643.467529296875_y_-1699.0146484375
525.02,jump_peak_reached,643.421447753906,-1776.53588867188,0.0,57.8334922790527,jump_peak,x_643.421447753906_y_-1776.53588867188
525.187,jump_input_released,643.421447753906,-1739.119140625,0.0,428.203887939453,Jump,released
525.254,platform_landed,643.421447753906,-1698.98876953125,0.0,0.0,land_on_platform,platform_scene-1/Tile Map/35_-94_layer_Tile Map_tile_35_-94_source_1_atlas_14_6
525.254,landed,643.421447753906,-1698.98876953125,0.0,0.0,land,surface_wood_impact_1.1527041015625
525.255,musicking,643.421447753906,-1698.98876953125,0.0,0.0,osc_received,"value_[1, ""water-tube""]"
525.52,move_right_pressed,643.421447753906,-1698.98876953125,33.3333320617676,0.0,Move_Right,pressed
525.587,jump_input_pressed,648.977111816406,-1698.70727539062,166.666656494141,0.0,Jump,pressed
525.588,jump_executed,648.977111816406,-1698.70727539062,166.666656494141,-500.0,jump,x_648.977111816406_y_-1698.70727539062
525.621,move_left_pressed,654.77734375,-1715.09777832031,96.6666641235352,-458.499969482422,Move_Left,pressed
525.82,jump_peak_reached,642.752868652344,-1776.16613769531,-160.903396606445,76.159538269043,jump_peak,x_642.752868652344_y_-1776.16613769531
526.036,jump_input_released,604.139465332031,-1711.51684570312,-180.0,557.64111328125,Jump,released
526.421,platform_landed,599.30615234375,-1338.04858398438,0.0,0.0,land_on_platform,platform_scene-1/Tile Map/33_-74_layer_Tile Map_tile_33_-74_source_1_atlas_13_6
526.421,landed,599.30615234375,-1338.04858398438,0.0,0.0,land,surface_wood_impact_2.81898510742188
526.424,musicking,599.30615234375,-1338.04858398438,0.0,0.0,osc_received,"value_[1, ""water-tube""]"
526.453,musicking,599.30615234375,-1338.04858398438,0.0,0.0,osc_received,"value_[1, ""far-fall""]"
527.12,jump_input_pressed,599.30615234375,-1338.04858398438,0.0,0.0,Jump,pressed
527.12,jump_executed,599.30615234375,-1338.04858398438,0.0,-500.0,jump,x_599.30615234375_y_-1338.04858398438
527.255,move_right_pressed,599.30615234375,-1395.1240234375,15.0,-335.333251953125,Move_Right,pressed
527.521,jump_input_released,630.80615234375,-1444.64245605469,180.0,-16.6665554046631,Jump,released
527.553,jump_peak_reached,635.417236328125,-1444.85083007812,13.3333311080933,41.2038154602051,jump_peak,x_635.417236328125_y_-1444.85083007812
527.654,platform_landed,635.639465332031,-1428.04968261719,0.0,0.0,land_on_platform,platform_scene-1/Tile Map/35_-79_layer_Tile Map_tile_35_-79_source_1_atlas_14_6
527.654,landed,635.639465332031,-1428.04968261719,0.0,0.0,land,surface_wood_impact_0.52685205078125
527.67,musicking,635.639465332031,-1428.04968261719,0.0,0.0,osc_received,"value_[1, ""water-tube""]"
527.804,move_left_pressed,635.639465332031,-1428.04968261719,-33.3333320617676,0.0,Move_Left,pressed
527.921,jump_input_pressed,621.963989257812,-1429.39880371094,-180.0,0.0,Jump,pressed
527.921,jump_executed,621.963989257812,-1429.39880371094,-180.0,-500.0,jump,x_621.963989257812_y_-1429.39880371094
528.07,move_right_pressed,594.963989257812,-1492.05151367188,-81.6666641235352,-314.999908447266,Move_Right,pressed
528.353,jump_peak_reached,622.102905273438,-1536.22741699219,180.0,39.8149261474609,jump_peak,x_622.102905273438_y_-1536.22741699219
528.387,jump_input_released,628.102905273438,-1534.28295898438,180.0,113.889007568359,Jump,released
528.47,platform_landed,632.936218261719,-1518.01574707031,0.0,0.0,land_on_platform,platform_scene-1/Tile Map/35_-84_layer_Tile Map_tile_35_-84_source_1_atlas_14_6
528.471,landed,632.936218261719,-1518.01574707031,0.0,0.0,land,surface_wood_impact_0.59814837646484
528.471,musicking,632.936218261719,-1518.01574707031,0.0,0.0,osc_received,"value_[1, ""water-tube""]"
528.67,move_left_pressed,632.936218261719,-1518.01574707031,-33.3333320617676,0.0,Move_Left,pressed
528.804,jump_input_pressed,616.242797851562,-1518.982421875,-180.0,0.0,Jump,pressed
528.804,jump_executed,616.242797851562,-1518.982421875,-180.0,-500.0,jump,x_616.242797851562_y_-1518.982421875
529.036,move_right_pressed,599.391906738281,-1604.619140625,15.0,-214.166549682617,Move_Right,pressed
529.237,jump_peak_reached,618.891906738281,-1625.85986328125,180.0,39.8149261474609,jump_peak,x_618.891906738281_y_-1625.85986328125
529.288,jump_input_released,627.891906738281,-1622.01721191406,96.6666641235352,150.926040649414,Jump,released
529.353,platform_landed,629.725219726562,-1608.01330566406,0.0,0.0,land_on_platform,platform_scene-1/Tile Map/34_-89_layer_Tile Map_tile_34_-89_source_1_atlas_14_6
529.354,landed,629.725219726562,-1608.01330566406,0.0,0.0,land,surface_wood_impact_0.59814837646484
529.354,musicking,629.725219726562,-1608.01330566406,0.0,0.0,osc_received,"value_[1, ""water-tube""]"
529.622,move_left_pressed,629.725219726562,-1608.01330566406,-33.3333320617676,0.0,Move_Left,pressed
529.688,jump_input_pressed,624.24951171875,-1608.25134277344,-166.666656494141,0.0,Jump,pressed
529.688,jump_executed,624.24951171875,-1608.25134277344,-166.666656494141,-500.0,jump,x_624.24951171875_y_-1608.25134277344
529.871,move_right_pressed,591.469909667969,-1681.09106445312,-81.6666641235352,-274.499877929688,Move_Right,pressed
530.12,jump_peak_reached,612.608825683594,-1715.08544921875,180.0,39.8149261474609,jump_peak,x_612.608825683594_y_-1715.08544921875
530.17,jump_input_released,621.608825683594,-1711.24279785156,180.0,150.926040649414,Jump,released
530.22,platform_landed,626.442138671875,-1698.05749511719,0.0,0.0,land_on_platform,platform_scene-1/Tile Map/34_-94_layer_Tile Map_tile_34_-94_source_1_atlas_14_6
530.22,landed,626.442138671875,-1698.05749511719,0.0,0.0,land,surface_wood_impact_0.52407427978516
530.221,musicking,626.442138671875,-1698.05749511719,0.0,0.0,osc_received,"value_[1, ""water-tube""]"
530.504,jump_input_pressed,626.442138671875,-1698.05749511719,0.0,0.0,Jump,pressed
530.504,jump_executed,626.442138671875,-1698.05749511719,0.0,-500.0,jump,x_626.442138671875_y_-1698.05749511719
530.536,move_left_pressed,626.442138671875,-1714.4248046875,-15.0,-458.499969482422,Move_Left,pressed
530.87,jump_peak_reached,582.498168945312,-1788.541015625,-180.0,54.4318313598633,jump_peak,x_582.498168945312_y_-1788.541015625
530.921,move_left_pressed,577.664855957031,-1783.96752929688,-28.3333320617676,165.542938232422,Move_Left,pressed
530.97,jump_input_released,575.498168945312,-1773.83850097656,-73.3333282470703,276.654052734375,Jump,released
531.137,move_right_pressed,552.720336914062,-1699.95178222656,-96.6666641235352,647.024536132812,Move_Right,pressed
531.487,platform_landed,568.748107910156,-1338.06616210938,0.0,0.0,land_on_platform,platform_scene-1/Tile Map/31_-74_layer_Tile Map_tile_31_-74_source_1_atlas_13_6
531.487,landed,568.748107910156,-1338.06616210938,0.0,0.0,land,surface_wood_impact_2.84960375976563
531.488,musicking,568.748107910156,-1338.06616210938,0.0,0.0,osc_received,"value_[1, ""water-tube""]"
531.521,musicking,568.748107910156,-1338.06616210938,0.0,0.0,osc_received,"value_[1, ""far-fall""]"
532.036,move_right_pressed,568.748107910156,-1338.06616210938,33.3333320617676,0.0,Move_Right,pressed
532.121,jump_input_pressed,572.359252929688,-1338.05053710938,0.0,0.0,Jump,pressed
532.121,jump_executed,572.359252929688,-1338.05053710938,0.0,-500.0,jump,x_572.359252929688_y_-1338.05053710938
532.221,jump_input_released,572.359252929688,-1382.90246582031,0.0,-376.166595458984,Jump,released
532.32,jump_peak_reached,572.359252929688,-1387.69409179688,0.0,41.2037048339844,jump_peak,x_572.359252929688_y_-1387.69409179688
532.487,move_right_pressed,572.359252929688,-1353.04907226562,15.0,411.574127197266,Move_Right,pressed
532.521,platform_landed,573.870178222656,-1338.04943847656,45.0,0.0,land_on_platform,platform_scene-1/Tile Map/31_-74_layer_Tile Map_tile_31_-74_source_1_atlas_13_6
532.521,landed,573.870178222656,-1338.04943847656,45.0,0.0,land,surface_wood_impact_0.97129644775391
532.522,musicking,573.870178222656,-1338.04943847656,45.0,0.0,osc_received,"value_[1, ""water-tube""]"
532.837,jump_input_pressed,580.481262207031,-1338.04943847656,0.0,0.0,Jump,pressed
532.837,jump_executed,580.481262207031,-1338.04943847656,0.0,-500.0,jump,x_580.481262207031_y_-1338.04943847656
532.953,move_right_pressed,580.481262207031,-1389.18884277344,15.0,-355.722137451172,Move_Right,pressed
533.27,jump_peak_reached,620.981262207031,-1444.89807128906,180.0,39.8149261474609,jump_peak,x_620.981262207031_y_-1444.89807128906
533.287,jump_input_released,623.981262207031,-1444.23449707031,180.0,76.8519668579102,Jump,released
533.37,platform_landed,631.814575195312,-1428.02368164062,0.0,0.0,land_on_platform,platform_scene-1/Tile Map/35_-79_layer_Tile Map_tile_35_-79_source_1_atlas_14_6
533.37,landed,631.814575195312,-1428.02368164062,0.0,0.0,land,surface_wood_impact_0.52407427978516
533.37,musicking,631.814575195312,-1428.02368164062,0.0,0.0,osc_received,"value_[1, ""water-tube""]"
533.537,move_left_pressed,631.814575195312,-1428.02368164062,-33.3333320617676,0.0,Move_Left,pressed
533.588,jump_input_pressed,628.481567382812,-1428.08935546875,-133.33332824707,0.0,Jump,pressed
533.588,jump_executed,628.481567382812,-1428.08935546875,-133.33332824707,-500.0,jump,x_628.481567382812_y_-1428.08935546875
533.77,move_right_pressed,598.48095703125,-1500.92590332031,0.0,-274.499877929688,Move_Right,pressed
534.021,jump_peak_reached,623.98095703125,-1534.92028808594,180.0,39.8149261474609,jump_peak,x_623.98095703125_y_-1534.92028808594
534.021,jump_input_released,623.98095703125,-1534.92028808594,180.0,39.8149261474609,Jump,released
534.12,platform_landed,631.814270019531,-1518.02026367188,0.0,0.0,land_on_platform,platform_scene-1/Tile Map/35_-84_layer_Tile Map_tile_35_-84_source_1_atlas_14_6
534.121,landed,631.814270019531,-1518.02026367188,0.0,0.0,land,surface_wood_impact_0.52407427978516
534.121,musicking,631.814270019531,-1518.02026367188,0.0,0.0,osc_received,"value_[1, ""water-tube""]"
534.504,move_left_pressed,631.814270019531,-1518.02026367188,-33.3333320617676,0.0,Move_Left,pressed
534.57,jump_input_pressed,626.259582519531,-1518.08947753906,-166.666656494141,0.0,Jump,pressed
534.57,jump_executed,626.259582519531,-1518.08947753906,-166.666656494141,-500.0,jump,x_626.259582519531_y_-1518.08947753906
534.704,move_right_pressed,602.4765625,-1575.16088867188,-81.6666641235352,-335.333251953125,Move_Right,pressed
534.987,jump_input_released,629.615478515625,-1624.98022460938,180.0,2.77788853645325,Jump,released
535.003,jump_peak_reached,632.615478515625,-1624.93395996094,96.6666641235352,39.8149261474609,jump_peak,x_632.615478515625_y_-1624.93395996094
535.103,platform_landed,634.448791503906,-1608.03393554688,0.0,0.0,land_on_platform,platform_scene-1/Tile Map/35_-89_layer_Tile Map_tile_35_-89_source_1_atlas_14_6
535.104,landed,634.448791503906,-1608.03393554688,0.0,0.0,land,surface_wood_impact_0.52407427978516
535.104,musicking,634.448791503906,-1608.03393554688,0.0,0.0,osc_received,"value_[1, ""water-tube""]"
535.354,move_left_pressed,634.448791503906,-1608.03393554688,-33.3333320617676,0.0,Move_Left,pressed
535.42,jump_input_pressed,628.893432617188,-1608.07751464844,-166.666656494141,0.0,Jump,pressed
535.42,jump_executed,628.893432617188,-1608.07751464844,-166.666656494141,-500.0,jump,x_628.893432617188_y_-1608.07751464844
535.612,move_right_pressed,597.501586914062,-1680.92065429688,0.0,-274.499877929688,Move_Right,pressed
535.862,jump_peak_reached,623.001586914062,-1714.9150390625,180.0,39.8149261474609,jump_peak,x_623.001586914062_y_-1714.9150390625
535.879,jump_input_released,626.001586914062,-1714.25146484375,180.0,76.8519668579102,Jump,released
535.962,platform_landed,630.834899902344,-1698.01501464844,0.0,0.0,land_on_platform,platform_scene-1/Tile Map/34_-94_layer_Tile Map_tile_34_-94_source_1_atlas_14_6
535.962,landed,630.834899902344,-1698.01501464844,0.0,0.0,land,surface_wood_impact_0.52407427978516
535.963,musicking,630.834899902344,-1698.01501464844,0.0,0.0,osc_received,"value_[1, ""water-tube""]"
536.27,jump_input_pressed,630.834899902344,-1698.01501464844,0.0,0.0,Jump,pressed
536.27,jump_executed,630.834899902344,-1698.01501464844,0.0,-500.0,jump,x_630.834899902344_y_-1698.01501464844
536.287,move_left_pressed,630.834899902344,-1706.40551757812,-15.0,-479.222198486328,Move_Left,pressed
536.553,jump_peak_reached,598.787353515625,-1778.62170410156,-180.0,54.3803482055664,jump_peak,x_598.787353515625_y_-1778.62170410156
536.754,move_right_pressed,562.787353515625,-1727.0048828125,-96.6666641235352,498.824859619141,Move_Right,pressed
536.754,jump_input_released,562.787353515625,-1727.0048828125,-96.6666641235352,498.824859619141,Jump,released
537.154,platform_landed,604.459655761719,-1338.0556640625,180.0,0.0,land_on_platform,platform_scene-1/Tile Map/33_-74_layer_Tile Map_tile_33_-74_source_1_atlas_13_6
537.154,landed,604.459655761719,-1338.0556640625,180.0,0.0,land,surface_wood_impact_2.7754267578125
537.162,musicking,604.459655761719,-1338.0556640625,180.0,0.0,osc_received,"value_[1, ""water-tube""]"
537.204,musicking,606.29296875,-1338.0556640625,0.0,0.0,osc_received,"value_[1, ""far-fall""]"
537.754,jump_input_pressed,606.29296875,-1338.0556640625,0.0,0.0,Jump,pressed
537.754,jump_executed,606.29296875,-1338.0556640625,0.0,-500.0,jump,x_606.29296875_y_-1338.0556640625
537.77,jump_peak_reached,606.29296875,-1346.39599609375,0.0,-479.222198486328,jump_peak,x_606.29296875_y_-1346.39599609375
537.921,move_left_pressed,606.29296875,-1405.97375488281,-15.0,-294.722106933594,Move_Left,pressed
538.003,move_right_pressed,602.54296875,-1427.23303222656,0.0,-194.166549682617,Move_Right,pressed
538.203,jump_input_released,619.04296875,-1444.22680664062,180.0,76.8519668579102,Jump,released
538.287,platform_landed,623.876281738281,-1428.37414550781,0.0,0.0,land_on_platform,platform_scene-1/Tile Map/34_-79_layer_Tile Map_tile_34_-79_source_1_atlas_14_6
538.287,landed,623.876281738281,-1428.37414550781,0.0,0.0,land,surface_wood_impact_0.52407427978516
538.295,musicking,623.876281738281,-1428.37414550781,0.0,0.0,osc_received,"value_[1, ""water-tube""]"
538.437,move_left_pressed,623.876281738281,-1428.37414550781,-33.3333320617676,0.0,Move_Left,pressed
538.504,jump_input_pressed,618.528076171875,-1429.04626464844,-166.666656494141,0.0,Jump,pressed
538.504,jump_executed,618.528076171875,-1429.04626464844,-166.666656494141,-500.0,jump,x_618.528076171875_y_-1429.04626464844
538.654,move_right_pressed,591.74853515625,-1491.70422363281,-96.6666641235352,-314.999908447266,Move_Right,pressed
538.936,jump_peak_reached,618.637451171875,-1535.88012695312,180.0,39.8149261474609,jump_peak,x_618.637451171875_y_-1535.88012695312
538.953,jump_input_released,621.637451171875,-1535.21655273438,180.0,76.8519668579102,Jump,released
539.054,platform_landed,626.470764160156,-1518.03356933594,0.0,0.0,land_on_platform,platform_scene-1/Tile Map/34_-84_layer_Tile Map_tile_34_-84_source_1_atlas_14_6
539.054,landed,626.470764160156,-1518.03356933594,0.0,0.0,land,surface_wood_impact_0.59814837646484
539.055,musicking,626.470764160156,-1518.03356933594,0.0,0.0,osc_received,"value_[1, ""water-tube""]"
539.287,move_left_pressed,626.470764160156,-1518.03356933594,-33.3333320617676,0.0,Move_Left,pressed
539.321,jump_input_pressed,624.804809570312,-1518.11877441406,-100.0,0.0,Jump,pressed
539.321,jump_executed,624.804809570312,-1518.11877441406,-100.0,-500.0,jump,x_624.804809570312_y_-1518.11877441406
539.504,move_right_pressed,596.054260253906,-1590.95520019531,-96.6666641235352,-274.499877929688,Move_Right,pressed
539.753,jump_peak_reached,614.05419921875,-1624.94958496094,180.0,39.8149261474609,jump_peak,x_614.05419921875_y_-1624.94958496094
539.77,jump_input_released,617.05419921875,-1624.28601074219,180.0,76.8519668579102,Jump,released
539.854,platform_landed,621.887512207031,-1608.92810058594,0.0,0.0,land_on_platform,platform_scene-1/Tile Map/34_-89_layer_Tile Map_tile_34_-89_source_1_atlas_14_6
539.854,landed,621.887512207031,-1608.92810058594,0.0,0.0,land,surface_wood_impact_0.52407427978516
539.855,musicking,621.887512207031,-1608.92810058594,0.0,0.0,osc_received,"value_[1, ""water-tube""]"
540.122,move_left_pressed,621.887512207031,-1608.92810058594,-33.3333320617676,0.0,Move_Left,pressed
540.138,jump_input_pressed,621.337463378906,-1609.03552246094,-66.6666641235352,0.0,Jump,pressed
540.138,jump_executed,621.337463378906,-1609.03552246094,-66.6666641235352,-500.0,jump,x_621.337463378906_y_-1609.03552246094
540.337,move_right_pressed,593.446899414062,-1686.4697265625,-96.6666641235352,-254.333206176758,Move_Right,pressed
540.57,jump_peak_reached,608.113586425781,-1715.87805175781,180.0,39.8149261474609,jump_peak,x_608.113586425781_y_-1715.87805175781
540.621,jump_input_released,617.113586425781,-1712.03540039062,96.6666641235352,150.926040649414,Jump,released
540.67,platform_landed,618.946899414062,-1699.00366210938,0.0,0.0,land_on_platform,platform_scene-1/Tile Map/34_-94_layer_Tile Map_tile_34_-94_source_1_atlas_14_6
540.67,landed,618.946899414062,-1699.00366210938,0.0,0.0,land,surface_wood_impact_0.52407427978516
540.671,musicking,618.946899414062,-1699.00366210938,0.0,0.0,osc_received,"value_[1, ""water-tube""]"
540.953,jump_input_pressed,618.946899414062,-1699.00366210938,0.0,0.0,Jump,pressed
540.953,jump_executed,618.946899414062,-1699.00366210938,0.0,-500.0,jump,x_618.946899414062_y_-1699.00366210938
540.971,move_left_pressed,618.946899414062,-1707.38208007812,-15.0,-479.222198486328,Move_Left,pressed
541.154,move_right_pressed,602.446899414062,-1776.46813964844,-81.6666641235352,-254.333206176758,Move_Right,pressed
541.354,platform_landed,610.801208496094,-1805.76000976562,65.9432907104492,-18.0554447174072,land_on_platform,platform_scene-1/Tile Map/34_-100_layer_Tile Map_tile_34_-100_source_1_atlas_14_6
541.354,landed,610.801208496094,-1805.76000976562,65.9432907104492,-18.0554447174072,land,surface_wood_impact_0.03611088943481
541.362,musicking,610.801208496094,-1805.76000976562,65.9432907104492,-18.0554447174072,osc_received,"value_[1, ""water-tube""]"
541.437,jump_peak_reached,620.071044921875,-1807.30334472656,180.0,39.8149261474609,jump_peak,x_620.071044921875_y_-1807.30334472656
541.437,platform_landed,623.077270507812,-1806.70483398438,180.0,0.0,land_on_platform,platform_scene-1/Tile Map/34_-100_layer_Tile Map_tile_34_-100_source_1_atlas_14_6
541.437,landed,623.077270507812,-1806.70483398438,180.0,0.0,land,surface_wood_impact_0.07962985229492
541.445,musicking,623.077270507812,-1806.70483398438,180.0,0.0,osc_received,"value_[1, ""water-tube""]"
541.47,coin_collected,626.086975097656,-1806.03686523438,180.0,0.0,collect_coin,coin_coin24_score_30
541.472,sonification,629.087463378906,-1806.03686523438,180.0,0.0,osc_received,"value_[1, ""coins-with-pitch""]"
541.587,jump_input_released,646.470642089844,-1806.98022460938,96.6666641235352,0.0,Jump,released
542.187,move_left_pressed,648.313293457031,-1806.89428710938,-33.3333320617676,0.0,Move_Left,pressed
542.653,move_left_pressed,632.146606445312,-1806.07666015625,-33.3333320617676,0.0,Move_Left,pressed
542.77,jump_input_pressed,618.407043457031,-1806.97814941406,-180.0,0.0,Jump,pressed
542.77,jump_executed,618.407043457031,-1806.97814941406,-180.0,-500.0,jump,x_618.407043457031_y_-1806.97814941406
542.87,move_right_pressed,604.553100585938,-1851.87902832031,1.66666889190674,-376.166595458984,Move_Right,pressed
543.221,jump_peak_reached,609.048034667969,-1911.93908691406,15.0,76.8519668579102,jump_peak,x_609.048034667969_y_-1911.93908691406
543.287,jump_input_released,607.860900878906,-1903.81005859375,15.8559675216675,225.000106811523,Jump,released
543.487,platform_landed,617.744873046875,-1806.98718261719,0.0,0.0,land_on_platform,platform_scene-1/Tile Map/34_-100_layer_Tile Map_tile_34_-100_source_1_atlas_14_6
543.487,landed,617.744873046875,-1806.98718261719,0.0,0.0,land,surface_wood_impact_1.33888928222656
543.495,musicking,617.744873046875,-1806.98718261719,0.0,0.0,osc_received,"value_[1, ""water-tube""]"
543.853,jump_input_pressed,617.744873046875,-1806.98718261719,0.0,0.0,Jump,pressed
543.853,jump_executed,617.744873046875,-1806.98718261719,0.0,-500.0,jump,x_617.744873046875_y_-1806.98718261719
543.87,jump_peak_reached,617.744873046875,-1815.37646484375,0.0,-479.222198486328,jump_peak,x_617.744873046875_y_-1815.37646484375
543.887,move_left_pressed,617.744873046875,-1823.36535644531,-15.0,-458.499969482422,Move_Left,pressed
544.103,move_right_pressed,595.244873046875,-1896.21350097656,-96.6666641235352,-194.166549682617,Move_Right,pressed
544.587,jump_input_released,620.338500976562,-1808.55700683594,0.0,706.481689453125,Jump,released
544.587,platform_landed,620.338500976562,-1806.9931640625,0.0,0.0,land_on_platform,platform_scene-1/Tile Map/34_-100_layer_Tile Map_tile_34_-100_source_1_atlas_14_6
544.587,landed,620.338500976562,-1806.9931640625,0.0,0.0,land,surface_wood_impact_1.41296337890625
544.604,musicking,620.338500976562,-1806.9931640625,0.0,0.0,osc_received,"value_[1, ""water-tube""]"
544.954,jump_input_pressed,620.338500976562,-1806.9931640625,0.0,0.0,Jump,pressed
544.954,jump_executed,620.338500976562,-1806.9931640625,0.0,-500.0,jump,x_620.338500976562_y_-1806.9931640625
545.054,move_left_pressed,620.338500976562,-1851.89367675781,-15.0,-376.166595458984,Move_Left,pressed
545.188,jump_peak_reached,611.239074707031,-1884.54833984375,-40.2094306945801,56.3536949157715,jump_peak,x_611.239074707031_y_-1884.54833984375
545.188,move_right_pressed,611.239074707031,-1884.54833984375,-40.2094306945801,56.3536949157715,Move_Right,pressed
545.421,platform_landed,630.072326660156,-1806.06970214844,180.0,0.0,land_on_platform,platform_scene-1/Tile Map/34_-100_layer_Tile Map_tile_34_-100_source_1_atlas_14_6
545.421,landed,630.072326660156,-1806.06970214844,180.0,0.0,land,surface_wood_impact_1.14974450683594
545.421,musicking,630.072326660156,-1806.06970214844,180.0,0.0,osc_received,"value_[1, ""water-tube""]"
545.47,jump_input_released,636.072204589844,-1806.08618164062,180.0,0.0,Jump,released
545.821,move_left_pressed,646.417785644531,-1807.03576660156,-33.3333320617676,0.0,Move_Left,pressed
546.171,move_left_pressed,633.223205566406,-1806.08227539062,-33.3333320617676,0.0,Move_Left,pressed
546.503,move_left_pressed,626.835083007812,-1806.09497070312,-33.3333320617676,0.0,Move_Left,pressed
546.588,jump_input_pressed,618.968139648438,-1806.98278808594,-180.0,0.0,Jump,pressed
546.588,jump_executed,618.968139648438,-1806.98278808594,-180.0,-500.0,jump,x_618.968139648438_y_-1806.98278808594
546.771,move_right_pressed,585.9482421875,-1879.87219238281,-96.6666641235352,-274.499877929688,Move_Right,pressed
547.02,jump_peak_reached,603.948181152344,-1913.86657714844,180.0,39.8149261474609,jump_peak,x_603.948181152344_y_-1913.86657714844
547.253,jump_input_released,613.356872558594,-1849.41650390625,106.813095092773,558.33349609375,Jump,released
547.321,platform_landed,615.528442382812,-1806.99560546875,0.0,0.0,land_on_platform,platform_scene-1/Tile Map/34_-100_layer_Tile Map_tile_34_-100_source_1_atlas_14_6
547.321,landed,615.528442382812,-1806.99560546875,0.0,0.0,land,surface_wood_impact_1.41296337890625
547.321,musicking,615.528442382812,-1806.99560546875,0.0,0.0,osc_received,"value_[1, ""water-tube""]"
547.754,jump_input_pressed,615.528442382812,-1806.99560546875,0.0,0.0,Jump,pressed
547.754,jump_executed,615.528442382812,-1806.99560546875,0.0,-500.0,jump,x_615.528442382812_y_-1806.99560546875
547.886,move_left_pressed,615.528442382812,-1864.09362792969,-15.0,-335.333251953125,Move_Left,pressed
548.02,jump_peak_reached,602.286437988281,-1886.21704101562,-180.0,50.2245254516602,jump_peak,x_602.286437988281_y_-1886.21704101562
548.054,move_right_pressed,596.286437988281,-1883.92565917969,-96.6666641235352,124.298606872559,Move_Right,pressed
548.37,jump_input_released,610.464782714844,-1741.6103515625,90.0,828.00244140625,Jump,released
548.404,platform_landed,612.075866699219,-1698.36206054688,0.0,0.0,land_on_platform,platform_scene-1/Tile Map/34_-94_layer_Tile Map_tile_34_-94_source_1_atlas_14_6
548.404,landed,612.075866699219,-1698.36206054688,0.0,0.0,land,surface_wood_impact_1.80415307617187
548.412,musicking,612.075866699219,-1698.36206054688,0.0,0.0,osc_received,"value_[1, ""water-tube""]"
548.937,move_left_pressed,612.075866699219,-1698.36206054688,-33.3333320617676,0.0,Move_Left,pressed
548.955,jump_input_pressed,611.494995117188,-1698.07299804688,-66.6666641235352,0.0,Jump,pressed
548.955,jump_executed,611.494995117188,-1698.07299804688,-66.6666641235352,-500.0,jump,x_611.494995117188_y_-1698.07299804688
548.97,jump_peak_reached,610.375,-1706.47375488281,-81.6666641235352,-479.222198486328,jump_peak,x_610.375_y_-1706.47375488281
549.57,jump_input_released,508.597412109375,-1763.71813964844,-180.0,447.222381591797,Jump,released
550.021,platform_landed,424.616790771484,-1338.05493164062,-180.0,0.0,land_on_platform,platform_scene-1/Tile Map/23_-74_layer_Tile Map_tile_23_-74_source_1_atlas_13_6
550.021,landed,424.616790771484,-1338.05493164062,-180.0,0.0,land,surface_wood_impact_2.89444384765625
550.022,musicking,424.616790771484,-1338.05493164062,-180.0,0.0,osc_received,"value_[1, ""water-tube""]"
550.056,musicking,418.616790771484,-1338.05493164062,-180.0,0.0,osc_received,"value_[1, ""far-fall""]"
550.804,jump_input_pressed,286.616790771484,-1338.05493164062,-96.6666641235352,0.0,Jump,pressed
550.804,jump_executed,286.616790771484,-1338.05493164062,-96.6666641235352,-500.0,jump,x_286.616790771484_y_-1338.05493164062
550.987,move_right_pressed,284.783050537109,-1410.89123535156,15.0,-274.499877929688,Move_Right,pressed
551.236,jump_peak_reached,313.283050537109,-1444.88562011719,180.0,39.8149261474609,jump_peak,x_313.283050537109_y_-1444.88562011719
551.337,platform_landed,334.323699951172,-1429.02160644531,180.0,0.0,land_on_platform,platform_scene-1/Tile Map/18_-79_layer_Tile Map_tile_18_-79_source_1_atlas_14_6
551.337,landed,334.323699951172,-1429.02160644531,180.0,0.0,land,surface_wood_impact_0.52407427978516
551.345,musicking,334.323699951172,-1429.02160644531,180.0,0.0,osc_received,"value_[1, ""water-tube""]"
551.371,jump_input_released,337.323699951172,-1428.04309082031,96.6666641235352,0.0,Jump,released
551.504,move_left_pressed,339.157989501953,-1428.09484863281,-33.3333320617676,0.0,Move_Left,pressed
551.587,jump_input_pressed,331.303741455078,-1428.98474121094,-180.0,0.0,Jump,pressed
551.587,jump_executed,331.303741455078,-1428.98474121094,-180.0,-500.0,jump,x_331.303741455078_y_-1428.98474121094
551.971,jump_input_released,262.284118652344,-1534.98828125,-180.0,-36.1665573120117,Jump,released
552.021,jump_peak_reached,253.284118652344,-1535.7548828125,-180.0,42.5371475219727,jump_peak,x_253.284118652344_y_-1535.7548828125
552.221,platform_landed,242.450775146484,-1482.51196289062,0.0,0.0,land_on_platform,platform_scene-1/Tile Map/13_-82_layer_Tile Map_tile_13_-82_source_1_atlas_14_6
552.221,landed,242.450775146484,-1482.51196289062,0.0,0.0,land,surface_wood_impact_0.97396331787109
552.221,musicking,242.450775146484,-1482.51196289062,0.0,0.0,osc_received,"value_[1, ""water-tube""]"
552.255,move_right_pressed,242.450775146484,-1482.51196289062,33.3333320617676,0.0,Move_Right,pressed
552.337,jump_input_pressed,250.642486572266,-1483.04443359375,180.0,0.0,Jump,pressed
552.337,jump_executed,250.642486572266,-1483.04443359375,180.0,-500.0,jump,x_250.642486572266_y_-1483.04443359375
552.721,jump_input_released,319.642486572266,-1588.99340820312,180.0,-36.1665573120117,Jump,released
552.77,jump_peak_reached,328.642486572266,-1589.76000976562,180.0,42.5371475219727,jump_peak,x_328.642486572266_y_-1589.76000976562
552.904,move_left_pressed,336.475830078125,-1566.80444335938,-15.0,338.833465576172,Move_Left,pressed
552.971,platform_landed,333.022277832031,-1537.06323242188,-75.0,0.0,land_on_platform,platform_scene-1/Tile Map/18_-85_layer_Tile Map_tile_18_-85_source_1_atlas_14_6
552.971,landed,333.022277832031,-1537.06323242188,-75.0,0.0,land,surface_wood_impact_0.97396331787109
552.971,musicking,333.022277832031,-1537.06323242188,-75.0,0.0,osc_received,"value_[1, ""water-tube""]"
553.054,jump_input_pressed,322.928985595703,-1536.90063476562,-180.0,37.037036895752,Jump,pressed
553.054,jump_executed,322.928985595703,-1536.90063476562,-180.0,-500.0,jump,x_322.928985595703_y_-1536.90063476562
553.055,musicking,319.928985595703,-1545.23486328125,-180.0,-500.055541992188,osc_received,"value_[1, ""chain-jumps""]"
553.372,jump_input_released,265.928985595703,-1637.09045410156,-180.0,-114.722114562988,Jump,released
553.47,jump_peak_reached,247.928985595703,-1641.88208007812,-180.0,41.2037048339844,jump_peak,x_247.928985595703_y_-1641.88208007812
553.671,platform_landed,231.095642089844,-1590.05505371094,0.0,0.0,land_on_platform,platform_scene-1/Tile Map/12_-88_layer_Tile Map_tile_12_-88_source_1_atlas_14_6
553.671,landed,231.095642089844,-1590.05505371094,0.0,0.0,land,surface_wood_impact_0.97129644775391
553.672,musicking,231.095642089844,-1590.05505371094,0.0,0.0,osc_received,"value_[1, ""water-tube""]"
553.703,move_right_pressed,231.095642089844,-1590.05505371094,33.3333320617676,0.0,Move_Right,pressed
553.788,jump_input_pressed,239.428512573242,-1590.10290527344,180.0,0.0,Jump,pressed
553.788,jump_executed,239.428512573242,-1590.10290527344,180.0,-500.0,jump,x_239.428512573242_y_-1590.10290527344
554.188,jump_input_released,311.4296875,-1696.68017578125,180.0,-16.6665554046631,Jump,released
554.22,jump_peak_reached,317.4296875,-1696.88854980469,180.0,41.2038154602051,jump_peak,x_317.4296875_y_-1696.88854980469
554.421,platform_landed,351.600646972656,-1644.92687988281,13.3333311080933,0.0,land_on_platform,platform_scene-1/Tile Map/19_-91_layer_Tile Map_tile_19_-91_source_1_atlas_14_6
554.421,landed,351.600646972656,-1644.92687988281,13.3333311080933,0.0,land,surface_wood_impact_0.97129663085938
554.422,musicking,351.600646972656,-1644.92687988281,13.3333311080933,0.0,osc_received,"value_[1, ""water-tube""]"
554.721,move_left_pressed,351.600646972656,-1644.84094238281,-33.3333320617676,0.0,Move_Left,pressed
554.888,jump_input_pressed,328.707702636719,-1644.98413085938,-180.0,0.0,Jump,pressed
554.888,jump_executed,328.707702636719,-1644.98413085938,-180.0,-500.0,jump,x_328.707702636719_y_-1644.98413085938
555.254,jump_input_released,262.690216064453,-1750.03173828125,-180.0,-55.722110748291,Jump,released
555.321,jump_peak_reached,250.690216064453,-1751.66320800781,-96.6666641235352,43.8149261474609,jump_peak,x_250.690216064453_y_-1751.66320800781
555.52,platform_landed,248.856872558594,-1698.98059082031,0.0,0.0,land_on_platform,platform_scene-1/Tile Map/13_-94_layer_Tile Map_tile_13_-94_source_1_atlas_14_6
555.52,landed,248.856872558594,-1698.98059082031,0.0,0.0,land,surface_wood_impact_0.97651885986328
555.521,musicking,248.856872558594,-1698.98059082031,0.0,0.0,osc_received,"value_[1, ""water-tube""]"
555.812,move_right_pressed,248.856872558594,-1698.98059082031,33.3333320617676,0.0,Move_Right,pressed
555.822,jump_input_pressed,249.412612915039,-1699.03820800781,66.6666641235352,0.0,Jump,pressed
555.823,jump_executed,249.412612915039,-1699.03820800781,66.6666641235352,-500.0,jump,x_249.412612915039_y_-1699.03820800781
556.221,jump_input_released,313.302490234375,-1805.61950683594,180.0,-16.6665554046631,Jump,released
556.253,jump_peak_reached,319.302490234375,-1805.82788085938,180.0,41.2038154602051,jump_peak,x_319.302490234375_y_-1805.82788085938
556.454,platform_landed,327.135833740234,-1752.98901367188,0.0,0.0,land_on_platform,platform_scene-1/Tile Map/18_-97_layer_Tile Map_tile_18_-97_source_1_atlas_14_6
556.454,landed,327.135833740234,-1752.98901367188,0.0,0.0,land,surface_wood_impact_0.97129663085938
556.47,musicking,327.135833740234,-1752.98901367188,0.0,0.0,osc_received,"value_[1, ""water-tube""]"
556.771,jump_input_pressed,327.135833740234,-1752.98901367188,0.0,0.0,Jump,pressed
556.771,jump_executed,327.135833740234,-1752.98901367188,0.0,-500.0,jump,x_327.135833740234_y_-1752.98901367188
556.957,move_right_pressed,327.135833740234,-1825.87341308594,15.0,-274.499877929688,Move_Right,pressed
557.153,jump_input_released,346.635833740234,-1858.98815917969,96.6666641235352,-36.1665573120117,Jump,released
557.204,jump_peak_reached,348.469177246094,-1859.75476074219,0.0,42.5371475219727,jump_peak,x_348.469177246094_y_-1859.75476074219
557.354,platform_landed,348.469177246094,-1827.01647949219,0.0,0.0,land_on_platform,platform_scene-1/Tile Map/19_-101_layer_Tile Map_tile_19_-101_source_1_atlas_1_4
557.354,landed,348.469177246094,-1827.01647949219,0.0,0.0,land,surface_wood_impact_0.75174102783203
557.373,musicking,348.469177246094,-1827.01647949219,0.0,0.0,osc_received,"value_[1, ""platform_pan_nav""]"
557.471,move_left_pressed,348.469177246094,-1827.01647949219,-33.3333320617676,0.0,Move_Left,pressed
557.471,jump_input_pressed,348.469177246094,-1827.01647949219,-33.3333320617676,0.0,Jump,pressed
557.471,jump_executed,348.469177246094,-1827.01647949219,-33.3333320617676,-500.0,jump,x_348.469177246094_y_-1827.01647949219
557.887,jump_input_released,286.660308837891,-1933.94287109375,-180.0,2.77788853645325,Jump,released
557.904,jump_peak_reached,283.660308837891,-1933.89660644531,-180.0,39.8149261474609,jump_peak,x_283.660308837891_y_-1933.89660644531
558.104,coin_collected,249.049194335938,-1885.19287109375,-96.6666641235352,447.222381591797,collect_coin,coin_coin25_score_32
558.105,sonification,248.826965332031,-1877.12182617188,-13.3333311080933,484.259429931641,osc_received,"value_[1, ""coins-with-pitch""]"
558.136,platform_landed,248.826965332031,-1863.01745605469,0.0,0.0,land_on_platform,platform_scene-1/Tile Map/13_-103_layer_Tile Map_tile_13_-103_source_1_atlas_1_4
558.136,landed,248.826965332031,-1863.01745605469,0.0,0.0,land,surface_wood_impact_1.1166669921875
558.504,jump_input_pressed,248.826965332031,-1863.01745605469,0.0,0.0,Jump,pressed
558.504,jump_executed,248.826965332031,-1863.01745605469,0.0,-500.0,jump,x_248.826965332031_y_-1863.01745605469
558.537,move_left_pressed,248.826965332031,-1879.39147949219,-15.0,-458.499969482422,Move_Left,pressed
558.821,jump_input_released,214.326965332031,-1963.25817871094,-180.0,-114.722114562988,Jump,released
558.92,jump_peak_reached,203.493621826172,-1968.0498046875,0.0,41.2037048339844,jump_peak,x_203.493621826172_y_-1968.0498046875
559.121,platform_landed,203.493621826172,-1917.01318359375,0.0,0.0,land_on_platform,platform_scene-1/Tile Map/11_-106_layer_Tile Map_tile_11_-106_source_1_atlas_15_7
559.121,landed,203.493621826172,-1917.01318359375,0.0,0.0,land,surface_wood_impact_0.97129644775391
559.129,sonification,203.493621826172,-1917.01318359375,0.0,0.0,osc_received,"value_[1, ""leadr-mel""]"
559.129,musicking,203.493621826172,-1917.01318359375,0.0,0.0,osc_received,"value_[1, ""cloud""]"
559.254,jump_input_pressed,203.493621826172,-1917.01318359375,0.0,0.0,Jump,pressed
559.254,jump_executed,203.493621826172,-1917.01318359375,0.0,-500.0,jump,x_203.493621826172_y_-1917.01318359375
559.32,move_left_pressed,203.493621826172,-1948.33618164062,-15.0,-417.22216796875,Move_Left,pressed
559.387,top/checkpoint reached,200.993621826172,-1974.12329101562,-75.0,-335.833251953125,top/checkpoint,coins collected: 32
559.637,jump_input_released,162.993621826172,-2023.01672363281,-180.0,-36.1665573120117,Jump,released
559.686,jump_peak_reached,153.993621826172,-2023.78332519531,-96.6666641235352,42.5371475219727,jump_peak,x_153.993621826172_y_-2023.78332519531
559.837,platform_landed,152.160278320312,-1989.00476074219,0.0,0.0,land_on_platform,platform_scene-1/Tile Map/8_-110_layer_Tile Map_tile_8_-110_source_1_atlas_2_4
559.837,landed,152.160278320312,-1989.00476074219,0.0,0.0,land,surface_wood_impact_0.75174102783203
559.837,sonification,152.160278320312,-1989.00476074219,0.0,0.0,osc_received,"value_[1, ""leadr-mel""]"
560.121,move_right_pressed,152.160278320312,-1989.00476074219,33.3333320617676,0.0,Move_Right,pressed
560.121,jump_input_pressed,152.160278320312,-1989.00476074219,33.3333320617676,0.0,Jump,pressed
560.121,jump_executed,152.160278320312,-1989.00476074219,33.3333320617676,-500.0,jump,x_152.160278320312_y_-1989.00476074219
560.554,jump_peak_reached,216.969955444336,-2095.89526367188,180.0,39.8149261474609,jump_peak,x_216.969955444336_y_-2095.89526367188
560.687,jump_input_released,240.969955444336,-2073.302734375,180.0,336.111236572266,Jump,released
560.855,platform_landed,272.581176757812,-1989.07482910156,96.6666641235352,0.0,land_on_platform,platform_scene-1/Tile Map/15_-110_layer_Tile Map_tile_15_-110_source_1_atlas_2_4
560.855,landed,272.581176757812,-1989.07482910156,96.6666641235352,0.0,land,surface_wood_impact_1.41296337890625
560.862,sonification,272.581176757812,-1989.07482910156,96.6666641235352,0.0,osc_received,"value_[1, ""leadr-mel""]"
561.136,move_right_pressed,272.803405761719,-1989.07482910156,33.3333320617676,0.0,Move_Right,pressed
562.936,jump_input_pressed,555.970031738281,-1989.07482910156,0.0,0.0,Jump,pressed
562.937,jump_executed,555.970031738281,-1989.07482910156,0.0,-500.0,jump,x_555.970031738281_y_-1989.07482910156
563.088,move_left_pressed,555.970031738281,-2051.728515625,-15.0,-314.999908447266,Move_Left,pressed
563.37,jump_peak_reached,521.470031738281,-2095.90454101562,-180.0,39.8149261474609,jump_peak,x_521.470031738281_y_-2095.90454101562
563.437,jump_input_released,509.470031738281,-2089.54663085938,-180.0,187.963073730469,Jump,released
563.537,platform_landed,498.636688232422,-2061.02368164062,0.0,0.0,land_on_platform,platform_scene-1/Tile Map/27_-114_layer_Tile Map_tile_27_-114_source_1_atlas_2_0
563.537,landed,498.636688232422,-2061.02368164062,0.0,0.0,land,surface_wood_impact_0.82037066650391
563.545,sonification,498.636688232422,-2061.02368164062,0.0,0.0,osc_received,"value_[1, ""leadr-mel""]"
563.654,move_left_pressed,498.636688232422,-2061.02368164062,-33.3333320617676,0.0,Move_Left,pressed
563.722,jump_input_pressed,493.081146240234,-2061.02368164062,-166.666656494141,0.0,Jump,pressed
563.722,jump_executed,493.081146240234,-2061.02368164062,-166.666656494141,-500.0,jump,x_493.081146240234_y_-2061.02368164062
563.821,jump_input_released,475.289672851562,-2105.908203125,-180.0,-376.166595458984,Jump,released
563.92,jump_peak_reached,457.289672851562,-2110.69995117188,-180.0,41.2037048339844,jump_peak,x_457.289672851562_y_-2110.69995117188
564.07,platform_landed,449.456329345703,-2078.83471679688,0.0,0.0,land_on_platform,platform_scene-1/Tile Map/25_-115_layer_Tile Map_tile_25_-115_source_1_atlas_0_0
564.07,landed,449.456329345703,-2078.83471679688,0.0,0.0,land,surface_wood_impact_0.74907415771484
564.071,sonification,449.456329345703,-2078.83471679688,0.0,0.0,osc_received,"value_[1, ""leadr-mel""]"
564.322,move_left_pressed,449.456329345703,-2078.83471679688,-33.3333320617676,0.0,Move_Left,pressed
564.322,jump_input_pressed,449.456329345703,-2078.83471679688,-33.3333320617676,0.0,Jump,pressed
564.322,jump_executed,449.456329345703,-2078.83471679688,-33.3333320617676,-500.0,jump,x_449.456329345703_y_-2078.83471679688
564.753,jump_peak_reached,384.646942138672,-2185.72290039062,-180.0,39.8149261474609,jump_peak,x_384.646942138672_y_-2185.72290039062
564.854,jump_input_released,366.646942138672,-2172.48217773438,-180.0,262.037139892578,Jump,released
565.072,platform_landed,334.488494873047,-2061.06640625,-15.0,0.0,land_on_platform,platform_scene-1/Tile Map/18_-114_layer_Tile Map_tile_18_-114_source_1_atlas_12_0
565.072,landed,334.488494873047,-2061.06640625,-15.0,0.0,land,surface_wood_impact_1.48703747558594
565.072,sonification,334.488494873047,-2061.06640625,-15.0,0.0,osc_received,"value_[1, ""leadr-mel""]"
565.072,sonification,334.488494873047,-2061.06640625,-15.0,0.0,osc_received,"value_[1, ""mushrooms""]"
565.121,sonification,332.321838378906,-2061.06640625,0.0,0.0,osc_received,"value_[1, ""mushrooms""]"
565.37,jump_input_pressed,332.321838378906,-2061.06640625,0.0,0.0,Jump,pressed
565.37,jump_executed,332.321838378906,-2061.06640625,0.0,-500.0,jump,x_332.321838378906_y_-2061.06640625
565.387,jump_peak_reached,332.321838378906,-2069.40893554688,0.0,-479.222198486328,jump_peak,x_332.321838378906_y_-2069.40893554688
565.405,move_left_pressed,332.321838378906,-2077.39770507812,-15.0,-458.499969482422,Move_Left,pressed
565.472,jump_input_released,329.821838378906,-2105.91821289062,-75.0,-376.166595458984,Jump,released
565.729,platform_landed,314.460723876953,-2079.01538085938,0.0,0.0,land_on_platform,platform_scene-1/Tile Map/17_-115_layer_Tile Map_tile_17_-115_source_1_atlas_15_0
565.729,landed,314.460723876953,-2079.01538085938,0.0,0.0,land,surface_wood_impact_0.74907415771484
565.73,sonification,314.460723876953,-2079.01538085938,0.0,0.0,osc_received,"value_[1, ""leadr-mel""]"
565.846,move_left_pressed,314.460723876953,-2079.01538085938,-33.3333320617676,0.0,Move_Left,pressed
565.847,sonification,313.905181884766,-2079.01538085938,-33.3333320617676,0.0,osc_received,"value_[1, ""mushrooms""]"
566.029,sonification,285.126708984375,-2079.01538085938,-180.0,0.0,osc_received,"value_[1, ""mushrooms""]"
566.312,platform_landed,259.293365478516,-1989.03894042969,0.0,0.0,land_on_platform,platform_scene-1/Tile Map/14_-110_layer_Tile Map_tile_14_-110_source_1_atlas_2_4
566.312,landed,259.293365478516,-1989.03894042969,0.0,0.0,land,surface_wood_impact_1.25925939941406
566.321,sonification,259.293365478516,-1989.03894042969,0.0,0.0,osc_received,"value_[1, ""leadr-mel""]"
566.628,jump_input_pressed,259.293365478516,-1989.03894042969,0.0,0.0,Jump,pressed
566.628,jump_executed,259.293365478516,-1989.03894042969,0.0,-500.0,jump,x_259.293365478516_y_-1989.03894042969
566.804,jump_input_released,259.293365478516,-2056.98315429688,0.0,-294.722106933594,Jump,released
566.904,jump_peak_reached,259.293365478516,-2061.77490234375,0.0,41.2037048339844,jump_peak,x_259.293365478516_y_-2061.77490234375
567.128,platform_landed,259.293365478516,-1989.02783203125,0.0,0.0,land_on_platform,platform_scene-1/Tile Map/14_-110_layer_Tile Map_tile_14_-110_source_1_atlas_2_4
567.129,landed,259.293365478516,-1989.02783203125,0.0,0.0,land,surface_wood_impact_1.11944458007812
567.129,sonification,259.293365478516,-1989.02783203125,0.0,0.0,osc_received,"value_[1, ""leadr-mel""]"
567.362,move_left_pressed,259.293365478516,-1989.02783203125,-33.3333320617676,0.0,Move_Left,pressed
567.412,jump_input_pressed,255.960037231445,-1989.02783203125,-133.33332824707,0.0,Jump,pressed
567.412,jump_executed,255.960037231445,-1989.02783203125,-133.33332824707,-500.0,jump,x_255.960037231445_y_-1989.02783203125
567.845,jump_peak_reached,179.560699462891,-2095.89575195312,-180.0,39.8149261474609,jump_peak,x_179.560699462891_y_-2095.89575195312
567.912,jump_input_released,167.560699462891,-2089.53784179688,-180.0,187.963073730469,Jump,released
568.146,platform_landed,122.560699462891,-1989.06701660156,-180.0,0.0,land_on_platform,platform_scene-1/Tile Map/6_-110_layer_Tile Map_tile_6_-110_source_1_atlas_2_4
568.147,landed,122.560699462891,-1989.06701660156,-180.0,0.0,land,surface_wood_impact_1.41296337890625
568.148,sonification,122.560699462891,-1989.06701660156,-180.0,0.0,osc_received,"value_[1, ""leadr-mel""]"
568.304,jump_input_pressed,98.5606994628906,-1989.06701660156,-180.0,0.0,Jump,pressed
568.304,jump_executed,98.5606994628906,-1989.06701660156,-180.0,-500.0,jump,x_98.5606994628906_y_-1989.06701660156
568.412,jump_input_released,77.5582504272461,-2040.19323730469,-180.0,-355.722137451172,Jump,released
568.512,jump_peak_reached,59.5582504272461,-2044.98486328125,-180.0,41.2037048339844,jump_peak,x_59.5582504272461_y_-2044.98486328125
568.713,platform_landed,20.5582504272461,-1989.06652832031,-180.0,0.0,land_on_platform,platform_scene-1/Tile Map/1_-110_layer_Tile Map_tile_1_-110_source_1_atlas_2_4
568.713,landed,20.5582504272461,-1989.06652832031,-180.0,0.0,land,surface_wood_impact_0.97129644775391
568.72,sonification,20.5582504272461,-1989.06652832031,-180.0,0.0,osc_received,"value_[1, ""leadr-mel""]"
568.762,jump_input_pressed,14.5582504272461,-1989.06652832031,-180.0,0.0,Jump,pressed
568.762,jump_executed,14.5582504272461,-1989.06652832031,-180.0,-500.0,jump,x_14.5582504272461_y_-1989.06652832031
568.763,musicking,11.555643081665,-1997.40808105469,-180.0,-500.055541992188,osc_received,"value_[1, ""chain-jumps""]"
568.878,jump_input_released,-6.44435739517212,-2040.19323730469,-180.0,-355.722137451172,Jump,released
568.979,jump_peak_reached,-24.444356918335,-2044.98486328125,-180.0,41.2037048339844,jump_peak,x_-24.444356918335_y_-2044.98486328125
569.163,jump_input_pressed,-57.4443588256836,-2003.48022460938,-180.0,448.611175537109,Jump,pressed
569.18,platform_landed,-63.4443588256836,-1989.06652832031,-180.0,0.0,land_on_platform,platform_scene-1/Tile Map/-4_-110_layer_Tile Map_tile_-4_-110_source_1_atlas_2_4
569.18,landed,-63.4443588256836,-1989.06652832031,-180.0,0.0,land,surface_wood_impact_0.97129644775391
569.187,sonification,-63.4443588256836,-1989.06652832031,-180.0,0.0,osc_received,"value_[1, ""leadr-mel""]"
569.196,jump_executed,-63.4443588256836,-1989.06652832031,-180.0,-500.0,jump,x_-63.4443588256836_y_-1989.06652832031
569.197,musicking,-63.9250373840332,-1997.40075683594,0.0,-500.055541992188,osc_received,"value_[1, ""chain-jumps""]"
569.263,jump_input_released,-63.9250526428223,-2020.33154296875,-15.0,-417.22216796875,Jump,released
569.362,jump_peak_reached,-63.9252662658691,-2025.12316894531,-15.0,41.2037048339844,jump_peak,x_-63.9252662658691_y_-2025.12316894531
569.379,scene_transition,-63.9252815246582,-2024.43640136719,-15.0,78.2407455444336,switch,from_res://Scenes/Main/scene-1.tscn_to_res://Scenes/Main/menu.tscn
569.379,session_end,-63.9252815246582,-2024.43640136719,-15.0,78.2407455444336,,
