timestamp_seconds,event,x,y,velocity_x,velocity_y,action,info
1413.068,session_start,392.0,624.0,0.0,0.0,,
1413.111,jump_peak_reached,392.0,624.0,0.0,37.037036895752,jump_peak,x_392.0_y_624.0
1413.149,platform_landed,392.0,638.988403320312,0.0,0.0,land_on_platform,platform_scene-1/Tile Map/21_36_layer_Tile Map_tile_21_36_source_1_atlas_2_0
1413.149,landed,392.0,638.988403320312,0.0,0.0,land,surface_wood_impact_0.51851849365234
1415.133,move_right_pressed,392.0,638.988403320312,33.3333320617676,0.0,Move_Right,pressed
1415.967,move_left_pressed,429.166656494141,638.932373046875,-33.3333320617676,0.0,Move_Left,pressed
1416.834,jump_input_pressed,279.833343505859,638.925048828125,-180.0,0.0,Jump,pressed
1416.834,jump_executed,279.833343505859,638.925048828125,-180.0,-500.0,jump,x_279.833343505859_y_638.925048828125
1417.018,jump_input_released,246.833038330078,566.089965820312,-180.0,-274.499877929688,Jump,released
1417.116,jump_peak_reached,241.999694824219,561.298278808594,0.0,41.2037048339844,jump_peak,x_241.999694824219_y_561.298278808594
1417.367,platform_landed,241.999694824219,638.978271484375,0.0,0.0,land_on_platform,platform_scene-1/Tile Map/13_36_layer_Tile Map_tile_13_36_source_1_atlas_2_0
1417.367,landed,241.999694824219,638.978271484375,0.0,0.0,land,surface_wood_impact_1.19351867675781
1417.516,move_left_pressed,241.999694824219,638.978271484375,-33.3333320617676,0.0,Move_Left,pressed
1417.567,jump_input_pressed,238.666351318359,638.978271484375,-133.33332824707,0.0,Jump,pressed
1417.567,jump_executed,238.666351318359,638.978271484375,-133.33332824707,-500.0,jump,x_238.666351318359_y_638.978271484375
1417.999,jump_peak_reached,162.265686035156,532.105529785156,-180.0,39.8149261474609,jump_peak,x_162.265686035156_y_532.105529785156
1418.133,jump_input_released,138.265686035156,554.698120117188,-180.0,336.111236572266,Jump,released
1418.167,platform_landed,130.654571533203,566.93310546875,-96.6666641235352,0.0,land_on_platform,platform_scene-1/Tile Map/7_32_layer_Tile Map_tile_7_32_source_1_atlas_0_0
1418.167,landed,130.654571533203,566.93310546875,-96.6666641235352,0.0,land,surface_wood_impact_0.82037066650391
1418.3,move_right_pressed,130.432342529297,566.93310546875,33.3333320617676,0.0,Move_Right,pressed
1418.419,jump_input_pressed,144.765686035156,566.93310546875,180.0,0.0,Jump,pressed
1418.419,jump_executed,144.765686035156,566.93310546875,180.0,-500.0,jump,x_144.765686035156_y_566.93310546875
1418.85,jump_peak_reached,222.768218994141,460.097442626953,180.0,39.8149261474609,jump_peak,x_222.768218994141_y_460.097442626953
1419.186,jump_input_released,282.768218994141,590.653076171875,96.6666641235352,780.555786132812,Jump,released
1419.232,platform_landed,284.6015625,638.963256835938,0.0,0.0,land_on_platform,platform_scene-1/Tile Map/15_36_layer_Tile Map_tile_15_36_source_1_atlas_2_0
1419.232,landed,284.6015625,638.963256835938,0.0,0.0,land,surface_wood_impact_1.78333386230469
1419.686,move_right_pressed,284.6015625,638.963256835938,33.3333320617676,0.0,Move_Right,pressed
1420.099,jump_input_pressed,352.934875488281,638.963256835938,180.0,0.0,Jump,pressed
1420.099,jump_executed,352.934875488281,638.963256835938,180.0,-500.0,jump,x_352.934875488281_y_638.963256835938
1420.266,jump_input_released,382.945770263672,571.02099609375,180.0,-294.722106933594,Jump,released
1420.367,jump_peak_reached,396.779113769531,566.229309082031,0.0,41.2037048339844,jump_peak,x_396.779113769531_y_566.229309082031
1420.485,platform_landed,396.779113769531,584.987243652344,0.0,0.0,land_on_platform,platform_scene-1/Tile Map/22_33_layer_Tile Map_tile_22_33_source_1_atlas_1_0
1420.485,landed,396.779113769531,584.987243652344,0.0,0.0,land,surface_wood_impact_0.60092596435547
1420.884,move_right_pressed,396.779113769531,584.987243652344,33.3333320617676,0.0,Move_Right,pressed
1420.967,jump_input_pressed,405.112426757812,584.932189941406,180.0,0.0,Jump,pressed
1420.967,jump_executed,405.112426757812,584.932189941406,180.0,-500.0,jump,x_405.112426757812_y_584.932189941406
1421.234,jump_input_released,453.178100585938,492.727722167969,180.0,-40.9978141784668,Jump,released
1421.285,jump_peak_reached,462.178436279297,491.719421386719,180.0,37.7058906555176,jump_peak,x_462.178436279297_y_491.719421386719
1421.484,coin_collected,485.011779785156,532.582763671875,0.0,408.076293945312,collect_coin,coin_coin_score_2
1421.486,sonification,485.011779785156,540.001342773438,0.0,445.113342285156,osc_received,"value_[1, ""coins-with-pitch""]"
1421.517,platform_landed,485.011779785156,548.983581542969,0.0,0.0,land_on_platform,platform_scene-1/Tile Map/26_31_layer_Tile Map_tile_26_31_source_1_atlas_2_0
1421.517,landed,485.011779785156,548.983581542969,0.0,0.0,land,surface_wood_impact_1.03837487792969
1421.534,musicking,485.011779785156,548.983581542969,0.0,0.0,osc_received,"value_[1, ""platform_pan_nav""]"
1422.1,move_right_pressed,485.011779785156,548.983581542969,33.3333320617676,0.0,Move_Right,pressed
1422.116,jump_input_pressed,485.567321777344,548.983581542969,66.6666641235352,0.0,Jump,pressed
1422.116,jump_executed,485.567321777344,548.983581542969,66.6666641235352,-500.0,jump,x_485.567321777344_y_548.983581542969
1422.383,jump_input_released,525.463073730469,456.510375976562,180.0,-174.222106933594,Jump,released
1422.484,jump_peak_reached,534.2080078125,451.837554931641,0.0,41.2037048339844,jump_peak,x_534.2080078125_y_451.837554931641
1422.667,platform_landed,534.2080078125,494.957580566406,0.0,0.0,land_on_platform,platform_scene-1/Tile Map/29_28_layer_Tile Map_tile_29_28_source_1_atlas_2_0
1422.667,landed,534.2080078125,494.957580566406,0.0,0.0,land,surface_wood_impact_0.89722235107422
1423.267,move_left_pressed,534.2080078125,494.957580566406,-33.3333320617676,0.0,Move_Left,pressed
1423.584,move_right_pressed,512.057434082031,494.957580566406,33.3333320617676,0.0,Move_Right,pressed
1423.634,jump_input_pressed,515.390747070312,494.957580566406,133.33332824707,0.0,Jump,pressed
1423.634,jump_executed,515.390747070312,494.957580566406,133.33332824707,-500.0,jump,x_515.390747070312_y_494.957580566406
1423.967,jump_input_released,547.675231933594,392.809997558594,165.0,-94.9998931884766,Jump,released
1424.066,jump_peak_reached,565.425231933594,388.518341064453,180.0,46.2038116455078,jump_peak,x_565.425231933594_y_388.518341064453
1424.433,platform_landed,633.038208007812,549.930786132812,96.6666641235352,0.0,land_on_platform,platform_scene-1/Tile Map/35_31_layer_Tile Map_tile_35_31_source_1_atlas_19_0
1424.433,landed,633.038208007812,549.930786132812,96.6666641235352,0.0,land,surface_wood_impact_1.72203759765625
1424.434,musicking,633.038208007812,549.930786132812,96.6666641235352,0.0,osc_received,"value_[1, ""leaves""]"
1424.451,musicking,633.260437011719,549.930786132812,13.3333311080933,0.0,osc_received,"value_[1, ""platform_pan_nav""]"
1425.086,move_right_pressed,633.260437011719,549.930786132812,33.3333320617676,0.0,Move_Right,pressed
1425.166,jump_input_pressed,641.59375,549.930786132812,180.0,0.0,Jump,pressed
1425.166,jump_executed,641.59375,549.930786132812,180.0,-500.0,jump,x_641.59375_y_549.930786132812
1425.599,jump_peak_reached,719.595642089844,443.096893310547,180.0,39.8149261474609,jump_peak,x_719.595642089844_y_443.096893310547
1425.966,jump_input_released,785.595642089844,600.288269042969,96.6666641235352,854.6298828125,Jump,released
1426.0,platform_landed,787.428955078125,638.946350097656,0.0,0.0,land_on_platform,platform_scene-1/Tile Map/43_36_layer_Tile Map_tile_43_36_source_1_atlas_13_0
1426.0,landed,787.428955078125,638.946350097656,0.0,0.0,land,surface_wood_impact_1.85740795898438
1426.366,move_right_pressed,787.428955078125,638.946350097656,33.3333320617676,0.0,Move_Right,pressed
1426.375,sonification,787.984497070312,638.946350097656,33.3333320617676,0.0,osc_received,"value_[1, ""mushrooms""]"
1427.108,sonification,908.595581054688,638.926879882812,0.0,0.0,osc_received,"value_[1, ""mushrooms""]"
1427.152,move_left_pressed,908.595581054688,638.926879882812,-33.3333320617676,0.0,Move_Left,pressed
1427.153,sonification,908.0400390625,638.926879882812,-33.3333320617676,0.0,osc_received,"value_[1, ""mushrooms""]"
1427.216,jump_input_pressed,903.0400390625,638.926879882812,-166.666656494141,0.0,Jump,pressed
1427.216,jump_executed,903.0400390625,638.926879882812,-166.666656494141,-500.0,jump,x_903.0400390625_y_638.926879882812
1427.225,sonification,900.261535644531,630.590393066406,-166.666656494141,-500.055541992188,osc_received,"value_[1, ""mushrooms""]"
1427.233,jump_peak_reached,900.261535644531,630.590393066406,-180.0,-479.222198486328,jump_peak,x_900.261535644531_y_630.590393066406
1427.686,jump_input_released,819.261535644531,534.040466308594,-180.0,113.889007568359,Jump,released
1427.75,platform_landed,811.42822265625,548.996032714844,0.0,0.0,land_on_platform,platform_scene-1/Tile Map/45_31_layer_Tile Map_tile_45_31_source_1_atlas_12_0
1427.75,landed,811.42822265625,548.996032714844,0.0,0.0,land,surface_wood_impact_0.52407427978516
1427.852,move_right_pressed,811.42822265625,548.996032714844,33.3333320617676,0.0,Move_Right,pressed
1427.857,sonification,811.983947753906,548.933166503906,33.3333320617676,0.0,osc_received,"value_[1, ""mushrooms""]"
1427.999,jump_input_pressed,831.76171875,548.925170898438,180.0,0.0,Jump,pressed
1428.0,jump_executed,831.76171875,548.925170898438,180.0,-500.0,jump,x_831.76171875_y_548.925170898438
1428.0,sonification,834.762023925781,540.589965820312,180.0,-500.055541992188,osc_received,"value_[1, ""mushrooms""]"
1428.367,jump_input_released,897.762023925781,443.925201416016,180.0,-55.722110748291,Jump,released
1428.433,jump_peak_reached,908.373107910156,442.293731689453,13.3333311080933,43.8149261474609,jump_peak,x_908.373107910156_y_442.293731689453
1428.533,platform_landed,908.595336914062,458.982818603516,0.0,0.0,land_on_platform,platform_scene-1/Tile Map/50_26_layer_Tile Map_tile_50_26_source_1_atlas_13_0
1428.533,landed,908.595336914062,458.982818603516,0.0,0.0,land,surface_wood_impact_0.53207427978516
1428.634,move_right_pressed,908.595336914062,458.982818603516,33.3333320617676,0.0,Move_Right,pressed
1428.641,sonification,909.15087890625,458.982818603516,33.3333320617676,0.0,osc_received,"value_[1, ""mushrooms""]"
1428.841,sonification,940.928649902344,458.982818603516,180.0,0.0,osc_received,"value_[1, ""mushrooms""]"
1429.085,platform_landed,975.761962890625,530.959045410156,0.0,0.0,land_on_platform,platform_scene-1/Tile Map/54_30_layer_Tile Map_tile_54_30_source_1_atlas_13_0
1429.085,landed,975.761962890625,530.959045410156,0.0,0.0,land,surface_wood_impact_1.11111120605469
1429.367,move_left_pressed,975.761962890625,530.959045410156,-33.3333320617676,0.0,Move_Left,pressed
1429.368,sonification,975.206420898438,530.959045410156,-33.3333320617676,0.0,osc_received,"value_[1, ""mushrooms""]"
1429.419,jump_input_pressed,972.428649902344,530.959045410156,-133.33332824707,0.0,Jump,pressed
1429.419,jump_executed,972.428649902344,530.959045410156,-133.33332824707,-500.0,jump,x_972.428649902344_y_530.959045410156
1429.425,sonification,970.198852539062,522.596313476562,-133.33332824707,-500.055541992188,osc_received,"value_[1, ""mushrooms""]"
1429.785,jump_input_released,908.032165527344,425.931549072266,-180.0,-55.722110748291,Jump,released
1429.849,jump_peak_reached,900.198852539062,424.300079345703,0.0,43.8149261474609,jump_peak,x_900.198852539062_y_424.300079345703
1429.999,platform_landed,900.198852539062,458.987487792969,0.0,0.0,land_on_platform,platform_scene-1/Tile Map/49_26_layer_Tile Map_tile_49_26_source_1_atlas_14_0
1429.999,landed,900.198852539062,458.987487792969,0.0,0.0,land,surface_wood_impact_0.75429656982422
1430.233,move_right_pressed,900.198852539062,458.987487792969,33.3333320617676,0.0,Move_Right,pressed
1430.234,sonification,900.75439453125,458.987487792969,33.3333320617676,0.0,osc_received,"value_[1, ""mushrooms""]"
1430.286,jump_input_pressed,903.532653808594,458.931701660156,133.33332824707,0.0,Jump,pressed
1430.286,jump_executed,903.532653808594,458.931701660156,133.33332824707,-500.0,jump,x_903.532653808594_y_458.931701660156
1430.287,sonification,905.756530761719,450.591217041016,133.33332824707,-500.055541992188,osc_received,"value_[1, ""mushrooms""]"
1430.716,jump_peak_reached,979.923217773438,352.096801757812,180.0,39.8149261474609,jump_peak,x_979.923217773438_y_352.096801757812
1430.786,coin_collected,991.923217773438,358.454833984375,180.0,150.926040649414,collect_coin,coin_coin26_score_4
1430.787,sonification,994.923217773438,361.587554931641,180.0,187.963073730469,osc_received,"value_[1, ""coins-with-pitch""]"
1430.8,jump_input_released,994.923217773438,361.587554931641,180.0,225.000106811523,Jump,released
1430.817,platform_landed,999.534301757812,368.933654785156,96.6666641235352,0.0,land_on_platform,platform_scene-1/Tile Map/55_21_layer_Tile Map_tile_55_21_source_1_atlas_13_0
1430.817,landed,999.534301757812,368.933654785156,96.6666641235352,0.0,land,surface_wood_impact_0.52407427978516
1430.819,sonification,999.534301757812,368.933654785156,96.6666641235352,0.0,osc_received,"value_[1, ""mushrooms""]"
1430.85,sonification,999.756530761719,368.933654785156,0.0,0.0,osc_received,"value_[1, ""mushrooms""]"
1431.542,move_left_pressed,999.756530761719,368.933654785156,-33.3333320617676,0.0,Move_Left,pressed
1431.549,sonification,999.200988769531,368.933654785156,-33.3333320617676,0.0,osc_received,"value_[1, ""mushrooms""]"
1431.591,jump_input_pressed,996.423217773438,368.933654785156,-133.33332824707,0.0,Jump,pressed
1431.591,jump_executed,996.423217773438,368.933654785156,-133.33332824707,-500.0,jump,x_996.423217773438_y_368.933654785156
1431.599,sonification,994.198913574219,360.591552734375,-133.33332824707,-500.055541992188,osc_received,"value_[1, ""mushrooms""]"
1432.017,jump_peak_reached,920.0322265625,262.097137451172,-180.0,39.8149261474609,jump_peak,x_920.0322265625_y_262.097137451172
1432.033,jump_input_released,917.0322265625,262.760711669922,-180.0,76.8519668579102,Jump,released
1432.117,platform_landed,912.198913574219,278.997192382812,0.0,0.0,land_on_platform,platform_scene-1/Tile Map/50_16_layer_Tile Map_tile_50_16_source_1_atlas_13_0
1432.117,landed,912.198913574219,278.997192382812,0.0,0.0,land,surface_wood_impact_0.52407427978516
1432.816,move_right_pressed,912.198913574219,278.997192382812,33.3333320617676,0.0,Move_Right,pressed
1432.817,sonification,912.754455566406,278.997192382812,33.3333320617676,0.0,osc_received,"value_[1, ""mushrooms""]"
1432.852,jump_input_pressed,913.865539550781,278.997192382812,100.0,0.0,Jump,pressed
1432.852,jump_executed,913.865539550781,278.997192382812,100.0,-500.0,jump,x_913.865539550781_y_278.997192382812
1432.853,sonification,915.54443359375,270.601684570312,100.0,-500.055541992188,osc_received,"value_[1, ""mushrooms""]"
1433.267,jump_input_released,964.425231933594,172.060958862305,180.0,2.77788853645325,Jump,released
1433.285,jump_peak_reached,967.425231933594,172.10725402832,96.6666641235352,39.8149261474609,jump_peak,x_967.425231933594_y_172.10725402832
1433.299,coin_collected,969.036315917969,172.770843505859,96.6666641235352,39.8149261474609,collect_coin,coin_coin27_score_6
1433.3,sonification,969.258544921875,174.051712036133,13.3333311080933,76.8519668579102,osc_received,"value_[1, ""coins-with-pitch""]"
1433.385,platform_landed,969.258544921875,188.981719970703,0.0,0.0,land_on_platform,platform_scene-1/Tile Map/53_11_layer_Tile Map_tile_53_11_source_1_atlas_14_0
1433.385,landed,969.258544921875,188.981719970703,0.0,0.0,land,surface_wood_impact_0.52407427978516
1434.067,move_left_pressed,969.258544921875,188.981719970703,-33.3333320617676,0.0,Move_Left,pressed
1434.074,sonification,968.703002929688,188.981719970703,-33.3333320617676,0.0,osc_received,"value_[1, ""mushrooms""]"
1434.117,jump_input_pressed,965.925231933594,188.981719970703,-133.33332824707,0.0,Jump,pressed
1434.118,jump_executed,965.925231933594,188.981719970703,-133.33332824707,-500.0,jump,x_965.925231933594_y_188.981719970703
1434.118,sonification,963.690490722656,180.600555419922,-133.33332824707,-500.055541992188,osc_received,"value_[1, ""mushrooms""]"
1434.55,jump_peak_reached,889.523803710938,82.1061401367188,-180.0,39.8149261474609,jump_peak,x_889.523803710938_y_82.1061401367188
1434.6,jump_input_released,880.523803710938,85.9487380981445,-180.0,150.926040649414,Jump,released
1434.718,platform_landed,869.690490722656,116.987075805664,0.0,0.0,land_on_platform,platform_scene-1/Tile Map/48_7_layer_Tile Map_tile_48_7_source_1_atlas_13_0
1434.718,landed,869.690490722656,116.987075805664,0.0,0.0,land,surface_wood_impact_0.82037066650391
1435.218,move_left_pressed,869.690490722656,116.987075805664,-33.3333320617676,0.0,Move_Left,pressed
1435.219,sonification,869.134948730469,116.987075805664,-33.3333320617676,0.0,osc_received,"value_[1, ""mushrooms""]"
1435.267,jump_input_pressed,866.357177734375,116.987075805664,-133.33332824707,0.0,Jump,pressed
1435.267,jump_executed,866.357177734375,116.987075805664,-133.33332824707,-500.0,jump,x_866.357177734375_y_116.987075805664
1435.268,sonification,864.121276855469,108.6015625,-133.33332824707,-500.055541992188,osc_received,"value_[1, ""mushrooms""]"
1435.399,jump_peak_reached,851.725646972656,74.2326507568359,-16.027982711792,46.0384559631348,jump_peak,x_851.725646972656_y_74.2326507568359
1435.651,jump_input_released,823.036987304688,150.557098388672,-96.6666641235352,601.594116210938,Jump,released
1435.733,move_right_pressed,821.203674316406,206.86279296875,15.0,786.779357910156,Move_Right,pressed
1436.033,platform_landed,830.814758300781,548.979919433594,0.0,0.0,land_on_platform,platform_scene-1/Tile Map/46_31_layer_Tile Map_tile_46_31_source_1_atlas_15_0
1436.033,landed,830.814758300781,548.979919433594,0.0,0.0,land,surface_wood_impact_2.90689111328125
1436.067,musicking,830.814758300781,548.979919433594,0.0,0.0,osc_received,"value_[1, ""far-fall""]"
1436.868,move_right_pressed,830.814758300781,548.979919433594,33.3333320617676,0.0,Move_Right,pressed
1436.875,sonification,831.370300292969,548.979919433594,33.3333320617676,0.0,osc_received,"value_[1, ""mushrooms""]"
1436.901,jump_input_pressed,832.481384277344,548.979919433594,100.0,0.0,Jump,pressed
1436.901,jump_executed,832.481384277344,548.979919433594,100.0,-500.0,jump,x_832.481384277344_y_548.979919433594
1436.908,sonification,834.157409667969,540.598815917969,100.0,-500.055541992188,osc_received,"value_[1, ""mushrooms""]"
1436.917,jump_peak_reached,834.157409667969,540.598815917969,115.0,-479.222198486328,jump_peak,x_834.157409667969_y_540.598815917969
1437.266,jump_input_released,894.240844726562,443.934051513672,180.0,-55.722110748291,Jump,released
1437.433,move_right_pressed,899.074157714844,455.943328857422,15.0,266.037139892578,Move_Right,pressed
1437.434,platform_landed,899.324157714844,458.933746337891,15.0,0.0,land_on_platform,platform_scene-1/Tile Map/49_26_layer_Tile Map_tile_49_26_source_1_atlas_14_0
1437.434,landed,899.324157714844,458.933746337891,15.0,0.0,land,surface_wood_impact_0.53207427978516
1437.434,sonification,899.324157714844,458.933746337891,15.0,0.0,osc_received,"value_[1, ""mushrooms""]"
1437.5,jump_input_pressed,903.407470703125,458.933746337891,148.33332824707,0.0,Jump,pressed
1437.5,jump_executed,903.407470703125,458.933746337891,148.33332824707,-500.0,jump,x_903.407470703125_y_458.933746337891
1437.501,sonification,905.882019042969,450.591674804688,148.33332824707,-500.055541992188,osc_received,"value_[1, ""mushrooms""]"
1437.933,jump_peak_reached,980.576477050781,352.097259521484,180.0,39.8149261474609,jump_peak,x_980.576477050781_y_352.097259521484
1438.0,jump_input_released,992.576477050781,358.455291748047,180.0,187.963073730469,Jump,released
1438.034,platform_landed,1000.18756103516,368.933654785156,96.6666641235352,0.0,land_on_platform,platform_scene-1/Tile Map/55_21_layer_Tile Map_tile_55_21_source_1_atlas_13_0
1438.034,landed,1000.18756103516,368.933654785156,96.6666641235352,0.0,land,surface_wood_impact_0.52407427978516
1438.034,sonification,1000.18756103516,368.933654785156,96.6666641235352,0.0,osc_received,"value_[1, ""mushrooms""]"
1438.067,sonification,1000.40979003906,368.933654785156,0.0,0.0,osc_received,"value_[1, ""mushrooms""]"
1438.119,move_left_pressed,1000.40979003906,368.933654785156,-33.3333320617676,0.0,Move_Left,pressed
1438.12,sonification,999.854248046875,368.933654785156,-33.3333320617676,0.0,osc_received,"value_[1, ""mushrooms""]"
1438.167,jump_input_pressed,997.076477050781,368.933654785156,-133.33332824707,0.0,Jump,pressed
1438.167,jump_executed,997.076477050781,368.933654785156,-133.33332824707,-500.0,jump,x_997.076477050781_y_368.933654785156
1438.175,sonification,994.852172851562,360.591552734375,-133.33332824707,-500.055541992188,osc_received,"value_[1, ""mushrooms""]"
1438.585,jump_input_released,923.685485839844,262.050842285156,-96.6666641235352,2.77788853645325,Jump,released
1438.6,jump_peak_reached,922.074401855469,262.097137451172,-13.3333311080933,39.8149261474609,jump_peak,x_922.074401855469_y_262.097137451172
1438.701,move_left_pressed,921.852172851562,275.337890625,-15.0,262.037139892578,Move_Left,pressed
1438.702,platform_landed,921.602172851562,278.933654785156,-15.0,0.0,land_on_platform,platform_scene-1/Tile Map/51_16_layer_Tile Map_tile_51_16_source_1_atlas_15_0
1438.702,landed,921.602172851562,278.933654785156,-15.0,0.0,land,surface_wood_impact_0.52407427978516
1438.702,sonification,921.602172851562,278.933654785156,-15.0,0.0,osc_received,"value_[1, ""mushrooms""]"
1438.734,jump_input_pressed,920.796630859375,278.933654785156,-81.6666641235352,0.0,Jump,pressed
1438.734,jump_executed,920.796630859375,278.933654785156,-81.6666641235352,-500.0,jump,x_920.796630859375_y_278.933654785156
1438.734,sonification,919.434204101562,270.591217041016,-81.6666641235352,-500.055541992188,osc_received,"value_[1, ""mushrooms""]"
1438.951,move_right_pressed,888.017700195312,197.254180908203,-96.6666641235352,-234.222106933594,Move_Right,pressed
1439.166,jump_peak_reached,893.184387207031,172.096771240234,120.0,39.8149261474609,jump_peak,x_893.184387207031_y_172.096771240234
1439.167,jump_input_released,893.184387207031,172.096771240234,120.0,39.8149261474609,Jump,released
1439.467,platform_landed,895.795471191406,278.980133056641,0.0,0.0,land_on_platform,platform_scene-1/Tile Map/49_16_layer_Tile Map_tile_49_16_source_1_atlas_14_0
1439.467,landed,895.795471191406,278.980133056641,0.0,0.0,land,surface_wood_impact_1.41296337890625
1439.666,move_right_pressed,895.795471191406,278.980133056641,33.3333320617676,0.0,Move_Right,pressed
1439.667,sonification,896.351013183594,278.980133056641,33.3333320617676,0.0,osc_received,"value_[1, ""mushrooms""]"
1439.75,jump_input_pressed,904.128784179688,278.931274414062,180.0,0.0,Jump,pressed
1439.751,jump_executed,904.128784179688,278.931274414062,180.0,-500.0,jump,x_904.128784179688_y_278.931274414062
1439.758,sonification,907.130798339844,270.591430664062,180.0,-500.055541992188,osc_received,"value_[1, ""mushrooms""]"
1440.133,jump_input_released,973.130798339844,172.976608276367,180.0,-36.1665573120117,Jump,released
1440.183,jump_peak_reached,982.130798339844,172.209945678711,180.0,42.5371475219727,jump_peak,x_982.130798339844_y_172.209945678711
1440.285,platform_landed,986.964111328125,188.997955322266,0.0,0.0,land_on_platform,platform_scene-1/Tile Map/54_11_layer_Tile Map_tile_54_11_source_1_atlas_13_0
1440.285,landed,986.964111328125,188.997955322266,0.0,0.0,land,surface_wood_impact_0.52951873779297
1440.333,move_left_pressed,986.964111328125,188.997955322266,-33.3333320617676,0.0,Move_Left,pressed
1440.334,sonification,986.408569335938,188.997955322266,-33.3333320617676,0.0,osc_received,"value_[1, ""mushrooms""]"
1440.385,jump_input_pressed,983.630798339844,188.997955322266,-133.33332824707,0.0,Jump,pressed
1440.386,jump_executed,983.630798339844,188.997955322266,-133.33332824707,-500.0,jump,x_983.630798339844_y_188.997955322266
1440.386,sonification,981.392578125,180.603591918945,-133.33332824707,-500.055541992188,osc_received,"value_[1, ""mushrooms""]"
1440.817,jump_peak_reached,907.225891113281,82.1091918945312,-180.0,39.8149261474609,jump_peak,x_907.225891113281_y_82.1091918945312
1440.934,jump_input_released,887.614807128906,99.7172317504883,-13.3333311080933,299.074188232422,Jump,released
1440.986,platform_landed,887.392578125,116.990127563477,0.0,0.0,land_on_platform,platform_scene-1/Tile Map/49_7_layer_Tile Map_tile_49_7_source_1_atlas_15_0
1440.986,landed,887.392578125,116.990127563477,0.0,0.0,land,surface_wood_impact_0.82037066650391
1441.168,move_left_pressed,887.392578125,116.990127563477,-33.3333320617676,0.0,Move_Left,pressed
1441.168,sonification,886.837036132812,116.990127563477,-33.3333320617676,0.0,osc_received,"value_[1, ""mushrooms""]"
1441.242,musicking,879.059265136719,116.990127563477,-166.666656494141,0.0,osc_received,"value_[1, ""chain-jumps-combo-walk""]"
1441.285,jump_input_pressed,873.059265136719,116.990127563477,-180.0,0.0,Jump,pressed
1441.285,jump_executed,873.059265136719,116.990127563477,-180.0,-500.0,jump,x_873.059265136719_y_116.990127563477
1441.287,sonification,870.040893554688,108.604911804199,-180.0,-500.055541992188,osc_received,"value_[1, ""mushrooms""]"
1441.7,jump_input_released,825.574768066406,10.1430168151855,-180.0,2.77788853645325,Jump,released
1441.716,jump_peak_reached,822.574768066406,10.1893148422241,-180.0,39.8149261474609,jump_peak,x_822.574768066406_y_10.1893148422241
1441.883,platform_landed,799.741455078125,44.9901313781738,0.0,0.0,land_on_platform,platform_scene-1/Tile Map/44_3_layer_Tile Map_tile_44_3_source_1_atlas_13_0
1441.883,landed,799.741455078125,44.9901313781738,0.0,0.0,land,surface_wood_impact_0.82037066650391
1441.9,musicking,799.741455078125,44.9901313781738,0.0,0.0,osc_received,"value_[1, ""platform_pan_nav""]"
1442.733,move_left_pressed,799.741455078125,44.9901313781738,-33.3333320617676,0.0,Move_Left,pressed
1442.742,sonification,799.185913085938,44.9901313781738,-33.3333320617676,0.0,osc_received,"value_[1, ""mushrooms""]"
1443.051,jump_input_pressed,749.408142089844,44.9901313781738,-180.0,0.0,Jump,pressed
1443.051,jump_executed,749.408142089844,44.9901313781738,-180.0,-500.0,jump,x_749.408142089844_y_44.9901313781738
1443.052,sonification,746.389770507812,36.6049118041992,-180.0,-500.055541992188,osc_received,"value_[1, ""mushrooms""]"
1443.419,jump_input_released,683.389770507812,-60.0598678588867,-180.0,-55.722110748291,Jump,released
1443.486,jump_peak_reached,675.556457519531,-61.6913414001465,0.0,43.8149261474609,jump_peak,x_675.556457519531_y_-61.6913414001465
1443.634,platform_landed,675.556457519531,-27.0039348602295,0.0,0.0,land_on_platform,platform_scene-1/Tile Map/37_-1_layer_Tile Map_tile_37_-1_source_1_atlas_15_7
1443.634,landed,675.556457519531,-27.0039348602295,0.0,0.0,land,surface_wood_impact_0.75429656982422
1443.635,musicking,675.556457519531,-27.0039348602295,0.0,0.0,osc_received,"value_[1, ""cloud""]"
1443.85,move_left_pressed,675.556457519531,-27.0039348602295,-33.3333320617676,0.0,Move_Left,pressed
1443.985,jump_input_pressed,658.22314453125,-27.0666599273682,-180.0,0.0,Jump,pressed
1443.985,jump_executed,658.22314453125,-27.0666599273682,-180.0,-500.0,jump,x_658.22314453125_y_-27.0666599273682
1444.383,jump_input_released,586.220581054688,-133.647903442383,-180.0,-16.6665554046631,Jump,released
1444.418,jump_peak_reached,580.220581054688,-133.856231689453,-96.6666641235352,41.2038154602051,jump_peak,x_580.220581054688_y_-133.856231689453
1444.65,platform_landed,578.387268066406,-63.0039558410645,0.0,0.0,land_on_platform,platform_scene-1/Tile Map/32_-3_layer_Tile Map_tile_32_-3_source_1_atlas_3_0
1444.65,landed,578.387268066406,-63.0039558410645,0.0,0.0,land,surface_wood_impact_1.11944482421875
1444.834,move_left_pressed,578.387268066406,-63.0039558410645,-33.3333320617676,0.0,Move_Left,pressed
1444.867,jump_input_pressed,576.720642089844,-63.0039558410645,-100.0,0.0,Jump,pressed
1444.867,jump_executed,576.720642089844,-63.0039558410645,-100.0,-500.0,jump,x_576.720642089844_y_-63.0039558410645
1445.3,jump_peak_reached,502.957275390625,-169.899124145508,-180.0,39.8149261474609,jump_peak,x_502.957275390625_y_-169.899124145508
1445.301,jump_input_released,502.957275390625,-169.899124145508,-180.0,39.8149261474609,Jump,released
1445.467,coin_collected,492.123931884766,-135.485534667969,0.0,373.148284912109,collect_coin,coin_coin9_score_8
1445.474,sonification,492.123931884766,-128.649108886719,0.0,410.185333251953,osc_received,"value_[1, ""coins-with-pitch""]"
1445.501,platform_landed,492.123931884766,-117.00227355957,0.0,0.0,land_on_platform,platform_scene-1/Tile Map/27_-6_layer_Tile Map_tile_27_-6_source_1_atlas_2_0
1445.501,landed,492.123931884766,-117.00227355957,0.0,0.0,land,surface_wood_impact_0.96851885986328
1445.633,move_right_pressed,492.123931884766,-117.00227355957,33.3333320617676,0.0,Move_Right,pressed
1445.734,jump_input_pressed,503.457244873047,-117.00227355957,180.0,0.0,Jump,pressed
1445.734,jump_executed,503.457244873047,-117.00227355957,180.0,-500.0,jump,x_503.457244873047_y_-117.00227355957
1446.167,jump_peak_reached,581.477722167969,-223.887786865234,180.0,39.8149261474609,jump_peak,x_581.477722167969_y_-223.887786865234
1446.367,platform_landed,620.477722167969,-171.067184448242,180.0,0.0,land_on_platform,platform_scene-1/Tile Map/34_-9_layer_Tile Map_tile_34_-9_source_1_atlas_2_0
1446.367,landed,620.477722167969,-171.067184448242,180.0,0.0,land,surface_wood_impact_0.96851885986328
1446.551,jump_input_released,643.31103515625,-171.067184448242,0.0,0.0,Jump,released
1446.785,move_right_pressed,643.31103515625,-171.067184448242,33.3333320617676,0.0,Move_Right,pressed
1447.183,move_left_pressed,671.477661132812,-171.074859619141,-33.3333320617676,0.0,Move_Left,pressed
1447.251,jump_input_pressed,665.922119140625,-171.074859619141,-166.666656494141,0.0,Jump,pressed
1447.251,jump_executed,665.922119140625,-171.074859619141,-166.666656494141,-500.0,jump,x_665.922119140625_y_-171.074859619141
1447.683,jump_peak_reached,588.14404296875,-277.904418945312,-180.0,39.8149261474609,jump_peak,x_588.14404296875_y_-277.904418945312
1447.717,jump_input_released,582.14404296875,-275.959991455078,-180.0,113.889007568359,Jump,released
1447.8,platform_landed,564.151794433594,-258.046966552734,-180.0,0.0,land_on_platform,platform_scene-1/Tile Map/31_-14_layer_Tile Map_tile_31_-14_source_1_atlas_18_3
1447.8,landed,564.151794433594,-258.046966552734,-180.0,0.0,land,surface_wood_impact_0.59814837646484
1447.8,musicking,564.151794433594,-258.046966552734,-180.0,0.0,osc_received,"value_[1, ""leaves""]"
1448.285,platform_landed,490.324829101562,-117.066635131836,-75.0,0.0,land_on_platform,platform_scene-1/Tile Map/27_-6_layer_Tile Map_tile_27_-6_source_1_atlas_2_0
1448.285,landed,490.324829101562,-117.066635131836,-75.0,0.0,land,surface_wood_impact_1.55555578613281
1448.318,musicking,486.158172607422,-117.066635131836,-141.66667175293,0.0,osc_received,"value_[1, ""platform_pan_nav""]"
1448.699,move_left_pressed,476.074890136719,-117.066223144531,-33.3333320617676,0.0,Move_Left,pressed
1448.733,jump_input_pressed,476.074890136719,-117.066223144531,-33.3333320617676,0.0,Jump,pressed
1448.733,jump_executed,476.074890136719,-117.066223144531,-33.3333320617676,-500.0,jump,x_476.074890136719_y_-117.066223144531
1448.75,jump_peak_reached,476.074737548828,-125.400482177734,-15.0,-479.222198486328,jump_peak,x_476.074737548828_y_-125.400482177734
1448.867,jump_input_released,470.82470703125,-172.931976318359,-105.0,37.037036895752,Jump,released
1449.033,platform_landed,466.46142578125,-135.001983642578,0.0,0.0,land_on_platform,platform_scene-1/Tile Map/25_-7_layer_Tile Map_tile_25_-7_source_1_atlas_0_0
1449.033,landed,466.46142578125,-135.001983642578,0.0,0.0,land,surface_wood_impact_0.81481488037109
1449.334,move_left_pressed,466.46142578125,-135.001983642578,-33.3333320617676,0.0,Move_Left,pressed
1449.633,jump_input_pressed,419.111083984375,-106.970306396484,-180.0,370.370391845703,Jump,pressed
1450.068,jump_input_released,369.045227050781,252.060638427734,0.0,1333.33312988281,Jump,released
1450.068,platform_landed,369.045227050781,263.953002929688,0.0,0.0,land_on_platform,platform_scene-1/Tile Map/20_15_layer_Tile Map_tile_20_15_source_1_atlas_13_6
1450.068,landed,369.045227050781,263.953002929688,0.0,0.0,land,surface_wood_impact_2.66666625976563
1450.069,musicking,369.045227050781,263.953002929688,0.0,0.0,osc_received,"value_[1, ""water-tube""]"
1450.102,musicking,369.045227050781,263.953002929688,0.0,0.0,osc_received,"value_[1, ""far-fall""]"
1451.067,move_right_pressed,369.045227050781,263.953002929688,33.3333320617676,0.0,Move_Right,pressed
1451.485,move_left_pressed,394.211883544922,263.953002929688,-33.3333320617676,0.0,Move_Left,pressed
1451.551,jump_input_pressed,388.656341552734,263.953002929688,-166.666656494141,0.0,Jump,pressed
1451.551,jump_executed,388.656341552734,263.953002929688,-166.666656494141,-500.0,jump,x_388.656341552734_y_263.953002929688
1451.567,jump_peak_reached,385.873901367188,255.604797363281,-180.0,-479.222198486328,jump_peak,x_385.873901367188_y_255.604797363281
1451.875,jump_input_released,356.82470703125,163.749313354492,-150.0,-114.722114562988,Jump,released
1452.125,platform_landed,353.213592529297,188.994140625,0.0,0.0,land_on_platform,platform_scene-1/Tile Map/19_11_layer_Tile Map_tile_19_11_source_1_atlas_3_0
1452.125,landed,353.213592529297,188.994140625,0.0,0.0,land,surface_wood_impact_0.74907415771484
1452.208,move_right_pressed,353.213592529297,188.994140625,33.3333320617676,0.0,Move_Right,pressed
1452.276,jump_input_pressed,358.769134521484,188.994140625,166.666656494141,0.0,Jump,pressed
1452.276,jump_executed,358.769134521484,188.994140625,166.666656494141,-500.0,jump,x_358.769134521484_y_188.994140625
1452.575,jump_input_released,412.565216064453,91.008674621582,180.0,-134.499893188477,Jump,released
1452.675,jump_peak_reached,426.398559570312,86.2170104980469,0.0,41.2037048339844,jump_peak,x_426.398559570312_y_86.2170104980469
1452.859,platform_landed,426.398559570312,134.994049072266,0.0,0.0,land_on_platform,platform_scene-1/Tile Map/23_8_layer_Tile Map_tile_23_8_source_1_atlas_0_0
1452.859,landed,426.398559570312,134.994049072266,0.0,0.0,land,surface_wood_impact_0.89722235107422
1452.975,move_right_pressed,426.398559570312,134.994049072266,33.3333320617676,0.0,Move_Right,pressed
1453.126,coin_collected,446.747589111328,138.91845703125,180.0,111.111114501953,collect_coin,coin_coin5_score_10
1453.128,sonification,449.747589111328,141.387588500977,180.0,148.148147583008,osc_received,"value_[1, ""coins-with-pitch""]"
1453.192,platform_landed,461.747589111328,152.933135986328,180.0,0.0,land_on_platform,platform_scene-1/Tile Map/25_9_layer_Tile Map_tile_25_9_source_1_atlas_2_0
1453.192,landed,461.747589111328,152.933135986328,180.0,0.0,land,surface_wood_impact_0.59259259033203
1453.209,musicking,464.747589111328,152.933135986328,180.0,0.0,osc_received,"value_[1, ""platform_pan_nav""]"
1453.425,move_left_pressed,466.580932617188,152.933135986328,-33.3333320617676,0.0,Move_Left,pressed
1453.541,jump_input_pressed,452.247619628906,152.933135986328,-180.0,0.0,Jump,pressed
1453.541,jump_executed,452.247619628906,152.933135986328,-180.0,-500.0,jump,x_452.247619628906_y_152.933135986328
1453.975,jump_peak_reached,374.245086669922,46.0974349975586,-180.0,39.8149261474609,jump_peak,x_374.245086669922_y_46.0974349975586
1454.142,platform_landed,341.245086669922,80.932975769043,-180.0,0.0,land_on_platform,platform_scene-1/Tile Map/18_5_layer_Tile Map_tile_18_5_source_1_atlas_13_0
1454.142,landed,341.245086669922,80.932975769043,-180.0,0.0,land,surface_wood_impact_0.82037066650391
1454.143,sonification,341.245086669922,80.932975769043,-180.0,0.0,osc_received,"value_[1, ""mushrooms""]"
1454.225,jump_input_released,329.245086669922,80.932975769043,-180.0,0.0,Jump,released
1454.295,sonification,321.411743164062,80.932975769043,0.0,0.0,osc_received,"value_[1, ""mushrooms""]"
1454.391,move_left_pressed,321.411743164062,80.932975769043,-33.3333320617676,0.0,Move_Left,pressed
1454.392,sonification,320.856201171875,80.932975769043,-33.3333320617676,0.0,osc_received,"value_[1, ""mushrooms""]"
1456.018,sonification,38.2451019287109,80.925163269043,0.0,0.0,osc_received,"value_[1, ""mushrooms""]"
1456.285,move_right_pressed,38.2451019287109,80.925163269043,33.3333320617676,0.0,Move_Right,pressed
1456.286,sonification,38.8006591796875,80.925163269043,33.3333320617676,0.0,osc_received,"value_[1, ""mushrooms""]"
1457.967,jump_input_pressed,334.578460693359,80.925163269043,180.0,0.0,Jump,pressed
1457.968,jump_executed,334.578460693359,80.925163269043,180.0,-500.0,jump,x_334.578460693359_y_80.925163269043
1457.968,sonification,337.578796386719,72.5900039672852,180.0,-500.055541992188,osc_received,"value_[1, ""mushrooms""]"
1458.4,jump_peak_reached,412.578796386719,-25.9044055938721,180.0,39.8149261474609,jump_peak,x_412.578796386719_y_-25.9044055938721
1458.501,platform_landed,433.580932617188,-9.07542324066162,180.0,0.0,land_on_platform,platform_scene-1/Tile Map/24_0_layer_Tile Map_tile_24_0_source_1_atlas_14_7
1458.501,landed,433.580932617188,-9.07542324066162,180.0,0.0,land,surface_wood_impact_0.52407427978516
1458.501,musicking,433.580932617188,-9.07542324066162,180.0,0.0,osc_received,"value_[1, ""cloud""]"
1458.533,jump_input_released,436.580932617188,-9.07542324066162,180.0,0.0,Jump,released
1459.8,move_right_pressed,441.414276123047,-9.07542324066162,33.3333320617676,0.0,Move_Right,pressed
1460.051,jump_input_pressed,479.764038085938,-6.92669677734375,180.0,111.111114501953,Jump,pressed
1460.287,platform_landed,524.767578125,80.9290008544922,180.0,0.0,land_on_platform,platform_scene-1/Tile Map/29_5_layer_Tile Map_tile_29_5_source_1_atlas_2_0
1460.287,landed,524.767578125,80.9290008544922,180.0,0.0,land,surface_wood_impact_1.25925939941406
1460.319,musicking,530.767578125,80.9290008544922,180.0,0.0,osc_received,"value_[1, ""platform_pan_nav""]"
1460.386,jump_input_released,539.767578125,80.9290008544922,96.6666641235352,0.0,Jump,released
1460.534,move_right_pressed,541.600891113281,80.9290008544922,33.3333320617676,0.0,Move_Right,pressed
1460.586,jump_input_pressed,544.934204101562,80.9290008544922,133.33332824707,0.0,Jump,pressed
1460.586,jump_executed,544.934204101562,80.9290008544922,133.33332824707,-500.0,jump,x_544.934204101562_y_80.9290008544922
1461.016,jump_peak_reached,621.32421875,-25.9037342071533,180.0,39.8149261474609,jump_peak,x_621.32421875_y_-25.9037342071533
1461.033,jump_input_released,624.32421875,-25.2401523590088,180.0,76.8519668579102,Jump,released
1461.251,platform_landed,632.157531738281,44.9753875732422,0.0,0.0,land_on_platform,platform_scene-1/Tile Map/35_3_layer_Tile Map_tile_35_3_source_1_atlas_13_0
1461.251,landed,632.157531738281,44.9753875732422,0.0,0.0,land,surface_wood_impact_1.1166669921875
1461.45,move_right_pressed,632.157531738281,44.9753875732422,33.3333320617676,0.0,Move_Right,pressed
1461.459,sonification,632.713073730469,44.9753875732422,33.3333320617676,0.0,osc_received,"value_[1, ""mushrooms""]"
1461.467,jump_input_pressed,632.713073730469,44.9753875732422,66.6666641235352,0.0,Jump,pressed
1461.467,jump_executed,632.713073730469,44.9753875732422,66.6666641235352,-500.0,jump,x_632.713073730469_y_44.9753875732422
1461.475,sonification,633.830017089844,36.5971794128418,66.6666641235352,-500.055541992188,osc_received,"value_[1, ""mushrooms""]"
1461.817,jump_input_released,660.353942871094,-55.6095771789551,180.0,-75.3332214355469,Jump,released
1461.908,jump_peak_reached,671.187255859375,-58.4151229858398,0.0,45.0371475219727,jump_peak,x_671.187255859375_y_-58.4151229858398
1462.06,platform_landed,671.187255859375,-27.0232448577881,0.0,0.0,land_on_platform,platform_scene-1/Tile Map/37_-1_layer_Tile Map_tile_37_-1_source_1_atlas_15_7
1462.06,landed,671.187255859375,-27.0232448577881,0.0,0.0,land,surface_wood_impact_0.75674102783203
1462.06,musicking,671.187255859375,-27.0232448577881,0.0,0.0,osc_received,"value_[1, ""cloud""]"
1462.425,move_left_pressed,671.187255859375,-27.0232448577881,-33.3333320617676,0.0,Move_Left,pressed
1462.46,jump_input_pressed,669.520629882812,-27.0232448577881,-100.0,0.0,Jump,pressed
1462.461,jump_executed,669.520629882812,-27.0232448577881,-100.0,-500.0,jump,x_669.520629882812_y_-27.0232448577881
1462.891,jump_peak_reached,595.76171875,-133.896072387695,-180.0,39.8149261474609,jump_peak,x_595.76171875_y_-133.896072387695
1462.961,jump_input_released,583.76171875,-127.538032531738,-180.0,187.963073730469,Jump,released
1463.125,platform_landed,575.928405761719,-63.0169334411621,0.0,0.0,land_on_platform,platform_scene-1/Tile Map/31_-3_layer_Tile Map_tile_31_-3_source_1_atlas_2_0
1463.125,landed,575.928405761719,-63.0169334411621,0.0,0.0,land,surface_wood_impact_1.1166669921875
1463.325,move_left_pressed,575.928405761719,-63.0169334411621,-33.3333320617676,0.0,Move_Left,pressed
1463.325,jump_input_pressed,575.928405761719,-63.0169334411621,-33.3333320617676,0.0,Jump,pressed
1463.325,jump_executed,575.928405761719,-63.0169334411621,-33.3333320617676,-500.0,jump,x_575.928405761719_y_-63.0169334411621
1463.734,jump_input_released,514.119567871094,-169.943130493164,-180.0,2.77788853645325,Jump,released
1463.75,jump_peak_reached,511.119567871094,-169.896835327148,-180.0,39.8149261474609,jump_peak,x_511.119567871094_y_-169.896835327148
1463.95,platform_landed,500.286224365234,-117.031509399414,0.0,0.0,land_on_platform,platform_scene-1/Tile Map/27_-6_layer_Tile Map_tile_27_-6_source_1_atlas_2_0
1463.95,landed,500.286224365234,-117.031509399414,0.0,0.0,land,surface_wood_impact_0.96851885986328
1463.986,musicking,500.286224365234,-117.031509399414,0.0,0.0,osc_received,"value_[1, ""platform_pan_nav""]"
1464.7,move_right_pressed,500.286224365234,-117.031509399414,33.3333320617676,0.0,Move_Right,pressed
1464.918,jump_input_pressed,515.990661621094,-117.031509399414,0.0,0.0,Jump,pressed
1464.918,jump_executed,515.990661621094,-117.031509399414,0.0,-500.0,jump,x_515.990661621094_y_-117.031509399414
1465.018,jump_input_released,515.925109863281,-161.875015258789,0.0,-376.166595458984,Jump,released
1465.117,jump_peak_reached,515.925109863281,-166.666687011719,0.0,41.2037048339844,jump_peak,x_515.925109863281_y_-166.666687011719
1465.218,move_right_pressed,515.925109863281,-153.287063598633,15.0,263.425933837891,Move_Right,pressed
1465.267,platform_landed,517.739135742188,-132.754379272461,60.0,0.0,land_on_platform,platform_scene-1/Tile Map/29_-7_layer_Tile Map_tile_29_-7_source_1_atlas_0_0
1465.267,landed,517.739135742188,-132.754379272461,60.0,0.0,land,surface_wood_impact_0.74907415771484
1465.467,platform_landed,515.742370605469,-117.002838134766,0.0,0.0,land_on_platform,platform_scene-1/Tile Map/28_-6_layer_Tile Map_tile_28_-6_source_1_atlas_3_0
1465.467,landed,515.742370605469,-117.002838134766,0.0,0.0,land,surface_wood_impact_0.51851849365234
1465.834,jump_input_pressed,515.742370605469,-117.002838134766,0.0,0.0,Jump,pressed
1465.834,jump_executed,515.742370605469,-117.002838134766,0.0,-500.0,jump,x_515.742370605469_y_-117.002838134766
1465.851,move_right_pressed,515.742370605469,-125.400779724121,15.0,-479.222198486328,Move_Right,pressed
1465.933,jump_input_released,519.492370605469,-161.910018920898,90.0,-376.166595458984,Jump,released
1466.033,jump_peak_reached,521.103454589844,-166.701690673828,0.0,41.2037048339844,jump_peak,x_521.103454589844_y_-166.701690673828
1466.184,platform_landed,521.103454589844,-134.738861083984,0.0,0.0,land_on_platform,platform_scene-1/Tile Map/29_-7_layer_Tile Map_tile_29_-7_source_1_atlas_0_0
1466.184,landed,521.103454589844,-134.738861083984,0.0,0.0,land,surface_wood_impact_0.74907415771484
1466.267,move_right_pressed,521.103454589844,-134.738861083984,33.3333320617676,0.0,Move_Right,pressed
1466.768,move_left_pressed,534.216552734375,-135.066375732422,-33.3333320617676,0.0,Move_Left,pressed
1466.785,jump_input_pressed,533.661010742188,-135.066375732422,-66.6666641235352,0.0,Jump,pressed
1466.786,jump_executed,533.661010742188,-135.066375732422,-66.6666641235352,-500.0,jump,x_533.661010742188_y_-135.066375732422
1467.217,jump_peak_reached,463.771240234375,-241.903289794922,-180.0,39.8149261474609,jump_peak,x_463.771240234375_y_-241.903289794922
1467.217,jump_input_released,463.771240234375,-241.903289794922,-180.0,39.8149261474609,Jump,released
1467.385,platform_landed,452.937896728516,-207.022369384766,0.0,0.0,land_on_platform,platform_scene-1/Tile Map/25_-11_layer_Tile Map_tile_25_-11_source_1_atlas_2_0
1467.385,landed,452.937896728516,-207.022369384766,0.0,0.0,land,surface_wood_impact_0.82037066650391
1467.566,move_right_pressed,452.937896728516,-207.022369384766,33.3333320617676,0.0,Move_Right,pressed
1467.6,jump_input_pressed,454.604553222656,-207.022369384766,100.0,0.0,Jump,pressed
1467.6,jump_executed,454.604553222656,-207.022369384766,100.0,-500.0,jump,x_454.604553222656_y_-207.022369384766
1468.033,jump_peak_reached,528.363525390625,-313.895904541016,180.0,39.8149261474609,jump_peak,x_528.363525390625_y_-313.895904541016
1468.234,platform_landed,567.366271972656,-258.038146972656,180.0,0.0,land_on_platform,platform_scene-1/Tile Map/31_-14_layer_Tile Map_tile_31_-14_source_1_atlas_18_3
1468.234,landed,567.366271972656,-258.038146972656,180.0,0.0,land,surface_wood_impact_0.96851885986328
1468.234,musicking,567.366271972656,-258.038146972656,180.0,0.0,osc_received,"value_[1, ""leaves""]"
1468.267,jump_input_released,570.366271972656,-258.038146972656,96.6666641235352,0.0,Jump,released
1468.385,move_right_pressed,572.199768066406,-258.023529052734,33.3333320617676,0.0,Move_Right,pressed
1468.417,jump_input_pressed,573.866394042969,-258.023529052734,100.0,0.0,Jump,pressed
1468.417,jump_executed,573.866394042969,-258.023529052734,100.0,-500.0,jump,x_573.866394042969_y_-258.023529052734
1468.85,jump_peak_reached,647.617309570312,-364.856292724609,180.0,39.8149261474609,jump_peak,x_647.617309570312_y_-364.856292724609
1468.951,jump_input_released,665.617309570312,-351.615539550781,96.6666641235352,262.037139892578,Jump,released
1468.951,platform_landed,667.223022460938,-348.107513427734,96.6666641235352,0.0,land_on_platform,platform_scene-1/Tile Map/37_-19_layer_Tile Map_tile_37_-19_source_1_atlas_19_3
1468.951,landed,667.223022460938,-348.107513427734,96.6666641235352,0.0,land,surface_wood_impact_0.52407427978516
1468.952,musicking,667.223022460938,-348.107513427734,96.6666641235352,0.0,osc_received,"value_[1, ""leaves""]"
1468.967,musicking,667.445251464844,-348.107513427734,13.3333311080933,0.0,osc_received,"value_[1, ""platform_pan_nav""]"
1469.568,jump_input_pressed,667.445251464844,-348.107513427734,0.0,0.0,Jump,pressed
1469.568,jump_executed,667.445251464844,-348.107513427734,0.0,-500.0,jump,x_667.445251464844_y_-348.107513427734
1469.701,move_left_pressed,667.445251464844,-405.166687011719,-15.0,-335.333251953125,Move_Left,pressed
1470.0,jump_peak_reached,629.945251464844,-454.939788818359,-180.0,39.8149261474609,jump_peak,x_629.945251464844_y_-454.939788818359
1470.001,jump_input_released,629.945251464844,-454.939788818359,-180.0,39.8149261474609,Jump,released
1470.084,coin_collected,625.111938476562,-445.449035644531,0.0,187.963073730469,collect_coin,coin_coin11_score_12
1470.086,sonification,625.111938476562,-441.699035644531,0.0,225.000106811523,osc_received,"value_[1, ""coins-with-pitch""]"
1470.168,platform_landed,625.111938476562,-420.018798828125,0.0,0.0,land_on_platform,platform_scene-1/Tile Map/34_-23_layer_Tile Map_tile_34_-23_source_1_atlas_17_3
1470.168,landed,625.111938476562,-420.018798828125,0.0,0.0,land,surface_wood_impact_0.82037066650391
1470.169,musicking,625.111938476562,-420.018798828125,0.0,0.0,osc_received,"value_[1, ""leaves""]"
1470.384,move_right_pressed,625.111938476562,-420.018798828125,33.3333320617676,0.0,Move_Right,pressed
1470.45,jump_input_pressed,630.667541503906,-420.061431884766,166.666656494141,0.0,Jump,pressed
1470.451,jump_executed,630.667541503906,-420.061431884766,166.666656494141,-500.0,jump,x_630.667541503906_y_-420.061431884766
1470.851,jump_input_released,702.456970214844,-526.670532226562,180.0,-16.6665554046631,Jump,released
1470.885,jump_peak_reached,707.068054199219,-526.878845214844,13.3333311080933,41.2038154602051,jump_peak,x_707.068054199219_y_-526.878845214844
1471.034,platform_landed,707.290283203125,-495.013519287109,0.0,0.0,land_on_platform,platform_scene-1/Tile Map/39_-27_layer_Tile Map_tile_39_-27_source_1_atlas_2_0
1471.034,landed,707.290283203125,-495.013519287109,0.0,0.0,land,surface_wood_impact_0.74907434082031
1471.05,move_right_pressed,707.290283203125,-495.013519287109,33.3333320617676,0.0,Move_Right,pressed
1471.252,jump_input_pressed,736.623596191406,-495.067901611328,180.0,0.0,Jump,pressed
1471.252,jump_executed,736.623596191406,-495.067901611328,180.0,-500.0,jump,x_736.623596191406_y_-495.067901611328
1471.4,jump_peak_reached,763.627380371094,-550.315368652344,180.0,74.0740737915039,jump_peak,x_763.627380371094_y_-550.315368652344
1471.768,jump_input_released,811.783996582031,-382.150604248047,120.0,888.889038085938,Jump,released
1472.1,platform_landed,814.395080566406,44.9037666320801,0.0,0.0,land_on_platform,platform_scene-1/Tile Map/45_3_layer_Tile Map_tile_45_3_source_1_atlas_13_0
1472.1,landed,814.395080566406,44.9037666320801,0.0,0.0,land,surface_wood_impact_3.25925805664063
1472.134,musicking,814.395080566406,44.9955635070801,0.0,0.0,osc_received,"value_[1, ""far-fall""]"
1472.934,move_left_pressed,814.395080566406,44.9955635070801,-33.3333320617676,0.0,Move_Left,pressed
1472.942,sonification,813.839538574219,44.9955635070801,-33.3333320617676,0.0,osc_received,"value_[1, ""mushrooms""]"
1473.052,jump_input_pressed,800.061767578125,44.9332733154297,-180.0,0.0,Jump,pressed
1473.052,jump_executed,800.061767578125,44.9332733154297,-180.0,-500.0,jump,x_800.061767578125_y_44.9332733154297
1473.053,sonification,797.059204101562,36.5918655395508,-180.0,-500.055541992188,osc_received,"value_[1, ""mushrooms""]"
1473.066,jump_peak_reached,797.059204101562,36.5918655395508,-180.0,-479.222198486328,jump_peak,x_797.059204101562_y_36.5918655395508
1473.6,jump_input_released,701.059204101562,-44.2944946289062,-96.6666641235352,299.074188232422,Jump,released
1473.785,platform_landed,699.225891113281,44.9808502197266,0.0,0.0,land_on_platform,platform_scene-1/Tile Map/38_3_layer_Tile Map_tile_38_3_source_1_atlas_13_0
1473.785,landed,699.225891113281,44.9808502197266,0.0,0.0,land,surface_wood_impact_1.41296337890625
1474.017,move_left_pressed,699.225891113281,44.9808502197266,-33.3333320617676,0.0,Move_Left,pressed
1474.018,sonification,698.670349121094,44.9808502197266,-33.3333320617676,0.0,osc_received,"value_[1, ""mushrooms""]"
1474.253,jump_input_pressed,663.892578125,44.9313659667969,-180.0,0.0,Jump,pressed
1474.253,jump_executed,663.892578125,44.9313659667969,-180.0,-500.0,jump,x_663.892578125_y_44.9313659667969
1474.259,sonification,660.890563964844,36.5914306640625,-180.0,-500.055541992188,osc_received,"value_[1, ""mushrooms""]"
1474.625,musicking,600.230773925781,-60.7552375793457,-52.1897621154785,-56.9998893737793,osc_received,"value_[1, ""platform_pan_nav""]"
1474.634,platform_landed,599.815307617188,-61.1826629638672,-67.1897583007812,-37.4998893737793,land_on_platform,platform_scene-1/Tile Map/32_-3_layer_Tile Map_tile_32_-3_source_1_atlas_3_0
1474.634,landed,599.815307617188,-61.1826629638672,-67.1897583007812,-37.4998893737793,land,surface_wood_impact_0.07499977874756
1474.717,jump_peak_reached,598.239379882812,-63.0987510681152,0.0,41.2038154602051,jump_peak,x_598.239379882812_y_-63.0987510681152
1474.733,platform_landed,598.239379882812,-62.2082710266113,0.0,0.0,land_on_platform,platform_scene-1/Tile Map/32_-3_layer_Tile Map_tile_32_-3_source_1_atlas_3_0
1474.734,landed,598.239379882812,-62.2082710266113,0.0,0.0,land,surface_wood_impact_0.15648170471191
1474.753,move_left_pressed,598.239379882812,-62.2082710266113,-33.3333320617676,0.0,Move_Left,pressed
1474.952,jump_input_released,569.22607421875,-63.0041580200195,-180.0,0.0,Jump,released
1475.483,jump_input_pressed,546.392761230469,-63.0041580200195,0.0,0.0,Jump,pressed
1475.483,jump_executed,546.392761230469,-63.0041580200195,0.0,-500.0,jump,x_546.392761230469_y_-63.0041580200195
1475.5,move_left_pressed,546.392761230469,-71.4009475708008,-15.0,-479.222198486328,Move_Left,pressed
1475.617,jump_peak_reached,545.135375976562,-102.106842041016,-21.8307113647461,51.7344017028809,jump_peak,x_545.135375976562_y_-102.106842041016
1475.884,jump_input_released,512.383239746094,-14.236909866333,-96.6666641235352,644.327087402344,Jump,released
1475.967,move_right_pressed,510.549896240234,45.6298599243164,15.0,829.512329101562,Move_Right,pressed
1476.0,platform_landed,512.049865722656,80.9331588745117,45.0,0.0,land_on_platform,platform_scene-1/Tile Map/28_5_layer_Tile Map_tile_28_5_source_1_atlas_1_0
1476.0,landed,512.049865722656,80.9331588745117,45.0,0.0,land,surface_wood_impact_1.8071728515625
1476.5,move_right_pressed,525.438720703125,80.9331588745117,33.3333320617676,0.0,Move_Right,pressed
1476.617,jump_input_pressed,539.772033691406,80.9331588745117,180.0,0.0,Jump,pressed
1476.617,jump_executed,539.772033691406,80.9331588745117,180.0,-500.0,jump,x_539.772033691406_y_80.9331588745117
1477.0,jump_input_released,608.774597167969,-25.0229434967041,180.0,-36.1665573120117,Jump,released
1477.051,jump_peak_reached,617.774597167969,-25.7896041870117,180.0,42.5371475219727,jump_peak,x_617.774597167969_y_-25.7896041870117
1477.284,platform_landed,628.60791015625,44.9840431213379,0.0,0.0,land_on_platform,platform_scene-1/Tile Map/34_3_layer_Tile Map_tile_34_3_source_1_atlas_14_0
1477.284,landed,628.60791015625,44.9840431213379,0.0,0.0,land,surface_wood_impact_1.12211145019531
1477.452,move_right_pressed,628.60791015625,44.9840431213379,33.3333320617676,0.0,Move_Right,pressed
1477.453,sonification,629.163452148438,44.9840431213379,33.3333320617676,0.0,osc_received,"value_[1, ""mushrooms""]"
1477.467,jump_input_pressed,629.163452148438,44.9840431213379,66.6666641235352,0.0,Jump,pressed
1477.467,jump_executed,629.163452148438,44.9840431213379,66.6666641235352,-500.0,jump,x_629.163452148438_y_44.9840431213379
1477.475,sonification,630.281433105469,36.5984344482422,66.6666641235352,-500.055541992188,osc_received,"value_[1, ""mushrooms""]"
1477.8,jump_input_released,655.675231933594,-55.9266738891602,165.0,-94.9998931884766,Jump,released
1477.9,jump_peak_reached,666.258544921875,-60.2183303833008,0.0,46.2038116455078,jump_peak,x_666.258544921875_y_-60.2183303833008
1478.052,platform_landed,666.258544921875,-27.01318359375,0.0,0.0,land_on_platform,platform_scene-1/Tile Map/36_-1_layer_Tile Map_tile_36_-1_source_1_atlas_13_7
1478.052,landed,666.258544921875,-27.01318359375,0.0,0.0,land,surface_wood_impact_0.75907434082031
1478.053,musicking,666.258544921875,-27.01318359375,0.0,0.0,osc_received,"value_[1, ""cloud""]"
1478.119,move_left_pressed,666.258544921875,-27.01318359375,-33.3333320617676,0.0,Move_Left,pressed
1478.216,jump_input_pressed,654.925231933594,-27.0678596496582,-180.0,0.0,Jump,pressed
1478.216,jump_executed,654.925231933594,-27.0678596496582,-180.0,-500.0,jump,x_654.925231933594_y_-27.0678596496582
1478.434,jump_input_released,615.922973632812,-108.745414733887,-180.0,-234.222106933594,Jump,released
1478.533,jump_peak_reached,597.922973632812,-113.537078857422,-180.0,41.2037048339844,jump_peak,x_597.922973632812_y_-113.537078857422
1478.734,platform_landed,593.089660644531,-63.0063285827637,0.0,0.0,land_on_platform,platform_scene-1/Tile Map/32_-3_layer_Tile Map_tile_32_-3_source_1_atlas_3_0
1478.734,landed,593.089660644531,-63.0063285827637,0.0,0.0,land,surface_wood_impact_0.97129644775391
1478.868,move_left_pressed,593.089660644531,-63.0063285827637,-33.3333320617676,0.0,Move_Left,pressed
1478.868,jump_input_pressed,593.089660644531,-63.0063285827637,-33.3333320617676,0.0,Jump,pressed
1478.868,jump_executed,593.089660644531,-63.0063285827637,-33.3333320617676,-500.0,jump,x_593.089660644531_y_-63.0063285827637
1479.267,jump_input_released,534.280212402344,-169.64079284668,-180.0,-16.6665554046631,Jump,released
1479.3,jump_peak_reached,528.280212402344,-169.84912109375,-180.0,41.2038154602051,jump_peak,x_528.280212402344_y_-169.84912109375
1479.467,platform_landed,520.446899414062,-134.534164428711,0.0,0.0,land_on_platform,platform_scene-1/Tile Map/29_-7_layer_Tile Map_tile_29_-7_source_1_atlas_0_0
1479.467,landed,520.446899414062,-134.534164428711,0.0,0.0,land,surface_wood_impact_0.8231484375
1479.534,move_right_pressed,520.446899414062,-134.534164428711,33.3333320617676,0.0,Move_Right,pressed
1479.617,jump_input_pressed,528.641357421875,-135.013473510742,180.0,0.0,Jump,pressed
1479.617,jump_executed,528.641357421875,-135.013473510742,180.0,-500.0,jump,x_528.641357421875_y_-135.013473510742
1479.917,jump_peak_reached,582.660278320312,-229.386199951172,180.0,74.0740737915039,jump_peak,x_582.660278320312_y_-229.386199951172
1480.066,jump_input_released,609.660278320312,-196.052856445312,180.0,407.407440185547,Jump,released
1480.119,platform_landed,620.271362304688,-171.066711425781,96.6666641235352,0.0,land_on_platform,platform_scene-1/Tile Map/34_-9_layer_Tile Map_tile_34_-9_source_1_atlas_2_0
1480.119,landed,620.271362304688,-171.066711425781,96.6666641235352,0.0,land,surface_wood_impact_1.037037109375
1480.65,move_right_pressed,620.493591308594,-171.066711425781,33.3333320617676,0.0,Move_Right,pressed
1481.334,move_left_pressed,678.660217285156,-171.066711425781,-33.3333320617676,0.0,Move_Left,pressed
1481.467,jump_input_pressed,661.326904296875,-171.066711425781,-180.0,0.0,Jump,pressed
1481.467,jump_executed,661.326904296875,-171.066711425781,-180.0,-500.0,jump,x_661.326904296875_y_-171.066711425781
1481.9,jump_peak_reached,583.324340820312,-277.902526855469,-180.0,39.8149261474609,jump_peak,x_583.324340820312_y_-277.902526855469
1481.952,jump_input_released,574.324340820312,-274.059936523438,-180.0,150.926040649414,Jump,released
1482.017,platform_landed,566.491027832031,-257.977447509766,0.0,0.0,land_on_platform,platform_scene-1/Tile Map/31_-14_layer_Tile Map_tile_31_-14_source_1_atlas_18_3
1482.017,landed,566.491027832031,-257.977447509766,0.0,0.0,land,surface_wood_impact_0.59814837646484
1482.025,musicking,566.491027832031,-257.977447509766,0.0,0.0,osc_received,"value_[1, ""leaves""]"
1482.292,move_right_pressed,566.491027832031,-257.977447509766,33.3333320617676,0.0,Move_Right,pressed
1482.361,jump_input_pressed,572.046752929688,-257.959075927734,166.666656494141,0.0,Jump,pressed
1482.361,jump_executed,572.046752929688,-257.959075927734,166.666656494141,-500.0,jump,x_572.046752929688_y_-257.959075927734
1482.776,jump_input_released,646.844055175781,-364.892578125,180.0,2.77788853645325,Jump,released
1482.792,jump_peak_reached,649.844055175781,-364.846282958984,96.6666641235352,39.8149261474609,jump_peak,x_649.844055175781_y_-364.846282958984
1482.892,platform_landed,651.677368164062,-348.022979736328,0.0,0.0,land_on_platform,platform_scene-1/Tile Map/36_-19_layer_Tile Map_tile_36_-19_source_1_atlas_17_3
1482.892,landed,651.677368164062,-348.022979736328,0.0,0.0,land,surface_wood_impact_0.52407427978516
1482.893,musicking,651.677368164062,-348.022979736328,0.0,0.0,osc_received,"value_[1, ""leaves""]"
1483.176,move_right_pressed,651.677368164062,-348.022979736328,33.3333320617676,0.0,Move_Right,pressed
1483.375,jump_input_pressed,681.011840820312,-347.958740234375,180.0,0.0,Jump,pressed
1483.375,jump_executed,681.011840820312,-347.958740234375,180.0,-500.0,jump,x_681.011840820312_y_-347.958740234375
1483.808,jump_peak_reached,759.026794433594,-454.829010009766,180.0,39.8149261474609,jump_peak,x_759.026794433594_y_-454.829010009766
1484.509,platform_landed,888.026794433594,116.932205200195,180.0,0.0,land_on_platform,platform_scene-1/Tile Map/49_7_layer_Tile Map_tile_49_7_source_1_atlas_15_0
1484.509,landed,888.026794433594,116.932205200195,180.0,0.0,land,surface_wood_impact_3.19073974609375
1484.509,sonification,888.026794433594,116.932205200195,180.0,0.0,osc_received,"value_[1, ""mushrooms""]"
1484.551,musicking,894.026794433594,116.932205200195,180.0,0.0,osc_received,"value_[1, ""far-fall""]"
1484.601,sonification,906.045837402344,117.299392700195,180.0,0.0,osc_received,"value_[1, ""mushrooms""]"
1484.853,platform_landed,950.443176269531,190.589431762695,180.0,0.0,land_on_platform,platform_scene-1/Tile Map/53_11_layer_Tile Map_tile_53_11_source_1_atlas_14_0
1484.853,landed,950.443176269531,190.589431762695,180.0,0.0,land,surface_wood_impact_1.11111120605469
1484.868,sonification,952.275329589844,189.130859375,180.0,0.0,osc_received,"value_[1, ""mushrooms""]"
1485.217,sonification,1015.26080322266,189.788879394531,180.0,0.0,osc_received,"value_[1, ""mushrooms""]"
1485.852,platform_landed,1037.92407226562,638.988098144531,15.0,0.0,land_on_platform,platform_scene-1/Tile Map/57_36_layer_Tile Map_tile_57_36_source_1_atlas_13_0
1485.852,landed,1037.92407226562,638.988098144531,15.0,0.0,land,surface_wood_impact_2.81481420898437
1485.853,sonification,1037.92407226562,638.988098144531,15.0,0.0,osc_received,"value_[1, ""mushrooms""]"
1485.876,sonification,1037.92407226562,638.988098144531,0.0,0.0,osc_received,"value_[1, ""mushrooms""]"
1485.889,musicking,1037.92407226562,638.988098144531,0.0,0.0,osc_received,"value_[1, ""far-fall""]"
1486.067,jump_input_released,1037.92407226562,638.988098144531,33.3333320617676,0.0,Jump,released
1486.385,move_left_pressed,1037.92407226562,638.988098144531,-33.3333320617676,0.0,Move_Left,pressed
1486.386,sonification,1037.36853027344,638.988098144531,-33.3333320617676,0.0,osc_received,"value_[1, ""mushrooms""]"
1488.452,jump_input_pressed,672.5908203125,638.932312011719,-180.0,0.0,Jump,pressed
1488.452,jump_executed,672.5908203125,638.932312011719,-180.0,-500.0,jump,x_672.5908203125_y_638.932312011719
1488.458,sonification,669.588500976562,630.591613769531,-180.0,-500.055541992188,osc_received,"value_[1, ""mushrooms""]"
1488.466,jump_peak_reached,669.588500976562,630.591613769531,-180.0,-479.222198486328,jump_peak,x_669.588500976562_y_630.591613769531
1488.867,platform_landed,594.587097167969,638.933288574219,-180.0,0.0,land_on_platform,platform_scene-1/Tile Map/32_36_layer_Tile Map_tile_32_36_source_1_atlas_2_0
1488.867,landed,594.587097167969,638.933288574219,-180.0,0.0,land,surface_wood_impact_1.11111120605469
1488.918,jump_input_released,588.587097167969,638.933288574219,-180.0,0.0,Jump,released
1489.233,move_left_pressed,580.753784179688,638.933288574219,-33.3333320617676,0.0,Move_Left,pressed
1489.918,jump_input_pressed,464.420471191406,638.933288574219,-180.0,0.0,Jump,pressed
1489.919,jump_executed,464.420471191406,638.933288574219,-180.0,-500.0,jump,x_464.420471191406_y_638.933288574219
1490.167,jump_input_released,420.806762695312,549.754821777344,-13.3333311080933,-194.166549682617,Jump,released
1490.267,jump_peak_reached,420.584533691406,544.963134765625,0.0,41.2037048339844,jump_peak,x_420.584533691406_y_544.963134765625
1490.434,platform_landed,420.584533691406,584.994018554688,0.0,0.0,land_on_platform,platform_scene-1/Tile Map/23_33_layer_Tile Map_tile_23_33_source_1_atlas_3_0
1490.434,landed,420.584533691406,584.994018554688,0.0,0.0,land,surface_wood_impact_0.82314825439453
1490.552,move_right_pressed,420.584533691406,584.994018554688,33.3333320617676,0.0,Move_Right,pressed
1490.616,jump_input_pressed,426.140075683594,584.994018554688,166.666656494141,0.0,Jump,pressed
1490.616,jump_executed,426.140075683594,584.994018554688,166.666656494141,-500.0,jump,x_426.140075683594_y_584.994018554688
1490.8,jump_input_released,458.936126708984,512.104919433594,180.0,-274.499877929688,Jump,released
1490.9,jump_peak_reached,469.769470214844,507.313262939453,0.0,41.2037048339844,jump_peak,x_469.769470214844_y_507.313262939453
1491.085,platform_landed,469.769470214844,548.978576660156,0.0,0.0,land_on_platform,platform_scene-1/Tile Map/26_31_layer_Tile Map_tile_26_31_source_1_atlas_2_0
1491.085,landed,469.769470214844,548.978576660156,0.0,0.0,land,surface_wood_impact_0.89722235107422
1491.168,move_right_pressed,469.769470214844,548.978576660156,33.3333320617676,0.0,Move_Right,pressed
1491.217,jump_input_pressed,473.102783203125,548.978576660156,133.33332824707,0.0,Jump,pressed
1491.218,jump_executed,473.102783203125,548.978576660156,133.33332824707,-500.0,jump,x_473.102783203125_y_548.978576660156
1491.486,jump_input_released,519.503540039062,456.511962890625,180.0,-174.222106933594,Jump,released
1491.583,jump_peak_reached,530.336853027344,451.720306396484,0.0,41.2037048339844,jump_peak,x_530.336853027344_y_451.720306396484
1491.768,move_left_pressed,530.336853027344,493.224945068359,-15.0,448.611175537109,Move_Left,pressed
1491.768,platform_landed,530.086853027344,494.933013916016,-15.0,0.0,land_on_platform,platform_scene-1/Tile Map/29_28_layer_Tile Map_tile_29_28_source_1_atlas_2_0
1491.768,landed,530.086853027344,494.933013916016,-15.0,0.0,land,surface_wood_impact_0.89722235107422
1491.787,musicking,529.281311035156,494.933013916016,-48.3333320617676,0.0,osc_received,"value_[1, ""platform_pan_nav""]"
1491.884,jump_input_pressed,517.531311035156,494.933013916016,-180.0,0.0,Jump,pressed
1491.884,jump_executed,517.531311035156,494.933013916016,-180.0,-500.0,jump,x_517.531311035156_y_494.933013916016
1492.167,jump_peak_reached,476.000823974609,403.066467285156,-45.0,37.037036895752,jump_peak,x_476.000823974609_y_403.066467285156
1492.426,jump_input_released,464.82470703125,477.140472412109,-150.0,592.592651367188,Jump,released
1492.528,platform_landed,454.741363525391,548.974548339844,0.0,0.0,land_on_platform,platform_scene-1/Tile Map/25_31_layer_Tile Map_tile_25_31_source_1_atlas_1_0
1492.528,landed,454.741363525391,548.974548339844,0.0,0.0,land,surface_wood_impact_1.6296298828125
1492.92,move_right_pressed,454.741363525391,548.974548339844,33.3333320617676,0.0,Move_Right,pressed
1492.985,jump_input_pressed,460.296905517578,548.974548339844,166.666656494141,0.0,Jump,pressed
1492.985,jump_executed,460.296905517578,548.974548339844,166.666656494141,-500.0,jump,x_460.296905517578_y_548.974548339844
1493.251,jump_input_released,508.087890625,456.512756347656,180.0,-174.222106933594,Jump,released
1493.35,jump_peak_reached,518.921203613281,451.721099853516,0.0,41.2037048339844,jump_peak,x_518.921203613281_y_451.721099853516
1493.534,platform_landed,518.921203613281,494.963531494141,0.0,0.0,land_on_platform,platform_scene-1/Tile Map/28_28_layer_Tile Map_tile_28_28_source_1_atlas_1_0
1493.534,landed,518.921203613281,494.963531494141,0.0,0.0,land,surface_wood_impact_0.89722235107422
1493.667,move_right_pressed,518.921203613281,494.963531494141,33.3333320617676,0.0,Move_Right,pressed
1493.686,jump_input_pressed,519.476745605469,494.963531494141,66.6666641235352,0.0,Jump,pressed
1493.686,jump_executed,519.476745605469,494.963531494141,66.6666641235352,-500.0,jump,x_519.476745605469_y_494.963531494141
1493.983,jump_input_released,542.925231933594,396.999206542969,135.0,-134.499893188477,Jump,released
1494.085,jump_peak_reached,548.786315917969,392.207550048828,0.0,41.2037048339844,jump_peak,x_548.786315917969_y_392.207550048828
1494.234,platform_landed,548.786315917969,422.9755859375,0.0,0.0,land_on_platform,platform_scene-1/Tile Map/30_24_layer_Tile Map_tile_30_24_source_1_atlas_1_0
1494.234,landed,548.786315917969,422.9755859375,0.0,0.0,land,surface_wood_impact_0.74907415771484
1494.252,musicking,548.786315917969,422.9755859375,0.0,0.0,osc_received,"value_[1, ""platform_pan_nav""]"
1494.45,move_left_pressed,548.786315917969,422.9755859375,-33.3333320617676,0.0,Move_Left,pressed
1494.484,jump_input_pressed,547.119689941406,422.9755859375,-100.0,0.0,Jump,pressed
1494.484,jump_executed,547.119689941406,422.9755859375,-100.0,-500.0,jump,x_547.119689941406_y_422.9755859375
1494.916,jump_peak_reached,473.360961914062,316.103759765625,-180.0,39.8149261474609,jump_peak,x_473.360961914062_y_316.103759765625
1495.067,jump_input_released,446.360961914062,344.298217773438,-180.0,373.148284912109,Jump,released
1495.134,coin_collected,434.360961914062,372.878479003906,-180.0,484.259429931641,collect_coin,coin_coin2_score_14
1495.135,sonification,432.749847412109,381.566741943359,-96.6666641235352,521.296447753906,osc_received,"value_[1, ""coins-with-pitch""]"
1495.152,platform_landed,432.526184082031,386.929077148438,-13.3333311080933,0.0,land_on_platform,platform_scene-1/Tile Map/23_22_layer_Tile Map_tile_23_22_source_1_atlas_1_0
1495.152,landed,432.526184082031,386.929077148438,-13.3333311080933,0.0,land,surface_wood_impact_1.1166669921875
1495.301,move_right_pressed,432.526184082031,386.929077148438,33.3333320617676,0.0,Move_Right,pressed
1495.567,jump_input_pressed,461.994262695312,386.998321533203,33.3333320617676,0.0,Jump,pressed
1495.567,jump_executed,461.994262695312,386.998321533203,33.3333320617676,-500.0,jump,x_461.994262695312_y_386.998321533203
1495.734,jump_input_released,470.925323486328,319.086273193359,135.0,-294.722106933594,Jump,released
1495.833,jump_peak_reached,479.786437988281,314.294616699219,0.0,41.2037048339844,jump_peak,x_479.786437988281_y_314.294616699219
1496.034,platform_landed,479.786437988281,368.998931884766,0.0,0.0,land_on_platform,platform_scene-1/Tile Map/26_21_layer_Tile Map_tile_26_21_source_1_atlas_1_0
1496.034,landed,479.786437988281,368.998931884766,0.0,0.0,land,surface_wood_impact_0.97129644775391
1496.102,move_right_pressed,479.786437988281,368.998931884766,33.3333320617676,0.0,Move_Right,pressed
1496.335,jump_input_pressed,515.119750976562,368.998931884766,180.0,0.0,Jump,pressed
1496.335,jump_executed,515.119750976562,368.998931884766,180.0,-500.0,jump,x_515.119750976562_y_368.998931884766
1496.486,jump_input_released,542.140563964844,306.288391113281,180.0,-314.999908447266,Jump,released
1496.584,jump_peak_reached,560.140563964844,301.496734619141,180.0,41.2037048339844,jump_peak,x_560.140563964844_y_301.496734619141
1496.784,platform_landed,579.973876953125,353.98779296875,0.0,0.0,land_on_platform,platform_scene-1/Tile Map/32_20_layer_Tile Map_tile_32_20_source_1_atlas_18_3
1496.784,landed,579.973876953125,353.98779296875,0.0,0.0,land,surface_wood_impact_0.97129644775391
1496.785,musicking,579.973876953125,353.98779296875,0.0,0.0,osc_received,"value_[1, ""leaves""]"
1496.809,musicking,579.973876953125,353.98779296875,0.0,0.0,osc_received,"value_[1, ""platform_pan_nav""]"
1496.834,move_right_pressed,579.973876953125,353.98779296875,33.3333320617676,0.0,Move_Right,pressed
1496.867,jump_input_pressed,581.640625,353.944854736328,100.0,0.0,Jump,pressed
1496.867,jump_executed,581.640625,353.944854736328,100.0,-500.0,jump,x_581.640625_y_353.944854736328
1497.084,jump_peak_reached,616.392395019531,277.686706542969,180.0,74.0740737915039,jump_peak,x_616.392395019531_y_277.686706542969
1497.234,platform_landed,645.338989257812,315.952270507812,180.0,0.0,land_on_platform,platform_scene-1/Tile Map/36_18_layer_Tile Map_tile_36_18_source_1_atlas_0_0
1497.234,landed,645.338989257812,315.952270507812,180.0,0.0,land,surface_wood_impact_0.81481488037109
1497.319,musicking,659.622924804688,314.998260498047,180.0,0.0,osc_received,"value_[1, ""chain-jumps-combo-walk""]"
1497.368,jump_input_released,665.622924804688,314.998260498047,180.0,0.0,Jump,released
1497.417,coin_collected,673.249145507812,315.806945800781,96.6666641235352,37.037036895752,collect_coin,coin_coin3_score_16
1497.419,sonification,673.471374511719,317.04150390625,13.3333311080933,74.0740737915039,osc_received,"value_[1, ""coins-with-pitch""]"
1497.517,platform_landed,674.248229980469,332.98291015625,0.0,0.0,land_on_platform,platform_scene-1/Tile Map/37_19_layer_Tile Map_tile_37_19_source_1_atlas_1_0
1497.517,landed,674.248229980469,332.98291015625,0.0,0.0,land,surface_wood_impact_0.59259259033203
1497.967,move_right_pressed,674.248229980469,332.98291015625,33.3333320617676,0.0,Move_Right,pressed
1498.2,jump_input_pressed,695.925231933594,332.933746337891,0.0,0.0,Jump,pressed
1498.2,jump_executed,695.925231933594,332.933746337891,0.0,-500.0,jump,x_695.925231933594_y_332.933746337891
1498.234,move_right_pressed,695.924011230469,316.610595703125,15.0,-458.499969482422,Move_Right,pressed
1498.3,jump_input_released,698.424011230469,288.090209960938,75.0,-376.166595458984,Jump,released
1498.4,jump_peak_reached,699.674011230469,283.298553466797,0.0,41.2037048339844,jump_peak,x_699.674011230469_y_283.298553466797
1498.552,move_right_pressed,699.674011230469,311.701354980469,15.0,374.537078857422,Move_Right,pressed
1498.552,platform_landed,698.988830566406,316.114715576172,15.0,0.0,land_on_platform,platform_scene-1/Tile Map/39_18_layer_Tile Map_tile_39_18_source_1_atlas_0_0
1498.553,landed,698.988830566406,316.114715576172,15.0,0.0,land,surface_wood_impact_0.74907415771484
1499.066,move_left_pressed,715.807312011719,314.995788574219,-33.3333320617676,0.0,Move_Left,pressed
1499.1,jump_input_pressed,714.140686035156,314.995788574219,-100.0,0.0,Jump,pressed
1499.1,jump_executed,714.140686035156,314.995788574219,-100.0,-500.0,jump,x_714.140686035156_y_314.995788574219
1499.451,jump_input_released,655.378601074219,211.212539672852,-180.0,-75.3332214355469,Jump,released
1499.533,jump_peak_reached,647.545288085938,208.406997680664,0.0,45.0371475219727,jump_peak,x_647.545288085938_y_208.406997680664
1499.685,platform_landed,647.545288085938,242.964279174805,0.0,0.0,land_on_platform,platform_scene-1/Tile Map/35_14_layer_Tile Map_tile_35_14_source_1_atlas_2_0
1499.685,landed,647.545288085938,242.964279174805,0.0,0.0,land,surface_wood_impact_0.75674102783203
1499.751,move_left_pressed,647.545288085938,242.964279174805,-33.3333320617676,0.0,Move_Left,pressed
1499.818,jump_input_pressed,641.98974609375,242.964279174805,-166.666656494141,0.0,Jump,pressed
1499.819,jump_executed,641.98974609375,242.964279174805,-166.666656494141,-500.0,jump,x_641.98974609375_y_242.964279174805
1500.166,jump_input_released,603.574768066406,139.209579467773,-180.0,-75.3332214355469,Jump,released
1500.251,jump_peak_reached,588.574768066406,136.404037475586,-180.0,45.0371475219727,jump_peak,x_588.574768066406_y_136.404037475586
1500.4,platform_landed,580.741455078125,170.998275756836,0.0,0.0,land_on_platform,platform_scene-1/Tile Map/32_10_layer_Tile Map_tile_32_10_source_1_atlas_2_0
1500.4,landed,580.741455078125,170.998275756836,0.0,0.0,land,surface_wood_impact_0.75674102783203
1500.434,musicking,580.741455078125,170.998275756836,0.0,0.0,osc_received,"value_[1, ""platform_pan_nav""]"
1500.683,move_left_pressed,580.741455078125,170.998275756836,-33.3333320617676,0.0,Move_Left,pressed
1500.786,jump_input_pressed,569.408142089844,170.933624267578,-180.0,0.0,Jump,pressed
1500.786,jump_executed,569.408142089844,170.933624267578,-180.0,-500.0,jump,x_569.408142089844_y_170.933624267578
1500.933,jump_peak_reached,542.403930664062,115.684646606445,-180.0,74.0740737915039,jump_peak,x_542.403930664062_y_115.684646606445
1501.268,jump_input_released,500.824829101562,257.659973144531,-51.6666679382324,814.81494140625,Jump,released
1501.268,platform_landed,495.90234375,266.443084716797,-51.6666679382324,0.0,land_on_platform,platform_scene-1/Tile Map/28_15_layer_Tile Map_tile_28_15_source_1_atlas_1_0
1501.269,landed,495.90234375,266.443084716797,-51.6666679382324,0.0,land,surface_wood_impact_1.6296298828125
1501.584,platform_landed,495.90234375,368.960418701172,0.0,0.0,land_on_platform,platform_scene-1/Tile Map/27_21_layer_Tile Map_tile_27_21_source_1_atlas_2_0
1501.584,landed,495.90234375,368.960418701172,0.0,0.0,land,surface_wood_impact_1.33333349609375
1502.389,move_left_pressed,495.90234375,368.960418701172,-33.3333320617676,0.0,Move_Left,pressed
1502.453,jump_input_pressed,490.346801757812,368.960418701172,-166.666656494141,0.0,Jump,pressed
1502.453,jump_executed,490.346801757812,368.960418701172,-166.666656494141,-500.0,jump,x_490.346801757812_y_368.960418701172
1502.884,jump_peak_reached,431.155181884766,262.104797363281,-120.0,39.8149261474609,jump_peak,x_431.155181884766_y_262.104797363281
1502.9,platform_landed,426.908782958984,262.954620361328,-135.0,0.0,land_on_platform,platform_scene-1/Tile Map/23_15_layer_Tile Map_tile_23_15_source_1_atlas_14_6
1502.9,landed,426.908782958984,262.954620361328,-135.0,0.0,land,surface_wood_impact_0.15370393371582
1502.9,musicking,426.908782958984,262.954620361328,-135.0,0.0,osc_received,"value_[1, ""water-tube""]"
1503.084,jump_input_released,397.094085693359,263.954620361328,-180.0,0.0,Jump,released
1503.567,move_right_pressed,389.2607421875,263.954620361328,33.3333320617676,0.0,Move_Right,pressed
1503.616,jump_input_pressed,392.594055175781,263.954620361328,133.33332824707,0.0,Jump,pressed
1503.616,jump_executed,392.594055175781,263.954620361328,133.33332824707,-500.0,jump,x_392.594055175781_y_263.954620361328
1503.867,jump_peak_reached,427.524932861328,184.550674438477,0.0,41.6854019165039,jump_peak,x_427.524932861328_y_184.550674438477
1503.886,jump_input_released,427.524932861328,185.24543762207,0.0,78.7224426269531,Jump,released
1504.118,platform_landed,427.524932861328,263.014129638672,0.0,0.0,land_on_platform,platform_scene-1/Tile Map/23_15_layer_Tile Map_tile_23_15_source_1_atlas_14_6
1504.118,landed,427.524932861328,263.014129638672,0.0,0.0,land,surface_wood_impact_1.19448205566406
1504.119,musicking,427.524932861328,263.014129638672,0.0,0.0,osc_received,"value_[1, ""water-tube""]"
1504.286,move_left_pressed,427.524932861328,263.014129638672,-33.3333320617676,0.0,Move_Left,pressed
1505.168,move_left_pressed,393.321350097656,263.951110839844,-33.3333320617676,0.0,Move_Left,pressed
1505.551,move_right_pressed,344.703308105469,262.961791992188,33.3333320617676,0.0,Move_Right,pressed
1505.952,move_left_pressed,402.889343261719,263.952178955078,-33.3333320617676,0.0,Move_Left,pressed
1505.952,jump_input_pressed,402.889343261719,263.952178955078,-33.3333320617676,0.0,Jump,pressed
1505.952,jump_executed,402.889343261719,263.952178955078,-33.3333320617676,-500.0,jump,x_402.889343261719_y_263.952178955078
1506.1,jump_input_released,388.888214111328,201.280639648438,-168.33332824707,-314.999908447266,Jump,released
1506.2,jump_peak_reached,381.249328613281,196.488967895508,0.0,41.2037048339844,jump_peak,x_381.249328613281_y_196.488967895508
1506.442,platform_landed,381.249328613281,263.952239990234,0.0,0.0,land_on_platform,platform_scene-1/Tile Map/21_15_layer_Tile Map_tile_21_15_source_1_atlas_13_6
1506.442,landed,381.249328613281,263.952239990234,0.0,0.0,land,surface_wood_impact_1.11944458007812
1506.443,musicking,381.249328613281,263.952239990234,0.0,0.0,osc_received,"value_[1, ""water-tube""]"
1506.634,move_left_pressed,381.249328613281,263.952239990234,-33.3333320617676,0.0,Move_Left,pressed
1506.683,jump_input_pressed,377.916015625,263.952239990234,-133.33332824707,0.0,Jump,pressed
1506.683,jump_executed,377.916015625,263.952239990234,-133.33332824707,-500.0,jump,x_377.916015625_y_263.952239990234
1506.769,move_right_pressed,364.525360107422,225.718856811523,-96.6666641235352,-396.666595458984,Move_Right,pressed
1506.817,jump_peak_reached,364.265075683594,222.516021728516,0.0,52.6865501403809,jump_peak,x_364.265075683594_y_222.516021728516
1506.852,jump_input_released,364.515075683594,224.889526367188,30.0,126.760627746582,Jump,released
1506.985,platform_landed,365.765075683594,264.005035400391,0.0,0.0,land_on_platform,platform_scene-1/Tile Map/20_15_layer_Tile Map_tile_20_15_source_1_atlas_13_6
1506.985,landed,365.765075683594,264.005035400391,0.0,0.0,land,surface_wood_impact_0.84611395263672
1506.986,musicking,365.765075683594,264.005035400391,0.0,0.0,osc_received,"value_[1, ""water-tube""]"
1507.184,move_right_pressed,365.765075683594,264.005035400391,33.3333320617676,0.0,Move_Right,pressed
1507.234,jump_input_pressed,369.098449707031,263.939544677734,133.33332824707,0.0,Jump,pressed
1507.234,jump_executed,369.098449707031,263.939544677734,133.33332824707,-500.0,jump,x_369.098449707031_y_263.939544677734
1507.368,jump_input_released,390.099853515625,206.878860473633,13.3333311080933,-335.333251953125,Jump,released
1507.467,jump_peak_reached,390.322082519531,202.087188720703,0.0,41.2037048339844,jump_peak,x_390.322082519531_y_202.087188720703
1507.687,move_right_pressed,390.322082519531,259.162811279297,15.0,522.685241699219,Move_Right,pressed
1507.687,platform_landed,390.576385498047,263.946380615234,15.0,0.0,land_on_platform,platform_scene-1/Tile Map/21_15_layer_Tile Map_tile_21_15_source_1_atlas_13_6
1507.687,landed,390.576385498047,263.946380615234,15.0,0.0,land,surface_wood_impact_1.04537048339844
1507.689,musicking,390.576385498047,263.946380615234,15.0,0.0,osc_received,"value_[1, ""water-tube""]"
1508.184,move_left_pressed,416.965057373047,263.918090820312,-33.3333320617676,0.0,Move_Left,pressed
1508.201,jump_input_pressed,416.409484863281,263.918090820312,-66.6666641235352,0.0,Jump,pressed
1508.201,jump_executed,416.409484863281,263.918090820312,-66.6666641235352,-500.0,jump,x_416.409484863281_y_263.918090820312
1508.617,jump_input_released,349.520385742188,157.041748046875,-180.0,2.77788853645325,Jump,released
1508.634,jump_peak_reached,346.520385742188,157.088043212891,-180.0,39.8149261474609,jump_peak,x_346.520385742188_y_157.088043212891
1508.786,move_right_pressed,341.687042236328,185.282501220703,15.0,373.148284912109,Move_Right,pressed
1508.787,platform_landed,341.937042236328,188.933181762695,15.0,0.0,land_on_platform,platform_scene-1/Tile Map/18_11_layer_Tile Map_tile_18_11_source_1_atlas_1_0
1508.787,landed,341.937042236328,188.933181762695,15.0,0.0,land,surface_wood_impact_0.74629656982422
1508.801,musicking,342.742584228516,188.933181762695,48.3333320617676,0.0,osc_received,"value_[1, ""platform_pan_nav""]"
1508.887,jump_input_pressed,351.492584228516,188.933181762695,180.0,0.0,Jump,pressed
1508.888,jump_executed,351.492584228516,188.933181762695,180.0,-500.0,jump,x_351.492584228516_y_188.933181762695
1509.317,jump_peak_reached,429.495147705078,82.0974426269531,180.0,39.8149261474609,jump_peak,x_429.495147705078_y_82.0974426269531
1509.468,jump_input_released,456.495147705078,110.29190826416,180.0,373.148284912109,Jump,released
1509.552,platform_landed,464.328491210938,152.9765625,0.0,0.0,land_on_platform,platform_scene-1/Tile Map/25_9_layer_Tile Map_tile_25_9_source_1_atlas_2_0
1509.552,landed,464.328491210938,152.9765625,0.0,0.0,land,surface_wood_impact_1.1166669921875
1509.653,move_left_pressed,464.328491210938,152.9765625,-33.3333320617676,0.0,Move_Left,pressed
1509.818,jump_input_pressed,440.995178222656,152.9765625,-180.0,0.0,Jump,pressed
1509.818,jump_executed,440.995178222656,152.9765625,-180.0,-500.0,jump,x_440.995178222656_y_152.9765625
1510.251,jump_peak_reached,384.57470703125,46.1479034423828,-180.0,39.8149261474609,jump_peak,x_384.57470703125_y_46.1479034423828
1510.418,platform_landed,351.57470703125,80.9331970214844,-180.0,0.0,land_on_platform,platform_scene-1/Tile Map/19_5_layer_Tile Map_tile_19_5_source_1_atlas_15_0
1510.419,landed,351.57470703125,80.9331970214844,-180.0,0.0,land,surface_wood_impact_0.82037066650391
1510.419,sonification,351.57470703125,80.9331970214844,-180.0,0.0,osc_received,"value_[1, ""mushrooms""]"
1510.534,jump_input_released,333.57470703125,80.9331970214844,-180.0,0.0,Jump,released
1510.603,sonification,325.741363525391,80.9331970214844,0.0,0.0,osc_received,"value_[1, ""mushrooms""]"
1510.851,move_right_pressed,325.741363525391,80.9331970214844,33.3333320617676,0.0,Move_Right,pressed
1510.859,sonification,326.296905517578,80.9331970214844,33.3333320617676,0.0,osc_received,"value_[1, ""mushrooms""]"
1510.968,jump_input_pressed,340.074676513672,80.9331970214844,180.0,0.0,Jump,pressed
1510.968,jump_executed,340.074676513672,80.9331970214844,180.0,-500.0,jump,x_340.074676513672_y_80.9331970214844
1510.969,sonification,343.077239990234,72.5918502807617,180.0,-500.055541992188,osc_received,"value_[1, ""mushrooms""]"
1511.4,jump_peak_reached,418.077239990234,-25.9025592803955,180.0,39.8149261474609,jump_peak,x_418.077239990234_y_-25.9025592803955
1511.467,jump_input_released,430.077239990234,-19.544527053833,180.0,187.963073730469,Jump,released
1511.5,platform_landed,439.077239990234,-9.06634330749512,180.0,0.0,land_on_platform,platform_scene-1/Tile Map/24_0_layer_Tile Map_tile_24_0_source_1_atlas_14_7
1511.5,landed,439.077239990234,-9.06634330749512,180.0,0.0,land,surface_wood_impact_0.52407427978516
1511.508,musicking,439.077239990234,-9.06634330749512,180.0,0.0,osc_received,"value_[1, ""cloud""]"
1511.667,jump_input_pressed,466.077239990234,-9.07474803924561,180.0,0.0,Jump,pressed
1511.667,jump_executed,466.077239990234,-9.07474803924561,180.0,-500.0,jump,x_466.077239990234_y_-9.07474803924561
1511.886,jump_peak_reached,505.078735351562,-82.3132019042969,180.0,74.0740737915039,jump_peak,x_505.078735351562_y_-82.3132019042969
1512.187,jump_input_released,540.925231933594,34.3534698486328,120.0,740.740844726562,Jump,released
1512.234,platform_landed,543.536315917969,80.9511871337891,0.0,0.0,land_on_platform,platform_scene-1/Tile Map/30_5_layer_Tile Map_tile_30_5_source_1_atlas_3_0
1512.234,landed,543.536315917969,80.9511871337891,0.0,0.0,land,surface_wood_impact_1.70370397949219
1512.268,musicking,543.536315917969,80.9511871337891,0.0,0.0,osc_received,"value_[1, ""platform_pan_nav""]"
1512.592,move_right_pressed,543.536315917969,80.9511871337891,33.3333320617676,0.0,Move_Right,pressed
1512.592,jump_input_pressed,543.536315917969,80.9511871337891,33.3333320617676,0.0,Jump,pressed
1512.592,jump_executed,543.536315917969,80.9511871337891,33.3333320617676,-500.0,jump,x_543.536315917969_y_80.9511871337891
1513.018,jump_peak_reached,608.343322753906,-25.9010334014893,180.0,39.8149261474609,jump_peak,x_608.343322753906_y_-25.9010334014893
1513.1,jump_input_released,623.343322753906,-16.4102821350098,96.6666641235352,225.000106811523,Jump,released
1513.251,platform_landed,625.176635742188,44.9780883789062,0.0,0.0,land_on_platform,platform_scene-1/Tile Map/34_3_layer_Tile Map_tile_34_3_source_1_atlas_14_0
1513.251,landed,625.176635742188,44.9780883789062,0.0,0.0,land,surface_wood_impact_1.1166669921875
1513.385,move_right_pressed,625.176635742188,44.9780883789062,33.3333320617676,0.0,Move_Right,pressed
1513.387,sonification,625.732177734375,44.9780883789062,33.3333320617676,0.0,osc_received,"value_[1, ""mushrooms""]"
1513.451,jump_input_pressed,630.732177734375,44.9780883789062,166.666656494141,0.0,Jump,pressed
1513.451,jump_executed,630.732177734375,44.9780883789062,166.666656494141,-500.0,jump,x_630.732177734375_y_44.9780883789062
1513.46,sonification,633.525146484375,36.598316192627,166.666656494141,-500.055541992188,osc_received,"value_[1, ""mushrooms""]"
1513.586,jump_peak_reached,650.310668945312,-1.78586137294769,40.6415100097656,78.8008193969727,jump_peak,x_650.310668945312_y_-1.78586137294769
1513.733,jump_input_released,665.406982421875,32.2564888000488,175.641510009766,412.134185791016,Jump,released
1513.75,platform_landed,671.334350585938,44.9335861206055,180.0,0.0,land_on_platform,platform_scene-1/Tile Map/37_3_layer_Tile Map_tile_37_3_source_1_atlas_13_0
1513.75,landed,671.334350585938,44.9335861206055,180.0,0.0,land,surface_wood_impact_0.89834246826172
1513.751,sonification,671.334350585938,44.9335861206055,180.0,0.0,osc_received,"value_[1, ""mushrooms""]"
1513.875,sonification,685.167663574219,44.9335861206055,0.0,0.0,osc_received,"value_[1, ""mushrooms""]"
1513.985,move_right_pressed,685.167663574219,44.9335861206055,33.3333320617676,0.0,Move_Right,pressed
1513.988,sonification,685.723205566406,44.9252433776855,33.3333320617676,0.0,osc_received,"value_[1, ""mushrooms""]"
1514.502,sonification,767.334289550781,44.9252433776855,0.0,0.0,osc_received,"value_[1, ""mushrooms""]"
1514.55,move_left_pressed,767.334289550781,44.9252433776855,-33.3333320617676,0.0,Move_Left,pressed
1514.559,sonification,766.778747558594,44.9252433776855,-33.3333320617676,0.0,osc_received,"value_[1, ""mushrooms""]"
1514.634,jump_input_pressed,759.0009765625,44.9252433776855,-180.0,0.0,Jump,pressed
1514.634,jump_executed,759.0009765625,44.9252433776855,-180.0,-500.0,jump,x_759.0009765625_y_44.9252433776855
1514.642,sonification,756.000610351562,36.5900230407715,-180.0,-500.055541992188,osc_received,"value_[1, ""mushrooms""]"
1515.051,jump_input_released,684.000610351562,-61.9506759643555,-180.0,2.77788853645325,Jump,released
1515.067,jump_peak_reached,681.000610351562,-61.9043769836426,-180.0,39.8149261474609,jump_peak,x_681.000610351562_y_-61.9043769836426
1515.234,platform_landed,676.167297363281,-27.0234432220459,0.0,0.0,land_on_platform,platform_scene-1/Tile Map/37_-1_layer_Tile Map_tile_37_-1_source_1_atlas_15_7
1515.234,landed,676.167297363281,-27.0234432220459,0.0,0.0,land,surface_wood_impact_0.82037066650391
1515.235,musicking,676.167297363281,-27.0234432220459,0.0,0.0,osc_received,"value_[1, ""cloud""]"
1515.284,move_left_pressed,676.167297363281,-27.0234432220459,-33.3333320617676,0.0,Move_Left,pressed
1515.361,jump_input_pressed,670.611755371094,-27.0234432220459,-166.666656494141,0.0,Jump,pressed
1515.361,jump_executed,670.611755371094,-27.0234432220459,-166.666656494141,-500.0,jump,x_670.611755371094_y_-27.0234432220459
1515.792,jump_peak_reached,592.820251464844,-133.893280029297,-180.0,39.8149261474609,jump_peak,x_592.820251464844_y_-133.893280029297
1515.827,jump_input_released,586.820251464844,-131.948822021484,-180.0,113.889007568359,Jump,released
1516.026,platform_landed,569.986938476562,-63.0141410827637,0.0,0.0,land_on_platform,platform_scene-1/Tile Map/31_-3_layer_Tile Map_tile_31_-3_source_1_atlas_2_0
1516.026,landed,569.986938476562,-63.0141410827637,0.0,0.0,land,surface_wood_impact_1.1166669921875
1516.061,musicking,569.986938476562,-63.0141410827637,0.0,0.0,osc_received,"value_[1, ""platform_pan_nav""]"
1516.142,move_left_pressed,569.986938476562,-63.0141410827637,-33.3333320617676,0.0,Move_Left,pressed
1516.158,jump_input_pressed,569.431396484375,-63.0141410827637,-66.6666641235352,0.0,Jump,pressed
1516.158,jump_executed,569.431396484375,-63.0141410827637,-66.6666641235352,-500.0,jump,x_569.431396484375_y_-63.0141410827637
1516.592,jump_peak_reached,499.53564453125,-169.895751953125,-180.0,39.8149261474609,jump_peak,x_499.53564453125_y_-169.895751953125
1516.642,jump_input_released,490.53564453125,-166.053146362305,-180.0,150.926040649414,Jump,released
1516.793,platform_landed,485.702301025391,-117.030426025391,0.0,0.0,land_on_platform,platform_scene-1/Tile Map/26_-6_layer_Tile Map_tile_26_-6_source_1_atlas_1_0
1516.793,landed,485.702301025391,-117.030426025391,0.0,0.0,land,surface_wood_impact_0.96851885986328
1516.911,move_right_pressed,485.702301025391,-117.030426025391,33.3333320617676,0.0,Move_Right,pressed
1517.034,jump_input_pressed,503.035614013672,-117.070091247559,180.0,0.0,Jump,pressed
1517.035,jump_executed,503.035614013672,-117.070091247559,180.0,-500.0,jump,x_503.035614013672_y_-117.070091247559
1517.467,jump_peak_reached,581.037292480469,-223.903350830078,180.0,39.8149261474609,jump_peak,x_581.037292480469_y_-223.903350830078
1517.668,platform_landed,620.037292480469,-171.066986083984,180.0,0.0,land_on_platform,platform_scene-1/Tile Map/34_-9_layer_Tile Map_tile_34_-9_source_1_atlas_2_0
1517.668,landed,620.037292480469,-171.066986083984,180.0,0.0,land,surface_wood_impact_0.96851885986328
1517.885,jump_input_released,648.87060546875,-171.066986083984,0.0,0.0,Jump,released
1518.05,move_right_pressed,648.87060546875,-171.066986083984,33.3333320617676,0.0,Move_Right,pressed
1518.452,move_left_pressed,668.037231445312,-171.074829101562,-33.3333320617676,0.0,Move_Left,pressed
1518.583,jump_input_pressed,650.703918457031,-171.074829101562,-180.0,0.0,Jump,pressed
1518.583,jump_executed,650.703918457031,-171.074829101562,-180.0,-500.0,jump,x_650.703918457031_y_-171.074829101562
1519.0,jump_input_released,575.70361328125,-277.95068359375,-180.0,2.77788853645325,Jump,released
1519.017,jump_peak_reached,572.70361328125,-277.904388427734,-180.0,39.8149261474609,jump_peak,x_572.70361328125_y_-277.904388427734
1519.135,platform_landed,564.870300292969,-257.979309082031,0.0,0.0,land_on_platform,platform_scene-1/Tile Map/31_-14_layer_Tile Map_tile_31_-14_source_1_atlas_18_3
1519.135,landed,564.870300292969,-257.979309082031,0.0,0.0,land,surface_wood_impact_0.59814837646484
1519.142,musicking,564.870300292969,-257.979309082031,0.0,0.0,osc_received,"value_[1, ""leaves""]"
1520.101,move_right_pressed,564.870300292969,-257.979309082031,33.3333320617676,0.0,Move_Right,pressed
1520.384,move_right_pressed,578.037841796875,-258.09765625,33.3333320617676,0.0,Move_Right,pressed
1520.434,jump_input_pressed,581.371215820312,-258.01171875,133.33332824707,0.0,Jump,pressed
1520.434,jump_executed,581.371215820312,-258.01171875,133.33332824707,-500.0,jump,x_581.371215820312_y_-258.01171875
1520.875,jump_peak_reached,657.775573730469,-364.898406982422,180.0,39.8149261474609,jump_peak,x_657.775573730469_y_-364.898406982422
1520.9,jump_input_released,663.775573730469,-362.953979492188,180.0,113.889007568359,Jump,released
1520.967,platform_landed,671.60888671875,-348.02392578125,0.0,0.0,land_on_platform,platform_scene-1/Tile Map/37_-19_layer_Tile Map_tile_37_-19_source_1_atlas_19_3
1520.967,landed,671.60888671875,-348.02392578125,0.0,0.0,land,surface_wood_impact_0.52407427978516
1520.968,musicking,671.60888671875,-348.02392578125,0.0,0.0,osc_received,"value_[1, ""leaves""]"
1521.517,move_left_pressed,671.60888671875,-348.02392578125,-33.3333320617676,0.0,Move_Left,pressed
1521.553,jump_input_pressed,669.942687988281,-348.077331542969,-100.0,0.0,Jump,pressed
1521.553,jump_executed,669.942687988281,-348.077331542969,-100.0,-500.0,jump,x_669.942687988281_y_-348.077331542969
1521.834,jump_input_released,645.780334472656,-443.433074951172,-121.915916442871,-154.333221435547,Jump,released
1521.934,jump_peak_reached,640.573425292969,-448.224731445312,0.0,41.2037048339844,jump_peak,x_640.573425292969_y_-448.224731445312
1522.068,platform_landed,640.573425292969,-419.975738525391,0.0,0.0,land_on_platform,platform_scene-1/Tile Map/35_-23_layer_Tile Map_tile_35_-23_source_1_atlas_19_3
1522.068,landed,640.573425292969,-419.975738525391,0.0,0.0,land,surface_wood_impact_0.67500006103516
1522.068,musicking,640.573425292969,-419.975738525391,0.0,0.0,osc_received,"value_[1, ""leaves""]"
1522.375,move_left_pressed,640.573425292969,-419.975738525391,-33.3333320617676,0.0,Move_Left,pressed
1522.536,jump_input_pressed,617.241149902344,-420.055816650391,-180.0,0.0,Jump,pressed
1522.536,jump_executed,617.241149902344,-420.055816650391,-180.0,-500.0,jump,x_617.241149902344_y_-420.055816650391
1522.934,jump_input_released,545.232604980469,-526.653564453125,-180.0,-16.6665554046631,Jump,released
1522.968,jump_peak_reached,539.232604980469,-526.861877441406,-180.0,41.2038154602051,jump_peak,x_539.232604980469_y_-526.861877441406
1523.235,platform_landed,488.241912841797,-438.065765380859,-180.0,0.0,land_on_platform,platform_scene-1/Tile Map/27_-24_layer_Tile Map_tile_27_-24_source_1_atlas_13_6
1523.235,landed,488.241912841797,-438.065765380859,-180.0,0.0,land,surface_wood_impact_1.26759301757812
1523.242,musicking,488.241912841797,-438.065765380859,-180.0,0.0,osc_received,"value_[1, ""water-tube""]"
1523.986,jump_input_pressed,356.241973876953,-438.050659179688,-180.0,0.0,Jump,pressed
1523.986,jump_executed,356.241973876953,-438.050659179688,-180.0,-500.0,jump,x_356.241973876953_y_-438.050659179688
1524.1,jump_input_released,335.239288330078,-489.177581787109,-180.0,-355.722137451172,Jump,released
1524.2,jump_peak_reached,317.239288330078,-493.96923828125,-180.0,41.2037048339844,jump_peak,x_317.239288330078_y_-493.96923828125
1524.401,platform_landed,278.240570068359,-438.058197021484,-180.0,0.0,land_on_platform,platform_scene-1/Tile Map/15_-24_layer_Tile Map_tile_15_-24_source_1_atlas_13_6
1524.401,landed,278.240570068359,-438.058197021484,-180.0,0.0,land,surface_wood_impact_0.97129644775391
1524.401,musicking,278.240570068359,-438.058197021484,-180.0,0.0,osc_received,"value_[1, ""water-tube""]"
1524.533,jump_input_pressed,257.240570068359,-438.058197021484,-180.0,0.0,Jump,pressed
1524.533,jump_executed,257.240570068359,-438.058197021484,-180.0,-500.0,jump,x_257.240570068359_y_-438.058197021484
1524.617,jump_input_released,242.236862182617,-476.295349121094,-180.0,-396.666595458984,Jump,released
1524.717,jump_peak_reached,224.236862182617,-481.087005615234,-180.0,41.2037048339844,jump_peak,x_224.236862182617_y_-481.087005615234
1524.901,platform_landed,188.244338989258,-438.058471679688,-180.0,0.0,land_on_platform,platform_scene-1/Tile Map/10_-24_layer_Tile Map_tile_10_-24_source_1_atlas_13_6
1524.901,landed,188.244338989258,-438.058471679688,-180.0,0.0,land,surface_wood_impact_0.89722235107422
1524.902,musicking,188.244338989258,-438.058471679688,-180.0,0.0,osc_received,"value_[1, ""water-tube""]"
1524.953,jump_input_pressed,182.244338989258,-438.058471679688,-180.0,0.0,Jump,pressed
1524.953,jump_executed,182.244338989258,-438.058471679688,-180.0,-500.0,jump,x_182.244338989258_y_-438.058471679688
1525.051,jump_input_released,164.239669799805,-482.914978027344,-180.0,-376.166595458984,Jump,released
1525.153,jump_peak_reached,146.239669799805,-487.706634521484,-180.0,41.2037048339844,jump_peak,x_146.239669799805_y_-487.706634521484
1525.354,platform_landed,107.248649597168,-438.070159912109,-180.0,0.0,land_on_platform,platform_scene-1/Tile Map/6_-24_layer_Tile Map_tile_6_-24_source_1_atlas_13_6
1525.354,landed,107.248649597168,-438.070159912109,-180.0,0.0,land,surface_wood_impact_0.97129644775391
1525.355,musicking,107.248649597168,-438.070159912109,-180.0,0.0,osc_received,"value_[1, ""water-tube""]"
1525.368,jump_input_pressed,107.248649597168,-438.070159912109,-180.0,0.0,Jump,pressed
1525.368,jump_executed,107.248649597168,-438.070159912109,-180.0,-500.0,jump,x_107.248649597168_y_-438.070159912109
1525.453,jump_input_released,92.248649597168,-476.297027587891,-180.0,-396.666595458984,Jump,released
1525.551,jump_peak_reached,74.248649597168,-481.088684082031,-180.0,41.2037048339844,jump_peak,x_74.248649597168_y_-481.088684082031
1525.717,jump_input_pressed,44.248649597168,-446.443603515625,-180.0,411.574127197266,Jump,pressed
1525.734,platform_landed,38.2560768127441,-438.065826416016,-180.0,0.0,land_on_platform,platform_scene-1/Tile Map/2_-24_layer_Tile Map_tile_2_-24_source_1_atlas_13_6
1525.734,landed,38.2560768127441,-438.065826416016,-180.0,0.0,land,surface_wood_impact_0.89722235107422
1525.735,musicking,38.2560768127441,-438.065826416016,-180.0,0.0,osc_received,"value_[1, ""water-tube""]"
1525.751,jump_executed,38.2560768127441,-438.065826416016,-180.0,-500.0,jump,x_38.2560768127441_y_-438.065826416016
1525.817,jump_input_released,26.2534599304199,-469.341613769531,-180.0,-417.22216796875,Jump,released
1525.917,jump_peak_reached,8.25345993041992,-474.133270263672,-180.0,41.2037048339844,jump_peak,x_8.25345993041992_y_-474.133270263672
1525.986,move_right_pressed,0.42012658715248,-467.682647705078,1.66666889190674,189.351852416992,Move_Right,pressed
1526.085,platform_landed,5.87133550643921,-438.060913085938,91.6666717529297,0.0,land_on_platform,platform_scene-1/Tile Map/0_-24_layer_Tile Map_tile_0_-24_source_1_atlas_13_6
1526.085,landed,5.87133550643921,-438.060913085938,91.6666717529297,0.0,land,surface_wood_impact_0.82314825439453
1526.086,musicking,5.87133550643921,-438.060913085938,91.6666717529297,0.0,osc_received,"value_[1, ""water-tube""]"
1526.134,jump_input_pressed,10.5935773849487,-438.060913085938,180.0,0.0,Jump,pressed
1526.134,jump_executed,10.5935773849487,-438.060913085938,180.0,-500.0,jump,x_10.5935773849487_y_-438.060913085938
1526.252,jump_input_released,31.5946769714355,-489.183441162109,180.0,-355.722137451172,Jump,released
1526.352,jump_peak_reached,49.5946769714355,-493.97509765625,180.0,41.2037048339844,jump_peak,x_49.5946769714355_y_-493.97509765625
1526.551,platform_landed,88.5961303710938,-438.047698974609,180.0,0.0,land_on_platform,platform_scene-1/Tile Map/4_-24_layer_Tile Map_tile_4_-24_source_1_atlas_13_6
1526.551,landed,88.5961303710938,-438.047698974609,180.0,0.0,land,surface_wood_impact_0.97129644775391
1526.559,musicking,88.5961303710938,-438.047698974609,180.0,0.0,osc_received,"value_[1, ""water-tube""]"
1526.585,jump_input_pressed,91.5961380004883,-438.047698974609,180.0,0.0,Jump,pressed
1526.585,jump_executed,91.5961380004883,-438.047698974609,180.0,-500.0,jump,x_91.5961380004883_y_-438.047698974609
1526.652,jump_input_released,103.604011535645,-469.338104248047,180.0,-417.22216796875,Jump,released
1526.751,jump_peak_reached,121.604011535645,-474.129760742188,180.0,41.2037048339844,jump_peak,x_121.604011535645_y_-474.129760742188
1526.918,platform_landed,154.610656738281,-438.055114746094,180.0,0.0,land_on_platform,platform_scene-1/Tile Map/8_-24_layer_Tile Map_tile_8_-24_source_1_atlas_13_6
1526.919,landed,154.610656738281,-438.055114746094,180.0,0.0,land,surface_wood_impact_0.82314825439453
1526.919,musicking,154.610656738281,-438.055114746094,180.0,0.0,osc_received,"value_[1, ""water-tube""]"
1527.092,musicking,184.610702514648,-438.055114746094,180.0,0.0,osc_received,"value_[1, ""chain-jumps-combo-walk""]"
1527.168,musicking,199.610717773438,-438.055114746094,180.0,0.0,osc_received,"value_[1, ""chain-jumps-combo-walk""]"
1527.419,musicking,244.610809326172,-438.055114746094,180.0,0.0,osc_received,"value_[1, ""chain-jumps-combo-walk""]"
1527.5,musicking,259.61083984375,-438.055114746094,180.0,0.0,osc_received,"value_[1, ""chain-jumps-combo-walk""]"
1527.609,jump_input_pressed,274.61083984375,-438.055114746094,180.0,0.0,Jump,pressed
1527.609,jump_executed,274.61083984375,-438.055114746094,180.0,-500.0,jump,x_274.61083984375_y_-438.055114746094
1527.701,jump_input_released,292.615600585938,-482.911926269531,180.0,-376.166595458984,Jump,released
1527.8,jump_peak_reached,310.615600585938,-487.703582763672,180.0,41.2037048339844,jump_peak,x_310.615600585938_y_-487.703582763672
1528.001,platform_landed,349.623870849609,-438.060180664062,180.0,0.0,land_on_platform,platform_scene-1/Tile Map/19_-24_layer_Tile Map_tile_19_-24_source_1_atlas_13_6
1528.001,landed,349.623870849609,-438.060180664062,180.0,0.0,land,surface_wood_impact_0.97129644775391
1528.002,musicking,349.623870849609,-438.060180664062,180.0,0.0,osc_received,"value_[1, ""water-tube""]"
1528.334,jump_input_pressed,406.623870849609,-438.060180664062,180.0,0.0,Jump,pressed
1528.334,jump_executed,406.623870849609,-438.060180664062,180.0,-500.0,jump,x_406.623870849609_y_-438.060180664062
1528.433,jump_input_released,424.625152587891,-482.907318115234,180.0,-376.166595458984,Jump,released
1528.534,jump_peak_reached,442.625152587891,-487.698974609375,180.0,41.2037048339844,jump_peak,x_442.625152587891_y_-487.698974609375
1528.734,platform_landed,481.633453369141,-438.052764892578,180.0,0.0,land_on_platform,platform_scene-1/Tile Map/26_-24_layer_Tile Map_tile_26_-24_source_1_atlas_13_6
1528.734,landed,481.633453369141,-438.052764892578,180.0,0.0,land,surface_wood_impact_0.97129644775391
1528.734,musicking,481.633453369141,-438.052764892578,180.0,0.0,osc_received,"value_[1, ""water-tube""]"
1529.054,jump_input_pressed,534.983093261719,-438.979644775391,180.0,0.0,Jump,pressed
1529.054,jump_executed,534.983093261719,-438.979644775391,180.0,-500.0,jump,x_534.983093261719_y_-438.979644775391
1529.286,jump_input_released,577.00390625,-524.625366210938,180.0,-214.166549682617,Jump,released
1529.384,jump_peak_reached,595.00390625,-529.417053222656,96.6666641235352,41.2037048339844,jump_peak,x_595.00390625_y_-529.417053222656
1529.684,move_right_pressed,596.837219238281,-422.611450195312,15.0,707.870483398438,Move_Right,pressed
1529.934,platform_landed,611.698303222656,-171.040740966797,0.0,0.0,land_on_platform,platform_scene-1/Tile Map/33_-9_layer_Tile Map_tile_33_-9_source_1_atlas_1_0
1529.934,landed,611.698303222656,-171.040740966797,0.0,0.0,land,surface_wood_impact_2.5268515625
1529.968,musicking,611.698303222656,-171.040740966797,0.0,0.0,osc_received,"value_[1, ""platform_pan_nav""]"
1529.968,musicking,611.698303222656,-171.040740966797,0.0,0.0,osc_received,"value_[1, ""far-fall""]"
1530.718,move_right_pressed,611.698303222656,-171.040740966797,33.3333320617676,0.0,Move_Right,pressed
1531.451,move_left_pressed,660.864929199219,-171.071441650391,-33.3333320617676,0.0,Move_Left,pressed
1531.551,jump_input_pressed,649.531616210938,-171.071441650391,-180.0,0.0,Jump,pressed
1531.551,jump_executed,649.531616210938,-171.071441650391,-180.0,-500.0,jump,x_649.531616210938_y_-171.071441650391
1531.567,jump_peak_reached,646.530334472656,-179.409225463867,-180.0,-479.222198486328,jump_peak,x_646.530334472656_y_-179.409225463867
1531.967,jump_input_released,574.530334472656,-277.949920654297,-180.0,2.77788853645325,Jump,released
1532.101,platform_landed,563.697021484375,-257.998016357422,0.0,0.0,land_on_platform,platform_scene-1/Tile Map/31_-14_layer_Tile Map_tile_31_-14_source_1_atlas_18_3
1532.101,landed,563.697021484375,-257.998016357422,0.0,0.0,land,surface_wood_impact_0.59814837646484
1532.117,move_right_pressed,563.697021484375,-257.998016357422,33.3333320617676,0.0,Move_Right,pressed
1532.118,musicking,564.252685546875,-258.048919677734,33.3333320617676,0.0,osc_received,"value_[1, ""leaves""]"
1532.236,jump_input_pressed,578.026550292969,-258.091247558594,180.0,0.0,Jump,pressed
1532.236,jump_executed,578.026550292969,-258.091247558594,180.0,-500.0,jump,x_578.026550292969_y_-258.091247558594
1532.668,jump_peak_reached,656.031066894531,-364.932403564453,180.0,39.8149261474609,jump_peak,x_656.031066894531_y_-364.932403564453
1532.668,jump_input_released,656.031066894531,-364.932403564453,180.0,39.8149261474609,Jump,released
1532.768,platform_landed,663.864379882812,-348.006744384766,0.0,0.0,land_on_platform,platform_scene-1/Tile Map/36_-19_layer_Tile Map_tile_36_-19_source_1_atlas_17_3
1532.768,landed,663.864379882812,-348.006744384766,0.0,0.0,land,surface_wood_impact_0.52407427978516
1532.768,musicking,663.864379882812,-348.006744384766,0.0,0.0,osc_received,"value_[1, ""leaves""]"
1532.836,move_right_pressed,663.864379882812,-348.006744384766,33.3333320617676,0.0,Move_Right,pressed
1532.919,jump_input_pressed,672.198486328125,-348.054534912109,180.0,0.0,Jump,pressed
1532.919,jump_executed,672.198486328125,-348.054534912109,180.0,-500.0,jump,x_672.198486328125_y_-348.054534912109
1533.053,move_right_pressed,683.038024902344,-405.127410888672,15.0,-335.333251953125,Move_Right,pressed
1533.186,jump_input_released,690.399108886719,-440.494049072266,0.0,-174.222106933594,Jump,released
1533.284,jump_peak_reached,690.399108886719,-445.285705566406,0.0,41.2037048339844,jump_peak,x_690.399108886719_y_-445.285705566406
1533.317,move_left_pressed,690.399108886719,-443.294952392578,-15.0,115.277786254883,Move_Left,pressed
1533.568,platform_landed,663.086181640625,-348.055786132812,-13.3333311080933,0.0,land_on_platform,platform_scene-1/Tile Map/36_-19_layer_Tile Map_tile_36_-19_source_1_atlas_17_3
1533.568,landed,663.086181640625,-348.055786132812,-13.3333311080933,0.0,land,surface_wood_impact_1.34166687011719
1533.569,musicking,663.086181640625,-348.055786132812,-13.3333311080933,0.0,osc_received,"value_[1, ""leaves""]"
1534.167,move_left_pressed,663.086181640625,-348.055786132812,-33.3333320617676,0.0,Move_Left,pressed
1534.201,jump_input_pressed,661.419555664062,-348.055786132812,-100.0,0.0,Jump,pressed
1534.201,jump_executed,661.419555664062,-348.055786132812,-100.0,-500.0,jump,x_661.419555664062_y_-348.055786132812
1534.318,jump_peak_reached,646.632080078125,-391.349151611328,-88.3519439697266,90.5365982055664,jump_peak,x_646.632080078125_y_-391.349151611328
1534.6,jump_input_released,602.463256835938,-281.746459960938,-13.3333311080933,720.166320800781,Jump,released
1534.717,platform_landed,602.241027832031,-171.086563110352,0.0,0.0,land_on_platform,platform_scene-1/Tile Map/33_-9_layer_Tile Map_tile_33_-9_source_1_atlas_1_0
1534.717,landed,602.241027832031,-171.086563110352,0.0,0.0,land,surface_wood_impact_1.95885131835937
1534.753,musicking,602.241027832031,-171.000625610352,0.0,0.0,osc_received,"value_[1, ""platform_pan_nav""]"
1535.234,move_right_pressed,602.241027832031,-171.000625610352,33.3333320617676,0.0,Move_Right,pressed
1535.7,move_left_pressed,666.407653808594,-171.06623840332,-33.3333320617676,0.0,Move_Left,pressed
1535.785,jump_input_pressed,658.074340820312,-171.06623840332,-180.0,0.0,Jump,pressed
1535.785,jump_executed,658.074340820312,-171.06623840332,-180.0,-500.0,jump,x_658.074340820312_y_-171.06623840332
1535.801,jump_peak_reached,655.071655273438,-179.408020019531,-180.0,-479.222198486328,jump_peak,x_655.071655273438_y_-179.408020019531
1536.268,jump_input_released,571.071655273438,-274.059844970703,-180.0,150.926040649414,Jump,released
1536.334,platform_landed,557.462158203125,-258.053680419922,-96.6666641235352,0.0,land_on_platform,platform_scene-1/Tile Map/30_-14_layer_Tile Map_tile_30_-14_source_1_atlas_17_3
1536.334,landed,557.462158203125,-258.053680419922,-96.6666641235352,0.0,land,surface_wood_impact_0.59814837646484
1536.335,musicking,557.462158203125,-258.053680419922,-96.6666641235352,0.0,osc_received,"value_[1, ""leaves""]"
1536.384,move_right_pressed,557.239929199219,-258.053680419922,33.3333320617676,0.0,Move_Right,pressed
1536.452,jump_input_pressed,562.795349121094,-258.053680419922,166.666656494141,0.0,Jump,pressed
1536.452,jump_executed,562.795349121094,-258.053680419922,166.666656494141,-500.0,jump,x_562.795349121094_y_-258.053680419922
1536.884,jump_peak_reached,640.574951171875,-364.887908935547,180.0,39.8149261474609,jump_peak,x_640.574951171875_y_-364.887908935547
1536.986,platform_landed,661.576599121094,-348.058349609375,180.0,0.0,land_on_platform,platform_scene-1/Tile Map/36_-19_layer_Tile Map_tile_36_-19_source_1_atlas_17_3
1536.986,landed,661.576599121094,-348.058349609375,180.0,0.0,land,surface_wood_impact_0.52407427978516
1536.986,musicking,661.576599121094,-348.058349609375,180.0,0.0,osc_received,"value_[1, ""leaves""]"
1537.035,jump_input_released,667.576599121094,-348.058349609375,180.0,0.0,Jump,released
1537.435,move_left_pressed,672.410583496094,-348.073150634766,-33.3333320617676,0.0,Move_Left,pressed
1537.453,jump_input_pressed,671.855041503906,-348.073150634766,-66.6666641235352,0.0,Jump,pressed
1537.453,jump_executed,671.855041503906,-348.073150634766,-66.6666641235352,-500.0,jump,x_671.855041503906_y_-348.073150634766
1537.819,jump_input_released,633.129760742188,-453.078063964844,-96.6666641235352,-55.722110748291,Jump,released
1537.885,jump_peak_reached,631.296447753906,-454.709533691406,0.0,43.8149261474609,jump_peak,x_631.296447753906_y_-454.709533691406
1538.034,platform_landed,631.296447753906,-420.058959960938,0.0,0.0,land_on_platform,platform_scene-1/Tile Map/35_-23_layer_Tile Map_tile_35_-23_source_1_atlas_19_3
1538.034,landed,631.296447753906,-420.058959960938,0.0,0.0,land,surface_wood_impact_0.75429656982422
1538.042,musicking,631.296447753906,-420.058959960938,0.0,0.0,osc_received,"value_[1, ""leaves""]"
1538.2,move_right_pressed,631.296447753906,-420.058959960938,33.3333320617676,0.0,Move_Right,pressed
1538.219,jump_input_pressed,631.852294921875,-420.102203369141,66.6666641235352,0.0,Jump,pressed
1538.219,jump_executed,631.852294921875,-420.102203369141,66.6666641235352,-500.0,jump,x_631.852294921875_y_-420.102203369141
1538.584,jump_input_released,689.74169921875,-525.106750488281,180.0,-55.722110748291,Jump,released
1538.651,jump_peak_reached,701.74169921875,-526.738220214844,180.0,43.8149261474609,jump_peak,x_701.74169921875_y_-526.738220214844
1538.801,platform_landed,731.74169921875,-495.066986083984,180.0,0.0,land_on_platform,platform_scene-1/Tile Map/40_-27_layer_Tile Map_tile_40_-27_source_1_atlas_3_0
1538.801,landed,731.74169921875,-495.066986083984,180.0,0.0,land,surface_wood_impact_0.75429656982422
1538.819,musicking,734.74169921875,-495.066986083984,180.0,0.0,osc_received,"value_[1, ""platform_pan_nav""]"
1538.901,jump_input_pressed,746.757751464844,-494.16455078125,180.0,74.0740737915039,Jump,pressed
1538.901,jump_executed,746.757751464844,-494.16455078125,180.0,-500.0,jump,x_746.757751464844_y_-494.16455078125
1539.052,jump_peak_reached,773.759155273438,-550.314758300781,180.0,74.0740737915039,jump_peak,x_773.759155273438_y_-550.314758300781
1539.188,jump_input_released,797.759155273438,-523.154296875,180.0,370.370391845703,Jump,released
1539.284,platform_landed,818.736206054688,-475.050048828125,180.0,0.0,land_on_platform,platform_scene-1/Tile Map/45_-26_layer_Tile Map_tile_45_-26_source_1_atlas_14_6
1539.284,landed,818.736206054688,-475.050048828125,180.0,0.0,land,surface_wood_impact_1.18518530273438
1539.292,musicking,818.736206054688,-475.050048828125,180.0,0.0,osc_received,"value_[1, ""water-tube""]"
1539.367,coin_collected,830.763000488281,-474.030517578125,180.0,0.0,collect_coin,coin_coin16_score_18
1539.369,sonification,833.763000488281,-474.030517578125,180.0,0.0,osc_received,"value_[1, ""coins-with-pitch""]"
1539.369,musicking,833.763000488281,-474.030517578125,180.0,0.0,osc_received,"value_[1, ""chain-jumps-combo-walk""]"
1539.567,coin_collected,866.763000488281,-474.030517578125,180.0,0.0,collect_coin,coin_coin17_score_20
1539.568,sonification,869.763000488281,-474.030517578125,180.0,0.0,osc_received,"value_[1, ""coins-with-pitch""]"
1539.767,coin_collected,902.763000488281,-474.030517578125,180.0,0.0,collect_coin,coin_coin18_score_22
1539.775,sonification,905.763000488281,-474.030517578125,180.0,0.0,osc_received,"value_[1, ""coins-with-pitch""]"
1539.834,jump_input_pressed,914.763000488281,-474.030517578125,180.0,0.0,Jump,pressed
1539.834,jump_executed,914.763000488281,-474.030517578125,180.0,-500.0,jump,x_914.763000488281_y_-474.030517578125
1539.951,jump_input_released,935.771118164062,-525.172424316406,180.0,-355.722137451172,Jump,released
1540.051,jump_peak_reached,953.771118164062,-529.964111328125,180.0,41.2037048339844,jump_peak,x_953.771118164062_y_-529.964111328125
1540.252,platform_landed,991.384887695312,-474.070007324219,96.6666641235352,0.0,land_on_platform,platform_scene-1/Tile Map/55_-26_layer_Tile Map_tile_55_-26_source_1_atlas_13_6
1540.253,landed,991.384887695312,-474.070007324219,96.6666641235352,0.0,land,surface_wood_impact_0.97129644775391
1540.259,musicking,991.384887695312,-474.070007324219,96.6666641235352,0.0,osc_received,"value_[1, ""water-tube""]"
1540.421,move_left_pressed,991.607116699219,-474.070007324219,-33.3333320617676,0.0,Move_Left,pressed
1540.484,jump_input_pressed,986.051635742188,-474.048278808594,-166.666656494141,0.0,Jump,pressed
1540.484,jump_executed,986.051635742188,-474.048278808594,-166.666656494141,-500.0,jump,x_986.051635742188_y_-474.048278808594
1540.634,jump_input_released,959.270629882812,-536.710693359375,-180.0,-314.999908447266,Jump,released
1540.734,jump_peak_reached,942.659545898438,-541.502380371094,-13.3333311080933,41.2037048339844,jump_peak,x_942.659545898438_y_-541.502380371094
1540.934,coin_collected,942.437316894531,-492.520904541016,0.0,448.611175537109,collect_coin,coin_coin19_score_24
1540.942,sonification,942.437316894531,-484.4267578125,0.0,485.648223876953,osc_received,"value_[1, ""coins-with-pitch""]"
1540.968,platform_landed,942.437316894531,-474.039093017578,0.0,0.0,land_on_platform,platform_scene-1/Tile Map/52_-26_layer_Tile Map_tile_52_-26_source_1_atlas_13_6
1540.968,landed,942.437316894531,-474.039093017578,0.0,0.0,land,surface_wood_impact_1.11944458007812
1540.969,musicking,942.437316894531,-474.039093017578,0.0,0.0,osc_received,"value_[1, ""water-tube""]"
1541.4,move_left_pressed,942.437316894531,-474.039093017578,-33.3333320617676,0.0,Move_Left,pressed
1542.852,platform_landed,794.793334960938,44.9630470275879,0.0,0.0,land_on_platform,platform_scene-1/Tile Map/44_3_layer_Tile Map_tile_44_3_source_1_atlas_13_0
1542.852,landed,794.793334960938,44.9630470275879,0.0,0.0,land,surface_wood_impact_3.0370361328125
1542.884,musicking,794.793334960938,44.9630470275879,0.0,0.0,osc_received,"value_[1, ""far-fall""]"
1543.818,move_left_pressed,794.793334960938,44.9630470275879,-33.3333320617676,0.0,Move_Left,pressed
1543.819,sonification,794.23779296875,44.9630470275879,-33.3333320617676,0.0,osc_received,"value_[1, ""mushrooms""]"
1544.101,jump_input_pressed,750.460021972656,44.9290580749512,-180.0,0.0,Jump,pressed
1544.101,jump_executed,750.460021972656,44.9290580749512,-180.0,-500.0,jump,x_750.460021972656_y_44.9290580749512
1544.102,sonification,747.458618164062,36.5908966064453,-180.0,-500.055541992188,osc_received,"value_[1, ""mushrooms""]"
1544.117,jump_peak_reached,747.458618164062,36.5908966064453,-180.0,-479.222198486328,jump_peak,x_747.458618164062_y_36.5908966064453
1544.384,jump_input_released,699.458618164062,-50.4164848327637,-180.0,-154.333221435547,Jump,released
1544.619,platform_landed,654.458618164062,-27.0662250518799,-180.0,0.0,land_on_platform,platform_scene-1/Tile Map/36_-1_layer_Tile Map_tile_36_-1_source_1_atlas_13_7
1544.62,landed,654.458618164062,-27.0662250518799,-180.0,0.0,land,surface_wood_impact_0.67500006103516
1544.621,musicking,654.458618164062,-27.0662250518799,-180.0,0.0,osc_received,"value_[1, ""cloud""]"
1544.686,jump_input_pressed,645.453552246094,-26.0369281768799,-180.0,0.0,Jump,pressed
1544.686,jump_executed,645.453552246094,-26.0369281768799,-180.0,-500.0,jump,x_645.453552246094_y_-26.0369281768799
1544.918,jump_input_released,603.431945800781,-111.684814453125,-180.0,-214.166549682617,Jump,released
1545.018,jump_peak_reached,585.431945800781,-116.47647857666,-180.0,41.2037048339844,jump_peak,x_585.431945800781_y_-116.47647857666
1545.219,platform_landed,580.5986328125,-63.0052795410156,0.0,0.0,land_on_platform,platform_scene-1/Tile Map/32_-3_layer_Tile Map_tile_32_-3_source_1_atlas_3_0
1545.219,landed,580.5986328125,-63.0052795410156,0.0,0.0,land,surface_wood_impact_0.97129644775391
1545.252,move_left_pressed,580.5986328125,-63.0052795410156,-33.3333320617676,0.0,Move_Left,pressed
1545.301,jump_input_pressed,577.265319824219,-63.0052795410156,-133.33332824707,0.0,Jump,pressed
1545.301,jump_executed,577.265319824219,-63.0052795410156,-133.33332824707,-500.0,jump,x_577.265319824219_y_-63.0052795410156
1545.667,jump_input_released,512.859802246094,-168.066696166992,-180.0,-55.722110748291,Jump,released
1545.735,jump_peak_reached,500.859802246094,-169.698165893555,-180.0,43.8149261474609,jump_peak,x_500.859802246094_y_-169.698165893555
1545.935,platform_landed,493.026458740234,-117.015640258789,0.0,0.0,land_on_platform,platform_scene-1/Tile Map/27_-6_layer_Tile Map_tile_27_-6_source_1_atlas_2_0
1545.935,landed,493.026458740234,-117.015640258789,0.0,0.0,land,surface_wood_impact_0.97651885986328
1545.951,move_right_pressed,493.026458740234,-117.015640258789,33.3333320617676,0.0,Move_Right,pressed
1545.952,musicking,493.582000732422,-117.015640258789,33.3333320617676,0.0,osc_received,"value_[1, ""platform_pan_nav""]"
1546.026,musicking,501.359771728516,-117.015640258789,166.666656494141,0.0,osc_received,"value_[1, ""chain-jumps-combo-walk""]"
1546.088,jump_input_pressed,510.359771728516,-117.068176269531,180.0,0.0,Jump,pressed
1546.088,jump_executed,510.359771728516,-117.068176269531,180.0,-500.0,jump,x_510.359771728516_y_-117.068176269531
1546.518,jump_peak_reached,588.361938476562,-223.902893066406,180.0,39.8149261474609,jump_peak,x_588.361938476562_y_-223.902893066406
1546.717,platform_landed,627.361938476562,-171.066970825195,180.0,0.0,land_on_platform,platform_scene-1/Tile Map/34_-9_layer_Tile Map_tile_34_-9_source_1_atlas_2_0
1546.717,landed,627.361938476562,-171.066970825195,180.0,0.0,land,surface_wood_impact_0.96851885986328
1546.868,jump_input_released,651.361938476562,-171.066970825195,96.6666641235352,0.0,Jump,released
1547.002,move_right_pressed,653.195251464844,-171.066970825195,33.3333320617676,0.0,Move_Right,pressed
1548.135,move_left_pressed,669.361877441406,-171.066970825195,-33.3333320617676,0.0,Move_Left,pressed
1548.919,platform_landed,557.168029785156,-63.0209884643555,0.0,0.0,land_on_platform,platform_scene-1/Tile Map/30_-3_layer_Tile Map_tile_30_-3_source_1_atlas_1_0
1548.919,landed,557.168029785156,-63.0209884643555,0.0,0.0,land,surface_wood_impact_1.40740759277344
1549.384,move_right_pressed,557.168029785156,-63.0209884643555,33.3333320617676,0.0,Move_Right,pressed
1549.968,platform_landed,657.148620605469,44.9320907592773,96.6666641235352,0.0,land_on_platform,platform_scene-1/Tile Map/36_3_layer_Tile Map_tile_36_3_source_1_atlas_13_0
1549.968,landed,657.148620605469,44.9320907592773,96.6666641235352,0.0,land,surface_wood_impact_1.40740759277344
1549.968,sonification,657.148620605469,44.9320907592773,96.6666641235352,0.0,osc_received,"value_[1, ""mushrooms""]"
1550.008,sonification,657.370849609375,44.9320907592773,0.0,0.0,osc_received,"value_[1, ""mushrooms""]"
1550.201,move_right_pressed,657.370849609375,44.9320907592773,33.3333320617676,0.0,Move_Right,pressed
1550.202,sonification,657.926391601562,44.9320907592773,33.3333320617676,0.0,osc_received,"value_[1, ""mushrooms""]"
1550.684,move_left_pressed,736.315246582031,44.9320907592773,0.0,0.0,Move_Left,pressed
1550.693,sonification,736.315246582031,44.9320907592773,0.0,0.0,osc_received,"value_[1, ""mushrooms""]"
1550.709,sonification,735.759704589844,44.9320907592773,-33.3333320617676,0.0,osc_received,"value_[1, ""mushrooms""]"
1550.8,jump_input_pressed,724.98193359375,44.9320907592773,-180.0,0.0,Jump,pressed
1550.8,jump_executed,724.98193359375,44.9320907592773,-180.0,-500.0,jump,x_724.98193359375_y_44.9320907592773
1550.809,sonification,721.979675292969,36.5915985107422,-180.0,-500.055541992188,osc_received,"value_[1, ""mushrooms""]"
1551.068,jump_input_released,676.979675292969,-47.4963417053223,-180.0,-174.222106933594,Jump,released
1551.167,jump_peak_reached,669.146362304688,-52.2880096435547,0.0,41.2037048339844,jump_peak,x_669.146362304688_y_-52.2880096435547
1551.301,platform_landed,669.146362304688,-27.0053443908691,0.0,0.0,land_on_platform,platform_scene-1/Tile Map/37_-1_layer_Tile Map_tile_37_-1_source_1_atlas_15_7
1551.301,landed,669.146362304688,-27.0053443908691,0.0,0.0,land,surface_wood_impact_0.67500006103516
1551.308,musicking,669.146362304688,-27.0053443908691,0.0,0.0,osc_received,"value_[1, ""cloud""]"
1553.553,jump_input_pressed,669.146362304688,-27.0053443908691,0.0,0.0,Jump,pressed
1553.553,jump_executed,669.146362304688,-27.0053443908691,0.0,-500.0,jump,x_669.146362304688_y_-27.0053443908691
1553.651,jump_input_released,669.146362304688,-71.9103622436523,0.0,-376.166595458984,Jump,released
1553.751,jump_peak_reached,669.146362304688,-76.7020263671875,0.0,41.2037048339844,jump_peak,x_669.146362304688_y_-76.7020263671875
1553.951,platform_landed,669.146362304688,-27.0249500274658,0.0,0.0,land_on_platform,platform_scene-1/Tile Map/37_-1_layer_Tile Map_tile_37_-1_source_1_atlas_15_7
1553.952,landed,669.146362304688,-27.0249500274658,0.0,0.0,land,surface_wood_impact_0.97129644775391
1553.953,musicking,669.146362304688,-27.0249500274658,0.0,0.0,osc_received,"value_[1, ""cloud""]"
1554.268,jump_input_pressed,669.146362304688,-27.0249500274658,0.0,0.0,Jump,pressed
1554.268,jump_executed,669.146362304688,-27.0249500274658,0.0,-500.0,jump,x_669.146362304688_y_-27.0249500274658
1554.385,jump_input_released,669.146362304688,-78.1888275146484,0.0,-355.722137451172,Jump,released
1554.484,jump_peak_reached,669.146362304688,-82.9804916381836,0.0,41.2037048339844,jump_peak,x_669.146362304688_y_-82.9804916381836
1554.685,platform_landed,669.146362304688,-27.0272960662842,0.0,0.0,land_on_platform,platform_scene-1/Tile Map/37_-1_layer_Tile Map_tile_37_-1_source_1_atlas_15_7
1554.686,landed,669.146362304688,-27.0272960662842,0.0,0.0,land,surface_wood_impact_0.97129644775391
1554.688,musicking,669.146362304688,-27.0272960662842,0.0,0.0,osc_received,"value_[1, ""cloud""]"
1555.718,move_left_pressed,669.146362304688,-27.0272960662842,-33.3333320617676,0.0,Move_Left,pressed
1555.752,jump_input_pressed,667.479736328125,-27.0272960662842,-100.0,0.0,Jump,pressed
1555.752,jump_executed,667.479736328125,-27.0272960662842,-100.0,-500.0,jump,x_667.479736328125_y_-27.0272960662842
1556.185,jump_peak_reached,593.720947265625,-133.899551391602,-180.0,39.8149261474609,jump_peak,x_593.720947265625_y_-133.899551391602
1556.234,jump_input_released,584.720947265625,-130.056945800781,-180.0,150.926040649414,Jump,released
1556.419,platform_landed,573.887634277344,-63.0204124450684,0.0,0.0,land_on_platform,platform_scene-1/Tile Map/31_-3_layer_Tile Map_tile_31_-3_source_1_atlas_2_0
1556.419,landed,573.887634277344,-63.0204124450684,0.0,0.0,land,surface_wood_impact_1.1166669921875
1556.52,move_left_pressed,573.887634277344,-63.0204124450684,-33.3333320617676,0.0,Move_Left,pressed
1556.552,jump_input_pressed,572.221008300781,-63.0204124450684,-100.0,0.0,Jump,pressed
1556.553,jump_executed,572.221008300781,-63.0204124450684,-100.0,-500.0,jump,x_572.221008300781_y_-63.0204124450684
1556.977,jump_input_released,516.830322265625,-169.939346313477,-180.0,2.77788853645325,Jump,released
1556.985,jump_peak_reached,513.830322265625,-169.893051147461,-180.0,39.8149261474609,jump_peak,x_513.830322265625_y_-169.893051147461
1557.185,platform_landed,496.996978759766,-117.027709960938,0.0,0.0,land_on_platform,platform_scene-1/Tile Map/27_-6_layer_Tile Map_tile_27_-6_source_1_atlas_2_0
1557.185,landed,496.996978759766,-117.027709960938,0.0,0.0,land,surface_wood_impact_0.96851885986328
1557.221,musicking,496.996978759766,-117.027709960938,0.0,0.0,osc_received,"value_[1, ""platform_pan_nav""]"
1557.367,move_right_pressed,496.996978759766,-117.027709960938,33.3333320617676,0.0,Move_Right,pressed
1557.501,jump_input_pressed,514.330322265625,-117.06974029541,180.0,0.0,Jump,pressed
1557.502,jump_executed,514.330322265625,-117.06974029541,180.0,-500.0,jump,x_514.330322265625_y_-117.06974029541
1557.934,jump_peak_reached,571.425231933594,-223.8984375,180.0,39.8149261474609,jump_peak,x_571.425231933594_y_-223.8984375
1558.134,platform_landed,610.425231933594,-171.066909790039,180.0,0.0,land_on_platform,platform_scene-1/Tile Map/33_-9_layer_Tile Map_tile_33_-9_source_1_atlas_1_0
1558.135,landed,610.425231933594,-171.066909790039,180.0,0.0,land,surface_wood_impact_0.96851885986328
1558.235,jump_input_released,625.425231933594,-171.066909790039,180.0,0.0,Jump,released
1558.601,move_left_pressed,663.258544921875,-171.066909790039,-33.3333320617676,0.0,Move_Left,pressed
1558.651,jump_input_pressed,659.925231933594,-171.066909790039,-133.33332824707,0.0,Jump,pressed
1558.651,jump_executed,659.925231933594,-171.066909790039,-133.33332824707,-500.0,jump,x_659.925231933594_y_-171.066909790039
1559.067,jump_input_released,586.534362792969,-277.949279785156,-180.0,2.77788853645325,Jump,released
1559.084,jump_peak_reached,583.534362792969,-277.902984619141,-180.0,39.8149261474609,jump_peak,x_583.534362792969_y_-277.902984619141
1559.201,platform_landed,559.542053222656,-258.060424804688,-180.0,0.0,land_on_platform,platform_scene-1/Tile Map/31_-14_layer_Tile Map_tile_31_-14_source_1_atlas_18_3
1559.201,landed,559.542053222656,-258.060424804688,-180.0,0.0,land,surface_wood_impact_0.59814837646484
1559.202,musicking,559.542053222656,-258.060424804688,-180.0,0.0,osc_received,"value_[1, ""leaves""]"
1559.651,move_right_pressed,542.698425292969,-257.927612304688,33.3333320617676,0.0,Move_Right,pressed
1559.851,jump_input_pressed,572.020568847656,-258.034210205078,180.0,0.0,Jump,pressed
1559.851,jump_executed,572.020568847656,-258.034210205078,180.0,-500.0,jump,x_572.020568847656_y_-258.034210205078
1560.284,jump_peak_reached,650.020568847656,-364.862884521484,180.0,39.8149261474609,jump_peak,x_650.020568847656_y_-364.862884521484
1560.385,jump_input_released,666.631652832031,-351.622131347656,13.3333311080933,262.037139892578,Jump,released
1560.387,platform_landed,666.832214355469,-348.104278564453,13.3333311080933,0.0,land_on_platform,platform_scene-1/Tile Map/37_-19_layer_Tile Map_tile_37_-19_source_1_atlas_19_3
1560.387,landed,666.832214355469,-348.104278564453,13.3333311080933,0.0,land,surface_wood_impact_0.52407427978516
1560.387,musicking,666.832214355469,-348.104278564453,13.3333311080933,0.0,osc_received,"value_[1, ""leaves""]"
1560.819,jump_input_pressed,666.832214355469,-348.104278564453,0.0,0.0,Jump,pressed
1560.819,jump_executed,666.832214355469,-348.104278564453,0.0,-500.0,jump,x_666.832214355469_y_-348.104278564453
1560.92,move_left_pressed,666.832214355469,-392.955169677734,-15.0,-376.166595458984,Move_Left,pressed
1561.217,jump_input_released,629.332214355469,-454.685668945312,-180.0,-16.6665554046631,Jump,released
1561.252,jump_peak_reached,623.332214355469,-454.893981933594,-96.6666641235352,41.2038154602051,jump_peak,x_623.332214355469_y_-454.893981933594
1561.419,platform_landed,621.498901367188,-420.021148681641,0.0,0.0,land_on_platform,platform_scene-1/Tile Map/34_-23_layer_Tile Map_tile_34_-23_source_1_atlas_17_3
1561.419,landed,621.498901367188,-420.021148681641,0.0,0.0,land,surface_wood_impact_0.8231484375
1561.42,musicking,621.498901367188,-420.021148681641,0.0,0.0,osc_received,"value_[1, ""leaves""]"
1561.543,move_right_pressed,621.498901367188,-420.021148681641,33.3333320617676,0.0,Move_Right,pressed
1561.609,jump_input_pressed,627.054504394531,-420.068725585938,166.666656494141,0.0,Jump,pressed
1561.609,jump_executed,627.054504394531,-420.068725585938,166.666656494141,-500.0,jump,x_627.054504394531_y_-420.068725585938
1562.034,jump_peak_reached,704.832275390625,-526.897399902344,180.0,39.8149261474609,jump_peak,x_704.832275390625_y_-526.897399902344
1562.035,jump_input_released,704.832275390625,-526.897399902344,180.0,39.8149261474609,Jump,released
1562.185,platform_landed,712.665588378906,-495.010345458984,0.0,0.0,land_on_platform,platform_scene-1/Tile Map/39_-27_layer_Tile Map_tile_39_-27_source_1_atlas_2_0
1562.185,landed,712.665588378906,-495.010345458984,0.0,0.0,land,surface_wood_impact_0.74629656982422
1562.353,move_right_pressed,712.665588378906,-495.010345458984,33.3333320617676,0.0,Move_Right,pressed
1562.386,jump_input_pressed,714.332214355469,-495.010345458984,100.0,0.0,Jump,pressed
1562.386,jump_executed,714.332214355469,-495.010345458984,100.0,-500.0,jump,x_714.332214355469_y_-495.010345458984
1562.785,jump_input_released,763.675170898438,-601.639282226562,165.0,-16.6665554046631,Jump,released
1562.817,jump_peak_reached,767.786254882812,-601.847595214844,0.0,41.2038154602051,jump_peak,x_767.786254882812_y_-601.847595214844
1562.919,platform_landed,767.786254882812,-585.020751953125,0.0,0.0,land_on_platform,platform_scene-1/Tile Map/42_-32_layer_Tile Map_tile_42_-32_source_1_atlas_1_0
1562.919,landed,767.786254882812,-585.020751953125,0.0,0.0,land,surface_wood_impact_0.52685205078125
1562.935,musicking,767.786254882812,-585.020751953125,0.0,0.0,osc_received,"value_[1, ""platform_pan_nav""]"
1562.967,move_left_pressed,767.786254882812,-585.020751953125,-33.3333320617676,0.0,Move_Left,pressed
1563.043,jump_input_pressed,762.230712890625,-585.020751953125,-166.666656494141,0.0,Jump,pressed
1563.043,jump_executed,762.230712890625,-585.020751953125,-166.666656494141,-500.0,jump,x_762.230712890625_y_-585.020751953125
1563.386,jump_input_released,699.438537597656,-688.787170410156,-180.0,-75.3332214355469,Jump,released
1563.468,jump_peak_reached,684.438537597656,-691.592651367188,-180.0,45.0371475219727,jump_peak,x_684.438537597656_y_-691.592651367188
1563.752,coin_collected,661.605224609375,-594.881530761719,0.0,637.629821777344,collect_coin,coin_coin15_score_26
1563.753,platform_landed,661.605224609375,-585.064575195312,0.0,0.0,land_on_platform,platform_scene-1/Tile Map/36_-32_layer_Tile Map_tile_36_-32_source_1_atlas_2_0
1563.753,landed,661.605224609375,-585.064575195312,0.0,0.0,land,surface_wood_impact_1.34933374023438
1563.754,sonification,661.605224609375,-585.064575195312,0.0,0.0,osc_received,"value_[1, ""coins-with-pitch""]"
1563.953,move_left_pressed,661.605224609375,-585.064575195312,-33.3333320617676,0.0,Move_Left,pressed
1564.168,jump_input_pressed,638.014099121094,-585.000305175781,-33.3333320617676,0.0,Jump,pressed
1564.168,jump_executed,638.014099121094,-585.000305175781,-33.3333320617676,-500.0,jump,x_638.014099121094_y_-585.000305175781
1564.184,jump_peak_reached,638.073669433594,-593.334533691406,-15.0,-479.222198486328,jump_peak,x_638.073669433594_y_-593.334533691406
1564.634,jump_input_released,576.57470703125,-689.884460449219,-180.0,113.889007568359,Jump,released
1564.901,platform_landed,565.741394042969,-585.014526367188,0.0,0.0,land_on_platform,platform_scene-1/Tile Map/31_-32_layer_Tile Map_tile_31_-32_source_1_atlas_3_0
1564.902,landed,565.741394042969,-585.014526367188,0.0,0.0,land,surface_wood_impact_1.41296337890625
1565.451,move_right_pressed,565.741394042969,-585.014526367188,33.3333320617676,0.0,Move_Right,pressed
1565.509,jump_input_pressed,569.07470703125,-585.014526367188,133.33332824707,0.0,Jump,pressed
1565.509,jump_executed,569.07470703125,-585.014526367188,133.33332824707,-500.0,jump,x_569.07470703125_y_-585.014526367188
1565.919,jump_input_released,642.476928710938,-691.939453125,180.0,2.77788853645325,Jump,released
1565.934,jump_peak_reached,645.476928710938,-691.893127441406,180.0,39.8149261474609,jump_peak,x_645.476928710938_y_-691.893127441406
1566.201,platform_landed,696.476928710938,-603.066772460938,180.0,0.0,land_on_platform,platform_scene-1/Tile Map/38_-33_layer_Tile Map_tile_38_-33_source_1_atlas_0_0
1566.201,landed,696.476928710938,-603.066772460938,180.0,0.0,land,surface_wood_impact_1.26481518554687
1566.342,move_right_pressed,701.310241699219,-603.066772460938,33.3333320617676,0.0,Move_Right,pressed
1566.342,jump_input_pressed,701.310241699219,-603.066772460938,33.3333320617676,0.0,Jump,pressed
1566.342,jump_executed,701.310241699219,-603.066772460938,33.3333320617676,-500.0,jump,x_701.310241699219_y_-603.066772460938
1566.767,jump_peak_reached,766.1162109375,-709.903442382812,180.0,39.8149261474609,jump_peak,x_766.1162109375_y_-709.903442382812
1567.018,jump_input_released,801.542907714844,-636.958312988281,30.0,595.370544433594,Jump,released
1567.085,platform_landed,802.042907714844,-585.043762207031,0.0,0.0,land_on_platform,platform_scene-1/Tile Map/44_-32_layer_Tile Map_tile_44_-32_source_1_atlas_3_0
1567.085,landed,802.042907714844,-585.043762207031,0.0,0.0,land,surface_wood_impact_1.48703747558594
1567.8,jump_input_pressed,802.042907714844,-585.043762207031,0.0,0.0,Jump,pressed
1567.8,jump_executed,802.042907714844,-585.043762207031,0.0,-500.0,jump,x_802.042907714844_y_-585.043762207031
1567.818,jump_peak_reached,802.042907714844,-593.406127929688,0.0,-479.222198486328,jump_peak,x_802.042907714844_y_-593.406127929688
1568.067,move_right_pressed,802.042907714844,-677.494079589844,15.0,-174.222106933594,Move_Right,pressed
1568.167,jump_input_released,807.292907714844,-690.070922851562,105.0,-55.722110748291,Jump,released
1568.385,platform_landed,809.403991699219,-656.830871582031,0.0,0.0,land_on_platform,platform_scene-1/Tile Map/45_-36_layer_Tile Map_tile_45_-36_source_1_atlas_0_0
1568.385,landed,809.403991699219,-656.830871582031,0.0,0.0,land,surface_wood_impact_0.75429656982422
1568.501,move_right_pressed,809.403991699219,-656.830871582031,33.3333320617676,0.0,Move_Right,pressed
1568.943,move_left_pressed,819.099548339844,-657.046875,-33.3333320617676,0.0,Move_Left,pressed
1569.003,jump_input_pressed,813.544006347656,-657.046875,-166.666656494141,0.0,Jump,pressed
1569.003,jump_executed,813.544006347656,-657.046875,-166.666656494141,-500.0,jump,x_813.544006347656_y_-657.046875
1569.352,jump_input_released,750.758605957031,-760.792846679688,-180.0,-75.3332214355469,Jump,released
1569.434,jump_peak_reached,745.92529296875,-763.598327636719,0.0,45.0371475219727,jump_peak,x_745.92529296875_y_-763.598327636719
1569.536,move_right_pressed,745.92529296875,-749.835388183594,15.0,267.259368896484,Move_Right,pressed
1569.536,platform_landed,746.17529296875,-747.066711425781,15.0,0.0,land_on_platform,platform_scene-1/Tile Map/41_-41_layer_Tile Map_tile_41_-41_source_1_atlas_3_0
1569.536,landed,746.17529296875,-747.066711425781,15.0,0.0,land,surface_wood_impact_0.53451873779297
1569.635,jump_input_pressed,755.730834960938,-747.066711425781,180.0,0.0,Jump,pressed
1569.635,jump_executed,755.730834960938,-747.066711425781,180.0,-500.0,jump,x_755.730834960938_y_-747.066711425781
1569.701,jump_peak_reached,767.734680175781,-766.313720703125,180.0,74.0740737915039,jump_peak,x_767.734680175781_y_-766.313720703125
1569.851,jump_input_released,794.734680175781,-732.980407714844,180.0,407.407440185547,Jump,released
1570.076,platform_landed,802.567993164062,-585.015502929688,0.0,0.0,land_on_platform,platform_scene-1/Tile Map/44_-32_layer_Tile Map_tile_44_-32_source_1_atlas_3_0
1570.076,landed,802.567993164062,-585.015502929688,0.0,0.0,land,surface_wood_impact_1.77777807617188
1570.554,move_left_pressed,802.567993164062,-585.015502929688,-33.3333320617676,0.0,Move_Left,pressed
1570.602,jump_input_pressed,799.234680175781,-585.015502929688,-133.33332824707,0.0,Jump,pressed
1570.602,jump_executed,799.234680175781,-585.015502929688,-133.33332824707,-500.0,jump,x_799.234680175781_y_-585.015502929688
1570.618,jump_peak_reached,796.999328613281,-593.39892578125,-148.33332824707,-479.222198486328,jump_peak,x_796.999328613281_y_-593.39892578125
1570.885,jump_input_released,751.221557617188,-680.406311035156,-13.3333311080933,-154.333221435547,Jump,released
1571.152,move_right_pressed,750.999328613281,-650.552917480469,15.0,411.574127197266,Move_Right,pressed
1571.268,platform_landed,759.999328613281,-585.06689453125,120.0,0.0,land_on_platform,platform_scene-1/Tile Map/42_-32_layer_Tile Map_tile_42_-32_source_1_atlas_1_0
1571.268,landed,759.999328613281,-585.06689453125,120.0,0.0,land,surface_wood_impact_1.34166687011719
1571.568,move_right_pressed,760.610412597656,-585.06689453125,33.3333320617676,0.0,Move_Right,pressed
1571.601,jump_input_pressed,762.277038574219,-585.06689453125,100.0,0.0,Jump,pressed
1571.601,jump_executed,762.277038574219,-585.06689453125,100.0,-500.0,jump,x_762.277038574219_y_-585.06689453125
1571.918,jump_input_released,815.028686523438,-685.264282226562,180.0,-114.722114562988,Jump,released
1572.018,jump_peak_reached,819.861999511719,-690.055969238281,0.0,41.2037048339844,jump_peak,x_819.861999511719_y_-690.055969238281
1572.176,platform_landed,819.861999511719,-657.020263671875,0.0,0.0,land_on_platform,platform_scene-1/Tile Map/45_-36_layer_Tile Map_tile_45_-36_source_1_atlas_0_0
1572.176,landed,819.861999511719,-657.020263671875,0.0,0.0,land,surface_wood_impact_0.74907415771484
1572.201,musicking,819.861999511719,-657.020263671875,0.0,0.0,osc_received,"value_[1, ""platform_pan_nav""]"
1572.51,move_left_pressed,819.861999511719,-657.020263671875,-33.3333320617676,0.0,Move_Left,pressed
1572.552,jump_input_pressed,816.528686523438,-657.020263671875,-133.33332824707,0.0,Jump,pressed
1572.552,jump_executed,816.528686523438,-657.020263671875,-133.33332824707,-500.0,jump,x_816.528686523438_y_-657.020263671875
1572.967,jump_input_released,743.127685546875,-763.940551757812,-180.0,2.77788853645325,Jump,released
1572.985,jump_peak_reached,740.127685546875,-763.894226074219,-96.6666641235352,39.8149261474609,jump_peak,x_740.127685546875_y_-763.894226074219
1573.085,platform_landed,738.294372558594,-747.019775390625,0.0,0.0,land_on_platform,platform_scene-1/Tile Map/40_-41_layer_Tile Map_tile_40_-41_source_1_atlas_1_0
1573.085,landed,738.294372558594,-747.019775390625,0.0,0.0,land,surface_wood_impact_0.52407427978516
1573.21,move_right_pressed,738.294372558594,-747.019775390625,33.3333320617676,0.0,Move_Right,pressed
1573.284,jump_input_pressed,746.627685546875,-747.068725585938,180.0,0.0,Jump,pressed
1573.284,jump_executed,746.627685546875,-747.068725585938,180.0,-500.0,jump,x_746.627685546875_y_-747.068725585938
1573.351,jump_peak_reached,754.177673339844,-767.274047851562,17.2649993896484,52.4551467895508,jump_peak,x_754.177673339844_y_-767.274047851562
1573.41,jump_input_released,755.790832519531,-762.799438476562,62.2649993896484,163.566268920898,Jump,released
1573.468,platform_landed,759.802856445312,-746.42578125,0.0,0.0,land_on_platform,platform_scene-1/Tile Map/41_-41_layer_Tile Map_tile_41_-41_source_1_atlas_3_0
1573.468,landed,759.802856445312,-746.42578125,0.0,0.0,land,surface_wood_impact_0.62342883300781
1573.919,move_left_pressed,759.802856445312,-746.42578125,-33.3333320617676,0.0,Move_Left,pressed
1574.377,move_right_pressed,734.826782226562,-747.070739746094,33.3333320617676,0.0,Move_Right,pressed
1574.417,jump_input_pressed,738.160095214844,-747.070739746094,133.33332824707,0.0,Jump,pressed
1574.418,jump_executed,738.160095214844,-747.070739746094,133.33332824707,-500.0,jump,x_738.160095214844_y_-747.070739746094
1574.668,jump_input_released,758.925231933594,-836.246337890625,135.0,-194.166549682617,Jump,released
1574.776,jump_peak_reached,762.036315917969,-841.038024902344,0.0,41.2037048339844,jump_peak,x_762.036315917969_y_-841.038024902344
1574.934,platform_landed,762.036315917969,-801.007080078125,0.0,0.0,land_on_platform,platform_scene-1/Tile Map/42_-44_layer_Tile Map_tile_42_-44_source_1_atlas_1_0
1574.934,landed,762.036315917969,-801.007080078125,0.0,0.0,land,surface_wood_impact_0.82314825439453
1574.968,musicking,762.036315917969,-801.007080078125,0.0,0.0,osc_received,"value_[1, ""platform_pan_nav""]"
1575.018,move_right_pressed,762.036315917969,-801.007080078125,33.3333320617676,0.0,Move_Right,pressed
1575.367,move_right_pressed,775.202941894531,-801.007080078125,33.3333320617676,0.0,Move_Right,pressed
1575.818,move_left_pressed,781.591796875,-801.067138671875,-33.3333320617676,0.0,Move_Left,pressed
1575.852,jump_input_pressed,779.925170898438,-801.067138671875,-100.0,0.0,Jump,pressed
1575.852,jump_executed,779.925170898438,-801.067138671875,-100.0,-500.0,jump,x_779.925170898438_y_-801.067138671875
1576.235,jump_input_released,734.824768066406,-907.023681640625,-150.0,-36.1665573120117,Jump,released
1576.285,jump_peak_reached,728.213684082031,-907.790344238281,0.0,42.5371475219727,jump_peak,x_728.213684082031_y_-907.790344238281
1576.386,platform_landed,728.213684082031,-891.002380371094,0.0,0.0,land_on_platform,platform_scene-1/Tile Map/40_-49_layer_Tile Map_tile_40_-49_source_1_atlas_3_0
1576.386,landed,728.213684082031,-891.002380371094,0.0,0.0,land,surface_wood_impact_0.52951873779297
1576.701,move_right_pressed,728.213684082031,-891.002380371094,33.3333320617676,0.0,Move_Right,pressed
1576.734,jump_input_pressed,729.880310058594,-891.002380371094,100.0,0.0,Jump,pressed
1576.734,jump_executed,729.880310058594,-891.002380371094,100.0,-500.0,jump,x_729.880310058594_y_-891.002380371094
1577.168,jump_peak_reached,803.642761230469,-997.892639160156,180.0,39.8149261474609,jump_peak,x_803.642761230469_y_-997.892639160156
1577.168,jump_input_released,803.642761230469,-997.892639160156,180.0,39.8149261474609,Jump,released
1577.335,platform_landed,808.47607421875,-963.01171875,0.0,0.0,land_on_platform,platform_scene-1/Tile Map/44_-53_layer_Tile Map_tile_44_-53_source_1_atlas_13_7
1577.335,landed,808.47607421875,-963.01171875,0.0,0.0,land,surface_wood_impact_0.82037066650391
1577.336,musicking,808.47607421875,-963.01171875,0.0,0.0,osc_received,"value_[1, ""cloud""]"
1577.353,musicking,808.47607421875,-963.01171875,0.0,0.0,osc_received,"value_[1, ""platform_pan_nav""]"
1578.12,move_right_pressed,808.47607421875,-963.01171875,33.3333320617676,0.0,Move_Right,pressed
1578.255,jump_input_pressed,825.810974121094,-963.069458007812,180.0,0.0,Jump,pressed
1578.255,jump_executed,825.810974121094,-963.069458007812,180.0,-500.0,jump,x_825.810974121094_y_-963.069458007812
1578.686,jump_peak_reached,875.925231933594,-1069.25830078125,15.0,39.8149261474609,jump_peak,x_875.925231933594_y_-1069.25830078125
1579.077,jump_input_released,913.70751953125,-897.822814941406,96.6666641235352,891.666931152344,Jump,released
1579.402,platform_landed,915.540832519531,-474.070495605469,0.0,0.0,land_on_platform,platform_scene-1/Tile Map/50_-26_layer_Tile Map_tile_50_-26_source_1_atlas_13_6
1579.402,landed,915.540832519531,-474.070495605469,0.0,0.0,land,surface_wood_impact_3.26481372070312
1579.402,musicking,915.540832519531,-474.070495605469,0.0,0.0,osc_received,"value_[1, ""water-tube""]"
1579.435,musicking,915.540832519531,-473.984558105469,0.0,0.0,osc_received,"value_[1, ""far-fall""]"
1580.085,move_left_pressed,915.540832519531,-473.984558105469,-33.3333320617676,0.0,Move_Left,pressed
1580.309,jump_input_pressed,883.207641601562,-474.049713134766,-180.0,0.0,Jump,pressed
1580.309,jump_executed,883.207641601562,-474.049713134766,-180.0,-500.0,jump,x_883.207641601562_y_-474.049713134766
1580.318,jump_peak_reached,880.2001953125,-482.404724121094,-180.0,-479.222198486328,jump_peak,x_880.2001953125_y_-482.404724121094
1580.819,jump_input_released,818.074768066406,-571.673156738281,-15.0,225.000106811523,Jump,released
1581.467,platform_landed,790.741455078125,44.9181594848633,0.0,0.0,land_on_platform,platform_scene-1/Tile Map/43_3_layer_Tile Map_tile_43_3_source_1_atlas_13_0
1581.467,landed,790.741455078125,44.9181594848633,0.0,0.0,land,surface_wood_impact_3.3388876953125
1581.501,musicking,790.741455078125,44.9982376098633,0.0,0.0,osc_received,"value_[1, ""platform_pan_nav""]"
1581.501,musicking,790.741455078125,44.9982376098633,0.0,0.0,osc_received,"value_[1, ""far-fall""]"
1582.252,move_left_pressed,790.741455078125,44.9982376098633,-33.3333320617676,0.0,Move_Left,pressed
1582.26,sonification,790.185913085938,44.9982376098633,-33.3333320617676,0.0,osc_received,"value_[1, ""mushrooms""]"
1582.443,jump_input_pressed,764.408142089844,44.9982376098633,-180.0,0.0,Jump,pressed
1582.443,jump_executed,764.408142089844,44.9982376098633,-180.0,-500.0,jump,x_764.408142089844_y_44.9982376098633
1582.443,sonification,761.387573242188,36.6067733764648,-180.0,-500.055541992188,osc_received,"value_[1, ""mushrooms""]"
1582.451,jump_peak_reached,761.387573242188,36.6067733764648,-180.0,-479.222198486328,jump_peak,x_761.387573242188_y_36.6067733764648
1582.951,jump_input_released,671.387573242188,-52.3968772888184,-180.0,225.000106811523,Jump,released
1583.035,platform_landed,654.776489257812,-27.0667743682861,-96.6666641235352,0.0,land_on_platform,platform_scene-1/Tile Map/36_-1_layer_Tile Map_tile_36_-1_source_1_atlas_13_7
1583.035,landed,654.776489257812,-27.0667743682861,-96.6666641235352,0.0,land,surface_wood_impact_0.82037066650391
1583.036,musicking,654.776489257812,-27.0667743682861,-96.6666641235352,0.0,osc_received,"value_[1, ""cloud""]"
1583.135,move_left_pressed,654.554260253906,-27.0667743682861,-33.3333320617676,0.0,Move_Left,pressed
1583.169,jump_input_pressed,652.887634277344,-27.0667743682861,-100.0,0.0,Jump,pressed
1583.169,jump_executed,652.887634277344,-27.0667743682861,-100.0,-500.0,jump,x_652.887634277344_y_-27.0667743682861
1583.568,jump_input_released,585.135986328125,-133.648544311523,-180.0,-16.6665554046631,Jump,released
1583.601,jump_peak_reached,579.135986328125,-133.856872558594,-96.6666641235352,41.2038154602051,jump_peak,x_579.135986328125_y_-133.856872558594
1583.835,platform_landed,577.302673339844,-63.0045967102051,0.0,0.0,land_on_platform,platform_scene-1/Tile Map/32_-3_layer_Tile Map_tile_32_-3_source_1_atlas_3_0
1583.835,landed,577.302673339844,-63.0045967102051,0.0,0.0,land,surface_wood_impact_1.11944482421875
1584.01,move_left_pressed,577.302673339844,-63.0045967102051,-33.3333320617676,0.0,Move_Left,pressed
1584.035,jump_input_pressed,575.634704589844,-63.073127746582,-100.0,0.0,Jump,pressed
1584.035,jump_executed,575.634704589844,-63.073127746582,-100.0,-500.0,jump,x_575.634704589844_y_-63.073127746582
1584.386,jump_input_released,516.884094238281,-166.798690795898,-180.0,-75.3332214355469,Jump,released
1584.476,jump_peak_reached,503.272979736328,-169.604232788086,-13.3333311080933,45.0371475219727,jump_peak,x_503.272979736328_y_-169.604232788086
1584.668,platform_landed,503.050750732422,-117.019859313965,0.0,0.0,land_on_platform,platform_scene-1/Tile Map/27_-6_layer_Tile Map_tile_27_-6_source_1_atlas_2_0
1584.668,landed,503.050750732422,-117.019859313965,0.0,0.0,land,surface_wood_impact_0.97896331787109
1584.751,move_right_pressed,503.050750732422,-117.019859313965,33.3333320617676,0.0,Move_Right,pressed
1584.851,jump_input_pressed,514.384094238281,-117.068725585938,180.0,0.0,Jump,pressed
1584.852,jump_executed,514.384094238281,-117.068725585938,180.0,-500.0,jump,x_514.384094238281_y_-117.068725585938
1585.284,jump_peak_reached,571.425231933594,-223.897430419922,180.0,39.8149261474609,jump_peak,x_571.425231933594_y_-223.897430419922
1585.485,platform_landed,610.425231933594,-171.066879272461,180.0,0.0,land_on_platform,platform_scene-1/Tile Map/33_-9_layer_Tile Map_tile_33_-9_source_1_atlas_1_0
1585.485,landed,610.425231933594,-171.066879272461,180.0,0.0,land,surface_wood_impact_0.96851885986328
1585.668,jump_input_released,640.425231933594,-171.066879272461,180.0,0.0,Jump,released
1585.835,move_right_pressed,654.258544921875,-171.066879272461,33.3333320617676,0.0,Move_Right,pressed
1586.186,move_left_pressed,660.647399902344,-171.066879272461,-33.3333320617676,0.0,Move_Left,pressed
1586.286,jump_input_pressed,649.314086914062,-171.066879272461,-180.0,0.0,Jump,pressed
1586.286,jump_executed,649.314086914062,-171.066879272461,-180.0,-500.0,jump,x_649.314086914062_y_-171.066879272461
1586.719,jump_peak_reached,571.3115234375,-277.902648925781,-180.0,39.8149261474609,jump_peak,x_571.3115234375_y_-277.902648925781
1586.719,jump_input_released,571.3115234375,-277.902648925781,-180.0,39.8149261474609,Jump,released
1586.835,platform_landed,566.478210449219,-257.977569580078,0.0,0.0,land_on_platform,platform_scene-1/Tile Map/31_-14_layer_Tile Map_tile_31_-14_source_1_atlas_18_3
1586.835,landed,566.478210449219,-257.977569580078,0.0,0.0,land,surface_wood_impact_0.59814837646484
1586.836,musicking,566.478210449219,-257.977569580078,0.0,0.0,osc_received,"value_[1, ""leaves""]"
1587.068,move_right_pressed,566.478210449219,-257.977569580078,33.3333320617676,0.0,Move_Right,pressed
1587.234,jump_input_pressed,589.808044433594,-257.991394042969,180.0,0.0,Jump,pressed
1587.234,jump_executed,589.808044433594,-257.991394042969,180.0,-500.0,jump,x_589.808044433594_y_-257.991394042969
1587.62,jump_input_released,658.81640625,-363.963592529297,180.0,-36.1665573120117,Jump,released
1587.668,jump_peak_reached,666.427490234375,-364.730255126953,13.3333311080933,42.5371475219727,jump_peak,x_666.427490234375_y_-364.730255126953
1587.768,platform_landed,666.649719238281,-348.045684814453,0.0,0.0,land_on_platform,platform_scene-1/Tile Map/37_-19_layer_Tile Map_tile_37_-19_source_1_atlas_19_3
1587.768,landed,666.649719238281,-348.045684814453,0.0,0.0,land,surface_wood_impact_0.52951873779297
1587.769,musicking,666.649719238281,-348.045684814453,0.0,0.0,osc_received,"value_[1, ""leaves""]"
1587.869,move_left_pressed,666.649719238281,-348.045684814453,-33.3333320617676,0.0,Move_Left,pressed
1587.968,jump_input_pressed,655.314025878906,-348.058502197266,-180.0,0.0,Jump,pressed
1587.968,jump_executed,655.314025878906,-348.058502197266,-180.0,-500.0,jump,x_655.314025878906_y_-348.058502197266
1588.085,jump_peak_reached,634.306518554688,-391.383026123047,-180.0,74.0740737915039,jump_peak,x_634.306518554688_y_-391.383026123047
1588.411,platform_landed,573.439575195312,-258.020080566406,-180.0,0.0,land_on_platform,platform_scene-1/Tile Map/31_-14_layer_Tile Map_tile_31_-14_source_1_atlas_18_3
1588.411,landed,573.439575195312,-258.020080566406,-180.0,0.0,land,surface_wood_impact_1.55555578613281
1588.411,musicking,573.439575195312,-258.020080566406,-180.0,0.0,osc_received,"value_[1, ""leaves""]"
1588.452,jump_input_released,567.439575195312,-258.020080566406,-96.6666641235352,0.0,Jump,released
1588.953,move_right_pressed,565.606323242188,-258.04833984375,33.3333320617676,0.0,Move_Right,pressed
1589.018,jump_input_pressed,571.161987304688,-258.027496337891,166.666656494141,0.0,Jump,pressed
1589.019,jump_executed,571.161987304688,-258.027496337891,166.666656494141,-500.0,jump,x_571.161987304688_y_-258.027496337891
1589.452,jump_peak_reached,632.775390625,-364.863098144531,0.0,39.8149261474609,jump_peak,x_632.775390625_y_-364.863098144531
1589.468,jump_input_released,632.775390625,-364.199523925781,0.0,76.8519668579102,Jump,released
1589.852,platform_landed,632.775390625,-171.008911132812,0.0,0.0,land_on_platform,platform_scene-1/Tile Map/35_-9_layer_Tile Map_tile_35_-9_source_1_atlas_2_0
1589.852,landed,632.775390625,-171.008911132812,0.0,0.0,land,surface_wood_impact_1.85740795898438
1590.31,move_left_pressed,632.775390625,-171.008911132812,-33.3333320617676,0.0,Move_Left,pressed
1590.353,jump_input_pressed,629.442077636719,-171.067306518555,-133.33332824707,0.0,Jump,pressed
1590.353,jump_executed,629.442077636719,-171.067306518555,-133.33332824707,-500.0,jump,x_629.442077636719_y_-171.067306518555
1590.668,jump_input_released,593.606567382812,-271.265167236328,-106.547515869141,-114.722114562988,Jump,released
1590.776,jump_peak_reached,589.168029785156,-276.056823730469,0.0,41.2037048339844,jump_peak,x_589.168029785156_y_-276.056823730469
1590.885,platform_landed,589.168029785156,-257.973754882812,0.0,0.0,land_on_platform,platform_scene-1/Tile Map/32_-14_layer_Tile Map_tile_32_-14_source_1_atlas_19_3
1590.885,landed,589.168029785156,-257.973754882812,0.0,0.0,land,surface_wood_impact_0.60092596435547
1590.887,musicking,589.168029785156,-257.973754882812,0.0,0.0,osc_received,"value_[1, ""leaves""]"
1591.085,move_left_pressed,589.168029785156,-257.973754882812,-33.3333320617676,0.0,Move_Left,pressed
1591.61,move_left_pressed,575.995178222656,-257.995758056641,-33.3333320617676,0.0,Move_Left,pressed
1591.619,jump_input_pressed,575.434265136719,-257.995758056641,-66.6666641235352,0.0,Jump,pressed
1591.619,jump_executed,575.434265136719,-257.995758056641,-66.6666641235352,-500.0,jump,x_575.434265136719_y_-257.995758056641
1591.784,jump_peak_reached,553.547668457031,-319.418304443359,-180.0,76.0194473266602,jump_peak,x_553.547668457031_y_-319.418304443359
1592.019,jump_input_released,511.547668457031,-245.507568359375,-96.6666641235352,594.538024902344,Jump,released
1592.184,platform_landed,509.714324951172,-117.069633483887,0.0,0.0,land_on_platform,platform_scene-1/Tile Map/28_-6_layer_Tile Map_tile_28_-6_source_1_atlas_3_0
1592.185,landed,509.714324951172,-117.069633483887,0.0,0.0,land,surface_wood_impact_1.92981701660156
1592.203,musicking,509.714324951172,-117.069633483887,0.0,0.0,osc_received,"value_[1, ""platform_pan_nav""]"
1592.835,move_right_pressed,509.714324951172,-117.069633483887,33.3333320617676,0.0,Move_Right,pressed
1592.885,jump_input_pressed,513.047668457031,-117.069633483887,133.33332824707,0.0,Jump,pressed
1592.885,jump_executed,513.047668457031,-117.069633483887,133.33332824707,-500.0,jump,x_513.047668457031_y_-117.069633483887
1593.319,jump_peak_reached,571.425170898438,-223.903503417969,180.0,39.8149261474609,jump_peak,x_571.425170898438_y_-223.903503417969
1593.518,platform_landed,610.425170898438,-171.066986083984,180.0,0.0,land_on_platform,platform_scene-1/Tile Map/33_-9_layer_Tile Map_tile_33_-9_source_1_atlas_1_0
1593.518,landed,610.425170898438,-171.066986083984,180.0,0.0,land,surface_wood_impact_0.96851885986328
1593.636,jump_input_released,628.425170898438,-171.066986083984,180.0,0.0,Jump,released
1594.143,move_left_pressed,657.258483886719,-171.066986083984,-33.3333320617676,0.0,Move_Left,pressed
1594.235,jump_input_pressed,645.925170898438,-171.066986083984,-180.0,0.0,Jump,pressed
1594.235,jump_executed,645.925170898438,-171.066986083984,-180.0,-500.0,jump,x_645.925170898438_y_-171.066986083984
1594.619,jump_input_released,576.922668457031,-277.02294921875,-180.0,-36.1665573120117,Jump,released
1594.676,jump_peak_reached,572.08935546875,-277.789611816406,0.0,42.5371475219727,jump_peak,x_572.08935546875_y_-277.789611816406
1594.785,platform_landed,572.08935546875,-257.958099365234,0.0,0.0,land_on_platform,platform_scene-1/Tile Map/31_-14_layer_Tile Map_tile_31_-14_source_1_atlas_18_3
1594.785,landed,572.08935546875,-257.958099365234,0.0,0.0,land,surface_wood_impact_0.60359283447266
1594.793,musicking,572.08935546875,-257.958099365234,0.0,0.0,osc_received,"value_[1, ""leaves""]"
1595.118,time_limit_reached,572.08935546875,-257.958099365234,0.0,0.0,time_limit,three_minutes
1595.118,scene_transition,572.08935546875,-257.958099365234,0.0,0.0,switch,from_res://Scenes/Main/scene-1.tscn_to_res://Scenes/Main/menu.tscn
1595.118,session_end,572.08935546875,-257.958099365234,0.0,0.0,,
