timestamp_seconds,event,x,y,velocity_x,velocity_y,action,info
1099.6,session_start,392.0,624.0,0.0,0.0,,
1099.643,jump_peak_reached,392.0,624.0,0.0,37.037036895752,jump_peak,x_392.0_y_624.0
1099.697,platform_landed,392.0,638.988403320312,0.0,0.0,land_on_platform,platform_scene-1/Tile Map/21_36_layer_Tile Map_tile_21_36_source_1_atlas_2_0
1099.697,landed,392.0,638.988403320312,0.0,0.0,land,surface_wood_impact_0.51851849365234
1099.705,sonification,392.0,638.988403320312,0.0,0.0,osc_received,"value_[1, ""leadr-mel""]"
1099.73,musicking,392.0,638.988403320312,0.0,0.0,osc_received,"value_[1, ""far-fall""]"
1104.68,move_left_pressed,392.0,638.988403320312,-33.3333320617676,0.0,Move_Left,pressed
1105.88,jump_input_pressed,207.833343505859,638.988403320312,0.0,0.0,Jump,pressed
1105.88,jump_executed,207.833343505859,638.988403320312,0.0,-500.0,jump,x_207.833343505859_y_638.988403320312
1106.014,jump_input_released,207.833343505859,581.876892089844,0.0,-335.333251953125,Jump,released
1106.114,jump_peak_reached,207.833343505859,577.085205078125,0.0,41.2037048339844,jump_peak,x_207.833343505859_y_577.085205078125
1106.181,move_left_pressed,207.833343505859,583.535827636719,-15.0,189.351852416992,Move_Left,pressed
1106.33,platform_landed,194.083343505859,638.932983398438,-150.0,0.0,land_on_platform,platform_scene-1/Tile Map/10_36_layer_Tile Map_tile_10_36_source_1_atlas_2_0
1106.33,landed,194.083343505859,638.932983398438,-150.0,0.0,land,surface_wood_impact_1.04537048339844
1106.338,sonification,194.083343505859,638.932983398438,-150.0,0.0,osc_received,"value_[1, ""leadr-mel""]"
1106.497,jump_input_pressed,174.25,638.932983398438,0.0,0.0,Jump,pressed
1106.497,jump_executed,174.25,638.932983398438,0.0,-500.0,jump,x_174.25_y_638.932983398438
1106.597,jump_input_released,174.25,594.081726074219,0.0,-376.166595458984,Jump,released
1106.697,jump_peak_reached,174.25,589.2900390625,0.0,41.2037048339844,jump_peak,x_174.25_y_589.2900390625
1106.782,move_right_pressed,174.25,598.896545410156,15.0,226.388885498047,Move_Right,pressed
1106.899,platform_landed,183.252853393555,638.929077148438,120.0,0.0,land_on_platform,platform_scene-1/Tile Map/10_36_layer_Tile Map_tile_10_36_source_1_atlas_2_0
1106.899,landed,183.252853393555,638.929077148438,120.0,0.0,land,surface_wood_impact_0.97129644775391
1106.899,sonification,183.252853393555,638.929077148438,120.0,0.0,osc_received,"value_[1, ""leadr-mel""]"
1107.222,move_right_pressed,199.641754150391,638.929077148438,33.3333320617676,0.0,Move_Right,pressed
1107.472,move_left_pressed,218.808441162109,638.929077148438,-33.3333320617676,0.0,Move_Left,pressed
1107.573,jump_input_pressed,207.47509765625,638.924682617188,-180.0,0.0,Jump,pressed
1107.573,jump_executed,207.47509765625,638.924682617188,-180.0,-500.0,jump,x_207.47509765625_y_638.924682617188
1107.839,jump_input_released,159.474899291992,546.501953125,-180.0,-174.222106933594,Jump,released
1107.947,jump_peak_reached,154.641555786133,541.710266113281,0.0,41.2037048339844,jump_peak,x_154.641555786133_y_541.710266113281
1108.223,platform_landed,154.641555786133,638.951293945312,0.0,0.0,land_on_platform,platform_scene-1/Tile Map/8_36_layer_Tile Map_tile_8_36_source_1_atlas_2_0
1108.223,landed,154.641555786133,638.951293945312,0.0,0.0,land,surface_wood_impact_1.34166687011719
1108.225,sonification,154.641555786133,638.951293945312,0.0,0.0,osc_received,"value_[1, ""leadr-mel""]"
1108.556,move_left_pressed,154.641555786133,638.951293945312,-33.3333320617676,0.0,Move_Left,pressed
1110.372,move_right_pressed,111.474876403809,638.951293945312,33.3333320617676,0.0,Move_Right,pressed
1110.872,move_left_pressed,181.641555786133,638.927490234375,-33.3333320617676,0.0,Move_Left,pressed
1110.872,jump_input_pressed,181.641555786133,638.927490234375,-33.3333320617676,0.0,Jump,pressed
1110.872,jump_executed,181.641555786133,638.927490234375,-33.3333320617676,-500.0,jump,x_181.641555786133_y_638.927490234375
1111.156,jump_input_released,143.835784912109,543.582824707031,-180.0,-154.333221435547,Jump,released
1111.255,jump_peak_reached,130.00244140625,538.791137695312,0.0,41.2037048339844,jump_peak,x_130.00244140625_y_538.791137695312
1111.389,platform_landed,130.00244140625,566.990661621094,0.0,0.0,land_on_platform,platform_scene-1/Tile Map/7_32_layer_Tile Map_tile_7_32_source_1_atlas_0_0
1111.389,landed,130.00244140625,566.990661621094,0.0,0.0,land,surface_wood_impact_0.67500006103516
1111.39,sonification,130.00244140625,566.990661621094,0.0,0.0,osc_received,"value_[1, ""leadr-mel""]"
1111.655,move_right_pressed,130.00244140625,566.990661621094,33.3333320617676,0.0,Move_Right,pressed
1111.747,jump_input_pressed,138.335784912109,566.990661621094,180.0,0.0,Jump,pressed
1111.747,jump_executed,138.335784912109,566.990661621094,180.0,-500.0,jump,x_138.335784912109_y_566.990661621094
1112.172,jump_peak_reached,216.354278564453,460.110687255859,180.0,39.8149261474609,jump_peak,x_216.354278564453_y_460.110687255859
1112.389,jump_input_released,255.354278564453,516.885437011719,180.0,521.296447753906,Jump,released
1112.556,platform_landed,263.187622070312,638.976501464844,0.0,0.0,land_on_platform,platform_scene-1/Tile Map/14_36_layer_Tile Map_tile_14_36_source_1_atlas_2_0
1112.556,landed,263.187622070312,638.976501464844,0.0,0.0,land,surface_wood_impact_1.78333386230469
1112.557,sonification,263.187622070312,638.976501464844,0.0,0.0,osc_received,"value_[1, ""leadr-mel""]"
1112.955,move_right_pressed,263.187622070312,638.976501464844,33.3333320617676,0.0,Move_Right,pressed
1112.972,jump_input_pressed,263.7431640625,638.976501464844,66.6666641235352,0.0,Jump,pressed
1112.972,jump_executed,263.7431640625,638.976501464844,66.6666641235352,-500.0,jump,x_263.7431640625_y_638.976501464844
1113.356,jump_input_released,324.638061523438,532.982543945312,180.0,-36.1665573120117,Jump,released
1113.416,jump_peak_reached,333.638061523438,532.215881347656,96.6666641235352,42.5371475219727,jump_peak,x_333.638061523438_y_532.215881347656
1113.506,platform_landed,335.471405029297,549.994934082031,0.0,0.0,land_on_platform,platform_scene-1/Tile Map/18_31_layer_Tile Map_tile_18_31_source_1_atlas_18_0
1113.507,landed,335.471405029297,549.994934082031,0.0,0.0,land,surface_wood_impact_0.52951873779297
1113.508,sonification,335.471405029297,549.994934082031,0.0,0.0,osc_received,"value_[1, ""leadr-mel""]"
1113.508,musicking,335.471405029297,549.994934082031,0.0,0.0,osc_received,"value_[1, ""leaves""]"
1115.047,move_right_pressed,335.471405029297,549.994934082031,33.3333320617676,0.0,Move_Right,pressed
1115.106,jump_input_pressed,341.026947021484,549.994934082031,166.666656494141,0.0,Jump,pressed
1115.106,jump_executed,341.026947021484,549.994934082031,166.666656494141,-500.0,jump,x_341.026947021484_y_549.994934082031
1115.257,jump_peak_reached,367.824676513672,493.685180664062,180.0,74.0740737915039,jump_peak,x_367.824676513672_y_493.685180664062
1115.257,jump_input_released,367.824676513672,493.685180664062,180.0,74.0740737915039,Jump,released
1115.505,platform_landed,402.658020019531,584.950378417969,0.0,0.0,land_on_platform,platform_scene-1/Tile Map/22_33_layer_Tile Map_tile_22_33_source_1_atlas_1_0
1115.505,landed,402.658020019531,584.950378417969,0.0,0.0,land,surface_wood_impact_1.25925939941406
1115.514,sonification,402.658020019531,584.950378417969,0.0,0.0,osc_received,"value_[1, ""leadr-mel""]"
1115.539,musicking,402.658020019531,584.950378417969,0.0,0.0,osc_received,"value_[1, ""platform_pan_nav""]"
1116.422,move_left_pressed,402.658020019531,584.950378417969,-33.3333320617676,0.0,Move_Left,pressed
1116.422,jump_input_pressed,402.658020019531,584.950378417969,-33.3333320617676,0.0,Jump,pressed
1116.422,jump_executed,402.658020019531,584.950378417969,-33.3333320617676,-500.0,jump,x_402.658020019531_y_584.950378417969
1116.705,jump_peak_reached,364.849670410156,493.685455322266,-180.0,74.0740737915039,jump_peak,x_364.849670410156_y_493.685455322266
1116.857,jump_input_released,337.849670410156,527.018798828125,-180.0,407.407440185547,Jump,released
1116.915,platform_landed,325.849670410156,549.933471679688,-180.0,0.0,land_on_platform,platform_scene-1/Tile Map/18_31_layer_Tile Map_tile_18_31_source_1_atlas_18_0
1116.916,landed,325.849670410156,549.933471679688,-180.0,0.0,land,surface_wood_impact_1.037037109375
1116.916,sonification,325.849670410156,549.933471679688,-180.0,0.0,osc_received,"value_[1, ""leadr-mel""]"
1116.917,musicking,325.849670410156,549.933471679688,-180.0,0.0,osc_received,"value_[1, ""leaves""]"
1117.364,jump_input_pressed,324.016326904297,549.933471679688,0.0,0.0,Jump,pressed
1117.364,jump_executed,324.016326904297,549.933471679688,0.0,-500.0,jump,x_324.016326904297_y_549.933471679688
1117.789,jump_peak_reached,324.016326904297,443.096527099609,0.0,39.8149261474609,jump_peak,x_324.016326904297_y_443.096527099609
1117.922,jump_input_released,324.016326904297,465.689117431641,0.0,336.111236572266,Jump,released
1118.089,platform_landed,324.016326904297,549.979858398438,0.0,0.0,land_on_platform,platform_scene-1/Tile Map/17_31_layer_Tile Map_tile_17_31_source_1_atlas_17_0
1118.089,landed,324.016326904297,549.979858398438,0.0,0.0,land,surface_wood_impact_1.41296337890625
1118.09,sonification,324.016326904297,549.979858398438,0.0,0.0,osc_received,"value_[1, ""leadr-mel""]"
1118.091,musicking,324.016326904297,549.979858398438,0.0,0.0,osc_received,"value_[1, ""leaves""]"
1118.239,move_right_pressed,324.016326904297,549.979858398438,33.3333320617676,0.0,Move_Right,pressed
1118.473,jump_input_pressed,359.349670410156,549.93115234375,180.0,0.0,Jump,pressed
1118.473,jump_executed,359.349670410156,549.93115234375,180.0,-500.0,jump,x_359.349670410156_y_549.93115234375
1118.622,jump_peak_reached,386.352996826172,493.685638427734,180.0,74.0740737915039,jump_peak,x_386.352996826172_y_493.685638427734
1118.823,jump_input_released,422.352996826172,549.2412109375,180.0,518.5185546875,Jump,released
1118.872,platform_landed,430.186340332031,584.933532714844,13.3333311080933,0.0,land_on_platform,platform_scene-1/Tile Map/23_33_layer_Tile Map_tile_23_33_source_1_atlas_3_0
1118.872,landed,430.186340332031,584.933532714844,13.3333311080933,0.0,land,surface_wood_impact_1.25925939941406
1118.873,sonification,430.186340332031,584.933532714844,13.3333311080933,0.0,osc_received,"value_[1, ""leadr-mel""]"
1118.906,musicking,430.186340332031,584.933532714844,0.0,0.0,osc_received,"value_[1, ""platform_pan_nav""]"
1119.623,jump_input_pressed,430.186340332031,584.933532714844,0.0,0.0,Jump,pressed
1119.623,jump_executed,430.186340332031,584.933532714844,0.0,-500.0,jump,x_430.186340332031_y_584.933532714844
1119.738,jump_input_released,430.186340332031,533.805786132812,0.0,-355.722137451172,Jump,released
1119.838,jump_peak_reached,430.186340332031,529.014099121094,0.0,41.2037048339844,jump_peak,x_430.186340332031_y_529.014099121094
1120.039,platform_landed,430.186340332031,584.96728515625,0.0,0.0,land_on_platform,platform_scene-1/Tile Map/23_33_layer_Tile Map_tile_23_33_source_1_atlas_3_0
1120.039,landed,430.186340332031,584.96728515625,0.0,0.0,land,surface_wood_impact_0.97129644775391
1120.039,sonification,430.186340332031,584.96728515625,0.0,0.0,osc_received,"value_[1, ""leadr-mel""]"
1120.273,move_right_pressed,430.186340332031,584.96728515625,33.3333320617676,0.0,Move_Right,pressed
1120.306,jump_input_pressed,431.852996826172,584.96728515625,100.0,0.0,Jump,pressed
1120.306,jump_executed,431.852996826172,584.96728515625,100.0,-500.0,jump,x_431.852996826172_y_584.96728515625
1120.473,jump_input_released,457.610198974609,517.01904296875,96.6666641235352,-294.722106933594,Jump,released
1120.572,jump_peak_reached,459.443542480469,512.227355957031,0.0,41.2037048339844,jump_peak,x_459.443542480469_y_512.227355957031
1120.738,platform_landed,459.443542480469,548.9892578125,0.0,0.0,land_on_platform,platform_scene-1/Tile Map/25_31_layer_Tile Map_tile_25_31_source_1_atlas_1_0
1120.739,landed,459.443542480469,548.9892578125,0.0,0.0,land,surface_wood_impact_0.82314825439453
1120.739,sonification,459.443542480469,548.9892578125,0.0,0.0,osc_received,"value_[1, ""leadr-mel""]"
1121.022,move_right_pressed,459.443542480469,548.9892578125,33.3333320617676,0.0,Move_Right,pressed
1121.088,coin_collected,464.999084472656,548.9892578125,133.33332824707,0.0,collect_coin,coin_coin_score_2
1121.091,sonification,467.77685546875,548.9892578125,166.666656494141,0.0,osc_received,"value_[1, ""coins-with-pitch""]"
1121.139,jump_input_pressed,473.77685546875,548.9892578125,96.6666641235352,0.0,Jump,pressed
1121.139,jump_executed,473.77685546875,548.9892578125,96.6666641235352,-500.0,jump,x_473.77685546875_y_548.9892578125
1121.257,jump_input_released,475.620788574219,497.815002441406,0.0,-355.722137451172,Jump,released
1121.355,jump_peak_reached,475.620788574219,493.023345947266,0.0,41.2037048339844,jump_peak,x_475.620788574219_y_493.023345947266
1121.556,platform_landed,475.620788574219,548.9765625,0.0,0.0,land_on_platform,platform_scene-1/Tile Map/26_31_layer_Tile Map_tile_26_31_source_1_atlas_2_0
1121.556,landed,475.620788574219,548.9765625,0.0,0.0,land,surface_wood_impact_0.97129644775391
1121.558,sonification,475.620788574219,548.9765625,0.0,0.0,osc_received,"value_[1, ""leadr-mel""]"
1121.84,move_left_pressed,475.620788574219,548.9765625,-33.3333320617676,0.0,Move_Left,pressed
1121.991,jump_input_pressed,455.287475585938,548.9765625,-180.0,0.0,Jump,pressed
1121.991,jump_executed,455.287475585938,548.9765625,-180.0,-500.0,jump,x_455.287475585938_y_548.9765625
1122.138,jump_peak_reached,428.271575927734,493.685852050781,-180.0,74.0740737915039,jump_peak,x_428.271575927734_y_493.685852050781
1122.322,jump_input_released,395.271575927734,541.216674804688,-96.6666641235352,481.481536865234,Jump,released
1122.389,platform_landed,393.438232421875,585.934814453125,0.0,0.0,land_on_platform,platform_scene-1/Tile Map/22_33_layer_Tile Map_tile_22_33_source_1_atlas_1_0
1122.39,landed,393.438232421875,585.934814453125,0.0,0.0,land,surface_wood_impact_1.25925939941406
1122.39,sonification,393.438232421875,585.934814453125,0.0,0.0,osc_received,"value_[1, ""leadr-mel""]"
1122.423,musicking,393.438232421875,585.934814453125,0.0,0.0,osc_received,"value_[1, ""platform_pan_nav""]"
1122.722,move_right_pressed,393.438232421875,585.934814453125,33.3333320617676,0.0,Move_Right,pressed
1122.755,jump_input_pressed,394.771881103516,585.255920410156,100.0,0.0,Jump,pressed
1122.755,jump_executed,394.771881103516,585.255920410156,100.0,-500.0,jump,x_394.771881103516_y_585.255920410156
1123.038,jump_peak_reached,441.523315429688,493.684814453125,180.0,74.0740737915039,jump_peak,x_441.523315429688_y_493.684814453125
1123.19,jump_input_released,468.523315429688,527.018127441406,180.0,407.407440185547,Jump,released
1123.223,platform_landed,476.134429931641,548.933837890625,96.6666641235352,0.0,land_on_platform,platform_scene-1/Tile Map/26_31_layer_Tile Map_tile_26_31_source_1_atlas_2_0
1123.223,landed,476.134429931641,548.933837890625,96.6666641235352,0.0,land,surface_wood_impact_0.96296307373047
1123.225,sonification,476.134429931641,548.933837890625,96.6666641235352,0.0,osc_received,"value_[1, ""leadr-mel""]"
1123.639,move_right_pressed,476.356658935547,548.933837890625,33.3333320617676,0.0,Move_Right,pressed
1123.655,jump_input_pressed,476.912200927734,548.933837890625,66.6666641235352,0.0,Jump,pressed
1123.655,jump_executed,476.912200927734,548.933837890625,66.6666641235352,-500.0,jump,x_476.912200927734_y_548.933837890625
1123.938,jump_input_released,519.80224609375,453.583740234375,96.6666641235352,-154.333221435547,Jump,released
1124.038,jump_peak_reached,521.635559082031,448.792083740234,0.0,41.2037048339844,jump_peak,x_521.635559082031_y_448.792083740234
1124.222,platform_landed,521.635559082031,494.998962402344,0.0,0.0,land_on_platform,platform_scene-1/Tile Map/28_28_layer_Tile Map_tile_28_28_source_1_atlas_1_0
1124.222,landed,521.635559082031,494.998962402344,0.0,0.0,land,surface_wood_impact_0.89722235107422
1124.223,sonification,521.635559082031,494.998962402344,0.0,0.0,osc_received,"value_[1, ""leadr-mel""]"
1124.89,move_right_pressed,521.635559082031,494.998962402344,33.3333320617676,0.0,Move_Right,pressed
1125.272,platform_landed,582.812194824219,513.932983398438,13.3333311080933,0.0,land_on_platform,platform_scene-1/Tile Map/32_29_layer_Tile Map_tile_32_29_source_1_atlas_18_0
1125.272,landed,582.812194824219,513.932983398438,13.3333311080933,0.0,land,surface_wood_impact_0.59259259033203
1125.272,sonification,582.812194824219,513.932983398438,13.3333311080933,0.0,osc_received,"value_[1, ""leadr-mel""]"
1125.272,musicking,582.812194824219,513.932983398438,13.3333311080933,0.0,osc_received,"value_[1, ""leaves""]"
1125.288,musicking,582.812194824219,513.932983398438,0.0,0.0,osc_received,"value_[1, ""platform_pan_nav""]"
1125.973,move_right_pressed,582.812194824219,513.932983398438,33.3333320617676,0.0,Move_Right,pressed
1126.356,platform_landed,634.984558105469,549.9912109375,0.0,0.0,land_on_platform,platform_scene-1/Tile Map/35_31_layer_Tile Map_tile_35_31_source_1_atlas_19_0
1126.356,landed,634.984558105469,549.9912109375,0.0,0.0,land,surface_wood_impact_0.81481488037109
1126.357,sonification,634.984558105469,549.9912109375,0.0,0.0,osc_received,"value_[1, ""leadr-mel""]"
1126.357,musicking,634.984558105469,549.9912109375,0.0,0.0,osc_received,"value_[1, ""leaves""]"
1126.905,move_left_pressed,634.984558105469,549.9912109375,-33.3333320617676,0.0,Move_Left,pressed
1127.464,platform_landed,585.795837402344,638.987976074219,0.0,0.0,land_on_platform,platform_scene-1/Tile Map/32_36_layer_Tile Map_tile_32_36_source_1_atlas_2_0
1127.464,landed,585.795837402344,638.987976074219,0.0,0.0,land,surface_wood_impact_1.25925939941406
1127.472,sonification,585.795837402344,638.987976074219,0.0,0.0,osc_received,"value_[1, ""leadr-mel""]"
1128.531,move_right_pressed,585.795837402344,638.987976074219,33.3333320617676,0.0,Move_Right,pressed
1128.816,sonification,633.129150390625,638.932250976562,180.0,0.0,osc_received,"value_[1, ""mushrooms""]"
1129.407,jump_input_pressed,738.129150390625,638.932250976562,180.0,0.0,Jump,pressed
1129.407,jump_executed,738.129150390625,638.932250976562,180.0,-500.0,jump,x_738.129150390625_y_638.932250976562
1129.407,sonification,741.131469726562,630.591613769531,180.0,-500.055541992188,osc_received,"value_[1, ""mushrooms""]"
1129.806,jump_input_released,810.131469726562,532.351806640625,180.0,-16.6665554046631,Jump,released
1129.839,jump_peak_reached,814.742553710938,532.143493652344,13.3333311080933,41.2038154602051,jump_peak,x_814.742553710938_y_532.143493652344
1129.939,platform_landed,814.964782714844,548.996032714844,0.0,0.0,land_on_platform,platform_scene-1/Tile Map/45_31_layer_Tile Map_tile_45_31_source_1_atlas_12_0
1129.939,landed,814.964782714844,548.996032714844,0.0,0.0,land,surface_wood_impact_0.52685205078125
1129.947,sonification,814.964782714844,548.996032714844,0.0,0.0,osc_received,"value_[1, ""leadr-mel""]"
1130.256,move_right_pressed,814.964782714844,548.996032714844,33.3333320617676,0.0,Move_Right,pressed
1130.257,sonification,815.520324707031,548.996032714844,33.3333320617676,0.0,osc_received,"value_[1, ""mushrooms""]"
1130.338,jump_input_pressed,823.298095703125,548.996032714844,180.0,0.0,Jump,pressed
1130.338,jump_executed,823.298095703125,548.996032714844,180.0,-500.0,jump,x_823.298095703125_y_548.996032714844
1130.356,sonification,829.318054199219,532.617370605469,180.0,-479.333312988281,osc_received,"value_[1, ""mushrooms""]"
1130.705,jump_input_released,889.318054199219,443.941497802734,180.0,-55.722110748291,Jump,released
1130.772,jump_peak_reached,899.929138183594,442.310028076172,13.3333311080933,43.8149261474609,jump_peak,x_899.929138183594_y_442.310028076172
1130.872,platform_landed,900.1513671875,458.999114990234,0.0,0.0,land_on_platform,platform_scene-1/Tile Map/49_26_layer_Tile Map_tile_49_26_source_1_atlas_14_0
1130.872,landed,900.1513671875,458.999114990234,0.0,0.0,land,surface_wood_impact_0.53207427978516
1130.873,sonification,900.1513671875,458.999114990234,0.0,0.0,osc_received,"value_[1, ""leadr-mel""]"
1130.988,move_right_pressed,900.1513671875,458.999114990234,33.3333320617676,0.0,Move_Right,pressed
1130.997,sonification,900.705261230469,458.927459716797,33.3333320617676,0.0,osc_received,"value_[1, ""mushrooms""]"
1131.239,sonification,941.496276855469,459.154022216797,180.0,0.0,osc_received,"value_[1, ""mushrooms""]"
1131.49,platform_landed,979.32958984375,530.967529296875,0.0,0.0,land_on_platform,platform_scene-1/Tile Map/54_30_layer_Tile Map_tile_54_30_source_1_atlas_13_0
1131.49,landed,979.32958984375,530.967529296875,0.0,0.0,land,surface_wood_impact_1.11111120605469
1131.492,sonification,979.32958984375,530.967529296875,0.0,0.0,osc_received,"value_[1, ""leadr-mel""]"
1131.523,musicking,979.32958984375,530.967529296875,0.0,0.0,osc_received,"value_[1, ""platform_pan_nav""]"
1132.388,move_left_pressed,979.32958984375,530.967529296875,-33.3333320617676,0.0,Move_Left,pressed
1132.397,sonification,978.774047851562,530.967529296875,-33.3333320617676,0.0,osc_received,"value_[1, ""mushrooms""]"
1132.439,jump_input_pressed,975.996276855469,530.967529296875,-133.33332824707,0.0,Jump,pressed
1132.439,jump_executed,975.996276855469,530.967529296875,-133.33332824707,-500.0,jump,x_975.996276855469_y_530.967529296875
1132.44,sonification,973.7646484375,522.597900390625,-133.33332824707,-500.055541992188,osc_received,"value_[1, ""mushrooms""]"
1132.739,jump_input_released,923.597961425781,433.001617431641,-180.0,-134.499893188477,Jump,released
1132.839,jump_peak_reached,915.7646484375,428.2099609375,0.0,41.2037048339844,jump_peak,x_915.7646484375_y_428.2099609375
1132.989,platform_landed,915.7646484375,458.977996826172,0.0,0.0,land_on_platform,platform_scene-1/Tile Map/50_26_layer_Tile Map_tile_50_26_source_1_atlas_13_0
1132.989,landed,915.7646484375,458.977996826172,0.0,0.0,land,surface_wood_impact_0.74907415771484
1132.997,sonification,915.7646484375,458.977996826172,0.0,0.0,osc_received,"value_[1, ""leadr-mel""]"
1133.805,move_right_pressed,915.7646484375,458.977996826172,33.3333320617676,0.0,Move_Right,pressed
1133.814,sonification,916.320190429688,458.977996826172,33.3333320617676,0.0,osc_received,"value_[1, ""mushrooms""]"
1133.972,sonification,942.117736816406,459.321624755859,180.0,0.0,osc_received,"value_[1, ""mushrooms""]"
1134.223,platform_landed,973.951049804688,530.972351074219,0.0,0.0,land_on_platform,platform_scene-1/Tile Map/54_30_layer_Tile Map_tile_54_30_source_1_atlas_13_0
1134.223,landed,973.951049804688,530.972351074219,0.0,0.0,land,surface_wood_impact_1.11111120605469
1134.225,sonification,973.951049804688,530.972351074219,0.0,0.0,osc_received,"value_[1, ""leadr-mel""]"
1135.19,move_left_pressed,973.951049804688,530.972351074219,-33.3333320617676,0.0,Move_Left,pressed
1135.191,sonification,973.3955078125,530.972351074219,-33.3333320617676,0.0,osc_received,"value_[1, ""mushrooms""]"
1135.222,jump_input_pressed,972.284423828125,530.930236816406,-100.0,0.0,Jump,pressed
1135.222,jump_executed,972.284423828125,530.930236816406,-100.0,-500.0,jump,x_972.284423828125_y_530.930236816406
1135.23,sonification,970.61669921875,522.590698242188,-100.0,-500.055541992188,osc_received,"value_[1, ""mushrooms""]"
1135.589,jump_input_released,910.533264160156,425.925933837891,-180.0,-55.722110748291,Jump,released
1135.655,jump_peak_reached,898.533264160156,424.294464111328,-96.6666641235352,43.8149261474609,jump_peak,x_898.533264160156_y_424.294464111328
1135.805,platform_landed,896.699951171875,458.981872558594,0.0,0.0,land_on_platform,platform_scene-1/Tile Map/49_26_layer_Tile Map_tile_49_26_source_1_atlas_14_0
1135.805,landed,896.699951171875,458.981872558594,0.0,0.0,land,surface_wood_impact_0.75429656982422
1135.806,sonification,896.699951171875,458.981872558594,0.0,0.0,osc_received,"value_[1, ""leadr-mel""]"
1136.14,move_right_pressed,896.699951171875,458.981872558594,33.3333320617676,0.0,Move_Right,pressed
1136.148,sonification,897.255493164062,458.981872558594,33.3333320617676,0.0,osc_received,"value_[1, ""mushrooms""]"
1136.272,jump_input_pressed,914.033264160156,458.981872558594,180.0,0.0,Jump,pressed
1136.272,jump_executed,914.033264160156,458.981872558594,180.0,-500.0,jump,x_914.033264160156_y_458.981872558594
1136.28,sonification,917.04931640625,450.60302734375,180.0,-500.055541992188,osc_received,"value_[1, ""mushrooms""]"
1136.639,jump_input_released,980.04931640625,353.938262939453,180.0,-55.722110748291,Jump,released
1136.705,coin_collected,992.04931640625,352.306793212891,180.0,6.77788782119751,collect_coin,coin_coin26_score_4
1136.706,jump_peak_reached,992.04931640625,352.306793212891,96.6666641235352,43.8149261474609,jump_peak,x_992.04931640625_y_352.306793212891
1136.706,sonification,993.660400390625,353.037048339844,96.6666641235352,43.8149261474609,osc_received,"value_[1, ""coins-with-pitch""]"
1136.806,platform_landed,993.882629394531,368.995880126953,0.0,0.0,land_on_platform,platform_scene-1/Tile Map/55_21_layer_Tile Map_tile_55_21_source_1_atlas_13_0
1136.806,landed,993.882629394531,368.995880126953,0.0,0.0,land,surface_wood_impact_0.53207427978516
1136.807,sonification,993.882629394531,368.995880126953,0.0,0.0,osc_received,"value_[1, ""leadr-mel""]"
1137.522,move_left_pressed,993.882629394531,368.995880126953,-33.3333320617676,0.0,Move_Left,pressed
1137.53,sonification,993.327087402344,368.995880126953,-33.3333320617676,0.0,osc_received,"value_[1, ""mushrooms""]"
1137.606,jump_input_pressed,985.54931640625,368.933319091797,-180.0,0.0,Jump,pressed
1137.606,jump_executed,985.54931640625,368.933319091797,-180.0,-500.0,jump,x_985.54931640625_y_368.933319091797
1137.607,sonification,982.546752929688,360.591888427734,-180.0,-500.055541992188,osc_received,"value_[1, ""mushrooms""]"
1138.005,jump_input_released,917.318420410156,262.892150878906,-180.0,-16.6665554046631,Jump,released
1138.039,jump_peak_reached,911.318420410156,262.683837890625,-96.6666641235352,41.2038154602051,jump_peak,x_911.318420410156_y_262.683837890625
1138.139,platform_landed,909.485107421875,278.996154785156,0.0,0.0,land_on_platform,platform_scene-1/Tile Map/50_16_layer_Tile Map_tile_50_16_source_1_atlas_13_0
1138.139,landed,909.485107421875,278.996154785156,0.0,0.0,land,surface_wood_impact_0.52685205078125
1138.147,sonification,909.485107421875,278.996154785156,0.0,0.0,osc_received,"value_[1, ""leadr-mel""]"
1139.122,move_right_pressed,909.485107421875,278.996154785156,33.3333320617676,0.0,Move_Right,pressed
1139.13,sonification,910.040649414062,278.996154785156,33.3333320617676,0.0,osc_received,"value_[1, ""mushrooms""]"
1139.323,sonification,941.835571289062,279.240295410156,180.0,0.0,osc_received,"value_[1, ""mushrooms""]"
1139.605,platform_landed,988.668823242188,368.933441162109,13.3333311080933,0.0,land_on_platform,platform_scene-1/Tile Map/54_21_layer_Tile Map_tile_54_21_source_1_atlas_14_0
1139.606,landed,988.668823242188,368.933441162109,13.3333311080933,0.0,land,surface_wood_impact_1.25925939941406
1139.606,sonification,988.668823242188,368.933441162109,13.3333311080933,0.0,osc_received,"value_[1, ""leadr-mel""]"
1139.606,sonification,988.668823242188,368.933441162109,13.3333311080933,0.0,osc_received,"value_[1, ""mushrooms""]"
1139.623,sonification,988.668823242188,368.933441162109,0.0,0.0,osc_received,"value_[1, ""mushrooms""]"
1140.739,move_left_pressed,988.668823242188,368.933441162109,-33.3333320617676,0.0,Move_Left,pressed
1140.74,sonification,988.11328125,368.933441162109,-33.3333320617676,0.0,osc_received,"value_[1, ""mushrooms""]"
1140.805,jump_input_pressed,983.11328125,368.933441162109,-166.666656494141,0.0,Jump,pressed
1140.805,jump_executed,983.11328125,368.933441162109,-166.666656494141,-500.0,jump,x_983.11328125_y_368.933441162109
1140.806,sonification,980.333068847656,360.591796875,-166.666656494141,-500.055541992188,osc_received,"value_[1, ""mushrooms""]"
1141.205,jump_input_released,930.324829101562,262.352020263672,-165.0,-16.6665554046631,Jump,released
1141.239,jump_peak_reached,924.574829101562,262.143707275391,-96.6666641235352,41.2038154602051,jump_peak,x_924.574829101562_y_262.143707275391
1141.339,platform_landed,922.741516113281,278.996246337891,0.0,0.0,land_on_platform,platform_scene-1/Tile Map/51_16_layer_Tile Map_tile_51_16_source_1_atlas_15_0
1141.339,landed,922.741516113281,278.996246337891,0.0,0.0,land,surface_wood_impact_0.52685205078125
1141.348,sonification,922.741516113281,278.996246337891,0.0,0.0,osc_received,"value_[1, ""leadr-mel""]"
1142.24,move_right_pressed,922.741516113281,278.996246337891,33.3333320617676,0.0,Move_Right,pressed
1142.241,sonification,923.297058105469,278.996246337891,33.3333320617676,0.0,osc_received,"value_[1, ""mushrooms""]"
1142.272,jump_input_pressed,924.408142089844,278.996246337891,100.0,0.0,Jump,pressed
1142.272,jump_executed,924.408142089844,278.996246337891,100.0,-500.0,jump,x_924.408142089844_y_278.996246337891
1142.273,sonification,926.0869140625,270.601531982422,100.0,-500.055541992188,osc_received,"value_[1, ""mushrooms""]"
1142.639,jump_input_released,956.925231933594,174.125244140625,135.0,-55.722110748291,Jump,released
1142.706,jump_peak_reached,960.036315917969,172.493774414062,0.0,43.8149261474609,jump_peak,x_960.036315917969_y_172.493774414062
1142.806,platform_landed,960.036315917969,188.99235534668,0.0,0.0,land_on_platform,platform_scene-1/Tile Map/53_11_layer_Tile Map_tile_53_11_source_1_atlas_14_0
1142.806,landed,960.036315917969,188.99235534668,0.0,0.0,land,surface_wood_impact_0.53207427978516
1142.813,sonification,960.036315917969,188.99235534668,0.0,0.0,osc_received,"value_[1, ""leadr-mel""]"
1143.306,move_left_pressed,960.036315917969,188.99235534668,-33.3333320617676,0.0,Move_Left,pressed
1143.313,sonification,959.480773925781,188.99235534668,-33.3333320617676,0.0,osc_received,"value_[1, ""mushrooms""]"
1143.39,sonification,948.669555664062,189.82438659668,-180.0,0.0,osc_received,"value_[1, ""mushrooms""]"
1143.673,platform_landed,907.836242675781,278.98095703125,0.0,0.0,land_on_platform,platform_scene-1/Tile Map/50_16_layer_Tile Map_tile_50_16_source_1_atlas_13_0
1143.673,landed,907.836242675781,278.98095703125,0.0,0.0,land,surface_wood_impact_1.25925939941406
1143.68,sonification,907.836242675781,278.98095703125,0.0,0.0,osc_received,"value_[1, ""leadr-mel""]"
1143.755,move_right_pressed,907.836242675781,278.98095703125,33.3333320617676,0.0,Move_Right,pressed
1143.764,sonification,908.391784667969,278.98095703125,33.3333320617676,0.0,osc_received,"value_[1, ""mushrooms""]"
1143.838,jump_input_pressed,916.169555664062,278.98095703125,180.0,0.0,Jump,pressed
1143.839,jump_executed,916.169555664062,278.98095703125,180.0,-500.0,jump,x_916.169555664062_y_278.98095703125
1143.847,sonification,919.185363769531,270.602813720703,180.0,-500.055541992188,osc_received,"value_[1, ""mushrooms""]"
1144.256,jump_input_released,964.425231933594,172.062088012695,180.0,2.77788853645325,Jump,released
1144.272,jump_peak_reached,967.425231933594,172.108383178711,96.6666641235352,39.8149261474609,jump_peak,x_967.425231933594_y_172.108383178711
1144.289,coin_collected,969.036315917969,172.77197265625,96.6666641235352,39.8149261474609,collect_coin,coin_coin27_score_6
1144.291,sonification,969.258544921875,174.052841186523,13.3333311080933,76.8519668579102,osc_received,"value_[1, ""coins-with-pitch""]"
1144.372,platform_landed,969.258544921875,188.982849121094,0.0,0.0,land_on_platform,platform_scene-1/Tile Map/53_11_layer_Tile Map_tile_53_11_source_1_atlas_14_0
1144.373,landed,969.258544921875,188.982849121094,0.0,0.0,land,surface_wood_impact_0.52407427978516
1144.38,sonification,969.258544921875,188.982849121094,0.0,0.0,osc_received,"value_[1, ""leadr-mel""]"
1144.938,move_left_pressed,969.258544921875,188.982849121094,-33.3333320617676,0.0,Move_Left,pressed
1144.947,sonification,968.703002929688,188.982849121094,-33.3333320617676,0.0,osc_received,"value_[1, ""mushrooms""]"
1145.073,sonification,948.896362304688,189.709411621094,-180.0,0.0,osc_received,"value_[1, ""mushrooms""]"
1145.356,platform_landed,917.063049316406,278.988952636719,0.0,0.0,land_on_platform,platform_scene-1/Tile Map/50_16_layer_Tile Map_tile_50_16_source_1_atlas_13_0
1145.356,landed,917.063049316406,278.988952636719,0.0,0.0,land,surface_wood_impact_1.25925939941406
1145.357,sonification,917.063049316406,278.988952636719,0.0,0.0,osc_received,"value_[1, ""leadr-mel""]"
1145.406,move_right_pressed,917.063049316406,278.988952636719,33.3333320617676,0.0,Move_Right,pressed
1145.407,sonification,917.618591308594,278.988952636719,33.3333320617676,0.0,osc_received,"value_[1, ""mushrooms""]"
1145.572,sonification,943.428283691406,279.878723144531,180.0,0.0,osc_received,"value_[1, ""mushrooms""]"
1145.856,platform_landed,990.259460449219,368.932586669922,13.3333311080933,0.0,land_on_platform,platform_scene-1/Tile Map/54_21_layer_Tile Map_tile_54_21_source_1_atlas_14_0
1145.856,landed,990.259460449219,368.932586669922,13.3333311080933,0.0,land,surface_wood_impact_1.25925939941406
1145.856,sonification,990.259460449219,368.932586669922,13.3333311080933,0.0,osc_received,"value_[1, ""leadr-mel""]"
1145.857,sonification,990.259460449219,368.932586669922,13.3333311080933,0.0,osc_received,"value_[1, ""mushrooms""]"
1145.88,sonification,990.259460449219,368.932586669922,0.0,0.0,osc_received,"value_[1, ""mushrooms""]"
1146.089,jump_input_pressed,990.259460449219,368.932586669922,0.0,0.0,Jump,pressed
1146.089,jump_executed,990.259460449219,368.932586669922,0.0,-500.0,jump,x_990.259460449219_y_368.932586669922
1146.489,jump_input_released,990.259460449219,262.351104736328,0.0,-16.6665554046631,Jump,released
1146.522,jump_peak_reached,990.259460449219,262.142791748047,0.0,41.2038154602051,jump_peak,x_990.259460449219_y_262.142791748047
1146.823,platform_landed,990.259460449219,368.948394775391,0.0,0.0,land_on_platform,platform_scene-1/Tile Map/54_21_layer_Tile Map_tile_54_21_source_1_atlas_14_0
1146.823,landed,990.259460449219,368.948394775391,0.0,0.0,land,surface_wood_impact_1.4157412109375
1146.824,sonification,990.259460449219,368.948394775391,0.0,0.0,osc_received,"value_[1, ""leadr-mel""]"
1146.957,move_left_pressed,990.259460449219,368.948394775391,-33.3333320617676,0.0,Move_Left,pressed
1146.958,sonification,989.703918457031,368.948394775391,-33.3333320617676,0.0,osc_received,"value_[1, ""mushrooms""]"
1146.972,jump_input_pressed,989.703918457031,368.948394775391,-66.6666641235352,0.0,Jump,pressed
1146.972,jump_executed,989.703918457031,368.948394775391,-66.6666641235352,-500.0,jump,x_989.703918457031_y_368.948394775391
1146.98,sonification,988.590026855469,360.59326171875,-66.6666641235352,-500.055541992188,osc_received,"value_[1, ""mushrooms""]"
1147.406,jump_peak_reached,919.812438964844,262.098846435547,-180.0,39.8149261474609,jump_peak,x_919.812438964844_y_262.098846435547
1147.489,jump_input_released,904.812438964844,271.589599609375,-180.0,225.000106811523,Jump,released
1147.507,platform_landed,900.197387695312,278.930206298828,-96.6666641235352,0.0,land_on_platform,platform_scene-1/Tile Map/49_16_layer_Tile Map_tile_49_16_source_1_atlas_14_0
1147.507,landed,900.197387695312,278.930206298828,-96.6666641235352,0.0,land,surface_wood_impact_0.52407427978516
1147.507,sonification,900.197387695312,278.930206298828,-96.6666641235352,0.0,osc_received,"value_[1, ""leadr-mel""]"
1147.507,sonification,900.197387695312,278.930206298828,-96.6666641235352,0.0,osc_received,"value_[1, ""mushrooms""]"
1147.539,sonification,899.975158691406,278.930206298828,0.0,0.0,osc_received,"value_[1, ""mushrooms""]"
1147.955,move_right_pressed,899.975158691406,278.930206298828,33.3333320617676,0.0,Move_Right,pressed
1147.963,sonification,900.530700683594,278.930206298828,33.3333320617676,0.0,osc_received,"value_[1, ""mushrooms""]"
1147.988,jump_input_pressed,901.641784667969,278.930206298828,100.0,0.0,Jump,pressed
1147.989,jump_executed,901.641784667969,278.930206298828,100.0,-500.0,jump,x_901.641784667969_y_278.930206298828
1147.989,sonification,903.309509277344,270.590759277344,100.0,-500.055541992188,osc_received,"value_[1, ""mushrooms""]"
1148.422,jump_peak_reached,975.392944335938,172.096313476562,180.0,39.8149261474609,jump_peak,x_975.392944335938_y_172.096313476562
1148.456,jump_input_released,981.392944335938,174.040771484375,96.6666641235352,113.889007568359,Jump,released
1148.522,platform_landed,983.226257324219,188.996368408203,0.0,0.0,land_on_platform,platform_scene-1/Tile Map/54_11_layer_Tile Map_tile_54_11_source_1_atlas_13_0
1148.522,landed,983.226257324219,188.996368408203,0.0,0.0,land,surface_wood_impact_0.52407427978516
1148.53,sonification,983.226257324219,188.996368408203,0.0,0.0,osc_received,"value_[1, ""leadr-mel""]"
1149.091,move_left_pressed,983.226257324219,188.996368408203,-33.3333320617676,0.0,Move_Left,pressed
1149.092,sonification,982.670715332031,188.996368408203,-33.3333320617676,0.0,osc_received,"value_[1, ""mushrooms""]"
1149.156,jump_input_pressed,977.670715332031,188.996368408203,-166.666656494141,0.0,Jump,pressed
1149.156,jump_executed,977.670715332031,188.996368408203,-166.666656494141,-500.0,jump,x_977.670715332031_y_188.996368408203
1149.157,sonification,974.8740234375,180.605422973633,-166.666656494141,-500.055541992188,osc_received,"value_[1, ""mushrooms""]"
1149.59,jump_peak_reached,899.8740234375,82.1110229492188,-180.0,39.8149261474609,jump_peak,x_899.8740234375_y_82.1110229492188
1149.639,jump_input_released,890.8740234375,85.9536209106445,-180.0,150.926040649414,Jump,released
1149.756,platform_landed,883.040710449219,116.991958618164,0.0,0.0,land_on_platform,platform_scene-1/Tile Map/49_7_layer_Tile Map_tile_49_7_source_1_atlas_15_0
1149.756,landed,883.040710449219,116.991958618164,0.0,0.0,land,surface_wood_impact_0.82037066650391
1149.773,sonification,883.040710449219,116.991958618164,0.0,0.0,osc_received,"value_[1, ""leadr-mel""]"
1150.357,move_left_pressed,883.040710449219,116.991958618164,-33.3333320617676,0.0,Move_Left,pressed
1150.357,jump_input_pressed,883.040710449219,116.991958618164,-33.3333320617676,0.0,Jump,pressed
1150.357,jump_executed,883.040710449219,116.991958618164,-33.3333320617676,-500.0,jump,x_883.040710449219_y_116.991958618164
1150.739,jump_input_released,827.230834960938,10.9764251708984,-180.0,-36.1665573120117,Jump,released
1150.789,jump_peak_reached,818.230834960938,10.2097635269165,-180.0,42.5371475219727,jump_peak,x_818.230834960938_y_10.2097635269165
1150.939,platform_landed,810.397521972656,44.9975395202637,0.0,0.0,land_on_platform,platform_scene-1/Tile Map/44_3_layer_Tile Map_tile_44_3_source_1_atlas_13_0
1150.939,landed,810.397521972656,44.9975395202637,0.0,0.0,land,surface_wood_impact_0.75174102783203
1150.947,sonification,810.397521972656,44.9975395202637,0.0,0.0,osc_received,"value_[1, ""leadr-mel""]"
1151.173,move_left_pressed,810.397521972656,44.9975395202637,-33.3333320617676,0.0,Move_Left,pressed
1151.173,sonification,809.841979980469,44.9335289001465,-33.3333320617676,0.0,osc_received,"value_[1, ""mushrooms""]"
1152.225,sonification,632.230895996094,44.9252319335938,0.0,0.0,osc_received,"value_[1, ""mushrooms""]"
1152.288,move_right_pressed,632.230895996094,44.9252319335938,33.3333320617676,0.0,Move_Right,pressed
1152.298,sonification,632.786437988281,44.9252319335938,33.3333320617676,0.0,osc_received,"value_[1, ""mushrooms""]"
1152.305,jump_input_pressed,632.786437988281,44.9252319335938,66.6666641235352,0.0,Jump,pressed
1152.305,jump_executed,632.786437988281,44.9252319335938,66.6666641235352,-500.0,jump,x_632.786437988281_y_44.9252319335938
1152.314,sonification,633.897705078125,36.589916229248,66.6666641235352,-500.055541992188,osc_received,"value_[1, ""mushrooms""]"
1152.656,jump_input_released,660.331115722656,-55.5614471435547,180.0,-75.3332214355469,Jump,released
1152.739,jump_peak_reached,671.164428710938,-58.3669929504395,0.0,45.0371475219727,jump_peak,x_671.164428710938_y_-58.3669929504395
1152.89,platform_landed,671.164428710938,-27.024377822876,0.0,0.0,land_on_platform,platform_scene-1/Tile Map/37_-1_layer_Tile Map_tile_37_-1_source_1_atlas_15_7
1152.89,landed,671.164428710938,-27.024377822876,0.0,0.0,land,surface_wood_impact_0.75674102783203
1152.891,musicking,671.164428710938,-27.024377822876,0.0,0.0,osc_received,"value_[1, ""cloud""]"
1153.606,move_left_pressed,671.164428710938,-27.024377822876,-33.3333320617676,0.0,Move_Left,pressed
1154.023,platform_landed,630.987548828125,44.9605712890625,0.0,0.0,land_on_platform,platform_scene-1/Tile Map/34_3_layer_Tile Map_tile_34_3_source_1_atlas_14_0
1154.023,landed,630.987548828125,44.9605712890625,0.0,0.0,land,surface_wood_impact_1.11111120605469
1154.056,move_right_pressed,630.987548828125,44.9605712890625,33.3333320617676,0.0,Move_Right,pressed
1154.056,sonification,631.543090820312,44.9605712890625,33.3333320617676,0.0,osc_received,"value_[1, ""mushrooms""]"
1154.206,sonification,647.154174804688,44.9287376403809,0.0,0.0,osc_received,"value_[1, ""mushrooms""]"
1154.505,move_left_pressed,647.154174804688,44.9287376403809,-33.3333320617676,0.0,Move_Left,pressed
1154.506,sonification,646.5986328125,44.9287376403809,-33.3333320617676,0.0,osc_received,"value_[1, ""mushrooms""]"
1154.713,sonification,621.987548828125,44.9287376403809,0.0,0.0,osc_received,"value_[1, ""mushrooms""]"
1155.389,move_right_pressed,621.987548828125,44.9287376403809,33.3333320617676,0.0,Move_Right,pressed
1155.389,jump_input_pressed,621.987548828125,44.9287376403809,33.3333320617676,0.0,Jump,pressed
1155.389,jump_executed,621.987548828125,44.9287376403809,33.3333320617676,-500.0,jump,x_621.987548828125_y_44.9287376403809
1155.791,jump_input_released,680.793273925781,-61.6494064331055,180.0,-16.6665554046631,Jump,released
1155.823,jump_peak_reached,685.404357910156,-61.8577346801758,13.3333311080933,41.2038154602051,jump_peak,x_685.404357910156_y_-61.8577346801758
1155.99,platform_landed,685.626586914062,-26.9848918914795,0.0,0.0,land_on_platform,platform_scene-1/Tile Map/37_-1_layer_Tile Map_tile_37_-1_source_1_atlas_15_7
1155.99,landed,685.626586914062,-26.9848918914795,0.0,0.0,land,surface_wood_impact_0.8231484375
1155.991,sonification,685.626586914062,-26.9848918914795,0.0,0.0,osc_received,"value_[1, ""leadr-mel""]"
1155.991,musicking,685.626586914062,-26.9848918914795,0.0,0.0,osc_received,"value_[1, ""cloud""]"
1156.456,move_left_pressed,685.626586914062,-26.9848918914795,-33.3333320617676,0.0,Move_Left,pressed
1158.13,move_left_pressed,663.460815429688,-27.0744228363037,-33.3333320617676,0.0,Move_Left,pressed
1158.505,platform_landed,632.268188476562,44.9744834899902,0.0,0.0,land_on_platform,platform_scene-1/Tile Map/35_3_layer_Tile Map_tile_35_3_source_1_atlas_13_0
1158.506,landed,632.268188476562,44.9744834899902,0.0,0.0,land,surface_wood_impact_1.11111120605469
1158.506,sonification,632.268188476562,44.9744834899902,0.0,0.0,osc_received,"value_[1, ""leadr-mel""]"
1158.706,move_left_pressed,632.268188476562,44.9744834899902,-33.3333320617676,0.0,Move_Left,pressed
1158.707,sonification,631.712646484375,44.9744834899902,-33.3333320617676,0.0,osc_received,"value_[1, ""mushrooms""]"
1158.856,jump_input_pressed,611.934387207031,45.0789451599121,-180.0,0.0,Jump,pressed
1158.857,jump_executed,611.934387207031,45.0789451599121,-180.0,-500.0,jump,x_611.934387207031_y_45.0789451599121
1158.864,sonification,608.913146972656,36.6856994628906,-180.0,-500.055541992188,osc_received,"value_[1, ""mushrooms""]"
1159.073,jump_peak_reached,572.911499023438,-28.3157978057861,-180.0,74.0740737915039,jump_peak,x_572.911499023438_y_-28.3157978057861
1159.073,jump_input_released,572.911499023438,-28.3157978057861,-180.0,74.0740737915039,Jump,released
1159.356,platform_landed,523.080383300781,80.9264907836914,-13.3333311080933,0.0,land_on_platform,platform_scene-1/Tile Map/29_5_layer_Tile Map_tile_29_5_source_1_atlas_2_0
1159.356,landed,523.080383300781,80.9264907836914,-13.3333311080933,0.0,land,surface_wood_impact_1.40740759277344
1159.364,sonification,523.080383300781,80.9264907836914,-13.3333311080933,0.0,osc_received,"value_[1, ""leadr-mel""]"
1159.392,musicking,523.080383300781,80.9264907836914,0.0,0.0,osc_received,"value_[1, ""platform_pan_nav""]"
1160.639,jump_input_pressed,523.080383300781,80.9264907836914,0.0,0.0,Jump,pressed
1160.639,jump_executed,523.080383300781,80.9264907836914,0.0,-500.0,jump,x_523.080383300781_y_80.9264907836914
1161.072,jump_peak_reached,523.080383300781,-25.904504776001,0.0,39.8149261474609,jump_peak,x_523.080383300781_y_-25.904504776001
1161.373,platform_landed,523.080383300781,80.9788818359375,0.0,0.0,land_on_platform,platform_scene-1/Tile Map/29_5_layer_Tile Map_tile_29_5_source_1_atlas_2_0
1161.373,landed,523.080383300781,80.9788818359375,0.0,0.0,land,surface_wood_impact_1.41296337890625
1161.381,sonification,523.080383300781,80.9788818359375,0.0,0.0,osc_received,"value_[1, ""leadr-mel""]"
1161.406,jump_input_released,523.080383300781,80.9788818359375,0.0,0.0,Jump,released
1161.756,move_right_pressed,523.080383300781,80.9788818359375,33.3333320617676,0.0,Move_Right,pressed
1161.906,jump_input_pressed,543.414611816406,80.9297637939453,180.0,0.0,Jump,pressed
1161.906,jump_executed,543.414611816406,80.9297637939453,180.0,-500.0,jump,x_543.414611816406_y_80.9297637939453
1162.339,jump_peak_reached,621.416198730469,-25.9033451080322,180.0,39.8149261474609,jump_peak,x_621.416198730469_y_-25.9033451080322
1162.423,jump_input_released,635.027282714844,-16.4125957489014,13.3333311080933,225.000106811523,Jump,released
1162.573,platform_landed,635.24951171875,44.9757766723633,0.0,0.0,land_on_platform,platform_scene-1/Tile Map/35_3_layer_Tile Map_tile_35_3_source_1_atlas_13_0
1162.573,landed,635.24951171875,44.9757766723633,0.0,0.0,land,surface_wood_impact_1.1166669921875
1162.573,sonification,635.24951171875,44.9757766723633,0.0,0.0,osc_received,"value_[1, ""leadr-mel""]"
1162.69,move_left_pressed,635.24951171875,44.9757766723633,-33.3333320617676,0.0,Move_Left,pressed
1162.691,sonification,634.693969726562,44.9757766723633,-33.3333320617676,0.0,osc_received,"value_[1, ""mushrooms""]"
1162.856,sonification,608.906616210938,45.0792922973633,-180.0,0.0,osc_received,"value_[1, ""mushrooms""]"
1162.89,jump_input_pressed,605.906616210938,45.6965751647949,-180.0,74.0740737915039,Jump,pressed
1162.89,jump_executed,605.906616210938,45.6965751647949,-180.0,-500.0,jump,x_605.906616210938_y_45.6965751647949
1163.105,jump_peak_reached,566.905334472656,-28.3140716552734,-180.0,74.0740737915039,jump_peak,x_566.905334472656_y_-28.3140716552734
1163.324,jump_input_released,527.905334472656,35.8834648132324,-180.0,555.555603027344,Jump,released
1163.389,platform_landed,523.072021484375,80.9765396118164,0.0,0.0,land_on_platform,platform_scene-1/Tile Map/29_5_layer_Tile Map_tile_29_5_source_1_atlas_2_0
1163.39,landed,523.072021484375,80.9765396118164,0.0,0.0,land,surface_wood_impact_1.40740759277344
1163.397,sonification,523.072021484375,80.9765396118164,0.0,0.0,osc_received,"value_[1, ""leadr-mel""]"
1163.773,move_right_pressed,523.072021484375,80.9765396118164,33.3333320617676,0.0,Move_Right,pressed
1163.907,jump_input_pressed,540.406188964844,80.9295425415039,180.0,0.0,Jump,pressed
1163.907,jump_executed,540.406188964844,80.9295425415039,180.0,-500.0,jump,x_540.406188964844_y_80.9295425415039
1164.291,jump_input_released,609.40771484375,-25.023775100708,180.0,-36.1665573120117,Jump,released
1164.339,jump_peak_reached,618.40771484375,-25.7904357910156,180.0,42.5371475219727,jump_peak,x_618.40771484375_y_-25.7904357910156
1164.573,platform_landed,638.241027832031,44.9832077026367,0.0,0.0,land_on_platform,platform_scene-1/Tile Map/35_3_layer_Tile Map_tile_35_3_source_1_atlas_13_0
1164.573,landed,638.241027832031,44.9832077026367,0.0,0.0,land,surface_wood_impact_1.12211145019531
1164.581,sonification,638.241027832031,44.9832077026367,0.0,0.0,osc_received,"value_[1, ""leadr-mel""]"
1164.857,move_right_pressed,638.241027832031,44.9832077026367,33.3333320617676,0.0,Move_Right,pressed
1164.857,sonification,638.796569824219,44.9832077026367,33.3333320617676,0.0,osc_received,"value_[1, ""mushrooms""]"
1164.998,sonification,651.407653808594,44.9316711425781,0.0,0.0,osc_received,"value_[1, ""mushrooms""]"
1165.14,jump_input_pressed,651.407653808594,44.9316711425781,0.0,0.0,Jump,pressed
1165.14,jump_executed,651.407653808594,44.9316711425781,0.0,-500.0,jump,x_651.407653808594_y_44.9316711425781
1165.322,jump_peak_reached,646.941589355469,-3.86705923080444,0.0,50.6777687072754,jump_peak,x_646.941589355469_y_-3.86705923080444
1165.406,jump_input_released,646.941589355469,6.52892780303955,0.0,235.862945556641,Jump,released
1165.506,platform_landed,646.941589355469,44.981258392334,0.0,0.0,land_on_platform,platform_scene-1/Tile Map/35_3_layer_Tile Map_tile_35_3_source_1_atlas_13_0
1165.506,landed,646.941589355469,44.981258392334,0.0,0.0,land,surface_wood_impact_0.91617047119141
1165.507,sonification,646.941589355469,44.981258392334,0.0,0.0,osc_received,"value_[1, ""leadr-mel""]"
1165.557,move_right_pressed,646.941589355469,44.981258392334,33.3333320617676,0.0,Move_Right,pressed
1165.558,sonification,647.497131347656,44.981258392334,33.3333320617676,0.0,osc_received,"value_[1, ""mushrooms""]"
1165.755,jump_input_pressed,672.108215332031,44.9249610900879,0.0,0.0,Jump,pressed
1165.755,jump_executed,672.108215332031,44.9249610900879,0.0,-500.0,jump,x_672.108215332031_y_44.9249610900879
1165.764,sonification,672.108215332031,36.5898628234863,0.0,-500.055541992188,osc_received,"value_[1, ""mushrooms""]"
1165.872,jump_peak_reached,672.108215332031,3.68359589576721,0.0,74.0740737915039,jump_peak,x_672.108215332031_y_3.68359589576721
1165.905,jump_input_released,672.108215332031,6.77001571655273,0.0,148.148147583008,Jump,released
1166.039,platform_landed,672.108215332031,44.9644584655762,0.0,0.0,land_on_platform,platform_scene-1/Tile Map/37_3_layer_Tile Map_tile_37_3_source_1_atlas_13_0
1166.04,landed,672.108215332031,44.9644584655762,0.0,0.0,land,surface_wood_impact_0.88888897705078
1166.041,sonification,672.108215332031,44.9644584655762,0.0,0.0,osc_received,"value_[1, ""leadr-mel""]"
1166.19,jump_input_pressed,672.108215332031,44.9644584655762,0.0,0.0,Jump,pressed
1166.191,jump_executed,672.108215332031,44.9644584655762,0.0,-500.0,jump,x_672.108215332031_y_44.9644584655762
1166.305,jump_peak_reached,672.108215332031,3.68425917625427,0.0,74.0740737915039,jump_peak,x_672.108215332031_y_3.68425917625427
1166.422,jump_input_released,672.108215332031,25.2891979217529,0.0,333.333343505859,Jump,released
1166.473,platform_landed,672.108215332031,44.9651222229004,0.0,0.0,land_on_platform,platform_scene-1/Tile Map/37_3_layer_Tile Map_tile_37_3_source_1_atlas_13_0
1166.473,landed,672.108215332031,44.9651222229004,0.0,0.0,land,surface_wood_impact_0.88888897705078
1166.48,sonification,672.108215332031,44.9651222229004,0.0,0.0,osc_received,"value_[1, ""leadr-mel""]"
1166.522,move_right_pressed,672.108215332031,44.9651222229004,33.3333320617676,0.0,Move_Right,pressed
1166.523,sonification,672.663757324219,44.9651222229004,33.3333320617676,0.0,osc_received,"value_[1, ""mushrooms""]"
1167.54,sonification,851.454284667969,45.1448097229004,180.0,0.0,osc_received,"value_[1, ""mushrooms""]"
1167.789,platform_landed,889.28759765625,116.95832824707,0.0,0.0,land_on_platform,platform_scene-1/Tile Map/49_7_layer_Tile Map_tile_49_7_source_1_atlas_15_0
1167.789,landed,889.28759765625,116.95832824707,0.0,0.0,land,surface_wood_impact_1.11111120605469
1167.79,sonification,889.28759765625,116.95832824707,0.0,0.0,osc_received,"value_[1, ""leadr-mel""]"
1167.997,move_right_pressed,889.28759765625,116.95832824707,33.3333320617676,0.0,Move_Right,pressed
1168.005,sonification,889.843139648438,116.95832824707,33.3333320617676,0.0,osc_received,"value_[1, ""mushrooms""]"
1168.114,sonification,906.645690917969,117.50910949707,180.0,0.0,osc_received,"value_[1, ""mushrooms""]"
1168.356,platform_landed,950.806579589844,190.29914855957,180.0,0.0,land_on_platform,platform_scene-1/Tile Map/53_11_layer_Tile Map_tile_53_11_source_1_atlas_14_0
1168.356,landed,950.806579589844,190.29914855957,180.0,0.0,land,surface_wood_impact_1.11111120605469
1168.357,sonification,950.806579589844,190.29914855957,180.0,0.0,osc_received,"value_[1, ""leadr-mel""]"
1168.373,sonification,952.83837890625,188.902130126953,180.0,0.0,osc_received,"value_[1, ""mushrooms""]"
1168.506,sonification,969.671691894531,188.999786376953,0.0,0.0,osc_received,"value_[1, ""mushrooms""]"
1168.99,move_left_pressed,969.671691894531,188.999786376953,-33.3333320617676,0.0,Move_Left,pressed
1168.991,sonification,969.116149902344,188.999786376953,-33.3333320617676,0.0,osc_received,"value_[1, ""mushrooms""]"
1169.124,sonification,949.314025878906,189.523223876953,-180.0,0.0,osc_received,"value_[1, ""mushrooms""]"
1169.406,platform_landed,926.480712890625,278.966735839844,0.0,0.0,land_on_platform,platform_scene-1/Tile Map/51_16_layer_Tile Map_tile_51_16_source_1_atlas_15_0
1169.406,landed,926.480712890625,278.966735839844,0.0,0.0,land,surface_wood_impact_1.25925939941406
1169.406,sonification,926.480712890625,278.966735839844,0.0,0.0,osc_received,"value_[1, ""leadr-mel""]"
1169.906,move_right_pressed,926.480712890625,278.966735839844,33.3333320617676,0.0,Move_Right,pressed
1169.907,jump_input_pressed,926.480712890625,278.966735839844,33.3333320617676,0.0,Jump,pressed
1169.907,jump_executed,926.480712890625,278.966735839844,33.3333320617676,-500.0,jump,x_926.480712890625_y_278.966735839844
1170.322,jump_input_released,964.425231933594,172.054718017578,180.0,2.77788853645325,Jump,released
1170.339,jump_peak_reached,967.425231933594,172.101013183594,96.6666641235352,39.8149261474609,jump_peak,x_967.425231933594_y_172.101013183594
1170.44,platform_landed,969.258544921875,188.975479125977,0.0,0.0,land_on_platform,platform_scene-1/Tile Map/53_11_layer_Tile Map_tile_53_11_source_1_atlas_14_0
1170.44,landed,969.258544921875,188.975479125977,0.0,0.0,land,surface_wood_impact_0.52407427978516
1170.441,sonification,969.258544921875,188.975479125977,0.0,0.0,osc_received,"value_[1, ""leadr-mel""]"
1170.972,move_left_pressed,969.258544921875,188.975479125977,-33.3333320617676,0.0,Move_Left,pressed
1170.981,sonification,968.703002929688,188.975479125977,-33.3333320617676,0.0,osc_received,"value_[1, ""mushrooms""]"
1171.114,sonification,948.896301269531,189.709854125977,-180.0,0.0,osc_received,"value_[1, ""mushrooms""]"
1171.389,platform_landed,911.06298828125,278.989379882812,0.0,0.0,land_on_platform,platform_scene-1/Tile Map/50_16_layer_Tile Map_tile_50_16_source_1_atlas_13_0
1171.389,landed,911.06298828125,278.989379882812,0.0,0.0,land,surface_wood_impact_1.25925939941406
1171.397,sonification,911.06298828125,278.989379882812,0.0,0.0,osc_received,"value_[1, ""leadr-mel""]"
1171.922,move_right_pressed,911.06298828125,278.989379882812,33.3333320617676,0.0,Move_Right,pressed
1171.93,sonification,911.618530273438,278.989379882812,33.3333320617676,0.0,osc_received,"value_[1, ""mushrooms""]"
1172.005,jump_input_pressed,919.396301269531,278.989379882812,180.0,0.0,Jump,pressed
1172.005,jump_executed,919.396301269531,278.989379882812,180.0,-500.0,jump,x_919.396301269531_y_278.989379882812
1172.014,sonification,922.41552734375,270.601654052734,180.0,-500.055541992188,osc_received,"value_[1, ""mushrooms""]"
1172.439,jump_peak_reached,967.425231933594,172.125839233398,180.0,39.8149261474609,jump_peak,x_967.425231933594_y_172.125839233398
1172.523,jump_input_released,982.425231933594,181.616607666016,180.0,225.000106811523,Jump,released
1172.539,platform_landed,988.425231933594,188.933303833008,180.0,0.0,land_on_platform,platform_scene-1/Tile Map/54_11_layer_Tile Map_tile_54_11_source_1_atlas_13_0
1172.539,landed,988.425231933594,188.933303833008,180.0,0.0,land,surface_wood_impact_0.52407427978516
1172.54,sonification,988.425231933594,188.933303833008,180.0,0.0,osc_received,"value_[1, ""leadr-mel""]"
1172.54,sonification,988.425231933594,188.933303833008,180.0,0.0,osc_received,"value_[1, ""mushrooms""]"
1172.591,sonification,990.258544921875,188.933303833008,0.0,0.0,osc_received,"value_[1, ""mushrooms""]"
1172.856,move_left_pressed,990.258544921875,188.933303833008,-33.3333320617676,0.0,Move_Left,pressed
1172.864,sonification,989.703002929688,188.933303833008,-33.3333320617676,0.0,osc_received,"value_[1, ""mushrooms""]"
1172.99,jump_input_pressed,972.925231933594,188.933303833008,-180.0,0.0,Jump,pressed
1172.99,jump_executed,972.925231933594,188.933303833008,-180.0,-500.0,jump,x_972.925231933594_y_188.933303833008
1172.991,sonification,969.92236328125,180.591049194336,-180.0,-500.055541992188,osc_received,"value_[1, ""mushrooms""]"
1173.356,jump_input_released,906.92236328125,83.9262771606445,-180.0,-55.722110748291,Jump,released
1173.423,jump_peak_reached,894.92236328125,82.2947998046875,-180.0,43.8149261474609,jump_peak,x_894.92236328125_y_82.2947998046875
1173.573,platform_landed,864.922912597656,116.925498962402,-180.0,0.0,land_on_platform,platform_scene-1/Tile Map/47_7_layer_Tile Map_tile_47_7_source_1_atlas_14_0
1173.573,landed,864.922912597656,116.925498962402,-180.0,0.0,land,surface_wood_impact_0.75429656982422
1173.574,sonification,864.922912597656,116.925498962402,-180.0,0.0,osc_received,"value_[1, ""leadr-mel""]"
1173.574,sonification,864.922912597656,116.925498962402,-180.0,0.0,osc_received,"value_[1, ""mushrooms""]"
1173.622,jump_input_pressed,858.922912597656,116.925498962402,-180.0,0.0,Jump,pressed
1173.622,jump_executed,858.922912597656,116.925498962402,-180.0,-500.0,jump,x_858.922912597656_y_116.925498962402
1173.631,sonification,855.922485351562,108.590087890625,-180.0,-500.055541992188,osc_received,"value_[1, ""mushrooms""]"
1173.631,musicking,855.922485351562,108.590087890625,-180.0,-500.055541992188,osc_received,"value_[1, ""chain-jumps""]"
1173.739,jump_peak_reached,837.96337890625,76.6211471557617,-180.0,75.978401184082,jump_peak,x_837.96337890625_y_76.6211471557617
1173.872,jump_input_released,813.96337890625,104.035545349121,-180.0,372.274719238281,Jump,released
1174.357,platform_landed,806.130065917969,548.992614746094,0.0,0.0,land_on_platform,platform_scene-1/Tile Map/44_31_layer_Tile Map_tile_44_31_source_1_atlas_14_0
1174.357,landed,806.130065917969,548.992614746094,0.0,0.0,land,surface_wood_impact_2.89269677734375
1174.358,sonification,806.130065917969,548.992614746094,0.0,0.0,osc_received,"value_[1, ""leadr-mel""]"
1174.394,musicking,806.130065917969,548.992614746094,0.0,0.0,osc_received,"value_[1, ""far-fall""]"
1174.394,musicking,806.130065917969,548.992614746094,0.0,0.0,osc_received,"value_[1, ""platform_pan_nav""]"
1174.756,move_left_pressed,806.130065917969,548.992614746094,-33.3333320617676,0.0,Move_Left,pressed
1174.764,sonification,805.574523925781,548.992614746094,-33.3333320617676,0.0,osc_received,"value_[1, ""mushrooms""]"
1174.873,jump_input_pressed,791.796752929688,549.101989746094,-180.0,0.0,Jump,pressed
1174.874,jump_executed,791.796752929688,549.101989746094,-180.0,-500.0,jump,x_791.796752929688_y_549.101989746094
1174.874,sonification,788.775329589844,540.708190917969,-180.0,-500.055541992188,osc_received,"value_[1, ""mushrooms""]"
1174.89,jump_peak_reached,788.775329589844,540.708190917969,-180.0,-479.222198486328,jump_peak,x_788.775329589844_y_540.708190917969
1175.39,jump_input_released,700.164245605469,451.704528808594,-13.3333311080933,225.000106811523,Jump,released
1175.706,platform_landed,699.942016601562,638.970153808594,0.0,0.0,land_on_platform,platform_scene-1/Tile Map/38_36_layer_Tile Map_tile_38_36_source_1_atlas_13_0
1175.706,landed,699.942016601562,638.970153808594,0.0,0.0,land,surface_wood_impact_1.85740795898438
1175.714,sonification,699.942016601562,638.970153808594,0.0,0.0,osc_received,"value_[1, ""leadr-mel""]"
1176.173,move_right_pressed,699.942016601562,638.970153808594,33.3333320617676,0.0,Move_Right,pressed
1176.174,sonification,700.49755859375,638.970153808594,33.3333320617676,0.0,osc_received,"value_[1, ""mushrooms""]"
1176.573,sonification,761.108642578125,638.929992675781,0.0,0.0,osc_received,"value_[1, ""mushrooms""]"
1176.591,jump_input_pressed,761.108642578125,638.929992675781,0.0,0.0,Jump,pressed
1176.591,jump_executed,761.108642578125,638.929992675781,0.0,-500.0,jump,x_761.108642578125_y_638.929992675781
1176.606,jump_peak_reached,761.108642578125,630.590454101562,-15.0,-479.222198486328,jump_peak,x_761.108642578125_y_630.590454101562
1176.606,move_left_pressed,761.108642578125,630.590454101562,-15.0,-479.222198486328,Move_Left,pressed
1177.092,jump_input_released,690.608642578125,538.4541015625,-180.0,187.963073730469,Jump,released
1177.324,platform_landed,685.775329589844,638.979431152344,0.0,0.0,land_on_platform,platform_scene-1/Tile Map/38_36_layer_Tile Map_tile_38_36_source_1_atlas_13_0
1177.324,landed,685.775329589844,638.979431152344,0.0,0.0,land,surface_wood_impact_1.41296337890625
1177.325,sonification,685.775329589844,638.979431152344,0.0,0.0,osc_received,"value_[1, ""leadr-mel""]"
1177.54,move_left_pressed,685.775329589844,638.979431152344,-33.3333320617676,0.0,Move_Left,pressed
1177.54,sonification,685.219787597656,638.979431152344,-33.3333320617676,0.0,osc_received,"value_[1, ""mushrooms""]"
1177.572,jump_input_pressed,684.108703613281,638.93115234375,-100.0,0.0,Jump,pressed
1177.573,jump_executed,684.108703613281,638.93115234375,-100.0,-500.0,jump,x_684.108703613281_y_638.93115234375
1177.573,sonification,682.440856933594,630.590881347656,-100.0,-500.055541992188,osc_received,"value_[1, ""mushrooms""]"
1178.006,jump_peak_reached,630.252685546875,532.421508789062,-180.0,39.8149261474609,jump_peak,x_630.252685546875_y_532.421508789062
1178.111,platform_landed,609.252685546875,549.963623046875,-180.0,0.0,land_on_platform,platform_scene-1/Tile Map/33_31_layer_Tile Map_tile_33_31_source_1_atlas_17_0
1178.111,landed,609.252685546875,549.963623046875,-180.0,0.0,land,surface_wood_impact_0.52407427978516
1178.112,sonification,609.252685546875,549.963623046875,-180.0,0.0,osc_received,"value_[1, ""leadr-mel""]"
1178.112,musicking,609.252685546875,549.963623046875,-180.0,0.0,osc_received,"value_[1, ""leaves""]"
1178.149,jump_input_released,606.252685546875,549.963623046875,-180.0,0.0,Jump,released
1178.567,move_left_pressed,601.419372558594,549.963623046875,-33.3333320617676,0.0,Move_Left,pressed
1178.597,jump_input_pressed,599.752746582031,549.963623046875,-100.0,0.0,Jump,pressed
1178.597,jump_executed,599.752746582031,549.963623046875,-100.0,-500.0,jump,x_599.752746582031_y_549.963623046875
1178.648,jump_peak_reached,593.994262695312,534.685668945312,-145.0,74.0740737915039,jump_peak,x_593.994262695312_y_534.685668945312
1178.915,platform_landed,543.994201660156,638.93359375,-180.0,0.0,land_on_platform,platform_scene-1/Tile Map/30_36_layer_Tile Map_tile_30_36_source_1_atlas_2_0
1178.916,landed,543.994201660156,638.93359375,-180.0,0.0,land,surface_wood_impact_1.33333349609375
1178.917,sonification,543.994201660156,638.93359375,-180.0,0.0,osc_received,"value_[1, ""leadr-mel""]"
1178.931,jump_input_released,543.994201660156,638.93359375,-180.0,0.0,Jump,released
1179.549,move_left_pressed,536.160888671875,638.93359375,-33.3333320617676,0.0,Move_Left,pressed
1179.598,jump_input_pressed,532.827575683594,638.93359375,-133.33332824707,0.0,Jump,pressed
1179.598,jump_executed,532.827575683594,638.93359375,-133.33332824707,-500.0,jump,x_532.827575683594_y_638.93359375
1179.615,jump_peak_reached,530.603271484375,630.591552734375,-148.33332824707,-479.222198486328,jump_peak,x_530.603271484375_y_630.591552734375
1180.031,platform_landed,485.055053710938,638.927612304688,-180.0,0.0,land_on_platform,platform_scene-1/Tile Map/26_36_layer_Tile Map_tile_26_36_source_1_atlas_2_0
1180.031,landed,485.055053710938,638.927612304688,-180.0,0.0,land,surface_wood_impact_1.05316564941406
1180.032,sonification,485.055053710938,638.927612304688,-180.0,0.0,osc_received,"value_[1, ""leadr-mel""]"
1180.048,jump_input_released,485.055053710938,638.927612304688,-180.0,0.0,Jump,released
1180.215,move_left_pressed,477.221710205078,638.927612304688,-33.3333320617676,0.0,Move_Left,pressed
1180.298,jump_input_pressed,468.888397216797,638.927612304688,-180.0,0.0,Jump,pressed
1180.298,jump_executed,468.888397216797,638.927612304688,-180.0,-500.0,jump,x_468.888397216797_y_638.927612304688
1180.515,jump_input_released,429.887329101562,557.253356933594,-180.0,-234.222106933594,Jump,released
1180.614,jump_peak_reached,425.053985595703,552.461669921875,0.0,41.2037048339844,jump_peak,x_425.053985595703_y_552.461669921875
1180.764,platform_landed,425.053985595703,584.9853515625,0.0,0.0,land_on_platform,platform_scene-1/Tile Map/23_33_layer_Tile Map_tile_23_33_source_1_atlas_3_0
1180.764,landed,425.053985595703,584.9853515625,0.0,0.0,land,surface_wood_impact_0.74907415771484
1180.772,sonification,425.053985595703,584.9853515625,0.0,0.0,osc_received,"value_[1, ""leadr-mel""]"
1180.782,musicking,425.053985595703,584.9853515625,0.0,0.0,osc_received,"value_[1, ""platform_pan_nav""]"
1181.032,move_right_pressed,425.053985595703,584.9853515625,33.3333320617676,0.0,Move_Right,pressed
1181.048,jump_input_pressed,425.609527587891,584.9853515625,66.6666641235352,0.0,Jump,pressed
1181.048,jump_executed,425.609527587891,584.9853515625,66.6666641235352,-500.0,jump,x_425.609527587891_y_584.9853515625
1181.264,jump_input_released,456.505432128906,503.261596679688,180.0,-234.222106933594,Jump,released
1181.363,jump_peak_reached,470.338775634766,498.469940185547,0.0,41.2037048339844,jump_peak,x_470.338775634766_y_498.469940185547
1181.564,platform_landed,470.338775634766,548.953247070312,0.0,0.0,land_on_platform,platform_scene-1/Tile Map/26_31_layer_Tile Map_tile_26_31_source_1_atlas_2_0
1181.564,landed,470.338775634766,548.953247070312,0.0,0.0,land,surface_wood_impact_0.97129644775391
1181.565,sonification,470.338775634766,548.953247070312,0.0,0.0,osc_received,"value_[1, ""leadr-mel""]"
1181.715,move_right_pressed,470.338775634766,548.953247070312,33.3333320617676,0.0,Move_Right,pressed
1181.749,jump_input_pressed,472.005432128906,548.953247070312,100.0,0.0,Jump,pressed
1181.749,jump_executed,472.005432128906,548.953247070312,100.0,-500.0,jump,x_472.005432128906_y_548.953247070312
1182.016,jump_input_released,515.760314941406,456.506591796875,180.0,-174.222106933594,Jump,released
1182.114,jump_peak_reached,523.593627929688,451.714935302734,0.0,41.2037048339844,jump_peak,x_523.593627929688_y_451.714935302734
1182.297,platform_landed,523.593627929688,494.957366943359,0.0,0.0,land_on_platform,platform_scene-1/Tile Map/29_28_layer_Tile Map_tile_29_28_source_1_atlas_2_0
1182.297,landed,523.593627929688,494.957366943359,0.0,0.0,land,surface_wood_impact_0.89722235107422
1182.306,sonification,523.593627929688,494.957366943359,0.0,0.0,osc_received,"value_[1, ""leadr-mel""]"
1182.465,move_right_pressed,523.593627929688,494.957366943359,33.3333320617676,0.0,Move_Right,pressed
1182.497,jump_input_pressed,525.26025390625,494.957366943359,100.0,0.0,Jump,pressed
1182.497,jump_executed,525.26025390625,494.957366943359,100.0,-500.0,jump,x_525.26025390625_y_494.957366943359
1182.664,jump_peak_reached,535.090454101562,453.872680664062,25.7424545288086,50.4548530578613,jump_peak,x_535.090454101562_y_453.872680664062
1182.797,jump_input_released,545.523071289062,477.884826660156,145.742462158203,346.751159667969,Jump,released
1182.831,platform_landed,553.560180664062,494.933319091797,175.742462158203,0.0,land_on_platform,platform_scene-1/Tile Map/30_28_layer_Tile Map_tile_30_28_source_1_atlas_3_0
1182.831,landed,553.560180664062,494.933319091797,175.742462158203,0.0,land,surface_wood_impact_0.84165051269531
1182.832,sonification,553.560180664062,494.933319091797,175.742462158203,0.0,osc_received,"value_[1, ""leadr-mel""]"
1183.065,move_left_pressed,555.251586914062,494.933319091797,-33.3333320617676,0.0,Move_Left,pressed
1183.549,move_right_pressed,518.090576171875,494.925231933594,33.3333320617676,0.0,Move_Right,pressed
1183.589,jump_input_pressed,519.757202148438,494.925231933594,100.0,0.0,Jump,pressed
1183.589,jump_executed,519.757202148438,494.925231933594,100.0,-500.0,jump,x_519.757202148438_y_494.925231933594
1183.914,jump_input_released,545.175231933594,394.734405517578,150.0,-114.722114562988,Jump,released
1184.015,jump_peak_reached,551.786315917969,389.942749023438,0.0,41.2037048339844,jump_peak,x_551.786315917969_y_389.942749023438
1184.164,platform_landed,551.786315917969,422.978485107422,0.0,0.0,land_on_platform,platform_scene-1/Tile Map/30_24_layer_Tile Map_tile_30_24_source_1_atlas_1_0
1184.164,landed,551.786315917969,422.978485107422,0.0,0.0,land,surface_wood_impact_0.74907415771484
1184.165,sonification,551.786315917969,422.978485107422,0.0,0.0,osc_received,"value_[1, ""leadr-mel""]"
1184.182,musicking,551.786315917969,422.978485107422,0.0,0.0,osc_received,"value_[1, ""platform_pan_nav""]"
1184.314,move_left_pressed,551.786315917969,422.978485107422,-33.3333320617676,0.0,Move_Left,pressed
1184.331,jump_input_pressed,551.230773925781,422.978485107422,-66.6666641235352,0.0,Jump,pressed
1184.331,jump_executed,551.230773925781,422.978485107422,-66.6666641235352,-500.0,jump,x_551.230773925781_y_422.978485107422
1184.615,jump_input_released,508.335876464844,327.590270996094,-180.0,-154.333221435547,Jump,released
1184.714,jump_peak_reached,490.335876464844,322.798614501953,-180.0,41.2037048339844,jump_peak,x_490.335876464844_y_322.798614501953
1184.931,coin_collected,451.335876464844,379.874267578125,-180.0,485.648223876953,collect_coin,coin_coin2_score_8
1184.932,platform_landed,448.335876464844,386.933563232422,-180.0,0.0,land_on_platform,platform_scene-1/Tile Map/24_22_layer_Tile Map_tile_24_22_source_1_atlas_2_0
1184.932,landed,448.335876464844,386.933563232422,-180.0,0.0,land,surface_wood_impact_1.04537048339844
1184.933,sonification,448.335876464844,386.933563232422,-180.0,0.0,osc_received,"value_[1, ""leadr-mel""]"
1184.933,sonification,448.335876464844,386.933563232422,-180.0,0.0,osc_received,"value_[1, ""coins-with-pitch""]"
1185.248,move_right_pressed,425.502532958984,386.925262451172,33.3333320617676,0.0,Move_Right,pressed
1185.383,jump_input_pressed,442.835845947266,386.925262451172,180.0,0.0,Jump,pressed
1185.383,jump_executed,442.835845947266,386.925262451172,180.0,-500.0,jump,x_442.835845947266_y_386.925262451172
1185.582,jump_input_released,478.836181640625,309.50390625,180.0,-254.333206176758,Jump,released
1185.681,jump_peak_reached,489.669525146484,304.712249755859,0.0,41.2037048339844,jump_peak,x_489.669525146484_y_304.712249755859
1185.898,platform_landed,489.669525146484,368.985046386719,0.0,0.0,land_on_platform,platform_scene-1/Tile Map/27_21_layer_Tile Map_tile_27_21_source_1_atlas_2_0
1185.898,landed,489.669525146484,368.985046386719,0.0,0.0,land,surface_wood_impact_1.04537048339844
1185.899,sonification,489.669525146484,368.985046386719,0.0,0.0,osc_received,"value_[1, ""leadr-mel""]"
1185.984,move_right_pressed,489.669525146484,368.985046386719,33.3333320617676,0.0,Move_Right,pressed
1186.15,jump_input_pressed,513.002868652344,368.985046386719,180.0,0.0,Jump,pressed
1186.15,jump_executed,513.002868652344,368.985046386719,180.0,-500.0,jump,x_513.002868652344_y_368.985046386719
1186.364,jump_peak_reached,552.021240234375,295.685150146484,180.0,74.0740737915039,jump_peak,x_552.021240234375_y_295.685150146484
1186.364,jump_input_released,552.021240234375,295.685150146484,180.0,74.0740737915039,Jump,released
1186.564,platform_landed,583.854553222656,354.008819580078,0.0,0.0,land_on_platform,platform_scene-1/Tile Map/32_20_layer_Tile Map_tile_32_20_source_1_atlas_18_3
1186.564,landed,583.854553222656,354.008819580078,0.0,0.0,land,surface_wood_impact_1.037037109375
1186.565,sonification,583.854553222656,354.008819580078,0.0,0.0,osc_received,"value_[1, ""leadr-mel""]"
1186.565,musicking,583.854553222656,354.008819580078,0.0,0.0,osc_received,"value_[1, ""leaves""]"
1186.582,musicking,583.854553222656,354.008819580078,0.0,0.0,osc_received,"value_[1, ""platform_pan_nav""]"
1186.748,move_right_pressed,583.854553222656,354.008819580078,33.3333320617676,0.0,Move_Right,pressed
1186.784,jump_input_pressed,585.521301269531,353.957489013672,100.0,0.0,Jump,pressed
1186.784,jump_executed,585.521301269531,353.957489013672,100.0,-500.0,jump,x_585.521301269531_y_353.957489013672
1186.997,jump_peak_reached,620.273681640625,277.684783935547,180.0,74.0740737915039,jump_peak,x_620.273681640625_y_277.684783935547
1187.148,platform_landed,650.273681640625,314.933044433594,180.0,0.0,land_on_platform,platform_scene-1/Tile Map/36_18_layer_Tile Map_tile_36_18_source_1_atlas_0_0
1187.149,landed,650.273681640625,314.933044433594,180.0,0.0,land,surface_wood_impact_0.81481488037109
1187.15,sonification,650.273681640625,314.933044433594,180.0,0.0,osc_received,"value_[1, ""leadr-mel""]"
1187.283,jump_input_released,671.285034179688,315.112731933594,96.6666641235352,37.037036895752,Jump,released
1187.297,coin_collected,672.896118164062,315.730010986328,96.6666641235352,37.037036895752,collect_coin,coin_coin3_score_10
1187.299,sonification,673.118347167969,316.964569091797,13.3333311080933,74.0740737915039,osc_received,"value_[1, ""coins-with-pitch""]"
1187.397,platform_landed,674.248657226562,332.976043701172,0.0,0.0,land_on_platform,platform_scene-1/Tile Map/37_19_layer_Tile Map_tile_37_19_source_1_atlas_1_0
1187.398,landed,674.248657226562,332.976043701172,0.0,0.0,land,surface_wood_impact_0.59259259033203
1187.398,sonification,674.248657226562,332.976043701172,0.0,0.0,osc_received,"value_[1, ""leadr-mel""]"
1187.864,move_right_pressed,674.248657226562,332.976043701172,33.3333320617676,0.0,Move_Right,pressed
1187.883,jump_input_pressed,674.80419921875,332.976043701172,66.6666641235352,0.0,Jump,pressed
1187.883,jump_executed,674.80419921875,332.976043701172,66.6666641235352,-500.0,jump,x_674.80419921875_y_332.976043701172
1187.984,jump_input_released,685.226684570312,288.088012695312,156.666656494141,-376.166595458984,Jump,released
1188.08,jump_peak_reached,689.059997558594,283.296356201172,0.0,41.2037048339844,jump_peak,x_689.059997558594_y_283.296356201172
1188.273,move_right_pressed,689.059997558594,324.800994873047,15.0,448.611175537109,Move_Right,pressed
1188.291,platform_landed,689.809997558594,332.932800292969,30.0,0.0,land_on_platform,platform_scene-1/Tile Map/38_19_layer_Tile Map_tile_38_19_source_1_atlas_3_0
1188.291,landed,689.809997558594,332.932800292969,30.0,0.0,land,surface_wood_impact_0.97129644775391
1188.292,sonification,689.809997558594,332.932800292969,30.0,0.0,osc_received,"value_[1, ""leadr-mel""]"
1188.874,move_left_pressed,695.925170898438,332.933776855469,-33.3333320617676,0.0,Move_Left,pressed
1188.889,jump_input_pressed,695.36962890625,332.925262451172,-66.6666641235352,0.0,Jump,pressed
1188.889,jump_executed,695.36962890625,332.925262451172,-66.6666641235352,-500.0,jump,x_695.36962890625_y_332.925262451172
1189.157,musicking,672.574768066406,237.582489013672,-45.0,-175.166549682617,osc_received,"value_[1, ""platform_pan_nav""]"
1189.289,jump_input_released,660.324768066406,226.350082397461,-165.0,-16.6665554046631,Jump,released
1189.323,jump_peak_reached,654.574768066406,226.141754150391,-96.6666641235352,41.2038154602051,jump_peak,x_654.574768066406_y_226.141754150391
1189.425,platform_landed,652.741455078125,242.99430847168,0.0,0.0,land_on_platform,platform_scene-1/Tile Map/36_14_layer_Tile Map_tile_36_14_source_1_atlas_3_0
1189.425,landed,652.741455078125,242.99430847168,0.0,0.0,land,surface_wood_impact_0.52685205078125
1189.426,sonification,652.741455078125,242.99430847168,0.0,0.0,osc_received,"value_[1, ""leadr-mel""]"
1189.548,move_left_pressed,652.741455078125,242.99430847168,-33.3333320617676,0.0,Move_Left,pressed
1189.573,jump_input_pressed,651.074829101562,242.99430847168,-100.0,0.0,Jump,pressed
1189.573,jump_executed,651.074829101562,242.99430847168,-100.0,-500.0,jump,x_651.074829101562_y_242.99430847168
1189.906,jump_input_released,595.31298828125,140.815078735352,-180.0,-94.9998931884766,Jump,released
1190.006,jump_peak_reached,587.479675292969,136.523422241211,0.0,46.2038116455078,jump_peak,x_587.479675292969_y_136.523422241211
1190.157,platform_landed,587.479675292969,170.976409912109,0.0,0.0,land_on_platform,platform_scene-1/Tile Map/32_10_layer_Tile Map_tile_32_10_source_1_atlas_2_0
1190.157,landed,587.479675292969,170.976409912109,0.0,0.0,land,surface_wood_impact_0.75907434082031
1190.158,sonification,587.479675292969,170.976409912109,0.0,0.0,osc_received,"value_[1, ""leadr-mel""]"
1190.372,move_left_pressed,587.479675292969,170.976409912109,-33.3333320617676,0.0,Move_Left,pressed
1190.472,jump_input_pressed,576.146362304688,170.976409912109,-180.0,0.0,Jump,pressed
1190.472,jump_executed,576.146362304688,170.976409912109,-180.0,-500.0,jump,x_576.146362304688_y_170.976409912109
1190.623,jump_peak_reached,549.130493164062,115.685859680176,-180.0,74.0740737915039,jump_peak,x_549.130493164062_y_115.685859680176
1190.89,jump_input_released,501.130493164062,209.513046264648,-180.0,666.666748046875,Jump,released
1191.072,platform_landed,490.297149658203,368.902526855469,0.0,0.0,land_on_platform,platform_scene-1/Tile Map/27_21_layer_Tile Map_tile_27_21_source_1_atlas_2_0
1191.073,landed,490.297149658203,368.902526855469,0.0,0.0,land,surface_wood_impact_2.1481484375
1191.074,sonification,490.297149658203,368.902526855469,0.0,0.0,osc_received,"value_[1, ""leadr-mel""]"
1191.097,musicking,490.297149658203,368.994323730469,0.0,0.0,osc_received,"value_[1, ""platform_pan_nav""]"
1192.257,move_left_pressed,490.297149658203,368.994323730469,-33.3333320617676,0.0,Move_Left,pressed
1192.29,jump_input_pressed,488.630493164062,368.994323730469,-100.0,0.0,Jump,pressed
1192.29,jump_executed,488.630493164062,368.994323730469,-100.0,-500.0,jump,x_488.630493164062_y_368.994323730469
1192.722,jump_peak_reached,431.155181884766,262.106781005859,-120.0,39.8149261474609,jump_peak,x_431.155181884766_y_262.106781005859
1192.74,platform_landed,426.908782958984,262.954681396484,-135.0,0.0,land_on_platform,platform_scene-1/Tile Map/23_15_layer_Tile Map_tile_23_15_source_1_atlas_14_6
1192.74,landed,426.908782958984,262.954681396484,-135.0,0.0,land,surface_wood_impact_0.15370393371582
1192.74,musicking,426.908782958984,262.954681396484,-135.0,0.0,osc_received,"value_[1, ""water-tube""]"
1192.747,sonification,426.908782958984,262.954681396484,-135.0,0.0,osc_received,"value_[1, ""leadr-mel""]"
1192.839,jump_input_released,412.094085693359,263.954681396484,-180.0,0.0,Jump,released
1193.856,move_left_pressed,404.2607421875,263.954681396484,-33.3333320617676,0.0,Move_Left,pressed
1193.922,jump_input_pressed,398.705200195312,263.954681396484,-166.666656494141,0.0,Jump,pressed
1193.923,jump_executed,398.705200195312,263.954681396484,-166.666656494141,-500.0,jump,x_398.705200195312_y_263.954681396484
1194.206,jump_input_released,352.542266845703,168.802169799805,-180.0,-154.333221435547,Jump,released
1194.306,jump_peak_reached,344.708923339844,164.010498046875,0.0,41.2037048339844,jump_peak,x_344.708923339844_y_164.010498046875
1194.439,platform_landed,344.708923339844,188.985534667969,0.0,0.0,land_on_platform,platform_scene-1/Tile Map/19_11_layer_Tile Map_tile_19_11_source_1_atlas_3_0
1194.439,landed,344.708923339844,188.985534667969,0.0,0.0,land,surface_wood_impact_0.67500006103516
1194.44,sonification,344.708923339844,188.985534667969,0.0,0.0,osc_received,"value_[1, ""leadr-mel""]"
1194.889,move_right_pressed,344.708923339844,188.985534667969,33.3333320617676,0.0,Move_Right,pressed
1195.29,platform_landed,393.885345458984,264.000183105469,0.0,0.0,land_on_platform,platform_scene-1/Tile Map/21_15_layer_Tile Map_tile_21_15_source_1_atlas_13_6
1195.29,landed,393.885345458984,264.000183105469,0.0,0.0,land,surface_wood_impact_1.18518530273438
1195.29,sonification,393.885345458984,264.000183105469,0.0,0.0,osc_received,"value_[1, ""leadr-mel""]"
1195.291,musicking,393.885345458984,264.000183105469,0.0,0.0,osc_received,"value_[1, ""water-tube""]"
1195.306,musicking,393.885345458984,264.000183105469,0.0,0.0,osc_received,"value_[1, ""platform_pan_nav""]"
1196.573,move_left_pressed,393.885345458984,264.000183105469,-33.3333320617676,0.0,Move_Left,pressed
1196.606,jump_input_pressed,392.21875,263.948669433594,-100.0,0.0,Jump,pressed
1196.606,jump_executed,392.21875,263.948669433594,-100.0,-500.0,jump,x_392.21875_y_263.948669433594
1196.923,jump_input_released,356.824768066406,163.751358032227,-150.0,-114.722114562988,Jump,released
1197.022,jump_peak_reached,343.741424560547,158.959686279297,0.0,41.2037048339844,jump_peak,x_343.741424560547_y_158.959686279297
1197.173,platform_landed,343.741424560547,188.996185302734,0.0,0.0,land_on_platform,platform_scene-1/Tile Map/19_11_layer_Tile Map_tile_19_11_source_1_atlas_3_0
1197.173,landed,343.741424560547,188.996185302734,0.0,0.0,land,surface_wood_impact_0.74907415771484
1197.181,sonification,343.741424560547,188.996185302734,0.0,0.0,osc_received,"value_[1, ""leadr-mel""]"
1197.207,move_left_pressed,343.741424560547,188.996185302734,-33.3333320617676,0.0,Move_Left,pressed
1197.724,platform_landed,300.561492919922,336.016510009766,0.0,0.0,land_on_platform,platform_scene-1/Tile Map/16_19_layer_Tile Map_tile_16_19_source_1_atlas_18_3
1197.724,landed,300.561492919922,336.016510009766,0.0,0.0,land,surface_wood_impact_1.6296298828125
1197.725,sonification,300.561492919922,336.016510009766,0.0,0.0,osc_received,"value_[1, ""leadr-mel""]"
1197.725,musicking,300.561492919922,336.016510009766,0.0,0.0,osc_received,"value_[1, ""leaves""]"
1197.74,musicking,300.561492919922,336.016510009766,0.0,0.0,osc_received,"value_[1, ""platform_pan_nav""]"
1198.357,move_right_pressed,300.561492919922,336.016510009766,33.3333320617676,0.0,Move_Right,pressed
1198.699,move_left_pressed,331.7255859375,335.941955566406,-33.3333320617676,0.0,Move_Left,pressed
1199.05,move_right_pressed,276.782318115234,335.923583984375,0.0,0.0,Move_Right,pressed
1199.539,move_right_pressed,304.949462890625,335.984405517578,33.3333320617676,0.0,Move_Right,pressed
1199.574,jump_input_pressed,306.616119384766,335.984405517578,100.0,0.0,Jump,pressed
1199.574,jump_executed,306.616119384766,335.984405517578,100.0,-500.0,jump,x_306.616119384766_y_335.984405517578
1200.006,jump_peak_reached,380.373687744141,229.117630004883,180.0,39.8149261474609,jump_peak,x_380.373687744141_y_229.117630004883
1200.072,jump_input_released,392.373687744141,235.475677490234,180.0,187.963073730469,Jump,released
1200.172,platform_landed,400.20703125,263.998596191406,0.0,0.0,land_on_platform,platform_scene-1/Tile Map/22_15_layer_Tile Map_tile_22_15_source_1_atlas_13_6
1200.172,landed,400.20703125,263.998596191406,0.0,0.0,land,surface_wood_impact_0.82037066650391
1200.172,sonification,400.20703125,263.998596191406,0.0,0.0,osc_received,"value_[1, ""leadr-mel""]"
1200.173,musicking,400.20703125,263.998596191406,0.0,0.0,osc_received,"value_[1, ""water-tube""]"
1200.291,move_left_pressed,400.20703125,263.998596191406,-33.3333320617676,0.0,Move_Left,pressed
1200.322,jump_input_pressed,398.540435791016,263.935852050781,-100.0,0.0,Jump,pressed
1200.323,jump_executed,398.540435791016,263.935852050781,-100.0,-500.0,jump,x_398.540435791016_y_263.935852050781
1200.656,jump_input_released,342.788696289062,161.80647277832,-180.0,-94.9998931884766,Jump,released
1200.756,jump_peak_reached,334.955352783203,157.51481628418,0.0,46.2038116455078,jump_peak,x_334.955352783203_y_157.51481628418
1200.906,platform_landed,334.955352783203,188.990325927734,0.0,0.0,land_on_platform,platform_scene-1/Tile Map/18_11_layer_Tile Map_tile_18_11_source_1_atlas_1_0
1200.906,landed,334.955352783203,188.990325927734,0.0,0.0,land,surface_wood_impact_0.75907434082031
1200.907,sonification,334.955352783203,188.990325927734,0.0,0.0,osc_received,"value_[1, ""leadr-mel""]"
1201.023,move_right_pressed,334.955352783203,188.990325927734,33.3333320617676,0.0,Move_Right,pressed
1201.072,jump_input_pressed,338.288665771484,188.990325927734,133.33332824707,0.0,Jump,pressed
1201.072,jump_executed,338.288665771484,188.990325927734,133.33332824707,-500.0,jump,x_338.288665771484_y_188.990325927734
1201.506,jump_peak_reached,414.691955566406,82.1077575683594,180.0,39.8149261474609,jump_peak,x_414.691955566406_y_82.1077575683594
1201.673,jump_input_released,444.691955566406,116.521362304688,180.0,410.185333251953,Jump,released
1201.723,coin_collected,453.691955566406,138.882476806641,180.0,484.259429931641,collect_coin,coin_coin5_score_12
1201.724,sonification,455.303070068359,147.570755004883,96.6666641235352,521.296447753906,osc_received,"value_[1, ""coins-with-pitch""]"
1201.74,platform_landed,455.525299072266,152.93293762207,13.3333311080933,0.0,land_on_platform,platform_scene-1/Tile Map/25_9_layer_Tile Map_tile_25_9_source_1_atlas_2_0
1201.74,landed,455.525299072266,152.93293762207,13.3333311080933,0.0,land,surface_wood_impact_1.1166669921875
1201.74,sonification,455.525299072266,152.93293762207,13.3333311080933,0.0,osc_received,"value_[1, ""leadr-mel""]"
1201.972,move_right_pressed,455.525299072266,152.93293762207,33.3333320617676,0.0,Move_Right,pressed
1202.008,jump_input_pressed,457.191955566406,152.93293762207,100.0,0.0,Jump,pressed
1202.008,jump_executed,457.191955566406,152.93293762207,100.0,-500.0,jump,x_457.191955566406_y_152.93293762207
1202.44,jump_peak_reached,530.943420410156,46.096794128418,96.6666641235352,39.8149261474609,jump_peak,x_530.943420410156_y_46.096794128418
1202.44,jump_input_released,530.943420410156,46.096794128418,96.6666641235352,39.8149261474609,Jump,released
1202.606,platform_landed,532.776733398438,80.9777297973633,0.0,0.0,land_on_platform,platform_scene-1/Tile Map/29_5_layer_Tile Map_tile_29_5_source_1_atlas_2_0
1202.606,landed,532.776733398438,80.9777297973633,0.0,0.0,land,surface_wood_impact_0.82037066650391
1202.607,sonification,532.776733398438,80.9777297973633,0.0,0.0,osc_received,"value_[1, ""leadr-mel""]"
1202.625,musicking,532.776733398438,80.9777297973633,0.0,0.0,osc_received,"value_[1, ""platform_pan_nav""]"
1202.739,move_right_pressed,532.776733398438,80.9777297973633,33.3333320617676,0.0,Move_Right,pressed
1202.806,jump_input_pressed,538.332275390625,80.9777297973633,166.666656494141,0.0,Jump,pressed
1202.806,jump_executed,538.332275390625,80.9777297973633,166.666656494141,-500.0,jump,x_538.332275390625_y_80.9777297973633
1203.24,jump_peak_reached,616.124084472656,-25.893030166626,180.0,39.8149261474609,jump_peak,x_616.124084472656_y_-25.893030166626
1203.272,jump_input_released,622.124084472656,-23.9485816955566,180.0,113.889007568359,Jump,released
1203.473,platform_landed,650.957397460938,44.9860877990723,0.0,0.0,land_on_platform,platform_scene-1/Tile Map/36_3_layer_Tile Map_tile_36_3_source_1_atlas_13_0
1203.473,landed,650.957397460938,44.9860877990723,0.0,0.0,land,surface_wood_impact_1.1166669921875
1203.474,sonification,650.957397460938,44.9860877990723,0.0,0.0,osc_received,"value_[1, ""leadr-mel""]"
1203.772,move_right_pressed,650.957397460938,44.9860877990723,33.3333320617676,0.0,Move_Right,pressed
1203.773,sonification,651.512939453125,44.9860877990723,33.3333320617676,0.0,osc_received,"value_[1, ""mushrooms""]"
1204.225,move_left_pressed,725.290710449219,44.9860877990723,63.3333396911621,0.0,Move_Left,pressed
1204.248,sonification,726.346252441406,44.9860877990723,0.0,0.0,osc_received,"value_[1, ""mushrooms""]"
1204.257,sonification,725.790710449219,44.9860877990723,-33.3333320617676,0.0,osc_received,"value_[1, ""mushrooms""]"
1204.273,jump_input_pressed,725.790710449219,44.9860877990723,-66.6666641235352,0.0,Jump,pressed
1204.273,jump_executed,725.790710449219,44.9860877990723,-66.6666641235352,-500.0,jump,x_725.790710449219_y_44.9860877990723
1204.273,sonification,724.672546386719,36.5987319946289,-66.6666641235352,-500.055541992188,osc_received,"value_[1, ""mushrooms""]"
1204.589,jump_input_released,676.894958496094,-55.2567939758301,-180.0,-114.722114562988,Jump,released
1204.691,jump_peak_reached,658.894958496094,-60.0484619140625,-96.6666641235352,41.2037048339844,jump_peak,x_658.894958496094_y_-60.0484619140625
1204.84,platform_landed,657.061645507812,-27.0127334594727,0.0,0.0,land_on_platform,platform_scene-1/Tile Map/36_-1_layer_Tile Map_tile_36_-1_source_1_atlas_13_7
1204.84,landed,657.061645507812,-27.0127334594727,0.0,0.0,land,surface_wood_impact_0.74907415771484
1204.84,musicking,657.061645507812,-27.0127334594727,0.0,0.0,osc_received,"value_[1, ""cloud""]"
1205.058,move_left_pressed,657.061645507812,-27.0127334594727,-33.3333320617676,0.0,Move_Left,pressed
1205.107,jump_input_pressed,653.728332519531,-27.0127334594727,-133.33332824707,0.0,Jump,pressed
1205.107,jump_executed,653.728332519531,-27.0127334594727,-133.33332824707,-500.0,jump,x_653.728332519531_y_-27.0127334594727
1205.406,jump_input_released,601.325744628906,-124.994667053223,-180.0,-134.499893188477,Jump,released
1205.506,jump_peak_reached,590.492431640625,-129.786331176758,0.0,41.2037048339844,jump_peak,x_590.492431640625_y_-129.786331176758
1205.739,platform_landed,590.492431640625,-63.0336265563965,0.0,0.0,land_on_platform,platform_scene-1/Tile Map/32_-3_layer_Tile Map_tile_32_-3_source_1_atlas_3_0
1205.739,landed,590.492431640625,-63.0336265563965,0.0,0.0,land,surface_wood_impact_1.11944458007812
1206.072,move_left_pressed,590.492431640625,-63.0336265563965,-33.3333320617676,0.0,Move_Left,pressed
1206.158,jump_input_pressed,582.159118652344,-63.0336265563965,-180.0,0.0,Jump,pressed
1206.158,jump_executed,582.159118652344,-63.0336265563965,-180.0,-500.0,jump,x_582.159118652344_y_-63.0336265563965
1206.506,jump_input_released,519.147338867188,-166.789443969727,-180.0,-75.3332214355469,Jump,released
1206.59,jump_peak_reached,504.147338867188,-169.594985961914,-180.0,45.0371475219727,jump_peak,x_504.147338867188_y_-169.594985961914
1206.756,coin_collected,499.313995361328,-134.311004638672,0.0,378.370513916016,collect_coin,coin_coin9_score_14
1206.757,sonification,499.313995361328,-127.387542724609,0.0,415.407562255859,osc_received,"value_[1, ""coins-with-pitch""]"
1206.792,platform_landed,499.313995361328,-117.010612487793,0.0,0.0,land_on_platform,platform_scene-1/Tile Map/27_-6_layer_Tile Map_tile_27_-6_source_1_atlas_2_0
1206.792,landed,499.313995361328,-117.010612487793,0.0,0.0,land,surface_wood_impact_0.97896331787109
1206.807,musicking,499.313995361328,-117.010612487793,0.0,0.0,osc_received,"value_[1, ""platform_pan_nav""]"
1207.024,move_left_pressed,499.313995361328,-117.010612487793,-33.3333320617676,0.0,Move_Left,pressed
1207.123,jump_input_pressed,487.980682373047,-117.010612487793,-180.0,0.0,Jump,pressed
1207.123,jump_executed,487.980682373047,-117.010612487793,-180.0,-500.0,jump,x_487.980682373047_y_-117.010612487793
1207.223,jump_input_released,469.962554931641,-161.904495239258,-96.6666641235352,-376.166595458984,Jump,released
1207.323,jump_peak_reached,468.129211425781,-166.696166992188,0.0,41.2037048339844,jump_peak,x_468.129211425781_y_-166.696166992188
1207.473,platform_landed,468.129211425781,-135.001571655273,0.0,0.0,land_on_platform,platform_scene-1/Tile Map/25_-7_layer_Tile Map_tile_25_-7_source_1_atlas_0_0
1207.473,landed,468.129211425781,-135.001571655273,0.0,0.0,land,surface_wood_impact_0.74907415771484
1207.69,move_left_pressed,468.129211425781,-135.001571655273,-33.3333320617676,0.0,Move_Left,pressed
1208.173,platform_landed,412.932403564453,-8.69764804840088,0.0,0.0,land_on_platform,platform_scene-1/Tile Map/23_0_layer_Tile Map_tile_23_0_source_1_atlas_13_7
1208.173,landed,412.932403564453,-8.69764804840088,0.0,0.0,land,surface_wood_impact_1.48148168945313
1208.173,sonification,412.932403564453,-8.69764804840088,0.0,0.0,osc_received,"value_[1, ""leadr-mel""]"
1208.173,musicking,412.932403564453,-8.69764804840088,0.0,0.0,osc_received,"value_[1, ""cloud""]"
1208.657,move_left_pressed,412.932403564453,-8.69764804840088,-33.3333320617676,0.0,Move_Left,pressed
1208.974,platform_landed,362.983215332031,81.2169036865234,-180.0,0.0,land_on_platform,platform_scene-1/Tile Map/19_5_layer_Tile Map_tile_19_5_source_1_atlas_15_0
1208.974,landed,362.983215332031,81.2169036865234,-180.0,0.0,land,surface_wood_impact_1.25925939941406
1208.975,sonification,362.983215332031,81.2169036865234,-180.0,0.0,osc_received,"value_[1, ""mushrooms""]"
1208.982,sonification,362.983215332031,81.2169036865234,-180.0,0.0,osc_received,"value_[1, ""leadr-mel""]"
1209.024,sonification,361.224273681641,81.0016708374023,0.0,0.0,osc_received,"value_[1, ""mushrooms""]"
1209.54,move_right_pressed,361.224273681641,81.0016708374023,33.3333320617676,0.0,Move_Right,pressed
1209.541,sonification,361.781890869141,81.0016708374023,33.3333320617676,0.0,osc_received,"value_[1, ""mushrooms""]"
1209.59,sonification,366.835357666016,81.9821395874023,133.33332824707,0.0,osc_received,"value_[1, ""mushrooms""]"
1209.989,platform_landed,368.3779296875,263.937377929688,0.0,0.0,land_on_platform,platform_scene-1/Tile Map/20_15_layer_Tile Map_tile_20_15_source_1_atlas_13_6
1209.99,landed,368.3779296875,263.937377929688,0.0,0.0,land,surface_wood_impact_1.77777807617188
1209.99,sonification,368.3779296875,263.937377929688,0.0,0.0,osc_received,"value_[1, ""leadr-mel""]"
1209.99,musicking,368.3779296875,263.937377929688,0.0,0.0,osc_received,"value_[1, ""water-tube""]"
1210.024,musicking,368.3779296875,263.937377929688,0.0,0.0,osc_received,"value_[1, ""platform_pan_nav""]"
1210.74,move_right_pressed,368.3779296875,263.937377929688,33.3333320617676,0.0,Move_Right,pressed
1211.273,move_left_pressed,414.543701171875,263.951171875,-33.3333320617676,0.0,Move_Left,pressed
1211.324,jump_input_pressed,411.210052490234,263.951171875,-133.33332824707,0.0,Jump,pressed
1211.324,jump_executed,411.210052490234,263.951171875,-133.33332824707,-500.0,jump,x_411.210052490234_y_263.951171875
1211.339,jump_peak_reached,408.985595703125,255.608535766602,-148.33332824707,-479.222198486328,jump_peak,x_408.985595703125_y_255.608535766602
1211.656,jump_input_released,352.818908691406,161.82243347168,-180.0,-94.9998931884766,Jump,released
1211.907,platform_landed,347.985565185547,188.981567382812,0.0,0.0,land_on_platform,platform_scene-1/Tile Map/19_11_layer_Tile Map_tile_19_11_source_1_atlas_3_0
1211.907,landed,347.985565185547,188.981567382812,0.0,0.0,land,surface_wood_impact_0.75907434082031
1211.907,sonification,347.985565185547,188.981567382812,0.0,0.0,osc_received,"value_[1, ""leadr-mel""]"
1211.939,move_right_pressed,347.985565185547,188.981567382812,33.3333320617676,0.0,Move_Right,pressed
1212.039,jump_input_pressed,359.318878173828,188.981567382812,180.0,0.0,Jump,pressed
1212.039,jump_executed,359.318878173828,188.981567382812,180.0,-500.0,jump,x_359.318878173828_y_188.981567382812
1212.34,jump_input_released,413.334838867188,91.0066909790039,180.0,-134.499893188477,Jump,released
1212.439,jump_peak_reached,427.168182373047,86.2150268554688,0.0,41.2037048339844,jump_peak,x_427.168182373047_y_86.2150268554688
1212.624,platform_landed,427.168182373047,134.992065429688,0.0,0.0,land_on_platform,platform_scene-1/Tile Map/23_8_layer_Tile Map_tile_23_8_source_1_atlas_0_0
1212.624,landed,427.168182373047,134.992065429688,0.0,0.0,land,surface_wood_impact_0.89722235107422
1212.624,sonification,427.168182373047,134.992065429688,0.0,0.0,osc_received,"value_[1, ""leadr-mel""]"
1212.79,move_left_pressed,427.168182373047,134.992065429688,-33.3333320617676,0.0,Move_Left,pressed
1212.84,jump_input_pressed,423.834869384766,134.992065429688,-133.33332824707,0.0,Jump,pressed
1212.84,jump_executed,423.834869384766,134.992065429688,-133.33332824707,-500.0,jump,x_423.834869384766_y_134.992065429688
1213.206,jump_input_released,359.431213378906,29.9377059936523,-180.0,-55.722110748291,Jump,released
1213.273,jump_peak_reached,347.431213378906,28.3062324523926,-180.0,43.8149261474609,jump_peak,x_347.431213378906_y_28.3062324523926
1213.473,platform_landed,308.431213378906,80.9332427978516,-180.0,0.0,land_on_platform,platform_scene-1/Tile Map/17_5_layer_Tile Map_tile_17_5_source_1_atlas_13_0
1213.473,landed,308.431213378906,80.9332427978516,-180.0,0.0,land,surface_wood_impact_0.97651885986328
1213.474,sonification,308.431213378906,80.9332427978516,-180.0,0.0,osc_received,"value_[1, ""leadr-mel""]"
1213.474,sonification,308.431213378906,80.9332427978516,-180.0,0.0,osc_received,"value_[1, ""mushrooms""]"
1215.207,sonification,-3.58348369598389,81.1773834228516,-180.0,0.0,osc_received,"value_[1, ""mushrooms""]"
1215.607,platform_landed,-11.4168167114258,260.980651855469,0.0,0.0,land_on_platform,platform_scene-1/Tile Map/-1_15_layer_Tile Map_tile_-1_15_source_1_atlas_12_0
1215.607,landed,-11.4168167114258,260.980651855469,0.0,0.0,land,surface_wood_impact_1.77777807617188
1215.608,sonification,-11.4168167114258,260.980651855469,0.0,0.0,osc_received,"value_[1, ""leadr-mel""]"
1215.64,musicking,-11.4168167114258,260.980651855469,0.0,0.0,osc_received,"value_[1, ""platform_pan_nav""]"
1216.473,move_right_pressed,-11.4168167114258,260.980651855469,33.3333320617676,0.0,Move_Right,pressed
1216.49,sonification,-9.75015068054199,260.980651855469,66.6666641235352,0.0,osc_received,"value_[1, ""mushrooms""]"
1216.898,sonification,59.9342460632324,261.265808105469,180.0,0.0,osc_received,"value_[1, ""mushrooms""]"
1217.406,platform_landed,124.767585754395,567.363830566406,0.0,0.0,land_on_platform,platform_scene-1/Tile Map/7_32_layer_Tile Map_tile_7_32_source_1_atlas_0_0
1217.407,landed,124.767585754395,567.363830566406,0.0,0.0,land,surface_wood_impact_2.29629638671875
1217.407,sonification,124.767585754395,567.363830566406,0.0,0.0,osc_received,"value_[1, ""leadr-mel""]"
1217.44,musicking,124.767585754395,567.363830566406,0.0,0.0,osc_received,"value_[1, ""far-fall""]"
1219.073,move_right_pressed,124.767585754395,567.363830566406,33.3333320617676,0.0,Move_Right,pressed
1219.49,platform_landed,196.032592773438,638.933471679688,180.0,0.0,land_on_platform,platform_scene-1/Tile Map/10_36_layer_Tile Map_tile_10_36_source_1_atlas_2_0
1219.491,landed,196.032592773438,638.933471679688,180.0,0.0,land,surface_wood_impact_1.11111120605469
1219.491,sonification,196.032592773438,638.933471679688,180.0,0.0,osc_received,"value_[1, ""leadr-mel""]"
1219.806,jump_input_pressed,250.032592773438,638.933471679688,180.0,0.0,Jump,pressed
1219.806,jump_executed,250.032592773438,638.933471679688,180.0,-500.0,jump,x_250.032592773438_y_638.933471679688
1220.189,jump_input_released,319.035217285156,532.977111816406,180.0,-36.1665573120117,Jump,released
1220.239,jump_peak_reached,328.035217285156,532.21044921875,180.0,42.5371475219727,jump_peak,x_328.035217285156_y_532.21044921875
1220.34,platform_landed,349.035186767578,549.933837890625,180.0,0.0,land_on_platform,platform_scene-1/Tile Map/19_31_layer_Tile Map_tile_19_31_source_1_atlas_19_0
1220.34,landed,349.035186767578,549.933837890625,180.0,0.0,land,surface_wood_impact_0.52951873779297
1220.34,sonification,349.035186767578,549.933837890625,180.0,0.0,osc_received,"value_[1, ""leadr-mel""]"
1220.341,musicking,349.035186767578,549.933837890625,180.0,0.0,osc_received,"value_[1, ""leaves""]"
1220.374,jump_input_pressed,352.035186767578,549.933837890625,180.0,0.0,Jump,pressed
1220.374,jump_executed,352.035186767578,549.933837890625,180.0,-500.0,jump,x_352.035186767578_y_549.933837890625
1220.375,musicking,355.037933349609,541.591979980469,180.0,-500.055541992188,osc_received,"value_[1, ""chain-jumps""]"
1220.523,jump_peak_reached,379.039276123047,493.685699462891,180.0,74.0740737915039,jump_peak,x_379.039276123047_y_493.685699462891
1220.725,jump_input_released,415.039276123047,549.241271972656,180.0,518.5185546875,Jump,released
1220.773,platform_landed,427.039276123047,584.933532714844,180.0,0.0,land_on_platform,platform_scene-1/Tile Map/23_33_layer_Tile Map_tile_23_33_source_1_atlas_3_0
1220.773,landed,427.039276123047,584.933532714844,180.0,0.0,land,surface_wood_impact_1.25925939941406
1220.782,sonification,427.039276123047,584.933532714844,180.0,0.0,osc_received,"value_[1, ""leadr-mel""]"
1220.807,musicking,433.039276123047,584.933532714844,180.0,0.0,osc_received,"value_[1, ""platform_pan_nav""]"
1220.991,move_right_pressed,434.887786865234,585.195251464844,33.3333320617676,0.0,Move_Right,pressed
1221.006,jump_input_pressed,435.446655273438,585.439392089844,66.6666641235352,0.0,Jump,pressed
1221.006,jump_executed,435.446655273438,585.439392089844,66.6666641235352,-500.0,jump,x_435.446655273438_y_585.439392089844
1221.023,jump_peak_reached,436.566070556641,577.042846679688,81.6666641235352,-479.222198486328,jump_peak,x_436.566070556641_y_577.042846679688
1221.29,jump_input_released,478.343872070312,490.035461425781,180.0,-154.333221435547,Jump,released
1221.473,platform_landed,514.343872070312,494.932586669922,180.0,0.0,land_on_platform,platform_scene-1/Tile Map/28_28_layer_Tile Map_tile_28_28_source_1_atlas_1_0
1221.473,landed,514.343872070312,494.932586669922,180.0,0.0,land,surface_wood_impact_0.45277777099609
1221.474,sonification,514.343872070312,494.932586669922,180.0,0.0,osc_received,"value_[1, ""leadr-mel""]"
1221.64,jump_input_pressed,541.343872070312,494.932586669922,180.0,0.0,Jump,pressed
1221.64,jump_executed,541.343872070312,494.932586669922,180.0,-500.0,jump,x_541.343872070312_y_494.932586669922
1221.739,jump_peak_reached,559.34765625,457.685241699219,180.0,74.0740737915039,jump_peak,x_559.34765625_y_457.685241699219
1221.94,platform_landed,591.180969238281,513.983459472656,0.0,0.0,land_on_platform,platform_scene-1/Tile Map/32_29_layer_Tile Map_tile_32_29_source_1_atlas_18_0
1221.94,landed,591.180969238281,513.983459472656,0.0,0.0,land,surface_wood_impact_1.037037109375
1221.941,musicking,591.180969238281,513.983459472656,0.0,0.0,osc_received,"value_[1, ""leaves""]"
1221.948,sonification,591.180969238281,513.983459472656,0.0,0.0,osc_received,"value_[1, ""leadr-mel""]"
1221.956,jump_input_released,591.180969238281,513.983459472656,0.0,0.0,Jump,released
1222.389,move_left_pressed,591.180969238281,513.983459472656,-33.3333320617676,0.0,Move_Left,pressed
1222.423,jump_input_pressed,589.514343261719,513.983459472656,-100.0,0.0,Jump,pressed
1222.423,jump_executed,589.514343261719,513.983459472656,-100.0,-500.0,jump,x_589.514343261719_y_513.983459472656
1222.573,jump_peak_reached,566.752685546875,457.684478759766,-180.0,74.0740737915039,jump_peak,x_566.752685546875_y_457.684478759766
1222.725,platform_landed,536.752685546875,494.933044433594,-180.0,0.0,land_on_platform,platform_scene-1/Tile Map/29_28_layer_Tile Map_tile_29_28_source_1_atlas_2_0
1222.725,landed,536.752685546875,494.933044433594,-180.0,0.0,land,surface_wood_impact_0.81481488037109
1222.726,sonification,536.752685546875,494.933044433594,-180.0,0.0,osc_received,"value_[1, ""leadr-mel""]"
1222.823,jump_input_released,521.752685546875,494.933044433594,-180.0,0.0,Jump,released
1223.191,jump_input_pressed,516.919372558594,494.933044433594,0.0,0.0,Jump,pressed
1223.191,jump_executed,516.919372558594,494.933044433594,0.0,-500.0,jump,x_516.919372558594_y_494.933044433594
1223.207,move_right_pressed,516.919372558594,486.590911865234,15.0,-479.222198486328,Move_Right,pressed
1223.558,jump_input_released,563.419372558594,389.926177978516,180.0,-55.722110748291,Jump,released
1223.623,jump_peak_reached,568.252685546875,388.294708251953,0.0,43.8149261474609,jump_peak,x_568.252685546875_y_388.294708251953
1223.773,platform_landed,568.252685546875,422.982116699219,0.0,0.0,land_on_platform,platform_scene-1/Tile Map/31_24_layer_Tile Map_tile_31_24_source_1_atlas_3_0
1223.773,landed,568.252685546875,422.982116699219,0.0,0.0,land,surface_wood_impact_0.75429656982422
1223.774,sonification,568.252685546875,422.982116699219,0.0,0.0,osc_received,"value_[1, ""leadr-mel""]"
1223.889,move_left_pressed,568.252685546875,422.982116699219,-33.3333320617676,0.0,Move_Left,pressed
1223.925,jump_input_pressed,566.586059570312,422.982116699219,-100.0,0.0,Jump,pressed
1223.925,jump_executed,566.586059570312,422.982116699219,-100.0,-500.0,jump,x_566.586059570312_y_422.982116699219
1224.291,jump_input_released,504.826232910156,317.934478759766,-180.0,-55.722110748291,Jump,released
1224.356,jump_peak_reached,496.992889404297,316.303009033203,0.0,43.8149261474609,jump_peak,x_496.992889404297_y_316.303009033203
1224.556,platform_landed,496.992889404297,368.985504150391,0.0,0.0,land_on_platform,platform_scene-1/Tile Map/27_21_layer_Tile Map_tile_27_21_source_1_atlas_2_0
1224.556,landed,496.992889404297,368.985504150391,0.0,0.0,land,surface_wood_impact_0.97651885986328
1224.566,sonification,496.992889404297,368.985504150391,0.0,0.0,osc_received,"value_[1, ""leadr-mel""]"
1225.006,move_left_pressed,496.992889404297,368.985504150391,-33.3333320617676,0.0,Move_Left,pressed
1225.04,jump_input_pressed,495.326232910156,368.985504150391,-100.0,0.0,Jump,pressed
1225.04,jump_executed,495.326232910156,368.985504150391,-100.0,-500.0,jump,x_495.326232910156_y_368.985504150391
1225.391,platform_landed,434.121307373047,263.301422119141,-180.0,-76.5554428100586,land_on_platform,platform_scene-1/Tile Map/23_15_layer_Tile Map_tile_23_15_source_1_atlas_14_6
1225.391,landed,434.121307373047,263.301422119141,-180.0,-76.5554428100586,land,surface_wood_impact_0.15311088562012
1225.391,sonification,434.121307373047,263.301422119141,-180.0,-76.5554428100586,osc_received,"value_[1, ""leadr-mel""]"
1225.392,musicking,434.121307373047,263.301422119141,-180.0,-76.5554428100586,osc_received,"value_[1, ""platform_pan_nav""]"
1225.392,musicking,434.121307373047,263.301422119141,-180.0,-76.5554428100586,osc_received,"value_[1, ""water-tube""]"
1225.489,jump_peak_reached,419.121307373047,260.39404296875,-180.0,43.8149261474609,jump_peak,x_419.121307373047_y_260.39404296875
1225.524,platform_landed,410.121826171875,263.949401855469,-180.0,0.0,land_on_platform,platform_scene-1/Tile Map/22_15_layer_Tile Map_tile_22_15_source_1_atlas_13_6
1225.524,landed,410.121826171875,263.949401855469,-180.0,0.0,land,surface_wood_impact_0.23577801513672
1225.531,sonification,410.121826171875,263.949401855469,-180.0,0.0,osc_received,"value_[1, ""leadr-mel""]"
1225.531,musicking,410.121826171875,263.949401855469,-180.0,0.0,osc_received,"value_[1, ""water-tube""]"
1225.607,jump_input_released,398.121826171875,263.949401855469,-96.6666641235352,0.0,Jump,released
1225.925,move_left_pressed,396.287902832031,263.949401855469,-33.3333320617676,0.0,Move_Left,pressed
1225.925,jump_input_pressed,396.287902832031,263.949401855469,-33.3333320617676,0.0,Jump,pressed
1225.926,jump_executed,396.287902832031,263.949401855469,-33.3333320617676,-500.0,jump,x_396.287902832031_y_263.949401855469
1226.224,jump_input_released,355.482208251953,166.014785766602,-180.0,-134.499893188477,Jump,released
1226.323,jump_peak_reached,347.648864746094,161.223114013672,0.0,41.2037048339844,jump_peak,x_347.648864746094_y_161.223114013672
1226.456,platform_landed,347.648864746094,188.977691650391,0.0,0.0,land_on_platform,platform_scene-1/Tile Map/19_11_layer_Tile Map_tile_19_11_source_1_atlas_3_0
1226.456,landed,347.648864746094,188.977691650391,0.0,0.0,land,surface_wood_impact_0.67500006103516
1226.464,sonification,347.648864746094,188.977691650391,0.0,0.0,osc_received,"value_[1, ""leadr-mel""]"
1226.507,move_right_pressed,347.648864746094,188.977691650391,33.3333320617676,0.0,Move_Right,pressed
1226.606,jump_input_pressed,358.982177734375,188.977691650391,180.0,0.0,Jump,pressed
1226.606,jump_executed,358.982177734375,188.977691650391,180.0,-500.0,jump,x_358.982177734375_y_188.977691650391
1227.007,jump_input_released,430.9970703125,82.3622817993164,180.0,-16.6665554046631,Jump,released
1227.039,jump_peak_reached,436.9970703125,82.1539459228516,180.0,41.2038154602051,jump_peak,x_436.9970703125_y_82.1539459228516
1227.273,platform_landed,453.830413818359,152.969772338867,0.0,0.0,land_on_platform,platform_scene-1/Tile Map/25_9_layer_Tile Map_tile_25_9_source_1_atlas_2_0
1227.273,landed,453.830413818359,152.969772338867,0.0,0.0,land,surface_wood_impact_1.11944482421875
1227.283,sonification,453.830413818359,152.969772338867,0.0,0.0,osc_received,"value_[1, ""leadr-mel""]"
1227.425,move_left_pressed,453.830413818359,152.969772338867,-33.3333320617676,0.0,Move_Left,pressed
1227.556,jump_input_pressed,440.001007080078,152.998977661133,-33.3333320617676,0.0,Jump,pressed
1227.556,jump_executed,440.001007080078,152.998977661133,-33.3333320617676,-500.0,jump,x_440.001007080078_y_152.998977661133
1227.981,jump_peak_reached,384.574676513672,46.1703186035156,-180.0,39.8149261474609,jump_peak,x_384.574676513672_y_46.1703186035156
1228.148,platform_landed,351.574676513672,80.9332656860352,-180.0,0.0,land_on_platform,platform_scene-1/Tile Map/19_5_layer_Tile Map_tile_19_5_source_1_atlas_15_0
1228.148,landed,351.574676513672,80.9332656860352,-180.0,0.0,land,surface_wood_impact_0.82037066650391
1228.149,sonification,351.574676513672,80.9332656860352,-180.0,0.0,osc_received,"value_[1, ""leadr-mel""]"
1228.15,sonification,351.574676513672,80.9332656860352,-180.0,0.0,osc_received,"value_[1, ""mushrooms""]"
1228.281,jump_input_released,330.574676513672,80.9332656860352,-180.0,0.0,Jump,released
1228.373,sonification,319.741333007812,80.9332656860352,0.0,0.0,osc_received,"value_[1, ""mushrooms""]"
1228.549,move_right_pressed,319.741333007812,80.9332656860352,33.3333320617676,0.0,Move_Right,pressed
1228.55,sonification,320.296875,80.9332656860352,33.3333320617676,0.0,osc_received,"value_[1, ""mushrooms""]"
1228.666,jump_input_pressed,334.074645996094,80.9252014160156,180.0,0.0,Jump,pressed
1228.666,jump_executed,334.074645996094,80.9252014160156,180.0,-500.0,jump,x_334.074645996094_y_80.9252014160156
1228.667,sonification,337.074981689453,72.5900192260742,180.0,-500.055541992188,osc_received,"value_[1, ""mushrooms""]"
1229.106,jump_peak_reached,412.074981689453,-25.904390335083,180.0,39.8149261474609,jump_peak,x_412.074981689453_y_-25.904390335083
1229.206,platform_landed,433.069915771484,-9.0734691619873,180.0,0.0,land_on_platform,platform_scene-1/Tile Map/24_0_layer_Tile Map_tile_24_0_source_1_atlas_14_7
1229.206,landed,433.069915771484,-9.0734691619873,180.0,0.0,land,surface_wood_impact_0.52407427978516
1229.215,musicking,433.069915771484,-9.0734691619873,180.0,0.0,osc_received,"value_[1, ""cloud""]"
1229.223,jump_input_released,433.069915771484,-9.0734691619873,96.6666641235352,0.0,Jump,released
1229.331,move_right_pressed,434.903259277344,-9.0756721496582,33.3333320617676,0.0,Move_Right,pressed
1229.632,jump_input_pressed,482.248229980469,-5.1864218711853,180.0,148.148147583008,Jump,pressed
1229.632,jump_executed,482.248229980469,-5.1864218711853,180.0,-500.0,jump,x_482.248229980469_y_-5.1864218711853
1229.865,jump_peak_reached,524.249877929688,-82.3158416748047,180.0,74.0740737915039,jump_peak,x_524.249877929688_y_-82.3158416748047
1229.965,jump_input_released,542.249877929688,-65.6491775512695,180.0,296.296295166016,Jump,released
1229.966,platform_landed,545.249877929688,-63.0666999816895,180.0,0.0,land_on_platform,platform_scene-1/Tile Map/30_-3_layer_Tile Map_tile_30_-3_source_1_atlas_1_0
1229.966,landed,545.249877929688,-63.0666999816895,180.0,0.0,land,surface_wood_impact_0.59259259033203
1229.984,musicking,548.249877929688,-63.0666999816895,180.0,0.0,osc_received,"value_[1, ""platform_pan_nav""]"
1230.498,move_right_pressed,550.083190917969,-63.0666999816895,33.3333320617676,0.0,Move_Right,pressed
1230.882,move_right_pressed,575.249816894531,-63.0666999816895,33.3333320617676,0.0,Move_Right,pressed
1231.366,move_left_pressed,594.416442871094,-63.0747947692871,-33.3333320617676,0.0,Move_Left,pressed
1231.398,jump_input_pressed,592.749816894531,-63.0747947692871,-100.0,0.0,Jump,pressed
1231.398,jump_executed,592.749816894531,-63.0747947692871,-100.0,-500.0,jump,x_592.749816894531_y_-63.0747947692871
1231.831,jump_peak_reached,518.99951171875,-169.904510498047,-180.0,39.8149261474609,jump_peak,x_518.99951171875_y_-169.904510498047
1231.831,jump_input_released,518.99951171875,-169.904510498047,-180.0,39.8149261474609,Jump,released
1232.031,platform_landed,496.166168212891,-117.007659912109,0.0,0.0,land_on_platform,platform_scene-1/Tile Map/27_-6_layer_Tile Map_tile_27_-6_source_1_atlas_2_0
1232.031,landed,496.166168212891,-117.007659912109,0.0,0.0,land,surface_wood_impact_0.96851885986328
1232.148,move_right_pressed,496.166168212891,-117.007659912109,33.3333320617676,0.0,Move_Right,pressed
1232.25,jump_input_pressed,507.499481201172,-117.06714630127,180.0,0.0,Jump,pressed
1232.25,jump_executed,507.499481201172,-117.06714630127,180.0,-500.0,jump,x_507.499481201172_y_-117.06714630127
1232.681,jump_peak_reached,585.501953125,-223.902648925781,180.0,39.8149261474609,jump_peak,x_585.501953125_y_-223.902648925781
1232.882,platform_landed,624.501953125,-171.066970825195,180.0,0.0,land_on_platform,platform_scene-1/Tile Map/34_-9_layer_Tile Map_tile_34_-9_source_1_atlas_2_0
1232.882,landed,624.501953125,-171.066970825195,180.0,0.0,land,surface_wood_impact_0.96851885986328
1232.965,jump_input_released,636.501953125,-171.066970825195,96.6666641235352,0.0,Jump,released
1233.317,move_right_pressed,638.335266113281,-171.066970825195,33.3333320617676,0.0,Move_Right,pressed
1233.898,move_left_pressed,672.501892089844,-171.066970825195,-33.3333320617676,0.0,Move_Left,pressed
1234.031,jump_input_pressed,655.168579101562,-171.066970825195,-180.0,0.0,Jump,pressed
1234.031,jump_executed,655.168579101562,-171.066970825195,-180.0,-500.0,jump,x_655.168579101562_y_-171.066970825195
1234.381,jump_input_released,592.166076660156,-274.797027587891,-180.0,-75.3332214355469,Jump,released
1234.464,jump_peak_reached,584.332763671875,-277.602569580078,0.0,45.0371475219727,jump_peak,x_584.332763671875_y_-277.602569580078
1234.581,move_left_pressed,584.332763671875,-259.385284423828,-15.0,304.296417236328,Move_Left,pressed
1234.582,platform_landed,584.111083984375,-258.054504394531,-15.0,0.0,land_on_platform,platform_scene-1/Tile Map/32_-14_layer_Tile Map_tile_32_-14_source_1_atlas_19_3
1234.582,landed,584.111083984375,-258.054504394531,-15.0,0.0,land,surface_wood_impact_0.60859283447266
1234.583,musicking,584.111083984375,-258.054504394531,-15.0,0.0,osc_received,"value_[1, ""leaves""]"
1234.732,jump_input_pressed,565.556213378906,-258.024871826172,-96.6666641235352,0.0,Jump,pressed
1234.732,jump_executed,565.556213378906,-258.024871826172,-96.6666641235352,-500.0,jump,x_565.556213378906_y_-258.024871826172
1234.831,move_right_pressed,563.718383789062,-302.891754150391,15.0,-376.166595458984,Move_Right,pressed
1235.165,jump_peak_reached,607.218383789062,-364.876892089844,180.0,39.8149261474609,jump_peak,x_607.218383789062_y_-364.876892089844
1235.317,jump_input_released,624.051696777344,-336.682434082031,0.0,373.148284912109,Jump,released
1235.565,platform_landed,624.051696777344,-171.022705078125,0.0,0.0,land_on_platform,platform_scene-1/Tile Map/34_-9_layer_Tile Map_tile_34_-9_source_1_atlas_2_0
1235.565,landed,624.051696777344,-171.022705078125,0.0,0.0,land,surface_wood_impact_1.85740795898438
1235.948,move_left_pressed,624.051696777344,-171.022705078125,-33.3333320617676,0.0,Move_Left,pressed
1235.966,jump_input_pressed,623.496154785156,-171.022705078125,-66.6666641235352,0.0,Jump,pressed
1235.966,jump_executed,623.496154785156,-171.022705078125,-66.6666641235352,-500.0,jump,x_623.496154785156_y_-171.022705078125
1236.282,jump_input_released,593.606567382812,-271.259185791016,-106.547515869141,-114.722114562988,Jump,released
1236.383,jump_peak_reached,589.168029785156,-276.050842285156,0.0,41.2037048339844,jump_peak,x_589.168029785156_y_-276.050842285156
1236.498,platform_landed,589.168029785156,-257.9677734375,0.0,0.0,land_on_platform,platform_scene-1/Tile Map/32_-14_layer_Tile Map_tile_32_-14_source_1_atlas_19_3
1236.498,landed,589.168029785156,-257.9677734375,0.0,0.0,land,surface_wood_impact_0.60092596435547
1236.498,musicking,589.168029785156,-257.9677734375,0.0,0.0,osc_received,"value_[1, ""leaves""]"
1236.682,move_left_pressed,589.168029785156,-257.9677734375,-33.3333320617676,0.0,Move_Left,pressed
1237.182,move_right_pressed,552.002807617188,-258.055908203125,33.3333320617676,0.0,Move_Right,pressed
1237.298,jump_input_pressed,566.336120605469,-257.975830078125,180.0,0.0,Jump,pressed
1237.298,jump_executed,566.336120605469,-257.975830078125,180.0,-500.0,jump,x_566.336120605469_y_-257.975830078125
1237.732,jump_peak_reached,644.356811523438,-364.862030029297,180.0,39.8149261474609,jump_peak,x_644.356811523438_y_-364.862030029297
1237.831,platform_landed,665.358581542969,-348.050170898438,180.0,0.0,land_on_platform,platform_scene-1/Tile Map/36_-19_layer_Tile Map_tile_36_-19_source_1_atlas_17_3
1237.832,landed,665.358581542969,-348.050170898438,180.0,0.0,land,surface_wood_impact_0.52407427978516
1237.832,musicking,665.358581542969,-348.050170898438,180.0,0.0,osc_received,"value_[1, ""leaves""]"
1237.849,musicking,668.358581542969,-348.050170898438,180.0,0.0,osc_received,"value_[1, ""platform_pan_nav""]"
1237.883,jump_input_released,671.358947753906,-348.050170898438,180.0,0.0,Jump,released
1238.616,move_left_pressed,676.192504882812,-348.050170898438,-33.3333320617676,0.0,Move_Left,pressed
1238.616,jump_input_pressed,676.192504882812,-348.050170898438,-33.3333320617676,0.0,Jump,pressed
1238.616,jump_executed,676.192504882812,-348.050170898438,-33.3333320617676,-500.0,jump,x_676.192504882812_y_-348.050170898438
1238.865,coin_collected,644.387084960938,-437.221435546875,-180.0,-214.999877929688,collect_coin,coin_coin11_score_16
1238.873,sonification,641.387084960938,-440.472351074219,-180.0,-195.055435180664,osc_received,"value_[1, ""coins-with-pitch""]"
1238.966,jump_input_released,626.387084960938,-451.773254394531,-180.0,-75.3332214355469,Jump,released
1239.048,jump_peak_reached,621.553771972656,-454.578796386719,0.0,45.0371475219727,jump_peak,x_621.553771972656_y_-454.578796386719
1239.198,platform_landed,621.553771972656,-420.021514892578,0.0,0.0,land_on_platform,platform_scene-1/Tile Map/34_-23_layer_Tile Map_tile_34_-23_source_1_atlas_17_3
1239.198,landed,621.553771972656,-420.021514892578,0.0,0.0,land,surface_wood_impact_0.75674102783203
1239.206,musicking,621.553771972656,-420.021514892578,0.0,0.0,osc_received,"value_[1, ""leaves""]"
1239.498,move_right_pressed,621.553771972656,-420.021514892578,33.3333320617676,0.0,Move_Right,pressed
1239.548,jump_input_pressed,624.887145996094,-420.068664550781,133.33332824707,0.0,Jump,pressed
1239.548,jump_executed,624.887145996094,-420.068664550781,133.33332824707,-500.0,jump,x_624.887145996094_y_-420.068664550781
1239.915,jump_input_released,689.276245117188,-525.068359375,180.0,-55.722110748291,Jump,released
1239.981,jump_peak_reached,701.276245117188,-526.699829101562,180.0,43.8149261474609,jump_peak,x_701.276245117188_y_-526.699829101562
1240.132,platform_landed,712.109558105469,-495.007995605469,0.0,0.0,land_on_platform,platform_scene-1/Tile Map/39_-27_layer_Tile Map_tile_39_-27_source_1_atlas_2_0
1240.132,landed,712.109558105469,-495.007995605469,0.0,0.0,land,surface_wood_impact_0.75429656982422
1240.165,move_right_pressed,712.109558105469,-495.007995605469,33.3333320617676,0.0,Move_Right,pressed
1240.265,jump_input_pressed,723.44287109375,-495.067169189453,180.0,0.0,Jump,pressed
1240.265,jump_executed,723.44287109375,-495.067169189453,180.0,-500.0,jump,x_723.44287109375_y_-495.067169189453
1240.698,jump_peak_reached,769.425231933594,-601.880615234375,180.0,39.8149261474609,jump_peak,x_769.425231933594_y_-601.880615234375
1240.798,platform_landed,790.42529296875,-585.066650390625,180.0,0.0,land_on_platform,platform_scene-1/Tile Map/43_-32_layer_Tile Map_tile_43_-32_source_1_atlas_2_0
1240.798,landed,790.42529296875,-585.066650390625,180.0,0.0,land,surface_wood_impact_0.52407427978516
1240.815,musicking,793.42529296875,-585.066650390625,180.0,0.0,osc_received,"value_[1, ""platform_pan_nav""]"
1240.899,jump_input_released,805.42529296875,-585.066650390625,96.6666641235352,0.0,Jump,released
1241.082,move_right_pressed,807.258605957031,-585.066650390625,33.3333320617676,0.0,Move_Right,pressed
1241.464,coin_collected,850.442138671875,-479.206390380859,0.0,666.666748046875,collect_coin,coin_coin16_score_18
1241.465,platform_landed,850.442138671875,-474.029388427734,0.0,0.0,land_on_platform,platform_scene-1/Tile Map/47_-26_layer_Tile Map_tile_47_-26_source_1_atlas_13_6
1241.465,landed,850.442138671875,-474.029388427734,0.0,0.0,land,surface_wood_impact_1.40740759277344
1241.465,sonification,850.442138671875,-474.029388427734,0.0,0.0,osc_received,"value_[1, ""coins-with-pitch""]"
1241.465,musicking,850.442138671875,-474.029388427734,0.0,0.0,osc_received,"value_[1, ""water-tube""]"
1241.932,move_right_pressed,850.442138671875,-474.029388427734,33.3333320617676,0.0,Move_Right,pressed
1241.965,jump_input_pressed,852.108764648438,-474.029388427734,100.0,0.0,Jump,pressed
1241.965,jump_executed,852.108764648438,-474.029388427734,100.0,-500.0,jump,x_852.108764648438_y_-474.029388427734
1242.082,jump_input_released,868.86572265625,-525.183166503906,180.0,-355.722137451172,Jump,released
1242.181,jump_peak_reached,886.86572265625,-529.974853515625,180.0,41.2037048339844,jump_peak,x_886.86572265625_y_-529.974853515625
1242.365,coin_collected,894.699035644531,-488.47021484375,0.0,411.574127197266,collect_coin,coin_coin18_score_20
1242.373,sonification,894.699035644531,-480.993347167969,0.0,448.611175537109,osc_received,"value_[1, ""coins-with-pitch""]"
1242.381,platform_landed,894.699035644531,-474.021636962891,0.0,0.0,land_on_platform,platform_scene-1/Tile Map/49_-26_layer_Tile Map_tile_49_-26_source_1_atlas_13_6
1242.381,landed,894.699035644531,-474.021636962891,0.0,0.0,land,surface_wood_impact_0.97129644775391
1242.382,musicking,894.699035644531,-474.021636962891,0.0,0.0,osc_received,"value_[1, ""water-tube""]"
1242.632,move_left_pressed,894.699035644531,-474.021636962891,-33.3333320617676,0.0,Move_Left,pressed
1242.748,coin_collected,880.3662109375,-474.021636962891,-180.0,0.0,collect_coin,coin_coin17_score_22
1242.749,sonification,877.3662109375,-474.021636962891,-180.0,0.0,osc_received,"value_[1, ""coins-with-pitch""]"
1242.931,move_right_pressed,863.533386230469,-474.021636962891,33.3333320617676,0.0,Move_Right,pressed
1243.05,jump_input_pressed,877.86669921875,-473.987579345703,180.0,0.0,Jump,pressed
1243.05,jump_executed,877.86669921875,-473.987579345703,180.0,-500.0,jump,x_877.86669921875_y_-473.987579345703
1243.214,jump_input_released,907.887023925781,-541.9560546875,180.0,-294.722106933594,Jump,released
1243.314,jump_peak_reached,915.720336914062,-546.747741699219,0.0,41.2037048339844,jump_peak,x_915.720336914062_y_-546.747741699219
1243.515,move_right_pressed,915.720336914062,-497.766235351562,15.0,485.648223876953,Move_Right,pressed
1243.548,platform_landed,917.223754882812,-474.047241210938,45.0,0.0,land_on_platform,platform_scene-1/Tile Map/50_-26_layer_Tile Map_tile_50_-26_source_1_atlas_13_6
1243.549,landed,917.223754882812,-474.047241210938,45.0,0.0,land,surface_wood_impact_1.11944458007812
1243.55,musicking,917.223754882812,-474.047241210938,45.0,0.0,osc_received,"value_[1, ""water-tube""]"
1243.715,coin_collected,940.779357910156,-474.051910400391,180.0,0.0,collect_coin,coin_coin19_score_24
1243.718,sonification,943.779357910156,-474.051910400391,180.0,0.0,osc_received,"value_[1, ""coins-with-pitch""]"
1244.165,move_right_pressed,960.612670898438,-474.051910400391,33.3333320617676,0.0,Move_Right,pressed
1244.248,jump_input_pressed,968.945983886719,-474.051910400391,180.0,0.0,Jump,pressed
1244.249,jump_executed,968.945983886719,-474.051910400391,180.0,-500.0,jump,x_968.945983886719_y_-474.051910400391
1244.682,jump_peak_reached,1037.92529296875,-580.886413574219,15.0,39.8149261474609,jump_peak,x_1037.92529296875_y_-580.886413574219
1244.951,jump_input_released,1037.92492675781,-496.210174560547,15.0,632.407592773438,Jump,released
1244.981,platform_landed,1037.92529296875,-474.018188476562,0.0,0.0,land_on_platform,platform_scene-1/Tile Map/57_-26_layer_Tile Map_tile_57_-26_source_1_atlas_13_6
1244.981,landed,1037.92529296875,-474.018188476562,0.0,0.0,land,surface_wood_impact_1.41296337890625
1244.989,musicking,1037.92529296875,-474.018188476562,0.0,0.0,osc_received,"value_[1, ""water-tube""]"
1245.598,jump_input_pressed,1037.92529296875,-474.018188476562,0.0,0.0,Jump,pressed
1245.598,jump_executed,1037.92529296875,-474.018188476562,0.0,-500.0,jump,x_1037.92529296875_y_-474.018188476562
1246.032,jump_peak_reached,1037.92407226562,-580.846862792969,0.0,39.8149261474609,jump_peak,x_1037.92407226562_y_-580.846862792969
1246.332,jump_input_released,1037.92407226562,-474.457885742188,0.0,706.481689453125,Jump,released
1246.332,platform_landed,1037.92407226562,-473.997924804688,0.0,0.0,land_on_platform,platform_scene-1/Tile Map/57_-26_layer_Tile Map_tile_57_-26_source_1_atlas_13_6
1246.332,landed,1037.92407226562,-473.997924804688,0.0,0.0,land,surface_wood_impact_1.41296337890625
1246.332,musicking,1037.92407226562,-473.997924804688,0.0,0.0,osc_received,"value_[1, ""water-tube""]"
1246.684,move_left_pressed,1037.92407226562,-473.997924804688,-33.3333320617676,0.0,Move_Left,pressed
1247.55,jump_input_pressed,888.584716796875,-474.052215576172,-180.0,0.0,Jump,pressed
1247.55,jump_executed,888.584716796875,-474.052215576172,-180.0,-500.0,jump,x_888.584716796875_y_-474.052215576172
1247.982,jump_peak_reached,817.438110351562,-580.912780761719,-18.924222946167,39.8149261474609,jump_peak,x_817.438110351562_y_-580.912780761719
1248.098,jump_input_released,818.074768066406,-563.576843261719,-15.0,299.074188232422,Jump,released
1248.265,platform_landed,817.824768066406,-475.002990722656,0.0,0.0,land_on_platform,platform_scene-1/Tile Map/45_-26_layer_Tile Map_tile_45_-26_source_1_atlas_14_6
1248.265,landed,817.824768066406,-475.002990722656,0.0,0.0,land,surface_wood_impact_1.33888928222656
1248.266,musicking,817.824768066406,-475.002990722656,0.0,0.0,osc_received,"value_[1, ""water-tube""]"
1248.832,move_left_pressed,817.824768066406,-475.002990722656,-33.3333320617676,0.0,Move_Left,pressed
1248.865,jump_input_pressed,816.158020019531,-475.048553466797,-100.0,0.0,Jump,pressed
1248.865,jump_executed,816.158020019531,-475.048553466797,-100.0,-500.0,jump,x_816.158020019531_y_-475.048553466797
1248.883,jump_peak_reached,814.490783691406,-483.385498046875,-115.0,-479.222198486328,jump_peak,x_814.490783691406_y_-483.385498046875
1249.458,jump_input_released,736.325866699219,-382.887939453125,-150.0,888.889038085938,Jump,released
1249.789,platform_landed,729.714782714844,44.9090995788574,0.0,0.0,land_on_platform,platform_scene-1/Tile Map/40_3_layer_Tile Map_tile_40_3_source_1_atlas_13_0
1249.789,landed,729.714782714844,44.9090995788574,0.0,0.0,land,surface_wood_impact_3.25925805664063
1249.826,musicking,729.714782714844,44.9950370788574,0.0,0.0,osc_received,"value_[1, ""far-fall""]"
1249.826,musicking,729.714782714844,44.9950370788574,0.0,0.0,osc_received,"value_[1, ""platform_pan_nav""]"
1250.851,move_left_pressed,729.714782714844,44.9950370788574,-33.3333320617676,0.0,Move_Left,pressed
1250.857,sonification,729.159240722656,44.9950370788574,-33.3333320617676,0.0,osc_received,"value_[1, ""mushrooms""]"
1250.967,jump_input_pressed,715.381469726562,44.9332046508789,-180.0,0.0,Jump,pressed
1250.967,jump_executed,715.381469726562,44.9332046508789,-180.0,-500.0,jump,x_715.381469726562_y_44.9332046508789
1250.967,sonification,712.37890625,36.5918502807617,-180.0,-500.055541992188,osc_received,"value_[1, ""mushrooms""]"
1250.982,jump_peak_reached,712.37890625,36.5918502807617,-180.0,-479.222198486328,jump_peak,x_712.37890625_y_36.5918502807617
1251.265,jump_input_released,683.074768066406,-52.9582862854004,-135.0,-134.499893188477,Jump,released
1251.516,platform_landed,677.213684082031,-27.0063152313232,0.0,0.0,land_on_platform,platform_scene-1/Tile Map/37_-1_layer_Tile Map_tile_37_-1_source_1_atlas_15_7
1251.516,landed,677.213684082031,-27.0063152313232,0.0,0.0,land,surface_wood_impact_0.74907415771484
1251.517,sonification,677.213684082031,-27.0063152313232,0.0,0.0,osc_received,"value_[1, ""leadr-mel""]"
1251.518,musicking,677.213684082031,-27.0063152313232,0.0,0.0,osc_received,"value_[1, ""cloud""]"
1251.682,move_left_pressed,677.213684082031,-27.0063152313232,-33.3333320617676,0.0,Move_Left,pressed
1251.85,jump_input_pressed,653.88037109375,-27.0063152313232,-180.0,0.0,Jump,pressed
1251.85,jump_executed,653.88037109375,-27.0063152313232,-180.0,-500.0,jump,x_653.88037109375_y_-27.0063152313232
1252.184,jump_input_released,593.861022949219,-129.18034362793,-180.0,-94.9998931884766,Jump,released
1252.283,jump_peak_reached,577.249938964844,-133.47200012207,-13.3333311080933,46.2038116455078,jump_peak,x_577.249938964844_y_-133.47200012207
1252.515,platform_landed,577.027709960938,-63.0255088806152,0.0,0.0,land_on_platform,platform_scene-1/Tile Map/32_-3_layer_Tile Map_tile_32_-3_source_1_atlas_3_0
1252.515,landed,577.027709960938,-63.0255088806152,0.0,0.0,land,surface_wood_impact_1.12944482421875
1252.523,sonification,577.027709960938,-63.0255088806152,0.0,0.0,osc_received,"value_[1, ""leadr-mel""]"
1252.698,move_left_pressed,577.027709960938,-63.0255088806152,-33.3333320617676,0.0,Move_Left,pressed
1252.749,jump_input_pressed,573.694396972656,-63.0694580078125,-133.33332824707,0.0,Jump,pressed
1252.749,jump_executed,573.694396972656,-63.0694580078125,-133.33332824707,-500.0,jump,x_573.694396972656_y_-63.0694580078125
1252.999,jump_input_released,544.324951171875,-152.246063232422,-90.0,-194.166549682617,Jump,released
1253.097,jump_peak_reached,531.574951171875,-157.037734985352,-180.0,41.2037048339844,jump_peak,x_531.574951171875_y_-157.037734985352
1253.214,platform_landed,523.741638183594,-135.013076782227,0.0,0.0,land_on_platform,platform_scene-1/Tile Map/29_-7_layer_Tile Map_tile_29_-7_source_1_atlas_0_0
1253.215,landed,523.741638183594,-135.013076782227,0.0,0.0,land,surface_wood_impact_0.60092596435547
1253.215,sonification,523.741638183594,-135.013076782227,0.0,0.0,osc_received,"value_[1, ""leadr-mel""]"
1253.499,jump_input_pressed,523.741638183594,-135.013076782227,0.0,0.0,Jump,pressed
1253.499,jump_executed,523.741638183594,-135.013076782227,0.0,-500.0,jump,x_523.741638183594_y_-135.013076782227
1253.531,move_left_pressed,523.741638183594,-151.391006469727,-15.0,-458.499969482422,Move_Left,pressed
1253.932,jump_peak_reached,468.241638183594,-241.896545410156,-180.0,39.8149261474609,jump_peak,x_468.241638183594_y_-241.896545410156
1253.948,jump_input_released,465.241638183594,-241.232955932617,-180.0,76.8519668579102,Jump,released
1254.099,platform_landed,435.241638183594,-207.066925048828,-180.0,0.0,land_on_platform,platform_scene-1/Tile Map/24_-11_layer_Tile Map_tile_24_-11_source_1_atlas_1_0
1254.099,landed,435.241638183594,-207.066925048828,-180.0,0.0,land,surface_wood_impact_0.82037066650391
1254.099,sonification,435.241638183594,-207.066925048828,-180.0,0.0,osc_received,"value_[1, ""leadr-mel""]"
1254.184,jump_input_pressed,423.23486328125,-205.111557006836,-180.0,111.111114501953,Jump,pressed
1254.184,jump_executed,423.23486328125,-205.111557006836,-180.0,-500.0,jump,x_423.23486328125_y_-205.111557006836
1254.185,musicking,420.23486328125,-213.445816040039,-180.0,-500.055541992188,osc_received,"value_[1, ""chain-jumps""]"
1254.332,jump_input_released,396.23486328125,-262.930755615234,-180.0,37.037036895752,Jump,released
1254.349,jump_peak_reached,393.23486328125,-262.3134765625,-180.0,74.0740737915039,jump_peak,x_393.23486328125_y_-262.3134765625
1254.45,platform_landed,372.234832763672,-243.066650390625,-180.0,0.0,land_on_platform,platform_scene-1/Tile Map/20_-13_layer_Tile Map_tile_20_-13_source_1_atlas_1_0
1254.45,landed,372.234832763672,-243.066650390625,-180.0,0.0,land,surface_wood_impact_0.59259259033203
1254.451,sonification,372.234832763672,-243.066650390625,-180.0,0.0,osc_received,"value_[1, ""leadr-mel""]"
1254.465,musicking,370.623718261719,-243.066650390625,-96.6666641235352,0.0,osc_received,"value_[1, ""platform_pan_nav""]"
1254.647,move_right_pressed,370.401489257812,-243.066650390625,33.3333320617676,0.0,Move_Right,pressed
1254.698,jump_input_pressed,373.734802246094,-243.066650390625,133.33332824707,0.0,Jump,pressed
1254.698,jump_executed,373.734802246094,-243.066650390625,133.33332824707,-500.0,jump,x_373.734802246094_y_-243.066650390625
1254.965,jump_input_released,401.17529296875,-335.496459960938,150.0,-174.222106933594,Jump,released
1255.065,jump_peak_reached,414.258636474609,-340.288116455078,0.0,41.2037048339844,jump_peak,x_414.258636474609_y_-340.288116455078
1255.184,move_right_pressed,414.258636474609,-322.518035888672,15.0,300.462982177734,Move_Right,pressed
1255.248,platform_landed,418.008636474609,-297.066436767578,75.0,0.0,land_on_platform,platform_scene-1/Tile Map/23_-16_layer_Tile Map_tile_23_-16_source_1_atlas_2_0
1255.248,landed,418.008636474609,-297.066436767578,75.0,0.0,land,surface_wood_impact_0.89722235107422
1255.249,sonification,418.008636474609,-297.066436767578,75.0,0.0,osc_received,"value_[1, ""leadr-mel""]"
1255.299,jump_input_pressed,422.17529296875,-297.066436767578,175.0,0.0,Jump,pressed
1255.299,jump_executed,422.17529296875,-297.066436767578,175.0,-500.0,jump,x_422.17529296875_y_-297.066436767578
1255.299,musicking,425.094543457031,-305.408081054688,175.0,-500.055541992188,osc_received,"value_[1, ""chain-jumps""]"
1255.532,jump_input_released,464.094543457031,-382.661773681641,180.0,-214.166549682617,Jump,released
1255.631,jump_peak_reached,482.094543457031,-387.453430175781,180.0,41.2037048339844,jump_peak,x_482.094543457031_y_-387.453430175781
1255.799,platform_landed,515.094543457031,-351.066619873047,180.0,0.0,land_on_platform,platform_scene-1/Tile Map/28_-19_layer_Tile Map_tile_28_-19_source_1_atlas_12_0
1255.799,landed,515.094543457031,-351.066619873047,180.0,0.0,land,surface_wood_impact_0.82314825439453
1255.799,sonification,515.094543457031,-351.066619873047,180.0,0.0,osc_received,"value_[1, ""mushrooms""]"
1255.806,sonification,515.094543457031,-351.066619873047,180.0,0.0,osc_received,"value_[1, ""leadr-mel""]"
1255.948,jump_input_pressed,539.094543457031,-351.066619873047,180.0,0.0,Jump,pressed
1255.948,jump_executed,539.094543457031,-351.066619873047,180.0,-500.0,jump,x_539.094543457031_y_-351.066619873047
1255.949,sonification,542.09716796875,-359.408081054688,180.0,-500.055541992188,osc_received,"value_[1, ""mushrooms""]"
1256.365,jump_input_released,614.09716796875,-457.948791503906,180.0,2.77788853645325,Jump,released
1256.383,jump_peak_reached,617.09716796875,-457.902496337891,180.0,39.8149261474609,jump_peak,x_617.09716796875_y_-457.902496337891
1256.548,platform_landed,627.930480957031,-419.990570068359,0.0,0.0,land_on_platform,platform_scene-1/Tile Map/34_-23_layer_Tile Map_tile_34_-23_source_1_atlas_17_3
1256.548,landed,627.930480957031,-419.990570068359,0.0,0.0,land,surface_wood_impact_0.82037066650391
1256.548,musicking,627.930480957031,-419.990570068359,0.0,0.0,osc_received,"value_[1, ""leaves""]"
1256.556,sonification,627.930480957031,-419.990570068359,0.0,0.0,osc_received,"value_[1, ""leadr-mel""]"
1256.566,musicking,627.930480957031,-419.990570068359,0.0,0.0,osc_received,"value_[1, ""platform_pan_nav""]"
1256.632,move_left_pressed,627.930480957031,-419.990570068359,-33.3333320617676,0.0,Move_Left,pressed
1256.683,jump_input_pressed,624.597290039062,-420.054443359375,-133.33332824707,0.0,Jump,pressed
1256.683,jump_executed,624.597290039062,-420.054443359375,-133.33332824707,-500.0,jump,x_624.597290039062_y_-420.054443359375
1257.115,jump_peak_reached,548.204956054688,-526.895874023438,-180.0,39.8149261474609,jump_peak,x_548.204956054688_y_-526.895874023438
1257.149,jump_input_released,542.204956054688,-524.951416015625,-180.0,113.889007568359,Jump,released
1257.383,platform_landed,497.212036132812,-438.054870605469,-180.0,0.0,land_on_platform,platform_scene-1/Tile Map/27_-24_layer_Tile Map_tile_27_-24_source_1_atlas_13_6
1257.383,landed,497.212036132812,-438.054870605469,-180.0,0.0,land,surface_wood_impact_1.26481518554687
1257.386,sonification,497.212036132812,-438.054870605469,-180.0,0.0,osc_received,"value_[1, ""leadr-mel""]"
1257.386,musicking,497.212036132812,-438.054870605469,-180.0,0.0,osc_received,"value_[1, ""water-tube""]"
1260.117,move_right_pressed,8.21347999572754,-438.062316894531,-96.6666641235352,0.0,Move_Right,pressed
1260.165,jump_input_pressed,6.38016128540039,-438.062316894531,0.0,0.0,Jump,pressed
1260.165,jump_executed,6.38016128540039,-438.062316894531,0.0,-500.0,jump,x_6.38016128540039_y_-438.062316894531
1260.598,jump_peak_reached,61.8801612854004,-544.897766113281,180.0,39.8149261474609,jump_peak,x_61.8801612854004_y_-544.897766113281
1260.766,jump_input_released,91.8801651000977,-510.484161376953,180.0,410.185333251953,Jump,released
1260.898,platform_landed,118.893905639648,-438.055847167969,180.0,0.0,land_on_platform,platform_scene-1/Tile Map/6_-24_layer_Tile Map_tile_6_-24_source_1_atlas_13_6
1260.898,landed,118.893905639648,-438.055847167969,180.0,0.0,land,surface_wood_impact_1.41296337890625
1260.899,sonification,118.893905639648,-438.055847167969,180.0,0.0,osc_received,"value_[1, ""leadr-mel""]"
1260.899,musicking,118.893905639648,-438.055847167969,180.0,0.0,osc_received,"value_[1, ""water-tube""]"
1261.331,jump_input_pressed,193.89404296875,-438.055847167969,180.0,0.0,Jump,pressed
1261.331,jump_executed,193.89404296875,-438.055847167969,180.0,-500.0,jump,x_193.89404296875_y_-438.055847167969
1261.765,jump_peak_reached,271.895416259766,-544.888305664062,180.0,39.8149261474609,jump_peak,x_271.895416259766_y_-544.888305664062
1261.883,jump_input_released,292.895416259766,-527.2802734375,180.0,299.074188232422,Jump,released
1262.066,platform_landed,328.910705566406,-438.062622070312,180.0,0.0,land_on_platform,platform_scene-1/Tile Map/18_-24_layer_Tile Map_tile_18_-24_source_1_atlas_13_6
1262.066,landed,328.910705566406,-438.062622070312,180.0,0.0,land,surface_wood_impact_1.41296337890625
1262.084,sonification,331.910705566406,-438.062622070312,180.0,0.0,osc_received,"value_[1, ""leadr-mel""]"
1262.084,musicking,331.910705566406,-438.062622070312,180.0,0.0,osc_received,"value_[1, ""water-tube""]"
1262.165,jump_input_pressed,343.911437988281,-438.064270019531,180.0,0.0,Jump,pressed
1262.165,jump_executed,343.911437988281,-438.064270019531,180.0,-500.0,jump,x_343.911437988281_y_-438.064270019531
1262.173,musicking,346.914611816406,-446.407348632812,180.0,-500.055541992188,osc_received,"value_[1, ""chain-jumps""]"
1262.598,jump_peak_reached,409.909027099609,-544.900207519531,15.015287399292,39.8149261474609,jump_peak,x_409.909027099609_y_-544.900207519531
1262.765,jump_input_released,415.361938476562,-510.485565185547,0.0,410.185333251953,Jump,released
1262.898,platform_landed,415.361938476562,-438.015777587891,0.0,0.0,land_on_platform,platform_scene-1/Tile Map/23_-24_layer_Tile Map_tile_23_-24_source_1_atlas_13_6
1262.898,landed,415.361938476562,-438.015777587891,0.0,0.0,land,surface_wood_impact_1.41296337890625
1262.899,sonification,415.361938476562,-438.015777587891,0.0,0.0,osc_received,"value_[1, ""leadr-mel""]"
1262.899,musicking,415.361938476562,-438.015777587891,0.0,0.0,osc_received,"value_[1, ""water-tube""]"
1262.932,move_right_pressed,415.361938476562,-438.015777587891,33.3333320617676,0.0,Move_Right,pressed
1263.166,musicking,453.695434570312,-438.07080078125,180.0,0.0,osc_received,"value_[1, ""chain-jumps-combo-walk""]"
1263.484,jump_input_pressed,507.695617675781,-438.07080078125,180.0,0.0,Jump,pressed
1263.484,jump_executed,507.695617675781,-438.07080078125,180.0,-500.0,jump,x_507.695617675781_y_-438.07080078125
1263.898,jump_input_released,582.696350097656,-544.947814941406,180.0,2.77788853645325,Jump,released
1263.915,jump_peak_reached,585.696350097656,-544.901489257812,180.0,39.8149261474609,jump_peak,x_585.696350097656_y_-544.901489257812
1264.232,platform_landed,635.529663085938,-420.009399414062,0.0,0.0,land_on_platform,platform_scene-1/Tile Map/35_-23_layer_Tile Map_tile_35_-23_source_1_atlas_19_3
1264.232,landed,635.529663085938,-420.009399414062,0.0,0.0,land,surface_wood_impact_1.48703747558594
1264.232,sonification,635.529663085938,-420.009399414062,0.0,0.0,osc_received,"value_[1, ""leadr-mel""]"
1264.233,musicking,635.529663085938,-420.009399414062,0.0,0.0,osc_received,"value_[1, ""leaves""]"
1264.299,move_right_pressed,635.529663085938,-420.009399414062,33.3333320617676,0.0,Move_Right,pressed
1264.333,jump_input_pressed,637.19677734375,-420.068908691406,100.0,0.0,Jump,pressed
1264.333,jump_executed,637.19677734375,-420.068908691406,100.0,-500.0,jump,x_637.19677734375_y_-420.068908691406
1264.583,jump_input_released,677.947021484375,-509.240814208984,180.0,-194.166549682617,Jump,released
1264.683,jump_peak_reached,695.947021484375,-514.032470703125,180.0,41.2037048339844,jump_peak,x_695.947021484375_y_-514.032470703125
1264.799,platform_landed,719.947021484375,-495.067260742188,180.0,0.0,land_on_platform,platform_scene-1/Tile Map/39_-27_layer_Tile Map_tile_39_-27_source_1_atlas_2_0
1264.799,landed,719.947021484375,-495.067260742188,180.0,0.0,land,surface_wood_impact_0.60092596435547
1264.8,sonification,719.947021484375,-495.067260742188,180.0,0.0,osc_received,"value_[1, ""leadr-mel""]"
1264.931,move_left_pressed,730.780334472656,-495.067260742188,-33.3333320617676,0.0,Move_Left,pressed
1264.932,jump_input_pressed,730.780334472656,-495.067260742188,-33.3333320617676,0.0,Jump,pressed
1264.932,jump_executed,730.780334472656,-495.067260742188,-33.3333320617676,-500.0,jump,x_730.780334472656_y_-495.067260742188
1265.382,jump_peak_reached,708.905212402344,-599.910827636719,-15.0,76.8519668579102,jump_peak,x_708.905212402344_y_-599.910827636719
1265.516,jump_input_released,710.074768066406,-573.043579101562,-15.0,373.148284912109,Jump,released
1265.648,platform_landed,709.324768066406,-495.007080078125,0.0,0.0,land_on_platform,platform_scene-1/Tile Map/39_-27_layer_Tile Map_tile_39_-27_source_1_atlas_2_0
1265.648,landed,709.324768066406,-495.007080078125,0.0,0.0,land,surface_wood_impact_1.33888928222656
1265.649,sonification,709.324768066406,-495.007080078125,0.0,0.0,osc_received,"value_[1, ""leadr-mel""]"
1265.866,move_right_pressed,709.324768066406,-495.007080078125,33.3333320617676,0.0,Move_Right,pressed
1265.932,jump_input_pressed,714.880310058594,-495.007080078125,166.666656494141,0.0,Jump,pressed
1265.932,jump_executed,714.880310058594,-495.007080078125,166.666656494141,-500.0,jump,x_714.880310058594_y_-495.007080078125
1265.948,jump_peak_reached,717.676086425781,-503.395324707031,180.0,-479.222198486328,jump_peak,x_717.676086425781_y_-503.395324707031
1266.284,jump_input_released,756.925231933594,-598.7841796875,120.0,-75.3332214355469,Jump,released
1266.465,platform_landed,764.786315917969,-585.007995605469,0.0,0.0,land_on_platform,platform_scene-1/Tile Map/42_-32_layer_Tile Map_tile_42_-32_source_1_atlas_1_0
1266.465,landed,764.786315917969,-585.007995605469,0.0,0.0,land,surface_wood_impact_0.53451873779297
1266.466,sonification,764.786315917969,-585.007995605469,0.0,0.0,osc_received,"value_[1, ""leadr-mel""]"
1266.484,musicking,764.786315917969,-585.007995605469,0.0,0.0,osc_received,"value_[1, ""platform_pan_nav""]"
1266.566,move_left_pressed,764.786315917969,-585.007995605469,-33.3333320617676,0.0,Move_Left,pressed
1266.633,jump_input_pressed,759.230773925781,-585.007995605469,-166.666656494141,0.0,Jump,pressed
1266.633,jump_executed,759.230773925781,-585.007995605469,-166.666656494141,-500.0,jump,x_759.230773925781_y_-585.007995605469
1266.966,jump_input_released,699.435241699219,-687.181640625,-180.0,-94.9998931884766,Jump,released
1267.065,jump_peak_reached,681.435241699219,-691.473327636719,-180.0,46.2038116455078,jump_peak,x_681.435241699219_y_-691.473327636719
1267.349,platform_landed,676.601928710938,-585.059753417969,0.0,0.0,land_on_platform,platform_scene-1/Tile Map/37_-32_layer_Tile Map_tile_37_-32_source_1_atlas_3_0
1267.349,landed,676.601928710938,-585.059753417969,0.0,0.0,land,surface_wood_impact_1.35166711425781
1267.35,sonification,676.601928710938,-585.059753417969,0.0,0.0,osc_received,"value_[1, ""leadr-mel""]"
1267.632,move_left_pressed,676.601928710938,-585.059753417969,-33.3333320617676,0.0,Move_Left,pressed
1267.731,coin_collected,665.268615722656,-585.059753417969,-180.0,0.0,collect_coin,coin_coin15_score_26
1267.733,sonification,662.268615722656,-585.059753417969,-180.0,0.0,osc_received,"value_[1, ""coins-with-pitch""]"
1268.332,move_left_pressed,654.435302734375,-585.059753417969,-33.3333320617676,0.0,Move_Left,pressed
1268.35,jump_input_pressed,653.879760742188,-585.059753417969,-66.6666641235352,0.0,Jump,pressed
1268.35,jump_executed,653.879760742188,-585.059753417969,-66.6666641235352,-500.0,jump,x_653.879760742188_y_-585.059753417969
1268.365,jump_peak_reached,652.766784667969,-593.407897949219,-81.6666641235352,-479.222198486328,jump_peak,x_652.766784667969_y_-593.407897949219
1268.898,jump_input_released,562.989196777344,-674.294250488281,-180.0,299.074188232422,Jump,released
1269.083,platform_landed,558.155883789062,-585.018920898438,0.0,0.0,land_on_platform,platform_scene-1/Tile Map/30_-32_layer_Tile Map_tile_30_-32_source_1_atlas_2_0
1269.083,landed,558.155883789062,-585.018920898438,0.0,0.0,land,surface_wood_impact_1.41296337890625
1269.084,sonification,558.155883789062,-585.018920898438,0.0,0.0,osc_received,"value_[1, ""leadr-mel""]"
1269.184,move_left_pressed,558.155883789062,-585.018920898438,-33.3333320617676,0.0,Move_Left,pressed
1269.248,jump_input_pressed,552.600341796875,-585.018920898438,-166.666656494141,0.0,Jump,pressed
1269.248,jump_executed,552.600341796875,-585.018920898438,-166.666656494141,-500.0,jump,x_552.600341796875_y_-585.018920898438
1269.689,jump_peak_reached,474.8076171875,-691.892333984375,-180.0,39.8149261474609,jump_peak,x_474.8076171875_y_-691.892333984375
1269.724,jump_input_released,468.8076171875,-689.947875976562,-180.0,113.889007568359,Jump,released
1270.007,platform_landed,427.974273681641,-564.071655273438,0.0,0.0,land_on_platform,platform_scene-1/Tile Map/23_-31_layer_Tile Map_tile_23_-31_source_1_atlas_14_6
1270.007,landed,427.974273681641,-564.071655273438,0.0,0.0,land,surface_wood_impact_1.48703747558594
1270.008,sonification,427.974273681641,-564.071655273438,0.0,0.0,osc_received,"value_[1, ""leadr-mel""]"
1270.008,musicking,427.974273681641,-564.071655273438,0.0,0.0,osc_received,"value_[1, ""water-tube""]"
1270.04,musicking,427.974273681641,-564.071655273438,0.0,0.0,osc_received,"value_[1, ""platform_pan_nav""]"
1270.29,move_left_pressed,427.974273681641,-564.071655273438,-33.3333320617676,0.0,Move_Left,pressed
1270.325,jump_input_pressed,426.341278076172,-564.171020507812,-100.0,0.0,Jump,pressed
1270.325,jump_executed,426.341278076172,-564.171020507812,-100.0,-500.0,jump,x_426.341278076172_y_-564.171020507812
1270.34,jump_peak_reached,424.669708251953,-572.529846191406,-115.0,-479.222198486328,jump_peak,x_424.669708251953_y_-572.529846191406
1270.74,jump_input_released,355.58642578125,-671.070556640625,-180.0,2.77788853645325,Jump,released
1271.023,platform_landed,301.636352539062,-582.10595703125,-180.0,0.0,land_on_platform,platform_scene-1/Tile Map/16_-32_layer_Tile Map_tile_16_-32_source_1_atlas_14_6
1271.023,landed,301.636352539062,-582.10595703125,-180.0,0.0,land,surface_wood_impact_1.26481518554687
1271.023,musicking,301.636352539062,-582.10595703125,-180.0,0.0,osc_received,"value_[1, ""water-tube""]"
1271.032,sonification,301.636352539062,-582.10595703125,-180.0,0.0,osc_received,"value_[1, ""leadr-mel""]"
1271.098,move_left_pressed,299.943725585938,-582.375549316406,-33.3333320617676,0.0,Move_Left,pressed
1271.098,jump_input_pressed,299.943725585938,-582.375549316406,-33.3333320617676,0.0,Jump,pressed
1271.098,jump_executed,299.943725585938,-582.375549316406,-33.3333320617676,-500.0,jump,x_299.943725585938_y_-582.375549316406
1271.099,musicking,299.386474609375,-590.734985351562,-33.3333320617676,-500.055541992188,osc_received,"value_[1, ""chain-jumps""]"
1271.531,jump_peak_reached,235.136596679688,-689.229370117188,-180.0,39.8149261474609,jump_peak,x_235.136596679688_y_-689.229370117188
1271.582,jump_input_released,226.136596679688,-685.386779785156,-180.0,150.926040649414,Jump,released
1271.816,move_left_pressed,209.303253173828,-593.997863769531,-15.0,669.444641113281,Move_Left,pressed
1271.816,platform_landed,209.053909301758,-583.05078125,-15.0,0.0,land_on_platform,platform_scene-1/Tile Map/11_-32_layer_Tile Map_tile_11_-32_source_1_atlas_14_6
1271.816,landed,209.053909301758,-583.05078125,-15.0,0.0,land,surface_wood_impact_1.33888928222656
1271.817,sonification,209.053909301758,-583.05078125,-15.0,0.0,osc_received,"value_[1, ""leadr-mel""]"
1271.817,musicking,209.053909301758,-583.05078125,-15.0,0.0,osc_received,"value_[1, ""water-tube""]"
1271.915,jump_input_pressed,199.471328735352,-582.044921875,-180.0,0.0,Jump,pressed
1271.916,jump_executed,199.471328735352,-582.044921875,-180.0,-500.0,jump,x_199.471328735352_y_-582.044921875
1271.931,jump_peak_reached,196.462661743164,-590.403259277344,-180.0,-479.222198486328,jump_peak,x_196.462661743164_y_-590.403259277344
1272.349,jump_input_released,121.462661743164,-688.897644042969,-180.0,39.8149261474609,Jump,released
1272.615,coin_collected,77.6293258666992,-604.206237792969,-13.3333311080933,595.370544433594,collect_coin,coin_coin20_score_28
1272.623,sonification,77.6293258666992,-593.666137695312,0.0,632.407592773438,osc_received,"value_[1, ""coins-with-pitch""]"
1272.631,platform_landed,77.6293258666992,-585.036560058594,0.0,0.0,land_on_platform,platform_scene-1/Tile Map/4_-32_layer_Tile Map_tile_4_-32_source_1_atlas_2_0
1272.631,landed,77.6293258666992,-585.036560058594,0.0,0.0,land,surface_wood_impact_1.33888928222656
1272.639,sonification,77.6293258666992,-585.036560058594,0.0,0.0,osc_received,"value_[1, ""leadr-mel""]"
1272.666,musicking,77.6293258666992,-585.036560058594,0.0,0.0,osc_received,"value_[1, ""platform_pan_nav""]"
1272.751,move_left_pressed,77.6293258666992,-585.036560058594,-33.3333320617676,0.0,Move_Left,pressed
1272.798,jump_input_pressed,74.2959899902344,-585.036560058594,-133.33332824707,0.0,Jump,pressed
1272.798,jump_executed,74.2959899902344,-585.036560058594,-133.33332824707,-500.0,jump,x_74.2959899902344_y_-585.036560058594
1272.815,jump_peak_reached,72.0652160644531,-593.402893066406,-148.33332824707,-479.222198486328,jump_peak,x_72.0652160644531_y_-593.402893066406
1273.249,jump_input_released,-5.1027626991272,-636.190673828125,-180.0,444.444488525391,Jump,released
1273.25,platform_landed,-8.09380531311035,-636.056701660156,-180.0,0.0,land_on_platform,platform_scene-1/Tile Map/-1_-35_layer_Tile Map_tile_-1_-35_source_1_atlas_13_6
1273.25,landed,-8.09380531311035,-636.056701660156,-180.0,0.0,land,surface_wood_impact_0.88888897705078
1273.256,sonification,-8.09380531311035,-636.056701660156,-180.0,0.0,osc_received,"value_[1, ""leadr-mel""]"
1273.256,musicking,-8.09380531311035,-636.056701660156,-180.0,0.0,osc_received,"value_[1, ""water-tube""]"
1273.433,move_right_pressed,-15.9271097183228,-636.067810058594,33.3333320617676,0.0,Move_Right,pressed
1273.482,jump_input_pressed,-12.5937538146973,-636.067810058594,133.33332824707,0.0,Jump,pressed
1273.483,jump_executed,-12.5937538146973,-636.067810058594,133.33332824707,-500.0,jump,x_-12.5937538146973_y_-636.067810058594
1273.832,jump_input_released,28.4252834320068,-739.793762207031,180.0,-75.3332214355469,Jump,released
1273.915,jump_peak_reached,39.258617401123,-742.599243164062,0.0,45.0371475219727,jump_peak,x_39.258617401123_y_-742.599243164062
1274.065,platform_landed,39.258617401123,-711.010314941406,0.0,0.0,land_on_platform,platform_scene-1/Tile Map/2_-39_layer_Tile Map_tile_2_-39_source_1_atlas_2_0
1274.065,landed,39.258617401123,-711.010314941406,0.0,0.0,land,surface_wood_impact_0.75674102783203
1274.073,sonification,39.258617401123,-711.010314941406,0.0,0.0,osc_received,"value_[1, ""leadr-mel""]"
1274.398,move_left_pressed,39.258617401123,-711.010314941406,-33.3333320617676,0.0,Move_Left,pressed
1274.432,jump_input_pressed,37.5919494628906,-711.010314941406,-100.0,0.0,Jump,pressed
1274.432,jump_executed,37.5919494628906,-711.010314941406,-100.0,-500.0,jump,x_37.5919494628906_y_-711.010314941406
1274.849,jump_input_released,-8.42528533935547,-817.942443847656,-180.0,2.77788853645325,Jump,released
1274.865,jump_peak_reached,-11.4252853393555,-817.896118164062,-180.0,39.8149261474609,jump_peak,x_-11.4252853393555_y_-817.896118164062
1274.965,platform_landed,-19.258617401123,-801.021667480469,0.0,0.0,land_on_platform,platform_scene-1/Tile Map/-2_-44_layer_Tile Map_tile_-2_-44_source_1_atlas_2_0
1274.965,landed,-19.258617401123,-801.021667480469,0.0,0.0,land,surface_wood_impact_0.52407427978516
1274.966,sonification,-19.258617401123,-801.021667480469,0.0,0.0,osc_received,"value_[1, ""leadr-mel""]"
1274.983,musicking,-19.258617401123,-801.021667480469,0.0,0.0,osc_received,"value_[1, ""platform_pan_nav""]"
1275.033,move_right_pressed,-19.258617401123,-801.021667480469,33.3333320617676,0.0,Move_Right,pressed
1275.117,jump_input_pressed,-10.9252843856812,-801.068969726562,180.0,0.0,Jump,pressed
1275.117,jump_executed,-10.9252843856812,-801.068969726562,180.0,-500.0,jump,x_-10.9252843856812_y_-801.068969726562
1275.549,jump_peak_reached,67.0766830444336,-907.903076171875,180.0,39.8149261474609,jump_peak,x_67.0766830444336_y_-907.903076171875
1275.616,jump_input_released,79.0766830444336,-901.545043945312,180.0,187.963073730469,Jump,released
1275.816,platform_landed,107.910018920898,-816.006530761719,0.0,0.0,land_on_platform,platform_scene-1/Tile Map/5_-45_layer_Tile Map_tile_5_-45_source_1_atlas_13_6
1275.816,landed,107.910018920898,-816.006530761719,0.0,0.0,land,surface_wood_impact_1.26481518554687
1275.825,sonification,107.910018920898,-816.006530761719,0.0,0.0,osc_received,"value_[1, ""leadr-mel""]"
1275.825,musicking,107.910018920898,-816.006530761719,0.0,0.0,osc_received,"value_[1, ""water-tube""]"
1275.984,move_right_pressed,107.910018920898,-816.006530761719,33.3333320617676,0.0,Move_Right,pressed
1275.998,jump_input_pressed,108.463638305664,-816.053100585938,66.6666641235352,0.0,Jump,pressed
1275.999,jump_executed,108.463638305664,-816.053100585938,66.6666641235352,-500.0,jump,x_108.463638305664_y_-816.053100585938
1276.417,jump_input_released,175.352783203125,-922.929809570312,180.0,2.77788853645325,Jump,released
1276.431,jump_peak_reached,178.352783203125,-922.883483886719,180.0,39.8149261474609,jump_peak,x_178.352783203125_y_-922.883483886719
1276.715,platform_landed,213.186126708984,-819.022399902344,0.0,0.0,land_on_platform,platform_scene-1/Tile Map/11_-45_layer_Tile Map_tile_11_-45_source_1_atlas_14_7
1276.716,landed,213.186126708984,-819.022399902344,0.0,0.0,land,surface_wood_impact_1.33888928222656
1276.717,musicking,213.186126708984,-819.022399902344,0.0,0.0,osc_received,"value_[1, ""cloud""]"
1276.948,move_right_pressed,213.186126708984,-819.022399902344,33.3333320617676,0.0,Move_Right,pressed
1276.999,jump_input_pressed,216.519470214844,-819.022399902344,133.33332824707,0.0,Jump,pressed
1276.999,jump_executed,216.519470214844,-819.022399902344,133.33332824707,-500.0,jump,x_216.519470214844_y_-819.022399902344
1277.015,jump_peak_reached,218.753860473633,-827.402282714844,148.33332824707,-479.222198486328,jump_peak,x_218.753860473633_y_-827.402282714844
1277.398,jump_input_released,286.920532226562,-925.64208984375,180.0,-16.6665554046631,Jump,released
1277.731,platform_landed,349.627502441406,-816.115905761719,180.0,0.0,land_on_platform,platform_scene-1/Tile Map/19_-45_layer_Tile Map_tile_19_-45_source_1_atlas_14_6
1277.731,landed,349.627502441406,-816.115905761719,180.0,0.0,land,surface_wood_impact_1.4157412109375
1277.732,musicking,349.627502441406,-816.115905761719,180.0,0.0,osc_received,"value_[1, ""water-tube""]"
1277.748,musicking,351.972808837891,-817.391540527344,180.0,0.0,osc_received,"value_[1, ""platform_pan_nav""]"
1277.799,jump_input_pressed,357.973022460938,-816.981384277344,180.0,0.0,Jump,pressed
1277.8,jump_executed,357.973022460938,-816.981384277344,180.0,-500.0,jump,x_357.973022460938_y_-816.981384277344
1277.8,musicking,360.990692138672,-825.364685058594,180.0,-500.055541992188,osc_received,"value_[1, ""chain-jumps""]"
1277.965,jump_peak_reached,373.120941162109,-860.080749511719,22.9220962524414,44.4385566711426,jump_peak,x_373.120941162109_y_-860.080749511719
1278.066,jump_input_released,379.163665771484,-846.376770019531,112.922096252441,266.660766601562,Jump,released
1278.565,platform_landed,392.671295166016,-438.069427490234,0.0,0.0,land_on_platform,platform_scene-1/Tile Map/21_-24_layer_Tile Map_tile_21_-24_source_1_atlas_13_6
1278.566,landed,392.671295166016,-438.069427490234,0.0,0.0,land,surface_wood_impact_2.75554321289062
1278.566,musicking,392.671295166016,-438.069427490234,0.0,0.0,osc_received,"value_[1, ""water-tube""]"
1278.599,musicking,392.671295166016,-437.989349365234,0.0,0.0,osc_received,"value_[1, ""far-fall""]"
1279.331,move_left_pressed,392.671295166016,-437.989349365234,-33.3333320617676,0.0,Move_Left,pressed
1279.399,musicking,384.338043212891,-438.051300048828,-166.666656494141,0.0,osc_received,"value_[1, ""chain-jumps-combo-walk""]"
1280.198,move_right_pressed,243.33805847168,-438.051300048828,-96.6666641235352,0.0,Move_Right,pressed
1281.932,jump_input_pressed,540.49072265625,-438.827453613281,180.0,0.0,Jump,pressed
1281.932,jump_executed,540.49072265625,-438.827453613281,180.0,-500.0,jump,x_540.49072265625_y_-438.827453613281
1282.166,jump_input_released,582.513916015625,-524.479858398438,180.0,-214.166549682617,Jump,released
1282.265,jump_peak_reached,600.513916015625,-529.271545410156,180.0,41.2037048339844,jump_peak,x_600.513916015625_y_-529.271545410156
1282.565,platform_landed,629.347229003906,-420.000366210938,0.0,0.0,land_on_platform,platform_scene-1/Tile Map/34_-23_layer_Tile Map_tile_34_-23_source_1_atlas_17_3
1282.566,landed,629.347229003906,-420.000366210938,0.0,0.0,land,surface_wood_impact_1.41574096679688
1282.582,musicking,629.347229003906,-420.000366210938,0.0,0.0,osc_received,"value_[1, ""leaves""]"
1282.749,move_right_pressed,629.347229003906,-420.000366210938,33.3333320617676,0.0,Move_Right,pressed
1282.767,jump_input_pressed,629.901062011719,-420.052276611328,66.6666641235352,0.0,Jump,pressed
1282.767,jump_executed,629.901062011719,-420.052276611328,66.6666641235352,-500.0,jump,x_629.901062011719_y_-420.052276611328
1283.198,jump_peak_reached,699.790466308594,-526.886108398438,180.0,39.8149261474609,jump_peak,x_699.790466308594_y_-526.886108398438
1283.266,jump_input_released,711.790466308594,-520.528076171875,180.0,187.963073730469,Jump,released
1283.348,platform_landed,722.623779296875,-495.023345947266,0.0,0.0,land_on_platform,platform_scene-1/Tile Map/40_-27_layer_Tile Map_tile_40_-27_source_1_atlas_3_0
1283.348,landed,722.623779296875,-495.023345947266,0.0,0.0,land,surface_wood_impact_0.74629656982422
1283.55,move_right_pressed,722.623779296875,-495.023345947266,33.3333320617676,0.0,Move_Right,pressed
1283.55,jump_input_pressed,722.623779296875,-495.023345947266,33.3333320617676,0.0,Jump,pressed
1283.55,jump_executed,722.623779296875,-495.023345947266,33.3333320617676,-500.0,jump,x_722.623779296875_y_-495.023345947266
1283.799,musicking,752.012634277344,-587.471130371094,61.6450500488281,-195.055435180664,osc_received,"value_[1, ""platform_pan_nav""]"
1283.932,jump_input_released,766.204467773438,-600.997985839844,180.0,-36.1665573120117,Jump,released
1283.982,jump_peak_reached,773.815551757812,-601.7646484375,13.3333311080933,42.5371475219727,jump_peak,x_773.815551757812_y_-601.7646484375
1284.084,platform_landed,774.037780761719,-585.011169433594,0.0,0.0,land_on_platform,platform_scene-1/Tile Map/42_-32_layer_Tile Map_tile_42_-32_source_1_atlas_1_0
1284.084,landed,774.037780761719,-585.011169433594,0.0,0.0,land,surface_wood_impact_0.52951873779297
1284.184,move_left_pressed,774.037780761719,-585.011169433594,-33.3333320617676,0.0,Move_Left,pressed
1284.249,jump_input_pressed,768.482238769531,-585.011169433594,-166.666656494141,0.0,Jump,pressed
1284.249,jump_executed,768.482238769531,-585.011169433594,-166.666656494141,-500.0,jump,x_768.482238769531_y_-585.011169433594
1284.665,time_limit_reached,693.6875,-691.936950683594,-180.0,2.77788853645325,time_limit,three_minutes
1284.665,scene_transition,693.6875,-691.936950683594,-180.0,2.77788853645325,switch,from_res://Scenes/Main/scene-1.tscn_to_res://Scenes/Main/menu.tscn
1284.665,session_end,693.6875,-691.936950683594,-180.0,2.77788853645325,,
