timestamp_seconds,event,x,y,velocity_x,velocity_y,action,info
843.648,session_start,392.0,624.0,0.0,0.0,,
843.696,jump_peak_reached,392.0,624.0,0.0,37.037036895752,jump_peak,x_392.0_y_624.0
843.727,platform_landed,392.0,638.988403320312,0.0,0.0,land_on_platform,platform_scene-1/Tile Map/21_36_layer_Tile Map_tile_21_36_source_1_atlas_2_0
843.727,landed,392.0,638.988403320312,0.0,0.0,land,surface_wood_impact_0.51851849365234
846.946,move_right_pressed,392.0,638.988403320312,33.3333320617676,0.0,Move_Right,pressed
847.962,move_left_pressed,441.166656494141,638.932373046875,-33.3333320617676,0.0,Move_Left,pressed
848.779,move_left_pressed,392.0,638.925048828125,-33.3333320617676,0.0,Move_Left,pressed
849.913,jump_input_pressed,198.833343505859,638.925048828125,0.0,0.0,Jump,pressed
849.913,jump_executed,198.833343505859,638.925048828125,0.0,-500.0,jump,x_198.833343505859_y_638.925048828125
850.014,jump_input_released,198.833343505859,594.080627441406,0.0,-376.166595458984,Jump,released
850.112,jump_peak_reached,198.833343505859,589.288940429688,0.0,41.2037048339844,jump_peak,x_198.833343505859_y_589.288940429688
850.312,platform_landed,198.833343505859,638.966064453125,0.0,0.0,land_on_platform,platform_scene-1/Tile Map/10_36_layer_Tile Map_tile_10_36_source_1_atlas_2_0
850.312,landed,198.833343505859,638.966064453125,0.0,0.0,land,surface_wood_impact_0.97129644775391
850.579,jump_input_pressed,198.833343505859,638.966064453125,0.0,0.0,Jump,pressed
850.579,jump_executed,198.833343505859,638.966064453125,0.0,-500.0,jump,x_198.833343505859_y_638.966064453125
850.695,jump_input_released,198.833343505859,587.806396484375,0.0,-355.722137451172,Jump,released
850.794,jump_peak_reached,198.833343505859,583.014709472656,0.0,41.2037048339844,jump_peak,x_198.833343505859_y_583.014709472656
850.995,platform_landed,198.833343505859,638.967895507812,0.0,0.0,land_on_platform,platform_scene-1/Tile Map/10_36_layer_Tile Map_tile_10_36_source_1_atlas_2_0
850.995,landed,198.833343505859,638.967895507812,0.0,0.0,land,surface_wood_impact_0.97129644775391
851.046,move_left_pressed,198.833343505859,638.967895507812,-33.3333320617676,0.0,Move_Left,pressed
852.094,move_left_pressed,146.666656494141,638.9296875,-33.3333320617676,0.0,Move_Left,pressed
852.229,jump_input_pressed,129.333312988281,638.9296875,-180.0,0.0,Jump,pressed
852.229,jump_executed,129.333312988281,638.9296875,-180.0,-500.0,jump,x_129.333312988281_y_638.9296875
852.661,jump_peak_reached,51.3317337036133,532.0966796875,-180.0,39.8149261474609,jump_peak,x_51.3317337036133_y_532.0966796875
852.895,jump_input_released,32.8247184753418,597.559692382812,-150.0,558.33349609375,Jump,released
852.962,platform_landed,22.7413883209229,638.932800292969,-13.3333311080933,0.0,land_on_platform,platform_scene-1/Tile Map/1_36_layer_Tile Map_tile_1_36_source_1_atlas_2_0
852.962,landed,22.7413883209229,638.932800292969,-13.3333311080933,0.0,land,surface_wood_impact_1.41296337890625
853.68,move_left_pressed,22.7413883209229,638.932800292969,-33.3333320617676,0.0,Move_Left,pressed
853.854,move_right_pressed,-0.5919451713562,638.932800292969,-96.6666641235352,0.0,Move_Right,pressed
854.344,move_right_pressed,27.630277633667,638.932800292969,33.3333320617676,0.0,Move_Right,pressed
854.529,jump_input_pressed,53.9636116027832,638.932800292969,180.0,0.0,Jump,pressed
854.53,jump_executed,53.9636116027832,638.932800292969,180.0,-500.0,jump,x_53.9636116027832_y_638.932800292969
854.847,jump_input_released,110.966064453125,538.736206054688,180.0,-114.722114562988,Jump,released
854.948,jump_peak_reached,124.79940032959,533.944519042969,0.0,41.2037048339844,jump_peak,x_124.79940032959_y_533.944519042969
855.095,platform_landed,124.79940032959,567.321594238281,0.0,0.0,land_on_platform,platform_scene-1/Tile Map/7_32_layer_Tile Map_tile_7_32_source_1_atlas_0_0
855.095,landed,124.79940032959,567.321594238281,0.0,0.0,land,surface_wood_impact_0.74907415771484
855.314,move_right_pressed,124.79940032959,567.321594238281,33.3333320617676,0.0,Move_Right,pressed
855.729,move_left_pressed,134.440124511719,566.95068359375,-33.3333320617676,0.0,Move_Left,pressed
855.847,jump_input_pressed,120.098678588867,567.671508789062,-180.0,74.0740737915039,Jump,pressed
855.847,jump_executed,120.098678588867,567.671508789062,-180.0,-500.0,jump,x_120.098678588867_y_567.671508789062
856.28,jump_peak_reached,42.0986785888672,460.842864990234,-180.0,39.8149261474609,jump_peak,x_42.0986785888672_y_460.842864990234
856.28,jump_input_released,42.0986785888672,460.842864990234,-180.0,39.8149261474609,Jump,released
856.486,platform_landed,34.2653465270996,512.983093261719,0.0,0.0,land_on_platform,platform_scene-1/Tile Map/1_29_layer_Tile Map_tile_1_29_source_1_atlas_0_0
856.486,landed,34.2653465270996,512.983093261719,0.0,0.0,land,surface_wood_impact_0.96851885986328
856.678,move_left_pressed,34.2653465270996,512.983093261719,-33.3333320617676,0.0,Move_Left,pressed
856.712,jump_input_pressed,32.5986785888672,512.983093261719,-100.0,0.0,Jump,pressed
856.712,jump_executed,32.5986785888672,512.983093261719,-100.0,-500.0,jump,x_32.5986785888672_y_512.983093261719
857.144,jump_peak_reached,-41.1612167358398,406.104949951172,-180.0,39.8149261474609,jump_peak,x_-41.1612167358398_y_406.104949951172
857.278,jump_input_released,-63.9250907897949,428.697540283203,-15.0,336.111236572266,Jump,released
857.436,platform_landed,-63.9252586364746,512.988342285156,0.0,0.0,land_on_platform,platform_scene-1/Tile Map/-4_29_layer_Tile Map_tile_-4_29_source_1_atlas_1_0
857.436,landed,-63.9252586364746,512.988342285156,0.0,0.0,land,surface_wood_impact_1.41296337890625
857.855,move_right_pressed,-63.9252586364746,512.988342285156,33.3333320617676,0.0,Move_Right,pressed
858.153,jump_input_pressed,-16.5919227600098,512.932312011719,180.0,0.0,Jump,pressed
858.154,jump_executed,-16.5919227600098,512.932312011719,180.0,-500.0,jump,x_-16.5919227600098_y_512.932312011719
858.245,jump_input_released,-1.59192299842834,474.705444335938,180.0,-396.666595458984,Jump,released
858.344,jump_peak_reached,16.4080772399902,469.913787841797,180.0,41.2037048339844,jump_peak,x_16.4080772399902_y_469.913787841797
858.52,platform_landed,30.2414093017578,512.98095703125,0.0,0.0,land_on_platform,platform_scene-1/Tile Map/1_29_layer_Tile Map_tile_1_29_source_1_atlas_0_0
858.52,landed,30.2414093017578,512.98095703125,0.0,0.0,land,surface_wood_impact_0.89722235107422
858.811,move_right_pressed,30.2414093017578,512.98095703125,33.3333320617676,0.0,Move_Right,pressed
858.853,jump_input_pressed,33.5747413635254,512.98095703125,133.33332824707,0.0,Jump,pressed
858.853,jump_executed,33.5747413635254,512.98095703125,133.33332824707,-500.0,jump,x_33.5747413635254_y_512.98095703125
859.246,jump_input_released,100.975982666016,406.985595703125,180.0,-36.1665573120117,Jump,released
859.286,jump_peak_reached,109.975982666016,406.218933105469,180.0,42.5371475219727,jump_peak,x_109.975982666016_y_406.218933105469
859.654,platform_landed,129.809326171875,566.97607421875,0.0,0.0,land_on_platform,platform_scene-1/Tile Map/7_32_layer_Tile Map_tile_7_32_source_1_atlas_0_0
859.654,landed,129.809326171875,566.97607421875,0.0,0.0,land,surface_wood_impact_1.71470422363281
860.078,move_right_pressed,129.809326171875,566.97607421875,33.3333320617676,0.0,Move_Right,pressed
860.454,platform_landed,187.996109008789,638.986206054688,0.0,0.0,land_on_platform,platform_scene-1/Tile Map/10_36_layer_Tile Map_tile_10_36_source_1_atlas_2_0
860.454,landed,187.996109008789,638.986206054688,0.0,0.0,land,surface_wood_impact_1.11111120605469
860.92,move_right_pressed,187.996109008789,638.986206054688,33.3333320617676,0.0,Move_Right,pressed
861.887,jump_input_pressed,355.329467773438,638.932006835938,180.0,0.0,Jump,pressed
861.887,jump_executed,355.329467773438,638.932006835938,180.0,-500.0,jump,x_355.329467773438_y_638.932006835938
862.145,jump_input_released,400.331695556641,549.754577636719,180.0,-194.166549682617,Jump,released
862.244,jump_peak_reached,414.1650390625,544.962890625,0.0,41.2037048339844,jump_peak,x_414.1650390625_y_544.962890625
862.403,platform_landed,414.1650390625,584.993774414062,0.0,0.0,land_on_platform,platform_scene-1/Tile Map/22_33_layer_Tile Map_tile_22_33_source_1_atlas_1_0
862.404,landed,414.1650390625,584.993774414062,0.0,0.0,land,surface_wood_impact_0.82314825439453
862.847,move_right_pressed,414.1650390625,584.993774414062,33.3333320617676,0.0,Move_Right,pressed
862.847,jump_input_pressed,414.1650390625,584.993774414062,33.3333320617676,0.0,Jump,pressed
862.847,jump_executed,414.1650390625,584.993774414062,33.3333320617676,-500.0,jump,x_414.1650390625_y_584.993774414062
863.079,jump_input_released,442.974578857422,499.344390869141,180.0,-214.166549682617,Jump,released
863.178,jump_peak_reached,460.974578857422,494.552734375,180.0,41.2037048339844,jump_peak,x_460.974578857422_y_494.552734375
863.354,coin_collected,477.807922363281,536.057373046875,0.0,411.574127197266,collect_coin,coin_coin_score_2
863.379,platform_landed,477.807922363281,548.972473144531,0.0,0.0,land_on_platform,platform_scene-1/Tile Map/26_31_layer_Tile Map_tile_26_31_source_1_atlas_2_0
863.379,landed,477.807922363281,548.972473144531,0.0,0.0,land,surface_wood_impact_0.97129644775391
863.586,move_right_pressed,477.807922363281,548.972473144531,33.3333320617676,0.0,Move_Right,pressed
863.644,jump_input_pressed,481.141235351562,548.972473144531,133.33332824707,0.0,Jump,pressed
863.644,jump_executed,481.141235351562,548.972473144531,133.33332824707,-500.0,jump,x_481.141235351562_y_548.972473144531
863.812,jump_input_released,499.425170898438,481.020965576172,60.0,-294.722106933594,Jump,released
863.902,jump_peak_reached,509.175170898438,476.229309082031,150.0,41.2037048339844,jump_peak,x_509.175170898438_y_476.229309082031
864.028,platform_landed,522.258483886719,494.987243652344,0.0,0.0,land_on_platform,platform_scene-1/Tile Map/28_28_layer_Tile Map_tile_28_28_source_1_atlas_1_0
864.028,landed,522.258483886719,494.987243652344,0.0,0.0,land,surface_wood_impact_0.60092596435547
864.147,move_right_pressed,522.258483886719,494.987243652344,33.3333320617676,0.0,Move_Right,pressed
864.528,platform_landed,587.605224609375,513.933288574219,180.0,0.0,land_on_platform,platform_scene-1/Tile Map/32_29_layer_Tile Map_tile_32_29_source_1_atlas_18_0
864.529,landed,587.605224609375,513.933288574219,180.0,0.0,land,surface_wood_impact_0.59259259033203
864.53,sonification,587.605224609375,513.933288574219,180.0,0.0,osc_received,"value_[1, ""leaves""]"
864.88,platform_landed,646.467224121094,549.932800292969,13.3333311080933,0.0,land_on_platform,platform_scene-1/Tile Map/35_31_layer_Tile Map_tile_35_31_source_1_atlas_19_0
864.88,landed,646.467224121094,549.932800292969,13.3333311080933,0.0,land,surface_wood_impact_0.81481488037109
864.881,sonification,646.467224121094,549.932800292969,13.3333311080933,0.0,osc_received,"value_[1, ""leaves""]"
865.129,move_right_pressed,646.467224121094,549.932800292969,33.3333320617676,0.0,Move_Right,pressed
865.461,platform_landed,689.049499511719,638.970520019531,0.0,0.0,land_on_platform,platform_scene-1/Tile Map/38_36_layer_Tile Map_tile_38_36_source_1_atlas_13_0
865.462,landed,689.049499511719,638.970520019531,0.0,0.0,land,surface_wood_impact_1.25925939941406
865.695,move_right_pressed,689.049499511719,638.970520019531,33.3333320617676,0.0,Move_Right,pressed
865.698,sonification,689.605041503906,638.970520019531,33.3333320617676,0.0,osc_received,"value_[1, ""mushrooms""]"
865.994,jump_input_pressed,736.3828125,638.929992675781,180.0,0.0,Jump,pressed
865.994,jump_executed,736.3828125,638.929992675781,180.0,-500.0,jump,x_736.3828125_y_638.929992675781
866.012,sonification,739.384460449219,630.591064453125,180.0,-500.055541992188,osc_received,"value_[1, ""mushrooms""]"
866.38,jump_input_released,805.384460449219,532.976257324219,180.0,-36.1665573120117,Jump,released
866.428,jump_peak_reached,810.2177734375,532.209594726562,0.0,42.5371475219727,jump_peak,x_810.2177734375_y_532.209594726562
866.529,platform_landed,810.2177734375,548.99755859375,0.0,0.0,land_on_platform,platform_scene-1/Tile Map/44_31_layer_Tile Map_tile_44_31_source_1_atlas_14_0
866.529,landed,810.2177734375,548.99755859375,0.0,0.0,land,surface_wood_impact_0.52951873779297
866.795,move_right_pressed,810.2177734375,548.99755859375,33.3333320617676,0.0,Move_Right,pressed
866.812,sonification,810.772521972656,548.927307128906,33.3333320617676,0.0,osc_received,"value_[1, ""mushrooms""]"
867.047,sonification,851.564453125,549.171447753906,180.0,0.0,osc_received,"value_[1, ""mushrooms""]"
867.328,platform_landed,886.397766113281,638.98388671875,0.0,0.0,land_on_platform,platform_scene-1/Tile Map/49_36_layer_Tile Map_tile_49_36_source_1_atlas_13_0
867.328,landed,886.397766113281,638.98388671875,0.0,0.0,land,surface_wood_impact_1.25925939941406
868.413,move_left_pressed,886.397766113281,638.98388671875,-33.3333320617676,0.0,Move_Left,pressed
868.414,sonification,885.842224121094,638.98388671875,-33.3333320617676,0.0,osc_received,"value_[1, ""mushrooms""]"
868.544,jump_input_pressed,872.064453125,638.931762695312,-180.0,0.0,Jump,pressed
868.544,jump_executed,872.064453125,638.931762695312,-180.0,-500.0,jump,x_872.064453125_y_638.931762695312
868.545,sonification,869.062316894531,630.591491699219,-180.0,-500.055541992188,osc_received,"value_[1, ""mushrooms""]"
868.713,jump_peak_reached,842.099792480469,580.574890136719,-180.0,75.9507827758789,jump_peak,x_842.099792480469_y_580.574890136719
868.911,platform_landed,803.099792480469,638.932739257812,-180.0,0.0,land_on_platform,platform_scene-1/Tile Map/44_36_layer_Tile Map_tile_44_36_source_1_atlas_13_0
868.911,landed,803.099792480469,638.932739257812,-180.0,0.0,land,surface_wood_impact_1.04079052734375
868.919,sonification,803.099792480469,638.932739257812,-180.0,0.0,osc_received,"value_[1, ""mushrooms""]"
868.979,jump_input_released,794.099792480469,638.932739257812,-180.0,0.0,Jump,released
869.046,sonification,786.266479492188,638.932739257812,0.0,0.0,osc_received,"value_[1, ""mushrooms""]"
869.146,move_left_pressed,786.266479492188,638.932739257812,-33.3333320617676,0.0,Move_Left,pressed
869.153,sonification,785.7109375,638.932739257812,-33.3333320617676,0.0,osc_received,"value_[1, ""mushrooms""]"
869.747,move_right_pressed,689.111694335938,638.925109863281,20.0000019073486,0.0,Move_Right,pressed
870.013,jump_input_pressed,729.333923339844,638.925109863281,180.0,0.0,Jump,pressed
870.013,jump_executed,729.333923339844,638.925109863281,180.0,-500.0,jump,x_729.333923339844_y_638.925109863281
870.014,sonification,732.334228515625,630.589965820312,180.0,-500.055541992188,osc_received,"value_[1, ""mushrooms""]"
870.446,jump_peak_reached,807.334228515625,532.095581054688,180.0,39.8149261474609,jump_peak,x_807.334228515625_y_532.095581054688
870.447,jump_input_released,807.334228515625,532.095581054688,180.0,39.8149261474609,Jump,released
870.546,platform_landed,828.334228515625,548.933654785156,180.0,0.0,land_on_platform,platform_scene-1/Tile Map/45_31_layer_Tile Map_tile_45_31_source_1_atlas_12_0
870.546,landed,828.334228515625,548.933654785156,180.0,0.0,land,surface_wood_impact_0.52407427978516
870.546,sonification,828.334228515625,548.933654785156,180.0,0.0,osc_received,"value_[1, ""mushrooms""]"
870.68,jump_input_pressed,849.334228515625,549.398498535156,180.0,0.0,Jump,pressed
870.68,jump_executed,849.334228515625,549.398498535156,180.0,-500.0,jump,x_849.334228515625_y_549.398498535156
870.681,sonification,852.356018066406,541.003601074219,180.0,-500.055541992188,osc_received,"value_[1, ""mushrooms""]"
871.02,jump_input_released,882.925231933594,446.540588378906,120.0,-75.3332214355469,Jump,released
871.102,jump_peak_reached,895.425231933594,443.735046386719,180.0,45.0371475219727,jump_peak,x_895.425231933594_y_443.735046386719
871.212,platform_landed,915.036376953125,458.933410644531,96.6666641235352,0.0,land_on_platform,platform_scene-1/Tile Map/50_26_layer_Tile Map_tile_50_26_source_1_atlas_13_0
871.213,landed,915.036376953125,458.933410644531,96.6666641235352,0.0,land,surface_wood_impact_0.53451873779297
871.213,sonification,915.036376953125,458.933410644531,96.6666641235352,0.0,osc_received,"value_[1, ""mushrooms""]"
871.245,sonification,915.258605957031,458.933410644531,0.0,0.0,osc_received,"value_[1, ""mushrooms""]"
871.346,move_right_pressed,915.258605957031,458.933410644531,33.3333320617676,0.0,Move_Right,pressed
871.346,sonification,915.814147949219,458.933410644531,33.3333320617676,0.0,osc_received,"value_[1, ""mushrooms""]"
871.353,jump_input_pressed,915.814147949219,458.933410644531,66.6666641235352,0.0,Jump,pressed
871.353,jump_executed,915.814147949219,458.933410644531,66.6666641235352,-500.0,jump,x_915.814147949219_y_458.933410644531
871.354,sonification,916.926330566406,450.591125488281,66.6666641235352,-500.055541992188,osc_received,"value_[1, ""mushrooms""]"
871.794,jump_peak_reached,985.703918457031,352.096710205078,180.0,39.8149261474609,jump_peak,x_985.703918457031_y_352.096710205078
871.829,coin_collected,991.703918457031,354.041137695312,180.0,76.8519668579102,collect_coin,coin_coin26_score_4
871.829,jump_input_released,991.703918457031,354.041137695312,180.0,113.889007568359,Jump,released
871.894,platform_landed,999.537231445312,368.996765136719,0.0,0.0,land_on_platform,platform_scene-1/Tile Map/55_21_layer_Tile Map_tile_55_21_source_1_atlas_13_0
871.894,landed,999.537231445312,368.996765136719,0.0,0.0,land,surface_wood_impact_0.52407427978516
872.048,move_left_pressed,999.537231445312,368.996765136719,-33.3333320617676,0.0,Move_Left,pressed
872.049,sonification,998.981689453125,368.996765136719,-33.3333320617676,0.0,osc_received,"value_[1, ""mushrooms""]"
872.094,jump_input_pressed,996.203918457031,368.996765136719,-133.33332824707,0.0,Jump,pressed
872.094,jump_executed,996.203918457031,368.996765136719,-133.33332824707,-500.0,jump,x_996.203918457031_y_368.996765136719
872.111,sonification,993.965942382812,360.603393554688,-133.33332824707,-500.055541992188,osc_received,"value_[1, ""mushrooms""]"
872.529,jump_peak_reached,919.799255371094,262.108978271484,-180.0,39.8149261474609,jump_peak,x_919.799255371094_y_262.108978271484
872.546,jump_input_released,916.799255371094,262.772552490234,-180.0,76.8519668579102,Jump,released
872.629,platform_landed,908.965942382812,278.983459472656,0.0,0.0,land_on_platform,platform_scene-1/Tile Map/50_16_layer_Tile Map_tile_50_16_source_1_atlas_13_0
872.629,landed,908.965942382812,278.983459472656,0.0,0.0,land,surface_wood_impact_0.52407427978516
872.861,move_right_pressed,908.965942382812,278.983459472656,33.3333320617676,0.0,Move_Right,pressed
872.862,sonification,909.521484375,278.983459472656,33.3333320617676,0.0,osc_received,"value_[1, ""mushrooms""]"
872.914,jump_input_pressed,912.299255371094,278.983459472656,133.33332824707,0.0,Jump,pressed
872.914,jump_executed,912.299255371094,278.983459472656,133.33332824707,-500.0,jump,x_912.299255371094_y_278.983459472656
872.915,sonification,914.534362792969,270.600891113281,133.33332824707,-500.055541992188,osc_received,"value_[1, ""mushrooms""]"
873.262,jump_input_released,956.925231933594,173.936065673828,135.0,-55.722110748291,Jump,released
873.328,jump_peak_reached,965.786315917969,172.304595947266,0.0,43.8149261474609,jump_peak,x_965.786315917969_y_172.304595947266
873.345,coin_collected,965.786315917969,173.034851074219,0.0,43.8149261474609,collect_coin,coin_coin27_score_6
873.428,platform_landed,965.786315917969,188.993698120117,0.0,0.0,land_on_platform,platform_scene-1/Tile Map/53_11_layer_Tile Map_tile_53_11_source_1_atlas_14_0
873.429,landed,965.786315917969,188.993698120117,0.0,0.0,land,surface_wood_impact_0.53207427978516
873.729,move_left_pressed,965.786315917969,188.993698120117,-33.3333320617676,0.0,Move_Left,pressed
873.745,sonification,965.230773925781,188.993698120117,-33.3333320617676,0.0,osc_received,"value_[1, ""mushrooms""]"
873.78,jump_input_pressed,962.453002929688,188.993698120117,-133.33332824707,0.0,Jump,pressed
873.78,jump_executed,962.453002929688,188.993698120117,-133.33332824707,-500.0,jump,x_962.453002929688_y_188.993698120117
873.78,sonification,960.215698242188,180.602798461914,-133.33332824707,-500.055541992188,osc_received,"value_[1, ""mushrooms""]"
874.212,jump_input_released,889.049011230469,82.0621032714844,-180.0,2.77788853645325,Jump,released
874.22,jump_peak_reached,886.049011230469,82.1083984375,-180.0,39.8149261474609,jump_peak,x_886.049011230469_y_82.1083984375
874.387,platform_landed,878.215698242188,116.989334106445,0.0,0.0,land_on_platform,platform_scene-1/Tile Map/48_7_layer_Tile Map_tile_48_7_source_1_atlas_13_0
874.387,landed,878.215698242188,116.989334106445,0.0,0.0,land,surface_wood_impact_0.82037066650391
874.646,move_left_pressed,878.215698242188,116.989334106445,-33.3333320617676,0.0,Move_Left,pressed
874.647,sonification,877.66015625,116.989334106445,-33.3333320617676,0.0,osc_received,"value_[1, ""mushrooms""]"
874.662,jump_input_pressed,876.549072265625,116.989334106445,-100.0,0.0,Jump,pressed
874.662,jump_executed,876.549072265625,116.989334106445,-100.0,-500.0,jump,x_876.549072265625_y_116.989334106445
874.663,sonification,874.871459960938,108.600402832031,-100.0,-500.055541992188,osc_received,"value_[1, ""mushrooms""]"
875.028,jump_input_released,834.574768066406,11.9356088638306,-180.0,-55.722110748291,Jump,released
875.095,jump_peak_reached,822.574768066406,10.3041334152222,-180.0,43.8149261474609,jump_peak,x_822.574768066406_y_10.3041334152222
875.247,platform_landed,817.741455078125,44.9915390014648,0.0,0.0,land_on_platform,platform_scene-1/Tile Map/45_3_layer_Tile Map_tile_45_3_source_1_atlas_13_0
875.247,landed,817.741455078125,44.9915390014648,0.0,0.0,land,surface_wood_impact_0.75429656982422
876.063,move_left_pressed,817.741455078125,44.9915390014648,-33.3333320617676,0.0,Move_Left,pressed
876.079,sonification,816.074829101562,44.9915390014648,-66.6666641235352,0.0,osc_received,"value_[1, ""mushrooms""]"
876.095,jump_input_pressed,816.074829101562,44.9915390014648,-100.0,0.0,Jump,pressed
876.095,jump_executed,816.074829101562,44.9915390014648,-100.0,-500.0,jump,x_816.074829101562_y_44.9915390014648
876.103,sonification,814.396850585938,36.6007537841797,-100.0,-500.055541992188,osc_received,"value_[1, ""mushrooms""]"
876.528,jump_peak_reached,742.313415527344,-61.8936462402344,-180.0,39.8149261474609,jump_peak,x_742.313415527344_y_-61.8936462402344
876.813,jump_input_released,694.313415527344,22.7977523803711,-96.6666641235352,632.407592773438,Jump,released
876.845,platform_landed,692.480102539062,44.9897384643555,0.0,0.0,land_on_platform,platform_scene-1/Tile Map/38_3_layer_Tile Map_tile_38_3_source_1_atlas_13_0
876.846,landed,692.480102539062,44.9897384643555,0.0,0.0,land,surface_wood_impact_1.41296337890625
876.987,move_left_pressed,692.480102539062,44.9897384643555,-33.3333320617676,0.0,Move_Left,pressed
876.988,sonification,691.924560546875,44.9897384643555,-33.3333320617676,0.0,osc_received,"value_[1, ""mushrooms""]"
877.478,sonification,609.145385742188,44.9897384643555,-180.0,0.0,osc_received,"value_[1, ""mushrooms""]"
877.521,jump_input_pressed,603.145385742188,46.8415908813477,-180.0,111.111114501953,Jump,pressed
877.521,jump_executed,603.145385742188,46.8415908813477,-180.0,-500.0,jump,x_603.145385742188_y_46.8415908813477
877.745,jump_peak_reached,564.14404296875,-28.3142604827881,-180.0,74.0740737915039,jump_peak,x_564.14404296875_y_-28.3142604827881
877.845,jump_input_released,546.14404296875,-11.6475944519043,-180.0,296.296295166016,Jump,released
878.021,platform_landed,511.532897949219,80.9328155517578,-96.6666641235352,0.0,land_on_platform,platform_scene-1/Tile Map/28_5_layer_Tile Map_tile_28_5_source_1_atlas_1_0
878.021,landed,511.532897949219,80.9328155517578,-96.6666641235352,0.0,land,surface_wood_impact_1.40740759277344
878.945,move_left_pressed,511.310668945312,80.9328155517578,-33.3333320617676,0.0,Move_Left,pressed
879.253,coin_collected,460.958862304688,137.468933105469,-180.0,481.481536865234,collect_coin,coin_coin5_score_8
879.279,platform_landed,454.958862304688,152.933456420898,-180.0,0.0,land_on_platform,platform_scene-1/Tile Map/25_9_layer_Tile Map_tile_25_9_source_1_atlas_2_0
879.279,landed,454.958862304688,152.933456420898,-180.0,0.0,land,surface_wood_impact_1.11111120605469
880.112,move_left_pressed,453.125518798828,152.933456420898,-33.3333320617676,0.0,Move_Left,pressed
880.244,jump_input_pressed,440.010955810547,152.999435424805,-33.3333320617676,0.0,Jump,pressed
880.245,jump_executed,440.010955810547,152.999435424805,-33.3333320617676,-500.0,jump,x_440.010955810547_y_152.999435424805
880.312,jump_input_released,439.324676513672,121.730918884277,-45.0,-417.22216796875,Jump,released
880.403,jump_peak_reached,437.574676513672,116.939254760742,0.0,41.2037048339844,jump_peak,x_437.574676513672_y_116.939254760742
880.52,platform_landed,437.574676513672,136.685028076172,0.0,0.0,land_on_platform,platform_scene-1/Tile Map/23_8_layer_Tile Map_tile_23_8_source_1_atlas_0_0
880.52,landed,437.574676513672,136.685028076172,0.0,0.0,land,surface_wood_impact_0.60092596435547
881.12,move_left_pressed,437.574676513672,136.685028076172,-33.3333320617676,0.0,Move_Left,pressed
881.146,jump_input_pressed,437.281280517578,136.370574951172,-66.6666641235352,0.0,Jump,pressed
881.146,jump_executed,437.281280517578,136.370574951172,-66.6666641235352,-500.0,jump,x_437.281280517578_y_136.370574951172
881.57,jump_peak_reached,367.39208984375,29.5397396087646,-180.0,39.8149261474609,jump_peak,x_367.39208984375_y_29.5397396087646
881.711,jump_input_released,343.39208984375,52.1323509216309,-180.0,336.111236572266,Jump,released
881.781,platform_landed,328.39208984375,80.9338150024414,-180.0,0.0,land_on_platform,platform_scene-1/Tile Map/18_5_layer_Tile Map_tile_18_5_source_1_atlas_13_0
881.781,landed,328.39208984375,80.9338150024414,-180.0,0.0,land,surface_wood_impact_0.96851885986328
881.782,sonification,328.39208984375,80.9338150024414,-180.0,0.0,osc_received,"value_[1, ""mushrooms""]"
883.428,jump_input_pressed,34.39208984375,80.9338150024414,-180.0,0.0,Jump,pressed
883.428,jump_executed,34.39208984375,80.9338150024414,-180.0,-500.0,jump,x_34.39208984375_y_80.9338150024414
883.444,sonification,31.3893661499023,72.5919876098633,-180.0,-500.055541992188,osc_received,"value_[1, ""mushrooms""]"
883.862,jump_peak_reached,-43.6106376647949,-25.9024219512939,-180.0,39.8149261474609,jump_peak,x_-43.6106376647949_y_-25.9024219512939
884.196,jump_input_released,-63.9252777099609,104.654342651367,-15.0,780.555786132812,Jump,released
884.348,platform_landed,-63.9252777099609,260.931060791016,0.0,0.0,land_on_platform,platform_scene-1/Tile Map/-4_15_layer_Tile Map_tile_-4_15_source_1_atlas_13_0
884.348,landed,-63.9252777099609,260.931060791016,0.0,0.0,land,surface_wood_impact_2.22777807617187
885.213,move_left_pressed,-63.9252777099609,260.931060791016,-33.3333320617676,0.0,Move_Left,pressed
885.789,move_right_pressed,-63.9252777099609,260.931060791016,33.3333320617676,0.0,Move_Right,pressed
885.789,sonification,-63.3697204589844,260.924926757812,33.3333320617676,0.0,osc_received,"value_[1, ""mushrooms""]"
886.055,jump_input_pressed,-22.5919418334961,260.924926757812,180.0,0.0,Jump,pressed
886.055,jump_executed,-22.5919418334961,260.924926757812,180.0,-500.0,jump,x_-22.5919418334961_y_260.924926757812
886.055,sonification,-19.5916881561279,252.589965820312,180.0,-500.055541992188,osc_received,"value_[1, ""mushrooms""]"
886.077,jump_peak_reached,-19.5916881561279,252.589965820312,180.0,-479.222198486328,jump_peak,x_-19.5916881561279_y_252.589965820312
886.246,jump_input_released,10.4083137512207,188.089965820312,180.0,-274.499877929688,Jump,released
886.588,platform_landed,18.2416458129883,260.978240966797,0.0,0.0,land_on_platform,platform_scene-1/Tile Map/0_15_layer_Tile Map_tile_0_15_source_1_atlas_13_0
886.588,landed,18.2416458129883,260.978240966797,0.0,0.0,land,surface_wood_impact_1.19351867675781
887.045,move_right_pressed,18.2416458129883,260.978240966797,33.3333320617676,0.0,Move_Right,pressed
887.046,sonification,18.7963409423828,260.926025390625,33.3333320617676,0.0,osc_received,"value_[1, ""mushrooms""]"
887.253,jump_input_pressed,50.5741195678711,260.926025390625,180.0,0.0,Jump,pressed
887.253,jump_executed,50.5741195678711,260.926025390625,180.0,-500.0,jump,x_50.5741195678711_y_260.926025390625
887.261,sonification,53.5746841430664,252.590194702148,180.0,-500.055541992188,osc_received,"value_[1, ""mushrooms""]"
887.687,jump_peak_reached,128.574676513672,154.095764160156,180.0,39.8149261474609,jump_peak,x_128.574676513672_y_154.095764160156
888.212,jump_input_released,221.574676513672,461.703857421875,180.0,1187.96301269531,Jump,released
888.345,platform_landed,229.408020019531,638.928955078125,0.0,0.0,land_on_platform,platform_scene-1/Tile Map/12_36_layer_Tile Map_tile_12_36_source_1_atlas_2_0
888.345,landed,229.408020019531,638.928955078125,0.0,0.0,land,surface_wood_impact_2.96851782226563
889.445,move_right_pressed,229.408020019531,638.928955078125,33.3333320617676,0.0,Move_Right,pressed
889.746,jump_input_pressed,276.741363525391,638.928955078125,180.0,0.0,Jump,pressed
889.746,jump_executed,276.741363525391,638.928955078125,180.0,-500.0,jump,x_276.741363525391_y_638.928955078125
889.945,jump_peak_reached,312.176696777344,571.057922363281,180.0,87.5222244262695,jump_peak,x_312.176696777344_y_571.057922363281
890.154,platform_landed,354.176696777344,638.932678222656,180.0,0.0,land_on_platform,platform_scene-1/Tile Map/19_36_layer_Tile Map_tile_19_36_source_1_atlas_2_0
890.154,landed,354.176696777344,638.932678222656,180.0,0.0,land,surface_wood_impact_1.13800756835938
890.213,jump_input_released,360.176696777344,638.932678222656,96.6666641235352,0.0,Jump,released
890.386,move_right_pressed,362.010040283203,638.932678222656,33.3333320617676,0.0,Move_Right,pressed
890.412,jump_input_pressed,362.565582275391,638.932678222656,66.6666641235352,0.0,Jump,pressed
890.412,jump_executed,362.565582275391,638.932678222656,66.6666641235352,-500.0,jump,x_362.565582275391_y_638.932678222656
890.713,jump_input_released,408.455474853516,540.994750976562,180.0,-134.499893188477,Jump,released
890.813,jump_peak_reached,426.455474853516,536.203063964844,96.6666641235352,41.2037048339844,jump_peak,x_426.455474853516_y_536.203063964844
890.987,platform_landed,428.288818359375,584.980102539062,0.0,0.0,land_on_platform,platform_scene-1/Tile Map/23_33_layer_Tile Map_tile_23_33_source_1_atlas_3_0
890.987,landed,428.288818359375,584.980102539062,0.0,0.0,land,surface_wood_impact_0.89722235107422
891.313,move_right_pressed,428.288818359375,584.980102539062,33.3333320617676,0.0,Move_Right,pressed
891.313,jump_input_pressed,428.288818359375,584.980102539062,33.3333320617676,0.0,Jump,pressed
891.313,jump_executed,428.288818359375,584.980102539062,33.3333320617676,-500.0,jump,x_428.288818359375_y_584.980102539062
891.554,jump_input_released,460.097503662109,495.760192871094,180.0,-194.166549682617,Jump,released
891.653,jump_peak_reached,478.097503662109,490.968536376953,180.0,41.2037048339844,jump_peak,x_478.097503662109_y_490.968536376953
891.879,platform_landed,482.930847167969,548.997009277344,0.0,0.0,land_on_platform,platform_scene-1/Tile Map/26_31_layer_Tile Map_tile_26_31_source_1_atlas_2_0
891.879,landed,482.930847167969,548.997009277344,0.0,0.0,land,surface_wood_impact_1.04537048339844
892.213,move_right_pressed,482.930847167969,548.997009277344,33.3333320617676,0.0,Move_Right,pressed
892.213,jump_input_pressed,482.930847167969,548.997009277344,33.3333320617676,0.0,Jump,pressed
892.213,jump_executed,482.930847167969,548.997009277344,33.3333320617676,-500.0,jump,x_482.930847167969_y_548.997009277344
892.446,jump_input_released,511.740509033203,463.345794677734,180.0,-214.166549682617,Jump,released
892.545,jump_peak_reached,525.573791503906,458.554138183594,0.0,41.2037048339844,jump_peak,x_525.573791503906_y_458.554138183594
892.712,platform_landed,525.573791503906,494.994506835938,0.0,0.0,land_on_platform,platform_scene-1/Tile Map/29_28_layer_Tile Map_tile_29_28_source_1_atlas_2_0
892.713,landed,525.573791503906,494.994506835938,0.0,0.0,land,surface_wood_impact_0.82314825439453
892.913,jump_input_pressed,525.573791503906,494.994506835938,0.0,0.0,Jump,pressed
892.913,jump_executed,525.573791503906,494.994506835938,0.0,-500.0,jump,x_525.573791503906_y_494.994506835938
892.947,move_right_pressed,525.573791503906,478.609985351562,15.0,-458.499969482422,Move_Right,pressed
893.213,jump_input_released,557.073791503906,397.002593994141,180.0,-134.499893188477,Jump,released
893.302,jump_peak_reached,573.684875488281,392.2109375,13.3333311080933,41.2037048339844,jump_peak,x_573.684875488281_y_392.2109375
893.453,platform_landed,573.907104492188,422.978973388672,0.0,0.0,land_on_platform,platform_scene-1/Tile Map/31_24_layer_Tile Map_tile_31_24_source_1_atlas_3_0
893.453,landed,573.907104492188,422.978973388672,0.0,0.0,land,surface_wood_impact_0.74907415771484
893.688,move_left_pressed,573.907104492188,422.978973388672,-33.3333320617676,0.0,Move_Left,pressed
893.753,jump_input_pressed,568.3515625,422.978973388672,-166.666656494141,0.0,Jump,pressed
893.753,jump_executed,568.3515625,422.978973388672,-166.666656494141,-500.0,jump,x_568.3515625_y_422.978973388672
894.112,jump_input_released,505.559448242188,319.212799072266,-180.0,-75.3332214355469,Jump,released
894.187,jump_peak_reached,490.559448242188,316.407257080078,-180.0,45.0371475219727,jump_peak,x_490.559448242188_y_316.407257080078
894.411,coin_collected,451.559448242188,374.313446044922,-180.0,489.481658935547,collect_coin,coin_coin2_score_10
894.429,platform_landed,445.559448242188,386.932922363281,-180.0,0.0,land_on_platform,platform_scene-1/Tile Map/24_22_layer_Tile Map_tile_24_22_source_1_atlas_2_0
894.429,landed,445.559448242188,386.932922363281,-180.0,0.0,land,surface_wood_impact_1.12711145019531
894.888,jump_input_pressed,422.074890136719,386.933776855469,0.0,0.0,Jump,pressed
894.888,jump_executed,422.074890136719,386.933776855469,0.0,-500.0,jump,x_422.074890136719_y_386.933776855469
894.913,move_left_pressed,422.075958251953,378.599517822266,-15.0,-479.222198486328,Move_Left,pressed
895.013,jump_input_released,418.324737548828,335.814331054688,-90.0,-355.722137451172,Jump,released
895.111,jump_peak_reached,405.574737548828,331.022674560547,-180.0,41.2037048339844,jump_peak,x_405.574737548828_y_331.022674560547
895.278,platform_landed,397.741394042969,368.990356445312,0.0,0.0,land_on_platform,platform_scene-1/Tile Map/22_21_layer_Tile Map_tile_22_21_source_1_atlas_3_0
895.278,landed,397.741394042969,368.990356445312,0.0,0.0,land,surface_wood_impact_0.82314825439453
895.512,move_left_pressed,397.741394042969,368.990356445312,-33.3333320617676,0.0,Move_Left,pressed
895.547,jump_input_pressed,396.075775146484,368.926025390625,-100.0,0.0,Jump,pressed
895.547,jump_executed,396.075775146484,368.926025390625,-100.0,-500.0,jump,x_396.075775146484_y_368.926025390625
895.753,jump_peak_reached,361.324340820312,292.614349365234,-180.0,74.0740737915039,jump_peak,x_361.324340820312_y_292.614349365234
895.921,platform_landed,328.354827880859,335.919189453125,-180.0,0.0,land_on_platform,platform_scene-1/Tile Map/18_19_layer_Tile Map_tile_18_19_source_1_atlas_19_3
895.921,landed,328.354827880859,335.919189453125,-180.0,0.0,land,surface_wood_impact_0.88888897705078
895.921,sonification,328.354827880859,335.919189453125,-180.0,0.0,osc_received,"value_[1, ""leaves""]"
896.07,jump_input_released,304.355377197266,336.047180175781,-180.0,0.0,Jump,released
896.679,move_left_pressed,290.522338867188,335.935485839844,-33.3333320617676,0.0,Move_Left,pressed
897.32,platform_landed,266.877868652344,638.892333984375,0.0,0.0,land_on_platform,platform_scene-1/Tile Map/14_36_layer_Tile Map_tile_14_36_source_1_atlas_2_0
897.32,landed,266.877868652344,638.892333984375,0.0,0.0,land,surface_wood_impact_2.29629638671875
897.978,move_right_pressed,266.877868652344,638.995849609375,33.3333320617676,0.0,Move_Right,pressed
898.18,jump_input_pressed,296.211181640625,638.995849609375,180.0,0.0,Jump,pressed
898.181,jump_executed,296.211181640625,638.995849609375,180.0,-500.0,jump,x_296.211181640625_y_638.995849609375
898.195,jump_peak_reached,299.231109619141,630.606201171875,180.0,-479.222198486328,jump_peak,x_299.231109619141_y_630.606201171875
898.595,platform_landed,374.232177734375,638.933288574219,180.0,0.0,land_on_platform,platform_scene-1/Tile Map/20_36_layer_Tile Map_tile_20_36_source_1_atlas_2_0
898.595,landed,374.232177734375,638.933288574219,180.0,0.0,land,surface_wood_impact_1.11111120605469
898.662,jump_input_released,383.232177734375,638.933288574219,180.0,0.0,Jump,released
899.096,move_left_pressed,388.065521240234,638.933288574219,-33.3333320617676,0.0,Move_Left,pressed
899.395,move_right_pressed,368.898864746094,638.933288574219,33.3333320617676,0.0,Move_Right,pressed
899.448,jump_input_pressed,372.232177734375,638.933288574219,133.33332824707,0.0,Jump,pressed
899.448,jump_executed,372.232177734375,638.933288574219,133.33332824707,-500.0,jump,x_372.232177734375_y_638.933288574219
899.68,jump_input_released,403.597900390625,553.38818359375,172.898529052734,-214.166549682617,Jump,released
899.78,jump_peak_reached,411.312896728516,548.596496582031,0.0,41.2037048339844,jump_peak,x_411.312896728516_y_548.596496582031
899.947,platform_landed,411.312896728516,584.983276367188,0.0,0.0,land_on_platform,platform_scene-1/Tile Map/22_33_layer_Tile Map_tile_22_33_source_1_atlas_1_0
899.947,landed,411.312896728516,584.983276367188,0.0,0.0,land,surface_wood_impact_0.82314825439453
900.061,move_right_pressed,411.312896728516,584.983276367188,33.3333320617676,0.0,Move_Right,pressed
900.114,jump_input_pressed,414.646209716797,584.983276367188,133.33332824707,0.0,Jump,pressed
900.115,jump_executed,414.646209716797,584.983276367188,133.33332824707,-500.0,jump,x_414.646209716797_y_584.983276367188
900.294,jump_input_released,446.048889160156,512.097412109375,180.0,-274.499877929688,Jump,released
900.394,jump_peak_reached,464.048889160156,507.305755615234,96.6666641235352,41.2037048339844,jump_peak,x_464.048889160156_y_507.305755615234
900.579,platform_landed,465.882232666016,548.992980957031,0.0,0.0,land_on_platform,platform_scene-1/Tile Map/25_31_layer_Tile Map_tile_25_31_source_1_atlas_1_0
900.58,landed,465.882232666016,548.992980957031,0.0,0.0,land,surface_wood_impact_0.89722235107422
900.681,move_right_pressed,465.882232666016,548.992980957031,33.3333320617676,0.0,Move_Right,pressed
900.729,jump_input_pressed,469.215545654297,548.992980957031,133.33332824707,0.0,Jump,pressed
900.73,jump_executed,469.215545654297,548.992980957031,133.33332824707,-500.0,jump,x_469.215545654297_y_548.992980957031
900.948,jump_input_released,506.620880126953,467.260009765625,180.0,-234.222106933594,Jump,released
901.047,jump_peak_reached,517.454162597656,462.468353271484,0.0,41.2037048339844,jump_peak,x_517.454162597656_y_462.468353271484
901.195,platform_landed,517.454162597656,494.992034912109,0.0,0.0,land_on_platform,platform_scene-1/Tile Map/28_28_layer_Tile Map_tile_28_28_source_1_atlas_1_0
901.196,landed,517.454162597656,494.992034912109,0.0,0.0,land,surface_wood_impact_0.74907415771484
901.229,move_left_pressed,517.454162597656,494.992034912109,-33.3333320617676,0.0,Move_Left,pressed
901.347,jump_input_pressed,503.120849609375,495.253753662109,-180.0,0.0,Jump,pressed
901.348,jump_executed,503.120849609375,495.253753662109,-180.0,-500.0,jump,x_503.120849609375_y_495.253753662109
901.562,jump_peak_reached,464.193542480469,421.817810058594,-180.0,78.9113845825195,jump_peak,x_464.193542480469_y_421.817810058594
901.72,platform_landed,434.193542480469,458.932739257812,-180.0,0.0,land_on_platform,platform_scene-1/Tile Map/24_26_layer_Tile Map_tile_24_26_source_1_atlas_3_0
901.72,landed,434.193542480469,458.932739257812,-180.0,0.0,land,surface_wood_impact_0.82448950195312
901.754,jump_input_released,431.193542480469,458.932739257812,-180.0,0.0,Jump,released
902.22,move_left_pressed,420.360198974609,458.932739257812,-33.3333320617676,0.0,Move_Left,pressed
902.645,move_left_pressed,380.193542480469,458.925140380859,-33.3333320617676,0.0,Move_Left,pressed
902.981,move_left_pressed,373.804656982422,458.925140380859,-33.3333320617676,0.0,Move_Left,pressed
903.746,move_right_pressed,357.595123291016,459.882171630859,33.3333320617676,0.0,Move_Right,pressed
903.78,jump_input_pressed,358.946228027344,459.201873779297,100.0,0.0,Jump,pressed
903.78,jump_executed,358.946228027344,459.201873779297,100.0,-500.0,jump,x_358.946228027344_y_459.201873779297
903.92,jump_peak_reached,381.227478027344,403.921020507812,172.432418823242,88.5121841430664,jump_peak,x_381.227478027344_y_403.921020507812
904.112,platform_landed,417.101989746094,458.932373046875,180.0,0.0,land_on_platform,platform_scene-1/Tile Map/23_26_layer_Tile Map_tile_23_26_source_1_atlas_2_0
904.113,landed,417.101989746094,458.932373046875,180.0,0.0,land,surface_wood_impact_0.99183929443359
904.213,jump_input_released,432.101989746094,458.932373046875,96.6666641235352,0.0,Jump,released
904.812,move_right_pressed,433.935333251953,458.932373046875,33.3333320617676,0.0,Move_Right,pressed
905.096,jump_input_pressed,478.297943115234,477.08935546875,180.0,296.296295166016,Jump,pressed
905.246,platform_landed,499.425231933594,548.933349609375,45.0,0.0,land_on_platform,platform_scene-1/Tile Map/27_31_layer_Tile Map_tile_27_31_source_1_atlas_3_0
905.246,landed,499.425231933594,548.933349609375,45.0,0.0,land,surface_wood_impact_1.25925939941406
905.281,jump_input_released,500.730773925781,548.933349609375,111.66667175293,0.0,Jump,released
905.695,move_left_pressed,506.036315917969,549.072021484375,-33.3333320617676,0.0,Move_Left,pressed
906.048,move_right_pressed,471.877685546875,548.928466796875,33.3333320617676,0.0,Move_Right,pressed
906.129,jump_input_pressed,480.210998535156,548.928466796875,180.0,0.0,Jump,pressed
906.129,jump_executed,480.210998535156,548.928466796875,180.0,-500.0,jump,x_480.210998535156_y_548.928466796875
906.295,jump_input_released,499.42529296875,481.013000488281,60.0,-294.722106933594,Jump,released
906.395,jump_peak_reached,503.286407470703,476.221343994141,0.0,41.2037048339844,jump_peak,x_503.286407470703_y_476.221343994141
906.513,platform_landed,503.286407470703,495.184661865234,0.0,0.0,land_on_platform,platform_scene-1/Tile Map/28_28_layer_Tile Map_tile_28_28_source_1_atlas_1_0
906.513,landed,503.286407470703,495.184661865234,0.0,0.0,land,surface_wood_impact_0.60092596435547
906.662,move_right_pressed,503.286407470703,495.184661865234,33.3333320617676,0.0,Move_Right,pressed
907.029,move_right_pressed,512.977233886719,494.930511474609,33.3333320617676,0.0,Move_Right,pressed
907.062,jump_input_pressed,514.643859863281,494.930511474609,100.0,0.0,Jump,pressed
907.062,jump_executed,514.643859863281,494.930511474609,100.0,-500.0,jump,x_514.643859863281_y_494.930511474609
907.354,jump_input_released,540.925231933594,399.583435058594,21.6666660308838,-154.333221435547,Jump,released
907.453,jump_peak_reached,541.286315917969,394.791778564453,0.0,41.2037048339844,jump_peak,x_541.286315917969_y_394.791778564453
907.588,platform_landed,541.286315917969,422.991333007812,0.0,0.0,land_on_platform,platform_scene-1/Tile Map/30_24_layer_Tile Map_tile_30_24_source_1_atlas_1_0
907.588,landed,541.286315917969,422.991333007812,0.0,0.0,land,surface_wood_impact_0.67500006103516
907.671,move_right_pressed,541.286315917969,422.991333007812,33.3333320617676,0.0,Move_Right,pressed
908.055,move_left_pressed,554.452941894531,422.991333007812,-33.3333320617676,0.0,Move_Left,pressed
908.09,jump_input_pressed,552.786315917969,422.991333007812,-100.0,0.0,Jump,pressed
908.09,jump_executed,552.786315917969,422.991333007812,-100.0,-500.0,jump,x_552.786315917969_y_422.991333007812
908.404,jump_input_released,500.024963378906,322.745208740234,-180.0,-114.722114562988,Jump,released
908.512,jump_peak_reached,489.191619873047,317.953552246094,0.0,41.2037048339844,jump_peak,x_489.191619873047_y_317.953552246094
908.713,platform_landed,489.191619873047,368.990203857422,0.0,0.0,land_on_platform,platform_scene-1/Tile Map/27_21_layer_Tile Map_tile_27_21_source_1_atlas_2_0
908.713,landed,489.191619873047,368.990203857422,0.0,0.0,land,surface_wood_impact_0.97129644775391
909.02,move_left_pressed,489.191619873047,368.990203857422,-33.3333320617676,0.0,Move_Left,pressed
909.046,jump_input_pressed,488.636077880859,368.990203857422,-66.6666641235352,0.0,Jump,pressed
909.046,jump_executed,488.636077880859,368.990203857422,-66.6666641235352,-500.0,jump,x_488.636077880859_y_368.990203857422
909.47,jump_peak_reached,427.733551025391,262.440765380859,-152.13542175293,39.8149261474609,jump_peak,x_427.733551025391_y_262.440765380859
909.471,platform_landed,425.198455810547,262.949615478516,-152.13542175293,0.0,land_on_platform,platform_scene-1/Tile Map/23_15_layer_Tile Map_tile_23_15_source_1_atlas_14_6
909.471,landed,425.198455810547,262.949615478516,-152.13542175293,0.0,land,surface_wood_impact_0.07962985229492
909.472,sonification,425.198455810547,262.949615478516,-152.13542175293,0.0,osc_received,"value_[1, ""water-tube""]"
909.613,jump_input_released,404.171478271484,263.936889648438,-96.6666641235352,0.0,Jump,released
910.38,move_left_pressed,402.338134765625,263.936889648438,-33.3333320617676,0.0,Move_Left,pressed
910.387,jump_input_pressed,401.782592773438,263.936889648438,-66.6666641235352,0.0,Jump,pressed
910.387,jump_executed,401.782592773438,263.936889648438,-66.6666641235352,-500.0,jump,x_401.782592773438_y_263.936889648438
910.679,jump_input_released,358.892791748047,168.588592529297,-180.0,-154.333221435547,Jump,released
910.778,jump_peak_reached,354.059448242188,163.796920776367,0.0,41.2037048339844,jump_peak,x_354.059448242188_y_163.796920776367
910.912,platform_landed,354.059448242188,188.991683959961,0.0,0.0,land_on_platform,platform_scene-1/Tile Map/19_11_layer_Tile Map_tile_19_11_source_1_atlas_3_0
910.912,landed,354.059448242188,188.991683959961,0.0,0.0,land,surface_wood_impact_0.67500006103516
911.314,move_right_pressed,354.059448242188,188.991683959961,33.3333320617676,0.0,Move_Right,pressed
911.654,platform_landed,388.238616943359,264.001190185547,0.0,0.0,land_on_platform,platform_scene-1/Tile Map/21_15_layer_Tile Map_tile_21_15_source_1_atlas_13_6
911.654,landed,388.238616943359,264.001190185547,0.0,0.0,land,surface_wood_impact_1.18518530273438
911.655,sonification,388.238616943359,264.001190185547,0.0,0.0,osc_received,"value_[1, ""water-tube""]"
912.18,jump_input_pressed,388.238616943359,264.001190185547,0.0,0.0,Jump,pressed
912.18,jump_executed,388.238616943359,264.001190185547,0.0,-500.0,jump,x_388.238616943359_y_264.001190185547
912.355,jump_input_released,388.238616943359,191.109039306641,0.0,-274.499877929688,Jump,released
912.453,jump_peak_reached,388.238616943359,186.317367553711,0.0,41.2037048339844,jump_peak,x_388.238616943359_y_186.317367553711
912.713,platform_landed,388.238616943359,263.997314453125,0.0,0.0,land_on_platform,platform_scene-1/Tile Map/21_15_layer_Tile Map_tile_21_15_source_1_atlas_13_6
912.713,landed,388.238616943359,263.997314453125,0.0,0.0,land,surface_wood_impact_1.19351867675781
912.714,sonification,388.238616943359,263.997314453125,0.0,0.0,osc_received,"value_[1, ""water-tube""]"
913.08,move_left_pressed,388.238616943359,263.997314453125,-33.3333320617676,0.0,Move_Left,pressed
913.619,platform_landed,309.500518798828,335.975158691406,0.0,0.0,land_on_platform,platform_scene-1/Tile Map/17_19_layer_Tile Map_tile_17_19_source_1_atlas_18_3
913.619,landed,309.500518798828,335.975158691406,0.0,0.0,land,surface_wood_impact_1.11111120605469
913.62,sonification,309.500518798828,335.975158691406,0.0,0.0,osc_received,"value_[1, ""leaves""]"
914.52,jump_input_pressed,309.500518798828,335.975158691406,0.0,0.0,Jump,pressed
914.52,jump_executed,309.500518798828,335.975158691406,0.0,-500.0,jump,x_309.500518798828_y_335.975158691406
914.637,jump_input_released,309.500518798828,284.821166992188,0.0,-355.722137451172,Jump,released
914.748,jump_peak_reached,309.500518798828,280.029510498047,0.0,41.2037048339844,jump_peak,x_309.500518798828_y_280.029510498047
914.946,platform_landed,309.500518798828,335.982727050781,0.0,0.0,land_on_platform,platform_scene-1/Tile Map/17_19_layer_Tile Map_tile_17_19_source_1_atlas_18_3
914.946,landed,309.500518798828,335.982727050781,0.0,0.0,land,surface_wood_impact_0.97129644775391
914.947,sonification,309.500518798828,335.982727050781,0.0,0.0,osc_received,"value_[1, ""leaves""]"
915.347,move_right_pressed,309.500518798828,335.982727050781,33.3333320617676,0.0,Move_Right,pressed
915.745,platform_landed,373.564666748047,371.220794677734,180.0,0.0,land_on_platform,platform_scene-1/Tile Map/21_21_layer_Tile Map_tile_21_21_source_1_atlas_1_0
915.745,landed,373.564666748047,371.220794677734,180.0,0.0,land,surface_wood_impact_0.81481488037109
916.115,jump_input_pressed,371.740539550781,410.634796142578,0.0,444.444488525391,Jump,pressed
916.195,platform_landed,371.740539550781,458.968597412109,0.0,0.0,land_on_platform,platform_scene-1/Tile Map/20_26_layer_Tile Map_tile_20_26_source_1_atlas_1_0
916.195,landed,371.740539550781,458.968597412109,0.0,0.0,land,surface_wood_impact_1.25925939941406
916.213,jump_executed,371.740539550781,458.968597412109,0.0,-500.0,jump,x_371.740539550781_y_458.968597412109
916.395,jump_input_released,371.740539550781,386.095550537109,0.0,-274.499877929688,Jump,released
916.494,jump_peak_reached,371.740539550781,381.303894042969,0.0,41.2037048339844,jump_peak,x_371.740539550781_y_381.303894042969
916.748,platform_landed,371.740539550781,458.98388671875,0.0,0.0,land_on_platform,platform_scene-1/Tile Map/20_26_layer_Tile Map_tile_20_26_source_1_atlas_1_0
916.748,landed,371.740539550781,458.98388671875,0.0,0.0,land,surface_wood_impact_1.19351867675781
916.981,move_right_pressed,371.740539550781,458.98388671875,33.3333320617676,0.0,Move_Right,pressed
917.12,musicking,393.684967041016,458.98388671875,96.6666641235352,0.0,osc_received,"value_[1, ""chain-jumps-combo-walk""]"
917.462,move_left_pressed,393.907196044922,458.98388671875,-33.3333320617676,0.0,Move_Left,pressed
917.646,jump_input_pressed,367.573883056641,458.931762695312,-180.0,0.0,Jump,pressed
917.646,jump_executed,367.573883056641,458.931762695312,-180.0,-500.0,jump,x_367.573883056641_y_458.931762695312
917.681,move_right_pressed,361.571746826172,442.602630615234,-96.6666641235352,-458.499969482422,Move_Right,pressed
918.087,jump_peak_reached,382.238403320312,352.097106933594,180.0,39.8149261474609,jump_peak,x_382.238403320312_y_352.097106933594
918.187,platform_landed,403.238403320312,368.933654785156,180.0,0.0,land_on_platform,platform_scene-1/Tile Map/22_21_layer_Tile Map_tile_22_21_source_1_atlas_3_0
918.187,landed,403.238403320312,368.933654785156,180.0,0.0,land,surface_wood_impact_0.52407427978516
918.246,jump_input_released,409.238403320312,368.933654785156,96.6666641235352,0.0,Jump,released
918.514,move_left_pressed,411.071746826172,368.933654785156,-33.3333320617676,0.0,Move_Left,pressed
918.579,jump_input_pressed,405.516204833984,368.933654785156,-166.666656494141,0.0,Jump,pressed
918.58,jump_executed,405.516204833984,368.933654785156,-166.666656494141,-500.0,jump,x_405.516204833984_y_368.933654785156
918.786,jump_peak_reached,366.734802246094,292.614593505859,-180.0,74.0740737915039,jump_peak,x_366.734802246094_y_292.614593505859
918.955,platform_landed,333.765899658203,335.95849609375,-180.0,0.0,land_on_platform,platform_scene-1/Tile Map/18_19_layer_Tile Map_tile_18_19_source_1_atlas_19_3
918.955,landed,333.765899658203,335.95849609375,-180.0,0.0,land,surface_wood_impact_0.88888897705078
918.957,sonification,333.765899658203,335.95849609375,-180.0,0.0,osc_received,"value_[1, ""leaves""]"
919.113,jump_input_released,309.765014648438,335.948669433594,-180.0,0.0,Jump,released
919.413,move_right_pressed,295.931427001953,335.952178955078,33.3333320617676,0.0,Move_Right,pressed
919.47,jump_input_pressed,301.487152099609,335.973419189453,166.666656494141,0.0,Jump,pressed
919.47,jump_executed,301.487152099609,335.973419189453,166.666656494141,-500.0,jump,x_301.487152099609_y_335.973419189453
919.87,jump_input_released,373.267211914062,229.392456054688,180.0,-16.6665554046631,Jump,released
919.913,jump_peak_reached,379.267211914062,229.184127807617,96.6666641235352,41.2038154602051,jump_peak,x_379.267211914062_y_229.184127807617
920.079,platform_landed,381.100555419922,263.996704101562,0.0,0.0,land_on_platform,platform_scene-1/Tile Map/21_15_layer_Tile Map_tile_21_15_source_1_atlas_13_6
920.079,landed,381.100555419922,263.996704101562,0.0,0.0,land,surface_wood_impact_0.8231484375
920.08,sonification,381.100555419922,263.996704101562,0.0,0.0,osc_received,"value_[1, ""water-tube""]"
920.312,move_left_pressed,381.100555419922,263.996704101562,-33.3333320617676,0.0,Move_Left,pressed
920.312,jump_input_pressed,381.100555419922,263.996704101562,-33.3333320617676,0.0,Jump,pressed
920.312,jump_executed,381.100555419922,263.996704101562,-33.3333320617676,-500.0,jump,x_381.100555419922_y_263.996704101562
920.679,jump_input_released,348.57470703125,158.936233520508,-180.0,-55.722110748291,Jump,released
920.745,jump_peak_reached,336.57470703125,157.304763793945,-96.6666641235352,43.8149261474609,jump_peak,x_336.57470703125_y_157.304763793945
920.887,platform_landed,334.741363525391,188.996612548828,0.0,0.0,land_on_platform,platform_scene-1/Tile Map/18_11_layer_Tile Map_tile_18_11_source_1_atlas_1_0
920.887,landed,334.741363525391,188.996612548828,0.0,0.0,land,surface_wood_impact_0.75429656982422
921.211,move_right_pressed,334.741363525391,188.996612548828,33.3333320617676,0.0,Move_Right,pressed
921.321,jump_input_pressed,349.074676513672,188.933410644531,180.0,0.0,Jump,pressed
921.321,jump_executed,349.074676513672,188.933410644531,180.0,-500.0,jump,x_349.074676513672_y_188.933410644531
921.754,jump_peak_reached,427.077301025391,82.0975036621094,180.0,39.8149261474609,jump_peak,x_427.077301025391_y_82.0975036621094
921.788,jump_input_released,433.077301025391,84.0419540405273,180.0,113.889007568359,Jump,released
921.988,platform_landed,440.91064453125,152.976623535156,0.0,0.0,land_on_platform,platform_scene-1/Tile Map/24_9_layer_Tile Map_tile_24_9_source_1_atlas_1_0
921.989,landed,440.91064453125,152.976623535156,0.0,0.0,land,surface_wood_impact_1.1166669921875
922.48,move_left_pressed,440.91064453125,152.976623535156,-33.3333320617676,0.0,Move_Left,pressed
922.512,jump_input_pressed,440.003540039062,152.976623535156,-33.3333320617676,0.0,Jump,pressed
922.512,jump_executed,440.003540039062,152.976623535156,-33.3333320617676,-500.0,jump,x_440.003540039062_y_152.976623535156
922.587,jump_input_released,438.574676513672,114.749771118164,-60.0,-396.666595458984,Jump,released
922.687,jump_peak_reached,437.574676513672,109.958106994629,0.0,41.2037048339844,jump_peak,x_437.574676513672_y_109.958106994629
922.82,platform_landed,437.574676513672,136.690963745117,0.0,0.0,land_on_platform,platform_scene-1/Tile Map/23_8_layer_Tile Map_tile_23_8_source_1_atlas_0_0
922.821,landed,437.574676513672,136.690963745117,0.0,0.0,land,surface_wood_impact_0.67500006103516
923.237,move_left_pressed,437.574676513672,136.690963745117,-33.3333320617676,0.0,Move_Left,pressed
923.714,move_left_pressed,428.917053222656,134.995819091797,-33.3333320617676,0.0,Move_Left,pressed
923.779,jump_input_pressed,423.361511230469,134.995819091797,-166.666656494141,0.0,Jump,pressed
923.78,jump_executed,423.361511230469,134.995819091797,-166.666656494141,-500.0,jump,x_423.361511230469_y_134.995819091797
924.212,jump_peak_reached,345.564971923828,28.1108837127686,-180.0,39.8149261474609,jump_peak,x_345.564971923828_y_28.1108837127686
924.28,jump_input_released,333.564971923828,34.4689178466797,-180.0,187.963073730469,Jump,released
924.412,platform_landed,316.731628417969,80.9762268066406,0.0,0.0,land_on_platform,platform_scene-1/Tile Map/17_5_layer_Tile Map_tile_17_5_source_1_atlas_13_0
924.412,landed,316.731628417969,80.9762268066406,0.0,0.0,land,surface_wood_impact_0.96851885986328
924.879,move_left_pressed,316.731628417969,80.9762268066406,-33.3333320617676,0.0,Move_Left,pressed
924.88,sonification,316.176086425781,80.9762268066406,-33.3333320617676,0.0,osc_received,"value_[1, ""mushrooms""]"
924.921,jump_input_pressed,313.398315429688,80.9762268066406,-133.33332824707,0.0,Jump,pressed
924.922,jump_executed,313.398315429688,80.9762268066406,-133.33332824707,-500.0,jump,x_313.398315429688_y_80.9762268066406
924.922,sonification,311.164764404297,72.5995330810547,-133.33332824707,-500.055541992188,osc_received,"value_[1, ""mushrooms""]"
925.355,jump_peak_reached,236.998077392578,-25.8948764801025,-180.0,39.8149261474609,jump_peak,x_236.998077392578_y_-25.8948764801025
925.654,platform_landed,179.998077392578,80.9329299926758,-180.0,0.0,land_on_platform,platform_scene-1/Tile Map/9_5_layer_Tile Map_tile_9_5_source_1_atlas_13_0
925.654,landed,179.998077392578,80.9329299926758,-180.0,0.0,land,surface_wood_impact_1.41296337890625
925.662,sonification,179.998077392578,80.9329299926758,-180.0,0.0,osc_received,"value_[1, ""mushrooms""]"
925.755,jump_input_released,164.998077392578,80.9329299926758,-180.0,0.0,Jump,released
925.882,sonification,148.164733886719,80.9329299926758,0.0,0.0,osc_received,"value_[1, ""mushrooms""]"
926.114,move_left_pressed,148.164733886719,80.9329299926758,-33.3333320617676,0.0,Move_Left,pressed
926.115,sonification,147.609176635742,80.9329299926758,-33.3333320617676,0.0,osc_received,"value_[1, ""mushrooms""]"
926.714,sonification,50.9980583190918,80.9251556396484,0.0,0.0,osc_received,"value_[1, ""mushrooms""]"
927.037,move_left_pressed,50.9980583190918,80.9251556396484,-33.3333320617676,0.0,Move_Left,pressed
927.046,sonification,50.4425010681152,80.9251556396484,-33.3333320617676,0.0,osc_received,"value_[1, ""mushrooms""]"
927.195,sonification,34.8313903808594,80.9251556396484,0.0,0.0,osc_received,"value_[1, ""mushrooms""]"
929.153,move_right_pressed,34.8313903808594,80.9251556396484,33.3333320617676,0.0,Move_Right,pressed
929.154,sonification,35.3869476318359,80.9251556396484,33.3333320617676,0.0,osc_received,"value_[1, ""mushrooms""]"
930.788,jump_input_pressed,322.164733886719,80.9251556396484,180.0,0.0,Jump,pressed
930.788,jump_executed,322.164733886719,80.9251556396484,180.0,-500.0,jump,x_322.164733886719_y_80.9251556396484
930.789,sonification,325.165069580078,72.5900039672852,180.0,-500.055541992188,osc_received,"value_[1, ""mushrooms""]"
931.22,jump_peak_reached,400.165069580078,-25.9044055938721,180.0,39.8149261474609,jump_peak,x_400.165069580078_y_-25.9044055938721
931.321,platform_landed,421.165069580078,-9.06637382507324,180.0,0.0,land_on_platform,platform_scene-1/Tile Map/23_0_layer_Tile Map_tile_23_0_source_1_atlas_13_7
931.321,landed,421.165069580078,-9.06637382507324,180.0,0.0,land,surface_wood_impact_0.52407427978516
931.322,sonification,421.165069580078,-9.06637382507324,180.0,0.0,osc_received,"value_[1, ""cloud""]"
931.388,jump_input_released,428.776184082031,-9.06637382507324,13.3333311080933,0.0,Jump,released
931.946,move_right_pressed,428.998413085938,-9.06637382507324,33.3333320617676,0.0,Move_Right,pressed
932.437,jump_input_pressed,435.387298583984,-9.06637382507324,0.0,0.0,Jump,pressed
932.437,jump_executed,435.387298583984,-9.06637382507324,0.0,-500.0,jump,x_435.387298583984_y_-9.06637382507324
932.588,jump_input_released,435.387298583984,-71.7275238037109,0.0,-314.999908447266,Jump,released
932.687,jump_peak_reached,435.387298583984,-76.5191879272461,0.0,41.2037048339844,jump_peak,x_435.387298583984_y_-76.5191879272461
932.921,platform_landed,435.387298583984,-9.00123023986816,0.0,0.0,land_on_platform,platform_scene-1/Tile Map/24_0_layer_Tile Map_tile_24_0_source_1_atlas_14_7
932.921,landed,435.387298583984,-9.00123023986816,0.0,0.0,land,surface_wood_impact_1.11944458007812
932.922,sonification,435.387298583984,-9.00123023986816,0.0,0.0,osc_received,"value_[1, ""cloud""]"
933.981,move_right_pressed,435.387298583984,-9.00123023986816,33.3333320617676,0.0,Move_Right,pressed
934.22,jump_input_pressed,473.736633300781,-8.78638648986816,180.0,37.037036895752,Jump,pressed
934.488,platform_landed,524.739868164062,80.9286880493164,180.0,0.0,land_on_platform,platform_scene-1/Tile Map/29_5_layer_Tile Map_tile_29_5_source_1_atlas_2_0
934.488,landed,524.739868164062,80.9286880493164,180.0,0.0,land,surface_wood_impact_1.25925939941406
934.553,jump_input_released,532.350952148438,80.9286880493164,13.3333311080933,0.0,Jump,released
934.836,move_right_pressed,532.573181152344,80.9286880493164,33.3333320617676,0.0,Move_Right,pressed
934.904,jump_input_pressed,538.128723144531,80.9286880493164,166.666656494141,0.0,Jump,pressed
934.904,jump_executed,538.128723144531,80.9286880493164,166.666656494141,-500.0,jump,x_538.128723144531_y_80.9286880493164
935.348,jump_peak_reached,615.90771484375,-25.903657913208,180.0,39.8149261474609,jump_peak,x_615.90771484375_y_-25.903657913208
935.43,jump_input_released,630.90771484375,-16.4129066467285,96.6666641235352,225.000106811523,Jump,released
935.579,platform_landed,632.741027832031,44.9754638671875,0.0,0.0,land_on_platform,platform_scene-1/Tile Map/35_3_layer_Tile Map_tile_35_3_source_1_atlas_13_0
935.58,landed,632.741027832031,44.9754638671875,0.0,0.0,land,surface_wood_impact_1.1166669921875
935.847,move_right_pressed,632.741027832031,44.9754638671875,33.3333320617676,0.0,Move_Right,pressed
935.847,jump_input_pressed,632.741027832031,44.9754638671875,33.3333320617676,0.0,Jump,pressed
935.848,jump_executed,632.741027832031,44.9754638671875,33.3333320617676,-500.0,jump,x_632.741027832031_y_44.9754638671875
936.195,jump_input_released,658.425231933594,-57.9555931091309,180.0,-75.3332214355469,Jump,released
936.28,jump_peak_reached,672.036315917969,-60.7611389160156,13.3333311080933,45.0371475219727,jump_peak,x_672.036315917969_y_-60.7611389160156
936.429,platform_landed,672.258544921875,-27.0167617797852,0.0,0.0,land_on_platform,platform_scene-1/Tile Map/37_-1_layer_Tile Map_tile_37_-1_source_1_atlas_15_7
936.429,landed,672.258544921875,-27.0167617797852,0.0,0.0,land,surface_wood_impact_0.75674102783203
936.43,sonification,672.258544921875,-27.0167617797852,0.0,0.0,osc_received,"value_[1, ""cloud""]"
936.682,move_left_pressed,672.258544921875,-27.0167617797852,-33.3333320617676,0.0,Move_Left,pressed
936.696,jump_input_pressed,671.703002929688,-27.0167617797852,-66.6666641235352,0.0,Jump,pressed
936.696,jump_executed,671.703002929688,-27.0167617797852,-66.6666641235352,-500.0,jump,x_671.703002929688_y_-27.0167617797852
937.128,jump_peak_reached,601.807556152344,-133.896087646484,-180.0,39.8149261474609,jump_peak,x_601.807556152344_y_-133.896087646484
937.281,jump_input_released,574.807556152344,-105.701614379883,-180.0,373.148284912109,Jump,released
937.363,platform_landed,566.974243164062,-63.0169486999512,0.0,0.0,land_on_platform,platform_scene-1/Tile Map/31_-3_layer_Tile Map_tile_31_-3_source_1_atlas_2_0
937.363,landed,566.974243164062,-63.0169486999512,0.0,0.0,land,surface_wood_impact_1.1166669921875
937.514,move_left_pressed,566.974243164062,-63.0169486999512,-33.3333320617676,0.0,Move_Left,pressed
937.529,jump_input_pressed,566.418701171875,-63.0169486999512,-66.6666641235352,0.0,Jump,pressed
937.529,jump_executed,566.418701171875,-63.0169486999512,-66.6666641235352,-500.0,jump,x_566.418701171875_y_-63.0169486999512
937.963,jump_peak_reached,516.574768066406,-169.89616394043,-180.0,39.8149261474609,jump_peak,x_516.574768066406_y_-169.89616394043
937.963,jump_input_released,516.574768066406,-169.89616394043,-180.0,39.8149261474609,Jump,released
938.128,coin_collected,486.574768066406,-135.482559204102,-180.0,373.148284912109,collect_coin,coin_coin9_score_12
938.162,platform_landed,484.741424560547,-117.030822753906,0.0,0.0,land_on_platform,platform_scene-1/Tile Map/26_-6_layer_Tile Map_tile_26_-6_source_1_atlas_1_0
938.162,landed,484.741424560547,-117.030822753906,0.0,0.0,land,surface_wood_impact_0.96851885986328
938.895,move_right_pressed,484.741424560547,-117.030822753906,33.3333320617676,0.0,Move_Right,pressed
939.129,jump_input_pressed,515.908081054688,-117.075241088867,0.0,0.0,Jump,pressed
939.129,jump_executed,515.908081054688,-117.075241088867,0.0,-500.0,jump,x_515.908081054688_y_-117.075241088867
939.196,move_right_pressed,515.908081054688,-148.34440612793,15.0,-417.22216796875,Move_Right,pressed
939.229,jump_input_released,516.658081054688,-161.919403076172,45.0,-376.166595458984,Jump,released
939.328,jump_peak_reached,519.658081054688,-166.711074829102,0.0,41.2037048339844,jump_peak,x_519.658081054688_y_-166.711074829102
939.479,platform_landed,519.658081054688,-134.163040161133,0.0,0.0,land_on_platform,platform_scene-1/Tile Map/29_-7_layer_Tile Map_tile_29_-7_source_1_atlas_0_0
939.479,landed,519.658081054688,-134.163040161133,0.0,0.0,land,surface_wood_impact_0.74907415771484
939.695,move_right_pressed,519.658081054688,-134.163040161133,33.3333320617676,0.0,Move_Right,pressed
940.115,move_left_pressed,532.472961425781,-135.002365112305,-33.3333320617676,0.0,Move_Left,pressed
940.149,jump_input_pressed,530.806335449219,-135.002365112305,-100.0,0.0,Jump,pressed
940.149,jump_executed,530.806335449219,-135.002365112305,-100.0,-500.0,jump,x_530.806335449219_y_-135.002365112305
940.548,jump_input_released,463.043884277344,-241.638046264648,-180.0,-16.6665554046631,Jump,released
940.581,jump_peak_reached,457.043884277344,-241.846374511719,-96.6666641235352,41.2038154602051,jump_peak,x_457.043884277344_y_-241.846374511719
940.748,platform_landed,455.210540771484,-207.013732910156,0.0,0.0,land_on_platform,platform_scene-1/Tile Map/25_-11_layer_Tile Map_tile_25_-11_source_1_atlas_2_0
940.748,landed,455.210540771484,-207.013732910156,0.0,0.0,land,surface_wood_impact_0.8231484375
941.048,move_right_pressed,455.210540771484,-207.013732910156,33.3333320617676,0.0,Move_Right,pressed
941.181,jump_input_pressed,472.543853759766,-207.067932128906,180.0,0.0,Jump,pressed
941.181,jump_executed,472.543853759766,-207.067932128906,180.0,-500.0,jump,x_472.543853759766_y_-207.067932128906
941.614,jump_peak_reached,550.546081542969,-313.902801513672,180.0,39.8149261474609,jump_peak,x_550.546081542969_y_-313.902801513672
941.629,jump_input_released,553.546081542969,-313.239227294922,180.0,76.8519668579102,Jump,released
941.812,platform_landed,573.37939453125,-257.963562011719,0.0,0.0,land_on_platform,platform_scene-1/Tile Map/31_-14_layer_Tile Map_tile_31_-14_source_1_atlas_18_3
941.812,landed,573.37939453125,-257.963562011719,0.0,0.0,land,surface_wood_impact_0.96851885986328
941.813,sonification,573.37939453125,-257.963562011719,0.0,0.0,osc_received,"value_[1, ""leaves""]"
942.262,jump_input_pressed,573.37939453125,-257.963562011719,0.0,0.0,Jump,pressed
942.262,jump_executed,573.37939453125,-257.963562011719,0.0,-500.0,jump,x_573.37939453125_y_-257.963562011719
942.362,move_left_pressed,573.37939453125,-302.864776611328,-15.0,-376.166595458984,Move_Left,pressed
942.712,jump_peak_reached,546.574890136719,-364.849822998047,-180.0,39.8149261474609,jump_peak,x_546.574890136719_y_-364.849822998047
942.813,platform_landed,525.574829101562,-351.067169189453,-180.0,0.0,land_on_platform,platform_scene-1/Tile Map/29_-19_layer_Tile Map_tile_29_-19_source_1_atlas_12_0
942.813,landed,525.574829101562,-351.067169189453,-180.0,0.0,land,surface_wood_impact_0.52407427978516
942.814,sonification,525.574829101562,-351.067169189453,-180.0,0.0,osc_received,"value_[1, ""mushrooms""]"
942.853,jump_input_released,519.574829101562,-351.067169189453,-180.0,0.0,Jump,released
942.921,sonification,511.741485595703,-351.067169189453,0.0,0.0,osc_received,"value_[1, ""mushrooms""]"
943.281,move_right_pressed,511.741485595703,-351.067169189453,33.3333320617676,0.0,Move_Right,pressed
943.282,sonification,512.297058105469,-351.067169189453,33.3333320617676,0.0,osc_received,"value_[1, ""mushrooms""]"
943.437,jump_input_pressed,535.069946289062,-351.067169189453,180.0,0.0,Jump,pressed
943.438,jump_executed,535.069946289062,-351.067169189453,180.0,-500.0,jump,x_535.069946289062_y_-351.067169189453
943.438,sonification,538.072387695312,-359.408233642578,180.0,-500.055541992188,osc_received,"value_[1, ""mushrooms""]"
943.871,jump_peak_reached,613.072387695312,-457.902648925781,180.0,39.8149261474609,jump_peak,x_613.072387695312_y_-457.902648925781
943.954,jump_input_released,628.072387695312,-448.411895751953,180.0,225.000106811523,Jump,released
943.97,coin_collected,631.072387695312,-444.661895751953,180.0,225.000106811523,collect_coin,coin_coin11_score_14
944.046,platform_landed,635.905700683594,-420.017425537109,0.0,0.0,land_on_platform,platform_scene-1/Tile Map/35_-23_layer_Tile Map_tile_35_-23_source_1_atlas_19_3
944.046,landed,635.905700683594,-420.017425537109,0.0,0.0,land,surface_wood_impact_0.82037066650391
944.047,sonification,635.905700683594,-420.017425537109,0.0,0.0,osc_received,"value_[1, ""leaves""]"
944.288,move_right_pressed,635.905700683594,-420.017425537109,33.3333320617676,0.0,Move_Right,pressed
944.288,jump_input_pressed,635.905700683594,-420.017425537109,33.3333320617676,0.0,Jump,pressed
944.288,jump_executed,635.905700683594,-420.017425537109,33.3333320617676,-500.0,jump,x_635.905700683594_y_-420.017425537109
944.713,jump_input_released,697.714721679688,-526.94580078125,180.0,2.77788853645325,Jump,released
944.72,jump_peak_reached,700.714721679688,-526.899475097656,180.0,39.8149261474609,jump_peak,x_700.714721679688_y_-526.899475097656
944.879,platform_landed,711.548034667969,-495.012420654297,0.0,0.0,land_on_platform,platform_scene-1/Tile Map/39_-27_layer_Tile Map_tile_39_-27_source_1_atlas_2_0
944.879,landed,711.548034667969,-495.012420654297,0.0,0.0,land,surface_wood_impact_0.74629656982422
944.986,move_right_pressed,711.548034667969,-495.012420654297,33.3333320617676,0.0,Move_Right,pressed
945.046,jump_input_pressed,714.88134765625,-495.012420654297,133.33332824707,0.0,Jump,pressed
945.047,jump_executed,714.88134765625,-495.012420654297,133.33332824707,-500.0,jump,x_714.88134765625_y_-495.012420654297
945.47,jump_peak_reached,769.425231933594,-601.892761230469,180.0,39.8149261474609,jump_peak,x_769.425231933594_y_-601.892761230469
945.504,jump_input_released,775.425231933594,-599.948303222656,180.0,113.889007568359,Jump,released
945.571,platform_landed,783.258544921875,-585.018310546875,0.0,0.0,land_on_platform,platform_scene-1/Tile Map/43_-32_layer_Tile Map_tile_43_-32_source_1_atlas_2_0
945.571,landed,783.258544921875,-585.018310546875,0.0,0.0,land,surface_wood_impact_0.52407427978516
945.686,move_right_pressed,783.258544921875,-585.018310546875,33.3333320617676,0.0,Move_Right,pressed
946.187,coin_collected,829.439392089844,-490.376586914062,0.0,629.629699707031,collect_coin,coin_coin16_score_16
946.213,platform_landed,829.439392089844,-474.042663574219,0.0,0.0,land_on_platform,platform_scene-1/Tile Map/46_-26_layer_Tile Map_tile_46_-26_source_1_atlas_13_6
946.213,landed,829.439392089844,-474.042663574219,0.0,0.0,land,surface_wood_impact_1.40740759277344
946.214,sonification,829.439392089844,-474.042663574219,0.0,0.0,osc_received,"value_[1, ""water-tube""]"
946.437,move_right_pressed,829.439392089844,-474.042663574219,33.3333320617676,0.0,Move_Right,pressed
946.687,coin_collected,867.772827148438,-474.070709228516,180.0,0.0,collect_coin,coin_coin17_score_18
946.887,coin_collected,903.77294921875,-474.070709228516,180.0,0.0,collect_coin,coin_coin18_score_20
947.087,coin_collected,939.773071289062,-474.070709228516,180.0,0.0,collect_coin,coin_coin19_score_22
947.588,jump_input_pressed,1029.7734375,-474.070709228516,180.0,0.0,Jump,pressed
947.588,jump_executed,1029.7734375,-474.070709228516,180.0,-500.0,jump,x_1029.7734375_y_-474.070709228516
948.02,jump_peak_reached,1037.92529296875,-580.914184570312,15.0,39.8149261474609,jump_peak,x_1037.92529296875_y_-580.914184570312
948.222,jump_input_released,1037.92529296875,-532.212158203125,15.0,484.259429931641,Jump,released
948.321,platform_landed,1037.92529296875,-473.997985839844,0.0,0.0,land_on_platform,platform_scene-1/Tile Map/57_-26_layer_Tile Map_tile_57_-26_source_1_atlas_13_6
948.321,landed,1037.92529296875,-473.997985839844,0.0,0.0,land,surface_wood_impact_1.41296337890625
948.322,sonification,1037.92529296875,-473.997985839844,0.0,0.0,osc_received,"value_[1, ""water-tube""]"
948.589,move_left_pressed,1037.92529296875,-473.997985839844,-33.3333320617676,0.0,Move_Left,pressed
950.579,platform_landed,779.37939453125,44.9571723937988,0.0,0.0,land_on_platform,platform_scene-1/Tile Map/43_3_layer_Tile Map_tile_43_3_source_1_atlas_13_0
950.58,landed,779.37939453125,44.9571723937988,0.0,0.0,land,surface_wood_impact_3.0370361328125
951.638,jump_input_pressed,779.37939453125,44.9571723937988,0.0,0.0,Jump,pressed
951.638,jump_executed,779.37939453125,44.9571723937988,0.0,-500.0,jump,x_779.37939453125_y_44.9571723937988
951.655,jump_peak_reached,779.37939453125,36.5940399169922,-15.0,-479.222198486328,jump_peak,x_779.37939453125_y_36.5940399169922
951.655,move_left_pressed,779.37939453125,36.5940399169922,-15.0,-479.222198486328,Move_Left,pressed
952.238,platform_landed,691.063354492188,-23.9787826538086,-180.0,0.0,land_on_platform,platform_scene-1/Tile Map/37_-1_layer_Tile Map_tile_37_-1_source_1_atlas_15_7
952.239,landed,691.063354492188,-23.9787826538086,-180.0,0.0,land,surface_wood_impact_0.82037066650391
952.239,sonification,691.063354492188,-23.9787826538086,-180.0,0.0,osc_received,"value_[1, ""cloud""]"
952.379,jump_input_released,690.841735839844,-23.722110748291,-33.3333320617676,0.0,Jump,released
952.655,platform_landed,692.173522949219,44.9923477172852,0.0,0.0,land_on_platform,platform_scene-1/Tile Map/38_3_layer_Tile Map_tile_38_3_source_1_atlas_13_0
952.655,landed,692.173522949219,44.9923477172852,0.0,0.0,land,surface_wood_impact_1.11111120605469
953.072,move_right_pressed,692.173522949219,44.9923477172852,33.3333320617676,0.0,Move_Right,pressed
953.072,sonification,692.729064941406,44.9923477172852,33.3333320617676,0.0,osc_received,"value_[1, ""mushrooms""]"
953.988,sonification,853.542297363281,45.9387168884277,180.0,0.0,osc_received,"value_[1, ""mushrooms""]"
954.249,platform_landed,861.375610351562,116.974609375,0.0,0.0,land_on_platform,platform_scene-1/Tile Map/47_7_layer_Tile Map_tile_47_7_source_1_atlas_14_0
954.249,landed,861.375610351562,116.974609375,0.0,0.0,land,surface_wood_impact_1.11111120605469
954.495,move_right_pressed,861.375610351562,116.974609375,33.3333320617676,0.0,Move_Right,pressed
954.496,sonification,861.93115234375,116.974609375,33.3333320617676,0.0,osc_received,"value_[1, ""mushrooms""]"
954.714,sonification,889.542236328125,116.930564880371,0.0,0.0,osc_received,"value_[1, ""mushrooms""]"
955.247,move_left_pressed,889.542236328125,116.930564880371,-33.3333320617676,0.0,Move_Left,pressed
955.248,sonification,888.986694335938,116.930564880371,-33.3333320617676,0.0,osc_received,"value_[1, ""mushrooms""]"
955.281,jump_input_pressed,887.875610351562,116.930564880371,-100.0,0.0,Jump,pressed
955.281,jump_executed,887.875610351562,116.930564880371,-100.0,-500.0,jump,x_887.875610351562_y_116.930564880371
955.287,sonification,886.207824707031,108.590812683105,-100.0,-500.055541992188,osc_received,"value_[1, ""mushrooms""]"
955.68,jump_input_released,820.124389648438,10.3510303497314,-180.0,-16.6665554046631,Jump,released
955.712,jump_peak_reached,814.124389648438,10.1427011489868,-180.0,41.2038154602051,jump_peak,x_814.124389648438_y_10.1427011489868
955.88,platform_landed,781.124389648438,44.9336166381836,-180.0,0.0,land_on_platform,platform_scene-1/Tile Map/43_3_layer_Tile Map_tile_43_3_source_1_atlas_13_0
955.88,landed,781.124389648438,44.9336166381836,-180.0,0.0,land,surface_wood_impact_0.8231484375
955.888,sonification,778.124389648438,44.9336166381836,-180.0,0.0,osc_received,"value_[1, ""mushrooms""]"
956.055,jump_input_pressed,751.124389648438,44.9252433776855,-180.0,0.0,Jump,pressed
956.055,jump_executed,751.124389648438,44.9252433776855,-180.0,-500.0,jump,x_751.124389648438_y_44.9252433776855
956.062,sonification,748.1240234375,36.5900230407715,-180.0,-500.055541992188,osc_received,"value_[1, ""mushrooms""]"
956.321,jump_input_released,703.1240234375,-47.497917175293,-180.0,-174.222106933594,Jump,released
956.42,jump_peak_reached,685.1240234375,-52.2895851135254,-180.0,41.2037048339844,jump_peak,x_685.1240234375_y_-52.2895851135254
956.554,platform_landed,680.290710449219,-27.0069236755371,0.0,0.0,land_on_platform,platform_scene-1/Tile Map/37_-1_layer_Tile Map_tile_37_-1_source_1_atlas_15_7
956.554,landed,680.290710449219,-27.0069236755371,0.0,0.0,land,surface_wood_impact_0.67500006103516
956.555,sonification,680.290710449219,-27.0069236755371,0.0,0.0,osc_received,"value_[1, ""cloud""]"
956.788,move_left_pressed,680.290710449219,-27.0069236755371,-33.3333320617676,0.0,Move_Left,pressed
956.88,jump_input_pressed,671.957397460938,-27.0069236755371,-180.0,0.0,Jump,pressed
956.88,jump_executed,671.957397460938,-27.0069236755371,-180.0,-500.0,jump,x_671.957397460938_y_-27.0069236755371
957.312,jump_peak_reached,593.938232421875,-133.888809204102,-180.0,39.8149261474609,jump_peak,x_593.938232421875_y_-133.888809204102
957.371,jump_input_released,581.938232421875,-127.530769348145,-180.0,187.963073730469,Jump,released
957.537,platform_landed,571.104919433594,-63.0096702575684,0.0,0.0,land_on_platform,platform_scene-1/Tile Map/31_-3_layer_Tile Map_tile_31_-3_source_1_atlas_2_0
957.537,landed,571.104919433594,-63.0096702575684,0.0,0.0,land,surface_wood_impact_1.1166669921875
957.787,move_left_pressed,571.104919433594,-63.0096702575684,-33.3333320617676,0.0,Move_Left,pressed
957.812,jump_input_pressed,570.549377441406,-63.0096702575684,-66.6666641235352,0.0,Jump,pressed
957.813,jump_executed,570.549377441406,-63.0096702575684,-66.6666641235352,-500.0,jump,x_570.549377441406_y_-63.0096702575684
958.237,jump_peak_reached,500.653137207031,-169.895111083984,-180.0,39.8149261474609,jump_peak,x_500.653137207031_y_-169.895111083984
958.28,jump_input_released,494.653137207031,-167.950653076172,-180.0,113.889007568359,Jump,released
958.446,platform_landed,480.819793701172,-117.02978515625,0.0,0.0,land_on_platform,platform_scene-1/Tile Map/26_-6_layer_Tile Map_tile_26_-6_source_1_atlas_1_0
958.446,landed,480.819793701172,-117.02978515625,0.0,0.0,land,surface_wood_impact_0.96851885986328
958.838,move_right_pressed,480.819793701172,-117.02978515625,33.3333320617676,0.0,Move_Right,pressed
959.021,jump_input_pressed,507.153106689453,-117.02978515625,180.0,0.0,Jump,pressed
959.021,jump_executed,507.153106689453,-117.02978515625,180.0,-500.0,jump,x_507.153106689453_y_-117.02978515625
959.454,jump_peak_reached,585.165954589844,-223.894073486328,180.0,39.8149261474609,jump_peak,x_585.165954589844_y_-223.894073486328
959.655,platform_landed,624.165954589844,-171.067291259766,180.0,0.0,land_on_platform,platform_scene-1/Tile Map/34_-9_layer_Tile Map_tile_34_-9_source_1_atlas_2_0
959.655,landed,624.165954589844,-171.067291259766,180.0,0.0,land,surface_wood_impact_0.96851885986328
959.879,jump_input_released,649.999267578125,-171.067291259766,0.0,0.0,Jump,released
960.222,move_right_pressed,649.999267578125,-171.067291259766,33.3333320617676,0.0,Move_Right,pressed
960.521,move_right_pressed,663.165893554688,-171.067291259766,33.3333320617676,0.0,Move_Right,pressed
960.889,move_left_pressed,669.554748535156,-171.067291259766,-33.3333320617676,0.0,Move_Left,pressed
961.055,jump_input_pressed,646.221435546875,-171.07487487793,-180.0,0.0,Jump,pressed
961.055,jump_executed,646.221435546875,-171.07487487793,-180.0,-500.0,jump,x_646.221435546875_y_-171.07487487793
961.404,jump_input_released,583.221130371094,-274.798858642578,-180.0,-75.3332214355469,Jump,released
961.488,jump_peak_reached,578.387817382812,-277.604400634766,0.0,45.0371475219727,jump_peak,x_578.387817382812_y_-277.604400634766
961.604,platform_landed,578.387817382812,-258.039978027344,0.0,0.0,land_on_platform,platform_scene-1/Tile Map/32_-14_layer_Tile Map_tile_32_-14_source_1_atlas_19_3
961.604,landed,578.387817382812,-258.039978027344,0.0,0.0,land,surface_wood_impact_0.60859283447266
961.612,sonification,578.387817382812,-258.039978027344,0.0,0.0,osc_received,"value_[1, ""leaves""]"
961.946,jump_input_pressed,578.387817382812,-258.039978027344,0.0,0.0,Jump,pressed
961.946,jump_executed,578.387817382812,-258.039978027344,0.0,-500.0,jump,x_578.387817382812_y_-258.039978027344
962.178,jump_input_released,578.387817382812,-343.684295654297,0.0,-214.166549682617,Jump,released
962.271,jump_peak_reached,578.387817382812,-348.475952148438,0.0,41.2037048339844,jump_peak,x_578.387817382812_y_-348.475952148438
962.545,platform_landed,578.387817382812,-258.050018310547,0.0,0.0,land_on_platform,platform_scene-1/Tile Map/32_-14_layer_Tile Map_tile_32_-14_source_1_atlas_19_3
962.545,landed,578.387817382812,-258.050018310547,0.0,0.0,land,surface_wood_impact_1.2675927734375
962.546,sonification,578.387817382812,-258.050018310547,0.0,0.0,osc_received,"value_[1, ""leaves""]"
962.822,jump_input_pressed,578.387817382812,-258.050018310547,0.0,0.0,Jump,pressed
962.822,jump_executed,578.387817382812,-258.050018310547,0.0,-500.0,jump,x_578.387817382812_y_-258.050018310547
962.922,move_left_pressed,578.387817382812,-302.941192626953,-15.0,-376.166595458984,Move_Left,pressed
963.254,jump_peak_reached,534.887817382812,-364.926330566406,-180.0,39.8149261474609,jump_peak,x_534.887817382812_y_-364.926330566406
963.288,jump_input_released,528.887817382812,-362.981903076172,-96.6666641235352,113.889007568359,Jump,released
963.355,platform_landed,527.054504394531,-351.003173828125,0.0,0.0,land_on_platform,platform_scene-1/Tile Map/29_-19_layer_Tile Map_tile_29_-19_source_1_atlas_12_0
963.355,landed,527.054504394531,-351.003173828125,0.0,0.0,land,surface_wood_impact_0.52407427978516
963.471,move_right_pressed,527.054504394531,-351.003173828125,33.3333320617676,0.0,Move_Right,pressed
963.472,sonification,527.610046386719,-351.003173828125,33.3333320617676,0.0,osc_received,"value_[1, ""mushrooms""]"
963.537,jump_input_pressed,532.610046386719,-351.003173828125,166.666656494141,0.0,Jump,pressed
963.537,jump_executed,532.610046386719,-351.003173828125,166.666656494141,-500.0,jump,x_532.610046386719_y_-351.003173828125
963.546,sonification,535.406860351562,-359.394470214844,166.666656494141,-500.055541992188,osc_received,"value_[1, ""mushrooms""]"
963.971,jump_peak_reached,610.406860351562,-457.888885498047,180.0,39.8149261474609,jump_peak,x_610.406860351562_y_-457.888885498047
964.053,jump_input_released,625.406860351562,-448.398132324219,180.0,225.000106811523,Jump,released
964.138,platform_landed,630.240173339844,-420.003662109375,0.0,0.0,land_on_platform,platform_scene-1/Tile Map/35_-23_layer_Tile Map_tile_35_-23_source_1_atlas_19_3
964.138,landed,630.240173339844,-420.003662109375,0.0,0.0,land,surface_wood_impact_0.82037066650391
964.138,sonification,630.240173339844,-420.003662109375,0.0,0.0,osc_received,"value_[1, ""leaves""]"
964.271,move_left_pressed,630.240173339844,-420.003662109375,-33.3333320617676,0.0,Move_Left,pressed
964.379,jump_input_pressed,618.9013671875,-420.053833007812,-180.0,0.0,Jump,pressed
964.379,jump_executed,618.9013671875,-420.053833007812,-180.0,-500.0,jump,x_618.9013671875_y_-420.053833007812
964.804,jump_peak_reached,540.893310546875,-526.904846191406,-180.0,39.8149261474609,jump_peak,x_540.893310546875_y_-526.904846191406
964.914,jump_input_released,522.893310546875,-513.664123535156,-180.0,262.037139892578,Jump,released
965.08,platform_landed,489.900390625,-438.06396484375,-180.0,0.0,land_on_platform,platform_scene-1/Tile Map/27_-24_layer_Tile Map_tile_27_-24_source_1_atlas_13_6
965.08,landed,489.900390625,-438.06396484375,-180.0,0.0,land,surface_wood_impact_1.26481518554687
965.08,sonification,489.900390625,-438.06396484375,-180.0,0.0,osc_received,"value_[1, ""water-tube""]"
966.413,jump_input_pressed,252.911163330078,-438.0732421875,-180.0,0.0,Jump,pressed
966.413,jump_executed,252.911163330078,-438.0732421875,-180.0,-500.0,jump,x_252.911163330078_y_-438.0732421875
966.514,jump_input_released,236.299514770508,-482.918273925781,-13.3333311080933,-376.166595458984,Jump,released
966.613,jump_peak_reached,236.077285766602,-487.709930419922,0.0,41.2037048339844,jump_peak,x_236.077285766602_y_-487.709930419922
966.813,platform_landed,236.077285766602,-438.032836914062,0.0,0.0,land_on_platform,platform_scene-1/Tile Map/13_-24_layer_Tile Map_tile_13_-24_source_1_atlas_13_6
966.813,landed,236.077285766602,-438.032836914062,0.0,0.0,land,surface_wood_impact_0.97129644775391
966.814,sonification,236.077285766602,-438.032836914062,0.0,0.0,osc_received,"value_[1, ""water-tube""]"
967.014,move_left_pressed,236.077285766602,-438.032836914062,-33.3333320617676,0.0,Move_Left,pressed
967.021,jump_input_pressed,235.521850585938,-438.070678710938,-66.6666641235352,0.0,Jump,pressed
967.021,jump_executed,235.521850585938,-438.070678710938,-66.6666641235352,-500.0,jump,x_235.521850585938_y_-438.070678710938
967.213,jump_input_released,210.632308959961,-510.909637451172,-180.0,-274.499877929688,Jump,released
967.312,jump_peak_reached,202.798965454102,-515.701293945312,0.0,41.2037048339844,jump_peak,x_202.798965454102_y_-515.701293945312
967.455,move_left_pressed,202.798965454102,-487.298522949219,-15.0,374.537078857422,Move_Left,pressed
967.555,platform_landed,195.808227539062,-438.049255371094,-105.0,0.0,land_on_platform,platform_scene-1/Tile Map/10_-24_layer_Tile Map_tile_10_-24_source_1_atlas_13_6
967.555,landed,195.808227539062,-438.049255371094,-105.0,0.0,land,surface_wood_impact_1.19351867675781
967.562,sonification,195.808227539062,-438.049255371094,-105.0,0.0,osc_received,"value_[1, ""water-tube""]"
967.638,jump_input_pressed,184.641571044922,-438.066070556641,-180.0,0.0,Jump,pressed
967.639,jump_executed,184.641571044922,-438.066070556641,-180.0,-500.0,jump,x_184.641571044922_y_-438.066070556641
967.645,musicking,181.639846801758,-446.405151367188,-180.0,-500.055541992188,osc_received,"value_[1, ""chain-jumps-combo-walk""]"
967.988,jump_input_released,121.639846801758,-541.794006347656,-180.0,-75.3332214355469,Jump,released
968.079,jump_peak_reached,106.639846801758,-544.599487304688,-180.0,45.0371475219727,jump_peak,x_106.639846801758_y_-544.599487304688
968.356,platform_landed,52.6415748596191,-438.047546386719,-180.0,0.0,land_on_platform,platform_scene-1/Tile Map/2_-24_layer_Tile Map_tile_2_-24_source_1_atlas_13_6
968.356,landed,52.6415748596191,-438.047546386719,-180.0,0.0,land,surface_wood_impact_1.34933374023438
968.357,sonification,52.6415748596191,-438.047546386719,-180.0,0.0,osc_received,"value_[1, ""water-tube""]"
968.939,move_right_pressed,-49.3577766418457,-438.066284179688,-96.6666641235352,0.0,Move_Right,pressed
969.046,jump_input_pressed,-46.5244026184082,-438.066284179688,153.333343505859,0.0,Jump,pressed
969.046,jump_executed,-46.5244026184082,-438.066284179688,153.333343505859,-500.0,jump,x_-46.5244026184082_y_-438.066284179688
969.054,jump_peak_reached,-43.9682388305664,-446.402526855469,168.333343505859,-479.222198486328,jump_peak,x_-43.9682388305664_y_-446.402526855469
969.614,jump_input_released,54.8373184204102,-522.304321289062,180.0,336.111236572266,Jump,released
969.771,platform_landed,87.8511657714844,-438.049743652344,180.0,0.0,land_on_platform,platform_scene-1/Tile Map/4_-24_layer_Tile Map_tile_4_-24_source_1_atlas_13_6
969.771,landed,87.8511657714844,-438.049743652344,180.0,0.0,land,surface_wood_impact_1.41296337890625
969.772,sonification,87.8511657714844,-438.049743652344,180.0,0.0,osc_received,"value_[1, ""water-tube""]"
972.147,jump_input_pressed,510.852935791016,-438.070617675781,180.0,0.0,Jump,pressed
972.147,jump_executed,510.852935791016,-438.070617675781,180.0,-500.0,jump,x_510.852935791016_y_-438.070617675781
972.513,jump_input_released,576.852966308594,-543.069641113281,180.0,-55.722110748291,Jump,released
972.578,jump_peak_reached,588.852966308594,-544.701110839844,180.0,43.8149261474609,jump_peak,x_588.852966308594_y_-544.701110839844
972.879,platform_landed,623.686279296875,-420.014862060547,0.0,0.0,land_on_platform,platform_scene-1/Tile Map/34_-23_layer_Tile Map_tile_34_-23_source_1_atlas_17_3
972.879,landed,623.686279296875,-420.014862060547,0.0,0.0,land,surface_wood_impact_1.49503747558594
972.88,sonification,623.686279296875,-420.014862060547,0.0,0.0,osc_received,"value_[1, ""leaves""]"
973.147,move_right_pressed,623.686279296875,-420.014862060547,33.3333320617676,0.0,Move_Right,pressed
973.181,jump_input_pressed,625.352966308594,-420.063659667969,100.0,0.0,Jump,pressed
973.181,jump_executed,625.352966308594,-420.063659667969,100.0,-500.0,jump,x_625.352966308594_y_-420.063659667969
973.615,jump_peak_reached,699.103881835938,-526.896362304688,180.0,39.8149261474609,jump_peak,x_699.103881835938_y_-526.896362304688
973.663,jump_input_released,708.103881835938,-523.053771972656,180.0,150.926040649414,Jump,released
973.763,platform_landed,724.937194824219,-495.06689453125,13.3333311080933,0.0,land_on_platform,platform_scene-1/Tile Map/40_-27_layer_Tile Map_tile_40_-27_source_1_atlas_3_0
973.763,landed,724.937194824219,-495.06689453125,13.3333311080933,0.0,land,surface_wood_impact_0.74629656982422
973.897,move_right_pressed,724.937194824219,-495.06689453125,33.3333320617676,0.0,Move_Right,pressed
973.929,jump_input_pressed,726.603820800781,-495.06689453125,100.0,0.0,Jump,pressed
973.929,jump_executed,726.603820800781,-495.06689453125,100.0,-500.0,jump,x_726.603820800781_y_-495.06689453125
974.362,jump_peak_reached,769.425231933594,-601.903137207031,180.0,39.8149261474609,jump_peak,x_769.425231933594_y_-601.903137207031
974.378,jump_input_released,772.425231933594,-601.239562988281,180.0,76.8519668579102,Jump,released
974.463,platform_landed,780.258544921875,-585.003112792969,0.0,0.0,land_on_platform,platform_scene-1/Tile Map/43_-32_layer_Tile Map_tile_43_-32_source_1_atlas_2_0
974.463,landed,780.258544921875,-585.003112792969,0.0,0.0,land,surface_wood_impact_0.52407427978516
974.613,move_left_pressed,780.258544921875,-585.003112792969,-33.3333320617676,0.0,Move_Left,pressed
974.712,jump_input_pressed,768.925231933594,-585.066589355469,-180.0,0.0,Jump,pressed
974.712,jump_executed,768.925231933594,-585.066589355469,-180.0,-500.0,jump,x_768.925231933594_y_-585.066589355469
975.114,jump_input_released,696.922607421875,-691.647888183594,-180.0,-16.6665554046631,Jump,released
975.148,jump_peak_reached,690.922607421875,-691.856201171875,-180.0,41.2038154602051,jump_peak,x_690.922607421875_y_-691.856201171875
975.429,coin_collected,656.089294433594,-596.231140136719,0.0,633.796508789062,collect_coin,coin_coin15_score_24
975.446,platform_landed,656.089294433594,-585.050598144531,0.0,0.0,land_on_platform,platform_scene-1/Tile Map/36_-32_layer_Tile Map_tile_36_-32_source_1_atlas_2_0
975.446,landed,656.089294433594,-585.050598144531,0.0,0.0,land,surface_wood_impact_1.4157412109375
975.847,move_left_pressed,656.089294433594,-585.050598144531,-33.3333320617676,0.0,Move_Left,pressed
975.88,jump_input_pressed,654.422668457031,-585.050598144531,-100.0,0.0,Jump,pressed
975.88,jump_executed,654.422668457031,-585.050598144531,-100.0,-500.0,jump,x_654.422668457031_y_-585.050598144531
976.312,jump_peak_reached,580.668334960938,-691.900573730469,-180.0,39.8149261474609,jump_peak,x_580.668334960938_y_-691.900573730469
976.395,jump_input_released,565.668334960938,-682.409851074219,-180.0,225.000106811523,Jump,released
976.613,platform_landed,557.835021972656,-585.017211914062,0.0,0.0,land_on_platform,platform_scene-1/Tile Map/30_-32_layer_Tile Map_tile_30_-32_source_1_atlas_2_0
976.613,landed,557.835021972656,-585.017211914062,0.0,0.0,land,surface_wood_impact_1.41296337890625
976.796,move_left_pressed,557.835021972656,-585.017211914062,-33.3333320617676,0.0,Move_Left,pressed
976.946,jump_input_pressed,537.501708984375,-585.068359375,-180.0,0.0,Jump,pressed
976.946,jump_executed,537.501708984375,-585.068359375,-180.0,-500.0,jump,x_537.501708984375_y_-585.068359375
977.279,jump_input_released,477.499572753906,-687.194580078125,-180.0,-94.9998931884766,Jump,released
977.381,jump_peak_reached,459.499572753906,-691.486267089844,-180.0,46.2038116455078,jump_peak,x_459.499572753906_y_-691.486267089844
977.697,platform_landed,442.666229248047,-564.025024414062,0.0,0.0,land_on_platform,platform_scene-1/Tile Map/24_-31_layer_Tile Map_tile_24_-31_source_1_atlas_13_6
977.697,landed,442.666229248047,-564.025024414062,0.0,0.0,land,surface_wood_impact_1.49981530761719
977.698,sonification,442.666229248047,-564.025024414062,0.0,0.0,osc_received,"value_[1, ""water-tube""]"
978.047,move_left_pressed,442.666229248047,-564.025024414062,-33.3333320617676,0.0,Move_Left,pressed
978.163,jump_input_pressed,428.333282470703,-564.102844238281,-180.0,0.0,Jump,pressed
978.163,jump_executed,428.333282470703,-564.102844238281,-180.0,-500.0,jump,x_428.333282470703_y_-564.102844238281
978.579,jump_input_released,353.331512451172,-670.982727050781,-180.0,2.77788853645325,Jump,released
978.596,jump_peak_reached,350.331512451172,-670.936401367188,-180.0,39.8149261474609,jump_peak,x_350.331512451172_y_-670.936401367188
978.863,platform_landed,300.366333007812,-582.115539550781,-180.0,0.0,land_on_platform,platform_scene-1/Tile Map/16_-32_layer_Tile Map_tile_16_-32_source_1_atlas_14_6
978.863,landed,300.366333007812,-582.115539550781,-180.0,0.0,land,surface_wood_impact_1.26481518554687
978.871,sonification,300.366333007812,-582.115539550781,-180.0,0.0,osc_received,"value_[1, ""water-tube""]"
978.962,jump_input_pressed,286.004913330078,-582.704528808594,-180.0,37.037036895752,Jump,pressed
978.962,jump_executed,286.004913330078,-582.704528808594,-180.0,-500.0,jump,x_286.004913330078_y_-582.704528808594
979.214,jump_input_released,241.004913330078,-671.875854492188,-180.0,-194.166549682617,Jump,released
979.314,jump_peak_reached,223.004913330078,-676.667541503906,-180.0,41.2037048339844,jump_peak,x_223.004913330078_y_-676.667541503906
979.578,platform_landed,172.419509887695,-582.904907226562,-180.0,0.0,land_on_platform,platform_scene-1/Tile Map/9_-32_layer_Tile Map_tile_9_-32_source_1_atlas_14_6
979.579,landed,172.419509887695,-582.904907226562,-180.0,0.0,land,surface_wood_impact_1.2675927734375
979.579,sonification,172.419509887695,-582.904907226562,-180.0,0.0,osc_received,"value_[1, ""water-tube""]"
979.63,jump_input_pressed,166.438934326172,-582.975952148438,-180.0,0.0,Jump,pressed
979.63,jump_executed,166.438934326172,-582.975952148438,-180.0,-500.0,jump,x_166.438934326172_y_-582.975952148438
979.645,jump_peak_reached,163.419403076172,-591.364440917969,-180.0,-479.222198486328,jump_peak,x_163.419403076172_y_-591.364440917969
979.863,jump_input_released,124.419403076172,-668.6181640625,-180.0,-214.166549682617,Jump,released
980.196,coin_collected,83.586067199707,-607.622802734375,0.0,522.685241699219,collect_coin,coin_coin20_score_26
980.229,platform_landed,83.586067199707,-585.005798339844,0.0,0.0,land_on_platform,platform_scene-1/Tile Map/4_-32_layer_Tile Map_tile_4_-32_source_1_atlas_2_0
980.229,landed,83.586067199707,-585.005798339844,0.0,0.0,land,surface_wood_impact_1.2675927734375
980.754,move_left_pressed,83.586067199707,-585.005798339844,-33.3333320617676,0.0,Move_Left,pressed
980.82,jump_input_pressed,78.0305099487305,-585.005798339844,-166.666656494141,0.0,Jump,pressed
980.821,jump_executed,78.0305099487305,-585.005798339844,-166.666656494141,-500.0,jump,x_78.0305099487305_y_-585.005798339844
981.113,jump_peak_reached,27.2328395843506,-676.315490722656,-180.0,74.0740737915039,jump_peak,x_27.2328395843506_y_-676.315490722656
981.214,jump_input_released,9.23283958435059,-659.648864746094,-180.0,296.296295166016,Jump,released
981.271,platform_landed,-4.36914920806885,-636.05224609375,-96.6666641235352,0.0,land_on_platform,platform_scene-1/Tile Map/-1_-35_layer_Tile Map_tile_-1_-35_source_1_atlas_13_6
981.271,landed,-4.36914920806885,-636.05224609375,-96.6666641235352,0.0,land,surface_wood_impact_0.88888897705078
981.272,sonification,-4.36914920806885,-636.05224609375,-96.6666641235352,0.0,osc_received,"value_[1, ""water-tube""]"
981.596,move_right_pressed,-4.59136056900024,-636.060241699219,33.3333320617676,0.0,Move_Right,pressed
981.629,jump_input_pressed,-2.92469215393066,-636.060241699219,100.0,0.0,Jump,pressed
981.629,jump_executed,-2.92469215393066,-636.060241699219,100.0,-500.0,jump,x_-2.92469215393066_y_-636.060241699219
981.947,jump_input_released,23.1752815246582,-736.219482421875,150.0,-114.722114562988,Jump,released
982.048,jump_peak_reached,33.2586135864258,-741.011169433594,0.0,41.2037048339844,jump_peak,x_33.2586135864258_y_-741.011169433594
982.196,platform_landed,33.2586135864258,-711.0234375,0.0,0.0,land_on_platform,platform_scene-1/Tile Map/1_-39_layer_Tile Map_tile_1_-39_source_1_atlas_1_0
982.196,landed,33.2586135864258,-711.0234375,0.0,0.0,land,surface_wood_impact_0.74907415771484
982.781,move_left_pressed,33.2586135864258,-711.0234375,-33.3333320617676,0.0,Move_Left,pressed
982.781,jump_input_pressed,33.2586135864258,-711.0234375,-33.3333320617676,0.0,Jump,pressed
982.781,jump_executed,33.2586135864258,-711.0234375,-33.3333320617676,-500.0,jump,x_33.2586135864258_y_-711.0234375
983.146,jump_input_released,-0.92528295516968,-816.068054199219,-135.0,-55.722110748291,Jump,released
983.214,jump_peak_reached,-6.78639364242554,-817.699523925781,0.0,43.8149261474609,jump_peak,x_-6.78639364242554_y_-817.699523925781
983.315,platform_landed,-6.78639364242554,-801.010437011719,0.0,0.0,land_on_platform,platform_scene-1/Tile Map/-1_-44_layer_Tile Map_tile_-1_-44_source_1_atlas_3_0
983.315,landed,-6.78639364242554,-801.010437011719,0.0,0.0,land,surface_wood_impact_0.53207427978516
983.496,move_right_pressed,-6.78639364242554,-801.010437011719,33.3333320617676,0.0,Move_Right,pressed
983.515,jump_input_pressed,-6.23083782196045,-801.010437011719,66.6666641235352,0.0,Jump,pressed
983.515,jump_executed,-6.23083782196045,-801.010437011719,66.6666641235352,-500.0,jump,x_-6.23083782196045_y_-801.010437011719
983.863,jump_input_released,48.6655349731445,-904.789672851562,180.0,-75.3332214355469,Jump,released
983.945,jump_peak_reached,63.6655349731445,-907.595153808594,180.0,45.0371475219727,jump_peak,x_63.6655349731445_y_-907.595153808594
984.213,platform_landed,107.498870849609,-815.990051269531,0.0,0.0,land_on_platform,platform_scene-1/Tile Map/5_-45_layer_Tile Map_tile_5_-45_source_1_atlas_13_6
984.213,landed,107.498870849609,-815.990051269531,0.0,0.0,land,surface_wood_impact_1.27525964355469
984.214,sonification,107.498870849609,-815.990051269531,0.0,0.0,osc_received,"value_[1, ""water-tube""]"
984.313,move_right_pressed,107.498870849609,-815.990051269531,33.3333320617676,0.0,Move_Right,pressed
984.347,jump_input_pressed,109.164619445801,-816.048095703125,100.0,0.0,Jump,pressed
984.348,jump_executed,109.164619445801,-816.048095703125,100.0,-500.0,jump,x_109.164619445801_y_-816.048095703125
984.664,jump_input_released,161.918869018555,-916.259216308594,180.0,-114.722114562988,Jump,released
984.763,jump_peak_reached,179.918869018555,-921.050903320312,180.0,41.2037048339844,jump_peak,x_179.918869018555_y_-921.050903320312
985.048,platform_landed,211.752212524414,-819.005737304688,0.0,0.0,land_on_platform,platform_scene-1/Tile Map/11_-45_layer_Tile Map_tile_11_-45_source_1_atlas_14_7
985.048,landed,211.752212524414,-819.005737304688,0.0,0.0,land,surface_wood_impact_1.34166687011719
985.054,sonification,211.752212524414,-819.005737304688,0.0,0.0,osc_received,"value_[1, ""cloud""]"
985.431,move_right_pressed,211.752212524414,-819.005737304688,33.3333320617676,0.0,Move_Right,pressed
985.447,jump_input_pressed,212.307769775391,-819.005737304688,66.6666641235352,0.0,Jump,pressed
985.447,jump_executed,212.307769775391,-819.005737304688,66.6666641235352,-500.0,jump,x_212.307769775391_y_-819.005737304688
985.871,jump_peak_reached,282.204711914062,-925.894470214844,180.0,39.8149261474609,jump_peak,x_282.204711914062_y_-925.894470214844
985.914,jump_input_released,288.204711914062,-923.950012207031,180.0,113.889007568359,Jump,released
986.181,platform_landed,326.038055419922,-816.009948730469,0.0,0.0,land_on_platform,platform_scene-1/Tile Map/18_-45_layer_Tile Map_tile_18_-45_source_1_atlas_13_6
986.181,landed,326.038055419922,-816.009948730469,0.0,0.0,land,surface_wood_impact_1.41296337890625
986.181,sonification,326.038055419922,-816.009948730469,0.0,0.0,osc_received,"value_[1, ""water-tube""]"
986.304,move_right_pressed,326.038055419922,-816.009948730469,33.3333320617676,0.0,Move_Right,pressed
986.338,jump_input_pressed,327.704772949219,-816.06640625,100.0,0.0,Jump,pressed
986.338,jump_executed,327.704772949219,-816.06640625,100.0,-500.0,jump,x_327.704772949219_y_-816.06640625
986.77,jump_peak_reached,401.455902099609,-922.901000976562,180.0,39.8149261474609,jump_peak,x_401.455902099609_y_-922.901000976562
986.839,jump_input_released,413.455902099609,-916.54296875,96.6666641235352,187.963073730469,Jump,released
986.921,platform_landed,415.289245605469,-891.013916015625,0.0,0.0,land_on_platform,platform_scene-1/Tile Map/23_-49_layer_Tile Map_tile_23_-49_source_1_atlas_3_0
986.922,landed,415.289245605469,-891.013916015625,0.0,0.0,land,surface_wood_impact_0.74629656982422
986.938,move_left_pressed,415.289245605469,-891.013916015625,-33.3333320617676,0.0,Move_Left,pressed
987.013,jump_input_pressed,409.733032226562,-891.072509765625,-166.666656494141,0.0,Jump,pressed
987.013,jump_executed,409.733032226562,-891.072509765625,-166.666656494141,-500.0,jump,x_409.733032226562_y_-891.072509765625
987.321,jump_input_released,370.412353515625,-991.26318359375,-66.6666641235352,-114.722114562988,Jump,released
987.421,jump_peak_reached,369.301239013672,-996.054870605469,0.0,41.2037048339844,jump_peak,x_369.301239013672_y_-996.054870605469
987.546,move_right_pressed,369.301239013672,-978.284790039062,15.0,300.462982177734,Move_Right,pressed
987.588,platform_landed,371.664031982422,-961.066772460938,60.0,0.0,land_on_platform,platform_scene-1/Tile Map/20_-53_layer_Tile Map_tile_20_-53_source_1_atlas_14_6
987.588,landed,371.664031982422,-961.066772460938,60.0,0.0,land,surface_wood_impact_0.82314825439453
987.59,sonification,371.664031982422,-961.066772460938,60.0,0.0,osc_received,"value_[1, ""water-tube""]"
987.648,jump_input_pressed,375.330902099609,-961.038452148438,160.0,0.0,Jump,pressed
987.649,jump_executed,375.330902099609,-961.038452148438,160.0,-500.0,jump,x_375.330902099609_y_-961.038452148438
987.987,jump_input_released,437.916381835938,-1064.76831054688,180.0,-75.3332214355469,Jump,released
988.071,jump_peak_reached,452.916381835938,-1067.57385253906,180.0,45.0371475219727,jump_peak,x_452.916381835938_y_-1067.57385253906
988.304,coin_collected,466.749725341797,-1000.89233398438,0.0,526.518676757812,collect_coin,coin_coin21_score_28
988.347,platform_landed,466.749725341797,-981.012451171875,0.0,0.0,land_on_platform,platform_scene-1/Tile Map/25_-54_layer_Tile Map_tile_25_-54_source_1_atlas_1_0
988.348,landed,466.749725341797,-981.012451171875,0.0,0.0,land,surface_wood_impact_1.27525964355469
988.487,move_right_pressed,466.749725341797,-981.012451171875,33.3333320617676,0.0,Move_Right,pressed
988.555,jump_input_pressed,472.305267333984,-981.067810058594,166.666656494141,0.0,Jump,pressed
988.555,jump_executed,472.305267333984,-981.067810058594,166.666656494141,-500.0,jump,x_472.305267333984_y_-981.067810058594
988.562,musicking,475.085174560547,-989.408508300781,166.666656494141,-500.055541992188,osc_received,"value_[1, ""chain-jumps-combo-walk""]"
988.989,jump_peak_reached,550.085205078125,-1087.90283203125,180.0,39.8149261474609,jump_peak,x_550.085205078125_y_-1087.90283203125
989.079,jump_input_released,565.085205078125,-1078.412109375,180.0,225.000106811523,Jump,released
989.187,platform_landed,589.086486816406,-1032.05236816406,180.0,0.0,land_on_platform,platform_scene-1/Tile Map/32_-57_layer_Tile Map_tile_32_-57_source_1_atlas_13_6
989.188,landed,589.086486816406,-1032.05236816406,180.0,0.0,land,surface_wood_impact_0.96851885986328
989.196,sonification,589.086486816406,-1032.05236816406,180.0,0.0,osc_received,"value_[1, ""water-tube""]"
989.287,jump_input_pressed,603.503540039062,-1033.18383789062,180.0,0.0,Jump,pressed
989.288,jump_executed,603.503540039062,-1033.18383789062,180.0,-500.0,jump,x_603.503540039062_y_-1033.18383789062
989.505,jump_input_released,639.276306152344,-1114.83178710938,180.0,-234.222106933594,Jump,released
989.612,jump_peak_reached,647.109619140625,-1119.62341308594,0.0,41.2037048339844,jump_peak,x_647.109619140625_y_-1119.62341308594
989.756,platform_landed,647.109619140625,-1089.00170898438,0.0,0.0,land_on_platform,platform_scene-1/Tile Map/35_-60_layer_Tile Map_tile_35_-60_source_1_atlas_1_0
989.756,landed,647.109619140625,-1089.00170898438,0.0,0.0,land,surface_wood_impact_0.74907415771484
989.78,move_left_pressed,647.109619140625,-1089.00170898438,-33.3333320617676,0.0,Move_Left,pressed
989.88,jump_input_pressed,635.776306152344,-1089.00170898438,-180.0,0.0,Jump,pressed
989.88,jump_executed,635.776306152344,-1089.00170898438,-180.0,-500.0,jump,x_635.776306152344_y_-1089.00170898438
990.213,jump_input_released,575.755737304688,-1191.17932128906,-180.0,-94.9998931884766,Jump,released
990.313,jump_peak_reached,557.755737304688,-1195.47094726562,-180.0,46.2038116455078,jump_peak,x_557.755737304688_y_-1195.47094726562
990.513,platform_landed,549.922424316406,-1143.02990722656,0.0,0.0,land_on_platform,platform_scene-1/Tile Map/30_-63_layer_Tile Map_tile_30_-63_source_1_atlas_1_0
990.513,landed,549.922424316406,-1143.02990722656,0.0,0.0,land,surface_wood_impact_0.98129663085938
990.655,jump_input_pressed,549.922424316406,-1143.02990722656,0.0,0.0,Jump,pressed
990.655,jump_executed,549.922424316406,-1143.02990722656,0.0,-500.0,jump,x_549.922424316406_y_-1143.02990722656
990.688,move_left_pressed,549.922424316406,-1159.39306640625,-15.0,-458.499969482422,Move_Left,pressed
991.071,jump_input_released,497.422424316406,-1249.94482421875,-180.0,2.77788853645325,Jump,released
991.087,jump_peak_reached,494.422424316406,-1249.89855957031,-180.0,39.8149261474609,jump_peak,x_494.422424316406_y_-1249.89855957031
991.289,platform_landed,486.589080810547,-1197.00170898438,0.0,0.0,land_on_platform,platform_scene-1/Tile Map/26_-66_layer_Tile Map_tile_26_-66_source_1_atlas_1_0
991.289,landed,486.589080810547,-1197.00170898438,0.0,0.0,land,surface_wood_impact_0.96851885986328
991.472,move_left_pressed,486.589080810547,-1197.00170898438,-33.3333320617676,0.0,Move_Left,pressed
991.505,jump_input_pressed,484.921997070312,-1197.06665039062,-100.0,0.0,Jump,pressed
991.505,jump_executed,484.921997070312,-1197.06665039062,-100.0,-500.0,jump,x_484.921997070312_y_-1197.06665039062
991.937,jump_peak_reached,411.170501708984,-1303.90307617188,-180.0,39.8149261474609,jump_peak,x_411.170501708984_y_-1303.90307617188
992.147,jump_input_released,375.170501708984,-1255.19934082031,-180.0,484.259429931641,Jump,released
992.271,platform_landed,361.337158203125,-1161.03686523438,0.0,0.0,land_on_platform,platform_scene-1/Tile Map/20_-64_layer_Tile Map_tile_20_-64_source_1_atlas_15_7
992.271,landed,361.337158203125,-1161.03686523438,0.0,0.0,land,surface_wood_impact_1.56111157226563
992.272,sonification,361.337158203125,-1161.03686523438,0.0,0.0,osc_received,"value_[1, ""cloud""]"
992.689,move_left_pressed,361.337158203125,-1161.03686523438,-33.3333320617676,0.0,Move_Left,pressed
992.689,jump_input_pressed,361.337158203125,-1161.03686523438,-33.3333320617676,0.0,Jump,pressed
992.69,jump_executed,361.337158203125,-1161.03686523438,-33.3333320617676,-500.0,jump,x_361.337158203125_y_-1161.03686523438
992.714,jump_peak_reached,360.779144287109,-1169.40795898438,-48.3333320617676,-479.222198486328,jump_peak,x_360.779144287109_y_-1169.40795898438
992.871,jump_input_released,341.529266357422,-1233.90795898438,-180.0,-274.499877929688,Jump,released
993.19,platform_landed,333.695922851562,-1179.00378417969,0.0,0.0,land_on_platform,platform_scene-1/Tile Map/18_-65_layer_Tile Map_tile_18_-65_source_1_atlas_3_0
993.19,landed,333.695922851562,-1179.00378417969,0.0,0.0,land,surface_wood_impact_1.04537048339844
993.381,move_left_pressed,333.695922851562,-1179.00378417969,-33.3333320617676,0.0,Move_Left,pressed
993.555,jump_input_pressed,307.362609863281,-1179.06652832031,-180.0,0.0,Jump,pressed
993.555,jump_executed,307.362609863281,-1179.06652832031,-180.0,-500.0,jump,x_307.362609863281_y_-1179.06652832031
993.987,jump_peak_reached,229.360015869141,-1285.90246582031,-180.0,39.8149261474609,jump_peak,x_229.360015869141_y_-1285.90246582031
994.147,jump_input_released,202.360015869141,-1257.7080078125,-180.0,373.148284912109,Jump,released
994.256,platform_landed,185.526672363281,-1197.01147460938,0.0,0.0,land_on_platform,platform_scene-1/Tile Map/10_-66_layer_Tile Map_tile_10_-66_source_1_atlas_3_0
994.256,landed,185.526672363281,-1197.01147460938,0.0,0.0,land,surface_wood_impact_1.26481518554687
994.42,move_left_pressed,185.526672363281,-1197.01147460938,-33.3333320617676,0.0,Move_Left,pressed
994.42,jump_input_pressed,185.526672363281,-1197.01147460938,-33.3333320617676,0.0,Jump,pressed
994.42,jump_executed,185.526672363281,-1197.01147460938,-33.3333320617676,-500.0,jump,x_185.526672363281_y_-1197.01147460938
994.838,jump_input_released,123.717376708984,-1303.94226074219,-180.0,2.77788853645325,Jump,released
994.855,jump_peak_reached,120.717376708984,-1303.89599609375,-180.0,39.8149261474609,jump_peak,x_120.717376708984_y_-1303.89599609375
995.021,platform_landed,115.88404083252,-1269.01513671875,0.0,0.0,land_on_platform,platform_scene-1/Tile Map/6_-70_layer_Tile Map_tile_6_-70_source_1_atlas_1_0
995.021,landed,115.88404083252,-1269.01513671875,0.0,0.0,land,surface_wood_impact_0.82037066650391
995.414,move_right_pressed,115.88404083252,-1269.01513671875,33.3333320617676,0.0,Move_Right,pressed
995.504,jump_input_pressed,127.217376708984,-1269.01513671875,180.0,0.0,Jump,pressed
995.504,jump_executed,127.217376708984,-1269.01513671875,180.0,-500.0,jump,x_127.217376708984_y_-1269.01513671875
995.946,jump_peak_reached,205.235916137695,-1375.89526367188,180.0,39.8149261474609,jump_peak,x_205.235916137695_y_-1375.89526367188
996.022,jump_input_released,220.235916137695,-1366.40454101562,180.0,225.000106811523,Jump,released
996.087,coin_collected,225.069259643555,-1347.70080566406,0.0,336.111236572266,collect_coin,coin_coin22_score_30
996.114,platform_landed,225.069259643555,-1338.01000976562,0.0,0.0,land_on_platform,platform_scene-1/Tile Map/12_-74_layer_Tile Map_tile_12_-74_source_1_atlas_13_6
996.114,landed,225.069259643555,-1338.01000976562,0.0,0.0,land,surface_wood_impact_0.82037066650391
996.115,sonification,225.069259643555,-1338.01000976562,0.0,0.0,osc_received,"value_[1, ""water-tube""]"
996.446,move_left_pressed,225.069259643555,-1338.01000976562,-33.3333320617676,0.0,Move_Left,pressed
996.603,jump_input_pressed,202.337875366211,-1339.03747558594,-180.0,0.0,Jump,pressed
996.603,jump_executed,202.337875366211,-1339.03747558594,-180.0,-500.0,jump,x_202.337875366211_y_-1339.03747558594
997.037,jump_peak_reached,124.335494995117,-1445.87268066406,-180.0,39.8149261474609,jump_peak,x_124.335494995117_y_-1445.87268066406
997.037,jump_input_released,124.335494995117,-1445.87268066406,-180.0,39.8149261474609,Jump,released
997.321,coin_collected,73.3354949951172,-1350.64111328125,-180.0,632.407592773438,collect_coin,coin_coin23_score_32
997.347,platform_landed,67.348747253418,-1338.05310058594,-180.0,0.0,land_on_platform,platform_scene-1/Tile Map/3_-74_layer_Tile Map_tile_3_-74_source_1_atlas_13_6
997.347,landed,67.348747253418,-1338.05310058594,-180.0,0.0,land,surface_wood_impact_1.41296337890625
997.349,sonification,67.348747253418,-1338.05310058594,-180.0,0.0,osc_received,"value_[1, ""water-tube""]"
997.848,move_right_pressed,56.5154495239258,-1338.06677246094,33.3333320617676,0.0,Move_Right,pressed
998.105,jump_input_pressed,97.7659225463867,-1338.25964355469,180.0,0.0,Jump,pressed
998.105,jump_executed,97.7659225463867,-1338.25964355469,180.0,-500.0,jump,x_97.7659225463867_y_-1338.25964355469
998.537,jump_peak_reached,175.767791748047,-1445.09350585938,180.0,39.8149261474609,jump_peak,x_175.767791748047_y_-1445.09350585938
998.787,jump_input_released,220.767791748047,-1370.32495117188,180.0,595.370544433594,Jump,released
998.838,platform_landed,232.78141784668,-1338.04858398438,180.0,0.0,land_on_platform,platform_scene-1/Tile Map/12_-74_layer_Tile Map_tile_12_-74_source_1_atlas_13_6
998.838,landed,232.78141784668,-1338.04858398438,180.0,0.0,land,surface_wood_impact_1.41296337890625
998.839,sonification,232.78141784668,-1338.04858398438,180.0,0.0,osc_received,"value_[1, ""water-tube""]"
1002.554,jump_input_pressed,898.781555175781,-1338.04858398438,180.0,0.0,Jump,pressed
1002.555,jump_executed,898.781555175781,-1338.04858398438,180.0,-500.0,jump,x_898.781555175781_y_-1338.04858398438
1002.655,jump_input_released,916.783935546875,-1382.89868164062,180.0,-376.166595458984,Jump,released
1002.755,jump_peak_reached,934.783935546875,-1387.69030761719,180.0,41.2037048339844,jump_peak,x_934.783935546875_y_-1387.69030761719
1002.956,platform_landed,973.794860839844,-1338.04406738281,180.0,0.0,land_on_platform,platform_scene-1/Tile Map/54_-74_layer_Tile Map_tile_54_-74_source_1_atlas_13_6
1002.956,landed,973.794860839844,-1338.04406738281,180.0,0.0,land,surface_wood_impact_0.97129644775391
1002.962,sonification,973.794860839844,-1338.04406738281,180.0,0.0,osc_received,"value_[1, ""water-tube""]"
1003.088,jump_input_pressed,994.794860839844,-1338.04406738281,180.0,0.0,Jump,pressed
1003.088,jump_executed,994.794860839844,-1338.04406738281,180.0,-500.0,jump,x_994.794860839844_y_-1338.04406738281
1003.204,jump_input_released,1015.80261230469,-1389.18505859375,180.0,-355.722137451172,Jump,released
1003.304,jump_peak_reached,1033.80261230469,-1393.97668457031,180.0,41.2037048339844,jump_peak,x_1033.80261230469_y_-1393.97668457031
1003.504,platform_landed,1037.92529296875,-1338.02355957031,0.0,0.0,land_on_platform,platform_scene-1/Tile Map/57_-74_layer_Tile Map_tile_57_-74_source_1_atlas_13_6
1003.504,landed,1037.92529296875,-1338.02355957031,0.0,0.0,land,surface_wood_impact_0.97129644775391
1003.505,sonification,1037.92529296875,-1338.02355957031,0.0,0.0,osc_received,"value_[1, ""water-tube""]"
1003.821,move_left_pressed,1037.92529296875,-1338.02355957031,-33.3333320617676,0.0,Move_Left,pressed
1005.679,jump_input_pressed,711.586181640625,-1338.05859375,-180.0,0.0,Jump,pressed
1005.679,jump_executed,711.586181640625,-1338.05859375,-180.0,-500.0,jump,x_711.586181640625_y_-1338.05859375
1006.071,jump_input_released,639.584106445312,-1444.63830566406,-180.0,-16.6665554046631,Jump,released
1006.105,jump_peak_reached,633.584106445312,-1444.8466796875,-96.6666641235352,41.2038154602051,jump_peak,x_633.584106445312_y_-1444.8466796875
1006.205,platform_landed,631.750793457031,-1428.01989746094,0.0,0.0,land_on_platform,platform_scene-1/Tile Map/35_-79_layer_Tile Map_tile_35_-79_source_1_atlas_14_6
1006.205,landed,631.750793457031,-1428.01989746094,0.0,0.0,land,surface_wood_impact_0.52685205078125
1006.205,sonification,631.750793457031,-1428.01989746094,0.0,0.0,osc_received,"value_[1, ""water-tube""]"
1006.671,move_left_pressed,631.750793457031,-1428.01989746094,-33.3333320617676,0.0,Move_Left,pressed
1006.687,jump_input_pressed,631.195373535156,-1428.07067871094,-66.6666641235352,0.0,Jump,pressed
1006.687,jump_executed,631.195373535156,-1428.07067871094,-66.6666641235352,-500.0,jump,x_631.195373535156_y_-1428.07067871094
1006.904,jump_peak_reached,599.947937011719,-1490.68212890625,-180.0,48.9055023193359,jump_peak,x_599.947937011719_y_-1490.68212890625
1007.063,move_right_pressed,569.947937011719,-1454.75341796875,-96.6666641235352,419.275909423828,Move_Right,pressed
1007.129,jump_input_released,568.420166015625,-1423.09790039062,31.6666679382324,567.424072265625,Jump,released
1007.246,platform_landed,568.947937011719,-1338.01525878906,0.0,0.0,land_on_platform,platform_scene-1/Tile Map/31_-74_layer_Tile Map_tile_31_-74_source_1_atlas_13_6
1007.246,landed,568.947937011719,-1338.01525878906,0.0,0.0,land,surface_wood_impact_1.65336682128906
1007.247,sonification,568.947937011719,-1338.01525878906,0.0,0.0,osc_received,"value_[1, ""water-tube""]"
1007.647,move_left_pressed,568.947937011719,-1338.01525878906,-33.3333320617676,0.0,Move_Left,pressed
1008.496,jump_input_pressed,422.61474609375,-1338.04968261719,-180.0,0.0,Jump,pressed
1008.496,jump_executed,422.61474609375,-1338.04968261719,-180.0,-500.0,jump,x_422.61474609375_y_-1338.04968261719
1008.863,jump_input_released,356.609893798828,-1443.06225585938,-180.0,-55.722110748291,Jump,released
1008.93,jump_peak_reached,344.609893798828,-1444.69372558594,-96.6666641235352,43.8149261474609,jump_peak,x_344.609893798828_y_-1444.69372558594
1009.029,platform_landed,342.776550292969,-1428.00463867188,0.0,0.0,land_on_platform,platform_scene-1/Tile Map/18_-79_layer_Tile Map_tile_18_-79_source_1_atlas_14_6
1009.03,landed,342.776550292969,-1428.00463867188,0.0,0.0,land,surface_wood_impact_0.53207427978516
1009.03,sonification,342.776550292969,-1428.00463867188,0.0,0.0,osc_received,"value_[1, ""water-tube""]"
1009.129,move_left_pressed,342.776550292969,-1428.00463867188,-33.3333320617676,0.0,Move_Left,pressed
1009.148,jump_input_pressed,342.220306396484,-1428.07006835938,-66.6666641235352,0.0,Jump,pressed
1009.149,jump_executed,342.220306396484,-1428.07006835938,-66.6666641235352,-500.0,jump,x_342.220306396484_y_-1428.07006835938
1009.579,jump_peak_reached,272.330444335938,-1534.90576171875,-180.0,39.8149261474609,jump_peak,x_272.330444335938_y_-1534.90576171875
1009.682,jump_input_released,254.330444335938,-1521.6650390625,-96.6666641235352,262.037139892578,Jump,released
1009.78,platform_landed,252.497100830078,-1482.82861328125,0.0,0.0,land_on_platform,platform_scene-1/Tile Map/13_-82_layer_Tile Map_tile_13_-82_source_1_atlas_14_6
1009.78,landed,252.497100830078,-1482.82861328125,0.0,0.0,land,surface_wood_impact_0.96851885986328
1009.781,sonification,252.497100830078,-1482.82861328125,0.0,0.0,osc_received,"value_[1, ""water-tube""]"
1010.215,move_right_pressed,252.497100830078,-1482.82861328125,33.3333320617676,0.0,Move_Right,pressed
1010.23,jump_input_pressed,253.066177368164,-1482.67822265625,66.6666641235352,0.0,Jump,pressed
1010.23,jump_executed,253.066177368164,-1482.67822265625,66.6666641235352,-500.0,jump,x_253.066177368164_y_-1482.67822265625
1010.663,jump_peak_reached,322.964752197266,-1589.57934570312,180.0,39.8149261474609,jump_peak,x_322.964752197266_y_-1589.57934570312
1010.747,jump_input_released,336.575866699219,-1580.08862304688,13.3333311080933,225.000106811523,Jump,released
1010.863,platform_landed,336.798095703125,-1536.05187988281,0.0,0.0,land_on_platform,platform_scene-1/Tile Map/18_-85_layer_Tile Map_tile_18_-85_source_1_atlas_14_6
1010.863,landed,336.798095703125,-1536.05187988281,0.0,0.0,land,surface_wood_impact_0.96851885986328
1010.864,sonification,336.798095703125,-1536.05187988281,0.0,0.0,osc_received,"value_[1, ""water-tube""]"
1010.981,move_left_pressed,336.798095703125,-1536.05187988281,-33.3333320617676,0.0,Move_Left,pressed
1011.03,jump_input_pressed,333.875640869141,-1537.07287597656,-133.33332824707,0.0,Jump,pressed
1011.03,jump_executed,333.875640869141,-1537.07287597656,-133.33332824707,-500.0,jump,x_333.875640869141_y_-1537.07287597656
1011.462,jump_peak_reached,257.486724853516,-1643.90148925781,-180.0,39.8149261474609,jump_peak,x_257.486724853516_y_-1643.90148925781
1011.562,jump_input_released,239.486724853516,-1630.66076660156,-180.0,262.037139892578,Jump,released
1011.662,platform_landed,234.653381347656,-1590.02722167969,0.0,0.0,land_on_platform,platform_scene-1/Tile Map/12_-88_layer_Tile Map_tile_12_-88_source_1_atlas_14_6
1011.662,landed,234.653381347656,-1590.02722167969,0.0,0.0,land,surface_wood_impact_0.96851885986328
1011.663,sonification,234.653381347656,-1590.02722167969,0.0,0.0,osc_received,"value_[1, ""water-tube""]"
1011.748,move_right_pressed,234.653381347656,-1590.02722167969,33.3333320617676,0.0,Move_Right,pressed
1011.829,jump_input_pressed,242.659149169922,-1590.73291015625,180.0,0.0,Jump,pressed
1011.829,jump_executed,242.659149169922,-1590.73291015625,180.0,-500.0,jump,x_242.659149169922_y_-1590.73291015625
1012.262,jump_peak_reached,320.659149169922,-1697.5615234375,180.0,39.8149261474609,jump_peak,x_320.659149169922_y_-1697.5615234375
1012.314,jump_input_released,329.659149169922,-1693.71887207031,96.6666641235352,150.926040649414,Jump,released
1012.463,platform_landed,331.492492675781,-1645.01147460938,0.0,0.0,land_on_platform,platform_scene-1/Tile Map/18_-91_layer_Tile Map_tile_18_-91_source_1_atlas_14_6
1012.464,landed,331.492492675781,-1645.01147460938,0.0,0.0,land,surface_wood_impact_0.96851885986328
1012.464,sonification,331.492492675781,-1645.01147460938,0.0,0.0,osc_received,"value_[1, ""water-tube""]"
1012.546,move_left_pressed,331.492492675781,-1645.01147460938,-33.3333320617676,0.0,Move_Left,pressed
1012.629,jump_input_pressed,323.148895263672,-1644.89819335938,-180.0,37.037036895752,Jump,pressed
1012.629,jump_executed,323.148895263672,-1644.89819335938,-180.0,-500.0,jump,x_323.148895263672_y_-1644.89819335938
1013.063,jump_peak_reached,245.148895263672,-1751.72680664062,-180.0,39.8149261474609,jump_peak,x_245.148895263672_y_-1751.72680664062
1013.079,jump_input_released,242.148895263672,-1751.06323242188,-180.0,76.8519668579102,Jump,released
1013.263,platform_landed,228.315551757812,-1698.16784667969,0.0,0.0,land_on_platform,platform_scene-1/Tile Map/12_-94_layer_Tile Map_tile_12_-94_source_1_atlas_14_6
1013.263,landed,228.315551757812,-1698.16784667969,0.0,0.0,land,surface_wood_impact_0.96851885986328
1013.271,sonification,228.315551757812,-1698.16784667969,0.0,0.0,osc_received,"value_[1, ""water-tube""]"
1013.33,move_right_pressed,228.315551757812,-1698.16784667969,33.3333320617676,0.0,Move_Right,pressed
1013.415,jump_input_pressed,236.671142578125,-1698.07739257812,180.0,0.0,Jump,pressed
1013.415,jump_executed,236.671142578125,-1698.07739257812,180.0,-500.0,jump,x_236.671142578125_y_-1698.07739257812
1013.846,jump_peak_reached,314.673400878906,-1804.91223144531,180.0,39.8149261474609,jump_peak,x_314.673400878906_y_-1804.91223144531
1013.915,jump_input_released,326.673400878906,-1798.55419921875,180.0,187.963073730469,Jump,released
1014.048,platform_landed,331.506744384766,-1752.99267578125,0.0,0.0,land_on_platform,platform_scene-1/Tile Map/18_-97_layer_Tile Map_tile_18_-97_source_1_atlas_14_6
1014.049,landed,331.506744384766,-1752.99267578125,0.0,0.0,land,surface_wood_impact_0.96851885986328
1014.049,sonification,331.506744384766,-1752.99267578125,0.0,0.0,osc_received,"value_[1, ""water-tube""]"
1014.15,move_right_pressed,331.506744384766,-1752.99267578125,33.3333320617676,0.0,Move_Right,pressed
1014.163,jump_input_pressed,332.062103271484,-1753.04943847656,66.6666641235352,0.0,Jump,pressed
1014.163,jump_executed,332.062103271484,-1753.04943847656,66.6666641235352,-500.0,jump,x_332.062103271484_y_-1753.04943847656
1014.281,jump_peak_reached,341.434539794922,-1792.53955078125,42.4932556152344,78.0982131958008,jump_peak,x_341.434539794922_y_-1792.53955078125
1014.43,platform_landed,359.801025390625,-1753.02319335938,177.493255615234,0.0,land_on_platform,platform_scene-1/Tile Map/19_-97_layer_Tile Map_tile_19_-97_source_1_atlas_14_6
1014.43,landed,359.801025390625,-1753.02319335938,177.493255615234,0.0,land,surface_wood_impact_0.82286315917969
1014.43,sonification,359.801025390625,-1753.02319335938,177.493255615234,0.0,osc_received,"value_[1, ""water-tube""]"
1014.53,jump_input_released,373.412139892578,-1746.85034179688,13.3333311080933,185.185180664062,Jump,released
1015.063,platform_landed,373.634368896484,-1338.07568359375,0.0,0.0,land_on_platform,platform_scene-1/Tile Map/20_-74_layer_Tile Map_tile_20_-74_source_1_atlas_13_6
1015.063,landed,373.634368896484,-1338.07568359375,0.0,0.0,land,surface_wood_impact_2.740740234375
1015.064,sonification,373.634368896484,-1338.07568359375,0.0,0.0,osc_received,"value_[1, ""water-tube""]"
1015.514,move_left_pressed,373.634368896484,-1337.98974609375,-33.3333320617676,0.0,Move_Left,pressed
1016.147,move_right_pressed,266.301116943359,-1338.05249023438,-96.6666641235352,0.0,Move_Right,pressed
1016.181,jump_input_pressed,264.690002441406,-1338.05249023438,33.3333320617676,0.0,Jump,pressed
1016.181,jump_executed,264.690002441406,-1338.05249023438,33.3333320617676,-500.0,jump,x_264.690002441406_y_-1338.05249023438
1016.614,jump_peak_reached,329.496002197266,-1444.8896484375,180.0,39.8149261474609,jump_peak,x_329.496002197266_y_-1444.8896484375
1016.663,jump_input_released,338.496002197266,-1441.04699707031,96.6666641235352,150.926040649414,Jump,released
1016.713,platform_landed,340.329345703125,-1428.04077148438,0.0,0.0,land_on_platform,platform_scene-1/Tile Map/18_-79_layer_Tile Map_tile_18_-79_source_1_atlas_14_6
1016.714,landed,340.329345703125,-1428.04077148438,0.0,0.0,land,surface_wood_impact_0.52407427978516
1016.714,sonification,340.329345703125,-1428.04077148438,0.0,0.0,osc_received,"value_[1, ""water-tube""]"
1016.781,move_left_pressed,340.329345703125,-1428.04077148438,-33.3333320617676,0.0,Move_Left,pressed
1016.831,jump_input_pressed,336.996551513672,-1428.10437011719,-133.33332824707,0.0,Jump,pressed
1016.831,jump_executed,336.996551513672,-1428.10437011719,-133.33332824707,-500.0,jump,x_336.996551513672_y_-1428.10437011719
1017.262,jump_peak_reached,260.604339599609,-1534.94543457031,-180.0,39.8149261474609,jump_peak,x_260.604339599609_y_-1534.94543457031
1017.363,jump_input_released,242.604339599609,-1521.70471191406,-180.0,262.037139892578,Jump,released
1017.463,platform_landed,237.77099609375,-1482.04858398438,0.0,0.0,land_on_platform,platform_scene-1/Tile Map/13_-82_layer_Tile Map_tile_13_-82_source_1_atlas_14_6
1017.463,landed,237.77099609375,-1482.04858398438,0.0,0.0,land,surface_wood_impact_0.96851885986328
1017.463,sonification,237.77099609375,-1482.04858398438,0.0,0.0,osc_received,"value_[1, ""water-tube""]"
1017.496,move_right_pressed,237.77099609375,-1482.04858398438,33.3333320617676,0.0,Move_Right,pressed
1017.579,jump_input_pressed,245.661117553711,-1483.17541503906,180.0,0.0,Jump,pressed
1017.579,jump_executed,245.661117553711,-1483.17541503906,180.0,-500.0,jump,x_245.661117553711_y_-1483.17541503906
1018.014,jump_peak_reached,323.6611328125,-1590.00402832031,180.0,39.8149261474609,jump_peak,x_323.6611328125_y_-1590.00402832031
1018.063,jump_input_released,332.6611328125,-1586.16137695312,180.0,150.926040649414,Jump,released
1018.213,platform_landed,337.494476318359,-1536.06677246094,0.0,0.0,land_on_platform,platform_scene-1/Tile Map/18_-85_layer_Tile Map_tile_18_-85_source_1_atlas_14_6
1018.214,landed,337.494476318359,-1536.06677246094,0.0,0.0,land,surface_wood_impact_0.96851885986328
1018.215,sonification,337.494476318359,-1536.06677246094,0.0,0.0,osc_received,"value_[1, ""water-tube""]"
1018.229,move_left_pressed,337.494476318359,-1536.06677246094,-33.3333320617676,0.0,Move_Left,pressed
1018.329,jump_input_pressed,326.554077148438,-1536.96081542969,-180.0,0.0,Jump,pressed
1018.329,jump_executed,326.554077148438,-1536.96081542969,-180.0,-500.0,jump,x_326.554077148438_y_-1536.96081542969
1018.729,jump_input_released,254.531494140625,-1643.59753417969,-180.0,-16.6665554046631,Jump,released
1018.763,jump_peak_reached,248.531494140625,-1643.80590820312,-96.6666641235352,41.2038154602051,jump_peak,x_248.531494140625_y_-1643.80590820312
1018.963,platform_landed,246.698150634766,-1590.99865722656,0.0,0.0,land_on_platform,platform_scene-1/Tile Map/13_-88_layer_Tile Map_tile_13_-88_source_1_atlas_14_6
1018.963,landed,246.698150634766,-1590.99865722656,0.0,0.0,land,surface_wood_impact_0.97129663085938
1018.963,sonification,246.698150634766,-1590.99865722656,0.0,0.0,osc_received,"value_[1, ""water-tube""]"
1019.362,move_right_pressed,246.698150634766,-1590.99865722656,33.3333320617676,0.0,Move_Right,pressed
1019.38,jump_input_pressed,247.253860473633,-1591.04650878906,66.6666641235352,0.0,Jump,pressed
1019.38,jump_executed,247.253860473633,-1591.04650878906,66.6666641235352,-500.0,jump,x_247.253860473633_y_-1591.04650878906
1019.813,jump_peak_reached,317.1435546875,-1697.88110351562,180.0,39.8149261474609,jump_peak,x_317.1435546875_y_-1697.88110351562
1019.946,jump_input_released,341.1435546875,-1675.28845214844,96.6666641235352,336.111236572266,Jump,released
1020.015,platform_landed,342.976898193359,-1644.0068359375,0.0,0.0,land_on_platform,platform_scene-1/Tile Map/18_-91_layer_Tile Map_tile_18_-91_source_1_atlas_14_6
1020.015,landed,342.976898193359,-1644.0068359375,0.0,0.0,land,surface_wood_impact_0.96851885986328
1020.021,sonification,342.976898193359,-1644.0068359375,0.0,0.0,osc_received,"value_[1, ""water-tube""]"
1020.162,move_left_pressed,342.976898193359,-1644.0068359375,-33.3333320617676,0.0,Move_Left,pressed
1020.213,jump_input_pressed,339.643676757812,-1644.08349609375,-133.33332824707,0.0,Jump,pressed
1020.213,jump_executed,339.643676757812,-1644.08349609375,-133.33332824707,-500.0,jump,x_339.643676757812_y_-1644.08349609375
1020.646,jump_peak_reached,263.25146484375,-1750.92456054688,-180.0,39.8149261474609,jump_peak,x_263.25146484375_y_-1750.92456054688
1020.782,jump_input_released,239.25146484375,-1728.33190917969,-180.0,336.111236572266,Jump,released
1020.849,platform_landed,234.418121337891,-1698.02770996094,0.0,0.0,land_on_platform,platform_scene-1/Tile Map/12_-94_layer_Tile Map_tile_12_-94_source_1_atlas_14_6
1020.849,landed,234.418121337891,-1698.02770996094,0.0,0.0,land,surface_wood_impact_0.96851885986328
1020.849,sonification,234.418121337891,-1698.02770996094,0.0,0.0,osc_received,"value_[1, ""water-tube""]"
1020.946,move_right_pressed,234.418121337891,-1698.02770996094,33.3333320617676,0.0,Move_Right,pressed
1020.979,jump_input_pressed,236.084884643555,-1698.07141113281,100.0,0.0,Jump,pressed
1020.979,jump_executed,236.084884643555,-1698.07141113281,100.0,-500.0,jump,x_236.084884643555_y_-1698.07141113281
1021.413,jump_peak_reached,309.836486816406,-1804.90795898438,180.0,39.8149261474609,jump_peak,x_309.836486816406_y_-1804.90795898438
1021.549,jump_input_released,333.836486816406,-1782.31530761719,180.0,336.111236572266,Jump,released
1021.614,platform_landed,338.669830322266,-1752.04260253906,0.0,0.0,land_on_platform,platform_scene-1/Tile Map/18_-97_layer_Tile Map_tile_18_-97_source_1_atlas_14_6
1021.614,landed,338.669830322266,-1752.04260253906,0.0,0.0,land,surface_wood_impact_0.96851885986328
1021.615,sonification,338.669830322266,-1752.04260253906,0.0,0.0,osc_received,"value_[1, ""water-tube""]"
1022.649,jump_input_pressed,338.669830322266,-1752.04260253906,0.0,0.0,Jump,pressed
1022.649,jump_executed,338.669830322266,-1752.04260253906,0.0,-500.0,jump,x_338.669830322266_y_-1752.04260253906
1022.697,move_left_pressed,338.669830322266,-1776.06567382812,-15.0,-437.833282470703,Move_Left,pressed
1022.93,move_right_pressed,311.168090820312,-1846.39660644531,-96.6666641235352,-154.333221435547,Move_Right,pressed
1023.079,jump_peak_reached,311.834747314453,-1857.88354492188,75.0,39.8149261474609,jump_peak,x_311.834747314453_y_-1857.88354492188
1023.33,jump_input_released,336.675262451172,-1783.16442871094,45.0,595.370544433594,Jump,released
1023.363,platform_landed,337.425262451172,-1752.04516601562,0.0,0.0,land_on_platform,platform_scene-1/Tile Map/18_-97_layer_Tile Map_tile_18_-97_source_1_atlas_14_6
1023.363,landed,337.425262451172,-1752.04516601562,0.0,0.0,land,surface_wood_impact_1.33888928222656
1023.371,sonification,337.425262451172,-1752.04516601562,0.0,0.0,osc_received,"value_[1, ""water-tube""]"
1024.365,jump_input_pressed,337.425262451172,-1752.04516601562,0.0,0.0,Jump,pressed
1024.365,jump_executed,337.425262451172,-1752.04516601562,0.0,-500.0,jump,x_337.425262451172_y_-1752.04516601562
1024.38,jump_peak_reached,337.425262451172,-1760.44128417969,0.0,-479.222198486328,jump_peak,x_337.425262451172_y_-1760.44128417969
1024.564,move_right_pressed,334.269500732422,-1827.72875976562,15.0,-254.333206176758,Move_Right,pressed
1024.747,jump_input_released,350.769500732422,-1856.25744628906,180.0,-36.1665573120117,Jump,released
1024.947,platform_landed,355.602844238281,-1827.001953125,0.0,0.0,land_on_platform,platform_scene-1/Tile Map/19_-101_layer_Tile Map_tile_19_-101_source_1_atlas_1_4
1024.947,landed,355.602844238281,-1827.001953125,0.0,0.0,land,surface_wood_impact_0.75174102783203
1025.179,move_left_pressed,355.602844238281,-1827.001953125,-33.3333320617676,0.0,Move_Left,pressed
1025.23,jump_input_pressed,352.26953125,-1827.001953125,-133.33332824707,0.0,Jump,pressed
1025.23,jump_executed,352.26953125,-1827.001953125,-133.33332824707,-500.0,jump,x_352.26953125_y_-1827.001953125
1025.662,jump_peak_reached,275.864593505859,-1933.890625,-180.0,39.8149261474609,jump_peak,x_275.864593505859_y_-1933.890625
1025.746,jump_input_released,260.864593505859,-1924.39990234375,-180.0,225.000106811523,Jump,released
1025.862,coin_collected,250.03125,-1885.18688964844,0.0,447.222381591797,collect_coin,coin_coin25_score_34
1025.897,platform_landed,250.03125,-1863.01147460938,0.0,0.0,land_on_platform,platform_scene-1/Tile Map/13_-103_layer_Tile Map_tile_13_-103_source_1_atlas_1_4
1025.897,landed,250.03125,-1863.01147460938,0.0,0.0,land,surface_wood_impact_1.1166669921875
1026.23,move_left_pressed,250.03125,-1863.01147460938,-33.3333320617676,0.0,Move_Left,pressed
1026.281,jump_input_pressed,246.697906494141,-1863.01147460938,-133.33332824707,0.0,Jump,pressed
1026.281,jump_executed,246.697906494141,-1863.01147460938,-133.33332824707,-500.0,jump,x_246.697906494141_y_-1863.01147460938
1026.479,jump_input_released,212.295013427734,-1940.48425292969,-180.0,-254.333206176758,Jump,released
1026.58,jump_peak_reached,204.461669921875,-1945.27587890625,0.0,41.2037048339844,jump_peak,x_204.461669921875_y_-1945.27587890625
1026.713,platform_landed,204.461669921875,-1917.01049804688,0.0,0.0,land_on_platform,platform_scene-1/Tile Map/11_-106_layer_Tile Map_tile_11_-106_source_1_atlas_15_7
1026.713,landed,204.461669921875,-1917.01049804688,0.0,0.0,land,surface_wood_impact_0.67500006103516
1026.714,sonification,204.461669921875,-1917.01049804688,0.0,0.0,osc_received,"value_[1, ""cloud""]"
1026.929,time_limit_reached,204.461669921875,-1917.01049804688,0.0,0.0,time_limit,three_minutes
1026.93,scene_transition,204.461669921875,-1917.01049804688,0.0,0.0,switch,from_res://Scenes/Main/scene-1.tscn_to_res://Scenes/Main/menu.tscn
1026.93,session_end,204.461669921875,-1917.01049804688,0.0,0.0,,
