timestamp_seconds,event,x,y,velocity_x,velocity_y,action,info
1221.61,session_start,392.0,624.0,0.0,0.0,,
1221.658,jump_peak_reached,392.0,624.0,0.0,37.037036895752,jump_peak,x_392.0_y_624.0
1221.68,platform_landed,392.0,638.988403320312,0.0,0.0,land_on_platform,platform_scene-1/Tile Map/21_36_layer_Tile Map_tile_21_36_source_1_atlas_2_0
1221.68,landed,392.0,638.988403320312,0.0,0.0,land,surface_wood_impact_0.51851849365234
1225.489,move_right_pressed,392.0,638.988403320312,33.3333320617676,0.0,Move_Right,pressed
1225.773,move_left_pressed,436.333312988281,638.932373046875,96.6666641235352,0.0,Move_Left,pressed
1226.122,move_right_pressed,389.0,638.932373046875,0.0,0.0,Move_Right,pressed
1226.667,move_right_pressed,435.166656494141,638.932373046875,33.3333320617676,0.0,Move_Right,pressed
1227.223,move_right_pressed,469.325256347656,638.932373046875,33.3333320617676,0.0,Move_Right,pressed
1228.157,sonification,633.658569335938,638.932373046875,180.0,0.0,osc_received,"value_[1, ""mushrooms""]"
1228.464,sonification,680.491882324219,638.932373046875,0.0,0.0,osc_received,"value_[1, ""mushrooms""]"
1228.69,move_right_pressed,680.491882324219,638.932373046875,33.3333320617676,0.0,Move_Right,pressed
1228.698,sonification,681.047424316406,638.932373046875,33.3333320617676,0.0,osc_received,"value_[1, ""mushrooms""]"
1229.972,jump_input_pressed,904.8251953125,638.932373046875,180.0,0.0,Jump,pressed
1229.972,jump_executed,904.8251953125,638.932373046875,180.0,-500.0,jump,x_904.8251953125_y_638.932373046875
1229.973,sonification,907.827514648438,630.591613769531,180.0,-500.055541992188,osc_received,"value_[1, ""mushrooms""]"
1230.206,jump_input_released,946.827514648438,553.337890625,180.0,-214.166549682617,Jump,released
1230.305,jump_peak_reached,947.925231933594,548.546203613281,15.0,41.2037048339844,jump_peak,x_947.925231933594_y_548.546203613281
1230.573,platform_landed,970.425231933594,638.933349609375,180.0,0.0,land_on_platform,platform_scene-1/Tile Map/53_36_layer_Tile Map_tile_53_36_source_1_atlas_12_0
1230.573,landed,970.425231933594,638.933349609375,180.0,0.0,land,surface_wood_impact_1.2675927734375
1230.574,sonification,970.425231933594,638.933349609375,180.0,0.0,osc_received,"value_[1, ""mushrooms""]"
1230.956,sonification,1037.99560546875,638.999450683594,0.0,0.0,osc_received,"value_[1, ""mushrooms""]"
1231.09,move_left_pressed,1037.92529296875,638.933715820312,-33.3333320617676,0.0,Move_Left,pressed
1231.091,sonification,1037.36975097656,638.925231933594,-33.3333320617676,0.0,osc_received,"value_[1, ""mushrooms""]"
1233.055,jump_input_pressed,690.592041015625,638.925231933594,-180.0,0.0,Jump,pressed
1233.055,jump_executed,690.592041015625,638.925231933594,-180.0,-500.0,jump,x_690.592041015625_y_638.925231933594
1233.064,sonification,687.591674804688,630.590026855469,-180.0,-500.055541992188,osc_received,"value_[1, ""mushrooms""]"
1233.447,jump_input_released,638.567199707031,532.975646972656,-180.0,-36.1665573120117,Jump,released
1233.498,jump_peak_reached,629.567199707031,532.208984375,-180.0,42.5371475219727,jump_peak,x_629.567199707031_y_532.208984375
1233.598,platform_landed,608.567199707031,549.933776855469,-180.0,0.0,land_on_platform,platform_scene-1/Tile Map/33_31_layer_Tile Map_tile_33_31_source_1_atlas_17_0
1233.598,landed,608.567199707031,549.933776855469,-180.0,0.0,land,surface_wood_impact_0.52951873779297
1233.599,sonification,608.567199707031,549.933776855469,-180.0,0.0,osc_received,"value_[1, ""leaves""]"
1233.698,jump_input_pressed,593.567199707031,550.433776855469,-180.0,0.0,Jump,pressed
1233.698,jump_executed,593.567199707031,550.433776855469,-180.0,-500.0,jump,x_593.567199707031_y_550.433776855469
1233.748,jump_peak_reached,584.545471191406,534.067016601562,-96.6666641235352,37.037036895752,jump_peak,x_584.545471191406_y_534.067016601562
1233.965,jump_input_released,582.709533691406,590.240844726562,0.0,518.5185546875,Jump,released
1234.031,platform_landed,582.709533691406,638.994201660156,0.0,0.0,land_on_platform,platform_scene-1/Tile Map/32_36_layer_Tile Map_tile_32_36_source_1_atlas_2_0
1234.031,landed,582.709533691406,638.994201660156,0.0,0.0,land,surface_wood_impact_1.33333349609375
1234.233,move_left_pressed,582.709533691406,638.994201660156,-33.3333320617676,0.0,Move_Left,pressed
1234.43,jump_input_pressed,553.376220703125,638.93310546875,-180.0,0.0,Jump,pressed
1234.43,jump_executed,553.376220703125,638.93310546875,-180.0,-500.0,jump,x_553.376220703125_y_638.93310546875
1234.447,jump_peak_reached,550.373718261719,630.591796875,-180.0,-479.222198486328,jump_peak,x_550.373718261719_y_630.591796875
1234.797,coin_collected,490.655212402344,533.937133789062,-180.0,-76.5554428100586,collect_coin,coin_coin_score_2
1234.831,jump_input_released,484.655212402344,532.362121582031,-180.0,-16.6665554046631,Jump,released
1234.965,platform_landed,479.821868896484,548.980651855469,0.0,0.0,land_on_platform,platform_scene-1/Tile Map/26_31_layer_Tile Map_tile_26_31_source_1_atlas_2_0
1234.965,landed,479.821868896484,548.980651855469,0.0,0.0,land,surface_wood_impact_0.52685205078125
1235.23,move_left_pressed,479.821868896484,548.980651855469,-33.3333320617676,0.0,Move_Left,pressed
1235.632,platform_landed,411.452239990234,584.933471679688,-180.0,0.0,land_on_platform,platform_scene-1/Tile Map/22_33_layer_Tile Map_tile_22_33_source_1_atlas_1_0
1235.632,landed,411.452239990234,584.933471679688,-180.0,0.0,land,surface_wood_impact_0.81481488037109
1235.713,jump_input_pressed,399.452239990234,584.933471679688,-180.0,0.0,Jump,pressed
1235.713,jump_executed,399.452239990234,584.933471679688,-180.0,-500.0,jump,x_399.452239990234_y_584.933471679688
1235.932,jump_input_released,360.449615478516,503.2548828125,-180.0,-234.222106933594,Jump,released
1236.022,jump_peak_reached,342.449615478516,498.463226318359,-96.6666641235352,41.2037048339844,jump_peak,x_342.449615478516_y_498.463226318359
1236.222,platform_landed,340.616271972656,549.97412109375,0.0,0.0,land_on_platform,platform_scene-1/Tile Map/18_31_layer_Tile Map_tile_18_31_source_1_atlas_18_0
1236.222,landed,340.616271972656,549.97412109375,0.0,0.0,land,surface_wood_impact_0.97129644775391
1236.223,sonification,340.616271972656,549.97412109375,0.0,0.0,osc_received,"value_[1, ""leaves""]"
1236.389,jump_input_pressed,340.616271972656,549.97412109375,0.0,0.0,Jump,pressed
1236.39,jump_executed,340.616271972656,549.97412109375,0.0,-500.0,jump,x_340.616271972656_y_549.97412109375
1236.49,move_right_pressed,340.616271972656,505.0869140625,15.0,-376.166595458984,Move_Right,pressed
1236.739,jump_input_released,369.116271972656,446.207336425781,180.0,-75.3332214355469,Jump,released
1236.756,jump_input_pressed,372.116271972656,444.951782226562,180.0,-54.4998893737793,Jump,pressed
1236.822,jump_peak_reached,384.116271972656,443.401794433594,180.0,45.0371475219727,jump_peak,x_384.116271972656_y_443.401794433594
1236.907,jump_input_released,399.116271972656,453.327728271484,180.0,230.22233581543,Jump,released
1236.923,platform_landed,405.116271972656,458.933471679688,180.0,0.0,land_on_platform,platform_scene-1/Tile Map/22_26_layer_Tile Map_tile_22_26_source_1_atlas_2_0
1236.923,landed,405.116271972656,458.933471679688,180.0,0.0,land,surface_wood_impact_0.53451873779297
1237.256,move_left_pressed,406.949615478516,458.933471679688,-33.3333320617676,0.0,Move_Left,pressed
1237.589,move_right_pressed,384.782958984375,458.933471679688,33.3333320617676,0.0,Move_Right,pressed
1237.855,move_left_pressed,412.949615478516,458.933471679688,-33.3333320617676,0.0,Move_Left,pressed
1238.474,platform_landed,304.937561035156,550.42333984375,-180.0,0.0,land_on_platform,platform_scene-1/Tile Map/17_31_layer_Tile Map_tile_17_31_source_1_atlas_17_0
1238.474,landed,304.937561035156,550.42333984375,-180.0,0.0,land,surface_wood_impact_1.25925939941406
1238.475,sonification,304.937561035156,550.42333984375,-180.0,0.0,osc_received,"value_[1, ""leaves""]"
1238.773,platform_landed,250.936370849609,638.929443359375,-180.0,0.0,land_on_platform,platform_scene-1/Tile Map/13_36_layer_Tile Map_tile_13_36_source_1_atlas_2_0
1238.773,landed,250.936370849609,638.929443359375,-180.0,0.0,land,surface_wood_impact_1.25925939941406
1239.372,move_right_pressed,159.10302734375,638.929443359375,33.3333320617676,0.0,Move_Right,pressed
1239.707,move_left_pressed,212.436370849609,638.929443359375,96.6666641235352,0.0,Move_Left,pressed
1239.923,jump_input_pressed,187.714141845703,638.929443359375,-180.0,0.0,Jump,pressed
1239.923,jump_executed,187.714141845703,638.929443359375,-180.0,-500.0,jump,x_187.714141845703_y_638.929443359375
1240.205,jump_input_released,138.101516723633,543.583557128906,-13.3333311080933,-154.333221435547,Jump,released
1240.305,jump_peak_reached,137.879287719727,538.791870117188,0.0,41.2037048339844,jump_peak,x_137.879287719727_y_538.791870117188
1240.438,platform_landed,137.879287719727,566.991394042969,0.0,0.0,land_on_platform,platform_scene-1/Tile Map/7_32_layer_Tile Map_tile_7_32_source_1_atlas_0_0
1240.438,landed,137.879287719727,566.991394042969,0.0,0.0,land,surface_wood_impact_0.67500006103516
1240.638,jump_input_pressed,137.879287719727,566.991394042969,0.0,0.0,Jump,pressed
1240.638,jump_executed,137.879287719727,566.991394042969,0.0,-500.0,jump,x_137.879287719727_y_566.991394042969
1240.657,move_left_pressed,137.879287719727,558.598510742188,-15.0,-479.222198486328,Move_Left,pressed
1241.072,jump_peak_reached,79.3792877197266,460.104156494141,-180.0,39.8149261474609,jump_peak,x_79.3792877197266_y_460.104156494141
1241.24,jump_input_released,49.3792877197266,494.517761230469,-180.0,410.185333251953,Jump,released
1241.273,platform_landed,41.9304580688477,514.881103515625,-180.0,0.0,land_on_platform,platform_scene-1/Tile Map/1_29_layer_Tile Map_tile_1_29_source_1_atlas_0_0
1241.273,landed,41.9304580688477,514.881103515625,-180.0,0.0,land,surface_wood_impact_0.96851885986328
1241.422,jump_input_pressed,19.4997444152832,512.996704101562,-180.0,0.0,Jump,pressed
1241.422,jump_executed,19.4997444152832,512.996704101562,-180.0,-500.0,jump,x_19.4997444152832_y_512.996704101562
1241.505,jump_input_released,4.47957420349121,474.713806152344,-180.0,-396.666595458984,Jump,released
1241.605,jump_peak_reached,-0.35375940799713,469.922149658203,0.0,41.2037048339844,jump_peak,x_-0.35375940799713_y_469.922149658203
1241.657,move_right_pressed,-0.35375940799713,473.834197998047,15.0,152.314819335938,Move_Right,pressed
1241.972,platform_landed,20.9252853393555,638.933166503906,120.0,0.0,land_on_platform,platform_scene-1/Tile Map/1_36_layer_Tile Map_tile_1_36_source_1_atlas_2_0
1241.972,landed,20.9252853393555,638.933166503906,120.0,0.0,land,surface_wood_impact_1.71203735351563
1243.142,move_left_pressed,227.480850219727,638.933166503906,63.3333396911621,0.0,Move_Left,pressed
1244.122,move_right_pressed,179.369720458984,638.925170898438,33.3333320617676,0.0,Move_Right,pressed
1244.622,move_right_pressed,216.536407470703,638.925170898438,33.3333320617676,0.0,Move_Right,pressed
1244.872,jump_input_pressed,254.869750976562,638.925170898438,180.0,0.0,Jump,pressed
1244.872,jump_executed,254.869750976562,638.925170898438,180.0,-500.0,jump,x_254.869750976562_y_638.925170898438
1244.889,jump_peak_reached,257.870086669922,630.589965820312,180.0,-479.222198486328,jump_peak,x_257.870086669922_y_630.589965820312
1245.273,jump_input_released,326.870086669922,532.350158691406,180.0,-16.6665554046631,Jump,released
1245.424,jump_input_pressed,334.703430175781,549.911926269531,0.0,300.463073730469,Jump,pressed
1245.424,platform_landed,334.703430175781,549.911926269531,0.0,0.0,land_on_platform,platform_scene-1/Tile Map/18_31_layer_Tile Map_tile_18_31_source_1_atlas_18_0
1245.424,landed,334.703430175781,549.911926269531,0.0,0.0,land,surface_wood_impact_0.60092614746094
1245.425,sonification,334.703430175781,549.911926269531,0.0,0.0,osc_received,"value_[1, ""leaves""]"
1245.439,jump_executed,334.703430175781,549.911926269531,0.0,-500.0,jump,x_334.703430175781_y_549.911926269531
1245.456,move_right_pressed,334.703430175781,541.57763671875,15.0,-479.222198486328,Move_Right,pressed
1245.656,jump_input_released,353.925262451172,468.240600585938,15.0,-234.222106933594,Jump,released
1245.755,jump_peak_reached,354.417236328125,463.430847167969,16.7964725494385,41.2037048339844,jump_peak,x_354.417236328125_y_463.430847167969
1245.756,jump_input_pressed,354.417236328125,463.430847167969,16.7964725494385,41.2037048339844,Jump,pressed
1245.789,jump_input_released,353.89404296875,465.234405517578,15.0,115.277786254883,Jump,released
1246.023,platform_landed,368.256439208984,554.630981445312,135.0,0.0,land_on_platform,platform_scene-1/Tile Map/19_31_layer_Tile Map_tile_19_31_source_1_atlas_19_0
1246.023,landed,368.256439208984,554.630981445312,135.0,0.0,land,surface_wood_impact_1.2675927734375
1246.024,sonification,368.256439208984,554.630981445312,135.0,0.0,osc_received,"value_[1, ""leaves""]"
1246.207,move_left_pressed,369.117553710938,582.408752441406,-15.0,370.370391845703,Move_Left,pressed
1246.331,move_right_pressed,365.367553710938,638.581604003906,15.0,629.629699707031,Move_Right,pressed
1246.332,platform_landed,365.617553710938,638.93212890625,15.0,0.0,land_on_platform,platform_scene-1/Tile Map/20_36_layer_Tile Map_tile_20_36_source_1_atlas_2_0
1246.332,landed,365.617553710938,638.93212890625,15.0,0.0,land,surface_wood_impact_1.25925939941406
1246.41,musicking,375.173095703125,638.93212890625,180.0,0.0,osc_received,"value_[1, ""chain-jumps-combo-walk""]"
1246.539,jump_input_pressed,396.173095703125,638.93212890625,180.0,0.0,Jump,pressed
1246.54,jump_executed,396.173095703125,638.93212890625,180.0,-500.0,jump,x_396.173095703125_y_638.93212890625
1246.605,jump_peak_reached,401.008666992188,619.6923828125,0.0,74.0740737915039,jump_peak,x_401.008666992188_y_619.6923828125
1246.707,platform_landed,401.008666992188,638.982482910156,0.0,0.0,land_on_platform,platform_scene-1/Tile Map/22_36_layer_Tile Map_tile_22_36_source_1_atlas_2_0
1246.707,landed,401.008666992188,638.982482910156,0.0,0.0,land,surface_wood_impact_0.59259259033203
1246.722,move_left_pressed,401.008666992188,638.982482910156,-33.3333320617676,0.0,Move_Left,pressed
1246.79,jump_input_released,395.453125,638.931579589844,-166.666656494141,0.0,Jump,released
1246.925,move_left_pressed,375.842010498047,638.931579589844,-46.6666641235352,0.0,Move_Left,pressed
1247.024,move_right_pressed,371.342010498047,638.931579589844,33.3333320617676,0.0,Move_Right,pressed
1247.04,jump_input_pressed,371.897552490234,638.931579589844,66.6666641235352,0.0,Jump,pressed
1247.04,jump_executed,371.897552490234,638.931579589844,66.6666641235352,-500.0,jump,x_371.897552490234_y_638.931579589844
1247.339,jump_input_released,417.787322998047,540.994506835938,180.0,-134.499893188477,Jump,released
1247.439,jump_peak_reached,428.620666503906,536.202819824219,0.0,41.2037048339844,jump_peak,x_428.620666503906_y_536.202819824219
1247.523,move_left_pressed,428.620666503906,545.809326171875,-15.0,226.388885498047,Move_Left,pressed
1247.631,platform_landed,424.870666503906,584.979858398438,0.0,0.0,land_on_platform,platform_scene-1/Tile Map/23_33_layer_Tile Map_tile_23_33_source_1_atlas_3_0
1247.631,landed,424.870666503906,584.979858398438,0.0,0.0,land,surface_wood_impact_0.89722235107422
1247.805,move_right_pressed,424.870666503906,584.979858398438,33.3333320617676,0.0,Move_Right,pressed
1247.805,jump_input_pressed,424.870666503906,584.979858398438,33.3333320617676,0.0,Jump,pressed
1247.805,jump_executed,424.870666503906,584.979858398438,33.3333320617676,-500.0,jump,x_424.870666503906_y_584.979858398438
1248.056,jump_input_released,456.679321289062,495.760131835938,180.0,-194.166549682617,Jump,released
1248.139,move_right_pressed,461.512664794922,490.899017333984,15.0,4.16666746139526,Move_Right,pressed
1248.155,jump_peak_reached,461.762664794922,490.968475341797,30.0,41.2037048339844,jump_peak,x_461.762664794922_y_490.968475341797
1248.372,move_right_pressed,463.012664794922,548.044128417969,15.0,522.685241699219,Move_Right,pressed
1248.372,platform_landed,463.262664794922,548.933532714844,15.0,0.0,land_on_platform,platform_scene-1/Tile Map/25_31_layer_Tile Map_tile_25_31_source_1_atlas_1_0
1248.372,landed,463.262664794922,548.933532714844,15.0,0.0,land,surface_wood_impact_1.04537048339844
1248.857,jump_input_pressed,483.651550292969,548.933532714844,0.0,0.0,Jump,pressed
1248.858,jump_executed,483.651550292969,548.933532714844,0.0,-500.0,jump,x_483.651550292969_y_548.933532714844
1248.889,move_right_pressed,483.651550292969,532.60205078125,15.0,-458.499969482422,Move_Right,pressed
1249.189,jump_input_released,521.151550292969,446.804870605469,180.0,-94.9998931884766,Jump,released
1249.29,jump_peak_reached,525.98486328125,442.513214111328,0.0,46.2038116455078,jump_peak,x_525.98486328125_y_442.513214111328
1249.489,platform_landed,525.98486328125,494.986297607422,0.0,0.0,land_on_platform,platform_scene-1/Tile Map/29_28_layer_Tile Map_tile_29_28_source_1_atlas_2_0
1249.489,landed,525.98486328125,494.986297607422,0.0,0.0,land,surface_wood_impact_0.98129663085938
1249.672,jump_input_pressed,525.98486328125,494.986297607422,0.0,0.0,Jump,pressed
1249.672,jump_executed,525.98486328125,494.986297607422,0.0,-500.0,jump,x_525.98486328125_y_494.986297607422
1249.69,move_right_pressed,525.98486328125,486.597839355469,15.0,-479.222198486328,Move_Right,pressed
1249.991,jump_input_released,545.175231933594,394.742309570312,150.0,-114.722114562988,Jump,released
1250.089,jump_peak_reached,548.786315917969,389.950653076172,0.0,41.2037048339844,jump_peak,x_548.786315917969_y_389.950653076172
1250.123,move_left_pressed,548.786315917969,391.94140625,-15.0,115.277786254883,Move_Left,pressed
1250.24,platform_landed,548.036315917969,422.986389160156,0.0,0.0,land_on_platform,platform_scene-1/Tile Map/30_24_layer_Tile Map_tile_30_24_source_1_atlas_1_0
1250.24,landed,548.036315917969,422.986389160156,0.0,0.0,land,surface_wood_impact_0.74907415771484
1250.439,move_left_pressed,548.036315917969,422.986389160156,-33.3333320617676,0.0,Move_Left,pressed
1250.439,jump_input_pressed,548.036315917969,422.986389160156,-33.3333320617676,0.0,Jump,pressed
1250.439,jump_executed,548.036315917969,422.986389160156,-33.3333320617676,-500.0,jump,x_548.036315917969_y_422.986389160156
1250.872,jump_peak_reached,483.227294921875,316.103668212891,-180.0,39.8149261474609,jump_peak,x_483.227294921875_y_316.103668212891
1251.089,coin_collected,444.227294921875,372.878387451172,-180.0,484.259429931641,collect_coin,coin_coin2_score_4
1251.09,jump_input_released,444.227294921875,372.878387451172,-180.0,521.296447753906,Jump,released
1251.106,platform_landed,438.227294921875,386.932861328125,-180.0,0.0,land_on_platform,platform_scene-1/Tile Map/24_22_layer_Tile Map_tile_24_22_source_1_atlas_2_0
1251.106,landed,438.227294921875,386.932861328125,-180.0,0.0,land,surface_wood_impact_1.1166669921875
1251.291,move_right_pressed,436.393951416016,386.932861328125,33.3333320617676,0.0,Move_Right,pressed
1251.407,jump_input_pressed,450.727264404297,386.932861328125,180.0,0.0,Jump,pressed
1251.407,jump_executed,450.727264404297,386.932861328125,180.0,-500.0,jump,x_450.727264404297_y_386.932861328125
1251.624,jump_input_released,489.729766845703,305.254608154297,96.6666641235352,-234.222106933594,Jump,released
1251.723,jump_peak_reached,491.563110351562,300.462951660156,0.0,41.2037048339844,jump_peak,x_491.563110351562_y_300.462951660156
1251.956,platform_landed,491.563110351562,368.983062744141,0.0,0.0,land_on_platform,platform_scene-1/Tile Map/27_21_layer_Tile Map_tile_27_21_source_1_atlas_2_0
1251.956,landed,491.563110351562,368.983062744141,0.0,0.0,land,surface_wood_impact_1.11944458007812
1252.256,move_right_pressed,491.563110351562,368.983062744141,33.3333320617676,0.0,Move_Right,pressed
1252.372,jump_input_pressed,505.896423339844,368.983062744141,180.0,0.0,Jump,pressed
1252.372,jump_executed,505.896423339844,368.983062744141,180.0,-500.0,jump,x_505.896423339844_y_368.983062744141
1252.588,jump_peak_reached,544.914306640625,295.685089111328,180.0,74.0740737915039,jump_peak,x_544.914306640625_y_295.685089111328
1252.69,move_right_pressed,555.747619628906,312.351745605469,15.0,296.296295166016,Move_Right,pressed
1252.756,jump_input_released,558.247619628906,335.808532714844,75.0,444.444488525391,Jump,released
1252.79,platform_landed,562.351318359375,353.88330078125,105.0,0.0,land_on_platform,platform_scene-1/Tile Map/31_20_layer_Tile Map_tile_31_20_source_1_atlas_17_3
1252.79,landed,562.351318359375,353.88330078125,105.0,0.0,land,surface_wood_impact_1.037037109375
1252.791,sonification,562.351318359375,353.88330078125,105.0,0.0,osc_received,"value_[1, ""leaves""]"
1253.339,move_right_pressed,572.351379394531,353.931274414062,33.3333320617676,0.0,Move_Right,pressed
1253.49,jump_input_pressed,592.684936523438,353.973693847656,180.0,0.0,Jump,pressed
1253.491,jump_executed,592.684936523438,353.973693847656,180.0,-500.0,jump,x_592.684936523438_y_353.973693847656
1253.706,jump_peak_reached,631.686584472656,277.683898925781,180.0,74.0740737915039,jump_peak,x_631.686584472656_y_277.683898925781
1253.857,platform_landed,661.686584472656,314.933044433594,180.0,0.0,land_on_platform,platform_scene-1/Tile Map/36_18_layer_Tile Map_tile_36_18_source_1_atlas_0_0
1253.857,landed,661.686584472656,314.933044433594,180.0,0.0,land,surface_wood_impact_0.81481488037109
1253.939,coin_collected,673.692810058594,315.647979736328,180.0,37.037036895752,collect_coin,coin_coin3_score_6
1254.038,jump_input_released,691.692810058594,332.314636230469,180.0,296.296295166016,Jump,released
1254.038,platform_landed,694.692810058594,332.93310546875,180.0,0.0,land_on_platform,platform_scene-1/Tile Map/38_19_layer_Tile Map_tile_38_19_source_1_atlas_3_0
1254.038,landed,694.692810058594,332.93310546875,180.0,0.0,land,surface_wood_impact_0.59259259033203
1254.522,jump_input_pressed,695.925170898438,332.933776855469,0.0,0.0,Jump,pressed
1254.522,jump_executed,695.925170898438,332.933776855469,0.0,-500.0,jump,x_695.925170898438_y_332.933776855469
1254.556,move_left_pressed,695.924011230469,316.610626220703,-15.0,-458.499969482422,Move_Left,pressed
1254.922,jump_input_released,646.424011230469,226.35969543457,-180.0,-16.6665554046631,Jump,released
1254.956,jump_peak_reached,641.812927246094,226.1513671875,-13.3333311080933,41.2038154602051,jump_peak,x_641.812927246094_y_226.1513671875
1255.056,platform_landed,641.590698242188,242.97819519043,0.0,0.0,land_on_platform,platform_scene-1/Tile Map/35_14_layer_Tile Map_tile_35_14_source_1_atlas_2_0
1255.056,landed,641.590698242188,242.97819519043,0.0,0.0,land,surface_wood_impact_0.52685205078125
1255.24,jump_input_pressed,641.590698242188,242.97819519043,0.0,0.0,Jump,pressed
1255.24,jump_executed,641.590698242188,242.97819519043,0.0,-500.0,jump,x_641.590698242188_y_242.97819519043
1255.341,move_left_pressed,641.590698242188,198.087509155273,-15.0,-376.166595458984,Move_Left,pressed
1255.623,jump_input_released,607.090698242188,136.981948852539,-180.0,-36.1665573120117,Jump,released
1255.672,jump_peak_reached,598.090698242188,136.215286254883,-180.0,42.5371475219727,jump_peak,x_598.090698242188_y_136.215286254883
1255.823,platform_landed,581.257385253906,170.993896484375,0.0,0.0,land_on_platform,platform_scene-1/Tile Map/32_10_layer_Tile Map_tile_32_10_source_1_atlas_2_0
1255.823,landed,581.257385253906,170.993896484375,0.0,0.0,land,surface_wood_impact_0.75174102783203
1257.005,jump_input_pressed,581.257385253906,170.993896484375,0.0,0.0,Jump,pressed
1257.006,jump_executed,581.257385253906,170.993896484375,0.0,-500.0,jump,x_581.257385253906_y_170.993896484375
1257.09,move_left_pressed,581.257385253906,132.706207275391,-15.0,-396.666595458984,Move_Left,pressed
1257.439,jump_peak_reached,534.757385253906,64.1043853759766,-180.0,39.8149261474609,jump_peak,x_534.757385253906_y_64.1043853759766
1257.489,jump_input_released,525.757385253906,67.9469833374023,-180.0,150.926040649414,Jump,released
1257.539,platform_landed,513.757385253906,80.9336547851562,-180.0,0.0,land_on_platform,platform_scene-1/Tile Map/28_5_layer_Tile Map_tile_28_5_source_1_atlas_1_0
1257.539,landed,513.757385253906,80.9336547851562,-180.0,0.0,land,surface_wood_impact_0.52407427978516
1257.856,coin_collected,459.727081298828,137.967819213867,-180.0,481.481536865234,collect_coin,coin_coin5_score_8
1257.872,platform_landed,453.727081298828,152.932907104492,-180.0,0.0,land_on_platform,platform_scene-1/Tile Map/25_9_layer_Tile Map_tile_25_9_source_1_atlas_2_0
1257.873,landed,453.727081298828,152.932907104492,-180.0,0.0,land,surface_wood_impact_1.11111120605469
1258.439,jump_input_pressed,440.074737548828,152.933624267578,0.0,0.0,Jump,pressed
1258.439,jump_executed,440.074737548828,152.933624267578,0.0,-500.0,jump,x_440.074737548828_y_152.933624267578
1258.456,move_left_pressed,440.075958251953,144.599365234375,-15.0,-479.222198486328,Move_Left,pressed
1258.588,jump_input_released,434.713623046875,90.2808456420898,0.0,-314.999908447266,Jump,released
1258.689,jump_peak_reached,434.713623046875,85.4891815185547,0.0,41.2037048339844,jump_peak,x_434.713623046875_y_85.4891815185547
1258.889,platform_landed,434.713623046875,135.166259765625,0.0,0.0,land_on_platform,platform_scene-1/Tile Map/23_8_layer_Tile Map_tile_23_8_source_1_atlas_0_0
1258.889,landed,434.713623046875,135.166259765625,0.0,0.0,land,surface_wood_impact_0.97129644775391
1259.189,move_left_pressed,434.713623046875,135.166259765625,-33.3333320617676,0.0,Move_Left,pressed
1259.256,jump_input_pressed,429.185943603516,134.930252075195,-166.666656494141,0.0,Jump,pressed
1259.256,jump_executed,429.185943603516,134.930252075195,-166.666656494141,-500.0,jump,x_429.185943603516_y_134.930252075195
1259.689,jump_peak_reached,351.406524658203,28.0966777801514,-180.0,39.8149261474609,jump_peak,x_351.406524658203_y_28.0966777801514
1259.733,jump_input_released,345.406524658203,30.0411262512207,-180.0,113.889007568359,Jump,released
1259.89,platform_landed,312.406524658203,80.9330215454102,-180.0,0.0,land_on_platform,platform_scene-1/Tile Map/17_5_layer_Tile Map_tile_17_5_source_1_atlas_13_0
1259.891,landed,312.406524658203,80.9330215454102,-180.0,0.0,land,surface_wood_impact_0.96851885986328
1259.891,sonification,312.406524658203,80.9330215454102,-180.0,0.0,osc_received,"value_[1, ""mushrooms""]"
1261.506,move_right_pressed,24.4065246582031,80.9330215454102,-63.3333396911621,0.0,Move_Right,pressed
1261.523,sonification,23.3509693145752,80.9330215454102,0.0,0.0,osc_received,"value_[1, ""mushrooms""]"
1261.539,sonification,23.9065246582031,80.9330215454102,33.3333320617676,0.0,osc_received,"value_[1, ""mushrooms""]"
1261.906,sonification,78.5176391601562,80.9330215454102,0.0,0.0,osc_received,"value_[1, ""mushrooms""]"
1262.389,move_right_pressed,78.5176391601562,80.9330215454102,33.3333320617676,0.0,Move_Right,pressed
1262.39,sonification,79.0731964111328,80.9330215454102,33.3333320617676,0.0,osc_received,"value_[1, ""mushrooms""]"
1262.798,sonification,139.684326171875,80.9330215454102,0.0,0.0,osc_received,"value_[1, ""mushrooms""]"
1263.258,move_right_pressed,139.684326171875,80.9330215454102,33.3333320617676,0.0,Move_Right,pressed
1263.259,sonification,140.239883422852,80.9330215454102,33.3333320617676,0.0,osc_received,"value_[1, ""mushrooms""]"
1264.422,jump_input_pressed,343.017669677734,80.9251708984375,180.0,0.0,Jump,pressed
1264.422,jump_executed,343.017669677734,80.9251708984375,180.0,-500.0,jump,x_343.017669677734_y_80.9251708984375
1264.431,sonification,346.018035888672,72.5898895263672,180.0,-500.055541992188,osc_received,"value_[1, ""mushrooms""]"
1264.856,jump_peak_reached,421.018035888672,-25.90452003479,180.0,39.8149261474609,jump_peak,x_421.018035888672_y_-25.90452003479
1264.931,jump_input_released,433.018035888672,-19.5464878082275,96.6666641235352,187.963073730469,Jump,released
1264.956,platform_landed,434.851379394531,-9.00446128845215,0.0,0.0,land_on_platform,platform_scene-1/Tile Map/24_0_layer_Tile Map_tile_24_0_source_1_atlas_14_7
1264.956,landed,434.851379394531,-9.00446128845215,0.0,0.0,land,surface_wood_impact_0.52407427978516
1264.964,sonification,434.851379394531,-9.00446128845215,0.0,0.0,osc_received,"value_[1, ""cloud""]"
1266.372,move_right_pressed,434.851379394531,-9.00446128845215,33.3333320617676,0.0,Move_Right,pressed
1266.797,move_left_pressed,460.018035888672,-9.00446128845215,-33.3333320617676,0.0,Move_Left,pressed
1267.639,jump_input_pressed,446.851379394531,-9.06672859191895,0.0,0.0,Jump,pressed
1267.639,jump_executed,446.851379394531,-9.06672859191895,0.0,-500.0,jump,x_446.851379394531_y_-9.06672859191895
1267.99,jump_peak_reached,445.364044189453,-103.41520690918,0.0,55.6541213989258,jump_peak,x_445.364044189453_y_-103.41520690918
1267.99,jump_input_released,445.364044189453,-103.41520690918,0.0,55.6541213989258,Jump,released
1268.255,platform_landed,445.364044189453,-9.01355266571045,0.0,0.0,land_on_platform,platform_scene-1/Tile Map/24_0_layer_Tile Map_tile_24_0_source_1_atlas_14_7
1268.255,landed,445.364044189453,-9.01355266571045,0.0,0.0,land,surface_wood_impact_1.29649365234375
1268.264,sonification,445.364044189453,-9.01355266571045,0.0,0.0,osc_received,"value_[1, ""cloud""]"
1269.257,move_right_pressed,445.364044189453,-9.01355266571045,33.3333320617676,0.0,Move_Right,pressed
1269.474,jump_input_pressed,477.721923828125,-7.84515476226807,180.0,74.0740737915039,Jump,pressed
1269.474,jump_executed,477.721923828125,-7.84515476226807,180.0,-500.0,jump,x_477.721923828125_y_-7.84515476226807
1269.673,jump_input_released,513.721923828125,-82.9326019287109,180.0,37.037036895752,Jump,released
1269.689,jump_peak_reached,516.723388671875,-82.3150177001953,180.0,74.0740737915039,jump_peak,x_516.723388671875_y_-82.3150177001953
1269.799,platform_landed,536.976013183594,-61.8092155456543,180.0,0.0,land_on_platform,platform_scene-1/Tile Map/30_-3_layer_Tile Map_tile_30_-3_source_1_atlas_1_0
1269.799,landed,536.976013183594,-61.8092155456543,180.0,0.0,land,surface_wood_impact_0.59259259033203
1270.472,move_right_pressed,573.91357421875,-63.0031433105469,33.3333320617676,0.0,Move_Right,pressed
1270.522,jump_input_pressed,577.246887207031,-63.0031433105469,133.33332824707,0.0,Jump,pressed
1270.523,jump_executed,577.246887207031,-63.0031433105469,133.33332824707,-500.0,jump,x_577.246887207031_y_-63.0031433105469
1270.739,jump_peak_reached,614.654663085938,-136.31559753418,180.0,74.0740737915039,jump_peak,x_614.654663085938_y_-136.31559753418
1270.839,jump_input_released,632.654663085938,-119.648933410645,180.0,296.296295166016,Jump,released
1271.033,platform_landed,667.265625,-27.0675449371338,96.6666641235352,0.0,land_on_platform,platform_scene-1/Tile Map/37_-1_layer_Tile Map_tile_37_-1_source_1_atlas_15_7
1271.033,landed,667.265625,-27.0675449371338,96.6666641235352,0.0,land,surface_wood_impact_1.40740759277344
1271.034,sonification,667.265625,-27.0675449371338,96.6666641235352,0.0,osc_received,"value_[1, ""cloud""]"
1271.906,move_right_pressed,667.487854003906,-27.0749034881592,33.3333320617676,0.0,Move_Right,pressed
1272.305,move_left_pressed,707.680908203125,38.407886505127,-15.0,555.555603027344,Move_Left,pressed
1272.306,platform_landed,707.430908203125,44.9335861206055,-15.0,0.0,land_on_platform,platform_scene-1/Tile Map/39_3_layer_Tile Map_tile_39_3_source_1_atlas_13_0
1272.306,landed,707.430908203125,44.9335861206055,-15.0,0.0,land,surface_wood_impact_1.11111120605469
1272.306,sonification,707.430908203125,44.9335861206055,-15.0,0.0,osc_received,"value_[1, ""mushrooms""]"
1272.614,sonification,666.042053222656,44.9335861206055,0.0,0.0,osc_received,"value_[1, ""mushrooms""]"
1272.656,jump_input_pressed,666.042053222656,44.9335861206055,0.0,0.0,Jump,pressed
1272.656,jump_executed,666.042053222656,44.9335861206055,0.0,-500.0,jump,x_666.042053222656_y_44.9335861206055
1272.789,jump_peak_reached,667.251525878906,2.43842434883118,0.0,44.4508628845215,jump_peak,x_667.251525878906_y_2.43842434883118
1272.856,jump_input_released,667.251525878906,9.10551929473877,0.0,192.599014282227,Jump,released
1272.872,move_right_pressed,667.251525878906,12.3155031204224,15.0,229.636047363281,Move_Right,pressed
1272.974,platform_landed,674.251525878906,44.932674407959,105.0,0.0,land_on_platform,platform_scene-1/Tile Map/37_3_layer_Tile Map_tile_37_3_source_1_atlas_13_0
1272.974,landed,674.251525878906,44.932674407959,105.0,0.0,land,surface_wood_impact_0.90371667480469
1272.975,sonification,674.251525878906,44.932674407959,105.0,0.0,osc_received,"value_[1, ""mushrooms""]"
1273.981,sonification,852.061340332031,45.890682220459,96.6666641235352,0.0,osc_received,"value_[1, ""mushrooms""]"
1274.039,move_left_pressed,853.3955078125,48.7028388977051,-15.0,148.148147583008,Move_Left,pressed
1274.223,platform_landed,848.824768066406,116.933319091797,-90.0,0.0,land_on_platform,platform_scene-1/Tile Map/47_7_layer_Tile Map_tile_47_7_source_1_atlas_14_0
1274.223,landed,848.824768066406,116.933319091797,-90.0,0.0,land,surface_wood_impact_1.11111120605469
1274.223,sonification,848.824768066406,116.933319091797,-90.0,0.0,osc_received,"value_[1, ""mushrooms""]"
1274.281,sonification,841.131713867188,117.601287841797,-180.0,0.0,osc_received,"value_[1, ""mushrooms""]"
1274.889,platform_landed,836.298400878906,548.920043945312,0.0,0.0,land_on_platform,platform_scene-1/Tile Map/46_31_layer_Tile Map_tile_46_31_source_1_atlas_15_0
1274.89,landed,836.298400878906,548.920043945312,0.0,0.0,land,surface_wood_impact_2.740740234375
1275.606,move_right_pressed,836.298400878906,548.920043945312,33.3333320617676,0.0,Move_Right,pressed
1275.606,jump_input_pressed,836.298400878906,548.920043945312,33.3333320617676,0.0,Jump,pressed
1275.606,jump_executed,836.298400878906,548.920043945312,33.3333320617676,-500.0,jump,x_836.298400878906_y_548.920043945312
1275.622,jump_peak_reached,836.853942871094,540.585754394531,48.3333320617676,-479.222198486328,jump_peak,x_836.853942871094_y_540.585754394531
1276.006,jump_input_released,895.103820800781,442.345977783203,180.0,-16.6665554046631,Jump,released
1276.14,platform_landed,922.103820800781,458.933258056641,180.0,0.0,land_on_platform,platform_scene-1/Tile Map/51_26_layer_Tile Map_tile_51_26_source_1_atlas_15_0
1276.14,landed,922.103820800781,458.933258056641,180.0,0.0,land,surface_wood_impact_0.52685205078125
1276.141,sonification,922.103820800781,458.933258056641,180.0,0.0,osc_received,"value_[1, ""mushrooms""]"
1276.19,jump_input_pressed,928.103820800781,458.933258056641,180.0,0.0,Jump,pressed
1276.19,jump_executed,928.103820800781,458.933258056641,180.0,-500.0,jump,x_928.103820800781_y_458.933258056641
1276.197,sonification,931.106384277344,450.591857910156,180.0,-500.055541992188,osc_received,"value_[1, ""mushrooms""]"
1276.539,jump_input_released,972.925231933594,355.203002929688,120.0,-75.3332214355469,Jump,released
1276.622,jump_peak_reached,985.425231933594,352.3974609375,180.0,45.0371475219727,jump_peak,x_985.425231933594_y_352.3974609375
1276.656,coin_collected,991.425231933594,354.515960693359,180.0,82.0741882324219,collect_coin,coin_coin26_score_10
1276.724,platform_landed,1006.42529296875,368.933410644531,180.0,0.0,land_on_platform,platform_scene-1/Tile Map/55_21_layer_Tile Map_tile_55_21_source_1_atlas_13_0
1276.724,landed,1006.42529296875,368.933410644531,180.0,0.0,land,surface_wood_impact_0.53451873779297
1276.725,sonification,1006.42529296875,368.933410644531,180.0,0.0,osc_received,"value_[1, ""mushrooms""]"
1276.857,sonification,1023.25860595703,368.933410644531,0.0,0.0,osc_received,"value_[1, ""mushrooms""]"
1276.957,move_left_pressed,1023.25860595703,368.933410644531,-33.3333320617676,0.0,Move_Left,pressed
1276.957,sonification,1022.70306396484,368.933410644531,-33.3333320617676,0.0,osc_received,"value_[1, ""mushrooms""]"
1277.106,musicking,999.92529296875,368.925231933594,-180.0,0.0,osc_received,"value_[1, ""chain-jumps-combo-walk""]"
1277.156,sonification,998.091979980469,368.925231933594,0.0,0.0,osc_received,"value_[1, ""mushrooms""]"
1277.306,move_left_pressed,998.091979980469,368.925231933594,-33.3333320617676,0.0,Move_Left,pressed
1277.314,sonification,997.536437988281,368.925231933594,-33.3333320617676,0.0,osc_received,"value_[1, ""mushrooms""]"
1277.357,jump_input_pressed,994.758666992188,368.925231933594,-133.33332824707,0.0,Jump,pressed
1277.357,jump_executed,994.758666992188,368.925231933594,-133.33332824707,-500.0,jump,x_994.758666992188_y_368.925231933594
1277.364,sonification,992.536193847656,360.589965820312,-133.33332824707,-500.055541992188,osc_received,"value_[1, ""mushrooms""]"
1277.775,jump_input_released,921.369506835938,262.049255371094,-180.0,2.77788853645325,Jump,released
1277.789,jump_peak_reached,918.369506835938,262.095550537109,-180.0,39.8149261474609,jump_peak,x_918.369506835938_y_262.095550537109
1277.89,platform_landed,913.536193847656,278.99560546875,0.0,0.0,land_on_platform,platform_scene-1/Tile Map/50_16_layer_Tile Map_tile_50_16_source_1_atlas_13_0
1277.89,landed,913.536193847656,278.99560546875,0.0,0.0,land,surface_wood_impact_0.52407427978516
1278.091,jump_input_pressed,913.536193847656,278.99560546875,0.0,0.0,Jump,pressed
1278.091,jump_executed,913.536193847656,278.99560546875,0.0,-500.0,jump,x_913.536193847656_y_278.99560546875
1278.107,move_right_pressed,913.536193847656,270.599029541016,15.0,-479.222198486328,Move_Right,pressed
1278.506,coin_collected,969.036193847656,172.058288574219,180.0,-18.0554447174072,collect_coin,coin_coin27_score_12
1278.522,jump_peak_reached,972.036193847656,172.104583740234,180.0,39.8149261474609,jump_peak,x_972.036193847656_y_172.104583740234
1278.539,jump_input_released,975.036193847656,172.768173217773,180.0,76.8519668579102,Jump,released
1278.623,platform_landed,988.869445800781,188.933639526367,13.3333311080933,0.0,land_on_platform,platform_scene-1/Tile Map/54_11_layer_Tile Map_tile_54_11_source_1_atlas_13_0
1278.623,landed,988.869445800781,188.933639526367,13.3333311080933,0.0,land,surface_wood_impact_0.52407427978516
1278.624,sonification,988.869445800781,188.933639526367,13.3333311080933,0.0,osc_received,"value_[1, ""mushrooms""]"
1278.647,sonification,988.869445800781,188.933639526367,0.0,0.0,osc_received,"value_[1, ""mushrooms""]"
1278.824,move_left_pressed,988.869445800781,188.933639526367,-33.3333320617676,0.0,Move_Left,pressed
1278.831,sonification,988.313903808594,188.933639526367,-33.3333320617676,0.0,osc_received,"value_[1, ""mushrooms""]"
1278.891,jump_input_pressed,983.313903808594,188.933639526367,-166.666656494141,0.0,Jump,pressed
1278.891,jump_executed,983.313903808594,188.933639526367,-166.666656494141,-500.0,jump,x_983.313903808594_y_188.933639526367
1278.892,sonification,980.533630371094,180.591827392578,-166.666656494141,-500.055541992188,osc_received,"value_[1, ""mushrooms""]"
1279.323,jump_peak_reached,905.533630371094,82.0974273681641,-180.0,39.8149261474609,jump_peak,x_905.533630371094_y_82.0974273681641
1279.439,jump_input_released,884.533630371094,99.7054672241211,-180.0,299.074188232422,Jump,released
1279.49,platform_landed,873.922546386719,116.932975769043,-96.6666641235352,0.0,land_on_platform,platform_scene-1/Tile Map/48_7_layer_Tile Map_tile_48_7_source_1_atlas_13_0
1279.49,landed,873.922546386719,116.932975769043,-96.6666641235352,0.0,land,surface_wood_impact_0.82037066650391
1279.491,sonification,873.922546386719,116.932975769043,-96.6666641235352,0.0,osc_received,"value_[1, ""mushrooms""]"
1279.523,sonification,873.700317382812,116.932975769043,0.0,0.0,osc_received,"value_[1, ""mushrooms""]"
1279.607,jump_input_pressed,873.700317382812,116.932975769043,0.0,0.0,Jump,pressed
1279.607,jump_executed,873.700317382812,116.932975769043,0.0,-500.0,jump,x_873.700317382812_y_116.932975769043
1279.639,move_left_pressed,873.700317382812,100.602012634277,-15.0,-458.499969482422,Move_Left,pressed
1279.924,jump_input_released,839.200317382812,16.7353591918945,-180.0,-114.722114562988,Jump,released
1280.022,jump_peak_reached,821.200317382812,11.9436922073364,-180.0,41.2037048339844,jump_peak,x_821.200317382812_y_11.9436922073364
1280.181,platform_landed,791.200317382812,44.9336891174316,-180.0,0.0,land_on_platform,platform_scene-1/Tile Map/43_3_layer_Tile Map_tile_43_3_source_1_atlas_13_0
1280.181,landed,791.200317382812,44.9336891174316,-180.0,0.0,land,surface_wood_impact_0.74907415771484
1280.182,sonification,791.200317382812,44.9336891174316,-180.0,0.0,osc_received,"value_[1, ""mushrooms""]"
1280.489,jump_input_pressed,737.200317382812,44.9336891174316,-96.6666641235352,0.0,Jump,pressed
1280.489,jump_executed,737.200317382812,44.9336891174316,-96.6666641235352,-500.0,jump,x_737.200317382812_y_44.9336891174316
1280.491,sonification,735.587646484375,36.5913009643555,-96.6666641235352,-500.055541992188,osc_received,"value_[1, ""mushrooms""]"
1280.573,move_left_pressed,735.365417480469,6.69871091842651,-15.0,-396.666595458984,Move_Left,pressed
1280.923,jump_peak_reached,688.865417480469,-61.9031028747559,-180.0,39.8149261474609,jump_peak,x_688.865417480469_y_-61.9031028747559
1280.99,jump_input_released,676.865417480469,-55.5450706481934,-180.0,187.963073730469,Jump,released
1281.09,platform_landed,672.032104492188,-27.0221691131592,0.0,0.0,land_on_platform,platform_scene-1/Tile Map/37_-1_layer_Tile Map_tile_37_-1_source_1_atlas_15_7
1281.09,landed,672.032104492188,-27.0221691131592,0.0,0.0,land,surface_wood_impact_0.82037066650391
1281.091,sonification,672.032104492188,-27.0221691131592,0.0,0.0,osc_received,"value_[1, ""cloud""]"
1281.305,move_left_pressed,672.032104492188,-27.0221691131592,-33.3333320617676,0.0,Move_Left,pressed
1281.356,jump_input_pressed,668.698791503906,-27.0221691131592,-133.33332824707,0.0,Jump,pressed
1281.356,jump_executed,668.698791503906,-27.0221691131592,-133.33332824707,-500.0,jump,x_668.698791503906_y_-27.0221691131592
1281.773,jump_input_released,595.298217773438,-133.940872192383,-180.0,2.77788853645325,Jump,released
1281.789,jump_peak_reached,592.298217773438,-133.894577026367,-180.0,39.8149261474609,jump_peak,x_592.298217773438_y_-133.894577026367
1282.022,platform_landed,557.464904785156,-63.015438079834,0.0,0.0,land_on_platform,platform_scene-1/Tile Map/30_-3_layer_Tile Map_tile_30_-3_source_1_atlas_1_0
1282.022,landed,557.464904785156,-63.015438079834,0.0,0.0,land,surface_wood_impact_1.1166669921875
1282.272,jump_input_pressed,557.464904785156,-63.015438079834,0.0,0.0,Jump,pressed
1282.272,jump_executed,557.464904785156,-63.015438079834,0.0,-500.0,jump,x_557.464904785156_y_-63.015438079834
1282.339,move_left_pressed,557.464904785156,-94.3366775512695,-15.0,-417.22216796875,Move_Left,pressed
1282.606,jump_input_released,525.964904785156,-165.188537597656,-180.0,-94.9998931884766,Jump,released
1282.706,jump_peak_reached,507.964904785156,-169.480194091797,-180.0,46.2038116455078,jump_peak,x_507.964904785156_y_-169.480194091797
1282.873,coin_collected,491.131561279297,-134.001770019531,0.0,379.537170410156,collect_coin,coin_coin9_score_14
1282.907,platform_landed,491.131561279297,-117.007102966309,0.0,0.0,land_on_platform,platform_scene-1/Tile Map/27_-6_layer_Tile Map_tile_27_-6_source_1_atlas_2_0
1282.907,landed,491.131561279297,-117.007102966309,0.0,0.0,land,surface_wood_impact_0.98129663085938
1283.04,move_right_pressed,491.131561279297,-117.007102966309,33.3333320617676,0.0,Move_Right,pressed
1283.091,jump_input_pressed,494.464874267578,-117.007102966309,133.33332824707,0.0,Jump,pressed
1283.091,jump_executed,494.464874267578,-117.007102966309,133.33332824707,-500.0,jump,x_494.464874267578_y_-117.007102966309
1283.341,move_right_pressed,509.702056884766,-206.234375,15.0,-194.166549682617,Move_Right,pressed
1283.489,jump_input_released,520.952026367188,-223.637161254883,150.0,-16.6665554046631,Jump,released
1283.523,jump_peak_reached,524.563110351562,-223.845489501953,0.0,41.2038154602051,jump_peak,x_524.563110351562_y_-223.845489501953
1283.789,platform_landed,524.563110351562,-135.02880859375,0.0,0.0,land_on_platform,platform_scene-1/Tile Map/29_-7_layer_Tile Map_tile_29_-7_source_1_atlas_0_0
1283.789,landed,524.563110351562,-135.02880859375,0.0,0.0,land,surface_wood_impact_1.26759301757812
1284.025,move_left_pressed,524.563110351562,-135.02880859375,-33.3333320617676,0.0,Move_Left,pressed
1284.056,jump_input_pressed,522.896484375,-135.02880859375,-100.0,0.0,Jump,pressed
1284.056,jump_executed,522.896484375,-135.02880859375,-100.0,-500.0,jump,x_522.896484375_y_-135.02880859375
1284.357,jump_input_released,473.138641357422,-232.998306274414,-180.0,-134.499893188477,Jump,released
1284.456,jump_peak_reached,455.138641357422,-237.789978027344,-180.0,41.2037048339844,jump_peak,x_455.138641357422_y_-237.789978027344
1284.606,platform_landed,447.305297851562,-207.02197265625,0.0,0.0,land_on_platform,platform_scene-1/Tile Map/24_-11_layer_Tile Map_tile_24_-11_source_1_atlas_1_0
1284.606,landed,447.305297851562,-207.02197265625,0.0,0.0,land,surface_wood_impact_0.74907415771484
1284.789,move_right_pressed,447.305297851562,-207.02197265625,33.3333320617676,0.0,Move_Right,pressed
1284.891,jump_input_pressed,458.638610839844,-207.069000244141,180.0,0.0,Jump,pressed
1284.891,jump_executed,458.638610839844,-207.069000244141,180.0,-500.0,jump,x_458.638610839844_y_-207.069000244141
1285.041,move_left_pressed,485.640563964844,-269.727172851562,96.6666641235352,-314.999908447266,Move_Left,pressed
1285.323,jump_peak_reached,461.640655517578,-313.903045654297,-180.0,39.8149261474609,jump_peak,x_461.640655517578_y_-313.903045654297
1285.425,platform_landed,440.640655517578,-297.066345214844,-180.0,0.0,land_on_platform,platform_scene-1/Tile Map/24_-16_layer_Tile Map_tile_24_-16_source_1_atlas_3_0
1285.425,landed,440.640655517578,-297.066345214844,-180.0,0.0,land,surface_wood_impact_0.52407427978516
1285.542,jump_input_released,422.640655517578,-297.066345214844,-180.0,0.0,Jump,released
1285.805,move_left_pressed,417.807312011719,-297.066345214844,-33.3333320617676,0.0,Move_Left,pressed
1286.198,platform_landed,365.617614746094,-243.022811889648,0.0,0.0,land_on_platform,platform_scene-1/Tile Map/20_-13_layer_Tile Map_tile_20_-13_source_1_atlas_1_0
1286.198,landed,365.617614746094,-243.022811889648,0.0,0.0,land,surface_wood_impact_0.96296307373047
1286.391,jump_input_pressed,365.617614746094,-243.022811889648,0.0,0.0,Jump,pressed
1286.391,jump_executed,365.617614746094,-243.022811889648,0.0,-500.0,jump,x_365.617614746094_y_-243.022811889648
1286.424,move_right_pressed,365.617614746094,-259.392242431641,15.0,-458.499969482422,Move_Right,pressed
1286.772,jump_input_released,412.117614746094,-349.018127441406,180.0,-36.1665573120117,Jump,released
1286.822,jump_peak_reached,421.117614746094,-349.784790039062,180.0,42.5371475219727,jump_peak,x_421.117614746094_y_-349.784790039062
1287.023,platform_landed,425.950958251953,-297.017425537109,0.0,0.0,land_on_platform,platform_scene-1/Tile Map/23_-16_layer_Tile Map_tile_23_-16_source_1_atlas_2_0
1287.023,landed,425.950958251953,-297.017425537109,0.0,0.0,land,surface_wood_impact_0.97396331787109
1287.073,move_right_pressed,425.950958251953,-297.017425537109,33.3333320617676,0.0,Move_Right,pressed
1287.107,jump_input_pressed,427.617614746094,-297.017425537109,100.0,0.0,Jump,pressed
1287.107,jump_executed,427.617614746094,-297.017425537109,100.0,-500.0,jump,x_427.617614746094_y_-297.017425537109
1287.399,jump_input_released,474.377349853516,-392.408081054688,180.0,-154.333221435547,Jump,released
1287.489,jump_peak_reached,492.377349853516,-397.199737548828,180.0,41.2037048339844,jump_peak,x_492.377349853516_y_-397.199737548828
1287.673,platform_landed,528.377319335938,-351.066223144531,180.0,0.0,land_on_platform,platform_scene-1/Tile Map/29_-19_layer_Tile Map_tile_29_-19_source_1_atlas_12_0
1287.673,landed,528.377319335938,-351.066223144531,180.0,0.0,land,surface_wood_impact_0.89722235107422
1287.674,sonification,528.377319335938,-351.066223144531,180.0,0.0,osc_received,"value_[1, ""mushrooms""]"
1287.706,jump_input_pressed,531.377319335938,-351.066223144531,180.0,0.0,Jump,pressed
1287.706,jump_executed,531.377319335938,-351.066223144531,180.0,-500.0,jump,x_531.377319335938_y_-351.066223144531
1287.706,sonification,534.380004882812,-359.408020019531,180.0,-500.055541992188,osc_received,"value_[1, ""mushrooms""]"
1287.973,move_left_pressed,579.380004882812,-443.495971679688,96.6666641235352,-174.222106933594,Move_Left,pressed
1288.14,jump_peak_reached,573.991149902344,-457.902435302734,-121.66667175293,39.8149261474609,jump_peak,x_573.991149902344_y_-457.902435302734
1288.331,jump_input_released,546.080688476562,-416.652221679688,-17.1760559082031,447.222381591797,Jump,released
1288.44,platform_landed,536.790588378906,-351.067169189453,-122.176055908203,0.0,land_on_platform,platform_scene-1/Tile Map/29_-19_layer_Tile Map_tile_29_-19_source_1_atlas_12_0
1288.441,landed,536.790588378906,-351.067169189453,-122.176055908203,0.0,land,surface_wood_impact_1.41296337890625
1288.441,sonification,536.790588378906,-351.067169189453,-122.176055908203,0.0,osc_received,"value_[1, ""mushrooms""]"
1288.49,sonification,532.995849609375,-351.067169189453,0.0,0.0,osc_received,"value_[1, ""mushrooms""]"
1288.698,move_right_pressed,532.995849609375,-351.067169189453,33.3333320617676,0.0,Move_Right,pressed
1288.699,sonification,533.551391601562,-351.067169189453,33.3333320617676,0.0,osc_received,"value_[1, ""mushrooms""]"
1288.765,musicking,541.329162597656,-351.067169189453,166.666656494141,0.0,osc_received,"value_[1, ""chain-jumps-combo-walk""]"
1288.849,jump_input_pressed,553.329162597656,-351.067169189453,180.0,0.0,Jump,pressed
1288.849,jump_executed,553.329162597656,-351.067169189453,180.0,-500.0,jump,x_553.329162597656_y_-351.067169189453
1288.856,sonification,556.331604003906,-359.408233642578,180.0,-500.055541992188,osc_received,"value_[1, ""mushrooms""]"
1289.234,jump_input_released,622.331604003906,-457.023010253906,180.0,-36.1665573120117,Jump,released
1289.281,jump_peak_reached,631.331604003906,-457.789672851562,96.6666641235352,42.5371475219727,jump_peak,x_631.331604003906_y_-457.789672851562
1289.364,coin_collected,633.164916992188,-448.072082519531,0.0,190.685302734375,collect_coin,coin_coin11_score_16
1289.44,platform_landed,633.164916992188,-420.046020507812,0.0,0.0,land_on_platform,platform_scene-1/Tile Map/35_-23_layer_Tile Map_tile_35_-23_source_1_atlas_19_3
1289.44,landed,633.164916992188,-420.046020507812,0.0,0.0,land,surface_wood_impact_0.82581512451172
1289.44,sonification,633.164916992188,-420.046020507812,0.0,0.0,osc_received,"value_[1, ""leaves""]"
1289.591,move_right_pressed,633.164916992188,-420.046020507812,33.3333320617676,0.0,Move_Right,pressed
1289.639,jump_input_pressed,636.49853515625,-420.002716064453,133.33332824707,0.0,Jump,pressed
1289.639,jump_executed,636.49853515625,-420.002716064453,133.33332824707,-500.0,jump,x_636.49853515625_y_-420.002716064453
1290.072,jump_peak_reached,712.903076171875,-526.890014648438,180.0,39.8149261474609,jump_peak,x_712.903076171875_y_-526.890014648438
1290.09,jump_input_released,715.903076171875,-526.226440429688,96.6666641235352,76.8519668579102,Jump,released
1290.223,platform_landed,717.736389160156,-495.002960205078,0.0,0.0,land_on_platform,platform_scene-1/Tile Map/39_-27_layer_Tile Map_tile_39_-27_source_1_atlas_2_0
1290.223,landed,717.736389160156,-495.002960205078,0.0,0.0,land,surface_wood_impact_0.74629656982422
1290.689,move_left_pressed,717.736389160156,-495.002960205078,-33.3333320617676,0.0,Move_Left,pressed
1291.024,move_right_pressed,698.569763183594,-495.066528320312,33.3333320617676,0.0,Move_Right,pressed
1291.081,jump_input_pressed,701.903076171875,-495.066528320312,133.33332824707,0.0,Jump,pressed
1291.081,jump_executed,701.903076171875,-495.066528320312,133.33332824707,-500.0,jump,x_701.903076171875_y_-495.066528320312
1291.506,jump_peak_reached,778.294006347656,-601.90283203125,180.0,39.8149261474609,jump_peak,x_778.294006347656_y_-601.90283203125
1291.532,jump_input_released,781.294006347656,-601.2392578125,180.0,76.8519668579102,Jump,released
1291.606,platform_landed,799.294006347656,-585.066345214844,180.0,0.0,land_on_platform,platform_scene-1/Tile Map/44_-32_layer_Tile Map_tile_44_-32_source_1_atlas_3_0
1291.606,landed,799.294006347656,-585.066345214844,180.0,0.0,land,surface_wood_impact_0.52407427978516
1292.023,coin_collected,861.156616210938,-478.626007080078,0.0,666.666748046875,collect_coin,coin_coin17_score_18
1292.023,move_left_pressed,861.156616210938,-478.626007080078,-15.0,703.703796386719,Move_Left,pressed
1292.025,platform_landed,860.917175292969,-474.050872802734,-15.0,0.0,land_on_platform,platform_scene-1/Tile Map/47_-26_layer_Tile Map_tile_47_-26_source_1_atlas_13_6
1292.025,landed,860.917175292969,-474.050872802734,-15.0,0.0,land,surface_wood_impact_1.40740759277344
1292.027,sonification,860.917175292969,-474.050872802734,-15.0,0.0,osc_received,"value_[1, ""water-tube""]"
1292.156,coin_collected,845.361633300781,-474.050872802734,-180.0,0.0,collect_coin,coin_coin16_score_20
1292.456,move_right_pressed,843.5283203125,-474.050872802734,33.3333320617676,0.0,Move_Right,pressed
1292.823,coin_collected,902.861694335938,-474.053924560547,180.0,0.0,collect_coin,coin_coin18_score_22
1293.022,coin_collected,938.861694335938,-474.053924560547,180.0,0.0,collect_coin,coin_coin19_score_24
1293.174,jump_input_pressed,965.861694335938,-474.053924560547,180.0,0.0,Jump,pressed
1293.174,jump_executed,965.861694335938,-474.053924560547,180.0,-500.0,jump,x_965.861694335938_y_-474.053924560547
1293.606,jump_peak_reached,1037.92529296875,-580.889770507812,15.0,39.8149261474609,jump_peak,x_1037.92529296875_y_-580.889770507812
1293.706,jump_input_released,1037.92529296875,-567.6494140625,15.0,262.037139892578,Jump,released
1293.739,move_left_pressed,1037.92529296875,-558.297546386719,0.0,336.111236572266,Move_Left,pressed
1293.907,platform_landed,1023.46099853516,-474.049468994141,-150.0,0.0,land_on_platform,platform_scene-1/Tile Map/56_-26_layer_Tile Map_tile_56_-26_source_1_atlas_13_6
1293.907,landed,1023.46099853516,-474.049468994141,-150.0,0.0,land,surface_wood_impact_1.41296337890625
1293.914,sonification,1023.46099853516,-474.049468994141,-150.0,0.0,osc_received,"value_[1, ""water-tube""]"
1294.857,jump_input_pressed,855.460998535156,-474.0576171875,-180.0,0.0,Jump,pressed
1294.858,jump_executed,855.460998535156,-474.0576171875,-180.0,-500.0,jump,x_855.460998535156_y_-474.0576171875
1294.972,move_left_pressed,847.625305175781,-525.183715820312,-15.0,-355.722137451172,Move_Left,pressed
1295.172,move_left_pressed,846.875305175781,-574.254089355469,-15.0,-114.722114562988,Move_Left,pressed
1295.257,jump_input_released,846.125305175781,-580.638366699219,0.0,-16.6665554046631,Jump,released
1295.289,jump_peak_reached,846.125305175781,-580.8466796875,0.0,41.2038154602051,jump_peak,x_846.125305175781_y_-580.8466796875
1295.59,platform_landed,846.125305175781,-474.041107177734,0.0,0.0,land_on_platform,platform_scene-1/Tile Map/46_-26_layer_Tile Map_tile_46_-26_source_1_atlas_13_6
1295.59,landed,846.125305175781,-474.041107177734,0.0,0.0,land,surface_wood_impact_1.4157412109375
1295.591,sonification,846.125305175781,-474.041107177734,0.0,0.0,osc_received,"value_[1, ""water-tube""]"
1295.791,move_left_pressed,846.125305175781,-474.041107177734,-33.3333320617676,0.0,Move_Left,pressed
1296.04,jump_input_pressed,808.380493164062,-474.797821044922,-180.0,37.037036895752,Jump,pressed
1296.04,jump_executed,808.380493164062,-474.797821044922,-180.0,-500.0,jump,x_808.380493164062_y_-474.797821044922
1296.256,jump_peak_reached,769.379211425781,-550.31396484375,-180.0,74.0740737915039,jump_peak,x_769.379211425781_y_-550.31396484375
1296.44,platform_landed,733.379211425781,-495.066253662109,-180.0,0.0,land_on_platform,platform_scene-1/Tile Map/40_-27_layer_Tile Map_tile_40_-27_source_1_atlas_3_0
1296.44,landed,733.379211425781,-495.066253662109,-180.0,0.0,land,surface_wood_impact_0.96296307373047
1296.556,jump_input_released,715.379211425781,-495.066253662109,-180.0,0.0,Jump,released
1296.858,move_right_pressed,707.5458984375,-495.066253662109,33.3333320617676,0.0,Move_Right,pressed
1296.889,jump_input_pressed,709.212524414062,-495.066253662109,100.0,0.0,Jump,pressed
1296.889,jump_executed,709.212524414062,-495.066253662109,100.0,-500.0,jump,x_709.212524414062_y_-495.066253662109
1297.323,jump_peak_reached,781.575317382812,-601.903015136719,13.3333311080933,39.8149261474609,jump_peak,x_781.575317382812_y_-601.903015136719
1297.323,jump_input_released,781.575317382812,-601.903015136719,13.3333311080933,39.8149261474609,Jump,released
1297.422,platform_landed,781.797546386719,-585.002990722656,0.0,0.0,land_on_platform,platform_scene-1/Tile Map/43_-32_layer_Tile Map_tile_43_-32_source_1_atlas_2_0
1297.422,landed,781.797546386719,-585.002990722656,0.0,0.0,land,surface_wood_impact_0.52407427978516
1297.474,move_left_pressed,781.797546386719,-585.002990722656,-33.3333320617676,0.0,Move_Left,pressed
1297.54,jump_input_pressed,776.242004394531,-585.002990722656,-166.666656494141,0.0,Jump,pressed
1297.54,jump_executed,776.242004394531,-585.002990722656,-166.666656494141,-500.0,jump,x_776.242004394531_y_-585.002990722656
1297.972,jump_peak_reached,698.445190429688,-691.888793945312,-180.0,39.8149261474609,jump_peak,x_698.445190429688_y_-691.888793945312
1298.024,jump_input_released,689.445190429688,-688.046203613281,-180.0,150.926040649414,Jump,released
1298.256,coin_collected,657.611877441406,-596.657287597656,0.0,632.407592773438,collect_coin,coin_coin15_score_26
1298.273,platform_landed,657.611877441406,-585.005432128906,0.0,0.0,land_on_platform,platform_scene-1/Tile Map/36_-32_layer_Tile Map_tile_36_-32_source_1_atlas_2_0
1298.273,landed,657.611877441406,-585.005432128906,0.0,0.0,land,surface_wood_impact_1.41296337890625
1298.466,move_left_pressed,657.611877441406,-585.005432128906,-33.3333320617676,0.0,Move_Left,pressed
1298.474,jump_input_pressed,657.056335449219,-585.005432128906,-66.6666641235352,0.0,Jump,pressed
1298.474,jump_executed,657.056335449219,-585.005432128906,-66.6666641235352,-500.0,jump,x_657.056335449219_y_-585.005432128906
1298.906,jump_peak_reached,587.159606933594,-691.894470214844,-180.0,39.8149261474609,jump_peak,x_587.159606933594_y_-691.894470214844
1298.956,jump_input_released,578.159606933594,-688.051879882812,-180.0,150.926040649414,Jump,released
1299.206,platform_landed,540.326293945312,-585.011108398438,0.0,0.0,land_on_platform,platform_scene-1/Tile Map/29_-32_layer_Tile Map_tile_29_-32_source_1_atlas_1_0
1299.206,landed,540.326293945312,-585.011108398438,0.0,0.0,land,surface_wood_impact_1.41296337890625
1299.389,move_left_pressed,540.326293945312,-585.011108398438,-33.3333320617676,0.0,Move_Left,pressed
1299.423,jump_input_pressed,538.65966796875,-585.067565917969,-100.0,0.0,Jump,pressed
1299.423,jump_executed,538.65966796875,-585.067565917969,-100.0,-500.0,jump,x_538.65966796875_y_-585.067565917969
1299.791,jump_input_released,476.908142089844,-690.073669433594,-180.0,-55.722110748291,Jump,released
1299.865,jump_peak_reached,464.908142089844,-691.705139160156,-180.0,43.8149261474609,jump_peak,x_464.908142089844_y_-691.705139160156
1300.173,platform_landed,445.074798583984,-564.001525878906,0.0,0.0,land_on_platform,platform_scene-1/Tile Map/24_-31_layer_Tile Map_tile_24_-31_source_1_atlas_13_6
1300.173,landed,445.074798583984,-564.001525878906,0.0,0.0,land,surface_wood_impact_1.49503747558594
1300.181,sonification,445.074798583984,-564.001525878906,0.0,0.0,osc_received,"value_[1, ""water-tube""]"
1300.289,move_left_pressed,445.074798583984,-564.001525878906,-33.3333320617676,0.0,Move_Left,pressed
1300.306,jump_input_pressed,444.519317626953,-564.054626464844,-66.6666641235352,0.0,Jump,pressed
1300.306,jump_executed,444.519317626953,-564.054626464844,-66.6666641235352,-500.0,jump,x_444.519317626953_y_-564.054626464844
1300.739,jump_peak_reached,374.629516601562,-670.890075683594,-180.0,39.8149261474609,jump_peak,x_374.629516601562_y_-670.890075683594
1300.873,jump_input_released,350.629516601562,-648.297485351562,-180.0,336.111236572266,Jump,released
1301.007,platform_landed,323.578552246094,-582.052856445312,-180.0,0.0,land_on_platform,platform_scene-1/Tile Map/17_-32_layer_Tile Map_tile_17_-32_source_1_atlas_13_6
1301.007,landed,323.578552246094,-582.052856445312,-180.0,0.0,land,surface_wood_impact_1.26481518554687
1301.008,sonification,323.578552246094,-582.052856445312,-180.0,0.0,osc_received,"value_[1, ""water-tube""]"
1301.14,jump_input_pressed,302.578918457031,-582.100219726562,-180.0,0.0,Jump,pressed
1301.14,jump_executed,302.578918457031,-582.100219726562,-180.0,-500.0,jump,x_302.578918457031_y_-582.100219726562
1301.557,jump_input_released,227.576965332031,-688.980651855469,-180.0,2.77788853645325,Jump,released
1301.573,jump_peak_reached,224.576965332031,-688.934326171875,-180.0,39.8149261474609,jump_peak,x_224.576965332031_y_-688.934326171875
1301.873,platform_landed,177.743621826172,-582.050964355469,0.0,0.0,land_on_platform,platform_scene-1/Tile Map/9_-32_layer_Tile Map_tile_9_-32_source_1_atlas_14_6
1301.873,landed,177.743621826172,-582.050964355469,0.0,0.0,land,surface_wood_impact_1.41296337890625
1301.881,sonification,177.743621826172,-582.050964355469,0.0,0.0,osc_received,"value_[1, ""water-tube""]"
1302.125,move_left_pressed,177.743621826172,-582.050964355469,-33.3333320617676,0.0,Move_Left,pressed
1302.141,jump_input_pressed,177.188415527344,-582.095764160156,-66.6666641235352,0.0,Jump,pressed
1302.141,jump_executed,177.188415527344,-582.095764160156,-66.6666641235352,-500.0,jump,x_177.188415527344_y_-582.095764160156
1302.473,jump_input_released,125.298736572266,-684.221801757812,-180.0,-94.9998931884766,Jump,released
1302.573,jump_peak_reached,107.298736572266,-688.513488769531,-180.0,46.2038116455078,jump_peak,x_107.298736572266_y_-688.513488769531
1302.856,coin_collected,96.4654006958008,-591.471801757812,0.0,638.796508789062,collect_coin,coin_coin20_score_28
1302.857,platform_landed,96.4654006958008,-585.003845214844,0.0,0.0,land_on_platform,platform_scene-1/Tile Map/5_-32_layer_Tile Map_tile_5_-32_source_1_atlas_3_0
1302.857,landed,96.4654006958008,-585.003845214844,0.0,0.0,land,surface_wood_impact_1.35166711425781
1302.908,move_left_pressed,96.4654006958008,-585.003845214844,-33.3333320617676,0.0,Move_Left,pressed
1303.307,move_left_pressed,68.2987289428711,-585.074768066406,-33.3333320617676,0.0,Move_Left,pressed
1303.307,jump_input_pressed,68.2987289428711,-585.074768066406,-33.3333320617676,0.0,Jump,pressed
1303.307,jump_executed,68.2987289428711,-585.074768066406,-33.3333320617676,-500.0,jump,x_68.2987289428711_y_-585.074768066406
1303.507,jump_input_released,45.4930877685547,-662.496215820312,-96.6666641235352,-254.333206176758,Jump,released
1303.606,jump_peak_reached,43.6597557067871,-667.287902832031,0.0,41.2037048339844,jump_peak,x_43.6597557067871_y_-667.287902832031
1303.823,platform_landed,43.6597557067871,-603.01513671875,0.0,0.0,land_on_platform,platform_scene-1/Tile Map/2_-33_layer_Tile Map_tile_2_-33_source_1_atlas_0_0
1303.824,landed,43.6597557067871,-603.01513671875,0.0,0.0,land,surface_wood_impact_1.04537048339844
1303.957,jump_input_pressed,43.6597557067871,-603.01513671875,0.0,0.0,Jump,pressed
1303.958,jump_executed,43.6597557067871,-603.01513671875,0.0,-500.0,jump,x_43.6597557067871_y_-603.01513671875
1303.99,move_left_pressed,43.6597557067871,-619.391235351562,-15.0,-458.499969482422,Move_Left,pressed
1304.173,jump_peak_reached,27.1580467224121,-676.315490722656,-180.0,74.0740737915039,jump_peak,x_27.1580467224121_y_-676.315490722656
1304.207,jump_input_released,21.1580467224121,-673.229064941406,-180.0,148.148147583008,Jump,released
1304.34,platform_landed,-4.44394874572754,-636.052307128906,-96.6666641235352,0.0,land_on_platform,platform_scene-1/Tile Map/-1_-35_layer_Tile Map_tile_-1_-35_source_1_atlas_13_6
1304.34,landed,-4.44394874572754,-636.052307128906,-96.6666641235352,0.0,land,surface_wood_impact_0.88888897705078
1304.348,sonification,-4.44394874572754,-636.052307128906,-96.6666641235352,0.0,osc_received,"value_[1, ""water-tube""]"
1304.589,jump_input_pressed,-4.66616201400757,-636.052307128906,0.0,0.0,Jump,pressed
1304.589,jump_executed,-4.66616201400757,-636.052307128906,0.0,-500.0,jump,x_-4.66616201400757_y_-636.052307128906
1304.608,move_right_pressed,-4.66616201400757,-644.39453125,15.0,-479.222198486328,Move_Right,pressed
1304.94,jump_input_released,38.8338394165039,-739.783386230469,180.0,-75.3332214355469,Jump,released
1305.006,move_right_pressed,49.4449501037598,-742.722229003906,111.666664123535,8.00010871887207,Move_Right,pressed
1305.022,jump_peak_reached,51.3060607910156,-742.5888671875,126.666664123535,45.0371475219727,jump_peak,x_51.3060607910156_y_-742.5888671875
1305.173,platform_landed,54.1393928527832,-711.024536132812,0.0,0.0,land_on_platform,platform_scene-1/Tile Map/2_-39_layer_Tile Map_tile_2_-39_source_1_atlas_2_0
1305.173,landed,54.1393928527832,-711.024536132812,0.0,0.0,land,surface_wood_impact_0.75674102783203
1305.307,move_left_pressed,54.1393928527832,-711.024536132812,-33.3333320617676,0.0,Move_Left,pressed
1305.373,jump_input_pressed,48.5838356018066,-711.024536132812,-166.666656494141,0.0,Jump,pressed
1305.373,jump_executed,48.5838356018066,-711.024536132812,-166.666656494141,-500.0,jump,x_48.5838356018066_y_-711.024536132812
1305.756,jump_input_released,-10.4571189880371,-816.980773925781,-180.0,-36.1665573120117,Jump,released
1305.806,jump_peak_reached,-15.2904529571533,-817.747436523438,0.0,42.5371475219727,jump_peak,x_-15.2904529571533_y_-817.747436523438
1305.907,platform_landed,-15.2904529571533,-801.011169433594,0.0,0.0,land_on_platform,platform_scene-1/Tile Map/-1_-44_layer_Tile Map_tile_-1_-44_source_1_atlas_3_0
1305.907,landed,-15.2904529571533,-801.011169433594,0.0,0.0,land,surface_wood_impact_0.52951873779297
1306.056,move_right_pressed,-15.2904529571533,-801.011169433594,33.3333320617676,0.0,Move_Right,pressed
1306.091,jump_input_pressed,-13.6237869262695,-801.011169433594,100.0,0.0,Jump,pressed
1306.092,jump_executed,-13.6237869262695,-801.011169433594,100.0,-500.0,jump,x_-13.6237869262695_y_-801.011169433594
1306.523,jump_peak_reached,60.1370697021484,-907.894104003906,180.0,39.8149261474609,jump_peak,x_60.1370697021484_y_-907.894104003906
1306.572,jump_input_released,69.1370697021484,-904.051513671875,180.0,150.926040649414,Jump,released
1306.79,platform_landed,94.9704055786133,-815.99755859375,0.0,0.0,land_on_platform,platform_scene-1/Tile Map/5_-45_layer_Tile Map_tile_5_-45_source_1_atlas_13_6
1306.79,landed,94.9704055786133,-815.99755859375,0.0,0.0,land,surface_wood_impact_1.26481518554687
1306.791,sonification,94.9704055786133,-815.99755859375,0.0,0.0,osc_received,"value_[1, ""water-tube""]"
1307.125,move_right_pressed,94.9704055786133,-815.99755859375,33.3333320617676,0.0,Move_Right,pressed
1307.257,jump_input_pressed,112.303588867188,-816.093688964844,180.0,0.0,Jump,pressed
1307.257,jump_executed,112.303588867188,-816.093688964844,180.0,-500.0,jump,x_112.303588867188_y_-816.093688964844
1307.658,jump_input_released,184.304916381836,-922.671447753906,180.0,-16.6665554046631,Jump,released
1307.689,jump_peak_reached,190.304916381836,-922.879760742188,180.0,41.2038154602051,jump_peak,x_190.304916381836_y_-922.879760742188
1307.974,platform_landed,201.138259887695,-819.000305175781,0.0,0.0,land_on_platform,platform_scene-1/Tile Map/11_-45_layer_Tile Map_tile_11_-45_source_1_atlas_14_7
1307.974,landed,201.138259887695,-819.000305175781,0.0,0.0,land,surface_wood_impact_1.34166711425781
1307.974,sonification,201.138259887695,-819.000305175781,0.0,0.0,osc_received,"value_[1, ""cloud""]"
1308.091,move_right_pressed,201.138259887695,-819.000305175781,33.3333320617676,0.0,Move_Right,pressed
1308.106,jump_input_pressed,201.693817138672,-819.000305175781,66.6666641235352,0.0,Jump,pressed
1308.106,jump_executed,201.693817138672,-819.000305175781,66.6666641235352,-500.0,jump,x_201.693817138672_y_-819.000305175781
1308.539,jump_peak_reached,271.591369628906,-925.893737792969,180.0,39.8149261474609,jump_peak,x_271.591369628906_y_-925.893737792969
1308.841,platform_landed,328.600738525391,-816.064147949219,180.0,0.0,land_on_platform,platform_scene-1/Tile Map/18_-45_layer_Tile Map_tile_18_-45_source_1_atlas_13_6
1308.842,landed,328.600738525391,-816.064147949219,180.0,0.0,land,surface_wood_impact_1.41296337890625
1308.845,sonification,328.600738525391,-816.064147949219,180.0,0.0,osc_received,"value_[1, ""water-tube""]"
1308.864,jump_input_released,328.600738525391,-816.064147949219,180.0,0.0,Jump,released
1309.84,jump_input_pressed,339.434143066406,-816.049255371094,0.0,0.0,Jump,pressed
1309.84,jump_executed,339.434143066406,-816.049255371094,0.0,-500.0,jump,x_339.434143066406_y_-816.049255371094
1309.858,move_right_pressed,339.434143066406,-824.391967773438,15.0,-479.222198486328,Move_Right,pressed
1310.273,jump_peak_reached,397.934143066406,-922.886352539062,180.0,39.8149261474609,jump_peak,x_397.934143066406_y_-922.886352539062
1310.306,jump_input_released,403.934143066406,-920.94189453125,180.0,113.889007568359,Jump,released
1310.423,platform_landed,408.767486572266,-891.023559570312,0.0,0.0,land_on_platform,platform_scene-1/Tile Map/22_-49_layer_Tile Map_tile_22_-49_source_1_atlas_2_0
1310.423,landed,408.767486572266,-891.023559570312,0.0,0.0,land,surface_wood_impact_0.74629656982422
1310.706,move_left_pressed,408.767486572266,-891.023559570312,-33.3333320617676,0.0,Move_Left,pressed
1310.706,jump_input_pressed,408.767486572266,-891.023559570312,-33.3333320617676,0.0,Jump,pressed
1310.706,jump_executed,408.767486572266,-891.023559570312,-33.3333320617676,-500.0,jump,x_408.767486572266_y_-891.023559570312
1311.123,jump_input_released,348.347900390625,-997.943969726562,-13.3333311080933,2.77788853645325,Jump,released
1311.139,jump_peak_reached,348.125671386719,-997.897644042969,0.0,39.8149261474609,jump_peak,x_348.125671386719_y_-997.897644042969
1311.306,platform_landed,348.125671386719,-960.012451171875,0.0,0.0,land_on_platform,platform_scene-1/Tile Map/19_-53_layer_Tile Map_tile_19_-53_source_1_atlas_13_6
1311.306,landed,348.125671386719,-960.012451171875,0.0,0.0,land,surface_wood_impact_0.82037066650391
1311.306,sonification,348.125671386719,-960.012451171875,0.0,0.0,osc_received,"value_[1, ""water-tube""]"
1312.426,move_right_pressed,348.125671386719,-960.012451171875,33.3333320617676,0.0,Move_Right,pressed
1312.689,move_left_pressed,372.740631103516,-961.045959472656,-33.3333320617676,0.0,Move_Left,pressed
1313.107,jump_input_pressed,347.558563232422,-960.050903320312,0.0,0.0,Jump,pressed
1313.108,jump_executed,347.558563232422,-960.050903320312,0.0,-500.0,jump,x_347.558563232422_y_-960.050903320312
1313.324,jump_input_released,347.558563232422,-1041.73986816406,0.0,-234.222106933594,Jump,released
1313.423,jump_peak_reached,347.558563232422,-1046.53149414062,0.0,41.2037048339844,jump_peak,x_347.558563232422_y_-1046.53149414062
1313.691,platform_landed,347.558563232422,-960.004943847656,0.0,0.0,land_on_platform,platform_scene-1/Tile Map/19_-53_layer_Tile Map_tile_19_-53_source_1_atlas_13_6
1313.691,landed,347.558563232422,-960.004943847656,0.0,0.0,land,surface_wood_impact_1.2675927734375
1313.692,sonification,347.558563232422,-960.004943847656,0.0,0.0,osc_received,"value_[1, ""water-tube""]"
1314.056,jump_input_pressed,347.558563232422,-960.004943847656,0.0,0.0,Jump,pressed
1314.056,jump_executed,347.558563232422,-960.004943847656,0.0,-500.0,jump,x_347.558563232422_y_-960.004943847656
1314.256,jump_input_released,347.558563232422,-1037.48291015625,0.0,-254.333206176758,Jump,released
1314.356,jump_peak_reached,347.558563232422,-1042.27453613281,0.0,41.2037048339844,jump_peak,x_347.558563232422_y_-1042.27453613281
1314.608,platform_landed,347.558563232422,-960.010131835938,0.0,0.0,land_on_platform,platform_scene-1/Tile Map/19_-53_layer_Tile Map_tile_19_-53_source_1_atlas_13_6
1314.608,landed,347.558563232422,-960.010131835938,0.0,0.0,land,surface_wood_impact_1.19351867675781
1314.609,sonification,347.558563232422,-960.010131835938,0.0,0.0,osc_received,"value_[1, ""water-tube""]"
1314.742,move_right_pressed,347.558563232422,-960.010131835938,33.3333320617676,0.0,Move_Right,pressed
1314.89,jump_input_pressed,367.800140380859,-960.278076171875,180.0,0.0,Jump,pressed
1314.89,jump_executed,367.800140380859,-960.278076171875,180.0,-500.0,jump,x_367.800140380859_y_-960.278076171875
1315.257,jump_input_released,433.801849365234,-1065.28186035156,180.0,-55.722110748291,Jump,released
1315.323,jump_peak_reached,445.801849365234,-1066.91333007812,180.0,43.8149261474609,jump_peak,x_445.801849365234_y_-1066.91333007812
1315.557,coin_collected,471.635192871094,-1000.51696777344,0.0,525.296447753906,collect_coin,coin_coin21_score_30
1315.59,platform_landed,471.635192871094,-981.005004882812,0.0,0.0,land_on_platform,platform_scene-1/Tile Map/26_-54_layer_Tile Map_tile_26_-54_source_1_atlas_2_0
1315.59,landed,471.635192871094,-981.005004882812,0.0,0.0,land,surface_wood_impact_1.27281518554688
1315.859,move_right_pressed,471.635192871094,-981.005004882812,33.3333320617676,0.0,Move_Right,pressed
1315.89,jump_input_pressed,473.301849365234,-981.005004882812,100.0,0.0,Jump,pressed
1315.89,jump_executed,473.301849365234,-981.005004882812,100.0,-500.0,jump,x_473.301849365234_y_-981.005004882812
1316.058,jump_input_released,497.6748046875,-1048.97644042969,13.3333311080933,-294.722106933594,Jump,released
1316.157,jump_peak_reached,497.897033691406,-1053.76806640625,0.0,41.2037048339844,jump_peak,x_497.897033691406_y_-1053.76806640625
1316.223,move_right_pressed,497.897033691406,-1047.31750488281,15.0,189.351852416992,Move_Right,pressed
1316.357,platform_landed,509.147033691406,-999.066589355469,135.0,0.0,land_on_platform,platform_scene-1/Tile Map/28_-55_layer_Tile Map_tile_28_-55_source_1_atlas_0_0
1316.357,landed,509.147033691406,-999.066589355469,135.0,0.0,land,surface_wood_impact_0.97129644775391
1316.767,move_right_pressed,513.397033691406,-999.066589355469,33.3333320617676,0.0,Move_Right,pressed
1316.789,jump_input_pressed,515.063659667969,-999.066589355469,100.0,0.0,Jump,pressed
1316.789,jump_executed,515.063659667969,-999.066589355469,100.0,-500.0,jump,x_515.063659667969_y_-999.066589355469
1317.132,jump_input_released,570.815307617188,-1101.19494628906,180.0,-94.9998931884766,Jump,released
1317.223,jump_peak_reached,587.426391601562,-1105.48657226562,13.3333311080933,46.2038116455078,jump_peak,x_587.426391601562_y_-1105.48657226562
1317.456,platform_landed,587.648620605469,-1031.98852539062,0.0,0.0,land_on_platform,platform_scene-1/Tile Map/32_-57_layer_Tile Map_tile_32_-57_source_1_atlas_13_6
1317.456,landed,587.648620605469,-1031.98852539062,0.0,0.0,land,surface_wood_impact_1.12944482421875
1317.456,sonification,587.648620605469,-1031.98852539062,0.0,0.0,osc_received,"value_[1, ""water-tube""]"
1317.624,move_right_pressed,587.648620605469,-1031.98852539062,33.3333320617676,0.0,Move_Right,pressed
1317.673,jump_input_pressed,590.981994628906,-1032.05322265625,133.33332824707,0.0,Jump,pressed
1317.673,jump_executed,590.981994628906,-1032.05322265625,133.33332824707,-500.0,jump,x_590.981994628906_y_-1032.05322265625
1317.958,jump_input_released,640.372253417969,-1127.39990234375,180.0,-154.333221435547,Jump,released
1318.056,jump_peak_reached,648.20556640625,-1132.19152832031,0.0,41.2037048339844,jump_peak,x_648.20556640625_y_-1132.19152832031
1318.24,platform_landed,648.20556640625,-1089.03674316406,0.0,0.0,land_on_platform,platform_scene-1/Tile Map/35_-60_layer_Tile Map_tile_35_-60_source_1_atlas_1_0
1318.24,landed,648.20556640625,-1089.03674316406,0.0,0.0,land,surface_wood_impact_0.89722235107422
1318.457,move_left_pressed,648.20556640625,-1089.03674316406,-33.3333320617676,0.0,Move_Left,pressed
1318.507,jump_input_pressed,644.872253417969,-1089.03674316406,-133.33332824707,0.0,Jump,pressed
1318.507,jump_executed,644.872253417969,-1089.03674316406,-133.33332824707,-500.0,jump,x_644.872253417969_y_-1089.03674316406
1318.806,jump_input_released,592.474853515625,-1186.99914550781,-180.0,-134.499893188477,Jump,released
1318.907,jump_peak_reached,574.474853515625,-1191.79077148438,-180.0,41.2037048339844,jump_peak,x_574.474853515625_y_-1191.79077148438
1319.09,platform_landed,557.641540527344,-1143.013671875,0.0,0.0,land_on_platform,platform_scene-1/Tile Map/30_-63_layer_Tile Map_tile_30_-63_source_1_atlas_1_0
1319.09,landed,557.641540527344,-1143.013671875,0.0,0.0,land,surface_wood_impact_0.89722235107422
1319.106,move_left_pressed,557.641540527344,-1143.013671875,-33.3333320617676,0.0,Move_Left,pressed
1319.123,jump_input_pressed,557.085998535156,-1143.013671875,-66.6666641235352,0.0,Jump,pressed
1319.123,jump_executed,557.085998535156,-1143.013671875,-66.6666641235352,-500.0,jump,x_557.085998535156_y_-1143.013671875
1319.333,jump_input_released,529.190185546875,-1220.48718261719,-180.0,-254.333206176758,Jump,released
1319.39,jump_input_pressed,517.190185546875,-1225.07043457031,-180.0,-16.6666660308838,Jump,pressed
1319.423,jump_peak_reached,511.190185546875,-1225.27880859375,-180.0,41.2037048339844,jump_peak,x_511.190185546875_y_-1225.27880859375
1319.557,platform_landed,484.190185546875,-1197.06616210938,-180.0,0.0,land_on_platform,platform_scene-1/Tile Map/26_-66_layer_Tile Map_tile_26_-66_source_1_atlas_1_0
1319.557,landed,484.190185546875,-1197.06616210938,-180.0,0.0,land,surface_wood_impact_0.67500006103516
1319.59,jump_input_released,481.190185546875,-1197.06616210938,-180.0,0.0,Jump,released
1319.641,musicking,476.010498046875,-1197.00048828125,0.0,0.0,osc_received,"value_[1, ""chain-jumps-combo-walk""]"
1319.974,jump_input_pressed,476.074890136719,-1197.06616210938,0.0,0.0,Jump,pressed
1319.974,jump_executed,476.074890136719,-1197.06616210938,0.0,-500.0,jump,x_476.074890136719_y_-1197.06616210938
1320.041,move_left_pressed,476.075958251953,-1228.33459472656,-15.0,-417.22216796875,Move_Left,pressed
1320.157,jump_input_released,469.075958251953,-1269.900390625,-120.0,-274.499877929688,Jump,released
1320.257,jump_peak_reached,466.46484375,-1274.69201660156,0.0,41.2037048339844,jump_peak,x_466.46484375_y_-1274.69201660156
1320.473,platform_landed,466.46484375,-1215.0302734375,0.0,0.0,land_on_platform,platform_scene-1/Tile Map/25_-67_layer_Tile Map_tile_25_-67_source_1_atlas_0_0
1320.473,landed,466.46484375,-1215.0302734375,0.0,0.0,land,surface_wood_impact_1.04537048339844
1320.606,move_left_pressed,466.46484375,-1215.0302734375,-33.3333320617676,0.0,Move_Left,pressed
1320.641,jump_input_pressed,464.798187255859,-1215.0302734375,-100.0,0.0,Jump,pressed
1320.641,jump_executed,464.798187255859,-1215.0302734375,-100.0,-500.0,jump,x_464.798187255859_y_-1215.0302734375
1320.94,jump_peak_reached,415.039245605469,-1309.38684082031,-180.0,74.0740737915039,jump_peak,x_415.039245605469_y_-1309.38684082031
1320.999,jump_input_released,406.039245605469,-1303.83129882812,-180.0,185.185180664062,Jump,released
1321.274,platform_landed,352.039245605469,-1161.06628417969,-180.0,0.0,land_on_platform,platform_scene-1/Tile Map/19_-64_layer_Tile Map_tile_19_-64_source_1_atlas_13_7
1321.274,landed,352.039245605469,-1161.06628417969,-180.0,0.0,land,surface_wood_impact_1.6296298828125
1321.275,sonification,352.039245605469,-1161.06628417969,-180.0,0.0,osc_received,"value_[1, ""cloud""]"
1322.391,jump_input_pressed,350.205902099609,-1161.06628417969,0.0,0.0,Jump,pressed
1322.391,jump_executed,350.205902099609,-1161.06628417969,0.0,-500.0,jump,x_350.205902099609_y_-1161.06628417969
1322.408,move_left_pressed,350.205902099609,-1169.40893554688,-15.0,-479.222198486328,Move_Left,pressed
1322.557,jump_input_released,338.955902099609,-1228.98669433594,-51.6666679382324,-294.722106933594,Jump,released
1322.657,jump_peak_reached,338.094787597656,-1233.7783203125,0.0,41.2037048339844,jump_peak,x_338.094787597656_y_-1233.7783203125
1322.857,platform_landed,338.094787597656,-1179.01086425781,0.0,0.0,land_on_platform,platform_scene-1/Tile Map/18_-65_layer_Tile Map_tile_18_-65_source_1_atlas_3_0
1322.857,landed,338.094787597656,-1179.01086425781,0.0,0.0,land,surface_wood_impact_0.97129644775391
1323.006,move_right_pressed,338.094787597656,-1179.01086425781,33.3333320617676,0.0,Move_Right,pressed
1323.208,platform_landed,357.296295166016,-1161.01281738281,0.0,0.0,land_on_platform,platform_scene-1/Tile Map/19_-64_layer_Tile Map_tile_19_-64_source_1_atlas_13_7
1323.208,landed,357.296295166016,-1161.01281738281,0.0,0.0,land,surface_wood_impact_0.51851849365234
1323.209,sonification,357.296295166016,-1161.01281738281,0.0,0.0,osc_received,"value_[1, ""cloud""]"
1323.532,jump_input_pressed,357.296295166016,-1161.01281738281,0.0,0.0,Jump,pressed
1323.532,jump_executed,357.296295166016,-1161.01281738281,0.0,-500.0,jump,x_357.296295166016_y_-1161.01281738281
1323.606,move_left_pressed,357.296295166016,-1199.29455566406,-15.0,-396.666595458984,Move_Left,pressed
1323.739,jump_input_released,348.296295166016,-1242.73901367188,-135.0,-234.222106933594,Jump,released
1323.84,jump_peak_reached,331.796295166016,-1247.53063964844,-180.0,41.2037048339844,jump_peak,x_331.796295166016_y_-1247.53063964844
1324.074,platform_landed,317.962951660156,-1179.01062011719,0.0,0.0,land_on_platform,platform_scene-1/Tile Map/17_-65_layer_Tile Map_tile_17_-65_source_1_atlas_1_0
1324.074,landed,317.962951660156,-1179.01062011719,0.0,0.0,land,surface_wood_impact_1.11944458007812
1324.391,move_left_pressed,317.962951660156,-1179.01062011719,-33.3333320617676,0.0,Move_Left,pressed
1324.391,jump_input_pressed,317.962951660156,-1179.01062011719,-33.3333320617676,0.0,Jump,pressed
1324.392,jump_executed,317.962951660156,-1179.01062011719,-33.3333320617676,-500.0,jump,x_317.962951660156_y_-1179.01062011719
1324.822,jump_peak_reached,253.153747558594,-1285.89575195312,-180.0,39.8149261474609,jump_peak,x_253.153747558594_y_-1285.89575195312
1325.058,platform_landed,208.153747558594,-1215.06701660156,-180.0,0.0,land_on_platform,platform_scene-1/Tile Map/11_-67_layer_Tile Map_tile_11_-67_source_1_atlas_0_0
1325.058,landed,208.153747558594,-1215.06701660156,-180.0,0.0,land,surface_wood_impact_1.1166669921875
1325.099,jump_input_released,205.153747558594,-1215.06701660156,-180.0,0.0,Jump,released
1325.173,platform_landed,194.294738769531,-1213.18371582031,0.0,0.0,land_on_platform,platform_scene-1/Tile Map/11_-67_layer_Tile Map_tile_11_-67_source_1_atlas_0_0
1325.173,landed,194.294738769531,-1213.18371582031,0.0,0.0,land,surface_wood_impact_0.14814814758301
1325.289,move_left_pressed,194.294738769531,-1213.18371582031,-33.3333320617676,0.0,Move_Left,pressed
1325.29,jump_input_pressed,194.294738769531,-1213.18371582031,-33.3333320617676,0.0,Jump,pressed
1325.29,jump_executed,194.294738769531,-1213.18371582031,-33.3333320617676,-500.0,jump,x_194.294738769531_y_-1213.18371582031
1325.681,jump_input_released,138.485763549805,-1319.18371582031,-180.0,-36.1665573120117,Jump,released
1325.731,jump_peak_reached,133.652420043945,-1319.95031738281,0.0,42.5371475219727,jump_peak,x_133.652420043945_y_-1319.95031738281
1325.933,platform_landed,133.652420043945,-1269.00598144531,0.0,0.0,land_on_platform,platform_scene-1/Tile Map/7_-70_layer_Tile Map_tile_7_-70_source_1_atlas_3_0
1325.933,landed,133.652420043945,-1269.00598144531,0.0,0.0,land,surface_wood_impact_0.97396331787109
1326.031,jump_input_pressed,133.652420043945,-1269.00598144531,0.0,0.0,Jump,pressed
1326.031,jump_executed,133.652420043945,-1269.00598144531,0.0,-500.0,jump,x_133.652420043945_y_-1269.00598144531
1326.068,move_left_pressed,133.652420043945,-1285.39001464844,-15.0,-458.499969482422,Move_Left,pressed
1326.29,jump_input_released,108.152420043945,-1361.48913574219,-180.0,-174.222106933594,Jump,released
1326.39,jump_peak_reached,90.1524200439453,-1366.28076171875,-180.0,41.2037048339844,jump_peak,x_90.1524200439453_y_-1366.28076171875
1326.407,coin_collected,87.1524200439453,-1365.59399414062,-180.0,41.2037048339844,collect_coin,coin_coin23_score_32
1326.524,platform_landed,63.1526374816895,-1338.05676269531,-180.0,0.0,land_on_platform,platform_scene-1/Tile Map/3_-74_layer_Tile Map_tile_3_-74_source_1_atlas_13_6
1326.525,landed,63.1526374816895,-1338.05676269531,-180.0,0.0,land,surface_wood_impact_0.67500006103516
1326.525,sonification,63.1526374816895,-1338.05676269531,-180.0,0.0,osc_received,"value_[1, ""water-tube""]"
1326.768,move_right_pressed,55.3193321228027,-1338.06860351562,33.3333320617676,0.0,Move_Right,pressed
1326.825,musicking,63.6526870727539,-1338.06860351562,166.666656494141,0.0,osc_received,"value_[1, ""chain-jumps-combo-walk""]"
1327.025,jump_input_pressed,96.6524200439453,-1338.11315917969,180.0,0.0,Jump,pressed
1327.025,jump_executed,96.6524200439453,-1338.11315917969,180.0,-500.0,jump,x_96.6524200439453_y_-1338.11315917969
1327.424,jump_input_released,168.653472900391,-1444.69006347656,180.0,-16.6665554046631,Jump,released
1327.456,jump_peak_reached,174.653472900391,-1444.8984375,180.0,41.2038154602051,jump_peak,x_174.653472900391_y_-1444.8984375
1327.756,coin_collected,228.653472900391,-1338.09289550781,180.0,670.833557128906,collect_coin,coin_coin22_score_34
1327.757,platform_landed,231.668930053711,-1338.04907226562,180.0,0.0,land_on_platform,platform_scene-1/Tile Map/12_-74_layer_Tile Map_tile_12_-74_source_1_atlas_13_6
1327.757,landed,231.668930053711,-1338.04907226562,180.0,0.0,land,surface_wood_impact_1.4157412109375
1327.758,sonification,231.668930053711,-1338.04907226562,180.0,0.0,osc_received,"value_[1, ""water-tube""]"
1328.206,move_left_pressed,302.502593994141,-1338.05297851562,-33.3333320617676,0.0,Move_Left,pressed
1328.723,jump_input_pressed,216.169418334961,-1338.06750488281,-180.0,0.0,Jump,pressed
1328.724,jump_executed,216.169418334961,-1338.06750488281,-180.0,-500.0,jump,x_216.169418334961_y_-1338.06750488281
1329.157,jump_peak_reached,138.166320800781,-1444.90478515625,-180.0,39.8149261474609,jump_peak,x_138.166320800781_y_-1444.90478515625
1329.324,jump_input_released,108.166320800781,-1410.4912109375,-180.0,410.185333251953,Jump,released
1329.457,platform_landed,81.180305480957,-1338.05798339844,-180.0,0.0,land_on_platform,platform_scene-1/Tile Map/4_-74_layer_Tile Map_tile_4_-74_source_1_atlas_13_6
1329.457,landed,81.180305480957,-1338.05798339844,-180.0,0.0,land,surface_wood_impact_1.41296337890625
1329.458,sonification,81.180305480957,-1338.05798339844,-180.0,0.0,osc_received,"value_[1, ""water-tube""]"
1329.806,move_right_pressed,25.3473434448242,-1338.06420898438,20.0000019073486,0.0,Move_Right,pressed
1330.257,jump_input_pressed,98.3244171142578,-1338.55773925781,180.0,0.0,Jump,pressed
1330.257,jump_executed,98.3244171142578,-1338.55773925781,180.0,-500.0,jump,x_98.3244171142578_y_-1338.55773925781
1330.689,jump_peak_reached,176.324417114258,-1445.38635253906,180.0,39.8149261474609,jump_peak,x_176.324417114258_y_-1445.38635253906
1330.69,jump_input_released,176.324417114258,-1445.38635253906,180.0,39.8149261474609,Jump,released
1330.99,platform_landed,233.337646484375,-1338.0478515625,180.0,0.0,land_on_platform,platform_scene-1/Tile Map/12_-74_layer_Tile Map_tile_12_-74_source_1_atlas_13_6
1330.99,landed,233.337646484375,-1338.0478515625,180.0,0.0,land,surface_wood_impact_1.41296337890625
1330.991,sonification,233.337646484375,-1338.0478515625,180.0,0.0,osc_received,"value_[1, ""water-tube""]"
1332.54,jump_input_pressed,509.337768554688,-1338.0478515625,180.0,0.0,Jump,pressed
1332.54,jump_executed,509.337768554688,-1338.0478515625,180.0,-500.0,jump,x_509.337768554688_y_-1338.0478515625
1332.668,jump_input_released,530.344299316406,-1389.18542480469,180.0,-355.722137451172,Jump,released
1332.757,jump_peak_reached,548.344299316406,-1393.97705078125,180.0,41.2037048339844,jump_peak,x_548.344299316406_y_-1393.97705078125
1332.958,platform_landed,587.345825195312,-1338.05395507812,180.0,0.0,land_on_platform,platform_scene-1/Tile Map/32_-74_layer_Tile Map_tile_32_-74_source_1_atlas_13_6
1332.958,landed,587.345825195312,-1338.05395507812,180.0,0.0,land,surface_wood_impact_0.97129644775391
1332.958,sonification,587.345825195312,-1338.05395507812,180.0,0.0,osc_received,"value_[1, ""water-tube""]"
1333.341,jump_input_pressed,653.345825195312,-1338.05395507812,180.0,0.0,Jump,pressed
1333.341,jump_executed,653.345825195312,-1338.05395507812,180.0,-500.0,jump,x_653.345825195312_y_-1338.05395507812
1333.44,jump_input_released,671.350646972656,-1382.91088867188,180.0,-376.166595458984,Jump,released
1333.54,jump_peak_reached,689.350646972656,-1387.70251464844,180.0,41.2037048339844,jump_peak,x_689.350646972656_y_-1387.70251464844
1333.741,platform_landed,728.361572265625,-1338.05834960938,180.0,0.0,land_on_platform,platform_scene-1/Tile Map/40_-74_layer_Tile Map_tile_40_-74_source_1_atlas_13_6
1333.741,landed,728.361572265625,-1338.05834960938,180.0,0.0,land,surface_wood_impact_0.97129644775391
1333.742,sonification,728.361572265625,-1338.05834960938,180.0,0.0,osc_received,"value_[1, ""water-tube""]"
1335.301,jump_input_pressed,1004.36157226562,-1338.05834960938,180.0,0.0,Jump,pressed
1335.301,jump_executed,1004.36157226562,-1338.05834960938,180.0,-500.0,jump,x_1004.36157226562_y_-1338.05834960938
1335.682,jump_input_released,1037.92529296875,-1444.01123046875,15.0,-36.1665573120117,Jump,released
1335.732,jump_peak_reached,1037.92529296875,-1444.77795410156,15.0,42.5371475219727,jump_peak,x_1037.92529296875_y_-1444.77795410156
1335.939,move_left_pressed,1037.92529296875,-1387.41418457031,0.0,524.018676757812,Move_Left,pressed
1336.007,platform_landed,1035.42578125,-1338.05651855469,-60.0,0.0,land_on_platform,platform_scene-1/Tile Map/57_-74_layer_Tile Map_tile_57_-74_source_1_atlas_13_6
1336.008,landed,1035.42578125,-1338.05651855469,-60.0,0.0,land,surface_wood_impact_1.34433374023437
1336.008,sonification,1035.42578125,-1338.05651855469,-60.0,0.0,osc_received,"value_[1, ""water-tube""]"
1337.748,jump_input_pressed,729.092529296875,-1338.05651855469,-180.0,0.0,Jump,pressed
1337.748,jump_executed,729.092529296875,-1338.05651855469,-180.0,-500.0,jump,x_729.092529296875_y_-1338.05651855469
1337.765,jump_peak_reached,726.089721679688,-1346.39855957031,-180.0,-479.222198486328,jump_peak,x_726.089721679688_y_-1346.39855957031
1338.282,jump_input_released,633.089721679688,-1431.65222167969,-180.0,262.037139892578,Jump,released
1338.283,platform_landed,630.094909667969,-1428.07250976562,-180.0,0.0,land_on_platform,platform_scene-1/Tile Map/34_-79_layer_Tile Map_tile_34_-79_source_1_atlas_14_6
1338.283,landed,630.094909667969,-1428.07250976562,-180.0,0.0,land,surface_wood_impact_0.52407427978516
1338.284,sonification,630.094909667969,-1428.07250976562,-180.0,0.0,osc_received,"value_[1, ""water-tube""]"
1338.598,move_right_pressed,625.261901855469,-1428.11022949219,33.3333320617676,0.0,Move_Right,pressed
1338.749,jump_input_pressed,645.136535644531,-1429.04833984375,180.0,0.0,Jump,pressed
1338.749,jump_executed,645.136535644531,-1429.04833984375,180.0,-500.0,jump,x_645.136535644531_y_-1429.04833984375
1338.832,move_left_pressed,660.136535644531,-1467.27514648438,96.6666641235352,-396.666595458984,Move_Left,pressed
1339.132,jump_input_released,633.469848632812,-1534.99731445312,-180.0,-36.1665573120117,Jump,released
1339.182,jump_peak_reached,624.469848632812,-1535.76391601562,-180.0,42.5371475219727,jump_peak,x_624.469848632812_y_-1535.76391601562
1339.282,platform_landed,619.636535644531,-1518.99304199219,0.0,0.0,land_on_platform,platform_scene-1/Tile Map/34_-84_layer_Tile Map_tile_34_-84_source_1_atlas_14_6
1339.282,landed,619.636535644531,-1518.99304199219,0.0,0.0,land,surface_wood_impact_0.52951873779297
1339.284,sonification,619.636535644531,-1518.99304199219,0.0,0.0,osc_received,"value_[1, ""water-tube""]"
1339.515,move_right_pressed,619.636535644531,-1518.99304199219,33.3333320617676,0.0,Move_Right,pressed
1339.682,jump_input_pressed,642.434814453125,-1518.98266601562,180.0,0.0,Jump,pressed
1339.682,jump_executed,642.434814453125,-1518.98266601562,180.0,-500.0,jump,x_642.434814453125_y_-1518.98266601562
1339.783,move_left_pressed,660.455261230469,-1563.88305664062,96.6666641235352,-376.166595458984,Move_Left,pressed
1340.115,jump_peak_reached,642.78857421875,-1625.8681640625,-180.0,39.8149261474609,jump_peak,x_642.78857421875_y_-1625.8681640625
1340.115,jump_input_released,642.78857421875,-1625.8681640625,-180.0,39.8149261474609,Jump,released
1340.231,platform_landed,625.955261230469,-1608.05078125,0.0,0.0,land_on_platform,platform_scene-1/Tile Map/34_-89_layer_Tile Map_tile_34_-89_source_1_atlas_14_6
1340.231,landed,625.955261230469,-1608.05078125,0.0,0.0,land,surface_wood_impact_0.59814837646484
1340.231,sonification,625.955261230469,-1608.05078125,0.0,0.0,osc_received,"value_[1, ""water-tube""]"
1340.482,move_right_pressed,625.955261230469,-1608.05078125,33.3333320617676,0.0,Move_Right,pressed
1340.682,jump_input_pressed,654.695190429688,-1608.16625976562,180.0,74.0740737915039,Jump,pressed
1340.682,jump_executed,654.695190429688,-1608.16625976562,180.0,-500.0,jump,x_654.695190429688_y_-1608.16625976562
1340.731,move_left_pressed,663.695190429688,-1632.1337890625,96.6666641235352,-437.833282470703,Move_Left,pressed
1341.099,jump_input_released,624.695251464844,-1715.04113769531,-180.0,2.77788853645325,Jump,released
1341.115,jump_peak_reached,621.695251464844,-1714.99487304688,-180.0,39.8149261474609,jump_peak,x_621.695251464844_y_-1714.99487304688
1341.215,platform_landed,613.861938476562,-1698.88806152344,0.0,0.0,land_on_platform,platform_scene-1/Tile Map/34_-94_layer_Tile Map_tile_34_-94_source_1_atlas_14_6
1341.215,landed,613.861938476562,-1698.88806152344,0.0,0.0,land,surface_wood_impact_0.52407427978516
1341.216,sonification,613.861938476562,-1698.88806152344,0.0,0.0,osc_received,"value_[1, ""water-tube""]"
1341.265,move_right_pressed,613.861938476562,-1698.88806152344,33.3333320617676,0.0,Move_Right,pressed
1341.856,move_right_pressed,638.729797363281,-1698.6533203125,33.3333320617676,0.0,Move_Right,pressed
1341.892,jump_input_pressed,640.309631347656,-1699.02893066406,100.0,0.0,Jump,pressed
1341.892,jump_executed,640.309631347656,-1699.02893066406,100.0,-500.0,jump,x_640.309631347656_y_-1699.02893066406
1342.075,move_left_pressed,669.059753417969,-1771.86315917969,96.6666641235352,-274.499877929688,Move_Left,pressed
1342.323,jump_peak_reached,654.39306640625,-1805.85754394531,-180.0,39.8149261474609,jump_peak,x_654.39306640625_y_-1805.85754394531
1342.324,platform_landed,651.586730957031,-1805.41967773438,-180.0,0.0,land_on_platform,platform_scene-1/Tile Map/35_-100_layer_Tile Map_tile_35_-100_source_1_atlas_14_6
1342.324,landed,651.586730957031,-1805.41967773438,-180.0,0.0,land,surface_wood_impact_0.07962985229492
1342.325,sonification,651.586730957031,-1805.41967773438,-180.0,0.0,osc_received,"value_[1, ""water-tube""]"
1342.373,jump_input_released,646.74951171875,-1807.07751464844,-180.0,0.0,Jump,released
1342.456,coin_collected,631.716796875,-1806.02819824219,-180.0,0.0,collect_coin,coin_coin24_score_36
1342.715,move_right_pressed,612.3095703125,-1806.46520996094,33.3333320617676,0.0,Move_Right,pressed
1343.198,move_left_pressed,637.346313476562,-1806.11499023438,-33.3333320617676,0.0,Move_Left,pressed
1343.632,move_right_pressed,621.604858398438,-1806.962890625,33.3333320617676,0.0,Move_Right,pressed
1343.814,jump_input_pressed,647.462097167969,-1806.97424316406,180.0,0.0,Jump,pressed
1343.814,jump_executed,647.462097167969,-1806.97424316406,180.0,-500.0,jump,x_647.462097167969_y_-1806.97424316406
1343.831,move_left_pressed,650.480224609375,-1815.35876464844,96.6666641235352,-479.222198486328,Move_Left,pressed
1344.248,jump_peak_reached,654.686767578125,-1912.26013183594,0.0,39.8149261474609,jump_peak,x_654.686767578125_y_-1912.26013183594
1344.267,jump_input_released,654.686767578125,-1911.59655761719,0.0,76.8519668579102,Jump,released
1344.723,move_left_pressed,654.135620117188,-1642.39855957031,-15.0,1113.88903808594,Move_Left,pressed
1344.941,platform_landed,660.286743164062,-1338.05383300781,-45.0,0.0,land_on_platform,platform_scene-1/Tile Map/36_-74_layer_Tile Map_tile_36_-74_source_1_atlas_13_6
1344.941,landed,660.286743164062,-1338.05383300781,-45.0,0.0,land,surface_wood_impact_3.19073974609375
1344.942,sonification,660.286743164062,-1338.05383300781,-45.0,0.0,osc_received,"value_[1, ""water-tube""]"
1345.541,jump_input_pressed,653.675659179688,-1338.05383300781,0.0,0.0,Jump,pressed
1345.541,jump_executed,653.675659179688,-1338.05383300781,0.0,-500.0,jump,x_653.675659179688_y_-1338.05383300781
1345.557,jump_peak_reached,653.675659179688,-1346.40295410156,0.0,-479.222198486328,jump_peak,x_653.675659179688_y_-1346.40295410156
1345.775,move_left_pressed,654.367858886719,-1423.43774414062,-15.0,-214.166549682617,Move_Left,pressed
1346.023,jump_input_released,625.867858886719,-1440.83581542969,-180.0,150.926040649414,Jump,released
1346.073,platform_landed,618.028564453125,-1429.0419921875,-13.3333311080933,0.0,land_on_platform,platform_scene-1/Tile Map/34_-79_layer_Tile Map_tile_34_-79_source_1_atlas_14_6
1346.074,landed,618.028564453125,-1429.0419921875,-13.3333311080933,0.0,land,surface_wood_impact_0.52407427978516
1346.074,sonification,618.028564453125,-1429.0419921875,-13.3333311080933,0.0,osc_received,"value_[1, ""water-tube""]"
1346.257,move_right_pressed,618.028564453125,-1429.0419921875,33.3333320617676,0.0,Move_Right,pressed
1346.406,jump_input_pressed,638.178466796875,-1428.48083496094,180.0,0.0,Jump,pressed
1346.406,jump_executed,638.178466796875,-1428.48083496094,180.0,-500.0,jump,x_638.178466796875_y_-1428.48083496094
1346.556,move_left_pressed,665.178466796875,-1491.13354492188,96.6666641235352,-314.999908447266,Move_Left,pressed
1346.84,jump_peak_reached,647.511779785156,-1535.30944824219,-180.0,39.8149261474609,jump_peak,x_647.511779785156_y_-1535.30944824219
1346.923,jump_input_released,632.511779785156,-1525.81872558594,-180.0,225.000106811523,Jump,released
1346.941,platform_landed,627.903625488281,-1518.0869140625,-96.6666641235352,0.0,land_on_platform,platform_scene-1/Tile Map/34_-84_layer_Tile Map_tile_34_-84_source_1_atlas_14_6
1346.941,landed,627.903625488281,-1518.0869140625,-96.6666641235352,0.0,land,surface_wood_impact_0.52407427978516
1346.941,sonification,627.903625488281,-1518.0869140625,-96.6666641235352,0.0,osc_received,"value_[1, ""water-tube""]"
1347.076,move_right_pressed,627.681457519531,-1518.09692382812,33.3333320617676,0.0,Move_Right,pressed
1347.225,jump_input_pressed,647.536437988281,-1518.97534179688,180.0,0.0,Jump,pressed
1347.226,jump_executed,647.536437988281,-1518.97534179688,180.0,-500.0,jump,x_647.536437988281_y_-1518.97534179688
1347.308,move_left_pressed,662.552795410156,-1557.24768066406,96.6666641235352,-396.666595458984,Move_Left,pressed
1347.608,jump_input_released,635.886108398438,-1624.96984863281,-180.0,-36.1665573120117,Jump,released
1347.656,jump_peak_reached,626.886108398438,-1625.73645019531,-96.6666641235352,42.5371475219727,jump_peak,x_626.886108398438_y_-1625.73645019531
1347.724,move_right_pressed,625.052795410156,-1619.19689941406,15.0,190.685302734375,Move_Right,pressed
1347.757,platform_landed,626.554931640625,-1608.09753417969,45.0,0.0,land_on_platform,platform_scene-1/Tile Map/34_-89_layer_Tile Map_tile_34_-89_source_1_atlas_14_6
1347.758,landed,626.554931640625,-1608.09753417969,45.0,0.0,land,surface_wood_impact_0.52951873779297
1347.759,sonification,626.554931640625,-1608.09753417969,45.0,0.0,osc_received,"value_[1, ""water-tube""]"
1347.923,jump_input_pressed,649.512939453125,-1608.52954101562,180.0,0.0,Jump,pressed
1347.924,jump_executed,649.512939453125,-1608.52954101562,180.0,-500.0,jump,x_649.512939453125_y_-1608.52954101562
1348.141,move_left_pressed,688.538024902344,-1690.2705078125,96.6666641235352,-234.222106933594,Move_Left,pressed
1348.357,jump_peak_reached,676.315856933594,-1715.42785644531,-166.66667175293,39.8149261474609,jump_peak,x_676.315856933594_y_-1715.42785644531
1348.623,jump_input_released,650.1083984375,-1630.99865722656,-92.4808502197266,632.407592773438,Jump,released
1348.657,platform_landed,648.414611816406,-1608.84106445312,0.0,0.0,land_on_platform,platform_scene-1/Tile Map/35_-89_layer_Tile Map_tile_35_-89_source_1_atlas_14_6
1348.657,landed,648.414611816406,-1608.84106445312,0.0,0.0,land,surface_wood_impact_1.41296337890625
1348.658,sonification,648.414611816406,-1608.84106445312,0.0,0.0,osc_received,"value_[1, ""water-tube""]"
1349.023,move_left_pressed,648.414611816406,-1608.84106445312,-33.3333320617676,0.0,Move_Left,pressed
1349.306,move_right_pressed,629.256103515625,-1608.0791015625,33.3333320617676,0.0,Move_Right,pressed
1349.49,jump_input_pressed,654.946105957031,-1608.10302734375,180.0,74.0740737915039,Jump,pressed
1349.539,move_left_pressed,663.946105957031,-1602.54748535156,96.6666641235352,185.185180664062,Move_Left,pressed
1349.858,platform_landed,643.295715332031,-1429.04406738281,-180.0,0.0,land_on_platform,platform_scene-1/Tile Map/35_-79_layer_Tile Map_tile_35_-79_source_1_atlas_14_6
1349.858,landed,643.295715332031,-1429.04406738281,-180.0,0.0,land,surface_wood_impact_1.77777807617188
1349.859,sonification,643.295715332031,-1429.04406738281,-180.0,0.0,osc_received,"value_[1, ""water-tube""]"
1350.023,jump_input_released,616.791015625,-1429.02880859375,-180.0,0.0,Jump,released
1350.275,move_right_pressed,602.946411132812,-1372.70556640625,15.0,518.5185546875,Move_Right,pressed
1350.324,platform_landed,605.451232910156,-1338.05407714844,60.0,0.0,land_on_platform,platform_scene-1/Tile Map/33_-74_layer_Tile Map_tile_33_-74_source_1_atlas_13_6
1350.324,landed,605.451232910156,-1338.05407714844,60.0,0.0,land,surface_wood_impact_1.25925939941406
1350.325,sonification,605.451232910156,-1338.05407714844,60.0,0.0,osc_received,"value_[1, ""water-tube""]"
1350.79,move_right_pressed,631.617858886719,-1338.05407714844,33.3333320617676,0.0,Move_Right,pressed
1350.999,jump_input_pressed,660.951049804688,-1338.05407714844,180.0,0.0,Jump,pressed
1350.999,jump_executed,660.951049804688,-1338.05407714844,180.0,-500.0,jump,x_660.951049804688_y_-1338.05407714844
1351.008,move_left_pressed,663.953247070312,-1346.39440917969,96.6666641235352,-479.222198486328,Move_Left,pressed
1351.357,jump_input_released,645.155212402344,-1443.05920410156,-135.0,-55.722110748291,Jump,released
1351.423,jump_peak_reached,642.044128417969,-1444.69067382812,0.0,43.8149261474609,jump_peak,x_642.044128417969_y_-1444.69067382812
1351.523,platform_landed,642.044128417969,-1428.98889160156,0.0,0.0,land_on_platform,platform_scene-1/Tile Map/35_-79_layer_Tile Map_tile_35_-79_source_1_atlas_14_6
1351.523,landed,642.044128417969,-1428.98889160156,0.0,0.0,land,surface_wood_impact_0.53207427978516
1351.524,sonification,642.044128417969,-1428.98889160156,0.0,0.0,osc_received,"value_[1, ""water-tube""]"
1351.689,move_right_pressed,642.044128417969,-1428.98889160156,33.3333320617676,0.0,Move_Right,pressed
1351.741,jump_input_pressed,645.377624511719,-1429.04699707031,133.33332824707,0.0,Jump,pressed
1351.741,jump_executed,645.377624511719,-1429.04699707031,133.33332824707,-500.0,jump,x_645.377624511719_y_-1429.04699707031
1351.907,move_left_pressed,673.766540527344,-1496.958984375,96.6666641235352,-294.722106933594,Move_Left,pressed
1352.173,jump_peak_reached,652.7666015625,-1535.87561035156,-180.0,39.8149261474609,jump_peak,x_652.7666015625_y_-1535.87561035156
1352.224,jump_input_released,643.7666015625,-1532.03295898438,-180.0,150.926040649414,Jump,released
1352.29,platform_landed,635.933288574219,-1518.04370117188,0.0,0.0,land_on_platform,platform_scene-1/Tile Map/35_-84_layer_Tile Map_tile_35_-84_source_1_atlas_14_6
1352.291,landed,635.933288574219,-1518.04370117188,0.0,0.0,land,surface_wood_impact_0.59814837646484
1352.291,sonification,635.933288574219,-1518.04370117188,0.0,0.0,osc_received,"value_[1, ""water-tube""]"
1352.509,move_right_pressed,635.933288574219,-1518.04370117188,33.3333320617676,0.0,Move_Right,pressed
1352.574,jump_input_pressed,641.064147949219,-1519.14587402344,166.666656494141,0.0,Jump,pressed
1352.574,jump_executed,641.064147949219,-1519.14587402344,166.666656494141,-500.0,jump,x_641.064147949219_y_-1519.14587402344
1352.691,move_left_pressed,661.841918945312,-1570.26525878906,96.6666641235352,-355.722137451172,Move_Left,pressed
1352.99,jump_input_released,635.175231933594,-1626.02075195312,-180.0,2.77788853645325,Jump,released
1353.007,jump_peak_reached,632.175231933594,-1625.97448730469,-96.6666641235352,39.8149261474609,jump_peak,x_632.175231933594_y_-1625.97448730469
1353.124,platform_landed,630.341918945312,-1608.02575683594,0.0,0.0,land_on_platform,platform_scene-1/Tile Map/34_-89_layer_Tile Map_tile_34_-89_source_1_atlas_14_6
1353.124,landed,630.341918945312,-1608.02575683594,0.0,0.0,land,surface_wood_impact_0.59814837646484
1353.125,sonification,630.341918945312,-1608.02575683594,0.0,0.0,osc_received,"value_[1, ""water-tube""]"
1353.375,move_right_pressed,630.341918945312,-1608.02575683594,33.3333320617676,0.0,Move_Right,pressed
1353.441,jump_input_pressed,635.897338867188,-1608.09057617188,166.666656494141,0.0,Jump,pressed
1353.442,jump_executed,635.897338867188,-1608.09057617188,166.666656494141,-500.0,jump,x_635.897338867188_y_-1608.09057617188
1353.564,move_left_pressed,656.680419921875,-1659.22583007812,96.6666641235352,-355.722137451172,Move_Left,pressed
1353.881,jump_peak_reached,627.013732910156,-1714.93505859375,-180.0,39.8149261474609,jump_peak,x_627.013732910156_y_-1714.93505859375
1353.915,jump_input_released,622.402648925781,-1712.99060058594,-13.3333311080933,113.889007568359,Jump,released
1353.982,platform_landed,622.180419921875,-1698.896484375,0.0,0.0,land_on_platform,platform_scene-1/Tile Map/34_-94_layer_Tile Map_tile_34_-94_source_1_atlas_14_6
1353.982,landed,622.180419921875,-1698.896484375,0.0,0.0,land,surface_wood_impact_0.52407427978516
1353.983,sonification,622.180419921875,-1698.896484375,0.0,0.0,osc_received,"value_[1, ""water-tube""]"
1354.115,move_right_pressed,622.180419921875,-1698.896484375,33.3333320617676,0.0,Move_Right,pressed
1354.515,move_left_pressed,635.398376464844,-1698.10424804688,-33.3333320617676,0.0,Move_Left,pressed
1354.866,move_right_pressed,625.67626953125,-1698.09936523438,33.3333320617676,0.0,Move_Right,pressed
1355.048,jump_input_pressed,651.474060058594,-1698.82971191406,180.0,37.037036895752,Jump,pressed
1355.048,jump_executed,651.474060058594,-1698.82971191406,180.0,-500.0,jump,x_651.474060058594_y_-1698.82971191406
1355.103,move_left_pressed,660.474060058594,-1722.79724121094,96.6666641235352,-437.833282470703,Move_Left,pressed
1355.448,jump_input_released,651.655212402344,-1805.37841796875,-75.0,-16.6665554046631,Jump,released
1355.449,platform_landed,650.732849121094,-1806.07995605469,-75.0,-16.6665554046631,land_on_platform,platform_scene-1/Tile Map/35_-100_layer_Tile Map_tile_35_-100_source_1_atlas_14_6
1355.449,landed,650.732849121094,-1806.07995605469,-75.0,-16.6665554046631,land,surface_wood_impact_0.03333311080933
1355.449,sonification,650.732849121094,-1806.07995605469,-75.0,-16.6665554046631,osc_received,"value_[1, ""water-tube""]"
1355.515,jump_peak_reached,648.747619628906,-1807.03759765625,0.0,41.2038154602051,jump_peak,x_648.747619628906_y_-1807.03759765625
1355.515,platform_landed,648.747619628906,-1806.76403808594,0.0,0.0,land_on_platform,platform_scene-1/Tile Map/35_-100_layer_Tile Map_tile_35_-100_source_1_atlas_14_6
1355.515,landed,648.747619628906,-1806.76403808594,0.0,0.0,land,surface_wood_impact_0.08240763092041
1355.516,sonification,648.747619628906,-1806.76403808594,0.0,0.0,osc_received,"value_[1, ""water-tube""]"
1355.616,move_left_pressed,648.747619628906,-1806.76403808594,-33.3333320617676,0.0,Move_Left,pressed
1356.3,jump_input_pressed,645.173034667969,-1807.04321289062,0.0,0.0,Jump,pressed
1356.3,jump_executed,645.173034667969,-1807.04321289062,0.0,-500.0,jump,x_645.173034667969_y_-1807.04321289062
1356.314,move_right_pressed,645.173034667969,-1815.38110351562,15.0,-479.222198486328,Move_Right,pressed
1356.632,move_left_pressed,685.673034667969,-1909.16723632812,96.6666641235352,-94.9998931884766,Move_Left,pressed
1356.732,jump_peak_reached,686.00634765625,-1913.87548828125,-60.0,39.8149261474609,jump_peak,x_686.00634765625_y_-1913.87548828125
1357.041,platform_landed,637.760620117188,-1806.98229980469,-180.0,0.0,land_on_platform,platform_scene-1/Tile Map/35_-100_layer_Tile Map_tile_35_-100_source_1_atlas_14_6
1357.042,landed,637.760620117188,-1806.98229980469,-180.0,0.0,land,surface_wood_impact_1.41296337890625
1357.042,sonification,637.760620117188,-1806.98229980469,-180.0,0.0,osc_received,"value_[1, ""water-tube""]"
1357.107,jump_input_released,628.760559082031,-1806.08178710938,-180.0,0.0,Jump,released
1357.44,move_right_pressed,618.383911132812,-1807.04284667969,33.3333320617676,0.0,Move_Right,pressed
1358.115,move_right_pressed,637.583801269531,-1806.11682128906,33.3333320617676,0.0,Move_Right,pressed
1358.166,jump_input_pressed,640.542175292969,-1807.1015625,133.33332824707,0.0,Jump,pressed
1358.166,jump_executed,640.542175292969,-1807.1015625,133.33332824707,-500.0,jump,x_640.542175292969_y_-1807.1015625
1358.215,move_left_pressed,647.958862304688,-1831.06909179688,79.9999923706055,-437.833282470703,Move_Left,pressed
1358.399,jump_peak_reached,643.940368652344,-1884.53381347656,-108.125396728516,56.9093894958496,jump_peak,x_643.940368652344_y_-1884.53381347656
1358.581,jump_input_released,614.430053710938,-1840.14978027344,-96.6666641235352,464.316833496094,Jump,released
1358.632,platform_landed,612.596740722656,-1806.5966796875,0.0,0.0,land_on_platform,platform_scene-1/Tile Map/34_-100_layer_Tile Map_tile_34_-100_source_1_atlas_14_6
1358.632,landed,612.596740722656,-1806.5966796875,0.0,0.0,land,surface_wood_impact_1.15085595703125
1358.64,sonification,612.596740722656,-1806.5966796875,0.0,0.0,osc_received,"value_[1, ""water-tube""]"
1358.702,move_right_pressed,612.596740722656,-1806.5966796875,33.3333320617676,0.0,Move_Right,pressed
1359.466,move_right_pressed,643.170166015625,-1807.04431152344,33.3333320617676,0.0,Move_Right,pressed
1359.483,jump_input_pressed,643.725708007812,-1807.04431152344,66.6666641235352,0.0,Jump,pressed
1359.483,jump_executed,643.725708007812,-1807.04431152344,66.6666641235352,-500.0,jump,x_643.725708007812_y_-1807.04431152344
1359.616,move_left_pressed,659.615295410156,-1864.10656738281,88.3333206176758,-335.333251953125,Move_Left,pressed
1359.882,platform_landed,650.543212890625,-1914.14294433594,-75.0,-18.0554447174072,land_on_platform,platform_scene-1/Tile Map/35_-106_layer_Tile Map_tile_35_-106_source_1_atlas_14_6
1359.882,landed,650.543212890625,-1914.14294433594,-75.0,-18.0554447174072,land,surface_wood_impact_0.03611088943481
1359.883,sonification,650.543212890625,-1914.14294433594,-75.0,-18.0554447174072,osc_received,"value_[1, ""water-tube""]"
1359.949,jump_peak_reached,643.948974609375,-1915.12622070312,-171.66667175293,39.8149261474609,jump_peak,x_643.948974609375_y_-1915.12622070312
1359.949,platform_landed,641.089721679688,-1915.05090332031,-171.66667175293,0.0,land_on_platform,platform_scene-1/Tile Map/35_-106_layer_Tile Map_tile_35_-106_source_1_atlas_14_6
1359.949,landed,641.089721679688,-1915.05090332031,-171.66667175293,0.0,land,surface_wood_impact_0.07962985229492
1359.95,sonification,641.089721679688,-1915.05090332031,-171.66667175293,0.0,osc_received,"value_[1, ""water-tube""]"
1359.998,jump_input_released,635.062072753906,-1914.03137207031,-180.0,0.0,Jump,released
1360.548,move_right_pressed,630.227966308594,-1914.07165527344,33.3333320617676,0.0,Move_Right,pressed
1360.582,jump_input_pressed,631.894592285156,-1914.07165527344,100.0,0.0,Jump,pressed
1360.582,jump_executed,631.894592285156,-1914.07165527344,100.0,-500.0,jump,x_631.894592285156_y_-1914.07165527344
1360.733,top/checkpoint reached,654.64599609375,-1976.73083496094,180.0,-315.555450439453,top/checkpoint,coins collected: 36
1360.982,jump_input_released,699.64599609375,-2020.65209960938,180.0,-16.6665554046631,Jump,released
1361.015,jump_peak_reached,705.64599609375,-2020.86047363281,180.0,41.2038154602051,jump_peak,x_705.64599609375_y_-2020.86047363281
1361.166,platform_landed,735.64599609375,-1989.06616210938,180.0,0.0,land_on_platform,platform_scene-1/Tile Map/40_-110_layer_Tile Map_tile_40_-110_source_1_atlas_2_4
1361.167,landed,735.64599609375,-1989.06616210938,180.0,0.0,land,surface_wood_impact_0.74907434082031
1361.949,jump_input_pressed,873.64599609375,-1989.06616210938,180.0,0.0,Jump,pressed
1361.949,jump_executed,873.64599609375,-1989.06616210938,180.0,-500.0,jump,x_873.64599609375_y_-1989.06616210938
1362.381,jump_peak_reached,951.648742675781,-2095.90258789062,96.6666641235352,39.8149261474609,jump_peak,x_951.648742675781_y_-2095.90258789062
1362.382,move_left_pressed,951.648742675781,-2095.90258789062,96.6666641235352,39.8149261474609,Move_Left,pressed
1362.4,jump_input_released,953.259826660156,-2095.23901367188,0.0,76.8519668579102,Jump,released
1362.682,platform_landed,918.759826660156,-1989.06713867188,-180.0,0.0,land_on_platform,platform_scene-1/Tile Map/50_-110_layer_Tile Map_tile_50_-110_source_1_atlas_2_4
1362.682,landed,918.759826660156,-1989.06713867188,-180.0,0.0,land,surface_wood_impact_1.41296337890625
1364.067,jump_input_pressed,672.779357910156,-1989.07470703125,-180.0,0.0,Jump,pressed
1364.068,jump_executed,672.779357910156,-1989.07470703125,-180.0,-500.0,jump,x_672.779357910156_y_-1989.07470703125
1364.332,jump_input_released,624.778991699219,-2081.498046875,-180.0,-174.222106933594,Jump,released
1364.432,jump_peak_reached,606.778991699219,-2086.28979492188,-180.0,41.2037048339844,jump_peak,x_606.778991699219_y_-2086.28979492188
1364.707,platform_landed,552.778991699219,-1989.06701660156,-180.0,0.0,land_on_platform,platform_scene-1/Tile Map/30_-110_layer_Tile Map_tile_30_-110_source_1_atlas_2_4
1364.708,landed,552.778991699219,-1989.06701660156,-180.0,0.0,land,surface_wood_impact_1.34166687011719
1364.832,jump_input_pressed,536.167907714844,-1989.07470703125,-13.3333311080933,0.0,Jump,pressed
1364.832,jump_executed,536.167907714844,-1989.07470703125,-13.3333311080933,-500.0,jump,x_536.167907714844_y_-1989.07470703125
1364.907,jump_input_released,535.945678710938,-2027.30261230469,0.0,-396.666595458984,Jump,released
1365.007,jump_peak_reached,535.945678710938,-2032.09423828125,0.0,41.2037048339844,jump_peak,x_535.945678710938_y_-2032.09423828125
1365.191,platform_landed,535.945678710938,-1989.02709960938,0.0,0.0,land_on_platform,platform_scene-1/Tile Map/29_-110_layer_Tile Map_tile_29_-110_source_1_atlas_2_4
1365.191,landed,535.945678710938,-1989.02709960938,0.0,0.0,land,surface_wood_impact_0.89722235107422
1365.341,move_right_pressed,535.945678710938,-1989.02709960938,33.3333320617676,0.0,Move_Right,pressed
1365.498,jump_input_pressed,556.278991699219,-1989.06958007812,180.0,0.0,Jump,pressed
1365.498,jump_executed,556.278991699219,-1989.06958007812,180.0,-500.0,jump,x_556.278991699219_y_-1989.06958007812
1365.543,move_left_pressed,565.28076171875,-2013.0419921875,96.6666641235352,-437.833282470703,Move_Left,pressed
1365.906,jump_input_released,526.280822753906,-2095.94970703125,-180.0,2.77788853645325,Jump,released
1365.923,jump_peak_reached,523.280822753906,-2095.9033203125,-96.6666641235352,39.8149261474609,jump_peak,x_523.280822753906_y_-2095.9033203125
1366.024,platform_landed,521.447509765625,-2078.84985351562,0.0,0.0,land_on_platform,platform_scene-1/Tile Map/29_-115_layer_Tile Map_tile_29_-115_source_1_atlas_0_0
1366.024,landed,521.447509765625,-2078.84985351562,0.0,0.0,land,surface_wood_impact_0.52407427978516
1366.133,move_left_pressed,521.447509765625,-2078.84985351562,-33.3333320617676,0.0,Move_Left,pressed
1366.175,jump_input_pressed,518.055358886719,-2078.20336914062,-115.0,37.037036895752,Jump,pressed
1366.175,jump_executed,518.055358886719,-2078.20336914062,-115.0,-500.0,jump,x_518.055358886719_y_-2078.20336914062
1366.606,jump_peak_reached,442.972015380859,-2185.03198242188,-180.0,39.8149261474609,jump_peak,x_442.972015380859_y_-2185.03198242188
1366.974,jump_input_released,385.32470703125,-2027.84045410156,-45.0,854.6298828125,Jump,released
1367.008,platform_landed,382.32470703125,-1989.06628417969,-75.0,0.0,land_on_platform,platform_scene-1/Tile Map/21_-110_layer_Tile Map_tile_21_-110_source_1_atlas_2_4
1367.008,landed,382.32470703125,-1989.06628417969,-75.0,0.0,land,surface_wood_impact_1.85740795898438
1367.691,jump_input_pressed,264.241394042969,-1989.06628417969,-180.0,0.0,Jump,pressed
1367.691,jump_executed,264.241394042969,-1989.06628417969,-180.0,-500.0,jump,x_264.241394042969_y_-1989.06628417969
1367.706,jump_peak_reached,261.238708496094,-1997.40795898438,-81.6666641235352,-479.222198486328,jump_peak,x_261.238708496094_y_-1997.40795898438
1367.706,move_right_pressed,261.238708496094,-1997.40795898438,-81.6666641235352,-479.222198486328,Move_Right,pressed
1368.106,jump_input_released,309.377593994141,-2095.94897460938,180.0,2.77788853645325,Jump,released
1368.223,platform_landed,320.2109375,-2079.00244140625,0.0,0.0,land_on_platform,platform_scene-1/Tile Map/17_-115_layer_Tile Map_tile_17_-115_source_1_atlas_15_0
1368.223,landed,320.2109375,-2079.00244140625,0.0,0.0,land,surface_wood_impact_0.52407427978516
1368.273,move_left_pressed,320.2109375,-2079.00244140625,-33.3333320617676,0.0,Move_Left,pressed
1368.281,sonification,319.655395507812,-2079.00244140625,-33.3333320617676,0.0,osc_received,"value_[1, ""mushrooms""]"
1368.392,jump_input_pressed,305.877624511719,-2079.00244140625,-180.0,0.0,Jump,pressed
1368.392,jump_executed,305.877624511719,-2079.00244140625,-180.0,-500.0,jump,x_305.877624511719_y_-2079.00244140625
1368.393,sonification,302.857238769531,-2087.39331054688,-180.0,-500.055541992188,osc_received,"value_[1, ""mushrooms""]"
1368.823,jump_peak_reached,227.857238769531,-2185.8876953125,-180.0,39.8149261474609,jump_peak,x_227.857238769531_y_-2185.8876953125
1369.223,platform_landed,152.857238769531,-1989.06677246094,-180.0,0.0,land_on_platform,platform_scene-1/Tile Map/8_-110_layer_Tile Map_tile_8_-110_source_1_atlas_2_4
1369.224,landed,152.857238769531,-1989.06677246094,-180.0,0.0,land,surface_wood_impact_1.85740795898438
1369.54,jump_input_released,98.8572387695312,-1989.06677246094,-180.0,0.0,Jump,released
1370.157,jump_input_pressed,-12.1427621841431,-1989.06677246094,-180.0,0.0,Jump,pressed
1370.157,jump_executed,-12.1427621841431,-1989.06677246094,-180.0,-500.0,jump,x_-12.1427621841431_y_-1989.06677246094
1370.173,jump_peak_reached,-15.1452913284302,-1997.40808105469,-180.0,-479.222198486328,jump_peak,x_-15.1452913284302_y_-1997.40808105469
1370.224,move_right_pressed,-24.1452922821045,-2020.34228515625,-96.6666641235352,-417.22216796875,Move_Right,pressed
1370.707,scene_transition,35.5213775634766,-2078.29467773438,180.0,299.074188232422,switch,from_res://Scenes/Main/scene-1.tscn_to_res://Scenes/Main/menu.tscn
1370.707,session_end,35.5213775634766,-2078.29467773438,180.0,299.074188232422,,
