timestamp_seconds,event,x,y,velocity_x,velocity_y,action,info
666.527,session_start,392.0,624.0,0.0,0.0,,
666.571,jump_peak_reached,392.0,624.0,0.0,37.037036895752,jump_peak,x_392.0_y_624.0
666.608,platform_landed,392.0,638.988403320312,0.0,0.0,land_on_platform,platform_scene-1/Tile Map/21_36_layer_Tile Map_tile_21_36_source_1_atlas_2_0
666.608,landed,392.0,638.988403320312,0.0,0.0,land,surface_wood_impact_0.51851849365234
668.825,move_right_pressed,392.0,638.988403320312,33.3333320617676,0.0,Move_Right,pressed
669.161,move_left_pressed,417.166656494141,638.932373046875,-33.3333320617676,0.0,Move_Left,pressed
669.56,move_right_pressed,389.0,638.925048828125,33.3333320617676,0.0,Move_Right,pressed
671.234,move_right_pressed,600.166625976562,638.925048828125,33.3333320617676,0.0,Move_Right,pressed
671.943,jump_input_pressed,722.499938964844,638.925048828125,180.0,0.0,Jump,pressed
671.943,jump_executed,722.499938964844,638.925048828125,180.0,-500.0,jump,x_722.499938964844_y_638.925048828125
672.192,jump_input_released,763.333557128906,549.7529296875,0.0,-194.166549682617,Jump,released
672.292,jump_peak_reached,763.333557128906,544.961242675781,0.0,41.2037048339844,jump_peak,x_763.333557128906_y_544.961242675781
672.46,move_right_pressed,763.333557128906,579.606323242188,15.0,411.574127197266,Move_Right,pressed
672.559,platform_landed,770.333557128906,638.933288574219,105.0,0.0,land_on_platform,platform_scene-1/Tile Map/42_36_layer_Tile Map_tile_42_36_source_1_atlas_12_0
672.559,landed,770.333557128906,638.933288574219,105.0,0.0,land,surface_wood_impact_1.2675927734375
674.36,move_left_pressed,1037.98852539062,638.999389648438,-33.3333320617676,0.0,Move_Left,pressed
674.758,jump_input_pressed,972.6552734375,638.933715820312,-180.0,0.0,Jump,pressed
674.758,jump_executed,972.6552734375,638.933715820312,-180.0,-500.0,jump,x_972.6552734375_y_638.933715820312
674.775,jump_peak_reached,969.652587890625,630.591918945312,-180.0,-479.222198486328,jump_peak,x_969.652587890625_y_630.591918945312
675.392,jump_input_released,858.652587890625,580.80126953125,-96.6666641235352,484.259429931641,Jump,released
675.493,platform_landed,856.819274902344,638.980895996094,0.0,0.0,land_on_platform,platform_scene-1/Tile Map/47_36_layer_Tile Map_tile_47_36_source_1_atlas_12_0
675.493,landed,856.819274902344,638.980895996094,0.0,0.0,land,surface_wood_impact_1.41296337890625
675.825,jump_input_pressed,856.819274902344,638.980895996094,0.0,0.0,Jump,pressed
675.826,jump_executed,856.819274902344,638.980895996094,0.0,-500.0,jump,x_856.819274902344_y_638.980895996094
676.075,move_left_pressed,856.819274902344,549.760009765625,-15.0,-194.166549682617,Move_Left,pressed
676.259,jump_peak_reached,840.319274902344,532.102661132812,-180.0,39.8149261474609,jump_peak,x_840.319274902344_y_532.102661132812
676.308,jump_input_released,831.319274902344,535.945251464844,-180.0,150.926040649414,Jump,released
676.36,platform_landed,820.708129882812,548.93359375,-96.6666641235352,0.0,land_on_platform,platform_scene-1/Tile Map/45_31_layer_Tile Map_tile_45_31_source_1_atlas_12_0
676.36,landed,820.708129882812,548.93359375,-96.6666641235352,0.0,land,surface_wood_impact_0.52407427978516
676.642,move_right_pressed,820.485900878906,548.93359375,33.3333320617676,0.0,Move_Right,pressed
676.751,jump_input_pressed,831.819213867188,548.925231933594,180.0,0.0,Jump,pressed
676.751,jump_executed,831.819213867188,548.925231933594,180.0,-500.0,jump,x_831.819213867188_y_548.925231933594
677.184,jump_peak_reached,909.819580078125,442.095611572266,180.0,39.8149261474609,jump_peak,x_909.819580078125_y_442.095611572266
677.184,jump_input_released,909.819580078125,442.095611572266,180.0,39.8149261474609,Jump,released
677.276,platform_landed,914.652893066406,458.995666503906,0.0,0.0,land_on_platform,platform_scene-1/Tile Map/50_26_layer_Tile Map_tile_50_26_source_1_atlas_13_0
677.276,landed,914.652893066406,458.995666503906,0.0,0.0,land,surface_wood_impact_0.52407427978516
677.376,move_left_pressed,914.652893066406,458.995666503906,-33.3333320617676,0.0,Move_Left,pressed
677.575,move_right_pressed,901.488159179688,458.929351806641,33.3333320617676,0.0,Move_Right,pressed
677.826,jump_input_pressed,939.821472167969,459.592681884766,180.0,0.0,Jump,pressed
677.827,jump_executed,939.821472167969,459.592681884766,180.0,-500.0,jump,x_939.821472167969_y_459.592681884766
678.259,jump_peak_reached,985.425231933594,354.070495605469,180.0,39.8149261474609,jump_peak,x_985.425231933594_y_354.070495605469
678.292,coin_collected,991.425231933594,356.014923095703,180.0,76.8519668579102,collect_coin,coin_coin26_score_2
678.343,jump_input_released,1000.42523193359,363.561248779297,180.0,225.000106811523,Jump,released
678.36,platform_landed,1006.42523193359,368.933532714844,180.0,0.0,land_on_platform,platform_scene-1/Tile Map/55_21_layer_Tile Map_tile_55_21_source_1_atlas_13_0
678.36,landed,1006.42523193359,368.933532714844,180.0,0.0,land,surface_wood_impact_0.52407427978516
678.51,move_left_pressed,1008.25854492188,368.933532714844,-33.3333320617676,0.0,Move_Left,pressed
678.776,jump_input_pressed,966.896484375,369.710388183594,-180.0,37.037036895752,Jump,pressed
678.776,jump_executed,966.896484375,369.710388183594,-180.0,-500.0,jump,x_966.896484375_y_369.710388183594
678.942,jump_peak_reached,940.951965332031,308.778259277344,-15.0,41.5335159301758,jump_peak,x_940.951965332031_y_308.778259277344
679.226,jump_input_released,907.840881347656,404.496704101562,-13.3333311080933,671.163269042969,Jump,released
679.292,platform_landed,907.61865234375,458.972137451172,0.0,0.0,land_on_platform,platform_scene-1/Tile Map/50_26_layer_Tile Map_tile_50_26_source_1_atlas_13_0
679.292,landed,907.61865234375,458.972137451172,0.0,0.0,land,surface_wood_impact_1.63862292480469
679.461,move_right_pressed,907.61865234375,458.972137451172,33.3333320617676,0.0,Move_Right,pressed
679.543,jump_input_pressed,915.951965332031,458.972137451172,180.0,0.0,Jump,pressed
679.543,jump_executed,915.951965332031,458.972137451172,180.0,-500.0,jump,x_915.951965332031_y_458.972137451172
679.926,jump_input_released,984.96533203125,352.986022949219,96.6666641235352,-36.1665573120117,Jump,released
679.975,jump_peak_reached,986.798645019531,352.219360351562,0.0,42.5371475219727,jump_peak,x_986.798645019531_y_352.219360351562
680.076,platform_landed,986.798645019531,368.990112304688,0.0,0.0,land_on_platform,platform_scene-1/Tile Map/54_21_layer_Tile Map_tile_54_21_source_1_atlas_14_0
680.076,landed,986.798645019531,368.990112304688,0.0,0.0,land,surface_wood_impact_0.52951873779297
680.21,move_left_pressed,986.798645019531,368.990112304688,-33.3333320617676,0.0,Move_Left,pressed
680.275,jump_input_pressed,981.243103027344,368.990112304688,-166.666656494141,0.0,Jump,pressed
680.275,jump_executed,981.243103027344,368.990112304688,-166.666656494141,-500.0,jump,x_981.243103027344_y_368.990112304688
680.643,jump_input_released,935.074768066406,263.939270019531,-135.0,-55.722110748291,Jump,released
680.708,jump_peak_reached,929.213684082031,262.307800292969,0.0,43.8149261474609,jump_peak,x_929.213684082031_y_262.307800292969
680.792,move_left_pressed,929.213684082031,272.131866455078,-15.0,229.000106811523,Move_Left,pressed
680.809,platform_landed,928.463745117188,278.933837890625,-30.0,0.0,land_on_platform,platform_scene-1/Tile Map/51_16_layer_Tile Map_tile_51_16_source_1_atlas_15_0
680.809,landed,928.463745117188,278.933837890625,-30.0,0.0,land,surface_wood_impact_0.53207427978516
681.075,move_left_pressed,919.574890136719,278.933837890625,-33.3333320617676,0.0,Move_Left,pressed
681.276,jump_input_pressed,917.908264160156,278.933837890625,0.0,0.0,Jump,pressed
681.276,jump_executed,917.908264160156,278.933837890625,0.0,-500.0,jump,x_917.908264160156_y_278.933837890625
681.325,move_right_pressed,917.908264160156,254.957702636719,15.0,-437.833282470703,Move_Right,pressed
681.709,coin_collected,970.408264160156,172.096603393555,180.0,2.77788853645325,collect_coin,coin_coin27_score_4
681.709,jump_peak_reached,970.408264160156,172.096603393555,180.0,39.8149261474609,jump_peak,x_970.408264160156_y_172.096603393555
681.709,jump_input_released,970.408264160156,172.096603393555,180.0,39.8149261474609,Jump,released
681.809,platform_landed,975.241577148438,188.996658325195,0.0,0.0,land_on_platform,platform_scene-1/Tile Map/54_11_layer_Tile Map_tile_54_11_source_1_atlas_13_0
681.809,landed,975.241577148438,188.996658325195,0.0,0.0,land,surface_wood_impact_0.52407427978516
683.511,move_left_pressed,975.241577148438,188.996658325195,-33.3333320617676,0.0,Move_Left,pressed
683.658,jump_input_pressed,954.908264160156,188.933410644531,-180.0,0.0,Jump,pressed
683.659,jump_executed,954.908264160156,188.933410644531,-180.0,-500.0,jump,x_954.908264160156_y_188.933410644531
684.059,jump_input_released,884.294738769531,82.3525772094727,-13.3333311080933,-16.6665554046631,Jump,released
684.093,jump_peak_reached,884.072509765625,82.1442413330078,0.0,41.2038154602051,jump_peak,x_884.072509765625_y_82.1442413330078
684.259,platform_landed,884.072509765625,116.99698638916,0.0,0.0,land_on_platform,platform_scene-1/Tile Map/49_7_layer_Tile Map_tile_49_7_source_1_atlas_15_0
684.259,landed,884.072509765625,116.99698638916,0.0,0.0,land,surface_wood_impact_0.8231484375
684.426,move_left_pressed,884.072509765625,116.99698638916,-33.3333320617676,0.0,Move_Left,pressed
684.443,jump_input_pressed,883.516967773438,116.99698638916,-66.6666641235352,0.0,Jump,pressed
684.443,jump_executed,883.516967773438,116.99698638916,-66.6666641235352,-500.0,jump,x_883.516967773438_y_116.99698638916
684.859,jump_input_released,816.61962890625,10.0574035644531,-96.6666641235352,2.77788853645325,Jump,released
684.875,jump_peak_reached,815.008544921875,10.1037015914917,-13.3333311080933,39.8149261474609,jump_peak,x_815.008544921875_y_10.1037015914917
684.943,move_left_pressed,814.786315917969,16.4617328643799,-15.0,187.963073730469,Move_Left,pressed
685.043,platform_landed,807.786315917969,44.9330749511719,-105.0,0.0,land_on_platform,platform_scene-1/Tile Map/44_3_layer_Tile Map_tile_44_3_source_1_atlas_13_0
685.043,landed,807.786315917969,44.9330749511719,-105.0,0.0,land,surface_wood_impact_0.82037066650391
686.275,move_left_pressed,623.786376953125,44.9330749511719,-33.3333320617676,0.0,Move_Left,pressed
686.325,jump_input_pressed,620.453063964844,44.9330749511719,-133.33332824707,0.0,Jump,pressed
686.325,jump_executed,620.453063964844,44.9330749511719,-133.33332824707,-500.0,jump,x_620.453063964844_y_44.9330749511719
686.542,jump_peak_reached,583.061096191406,-28.3130226135254,-180.0,74.0740737915039,jump_peak,x_583.061096191406_y_-28.3130226135254
686.592,jump_input_released,574.061096191406,-22.7574672698975,-180.0,185.185180664062,Jump,released
686.826,platform_landed,563.227783203125,82.397834777832,0.0,0.0,land_on_platform,platform_scene-1/Tile Map/30_5_layer_Tile Map_tile_30_5_source_1_atlas_3_0
686.826,landed,563.227783203125,82.397834777832,0.0,0.0,land,surface_wood_impact_1.40740759277344
686.977,move_left_pressed,563.227783203125,82.397834777832,-33.3333320617676,0.0,Move_Left,pressed
687.492,move_left_pressed,538.830749511719,80.9297866821289,-33.3333320617676,0.0,Move_Left,pressed
687.96,coin_collected,461.4833984375,137.335052490234,-180.0,481.481536865234,collect_coin,coin_coin5_score_6
687.977,platform_landed,455.4833984375,152.933731079102,-180.0,0.0,land_on_platform,platform_scene-1/Tile Map/25_9_layer_Tile Map_tile_25_9_source_1_atlas_2_0
687.977,landed,455.4833984375,152.933731079102,-180.0,0.0,land,surface_wood_impact_1.11111120605469
688.275,move_right_pressed,440.074951171875,152.933776855469,33.3333320617676,0.0,Move_Right,pressed
688.542,move_left_pressed,465.241607666016,152.925262451172,-33.3333320617676,0.0,Move_Left,pressed
688.643,jump_input_pressed,453.908294677734,152.925262451172,-180.0,0.0,Jump,pressed
688.643,jump_executed,453.908294677734,152.925262451172,-180.0,-500.0,jump,x_453.908294677734_y_152.925262451172
688.942,jump_input_released,399.907958984375,54.993766784668,-180.0,-134.499893188477,Jump,released
689.042,jump_peak_reached,381.907958984375,50.2020988464355,-180.0,41.2037048339844,jump_peak,x_381.907958984375_y_50.2020988464355
689.394,move_left_pressed,371.074615478516,194.253036499023,-15.0,818.981628417969,Move_Left,pressed
689.46,platform_landed,367.329986572266,263.940093994141,-75.0,0.0,land_on_platform,platform_scene-1/Tile Map/20_15_layer_Tile Map_tile_20_15_source_1_atlas_13_6
689.46,landed,367.329986572266,263.940093994141,-75.0,0.0,land,surface_wood_impact_1.93425964355469
689.876,platform_landed,337.835845947266,336.037170410156,0.0,0.0,land_on_platform,platform_scene-1/Tile Map/18_19_layer_Tile Map_tile_18_19_source_1_atlas_19_3
689.876,landed,337.835845947266,336.037170410156,0.0,0.0,land,surface_wood_impact_1.11111120605469
690.125,move_left_pressed,337.835845947266,336.037170410156,-33.3333320617676,0.0,Move_Left,pressed
690.408,move_right_pressed,294.893035888672,335.953765869141,0.0,0.0,Move_Right,pressed
690.642,jump_input_pressed,327.227233886719,335.910186767578,180.0,0.0,Jump,pressed
690.643,jump_executed,327.227233886719,335.910186767578,180.0,-500.0,jump,x_327.227233886719_y_335.910186767578
690.759,jump_peak_reached,347.619812011719,294.032135009766,170.663604736328,87.5539016723633,jump_peak,x_347.619812011719_y_294.032135009766
690.825,jump_input_released,359.464202880859,303.57275390625,96.6666641235352,235.702041625977,Jump,released
690.961,move_right_pressed,361.297546386719,352.283660888672,15.0,531.998413085938,Move_Right,pressed
691.11,platform_landed,375.047546386719,458.93359375,150.0,0.0,land_on_platform,platform_scene-1/Tile Map/20_26_layer_Tile Map_tile_20_26_source_1_atlas_1_0
691.11,landed,375.047546386719,458.93359375,150.0,0.0,land,surface_wood_impact_1.73066369628906
691.477,move_left_pressed,409.880889892578,458.93359375,-33.3333320617676,0.0,Move_Left,pressed
691.744,move_right_pressed,368.547576904297,458.93359375,-96.6666641235352,0.0,Move_Right,pressed
691.744,jump_input_pressed,368.547576904297,458.93359375,-96.6666641235352,0.0,Jump,pressed
691.744,jump_executed,368.547576904297,458.93359375,-96.6666641235352,-500.0,jump,x_368.547576904297_y_458.93359375
692.076,jump_input_released,377.17529296875,357.62939453125,105.0,-94.9998931884766,Jump,released
692.176,jump_peak_reached,391.42529296875,353.337738037109,180.0,46.2038116455078,jump_peak,x_391.42529296875_y_353.337738037109
692.277,platform_landed,412.42529296875,368.933807373047,180.0,0.0,land_on_platform,platform_scene-1/Tile Map/22_21_layer_Tile Map_tile_22_21_source_1_atlas_3_0
692.277,landed,412.42529296875,368.933807373047,180.0,0.0,land,surface_wood_impact_0.53685205078125
692.392,coin_collected,430.457458496094,373.598419189453,180.0,111.111114501953,collect_coin,coin_coin2_score_8
692.443,platform_landed,442.457458496094,386.933776855469,180.0,0.0,land_on_platform,platform_scene-1/Tile Map/24_22_layer_Tile Map_tile_24_22_source_1_atlas_2_0
692.443,landed,442.457458496094,386.933776855469,180.0,0.0,land,surface_wood_impact_0.51851849365234
692.544,jump_input_pressed,457.457458496094,386.933776855469,96.6666641235352,0.0,Jump,pressed
692.544,jump_executed,457.457458496094,386.933776855469,96.6666641235352,-500.0,jump,x_457.457458496094_y_386.933776855469
692.659,move_right_pressed,459.292388916016,335.806091308594,15.0,-355.722137451172,Move_Right,pressed
692.759,jump_input_released,464.542388916016,305.254272460938,105.0,-234.222106933594,Jump,released
692.859,jump_peak_reached,478.792388916016,300.462615966797,180.0,41.2037048339844,jump_peak,x_478.792388916016_y_300.462615966797
693.093,platform_landed,523.792419433594,368.933349609375,180.0,0.0,land_on_platform,platform_scene-1/Tile Map/28_21_layer_Tile Map_tile_28_21_source_1_atlas_3_0
693.093,landed,523.792419433594,368.933349609375,180.0,0.0,land,surface_wood_impact_1.11944458007812
693.326,platform_landed,565.792419433594,422.933227539062,180.0,0.0,land_on_platform,platform_scene-1/Tile Map/31_24_layer_Tile Map_tile_31_24_source_1_atlas_3_0
693.326,landed,565.792419433594,422.933227539062,180.0,0.0,land,surface_wood_impact_0.96296307373047
693.743,platform_landed,640.799682617188,549.932983398438,180.0,0.0,land_on_platform,platform_scene-1/Tile Map/35_31_layer_Tile Map_tile_35_31_source_1_atlas_19_0
693.743,landed,640.799682617188,549.932983398438,180.0,0.0,land,surface_wood_impact_1.48148168945313
694.076,move_left_pressed,669.654052734375,624.460205078125,-15.0,592.592651367188,Move_Left,pressed
694.093,platform_landed,668.904052734375,638.933288574219,-30.0,0.0,land_on_platform,platform_scene-1/Tile Map/37_36_layer_Tile Map_tile_37_36_source_1_atlas_12_0
694.093,landed,668.904052734375,638.933288574219,-30.0,0.0,land,surface_wood_impact_1.25925939941406
694.71,jump_input_pressed,565.348510742188,638.933288574219,-180.0,0.0,Jump,pressed
694.71,jump_executed,565.348510742188,638.933288574219,-180.0,-500.0,jump,x_565.348510742188_y_638.933288574219
695.142,coin_collected,487.345947265625,532.097473144531,-180.0,2.77788853645325,collect_coin,coin_coin_score_10
695.143,jump_peak_reached,487.345947265625,532.097473144531,-180.0,39.8149261474609,jump_peak,x_487.345947265625_y_532.097473144531
695.159,jump_input_released,484.345947265625,532.761047363281,-180.0,76.8519668579102,Jump,released
695.243,platform_landed,476.512603759766,548.997497558594,0.0,0.0,land_on_platform,platform_scene-1/Tile Map/26_31_layer_Tile Map_tile_26_31_source_1_atlas_2_0
695.243,landed,476.512603759766,548.997497558594,0.0,0.0,land,surface_wood_impact_0.52407427978516
695.451,move_left_pressed,476.512603759766,548.997497558594,-33.3333320617676,0.0,Move_Left,pressed
695.585,jump_input_pressed,459.179290771484,548.933532714844,-180.0,0.0,Jump,pressed
695.585,jump_executed,459.179290771484,548.933532714844,-180.0,-500.0,jump,x_459.179290771484_y_548.933532714844
695.734,jump_peak_reached,432.175079345703,493.684631347656,-180.0,74.0740737915039,jump_peak,x_432.175079345703_y_493.684631347656
695.802,jump_input_released,420.175079345703,502.326599121094,-180.0,222.222213745117,Jump,released
696.068,platform_landed,369.175079345703,638.932006835938,-180.0,0.0,land_on_platform,platform_scene-1/Tile Map/20_36_layer_Tile Map_tile_20_36_source_1_atlas_2_0
696.069,landed,369.175079345703,638.932006835938,-180.0,0.0,land,surface_wood_impact_1.6296298828125
697.342,move_right_pressed,142.56396484375,638.932006835938,0.0,0.0,Move_Right,pressed
697.667,jump_input_pressed,182.730651855469,638.925048828125,0.0,0.0,Jump,pressed
697.667,jump_executed,182.730651855469,638.925048828125,0.0,-500.0,jump,x_182.730651855469_y_638.925048828125
697.834,jump_input_released,182.730651855469,571.012084960938,0.0,-294.722106933594,Jump,released
697.934,jump_peak_reached,182.730651855469,566.220397949219,0.0,41.2037048339844,jump_peak,x_182.730651855469_y_566.220397949219
698.167,platform_landed,182.730651855469,638.967529296875,0.0,0.0,land_on_platform,platform_scene-1/Tile Map/10_36_layer_Tile Map_tile_10_36_source_1_atlas_2_0
698.167,landed,182.730651855469,638.967529296875,0.0,0.0,land,surface_wood_impact_1.11944458007812
698.25,jump_input_pressed,182.730651855469,638.967529296875,0.0,0.0,Jump,pressed
698.25,jump_executed,182.730651855469,638.967529296875,0.0,-500.0,jump,x_182.730651855469_y_638.967529296875
698.285,move_left_pressed,182.730651855469,622.6064453125,-15.0,-458.499969482422,Move_Left,pressed
698.536,jump_input_released,154.230651855469,543.587951660156,-180.0,-154.333221435547,Jump,released
698.634,jump_peak_reached,136.230651855469,538.796264648438,-96.6666641235352,41.2037048339844,jump_peak,x_136.230651855469_y_538.796264648438
698.768,platform_landed,134.397308349609,566.995788574219,0.0,0.0,land_on_platform,platform_scene-1/Tile Map/7_32_layer_Tile Map_tile_7_32_source_1_atlas_0_0
698.768,landed,134.397308349609,566.995788574219,0.0,0.0,land,surface_wood_impact_0.67500006103516
698.884,move_right_pressed,134.397308349609,566.995788574219,33.3333320617676,0.0,Move_Right,pressed
699.385,move_left_pressed,140.786209106445,566.995788574219,-33.3333320617676,0.0,Move_Left,pressed
699.426,jump_input_pressed,137.452865600586,566.995788574219,-133.33332824707,0.0,Jump,pressed
699.426,jump_executed,137.452865600586,566.995788574219,-133.33332824707,-500.0,jump,x_137.452865600586_y_566.995788574219
699.859,jump_peak_reached,61.0484085083008,460.108795166016,-180.0,39.8149261474609,jump_peak,x_61.0484085083008_y_460.108795166016
699.992,jump_input_released,37.0484085083008,482.701385498047,-180.0,336.111236572266,Jump,released
700.059,platform_landed,32.2150764465332,512.97412109375,0.0,0.0,land_on_platform,platform_scene-1/Tile Map/1_29_layer_Tile Map_tile_1_29_source_1_atlas_0_0
700.059,landed,32.2150764465332,512.97412109375,0.0,0.0,land,surface_wood_impact_0.96851885986328
700.36,move_left_pressed,32.2150764465332,512.97412109375,-33.3333320617676,0.0,Move_Left,pressed
700.395,jump_input_pressed,30.5484104156494,512.97412109375,-100.0,0.0,Jump,pressed
700.396,jump_executed,30.5484104156494,512.97412109375,-100.0,-500.0,jump,x_30.5484104156494_y_512.97412109375
700.795,jump_input_released,-37.2099838256836,406.358123779297,-180.0,-16.6665554046631,Jump,released
700.825,jump_peak_reached,-43.2099838256836,406.149810791016,-180.0,41.2038154602051,jump_peak,x_-43.2099838256836_y_406.149810791016
701.125,platform_landed,-54.0433158874512,512.955383300781,0.0,0.0,land_on_platform,platform_scene-1/Tile Map/-4_29_layer_Tile Map_tile_-4_29_source_1_atlas_1_0
701.125,landed,-54.0433158874512,512.955383300781,0.0,0.0,land,surface_wood_impact_1.4157412109375
701.576,move_right_pressed,-54.0433158874512,512.955383300781,33.3333320617676,0.0,Move_Right,pressed
702.159,platform_landed,-9.74854278564453,638.961181640625,0.0,0.0,land_on_platform,platform_scene-1/Tile Map/-1_36_layer_Tile Map_tile_-1_36_source_1_atlas_2_0
702.159,landed,-9.74854278564453,638.961181640625,0.0,0.0,land,surface_wood_impact_1.48148168945313
702.442,move_left_pressed,-9.74854278564453,638.961181640625,-33.3333320617676,0.0,Move_Left,pressed
702.502,jump_input_pressed,-9.99810886383057,638.997131347656,-33.3333320617676,0.0,Jump,pressed
702.502,jump_executed,-9.99810886383057,638.997131347656,-33.3333320617676,-500.0,jump,x_-9.99810886383057_y_638.997131347656
702.517,jump_peak_reached,-9.92655086517334,630.662841796875,-15.0,-479.222198486328,jump_peak,x_-9.92655086517334_y_630.662841796875
702.818,jump_input_released,-9.92496871948242,538.807678222656,-15.0,-114.722114562988,Jump,released
702.867,jump_input_pressed,-9.92528343200684,534.849304199219,-15.0,-37.5,Jump,pressed
703.092,jump_input_released,-9.92528438568115,575.520935058594,-15.0,448.611175537109,Jump,released
703.192,platform_landed,-9.92528438568115,638.943908691406,0.0,0.0,land_on_platform,platform_scene-1/Tile Map/-1_36_layer_Tile Map_tile_-1_36_source_1_atlas_2_0
703.192,landed,-9.92528438568115,638.943908691406,0.0,0.0,land,surface_wood_impact_1.34166687011719
703.225,move_right_pressed,-9.92528438568115,638.943908691406,33.3333320617676,0.0,Move_Right,pressed
703.577,jump_input_pressed,46.4080505371094,638.926574707031,180.0,0.0,Jump,pressed
703.577,jump_executed,46.4080505371094,638.926574707031,180.0,-500.0,jump,x_46.4080505371094_y_638.926574707031
703.592,jump_peak_reached,49.4087715148926,630.59033203125,180.0,-479.222198486328,jump_peak,x_49.4087715148926_y_630.59033203125
704.043,jump_input_released,130.408782958984,534.040405273438,96.6666641235352,113.889007568359,Jump,released
704.176,platform_landed,132.242126464844,566.976867675781,0.0,0.0,land_on_platform,platform_scene-1/Tile Map/7_32_layer_Tile Map_tile_7_32_source_1_atlas_0_0
704.176,landed,132.242126464844,566.976867675781,0.0,0.0,land,surface_wood_impact_0.82037066650391
704.428,move_left_pressed,132.242126464844,566.976867675781,-33.3333320617676,0.0,Move_Left,pressed
704.443,jump_input_pressed,131.686569213867,566.976867675781,-66.6666641235352,0.0,Jump,pressed
704.443,jump_executed,131.686569213867,566.976867675781,-66.6666641235352,-500.0,jump,x_131.686569213867_y_566.976867675781
704.875,jump_peak_reached,61.7916259765625,460.102996826172,-180.0,39.8149261474609,jump_peak,x_61.7916259765625_y_460.102996826172
705.027,jump_input_released,34.7916259765625,488.297454833984,-180.0,373.148284912109,Jump,released
705.075,platform_landed,29.9582939147949,512.999877929688,0.0,0.0,land_on_platform,platform_scene-1/Tile Map/1_29_layer_Tile Map_tile_1_29_source_1_atlas_0_0
705.075,landed,29.9582939147949,512.999877929688,0.0,0.0,land,surface_wood_impact_0.96851885986328
705.243,move_left_pressed,29.9582939147949,512.999877929688,-33.3333320617676,0.0,Move_Left,pressed
705.259,jump_input_pressed,29.402738571167,512.999877929688,-66.6666641235352,0.0,Jump,pressed
705.259,jump_executed,29.402738571167,512.999877929688,-66.6666641235352,-500.0,jump,x_29.402738571167_y_512.999877929688
705.659,jump_input_released,-34.494800567627,406.360961914062,-180.0,-16.6665554046631,Jump,released
705.693,jump_peak_reached,-40.494800567627,406.152648925781,-96.6666641235352,41.2038154602051,jump_peak,x_-40.494800567627_y_406.152648925781
705.993,platform_landed,-42.3281326293945,512.958251953125,0.0,0.0,land_on_platform,platform_scene-1/Tile Map/-3_29_layer_Tile Map_tile_-3_29_source_1_atlas_2_0
705.993,landed,-42.3281326293945,512.958251953125,0.0,0.0,land,surface_wood_impact_1.4157412109375
706.128,jump_input_pressed,-42.3281326293945,512.958251953125,0.0,0.0,Jump,pressed
706.129,jump_executed,-42.3281326293945,512.958251953125,0.0,-500.0,jump,x_-42.3281326293945_y_512.958251953125
706.325,move_right_pressed,-42.3281326293945,435.508026123047,15.0,-254.333206176758,Move_Right,pressed
706.559,jump_peak_reached,-16.8281326293945,406.099731445312,180.0,39.8149261474609,jump_peak,x_-16.8281326293945_y_406.099731445312
706.842,jump_input_released,34.1718711853027,501.331268310547,180.0,669.444641113281,Jump,released
706.86,platform_landed,40.6828536987305,513.093811035156,180.0,0.0,land_on_platform,platform_scene-1/Tile Map/1_29_layer_Tile Map_tile_1_29_source_1_atlas_0_0
706.86,landed,40.6828536987305,513.093811035156,180.0,0.0,land,surface_wood_impact_1.41296337890625
707.21,platform_landed,103.68285369873,638.933654785156,180.0,0.0,land_on_platform,platform_scene-1/Tile Map/5_36_layer_Tile Map_tile_5_36_source_1_atlas_2_0
707.21,landed,103.68285369873,638.933654785156,180.0,0.0,land,surface_wood_impact_1.48148168945313
707.66,jump_input_pressed,181.682861328125,638.933654785156,180.0,0.0,Jump,pressed
707.66,jump_executed,181.682861328125,638.933654785156,180.0,-500.0,jump,x_181.682861328125_y_638.933654785156
707.676,jump_peak_reached,184.685546875,630.591918945312,180.0,-479.222198486328,jump_peak,x_184.685546875_y_630.591918945312
708.059,jump_input_released,253.685546875,532.352111816406,180.0,-16.6665554046631,Jump,released
708.393,platform_landed,316.685546875,638.933288574219,180.0,0.0,land_on_platform,platform_scene-1/Tile Map/17_36_layer_Tile Map_tile_17_36_source_1_atlas_2_0
708.393,landed,316.685546875,638.933288574219,180.0,0.0,land,surface_wood_impact_1.4157412109375
708.826,jump_input_pressed,391.685546875,638.933288574219,180.0,0.0,Jump,pressed
708.826,jump_executed,391.685546875,638.933288574219,180.0,-500.0,jump,x_391.685546875_y_638.933288574219
708.893,jump_peak_reached,403.689392089844,619.686279296875,180.0,74.0740737915039,jump_peak,x_403.689392089844_y_619.686279296875
708.993,platform_landed,424.689422607422,638.933349609375,180.0,0.0,land_on_platform,platform_scene-1/Tile Map/23_36_layer_Tile Map_tile_23_36_source_1_atlas_2_0
708.993,landed,424.689422607422,638.933349609375,180.0,0.0,land,surface_wood_impact_0.59259259033203
709.195,jump_input_released,456.300537109375,638.933349609375,13.3333311080933,0.0,Jump,released
709.228,move_right_pressed,456.522766113281,638.933349609375,33.3333320617676,0.0,Move_Right,pressed
709.461,move_left_pressed,487.689422607422,638.933349609375,-20.0000019073486,0.0,Move_Left,pressed
709.627,jump_input_pressed,465.467193603516,638.933349609375,-180.0,0.0,Jump,pressed
709.627,jump_executed,465.467193603516,638.933349609375,-180.0,-500.0,jump,x_465.467193603516_y_638.933349609375
709.776,move_right_pressed,438.464599609375,576.2734375,-81.6666641235352,-314.999908447266,Move_Right,pressed
709.992,jump_input_released,453.603485107422,533.927124023438,180.0,-55.722110748291,Jump,released
710.059,jump_peak_reached,464.214599609375,532.295654296875,13.3333311080933,43.8149261474609,jump_peak,x_464.214599609375_y_532.295654296875
710.16,platform_landed,464.436828613281,548.984741210938,0.0,0.0,land_on_platform,platform_scene-1/Tile Map/25_31_layer_Tile Map_tile_25_31_source_1_atlas_1_0
710.16,landed,464.436828613281,548.984741210938,0.0,0.0,land,surface_wood_impact_0.53207427978516
710.476,move_right_pressed,464.436828613281,548.984741210938,33.3333320617676,0.0,Move_Right,pressed
710.525,jump_input_pressed,467.770141601562,548.984741210938,133.33332824707,0.0,Jump,pressed
710.525,jump_executed,467.770141601562,548.984741210938,133.33332824707,-500.0,jump,x_467.770141601562_y_548.984741210938
710.761,jump_input_released,508.172210693359,463.347442626953,180.0,-214.166549682617,Jump,released
710.86,jump_peak_reached,526.172241210938,458.555786132812,96.6666641235352,41.2037048339844,jump_peak,x_526.172241210938_y_458.555786132812
710.975,move_left_pressed,528.005554199219,476.325866699219,-15.0,300.462982177734,Move_Left,pressed
711.026,platform_landed,525.505554199219,494.933563232422,-60.0,0.0,land_on_platform,platform_scene-1/Tile Map/29_28_layer_Tile Map_tile_29_28_source_1_atlas_2_0
711.026,landed,525.505554199219,494.933563232422,-60.0,0.0,land,surface_wood_impact_0.82314825439453
711.376,move_right_pressed,497.854370117188,534.89697265625,15.0,444.444488525391,Move_Right,pressed
711.393,platform_landed,498.604370117188,548.933837890625,30.0,0.0,land_on_platform,platform_scene-1/Tile Map/27_31_layer_Tile Map_tile_27_31_source_1_atlas_3_0
711.393,landed,498.604370117188,548.933837890625,30.0,0.0,land,surface_wood_impact_0.96296307373047
711.759,platform_landed,514.004089355469,638.990356445312,0.0,0.0,land_on_platform,platform_scene-1/Tile Map/28_36_layer_Tile Map_tile_28_36_source_1_atlas_2_0
711.76,landed,514.004089355469,638.990356445312,0.0,0.0,land,surface_wood_impact_1.25925939941406
712.009,jump_input_pressed,514.004089355469,638.990356445312,0.0,0.0,Jump,pressed
712.009,jump_executed,514.004089355469,638.990356445312,0.0,-500.0,jump,x_514.004089355469_y_638.990356445312
712.226,move_left_pressed,514.004089355469,557.26123046875,-15.0,-234.222106933594,Move_Left,pressed
712.376,jump_input_released,502.754089355469,533.933471679688,-150.0,-55.722110748291,Jump,released
712.442,jump_peak_reached,491.504089355469,532.302001953125,-180.0,43.8149261474609,jump_peak,x_491.504089355469_y_532.302001953125
712.543,platform_landed,486.670745849609,548.991088867188,0.0,0.0,land_on_platform,platform_scene-1/Tile Map/26_31_layer_Tile Map_tile_26_31_source_1_atlas_2_0
712.543,landed,486.670745849609,548.991088867188,0.0,0.0,land,surface_wood_impact_0.53207427978516
712.659,move_right_pressed,486.670745849609,548.991088867188,33.3333320617676,0.0,Move_Right,pressed
712.692,jump_input_pressed,488.338592529297,548.926452636719,100.0,0.0,Jump,pressed
712.693,jump_executed,488.338592529297,548.926452636719,100.0,-500.0,jump,x_488.338592529297_y_548.926452636719
712.893,jump_input_released,500.42529296875,471.504058837891,0.0,-254.333206176758,Jump,released
712.993,jump_peak_reached,500.42529296875,466.71240234375,0.0,41.2037048339844,jump_peak,x_500.42529296875_y_466.71240234375
713.059,move_right_pressed,500.42529296875,473.163024902344,15.0,189.351852416992,Move_Right,pressed
713.127,platform_landed,504.159484863281,494.984039306641,75.0,0.0,land_on_platform,platform_scene-1/Tile Map/28_28_layer_Tile Map_tile_28_28_source_1_atlas_1_0
713.127,landed,504.159484863281,494.984039306641,75.0,0.0,land,surface_wood_impact_0.67500006103516
713.609,jump_input_pressed,528.076110839844,494.931793212891,0.0,0.0,Jump,pressed
713.609,jump_executed,528.076110839844,494.931793212891,0.0,-500.0,jump,x_528.076110839844_y_494.931793212891
713.677,move_right_pressed,528.076110839844,463.656494140625,15.0,-417.22216796875,Move_Right,pressed
713.976,jump_input_released,565.576110839844,389.925994873047,180.0,-55.722110748291,Jump,released
714.043,jump_peak_reached,577.576110839844,388.294525146484,96.6666641235352,43.8149261474609,jump_peak,x_577.576110839844_y_388.294525146484
714.21,platform_landed,579.409423828125,423.374786376953,0.0,0.0,land_on_platform,platform_scene-1/Tile Map/31_24_layer_Tile Map_tile_31_24_source_1_atlas_3_0
714.21,landed,579.409423828125,423.374786376953,0.0,0.0,land,surface_wood_impact_0.82837066650391
714.226,move_left_pressed,579.409423828125,423.374786376953,-33.3333320617676,0.0,Move_Left,pressed
714.759,jump_input_pressed,554.346008300781,422.929626464844,0.0,0.0,Jump,pressed
714.76,jump_executed,554.346008300781,422.929626464844,0.0,-500.0,jump,x_554.346008300781_y_422.929626464844
714.993,move_right_pressed,554.346008300781,337.336791992188,15.0,-214.166549682617,Move_Right,pressed
715.075,jump_input_released,558.096008300781,322.734954833984,90.0,-114.722114562988,Jump,released
715.175,jump_peak_reached,570.846008300781,317.943298339844,180.0,41.2037048339844,jump_peak,x_570.846008300781_y_317.943298339844
715.343,platform_landed,581.679321289062,353.981719970703,0.0,0.0,land_on_platform,platform_scene-1/Tile Map/32_20_layer_Tile Map_tile_32_20_source_1_atlas_18_3
715.343,landed,581.679321289062,353.981719970703,0.0,0.0,land,surface_wood_impact_0.82314825439453
715.377,move_right_pressed,581.679321289062,353.981719970703,33.3333320617676,0.0,Move_Right,pressed
715.527,jump_input_pressed,602.009399414062,353.988433837891,180.0,0.0,Jump,pressed
715.527,jump_executed,602.009399414062,353.988433837891,180.0,-500.0,jump,x_602.009399414062_y_353.988433837891
715.742,jump_peak_reached,641.025573730469,277.68408203125,180.0,74.0740737915039,jump_peak,x_641.025573730469_y_277.68408203125
715.876,jump_input_released,665.025573730469,304.844543457031,180.0,370.370391845703,Jump,released
715.893,platform_landed,671.706665039062,316.464935302734,180.0,0.0,land_on_platform,platform_scene-1/Tile Map/36_18_layer_Tile Map_tile_36_18_source_1_atlas_0_0
715.893,landed,671.706665039062,316.464935302734,180.0,0.0,land,surface_wood_impact_0.81481488037109
715.927,coin_collected,674.706665039062,316.464935302734,180.0,0.0,collect_coin,coin_coin3_score_12
716.027,platform_landed,695.706665039062,332.93359375,180.0,0.0,land_on_platform,platform_scene-1/Tile Map/38_19_layer_Tile Map_tile_38_19_source_1_atlas_3_0
716.027,landed,695.706665039062,332.93359375,180.0,0.0,land,surface_wood_impact_0.51851849365234
716.409,jump_input_pressed,695.925231933594,332.933776855469,0.0,0.0,Jump,pressed
716.409,jump_executed,695.925231933594,332.933776855469,0.0,-500.0,jump,x_695.925231933594_y_332.933776855469
716.659,move_right_pressed,695.924011230469,243.762481689453,15.0,-194.166549682617,Move_Right,pressed
716.676,jump_input_released,696.174011230469,240.51155090332,30.0,-174.222106933594,Jump,released
716.776,jump_peak_reached,702.924011230469,235.719879150391,21.6666660308838,41.2037048339844,jump_peak,x_702.924011230469_y_235.719879150391
717.026,platform_landed,703.285095214844,314.992736816406,0.0,0.0,land_on_platform,platform_scene-1/Tile Map/39_18_layer_Tile Map_tile_39_18_source_1_atlas_0_0
717.026,landed,703.285095214844,314.992736816406,0.0,0.0,land,surface_wood_impact_1.19351867675781
717.044,move_right_pressed,703.285095214844,314.992736816406,33.3333320617676,0.0,Move_Right,pressed
717.511,move_left_pressed,719.451721191406,314.992736816406,-33.3333320617676,0.0,Move_Left,pressed
717.577,jump_input_pressed,713.896179199219,314.992736816406,-166.666656494141,0.0,Jump,pressed
717.577,jump_executed,713.896179199219,314.992736816406,-166.666656494141,-500.0,jump,x_713.896179199219_y_314.992736816406
717.944,jump_input_released,648.100463867188,209.939788818359,-96.6666641235352,-55.722110748291,Jump,released
718.009,jump_peak_reached,646.267150878906,208.308319091797,0.0,43.8149261474609,jump_peak,x_646.267150878906_y_208.308319091797
718.16,platform_landed,646.267150878906,242.995727539062,0.0,0.0,land_on_platform,platform_scene-1/Tile Map/35_14_layer_Tile Map_tile_35_14_source_1_atlas_2_0
718.16,landed,646.267150878906,242.995727539062,0.0,0.0,land,surface_wood_impact_0.75429656982422
718.195,move_left_pressed,646.267150878906,242.995727539062,-33.3333320617676,0.0,Move_Left,pressed
718.226,jump_input_pressed,644.600524902344,242.995727539062,-100.0,0.0,Jump,pressed
718.226,jump_executed,644.600524902344,242.995727539062,-100.0,-500.0,jump,x_644.600524902344_y_242.995727539062
718.609,jump_input_released,588.501525878906,137.024002075195,-180.0,-36.1665573120117,Jump,released
718.659,jump_peak_reached,580.890441894531,136.257339477539,-13.3333311080933,42.5371475219727,jump_peak,x_580.890441894531_y_136.257339477539
718.809,platform_landed,580.668212890625,170.99006652832,0.0,0.0,land_on_platform,platform_scene-1/Tile Map/32_10_layer_Tile Map_tile_32_10_source_1_atlas_2_0
718.81,landed,580.668212890625,170.99006652832,0.0,0.0,land,surface_wood_impact_0.75174102783203
718.826,move_left_pressed,580.668212890625,170.99006652832,-33.3333320617676,0.0,Move_Left,pressed
718.976,jump_input_pressed,560.334899902344,170.932556152344,-180.0,0.0,Jump,pressed
718.977,jump_executed,560.334899902344,170.932556152344,-180.0,-500.0,jump,x_560.334899902344_y_170.932556152344
719.126,jump_peak_reached,533.330993652344,115.684608459473,-180.0,74.0740737915039,jump_peak,x_533.330993652344_y_115.684608459473
719.393,jump_input_released,508.324768066406,208.835311889648,-90.0,666.666748046875,Jump,released
719.526,move_right_pressed,491.477874755859,312.753601074219,15.0,962.963134765625,Move_Right,pressed
719.576,platform_landed,493.977874755859,368.933044433594,60.0,0.0,land_on_platform,platform_scene-1/Tile Map/27_21_layer_Tile Map_tile_27_21_source_1_atlas_2_0
719.576,landed,493.977874755859,368.933044433594,60.0,0.0,land,surface_wood_impact_2.1481484375
720.077,move_left_pressed,514.14453125,368.933044433594,-33.3333320617676,0.0,Move_Left,pressed
720.242,jump_input_pressed,490.811248779297,368.933044433594,-180.0,0.0,Jump,pressed
720.242,jump_executed,490.811248779297,368.933044433594,-180.0,-500.0,jump,x_490.811248779297_y_368.933044433594
720.676,jump_peak_reached,431.155181884766,262.097808837891,-120.0,39.8149261474609,jump_peak,x_431.155181884766_y_262.097808837891
720.693,platform_landed,426.908782958984,262.954559326172,-135.0,0.0,land_on_platform,platform_scene-1/Tile Map/23_15_layer_Tile Map_tile_23_15_source_1_atlas_14_6
720.693,landed,426.908782958984,262.954559326172,-135.0,0.0,land,surface_wood_impact_0.15370393371582
720.826,jump_input_released,406.094085693359,263.954559326172,-180.0,0.0,Jump,released
721.159,jump_input_pressed,395.2607421875,263.954559326172,0.0,0.0,Jump,pressed
721.159,jump_executed,395.2607421875,263.954559326172,0.0,-500.0,jump,x_395.2607421875_y_263.954559326172
721.227,move_left_pressed,395.2607421875,232.676345825195,-15.0,-417.22216796875,Move_Left,pressed
721.476,jump_input_released,366.7607421875,163.755035400391,-180.0,-114.722114562988,Jump,released
721.576,jump_peak_reached,348.7607421875,158.963363647461,-180.0,41.2037048339844,jump_peak,x_348.7607421875_y_158.963363647461
721.726,platform_landed,343.927398681641,188.999862670898,0.0,0.0,land_on_platform,platform_scene-1/Tile Map/19_11_layer_Tile Map_tile_19_11_source_1_atlas_3_0
721.726,landed,343.927398681641,188.999862670898,0.0,0.0,land,surface_wood_impact_0.74907415771484
721.858,move_right_pressed,343.927398681641,188.999862670898,33.3333320617676,0.0,Move_Right,pressed
721.892,jump_input_pressed,345.594055175781,188.999862670898,100.0,0.0,Jump,pressed
721.892,jump_executed,345.594055175781,188.999862670898,100.0,-500.0,jump,x_345.594055175781_y_188.999862670898
722.326,jump_peak_reached,419.356689453125,82.1077117919922,180.0,39.8149261474609,jump_peak,x_419.356689453125_y_82.1077117919922
722.343,jump_input_released,422.356689453125,82.7712936401367,96.6666641235352,76.8519668579102,Jump,released
722.526,platform_landed,424.190032958984,134.973052978516,0.0,0.0,land_on_platform,platform_scene-1/Tile Map/23_8_layer_Tile Map_tile_23_8_source_1_atlas_0_0
722.526,landed,424.190032958984,134.973052978516,0.0,0.0,land,surface_wood_impact_0.96851885986328
722.742,move_left_pressed,424.190032958984,134.973052978516,-33.3333320617676,0.0,Move_Left,pressed
722.742,jump_input_pressed,424.190032958984,134.973052978516,-33.3333320617676,0.0,Jump,pressed
722.742,jump_executed,424.190032958984,134.973052978516,-33.3333320617676,-500.0,jump,x_424.190032958984_y_134.973052978516
723.176,jump_peak_reached,359.381774902344,28.1018581390381,-180.0,39.8149261474609,jump_peak,x_359.381774902344_y_28.1018581390381
723.326,jump_input_released,332.381774902344,56.2963256835938,-180.0,373.148284912109,Jump,released
723.376,platform_landed,320.381774902344,80.93310546875,-180.0,0.0,land_on_platform,platform_scene-1/Tile Map/17_5_layer_Tile Map_tile_17_5_source_1_atlas_13_0
723.376,landed,320.381774902344,80.93310546875,-180.0,0.0,land,surface_wood_impact_0.96851885986328
723.977,jump_input_pressed,215.381774902344,80.93310546875,-180.0,0.0,Jump,pressed
723.977,jump_executed,215.381774902344,80.93310546875,-180.0,-500.0,jump,x_215.381774902344_y_80.93310546875
724.159,jump_input_released,182.379241943359,8.09183502197266,-180.0,-274.499877929688,Jump,released
724.259,jump_peak_reached,164.379241943359,3.30016875267029,-180.0,41.2037048339844,jump_peak,x_164.379241943359_y_3.30016875267029
724.51,platform_landed,116.379241943359,80.9328842163086,-180.0,0.0,land_on_platform,platform_scene-1/Tile Map/6_5_layer_Tile Map_tile_6_5_source_1_atlas_13_0
724.51,landed,116.379241943359,80.9328842163086,-180.0,0.0,land,surface_wood_impact_1.19351867675781
725.093,move_right_pressed,14.3792419433594,80.9328842163086,-63.3333396911621,0.0,Move_Right,pressed
725.377,jump_input_pressed,51.6570205688477,80.9251480102539,180.0,0.0,Jump,pressed
725.377,jump_executed,51.6570205688477,80.9251480102539,180.0,-500.0,jump,x_51.6570205688477_y_80.9251480102539
725.626,move_left_pressed,96.657341003418,-8.2470178604126,96.6666641235352,-194.166549682617,Move_Left,pressed
725.676,jump_input_released,98.0184555053711,-17.0062732696533,-30.0,-134.499893188477,Jump,released
725.776,jump_peak_reached,91.2684555053711,-21.7979393005371,-120.0,41.2037048339844,jump_peak,x_91.2684555053711_y_-21.7979393005371
726.06,platform_landed,58.9351234436035,80.989616394043,0.0,0.0,land_on_platform,platform_scene-1/Tile Map/3_5_layer_Tile Map_tile_3_5_source_1_atlas_13_0
726.06,landed,58.9351234436035,80.989616394043,0.0,0.0,land,surface_wood_impact_1.34166687011719
726.076,move_right_pressed,58.9351234436035,80.989616394043,33.3333320617676,0.0,Move_Right,pressed
726.593,jump_input_pressed,145.268463134766,80.9251022338867,180.0,0.0,Jump,pressed
726.594,jump_executed,145.268463134766,80.9251022338867,180.0,-500.0,jump,x_145.268463134766_y_80.9251022338867
727.027,jump_peak_reached,223.268768310547,-25.9044208526611,180.0,39.8149261474609,jump_peak,x_223.268768310547_y_-25.9044208526611
727.143,jump_input_released,244.268768310547,-8.29638290405273,180.0,299.074188232422,Jump,released
727.327,platform_landed,280.268768310547,80.9327697753906,180.0,0.0,land_on_platform,platform_scene-1/Tile Map/15_5_layer_Tile Map_tile_15_5_source_1_atlas_13_0
727.327,landed,280.268768310547,80.9327697753906,180.0,0.0,land,surface_wood_impact_1.41296337890625
727.627,jump_input_pressed,331.268768310547,80.9251403808594,180.0,0.0,Jump,pressed
727.627,jump_executed,331.268768310547,80.9251403808594,180.0,-500.0,jump,x_331.268768310547_y_80.9251403808594
728.059,jump_peak_reached,409.269073486328,-25.9044055938721,180.0,39.8149261474609,jump_peak,x_409.269073486328_y_-25.9044055938721
728.16,platform_landed,430.269073486328,-9.06637382507324,180.0,0.0,land_on_platform,platform_scene-1/Tile Map/23_0_layer_Tile Map_tile_23_0_source_1_atlas_13_7
728.16,landed,430.269073486328,-9.06637382507324,180.0,0.0,land,surface_wood_impact_0.52407427978516
728.227,jump_input_released,439.269073486328,-9.07475280761719,180.0,0.0,Jump,released
729.144,move_left_pressed,447.102416992188,-9.07475280761719,-33.3333320617676,0.0,Move_Left,pressed
729.427,jump_input_pressed,427.935760498047,-9.07475280761719,0.0,0.0,Jump,pressed
729.427,jump_executed,427.935760498047,-9.07475280761719,0.0,-500.0,jump,x_427.935760498047_y_-9.07475280761719
729.726,move_right_pressed,427.935760498047,-107.006355285645,15.0,-134.499893188477,Move_Right,pressed
729.86,jump_peak_reached,436.935760498047,-115.904495239258,135.0,39.8149261474609,jump_peak,x_436.935760498047_y_-115.904495239258
729.926,jump_input_released,443.92529296875,-109.546463012695,15.0,187.963073730469,Jump,released
730.161,platform_landed,444.17529296875,-9.02111339569092,0.0,0.0,land_on_platform,platform_scene-1/Tile Map/24_0_layer_Tile Map_tile_24_0_source_1_atlas_14_7
730.161,landed,444.17529296875,-9.02111339569092,0.0,0.0,land,surface_wood_impact_1.41296337890625
730.428,move_right_pressed,444.17529296875,-9.02111339569092,33.3333320617676,0.0,Move_Right,pressed
730.643,jump_input_pressed,476.522857666016,-8.21828269958496,180.0,74.0740737915039,Jump,pressed
730.894,platform_landed,524.524963378906,80.9265213012695,180.0,0.0,land_on_platform,platform_scene-1/Tile Map/29_5_layer_Tile Map_tile_29_5_source_1_atlas_2_0
730.894,landed,524.524963378906,80.9265213012695,180.0,0.0,land,surface_wood_impact_1.25925939941406
731.009,jump_input_released,541.136047363281,80.9265213012695,13.3333311080933,0.0,Jump,released
731.36,move_right_pressed,541.358276367188,80.9265213012695,33.3333320617676,0.0,Move_Right,pressed
731.493,jump_input_pressed,558.691589355469,80.9265213012695,180.0,0.0,Jump,pressed
731.493,jump_executed,558.691589355469,80.9265213012695,180.0,-500.0,jump,x_558.691589355469_y_80.9265213012695
731.909,jump_input_released,633.692260742188,-25.9503917694092,180.0,2.77788853645325,Jump,released
731.927,jump_peak_reached,636.692260742188,-25.9040927886963,180.0,39.8149261474609,jump_peak,x_636.692260742188_y_-25.9040927886963
732.16,platform_landed,653.175354003906,44.9337501525879,135.0,0.0,land_on_platform,platform_scene-1/Tile Map/36_3_layer_Tile Map_tile_36_3_source_1_atlas_13_0
732.161,landed,653.175354003906,44.9337501525879,135.0,0.0,land,surface_wood_impact_1.1166669921875
732.53,jump_input_pressed,715.980895996094,44.9337501525879,96.6666641235352,0.0,Jump,pressed
732.53,jump_executed,715.980895996094,44.9337501525879,96.6666641235352,-500.0,jump,x_715.980895996094_y_44.9337501525879
732.595,move_left_pressed,717.815795898438,13.6570510864258,-15.0,-417.22216796875,Move_Left,pressed
732.959,jump_peak_reached,668.315795898438,-61.9030952453613,-180.0,39.8149261474609,jump_peak,x_668.315795898438_y_-61.9030952453613
732.959,jump_input_released,668.315795898438,-61.9030952453613,-180.0,39.8149261474609,Jump,released
733.127,platform_landed,663.482482910156,-27.0221614837646,0.0,0.0,land_on_platform,platform_scene-1/Tile Map/36_-1_layer_Tile Map_tile_36_-1_source_1_atlas_13_7
733.127,landed,663.482482910156,-27.0221614837646,0.0,0.0,land,surface_wood_impact_0.82037066650391
733.311,move_left_pressed,663.482482910156,-27.0221614837646,-33.3333320617676,0.0,Move_Left,pressed
733.342,jump_input_pressed,661.815856933594,-27.0221614837646,-100.0,0.0,Jump,pressed
733.342,jump_executed,661.815856933594,-27.0221614837646,-100.0,-500.0,jump,x_661.815856933594_y_-27.0221614837646
733.776,jump_peak_reached,588.056762695312,-133.895889282227,-180.0,39.8149261474609,jump_peak,x_588.056762695312_y_-133.895889282227
733.793,jump_input_released,585.056762695312,-133.232299804688,-180.0,76.8519668579102,Jump,released
734.01,platform_landed,565.223449707031,-63.0167503356934,0.0,0.0,land_on_platform,platform_scene-1/Tile Map/31_-3_layer_Tile Map_tile_31_-3_source_1_atlas_2_0
734.01,landed,565.223449707031,-63.0167503356934,0.0,0.0,land,surface_wood_impact_1.1166669921875
734.261,jump_input_pressed,565.223449707031,-63.0167503356934,0.0,0.0,Jump,pressed
734.262,jump_executed,565.223449707031,-63.0167503356934,0.0,-500.0,jump,x_565.223449707031_y_-63.0167503356934
734.275,move_left_pressed,565.223449707031,-71.402587890625,-15.0,-479.222198486328,Move_Left,pressed
734.692,jump_peak_reached,506.723449707031,-169.897048950195,-180.0,39.8149261474609,jump_peak,x_506.723449707031_y_-169.897048950195
734.71,jump_input_released,503.723449707031,-169.233459472656,-180.0,76.8519668579102,Jump,released
734.876,coin_collected,483.890106201172,-128.647018432617,0.0,410.185333251953,collect_coin,coin_coin9_score_14
734.893,platform_landed,483.890106201172,-117.000183105469,0.0,0.0,land_on_platform,platform_scene-1/Tile Map/26_-6_layer_Tile Map_tile_26_-6_source_1_atlas_1_0
734.893,landed,483.890106201172,-117.000183105469,0.0,0.0,land,surface_wood_impact_0.96851885986328
735.128,move_right_pressed,483.890106201172,-117.000183105469,33.3333320617676,0.0,Move_Right,pressed
735.476,move_right_pressed,506.056762695312,-117.066177368164,33.3333320617676,0.0,Move_Right,pressed
735.476,jump_input_pressed,506.056762695312,-117.066177368164,33.3333320617676,0.0,Jump,pressed
735.476,jump_executed,506.056762695312,-117.066177368164,33.3333320617676,-500.0,jump,x_506.056762695312_y_-117.066177368164
735.692,jump_input_released,530.473876953125,-198.745956420898,13.3333311080933,-234.222106933594,Jump,released
735.793,jump_peak_reached,530.696105957031,-203.537628173828,0.0,41.2037048339844,jump_peak,x_530.696105957031_y_-203.537628173828
736.026,platform_landed,530.696105957031,-135.017578125,0.0,0.0,land_on_platform,platform_scene-1/Tile Map/29_-7_layer_Tile Map_tile_29_-7_source_1_atlas_0_0
736.027,landed,530.696105957031,-135.017578125,0.0,0.0,land,surface_wood_impact_1.11944458007812
736.211,jump_input_pressed,530.696105957031,-135.017578125,0.0,0.0,Jump,pressed
736.211,jump_executed,530.696105957031,-135.017578125,0.0,-500.0,jump,x_530.696105957031_y_-135.017578125
736.226,move_left_pressed,530.696105957031,-143.402694702148,-15.0,-479.222198486328,Move_Left,pressed
736.643,jump_peak_reached,472.196105957031,-241.897125244141,-180.0,39.8149261474609,jump_peak,x_472.196105957031_y_-241.897125244141
736.692,jump_input_released,463.196105957031,-238.05451965332,-180.0,150.926040649414,Jump,released
736.81,platform_landed,458.362762451172,-207.016204833984,0.0,0.0,land_on_platform,platform_scene-1/Tile Map/25_-11_layer_Tile Map_tile_25_-11_source_1_atlas_2_0
736.81,landed,458.362762451172,-207.016204833984,0.0,0.0,land,surface_wood_impact_0.82037066650391
737.027,jump_input_pressed,458.362762451172,-207.016204833984,0.0,0.0,Jump,pressed
737.027,jump_executed,458.362762451172,-207.016204833984,0.0,-500.0,jump,x_458.362762451172_y_-207.016204833984
737.294,move_left_pressed,458.362762451172,-299.490417480469,-15.0,-174.222106933594,Move_Left,pressed
737.459,jump_peak_reached,444.612762451172,-313.896881103516,-165.0,39.8149261474609,jump_peak,x_444.612762451172_y_-313.896881103516
737.51,jump_input_released,435.862762451172,-310.054290771484,-180.0,150.926040649414,Jump,released
737.56,platform_landed,423.862762451172,-297.066345214844,-180.0,0.0,land_on_platform,platform_scene-1/Tile Map/23_-16_layer_Tile Map_tile_23_-16_source_1_atlas_2_0
737.56,landed,423.862762451172,-297.066345214844,-180.0,0.0,land,surface_wood_impact_0.52407427978516
737.96,platform_landed,368.000762939453,-243.002685546875,0.0,0.0,land_on_platform,platform_scene-1/Tile Map/20_-13_layer_Tile Map_tile_20_-13_source_1_atlas_1_0
737.96,landed,368.000762939453,-243.002685546875,0.0,0.0,land,surface_wood_impact_0.96296307373047
738.376,move_left_pressed,368.000762939453,-243.002685546875,-33.3333320617676,0.0,Move_Left,pressed
738.376,jump_input_pressed,368.000762939453,-243.002685546875,-33.3333320617676,0.0,Jump,pressed
738.376,jump_executed,368.000762939453,-243.002685546875,-33.3333320617676,-500.0,jump,x_368.000762939453_y_-243.002685546875
738.642,jump_input_released,333.191101074219,-335.488403320312,-180.0,-174.222106933594,Jump,released
738.743,jump_peak_reached,315.191101074219,-340.280059814453,-180.0,41.2037048339844,jump_peak,x_315.191101074219_y_-340.280059814453
739.093,platform_landed,310.357757568359,-189.031005859375,0.0,0.0,land_on_platform,platform_scene-1/Tile Map/17_-10_layer_Tile Map_tile_17_-10_source_1_atlas_3_0
739.093,landed,310.357757568359,-189.031005859375,0.0,0.0,land,surface_wood_impact_1.63796325683594
739.595,move_right_pressed,310.357757568359,-189.031005859375,33.3333320617676,0.0,Move_Right,pressed
739.595,jump_input_pressed,310.357757568359,-189.031005859375,33.3333320617676,0.0,Jump,pressed
739.595,jump_executed,310.357757568359,-189.031005859375,33.3333320617676,-500.0,jump,x_310.357757568359_y_-189.031005859375
739.993,jump_input_released,367.776916503906,-295.644012451172,13.3333311080933,-16.6665554046631,Jump,released
740.03,jump_peak_reached,367.999145507812,-295.852325439453,0.0,41.2038154602051,jump_peak,x_367.999145507812_y_-295.852325439453
740.227,platform_landed,367.999145507812,-243.013458251953,0.0,0.0,land_on_platform,platform_scene-1/Tile Map/20_-13_layer_Tile Map_tile_20_-13_source_1_atlas_1_0
740.227,landed,367.999145507812,-243.013458251953,0.0,0.0,land,surface_wood_impact_0.97129663085938
740.376,move_right_pressed,367.999145507812,-243.013458251953,33.3333320617676,0.0,Move_Right,pressed
740.426,jump_input_pressed,371.332458496094,-243.013458251953,133.33332824707,0.0,Jump,pressed
740.426,jump_executed,371.332458496094,-243.013458251953,133.33332824707,-500.0,jump,x_371.332458496094_y_-243.013458251953
740.676,jump_input_released,414.734924316406,-332.235565185547,180.0,-194.166549682617,Jump,released
740.776,jump_peak_reached,425.568267822266,-337.027221679688,0.0,41.2037048339844,jump_peak,x_425.568267822266_y_-337.027221679688
740.943,platform_landed,425.568267822266,-297.036499023438,0.0,0.0,land_on_platform,platform_scene-1/Tile Map/23_-16_layer_Tile Map_tile_23_-16_source_1_atlas_2_0
740.943,landed,425.568267822266,-297.036499023438,0.0,0.0,land,surface_wood_impact_0.82314825439453
740.995,move_right_pressed,425.568267822266,-297.036499023438,33.3333320617676,0.0,Move_Right,pressed
741.029,jump_input_pressed,427.234924316406,-297.036499023438,100.0,0.0,Jump,pressed
741.029,jump_executed,427.234924316406,-297.036499023438,100.0,-500.0,jump,x_427.234924316406_y_-297.036499023438
741.426,jump_input_released,494.991485595703,-403.643585205078,180.0,-16.6665554046631,Jump,released
741.459,jump_peak_reached,500.991485595703,-403.851898193359,180.0,41.2038154602051,jump_peak,x_500.991485595703_y_-403.851898193359
741.661,platform_landed,539.991516113281,-351.066345214844,180.0,0.0,land_on_platform,platform_scene-1/Tile Map/29_-19_layer_Tile Map_tile_29_-19_source_1_atlas_12_0
741.661,landed,539.991516113281,-351.066345214844,180.0,0.0,land,surface_wood_impact_0.97129663085938
742.044,move_right_pressed,544.824829101562,-351.066345214844,33.3333320617676,0.0,Move_Right,pressed
742.044,jump_input_pressed,544.824829101562,-351.066345214844,33.3333320617676,0.0,Jump,pressed
742.044,jump_executed,544.824829101562,-351.066345214844,33.3333320617676,-500.0,jump,x_544.824829101562_y_-351.066345214844
742.476,jump_peak_reached,609.630798339844,-457.903350830078,180.0,39.8149261474609,jump_peak,x_609.630798339844_y_-457.903350830078
742.543,jump_input_released,621.630798339844,-451.545318603516,180.0,187.963073730469,Jump,released
742.576,coin_collected,626.241882324219,-444.66259765625,96.6666641235352,225.000106811523,collect_coin,coin_coin11_score_16
742.643,platform_landed,626.464111328125,-419.991424560547,0.0,0.0,land_on_platform,platform_scene-1/Tile Map/34_-23_layer_Tile Map_tile_34_-23_source_1_atlas_17_3
742.643,landed,626.464111328125,-419.991424560547,0.0,0.0,land,surface_wood_impact_0.82037066650391
743.043,move_left_pressed,626.464111328125,-419.991424560547,-33.3333320617676,0.0,Move_Left,pressed
743.06,jump_input_pressed,625.90869140625,-420.057403564453,-66.6666641235352,0.0,Jump,pressed
743.06,jump_executed,625.90869140625,-420.057403564453,-66.6666641235352,-500.0,jump,x_625.90869140625_y_-420.057403564453
743.493,jump_peak_reached,556.018859863281,-526.894470214844,-180.0,39.8149261474609,jump_peak,x_556.018859863281_y_-526.894470214844
743.659,jump_input_released,526.018859863281,-492.480895996094,-180.0,410.185333251953,Jump,released
743.76,platform_landed,505.025787353516,-438.067291259766,-180.0,0.0,land_on_platform,platform_scene-1/Tile Map/28_-24_layer_Tile Map_tile_28_-24_source_1_atlas_13_6
743.76,landed,505.025787353516,-438.067291259766,-180.0,0.0,land,surface_wood_impact_1.26481518554687
744.643,jump_input_pressed,349.025848388672,-438.052185058594,-180.0,0.0,Jump,pressed
744.643,jump_executed,349.025848388672,-438.052185058594,-180.0,-500.0,jump,x_349.025848388672_y_-438.052185058594
745.076,jump_peak_reached,271.021087646484,-544.89404296875,-180.0,39.8149261474609,jump_peak,x_271.021087646484_y_-544.89404296875
745.31,jump_input_released,229.021087646484,-479.431060791016,-180.0,558.33349609375,Jump,released
745.376,platform_landed,213.830093383789,-438.016174316406,-180.0,0.0,land_on_platform,platform_scene-1/Tile Map/11_-24_layer_Tile Map_tile_11_-24_source_1_atlas_13_6
745.377,landed,213.830093383789,-438.016174316406,-180.0,0.0,land,surface_wood_impact_1.41296337890625
746.195,jump_input_pressed,69.8295516967773,-437.987274169922,-180.0,0.0,Jump,pressed
746.195,jump_executed,69.8295516967773,-437.987274169922,-180.0,-500.0,jump,x_69.8295516967773_y_-437.987274169922
746.293,jump_input_released,51.8098373413086,-482.885559082031,-180.0,-376.166595458984,Jump,released
746.395,jump_peak_reached,33.8098373413086,-487.677215576172,-180.0,41.2037048339844,jump_peak,x_33.8098373413086_y_-487.677215576172
746.409,jump_input_pressed,30.8098373413086,-486.990478515625,-180.0,78.2407455444336,Jump,pressed
746.501,jump_input_released,15.8098373413086,-474.297576904297,-180.0,263.425933837891,Jump,released
746.603,platform_landed,-5.18078279495239,-438.05322265625,-180.0,0.0,land_on_platform,platform_scene-1/Tile Map/-1_-24_layer_Tile Map_tile_-1_-24_source_1_atlas_13_6
746.603,landed,-5.18078279495239,-438.05322265625,-180.0,0.0,land,surface_wood_impact_0.97129644775391
746.851,jump_input_pressed,-47.1809272766113,-438.064056396484,-180.0,0.0,Jump,pressed
746.851,jump_executed,-47.1809272766113,-438.064056396484,-180.0,-500.0,jump,x_-47.1809272766113_y_-438.064056396484
747.076,move_right_pressed,-63.9252777099609,-523.656311035156,0.0,-214.166549682617,Move_Right,pressed
747.143,jump_input_released,-62.4252700805664,-535.998962402344,60.0,-134.499893188477,Jump,released
747.243,jump_peak_reached,-52.6752700805664,-540.790649414062,150.0,41.2037048339844,jump_peak,x_-52.6752700805664_y_-540.790649414062
747.526,platform_landed,0.57990401983261,-438.045867919922,180.0,0.0,land_on_platform,platform_scene-1/Tile Map/0_-24_layer_Tile Map_tile_0_-24_source_1_atlas_13_6
747.526,landed,0.57990401983261,-438.045867919922,180.0,0.0,land,surface_wood_impact_1.34166687011719
747.794,jump_input_pressed,45.5795021057129,-437.990905761719,180.0,0.0,Jump,pressed
747.794,jump_executed,45.5795021057129,-437.990905761719,180.0,-500.0,jump,x_45.5795021057129_y_-437.990905761719
748.226,jump_peak_reached,123.600379943848,-544.877563476562,180.0,39.8149261474609,jump_peak,x_123.600379943848_y_-544.877563476562
748.31,jump_input_released,138.600387573242,-535.386840820312,180.0,225.000106811523,Jump,released
748.527,platform_landed,180.61393737793,-438.046142578125,180.0,0.0,land_on_platform,platform_scene-1/Tile Map/10_-24_layer_Tile Map_tile_10_-24_source_1_atlas_13_6
748.528,landed,180.61393737793,-438.046142578125,180.0,0.0,land,surface_wood_impact_1.41296337890625
748.711,jump_input_pressed,210.614135742188,-438.053070068359,180.0,0.0,Jump,pressed
748.711,jump_executed,210.614135742188,-438.053070068359,180.0,-500.0,jump,x_210.614135742188_y_-438.053070068359
749.129,jump_input_released,285.616729736328,-544.935180664062,180.0,2.77788853645325,Jump,released
749.143,jump_peak_reached,288.616729736328,-544.888854980469,180.0,39.8149261474609,jump_peak,x_288.616729736328_y_-544.888854980469
749.444,platform_landed,345.224822998047,-438.152435302734,180.0,0.0,land_on_platform,platform_scene-1/Tile Map/19_-24_layer_Tile Map_tile_19_-24_source_1_atlas_13_6
749.444,landed,345.224822998047,-438.152435302734,180.0,0.0,land,surface_wood_impact_1.41296337890625
749.562,move_left_pressed,363.224884033203,-438.057464599609,96.6666641235352,0.0,Move_Left,pressed
749.859,jump_input_pressed,326.724914550781,-438.057464599609,-180.0,0.0,Jump,pressed
749.859,jump_executed,326.724914550781,-438.057464599609,-180.0,-500.0,jump,x_326.724914550781_y_-438.057464599609
750.295,jump_peak_reached,248.720153808594,-544.899353027344,-180.0,39.8149261474609,jump_peak,x_248.720153808594_y_-544.899353027344
750.295,jump_input_released,248.720153808594,-544.899353027344,-180.0,39.8149261474609,Jump,released
750.41,move_right_pressed,227.720153808594,-527.291320800781,-96.6666641235352,299.074188232422,Move_Right,pressed
750.594,platform_landed,225.886810302734,-438.015960693359,0.0,0.0,land_on_platform,platform_scene-1/Tile Map/12_-24_layer_Tile Map_tile_12_-24_source_1_atlas_13_6
750.594,landed,225.886810302734,-438.015960693359,0.0,0.0,land,surface_wood_impact_1.41296337890625
751.245,jump_input_pressed,124.553604125977,-438.059906005859,-180.0,0.0,Jump,pressed
751.245,jump_executed,124.553604125977,-438.059906005859,-180.0,-500.0,jump,x_124.553604125977_y_-438.059906005859
751.676,jump_peak_reached,46.5536041259766,-544.888549804688,-180.0,39.8149261474609,jump_peak,x_46.5536041259766_y_-544.888549804688
751.726,jump_input_released,37.5536041259766,-541.045959472656,-180.0,150.926040649414,Jump,released
751.977,platform_landed,-10.4323501586914,-438.059814453125,-180.0,0.0,land_on_platform,platform_scene-1/Tile Map/-1_-24_layer_Tile Map_tile_-1_-24_source_1_atlas_13_6
751.977,landed,-10.4323501586914,-438.059814453125,-180.0,0.0,land,surface_wood_impact_1.41296337890625
752.11,move_right_pressed,-31.4322242736816,-438.063140869141,-96.6666641235352,0.0,Move_Right,pressed
752.576,jump_input_pressed,35.0680999755859,-438.055023193359,180.0,0.0,Jump,pressed
752.577,jump_executed,35.0680999755859,-438.055023193359,180.0,-500.0,jump,x_35.0680999755859_y_-438.055023193359
752.976,jump_input_released,107.06859588623,-544.630432128906,180.0,-16.6665554046631,Jump,released
753.01,jump_peak_reached,113.06859588623,-544.838745117188,180.0,41.2038154602051,jump_peak,x_113.06859588623_y_-544.838745117188
753.31,platform_landed,170.084030151367,-438.058441162109,180.0,0.0,land_on_platform,platform_scene-1/Tile Map/9_-24_layer_Tile Map_tile_9_-24_source_1_atlas_13_6
753.311,landed,170.084030151367,-438.058441162109,180.0,0.0,land,surface_wood_impact_1.4157412109375
753.594,jump_input_pressed,218.084060668945,-438.058441162109,180.0,0.0,Jump,pressed
753.594,jump_executed,218.084060668945,-438.058441162109,180.0,-500.0,jump,x_218.084060668945_y_-438.058441162109
753.895,jump_input_released,272.088775634766,-536.002075195312,180.0,-134.499893188477,Jump,released
753.993,jump_peak_reached,290.088775634766,-540.793762207031,180.0,41.2037048339844,jump_peak,x_290.088775634766_y_-540.793762207031
754.277,platform_landed,344.093231201172,-438.069793701172,180.0,0.0,land_on_platform,platform_scene-1/Tile Map/19_-24_layer_Tile Map_tile_19_-24_source_1_atlas_13_6
754.277,landed,344.093231201172,-438.069793701172,180.0,0.0,land,surface_wood_impact_1.34166687011719
755.028,move_left_pressed,476.093292236328,-438.051330566406,96.6666641235352,0.0,Move_Left,pressed
755.594,jump_input_pressed,446.537750244141,-438.051330566406,0.0,0.0,Jump,pressed
755.594,jump_executed,446.537750244141,-438.051330566406,0.0,-500.0,jump,x_446.537750244141_y_-438.051330566406
755.743,jump_input_released,446.537750244141,-500.711639404297,0.0,-314.999908447266,Jump,released
755.843,jump_peak_reached,446.537750244141,-505.503295898438,0.0,41.2037048339844,jump_peak,x_446.537750244141_y_-505.503295898438
756.077,platform_landed,446.537750244141,-437.985290527344,0.0,0.0,land_on_platform,platform_scene-1/Tile Map/24_-24_layer_Tile Map_tile_24_-24_source_1_atlas_13_6
756.077,landed,446.537750244141,-437.985290527344,0.0,0.0,land,surface_wood_impact_1.11944458007812
756.227,jump_input_pressed,446.537750244141,-437.985290527344,0.0,0.0,Jump,pressed
756.227,jump_executed,446.537750244141,-437.985290527344,0.0,-500.0,jump,x_446.537750244141_y_-437.985290527344
756.476,jump_input_released,446.537750244141,-527.221557617188,0.0,-194.166549682617,Jump,released
756.576,jump_peak_reached,446.537750244141,-532.013244628906,0.0,41.2037048339844,jump_peak,x_446.537750244141_y_-532.013244628906
756.843,platform_landed,446.537750244141,-438.038726806641,0.0,0.0,land_on_platform,platform_scene-1/Tile Map/24_-24_layer_Tile Map_tile_24_-24_source_1_atlas_13_6
756.843,landed,446.537750244141,-438.038726806641,0.0,0.0,land,surface_wood_impact_1.2675927734375
756.978,jump_input_pressed,446.537750244141,-438.038726806641,0.0,0.0,Jump,pressed
756.978,jump_executed,446.537750244141,-438.038726806641,0.0,-500.0,jump,x_446.537750244141_y_-438.038726806641
756.992,jump_peak_reached,446.537750244141,-446.391448974609,0.0,-479.222198486328,jump_peak,x_446.537750244141_y_-446.391448974609
757.126,jump_input_released,446.537750244141,-500.709991455078,0.0,-314.999908447266,Jump,released
757.46,platform_landed,446.537750244141,-438.038330078125,0.0,0.0,land_on_platform,platform_scene-1/Tile Map/24_-24_layer_Tile Map_tile_24_-24_source_1_atlas_13_6
757.46,landed,446.537750244141,-438.038330078125,0.0,0.0,land,surface_wood_impact_1.11944458007812
757.477,jump_input_pressed,446.537750244141,-438.038330078125,0.0,0.0,Jump,pressed
757.477,jump_executed,446.537750244141,-438.038330078125,0.0,-500.0,jump,x_446.537750244141_y_-438.038330078125
757.626,move_right_pressed,446.537750244141,-500.7099609375,15.0,-314.999908447266,Move_Right,pressed
757.626,jump_input_released,446.537750244141,-500.7099609375,15.0,-314.999908447266,Jump,released
757.726,jump_peak_reached,451.787750244141,-505.501617431641,105.0,41.2037048339844,jump_peak,x_451.787750244141_y_-505.501617431641
757.793,move_right_pressed,453.898864746094,-499.050994873047,15.0,189.351852416992,Move_Right,pressed
757.961,platform_landed,470.405334472656,-438.045806884766,165.0,0.0,land_on_platform,platform_scene-1/Tile Map/26_-24_layer_Tile Map_tile_26_-24_source_1_atlas_13_6
757.961,landed,470.405334472656,-438.045806884766,165.0,0.0,land,surface_wood_impact_1.11944458007812
758.051,musicking,485.405334472656,-438.045806884766,180.0,0.0,osc_received,"value_[1, ""chain-jumps-combo-walk""]"
758.326,jump_input_pressed,532.837158203125,-439.453399658203,180.0,0.0,Jump,pressed
758.326,jump_executed,532.837158203125,-439.453399658203,180.0,-500.0,jump,x_532.837158203125_y_-439.453399658203
758.595,jump_input_released,580.837158203125,-531.875610351562,180.0,-174.222106933594,Jump,released
758.693,jump_peak_reached,598.837158203125,-536.667297363281,180.0,41.2037048339844,jump_peak,x_598.837158203125_y_-536.667297363281
758.995,platform_landed,645.670471191406,-419.976409912109,0.0,0.0,land_on_platform,platform_scene-1/Tile Map/35_-23_layer_Tile Map_tile_35_-23_source_1_atlas_19_3
758.995,landed,645.670471191406,-419.976409912109,0.0,0.0,land,surface_wood_impact_1.41574096679688
759.162,move_left_pressed,645.670471191406,-419.976409912109,-33.3333320617676,0.0,Move_Left,pressed
759.544,move_right_pressed,626.505004882812,-420.055755615234,33.3333320617676,0.0,Move_Right,pressed
759.695,jump_input_pressed,646.839721679688,-419.878021240234,180.0,0.0,Jump,pressed
759.695,jump_executed,646.839721679688,-419.878021240234,180.0,-500.0,jump,x_646.839721679688_y_-419.878021240234
759.71,jump_peak_reached,649.860046386719,-428.268676757812,180.0,-479.222198486328,jump_peak,x_649.860046386719_y_-428.268676757812
760.06,jump_input_released,710.542602539062,-524.669738769531,180.0,-55.722110748291,Jump,released
760.278,move_left_pressed,724.375915527344,-497.506744384766,-15.0,377.148284912109,Move_Left,pressed
760.278,platform_landed,724.125854492188,-495.067108154297,-15.0,0.0,land_on_platform,platform_scene-1/Tile Map/40_-27_layer_Tile Map_tile_40_-27_source_1_atlas_3_0
760.278,landed,724.125854492188,-495.067108154297,-15.0,0.0,land,surface_wood_impact_0.75429656982422
760.677,move_right_pressed,716.486999511719,-495.067108154297,33.3333320617676,0.0,Move_Right,pressed
760.876,jump_input_pressed,745.828125,-494.334594726562,180.0,74.0740737915039,Jump,pressed
761.009,jump_input_released,769.828125,-467.174133300781,180.0,370.370391845703,Jump,released
761.428,move_left_pressed,822.661437988281,-127.667938232422,-15.0,1296.29614257812,Move_Left,pressed
761.544,platform_landed,817.300354003906,44.9352340698242,0.0,0.0,land_on_platform,platform_scene-1/Tile Map/45_3_layer_Tile Map_tile_45_3_source_1_atlas_13_0
761.544,landed,817.300354003906,44.9352340698242,0.0,0.0,land,surface_wood_impact_3.11111010742187
761.827,move_left_pressed,817.300354003906,44.9352340698242,-33.3333320617676,0.0,Move_Left,pressed
762.094,jump_input_pressed,775.967041015625,44.9352340698242,-180.0,0.0,Jump,pressed
762.095,jump_executed,775.967041015625,44.9352340698242,-180.0,-500.0,jump,x_775.967041015625_y_44.9352340698242
762.11,jump_peak_reached,772.963928222656,36.5923156738281,-180.0,-479.222198486328,jump_peak,x_772.963928222656_y_36.5923156738281
762.644,jump_input_released,676.963928222656,-44.2940444946289,-96.6666641235352,299.074188232422,Jump,released
762.694,platform_landed,675.130615234375,-27.021146774292,0.0,0.0,land_on_platform,platform_scene-1/Tile Map/37_-1_layer_Tile Map_tile_37_-1_source_1_atlas_15_7
762.694,landed,675.130615234375,-27.021146774292,0.0,0.0,land,surface_wood_impact_0.82037066650391
762.796,move_left_pressed,675.130615234375,-27.021146774292,-33.3333320617676,0.0,Move_Left,pressed
763.011,jump_input_pressed,642.767211914062,-26.2251415252686,-180.0,37.037036895752,Jump,pressed
763.011,jump_executed,642.767211914062,-26.2251415252686,-180.0,-500.0,jump,x_642.767211914062_y_-26.2251415252686
763.244,jump_input_released,600.767211914062,-111.813079833984,-180.0,-214.166549682617,Jump,released
763.343,jump_peak_reached,582.767211914062,-116.60474395752,-180.0,41.2037048339844,jump_peak,x_582.767211914062_y_-116.60474395752
763.543,platform_landed,577.933898925781,-63.0070724487305,0.0,0.0,land_on_platform,platform_scene-1/Tile Map/32_-3_layer_Tile Map_tile_32_-3_source_1_atlas_3_0
763.543,landed,577.933898925781,-63.0070724487305,0.0,0.0,land,surface_wood_impact_0.97129644775391
763.628,move_left_pressed,577.933898925781,-63.0070724487305,-33.3333320617676,0.0,Move_Left,pressed
763.644,jump_input_pressed,577.378356933594,-63.0070724487305,-66.6666641235352,0.0,Jump,pressed
763.644,jump_executed,577.378356933594,-63.0070724487305,-66.6666641235352,-500.0,jump,x_577.378356933594_y_-63.0070724487305
763.859,jump_input_released,546.481323242188,-144.740859985352,-180.0,-234.222106933594,Jump,released
763.96,jump_peak_reached,528.481323242188,-149.532531738281,-180.0,41.2037048339844,jump_peak,x_528.481323242188_y_-149.532531738281
764.11,platform_landed,511.647979736328,-117.008888244629,0.0,0.0,land_on_platform,platform_scene-1/Tile Map/28_-6_layer_Tile Map_tile_28_-6_source_1_atlas_3_0
764.11,landed,511.647979736328,-117.008888244629,0.0,0.0,land,surface_wood_impact_0.74907415771484
764.161,move_right_pressed,511.647979736328,-117.008888244629,33.3333320617676,0.0,Move_Right,pressed
764.476,jump_input_pressed,515.925170898438,-117.067306518555,0.0,0.0,Jump,pressed
764.476,jump_executed,515.925170898438,-117.067306518555,0.0,-500.0,jump,x_515.925170898438_y_-117.067306518555
764.595,move_right_pressed,515.924011230469,-168.186737060547,15.0,-355.722137451172,Move_Right,pressed
764.643,jump_input_released,517.424011230469,-184.97932434082,60.0,-294.722106933594,Jump,released
764.743,jump_peak_reached,521.285095214844,-189.77099609375,0.0,41.2037048339844,jump_peak,x_521.285095214844_y_-189.77099609375
764.945,platform_landed,521.285095214844,-134.813766479492,0.0,0.0,land_on_platform,platform_scene-1/Tile Map/29_-7_layer_Tile Map_tile_29_-7_source_1_atlas_0_0
764.945,landed,521.285095214844,-134.813766479492,0.0,0.0,land,surface_wood_impact_0.97129644775391
765.004,move_right_pressed,521.285095214844,-134.813766479492,33.3333320617676,0.0,Move_Right,pressed
765.51,jump_input_pressed,543.44580078125,-134.559661865234,0.0,0.0,Jump,pressed
765.51,jump_executed,543.44580078125,-134.559661865234,0.0,-500.0,jump,x_543.44580078125_y_-134.559661865234
765.528,move_right_pressed,543.44580078125,-142.955261230469,15.0,-479.222198486328,Move_Right,pressed
765.826,jump_peak_reached,580.94580078125,-229.373275756836,180.0,74.0740737915039,jump_peak,x_580.94580078125_y_-229.373275756836
765.977,jump_input_released,607.94580078125,-196.039932250977,180.0,407.407440185547,Jump,released
766.028,platform_landed,619.94580078125,-171.066497802734,180.0,0.0,land_on_platform,platform_scene-1/Tile Map/34_-9_layer_Tile Map_tile_34_-9_source_1_atlas_2_0
766.028,landed,619.94580078125,-171.066497802734,180.0,0.0,land,surface_wood_impact_1.037037109375
766.461,move_left_pressed,654.779113769531,-171.066497802734,-33.3333320617676,0.0,Move_Left,pressed
766.643,jump_input_pressed,628.44580078125,-171.074783325195,-180.0,0.0,Jump,pressed
766.643,jump_executed,628.44580078125,-171.074783325195,-180.0,-500.0,jump,x_628.44580078125_y_-171.074783325195
767.076,jump_peak_reached,576.227416992188,-277.905487060547,-180.0,39.8149261474609,jump_peak,x_576.227416992188_y_-277.905487060547
767.127,jump_input_released,567.227416992188,-274.062896728516,-180.0,150.926040649414,Jump,released
767.194,platform_landed,553.622131347656,-258.058197021484,-96.6666641235352,0.0,land_on_platform,platform_scene-1/Tile Map/30_-14_layer_Tile Map_tile_30_-14_source_1_atlas_17_3
767.194,landed,553.622131347656,-258.058197021484,-96.6666641235352,0.0,land,surface_wood_impact_0.59814837646484
767.36,move_right_pressed,553.39990234375,-258.058197021484,33.3333320617676,0.0,Move_Right,pressed
767.493,move_right_pressed,559.788696289062,-258.058197021484,33.3333320617676,0.0,Move_Right,pressed
767.762,move_left_pressed,572.955627441406,-258.021392822266,-33.3333320617676,0.0,Move_Left,pressed
768.009,move_right_pressed,559.7890625,-258.058654785156,33.3333320617676,0.0,Move_Right,pressed
768.211,jump_input_pressed,589.114624023438,-257.996337890625,180.0,0.0,Jump,pressed
768.211,jump_executed,589.114624023438,-257.996337890625,180.0,-500.0,jump,x_589.114624023438_y_-257.996337890625
768.643,jump_peak_reached,667.122985839844,-364.848266601562,96.6666641235352,39.8149261474609,jump_peak,x_667.122985839844_y_-364.848266601562
768.643,jump_input_released,667.122985839844,-364.848266601562,96.6666641235352,39.8149261474609,Jump,released
768.743,platform_landed,668.956298828125,-348.024963378906,0.0,0.0,land_on_platform,platform_scene-1/Tile Map/37_-19_layer_Tile Map_tile_37_-19_source_1_atlas_19_3
768.744,landed,668.956298828125,-348.024963378906,0.0,0.0,land,surface_wood_impact_0.52407427978516
769.311,move_right_pressed,668.956298828125,-348.024963378906,33.3333320617676,0.0,Move_Right,pressed
769.593,move_left_pressed,691.136535644531,-320.026306152344,-15.0,370.370391845703,Move_Left,pressed
769.827,platform_landed,669.80322265625,-171.010055541992,0.0,0.0,land_on_platform,platform_scene-1/Tile Map/37_-9_layer_Tile Map_tile_37_-9_source_1_atlas_3_0
769.827,landed,669.80322265625,-171.010055541992,0.0,0.0,land,surface_wood_impact_1.77777807617188
770.379,move_left_pressed,669.80322265625,-171.010055541992,-33.3333320617676,0.0,Move_Left,pressed
770.526,jump_input_pressed,649.469909667969,-171.067459106445,-180.0,0.0,Jump,pressed
770.527,jump_executed,649.469909667969,-171.067459106445,-180.0,-500.0,jump,x_649.469909667969_y_-171.067459106445
770.959,jump_peak_reached,571.467529296875,-277.902709960938,-180.0,39.8149261474609,jump_peak,x_571.467529296875_y_-277.902709960938
770.959,jump_input_released,571.467529296875,-277.902709960938,-180.0,39.8149261474609,Jump,released
771.077,platform_landed,566.634216308594,-257.977630615234,0.0,0.0,land_on_platform,platform_scene-1/Tile Map/31_-14_layer_Tile Map_tile_31_-14_source_1_atlas_18_3
771.077,landed,566.634216308594,-257.977630615234,0.0,0.0,land,surface_wood_impact_0.59814837646484
771.261,move_right_pressed,566.634216308594,-257.977630615234,33.3333320617676,0.0,Move_Right,pressed
771.261,jump_input_pressed,566.634216308594,-257.977630615234,33.3333320617676,0.0,Jump,pressed
771.261,jump_executed,566.634216308594,-257.977630615234,33.3333320617676,-500.0,jump,x_566.634216308594_y_-257.977630615234
771.693,jump_peak_reached,631.443786621094,-364.868621826172,180.0,39.8149261474609,jump_peak,x_631.443786621094_y_-364.868621826172
771.796,platform_landed,652.446533203125,-348.082855224609,180.0,0.0,land_on_platform,platform_scene-1/Tile Map/36_-19_layer_Tile Map_tile_36_-19_source_1_atlas_17_3
771.796,landed,652.446533203125,-348.082855224609,180.0,0.0,land,surface_wood_impact_0.52407427978516
771.893,jump_input_released,667.446655273438,-348.059783935547,180.0,0.0,Jump,released
772.094,jump_input_pressed,672.280639648438,-348.074188232422,0.0,0.0,Jump,pressed
772.094,jump_executed,672.280639648438,-348.074188232422,0.0,-500.0,jump,x_672.280639648438_y_-348.074188232422
772.261,move_left_pressed,672.280639648438,-415.988098144531,-15.0,-294.722106933594,Move_Left,pressed
772.526,jump_peak_reached,640.780639648438,-454.904724121094,-180.0,39.8149261474609,jump_peak,x_640.780639648438_y_-454.904724121094
772.561,jump_input_released,634.780639648438,-452.960296630859,-180.0,113.889007568359,Jump,released
772.694,platform_landed,620.947326660156,-420.023773193359,0.0,0.0,land_on_platform,platform_scene-1/Tile Map/34_-23_layer_Tile Map_tile_34_-23_source_1_atlas_17_3
772.694,landed,620.947326660156,-420.023773193359,0.0,0.0,land,surface_wood_impact_0.82037066650391
772.894,move_right_pressed,620.947326660156,-420.023773193359,33.3333320617676,0.0,Move_Right,pressed
772.894,jump_input_pressed,620.947326660156,-420.023773193359,33.3333320617676,0.0,Jump,pressed
772.894,jump_executed,620.947326660156,-420.023773193359,33.3333320617676,-500.0,jump,x_620.947326660156_y_-420.023773193359
773.327,jump_peak_reached,685.755920410156,-526.899597167969,180.0,39.8149261474609,jump_peak,x_685.755920410156_y_-526.899597167969
773.41,jump_input_released,700.755920410156,-517.408874511719,96.6666641235352,225.000106811523,Jump,released
773.476,platform_landed,702.589233398438,-495.012542724609,0.0,0.0,land_on_platform,platform_scene-1/Tile Map/38_-27_layer_Tile Map_tile_38_-27_source_1_atlas_1_0
773.477,landed,702.589233398438,-495.012542724609,0.0,0.0,land,surface_wood_impact_0.74629656982422
773.642,move_right_pressed,702.589233398438,-495.012542724609,33.3333320617676,0.0,Move_Right,pressed
773.827,jump_input_pressed,728.923278808594,-495.074401855469,180.0,0.0,Jump,pressed
773.827,jump_executed,728.923278808594,-495.074401855469,180.0,-500.0,jump,x_728.923278808594_y_-495.074401855469
774.01,jump_peak_reached,752.611999511719,-552.443176269531,30.0,52.6862030029297,jump_peak,x_752.611999511719_y_-552.443176269531
774.493,jump_input_released,825.861999511719,-276.360870361328,180.0,1126.76037597656,Jump,released
774.595,move_left_pressed,842.473083496094,-154.425598144531,0.0,1348.98229980469,Move_Left,pressed
774.727,platform_landed,833.473083496094,44.9336585998535,-120.0,0.0,land_on_platform,platform_scene-1/Tile Map/46_3_layer_Tile Map_tile_46_3_source_1_atlas_15_0
774.727,landed,833.473083496094,44.9336585998535,-120.0,0.0,land,surface_wood_impact_3.29055639648438
775.076,jump_input_pressed,773.917541503906,44.9336585998535,-180.0,0.0,Jump,pressed
775.076,jump_executed,773.917541503906,44.9336585998535,-180.0,-500.0,jump,x_773.917541503906_y_44.9336585998535
775.51,jump_peak_reached,695.914855957031,-61.9024467468262,-180.0,39.8149261474609,jump_peak,x_695.914855957031_y_-61.9024467468262
775.594,jump_input_released,680.914855957031,-52.4116973876953,-180.0,225.000106811523,Jump,released
775.678,platform_landed,662.914855957031,-27.067024230957,-180.0,0.0,land_on_platform,platform_scene-1/Tile Map/36_-1_layer_Tile Map_tile_36_-1_source_1_atlas_13_7
775.678,landed,662.914855957031,-27.067024230957,-180.0,0.0,land,surface_wood_impact_0.82037066650391
775.761,jump_input_pressed,650.914855957031,-27.067024230957,-180.0,0.0,Jump,pressed
775.761,jump_executed,650.914855957031,-27.067024230957,-180.0,-500.0,jump,x_650.914855957031_y_-27.067024230957
776.044,jump_input_released,599.912353515625,-122.415573120117,-180.0,-154.333221435547,Jump,released
776.143,jump_peak_reached,581.912353515625,-127.207237243652,-180.0,41.2037048339844,jump_peak,x_581.912353515625_y_-127.207237243652
776.362,platform_landed,568.079040527344,-63.0365715026855,0.0,0.0,land_on_platform,platform_scene-1/Tile Map/31_-3_layer_Tile Map_tile_31_-3_source_1_atlas_2_0
776.362,landed,568.079040527344,-63.0365715026855,0.0,0.0,land,surface_wood_impact_1.04537048339844
776.395,jump_input_pressed,568.079040527344,-63.0365715026855,0.0,0.0,Jump,pressed
776.396,jump_executed,568.079040527344,-63.0365715026855,0.0,-500.0,jump,x_568.079040527344_y_-63.0365715026855
776.528,move_left_pressed,568.079040527344,-120.126457214355,-15.0,-335.333251953125,Move_Left,pressed
776.776,jump_input_released,539.579040527344,-169.019989013672,-180.0,-36.1665573120117,Jump,released
776.83,jump_peak_reached,530.579040527344,-169.786651611328,-180.0,42.5371475219727,jump_peak,x_530.579040527344_y_-169.786651611328
776.996,platform_landed,519.745727539062,-134.206954956055,0.0,0.0,land_on_platform,platform_scene-1/Tile Map/29_-7_layer_Tile Map_tile_29_-7_source_1_atlas_0_0
776.996,landed,519.745727539062,-134.206954956055,0.0,0.0,land,surface_wood_impact_0.82581512451172
777.093,move_right_pressed,519.745727539062,-134.206954956055,33.3333320617676,0.0,Move_Right,pressed
777.161,musicking,527.757629394531,-135.005020141602,166.666656494141,0.0,osc_received,"value_[1, ""chain-jumps-combo-walk""]"
777.244,musicking,541.368713378906,-135.005020141602,96.6666641235352,0.0,osc_received,"value_[1, ""chain-jumps-combo-walk""]"
777.646,move_right_pressed,541.593811035156,-135.005020141602,33.3333320617676,0.0,Move_Right,pressed
777.646,jump_input_pressed,541.593811035156,-135.005020141602,33.3333320617676,0.0,Jump,pressed
777.646,jump_executed,541.593811035156,-135.005020141602,33.3333320617676,-500.0,jump,x_541.593811035156_y_-135.005020141602
777.943,jump_peak_reached,582.403564453125,-229.386245727539,180.0,74.0740737915039,jump_peak,x_582.403564453125_y_-229.386245727539
778.111,jump_input_released,612.403564453125,-189.262771606445,180.0,444.444488525391,Jump,released
778.145,platform_landed,621.403564453125,-171.066711425781,180.0,0.0,land_on_platform,platform_scene-1/Tile Map/34_-9_layer_Tile Map_tile_34_-9_source_1_atlas_2_0
778.145,landed,621.403564453125,-171.066711425781,180.0,0.0,land,surface_wood_impact_1.037037109375
778.293,move_left_pressed,641.236877441406,-171.066711425781,-20.0000019073486,0.0,Move_Left,pressed
778.319,jump_input_pressed,640.0146484375,-171.066711425781,-86.6666717529297,0.0,Jump,pressed
778.319,jump_executed,640.0146484375,-171.066711425781,-86.6666717529297,-500.0,jump,x_640.0146484375_y_-171.066711425781
778.728,jump_input_released,573.652099609375,-277.648590087891,-96.6666641235352,-16.6665554046631,Jump,released
778.76,jump_peak_reached,571.818786621094,-277.856903076172,0.0,41.2038154602051,jump_peak,x_571.818786621094_y_-277.856903076172
778.869,platform_landed,571.818786621094,-257.974182128906,0.0,0.0,land_on_platform,platform_scene-1/Tile Map/31_-14_layer_Tile Map_tile_31_-14_source_1_atlas_18_3
778.869,landed,571.818786621094,-257.974182128906,0.0,0.0,land,surface_wood_impact_0.60092614746094
779.052,jump_input_pressed,571.818786621094,-257.974182128906,0.0,0.0,Jump,pressed
779.052,jump_executed,571.818786621094,-257.974182128906,0.0,-500.0,jump,x_571.818786621094_y_-257.974182128906
779.171,move_left_pressed,571.818786621094,-309.146057128906,-15.0,-355.722137451172,Move_Left,pressed
779.484,jump_peak_reached,546.574768066406,-364.855194091797,-180.0,39.8149261474609,jump_peak,x_546.574768066406_y_-364.855194091797
779.504,jump_input_released,543.574768066406,-364.191619873047,-180.0,76.8519668579102,Jump,released
779.594,platform_landed,535.741455078125,-351.008819580078,0.0,0.0,land_on_platform,platform_scene-1/Tile Map/29_-19_layer_Tile Map_tile_29_-19_source_1_atlas_12_0
779.594,landed,535.741455078125,-351.008819580078,0.0,0.0,land,surface_wood_impact_0.52407427978516
779.785,move_right_pressed,535.741455078125,-351.008819580078,33.3333320617676,0.0,Move_Right,pressed
779.926,jump_input_pressed,553.074768066406,-351.067260742188,180.0,0.0,Jump,pressed
779.926,jump_executed,553.074768066406,-351.067260742188,180.0,-500.0,jump,x_553.074768066406_y_-351.067260742188
780.319,jump_input_released,625.077209472656,-457.648010253906,96.6666641235352,-16.6665554046631,Jump,released
780.36,jump_peak_reached,626.910522460938,-457.856323242188,0.0,41.2038154602051,jump_peak,x_626.910522460938_y_-457.856323242188
780.518,platform_landed,626.910522460938,-419.995819091797,0.0,0.0,land_on_platform,platform_scene-1/Tile Map/34_-23_layer_Tile Map_tile_34_-23_source_1_atlas_17_3
780.518,landed,626.910522460938,-419.995819091797,0.0,0.0,land,surface_wood_impact_0.8231484375
780.627,move_right_pressed,626.910522460938,-419.995819091797,33.3333320617676,0.0,Move_Right,pressed
780.67,jump_input_pressed,630.243957519531,-420.054962158203,133.33332824707,0.0,Jump,pressed
780.67,jump_executed,630.243957519531,-420.054962158203,133.33332824707,-500.0,jump,x_630.243957519531_y_-420.054962158203
781.051,jump_input_released,697.636840820312,-526.01904296875,180.0,-36.1665573120117,Jump,released
781.101,jump_peak_reached,702.470153808594,-526.785705566406,0.0,42.5371475219727,jump_peak,x_702.470153808594_y_-526.785705566406
781.251,platform_landed,702.470153808594,-495.001770019531,0.0,0.0,land_on_platform,platform_scene-1/Tile Map/38_-27_layer_Tile Map_tile_38_-27_source_1_atlas_1_0
781.251,landed,702.470153808594,-495.001770019531,0.0,0.0,land,surface_wood_impact_0.75174102783203
781.802,move_right_pressed,702.470153808594,-495.001770019531,33.3333320617676,0.0,Move_Right,pressed
781.868,jump_input_pressed,708.025695800781,-495.074737548828,166.666656494141,0.0,Jump,pressed
781.868,jump_executed,708.025695800781,-495.074737548828,166.666656494141,-500.0,jump,x_708.025695800781_y_-495.074737548828
782.285,jump_input_released,782.803833007812,-601.95068359375,180.0,2.77788853645325,Jump,released
782.302,jump_peak_reached,785.803833007812,-601.904357910156,96.6666641235352,39.8149261474609,jump_peak,x_785.803833007812_y_-601.904357910156
782.401,platform_landed,787.637145996094,-585.004333496094,0.0,0.0,land_on_platform,platform_scene-1/Tile Map/43_-32_layer_Tile Map_tile_43_-32_source_1_atlas_2_0
782.401,landed,787.637145996094,-585.004333496094,0.0,0.0,land,surface_wood_impact_0.52407427978516
782.77,move_right_pressed,787.637145996094,-585.004333496094,33.3333320617676,0.0,Move_Right,pressed
783.251,coin_collected,863.831237792969,-489.895690917969,13.3333311080933,629.629699707031,collect_coin,coin_coin17_score_18
783.269,platform_landed,863.831237792969,-474.019927978516,0.0,0.0,land_on_platform,platform_scene-1/Tile Map/47_-26_layer_Tile Map_tile_47_-26_source_1_atlas_13_6
783.269,landed,863.831237792969,-474.019927978516,0.0,0.0,land,surface_wood_impact_1.40740759277344
783.318,move_left_pressed,863.831237792969,-474.019927978516,-33.3333320617676,0.0,Move_Left,pressed
783.468,coin_collected,843.497924804688,-474.053741455078,-180.0,0.0,collect_coin,coin_coin16_score_20
783.537,move_left_pressed,832.886840820312,-474.053741455078,-130.0,0.0,Move_Left,pressed
783.693,move_right_pressed,823.165100097656,-474.11572265625,33.3333320617676,0.0,Move_Right,pressed
784.168,coin_collected,903.499572753906,-474.071044921875,180.0,0.0,collect_coin,coin_coin18_score_22
784.368,coin_collected,939.499694824219,-474.071044921875,180.0,0.0,collect_coin,coin_coin19_score_24
784.568,move_left_pressed,975.499816894531,-474.071044921875,96.6666641235352,0.0,Move_Left,pressed
785.501,jump_input_pressed,821.9423828125,-474.414886474609,-180.0,0.0,Jump,pressed
785.501,jump_executed,821.9423828125,-474.414886474609,-180.0,-500.0,jump,x_821.9423828125_y_-474.414886474609
785.718,jump_peak_reached,782.941040039062,-550.314270019531,-180.0,74.0740737915039,jump_peak,x_782.941040039062_y_-550.314270019531
786.069,jump_input_released,738.097961425781,-395.393218994141,-135.0,851.851989746094,Jump,released
786.37,platform_landed,682.597961425781,-27.067361831665,-180.0,0.0,land_on_platform,platform_scene-1/Tile Map/37_-1_layer_Tile Map_tile_37_-1_source_1_atlas_15_7
786.37,landed,682.597961425781,-27.067361831665,-180.0,0.0,land,surface_wood_impact_3.0370361328125
786.818,move_left_pressed,674.7646484375,-27.067361831665,-33.3333320617676,0.0,Move_Left,pressed
786.97,jump_input_pressed,654.431335449219,-27.067361831665,-180.0,0.0,Jump,pressed
786.97,jump_executed,654.431335449219,-27.067361831665,-180.0,-500.0,jump,x_654.431335449219_y_-27.067361831665
786.984,jump_peak_reached,651.428955078125,-35.4082794189453,-180.0,-479.222198486328,jump_peak,x_651.428955078125_y_-35.4082794189453
787.237,jump_input_released,606.428955078125,-119.496208190918,-180.0,-174.222106933594,Jump,released
787.551,platform_landed,556.595642089844,-63.0266761779785,0.0,0.0,land_on_platform,platform_scene-1/Tile Map/30_-3_layer_Tile Map_tile_30_-3_source_1_atlas_1_0
787.552,landed,556.595642089844,-63.0266761779785,0.0,0.0,land,surface_wood_impact_1.04537048339844
787.851,jump_input_pressed,556.595642089844,-63.0266761779785,0.0,0.0,Jump,pressed
787.852,jump_executed,556.595642089844,-63.0266761779785,0.0,-500.0,jump,x_556.595642089844_y_-63.0266761779785
787.951,move_left_pressed,556.595642089844,-107.913139343262,-15.0,-376.166595458984,Move_Left,pressed
788.152,jump_input_released,537.095642089844,-161.000183105469,-180.0,-134.499893188477,Jump,released
788.251,jump_peak_reached,523.262329101562,-165.791854858398,0.0,41.2037048339844,jump_peak,x_523.262329101562_y_-165.791854858398
788.402,platform_landed,523.262329101562,-135.023849487305,0.0,0.0,land_on_platform,platform_scene-1/Tile Map/29_-7_layer_Tile Map_tile_29_-7_source_1_atlas_0_0
788.402,landed,523.262329101562,-135.023849487305,0.0,0.0,land,surface_wood_impact_0.74907415771484
788.501,move_right_pressed,523.262329101562,-135.023849487305,33.3333320617676,0.0,Move_Right,pressed
788.619,jump_input_pressed,537.595642089844,-135.023849487305,180.0,0.0,Jump,pressed
788.619,jump_executed,537.595642089844,-135.023849487305,180.0,-500.0,jump,x_537.595642089844_y_-135.023849487305
788.927,jump_peak_reached,591.611755371094,-229.386505126953,180.0,74.0740737915039,jump_peak,x_591.611755371094_y_-229.386505126953
788.935,jump_input_released,594.611755371094,-228.151931762695,180.0,111.111114501953,Jump,released
789.119,platform_landed,630.611755371094,-171.066711425781,180.0,0.0,land_on_platform,platform_scene-1/Tile Map/34_-9_layer_Tile Map_tile_34_-9_source_1_atlas_2_0
789.119,landed,630.611755371094,-171.066711425781,180.0,0.0,land,surface_wood_impact_1.037037109375
789.27,move_left_pressed,635.445068359375,-171.066711425781,-33.3333320617676,0.0,Move_Left,pressed
789.304,jump_input_pressed,633.778442382812,-171.066711425781,-100.0,0.0,Jump,pressed
789.304,jump_executed,633.778442382812,-171.066711425781,-100.0,-500.0,jump,x_633.778442382812_y_-171.066711425781
789.703,jump_input_released,569.986572265625,-277.242736816406,-180.0,-16.6665554046631,Jump,released
789.735,jump_peak_reached,565.37548828125,-277.451049804688,-13.3333311080933,41.2038154602051,jump_peak,x_565.37548828125_y_-277.451049804688
789.851,platform_landed,565.153259277344,-257.979125976562,0.0,0.0,land_on_platform,platform_scene-1/Tile Map/31_-14_layer_Tile Map_tile_31_-14_source_1_atlas_18_3
789.851,landed,565.153259277344,-257.979125976562,0.0,0.0,land,surface_wood_impact_0.60092614746094
790.001,move_right_pressed,565.153259277344,-257.979125976562,33.3333320617676,0.0,Move_Right,pressed
790.019,jump_input_pressed,565.708984375,-258.042755126953,66.6666641235352,0.0,Jump,pressed
790.019,jump_executed,565.708984375,-258.042755126953,66.6666641235352,-500.0,jump,x_565.708984375_y_-258.042755126953
790.451,jump_peak_reached,635.598754882812,-364.879547119141,180.0,39.8149261474609,jump_peak,x_635.598754882812_y_-364.879547119141
790.552,platform_landed,656.600524902344,-348.069610595703,180.0,0.0,land_on_platform,platform_scene-1/Tile Map/36_-19_layer_Tile Map_tile_36_-19_source_1_atlas_17_3
790.552,landed,656.600524902344,-348.069610595703,180.0,0.0,land,surface_wood_impact_0.52407427978516
790.636,jump_input_released,668.601257324219,-348.087677001953,96.6666641235352,0.0,Jump,released
790.851,jump_input_pressed,670.434692382812,-348.087677001953,0.0,0.0,Jump,pressed
790.851,jump_executed,670.434692382812,-348.087677001953,0.0,-500.0,jump,x_670.434692382812_y_-348.087677001953
790.952,move_left_pressed,670.434692382812,-392.933074951172,-15.0,-376.166595458984,Move_Left,pressed
791.168,jump_input_released,647.934692382812,-448.279327392578,-180.0,-114.722114562988,Jump,released
791.268,jump_peak_reached,629.934692382812,-453.070983886719,-96.6666641235352,41.2037048339844,jump_peak,x_629.934692382812_y_-453.070983886719
791.418,platform_landed,628.101379394531,-419.986480712891,0.0,0.0,land_on_platform,platform_scene-1/Tile Map/34_-23_layer_Tile Map_tile_34_-23_source_1_atlas_17_3
791.418,landed,628.101379394531,-419.986480712891,0.0,0.0,land,surface_wood_impact_0.74907415771484
791.593,move_right_pressed,628.101379394531,-419.986480712891,33.3333320617676,0.0,Move_Right,pressed
791.593,jump_input_pressed,628.101379394531,-419.986480712891,33.3333320617676,0.0,Jump,pressed
791.593,jump_executed,628.101379394531,-419.986480712891,33.3333320617676,-500.0,jump,x_628.101379394531_y_-419.986480712891
792.035,jump_peak_reached,692.911193847656,-526.880859375,180.0,39.8149261474609,jump_peak,x_692.911193847656_y_-526.880859375
792.102,jump_input_released,704.911193847656,-520.522827148438,96.6666641235352,187.963073730469,Jump,released
792.184,platform_landed,706.744506835938,-495.018096923828,0.0,0.0,land_on_platform,platform_scene-1/Tile Map/39_-27_layer_Tile Map_tile_39_-27_source_1_atlas_2_0
792.184,landed,706.744506835938,-495.018096923828,0.0,0.0,land,surface_wood_impact_0.74629656982422
792.369,jump_input_pressed,706.744506835938,-495.018096923828,0.0,0.0,Jump,pressed
792.369,jump_executed,706.744506835938,-495.018096923828,0.0,-500.0,jump,x_706.744506835938_y_-495.018096923828
792.404,move_right_pressed,706.744506835938,-511.391632080078,15.0,-458.499969482422,Move_Right,pressed
792.801,jump_peak_reached,762.244506835938,-601.897094726562,180.0,39.8149261474609,jump_peak,x_762.244506835938_y_-601.897094726562
792.902,jump_input_released,780.244506835938,-588.656372070312,96.6666641235352,262.037139892578,Jump,released
792.903,platform_landed,781.855651855469,-585.06640625,96.6666641235352,0.0,land_on_platform,platform_scene-1/Tile Map/43_-32_layer_Tile Map_tile_43_-32_source_1_atlas_2_0
792.903,landed,781.855651855469,-585.06640625,96.6666641235352,0.0,land,surface_wood_impact_0.52407427978516
793.003,move_left_pressed,782.077880859375,-585.06640625,-33.3333320617676,0.0,Move_Left,pressed
793.218,jump_input_pressed,749.732788085938,-584.269409179688,-180.0,74.0740737915039,Jump,pressed
793.218,jump_executed,749.732788085938,-584.269409179688,-180.0,-500.0,jump,x_749.732788085938_y_-584.269409179688
793.552,jump_input_released,689.732788085938,-686.389770507812,-180.0,-94.9998931884766,Jump,released
793.629,move_right_pressed,681.899475097656,-690.639770507812,1.66666889190674,-11.6665601730347,Move_Right,pressed
793.651,jump_peak_reached,682.205017089844,-690.681457519531,31.6666679382324,46.2038116455078,jump_peak,x_682.205017089844_y_-690.681457519531
793.902,move_left_pressed,685.816101074219,-614.315673828125,-15.0,601.759460449219,Move_Left,pressed
793.918,platform_landed,685.066101074219,-603.0673828125,-30.0,0.0,land_on_platform,platform_scene-1/Tile Map/38_-33_layer_Tile Map_tile_38_-33_source_1_atlas_0_0
793.918,landed,685.066101074219,-603.0673828125,-30.0,0.0,land,surface_wood_impact_1.27759301757812
794.052,coin_collected,669.199890136719,-596.32421875,-180.0,148.148147583008,collect_coin,coin_coin15_score_26
794.101,platform_landed,657.199890136719,-585.067016601562,-180.0,0.0,land_on_platform,platform_scene-1/Tile Map/36_-32_layer_Tile Map_tile_36_-32_source_1_atlas_2_0
794.101,landed,657.199890136719,-585.067016601562,-180.0,0.0,land,surface_wood_impact_0.59259259033203
794.435,jump_input_pressed,655.366577148438,-585.067016601562,0.0,0.0,Jump,pressed
794.436,jump_executed,655.366577148438,-585.067016601562,0.0,-500.0,jump,x_655.366577148438_y_-585.067016601562
794.469,move_left_pressed,655.366577148438,-601.39794921875,-15.0,-458.499969482422,Move_Left,pressed
794.869,jump_peak_reached,599.866577148438,-691.903442382812,-180.0,39.8149261474609,jump_peak,x_599.866577148438_y_-691.903442382812
795.026,jump_input_released,572.866577148438,-663.708984375,-180.0,373.148284912109,Jump,released
795.168,platform_landed,565.033264160156,-585.020080566406,0.0,0.0,land_on_platform,platform_scene-1/Tile Map/31_-32_layer_Tile Map_tile_31_-32_source_1_atlas_3_0
795.168,landed,565.033264160156,-585.020080566406,0.0,0.0,land,surface_wood_impact_1.41296337890625
795.272,move_left_pressed,565.033264160156,-585.020080566406,-33.3333320617676,0.0,Move_Left,pressed
795.452,jump_input_pressed,538.699951171875,-585.068786621094,-180.0,0.0,Jump,pressed
795.452,jump_executed,538.699951171875,-585.068786621094,-180.0,-500.0,jump,x_538.699951171875_y_-585.068786621094
795.702,jump_input_released,493.697937011719,-674.245666503906,-180.0,-194.166549682617,Jump,released
795.801,jump_peak_reached,475.697937011719,-679.037353515625,-180.0,41.2037048339844,jump_peak,x_475.697937011719_y_-679.037353515625
796.101,platform_landed,449.864593505859,-563.982482910156,0.0,0.0,land_on_platform,platform_scene-1/Tile Map/24_-31_layer_Tile Map_tile_24_-31_source_1_atlas_13_6
796.101,landed,449.864593505859,-563.982482910156,0.0,0.0,land,surface_wood_impact_1.41574096679688
796.268,move_left_pressed,449.864593505859,-563.982482910156,-33.3333320617676,0.0,Move_Left,pressed
796.285,jump_input_pressed,449.309112548828,-564.046997070312,-66.6666641235352,0.0,Jump,pressed
796.285,jump_executed,449.309112548828,-564.046997070312,-66.6666641235352,-500.0,jump,x_449.309112548828_y_-564.046997070312
796.718,jump_peak_reached,379.419097900391,-670.883850097656,-180.0,39.8149261474609,jump_peak,x_379.419097900391_y_-670.883850097656
796.985,platform_landed,328.368133544922,-582.090209960938,-180.0,0.0,land_on_platform,platform_scene-1/Tile Map/18_-32_layer_Tile Map_tile_18_-32_source_1_atlas_14_6
796.985,landed,328.368133544922,-582.090209960938,-180.0,0.0,land,surface_wood_impact_1.26481518554687
797.051,jump_input_released,319.367950439453,-582.054077148438,-180.0,0.0,Jump,released
797.553,move_left_pressed,299.729217529297,-582.48388671875,-33.3333320617676,0.0,Move_Left,pressed
797.605,jump_input_pressed,296.553680419922,-583.034606933594,-133.33332824707,0.0,Jump,pressed
797.605,jump_executed,296.553680419922,-583.034606933594,-133.33332824707,-500.0,jump,x_296.553680419922_y_-583.034606933594
798.027,jump_input_released,223.159393310547,-689.929748535156,-180.0,2.77788853645325,Jump,released
798.035,jump_peak_reached,220.159393310547,-689.883422851562,-180.0,39.8149261474609,jump_peak,x_220.159393310547_y_-689.883422851562
798.336,platform_landed,194.326049804688,-581.999694824219,0.0,0.0,land_on_platform,platform_scene-1/Tile Map/10_-32_layer_Tile Map_tile_10_-32_source_1_atlas_13_6
798.336,landed,194.326049804688,-581.999694824219,0.0,0.0,land,surface_wood_impact_1.41296337890625
798.478,move_left_pressed,194.326049804688,-581.999694824219,-33.3333320617676,0.0,Move_Left,pressed
798.495,jump_input_pressed,193.770553588867,-582.053100585938,-66.6666641235352,0.0,Jump,pressed
798.495,jump_executed,193.770553588867,-582.053100585938,-66.6666641235352,-500.0,jump,x_193.770553588867_y_-582.053100585938
798.928,jump_peak_reached,123.880737304688,-688.888549804688,-180.0,39.8149261474609,jump_peak,x_123.880737304688_y_-688.888549804688
798.994,jump_input_released,111.880737304688,-682.530517578125,-180.0,187.963073730469,Jump,released
799.196,coin_collected,83.0474014282227,-604.197143554688,0.0,595.370544433594,collect_coin,coin_coin20_score_28
799.21,platform_landed,83.0474014282227,-585.027465820312,0.0,0.0,land_on_platform,platform_scene-1/Tile Map/4_-32_layer_Tile Map_tile_4_-32_source_1_atlas_2_0
799.21,landed,83.0474014282227,-585.027465820312,0.0,0.0,land,surface_wood_impact_1.33888928222656
799.51,move_left_pressed,83.0474014282227,-585.027465820312,-33.3333320617676,0.0,Move_Left,pressed
799.66,jump_input_pressed,62.7140655517578,-585.027465820312,-180.0,0.0,Jump,pressed
799.66,jump_executed,62.7140655517578,-585.027465820312,-180.0,-500.0,jump,x_62.7140655517578_y_-585.027465820312
799.677,jump_peak_reached,62.0747833251953,-593.361694335938,-15.0,-479.222198486328,jump_peak,x_62.0747833251953_y_-593.361694335938
800.111,platform_landed,0.51697993278503,-636.059692382812,-180.0,0.0,land_on_platform,platform_scene-1/Tile Map/0_-35_layer_Tile Map_tile_0_-35_source_1_atlas_14_6
800.111,landed,0.51697993278503,-636.059692382812,-180.0,0.0,land,surface_wood_impact_0.88888897705078
800.127,jump_input_released,0.51697993278503,-636.059692382812,-180.0,0.0,Jump,released
800.426,jump_input_pressed,-4.31635284423828,-636.059692382812,0.0,0.0,Jump,pressed
800.427,jump_executed,-4.31635284423828,-636.059692382812,0.0,-500.0,jump,x_-4.31635284423828_y_-636.059692382812
800.443,move_right_pressed,-4.31635284423828,-644.395141601562,15.0,-479.222198486328,Move_Right,pressed
800.778,jump_input_released,39.1836471557617,-739.783996582031,180.0,-75.3332214355469,Jump,released
800.86,jump_peak_reached,47.0169792175293,-742.589477539062,0.0,45.0371475219727,jump_peak,x_47.0169792175293_y_-742.589477539062
801.01,platform_landed,47.0169792175293,-711.000549316406,0.0,0.0,land_on_platform,platform_scene-1/Tile Map/2_-39_layer_Tile Map_tile_2_-39_source_1_atlas_2_0
801.011,landed,47.0169792175293,-711.000549316406,0.0,0.0,land,surface_wood_impact_0.75674102783203
801.164,move_left_pressed,47.0169792175293,-711.000549316406,-33.3333320617676,0.0,Move_Left,pressed
801.164,jump_input_pressed,47.0169792175293,-711.000549316406,-33.3333320617676,0.0,Jump,pressed
801.164,jump_executed,47.0169792175293,-711.000549316406,-33.3333320617676,-500.0,jump,x_47.0169792175293_y_-711.000549316406
801.577,jump_input_released,-14.7929515838623,-817.940979003906,-180.0,2.77788853645325,Jump,released
801.594,jump_peak_reached,-17.7929515838623,-817.894653320312,-180.0,39.8149261474609,jump_peak,x_-17.7929515838623_y_-817.894653320312
801.694,platform_landed,-22.6262836456299,-801.020202636719,0.0,0.0,land_on_platform,platform_scene-1/Tile Map/-2_-44_layer_Tile Map_tile_-2_-44_source_1_atlas_2_0
801.694,landed,-22.6262836456299,-801.020202636719,0.0,0.0,land,surface_wood_impact_0.52407427978516
801.81,move_right_pressed,-22.6262836456299,-801.020202636719,33.3333320617676,0.0,Move_Right,pressed
801.826,jump_input_pressed,-22.070728302002,-801.020202636719,66.6666641235352,0.0,Jump,pressed
801.826,jump_executed,-22.070728302002,-801.020202636719,66.6666641235352,-500.0,jump,x_-22.070728302002_y_-801.020202636719
802.26,jump_peak_reached,47.8245239257812,-907.896606445312,180.0,39.8149261474609,jump_peak,x_47.8245239257812_y_-907.896606445312
802.412,jump_input_released,74.8245239257812,-879.7021484375,96.6666641235352,373.148284912109,Jump,released
802.528,platform_landed,76.6578598022461,-816.988159179688,0.0,0.0,land_on_platform,platform_scene-1/Tile Map/4_-45_layer_Tile Map_tile_4_-45_source_1_atlas_14_6
802.528,landed,76.6578598022461,-816.988159179688,0.0,0.0,land,surface_wood_impact_1.26481518554687
802.727,move_right_pressed,76.6578598022461,-816.988159179688,33.3333320617676,0.0,Move_Right,pressed
802.876,jump_input_pressed,97.0034103393555,-816.045043945312,180.0,0.0,Jump,pressed
802.876,jump_executed,97.0034103393555,-816.045043945312,180.0,-500.0,jump,x_97.0034103393555_y_-816.045043945312
803.31,jump_peak_reached,175.010162353516,-922.892456054688,180.0,39.8149261474609,jump_peak,x_175.010162353516_y_-922.892456054688
803.394,jump_input_released,190.010162353516,-913.401733398438,180.0,225.000106811523,Jump,released
803.595,platform_landed,197.843505859375,-819.031372070312,0.0,0.0,land_on_platform,platform_scene-1/Tile Map/10_-45_layer_Tile Map_tile_10_-45_source_1_atlas_13_7
803.596,landed,197.843505859375,-819.031372070312,0.0,0.0,land,surface_wood_impact_1.33888928222656
803.763,move_right_pressed,197.843505859375,-819.031372070312,33.3333320617676,0.0,Move_Right,pressed
803.944,jump_input_pressed,224.177322387695,-819.071655273438,180.0,0.0,Jump,pressed
803.944,jump_executed,224.177322387695,-819.071655273438,180.0,-500.0,jump,x_224.177322387695_y_-819.071655273438
803.96,jump_peak_reached,227.178527832031,-827.409240722656,180.0,-479.222198486328,jump_peak,x_227.178527832031_y_-827.409240722656
804.41,jump_input_released,308.178527832031,-923.959167480469,180.0,113.889007568359,Jump,released
804.678,platform_landed,322.011871337891,-816.065063476562,0.0,0.0,land_on_platform,platform_scene-1/Tile Map/17_-45_layer_Tile Map_tile_17_-45_source_1_atlas_14_6
804.678,landed,322.011871337891,-816.065063476562,0.0,0.0,land,surface_wood_impact_1.41296337890625
804.911,move_right_pressed,322.011871337891,-816.065063476562,33.3333320617676,0.0,Move_Right,pressed
805.011,jump_input_pressed,333.345733642578,-816.065063476562,180.0,0.0,Jump,pressed
805.012,jump_executed,333.345733642578,-816.065063476562,180.0,-500.0,jump,x_333.345733642578_y_-816.065063476562
805.394,jump_input_released,402.346099853516,-922.01513671875,96.6666641235352,-36.1665573120117,Jump,released
805.444,jump_peak_reached,404.179443359375,-922.781799316406,0.0,42.5371475219727,jump_peak,x_404.179443359375_y_-922.781799316406
805.596,platform_landed,404.179443359375,-891.022277832031,0.0,0.0,land_on_platform,platform_scene-1/Tile Map/22_-49_layer_Tile Map_tile_22_-49_source_1_atlas_2_0
805.596,landed,404.179443359375,-891.022277832031,0.0,0.0,land,surface_wood_impact_0.75174102783203
805.643,move_left_pressed,404.179443359375,-891.022277832031,-33.3333320617676,0.0,Move_Left,pressed
805.644,jump_input_pressed,404.179443359375,-891.022277832031,-33.3333320617676,0.0,Jump,pressed
805.644,jump_executed,404.179443359375,-891.022277832031,-33.3333320617676,-500.0,jump,x_404.179443359375_y_-891.022277832031
805.931,move_left_pressed,400.454162597656,-986.410461425781,-15.0,-154.333221435547,Move_Left,pressed
806.077,jump_peak_reached,389.204162597656,-997.8974609375,-150.0,39.8149261474609,jump_peak,x_389.204162597656_y_-997.8974609375
806.195,jump_input_released,368.954162597656,-980.289428710938,-180.0,299.074188232422,Jump,released
806.244,platform_landed,358.346710205078,-960.048461914062,-96.6666641235352,0.0,land_on_platform,platform_scene-1/Tile Map/19_-53_layer_Tile Map_tile_19_-53_source_1_atlas_13_6
806.245,landed,358.346710205078,-960.048461914062,-96.6666641235352,0.0,land,surface_wood_impact_0.82037066650391
806.51,move_right_pressed,358.124481201172,-960.048461914062,33.3333320617676,0.0,Move_Right,pressed
806.578,musicking,366.457244873047,-960.11181640625,166.666656494141,0.0,osc_received,"value_[1, ""chain-jumps-combo-walk""]"
806.596,jump_input_pressed,366.457244873047,-960.11181640625,180.0,0.0,Jump,pressed
806.596,jump_executed,366.457244873047,-960.11181640625,180.0,-500.0,jump,x_366.457244873047_y_-960.11181640625
807.029,jump_peak_reached,444.458251953125,-1066.94323730469,180.0,39.8149261474609,jump_peak,x_444.458251953125_y_-1066.94323730469
807.029,jump_input_released,444.458251953125,-1066.94323730469,180.0,39.8149261474609,Jump,released
807.261,coin_collected,470.291595458984,-1001.48022460938,0.0,521.296447753906,collect_coin,coin_coin21_score_30
807.293,platform_landed,470.291595458984,-981.037231445312,0.0,0.0,land_on_platform,platform_scene-1/Tile Map/26_-54_layer_Tile Map_tile_26_-54_source_1_atlas_2_0
807.293,landed,470.291595458984,-981.037231445312,0.0,0.0,land,surface_wood_impact_1.26481518554687
807.53,move_right_pressed,470.291595458984,-981.037231445312,33.3333320617676,0.0,Move_Right,pressed
807.545,jump_input_pressed,470.847137451172,-981.037231445312,66.6666641235352,0.0,Jump,pressed
807.545,jump_executed,470.847137451172,-981.037231445312,66.6666641235352,-500.0,jump,x_470.847137451172_y_-981.037231445312
807.778,jump_input_released,504.740478515625,-1066.65832519531,96.6666641235352,-214.166549682617,Jump,released
807.878,jump_peak_reached,506.573822021484,-1071.44995117188,0.0,41.2037048339844,jump_peak,x_506.573822021484_y_-1071.44995117188
808.111,platform_landed,506.573822021484,-999.03076171875,0.0,0.0,land_on_platform,platform_scene-1/Tile Map/28_-55_layer_Tile Map_tile_28_-55_source_1_atlas_0_0
808.111,landed,506.573822021484,-999.03076171875,0.0,0.0,land,surface_wood_impact_1.11944458007812
808.311,jump_input_pressed,506.573822021484,-999.03076171875,0.0,0.0,Jump,pressed
808.311,jump_executed,506.573822021484,-999.03076171875,0.0,-500.0,jump,x_506.573822021484_y_-999.03076171875
808.329,move_right_pressed,506.573822021484,-1007.40441894531,15.0,-479.222198486328,Move_Right,pressed
808.744,jump_peak_reached,565.073852539062,-1105.89892578125,180.0,39.8149261474609,jump_peak,x_565.073852539062_y_-1105.89892578125
808.795,jump_input_released,574.073852539062,-1102.05627441406,180.0,150.926040649414,Jump,released
808.977,platform_landed,581.907165527344,-1032.0390625,0.0,0.0,land_on_platform,platform_scene-1/Tile Map/32_-57_layer_Tile Map_tile_32_-57_source_1_atlas_13_6
808.978,landed,581.907165527344,-1032.0390625,0.0,0.0,land,surface_wood_impact_1.1166669921875
809.13,move_right_pressed,581.907165527344,-1032.0390625,33.3333320617676,0.0,Move_Right,pressed
809.145,jump_input_pressed,582.462707519531,-1032.0390625,66.6666641235352,0.0,Jump,pressed
809.145,jump_executed,582.462707519531,-1032.0390625,66.6666641235352,-500.0,jump,x_582.462707519531_y_-1032.0390625
809.163,jump_peak_reached,583.577331542969,-1040.39978027344,81.6666641235352,-479.222198486328,jump_peak,x_583.577331542969_y_-1040.39978027344
809.544,jump_input_released,646.354919433594,-1138.63952636719,180.0,-16.6665554046631,Jump,released
809.777,platform_landed,651.188232421875,-1089.02856445312,0.0,0.0,land_on_platform,platform_scene-1/Tile Map/36_-60_layer_Tile Map_tile_36_-60_source_1_atlas_3_0
809.777,landed,651.188232421875,-1089.02856445312,0.0,0.0,land,surface_wood_impact_0.97129663085938
810.294,move_left_pressed,651.188232421875,-1089.02856445312,-33.3333320617676,0.0,Move_Left,pressed
810.459,jump_input_pressed,627.854858398438,-1088.25537109375,-180.0,0.0,Jump,pressed
810.459,jump_executed,627.854858398438,-1088.25537109375,-180.0,-500.0,jump,x_627.854858398438_y_-1088.25537109375
810.829,jump_input_released,561.833068847656,-1193.31506347656,-96.6666641235352,-55.722110748291,Jump,released
810.894,jump_peak_reached,559.999755859375,-1194.94653320312,0.0,43.8149261474609,jump_peak,x_559.999755859375_y_-1194.94653320312
810.911,move_right_pressed,559.999755859375,-1194.21630859375,15.0,80.8519668579102,Move_Right,pressed
811.096,platform_landed,563.749755859375,-1143.02685546875,0.0,0.0,land_on_platform,platform_scene-1/Tile Map/31_-63_layer_Tile Map_tile_31_-63_source_1_atlas_3_0
811.096,landed,563.749755859375,-1143.02685546875,0.0,0.0,land,surface_wood_impact_0.97651885986328
811.226,move_left_pressed,563.749755859375,-1143.02685546875,-33.3333320617676,0.0,Move_Left,pressed
811.311,jump_input_pressed,555.416442871094,-1143.06958007812,-180.0,0.0,Jump,pressed
811.312,jump_executed,555.416442871094,-1143.06958007812,-180.0,-500.0,jump,x_555.416442871094_y_-1143.06958007812
811.711,jump_input_released,504.574768066406,-1249.64831542969,-180.0,-16.6665554046631,Jump,released
811.743,jump_peak_reached,498.574768066406,-1249.85668945312,-180.0,41.2038154602051,jump_peak,x_498.574768066406_y_-1249.85668945312
811.944,platform_landed,484.741424560547,-1197.01782226562,0.0,0.0,land_on_platform,platform_scene-1/Tile Map/26_-66_layer_Tile Map_tile_26_-66_source_1_atlas_1_0
811.944,landed,484.741424560547,-1197.01782226562,0.0,0.0,land,surface_wood_impact_0.97129663085938
812.478,move_right_pressed,484.741424560547,-1197.01782226562,33.3333320617676,0.0,Move_Right,pressed
812.495,jump_input_pressed,485.296966552734,-1197.01782226562,66.6666641235352,0.0,Jump,pressed
812.495,jump_executed,485.296966552734,-1197.01782226562,66.6666641235352,-500.0,jump,x_485.296966552734_y_-1197.01782226562
812.693,jump_input_released,509.025848388672,-1274.48779296875,0.0,-254.333206176758,Jump,released
812.796,jump_peak_reached,509.025848388672,-1279.27941894531,0.0,41.2037048339844,jump_peak,x_509.025848388672_y_-1279.27941894531
813.012,move_right_pressed,509.025848388672,-1222.20385742188,15.0,522.685241699219,Move_Right,pressed
813.012,platform_landed,509.275848388672,-1215.06652832031,15.0,0.0,land_on_platform,platform_scene-1/Tile Map/28_-67_layer_Tile Map_tile_28_-67_source_1_atlas_0_0
813.012,landed,509.275848388672,-1215.06652832031,15.0,0.0,land,surface_wood_impact_1.04537048339844
813.377,move_right_pressed,532.681762695312,-1158.58508300781,15.0,518.5185546875,Move_Right,pressed
813.894,platform_landed,558.258544921875,-585.091918945312,0.0,0.0,land_on_platform,platform_scene-1/Tile Map/30_-32_layer_Tile Map_tile_30_-32_source_1_atlas_2_0
813.894,landed,558.258544921875,-585.091918945312,0.0,0.0,land,surface_wood_impact_3.33333203125
815.494,move_left_pressed,558.258544921875,-585.000122070312,-33.3333320617676,0.0,Move_Left,pressed
815.511,jump_input_pressed,557.703002929688,-585.066162109375,-66.6666641235352,0.0,Jump,pressed
815.511,jump_executed,557.703002929688,-585.066162109375,-66.6666641235352,-500.0,jump,x_557.703002929688_y_-585.066162109375
815.527,jump_peak_reached,556.590759277344,-593.408874511719,-81.6666641235352,-479.222198486328,jump_peak,x_556.590759277344_y_-593.408874511719
816.078,jump_input_released,463.813171386719,-669.310668945312,-180.0,336.111236572266,Jump,released
816.263,platform_landed,437.979827880859,-564.010009765625,0.0,0.0,land_on_platform,platform_scene-1/Tile Map/24_-31_layer_Tile Map_tile_24_-31_source_1_atlas_13_6
816.263,landed,437.979827880859,-564.010009765625,0.0,0.0,land,surface_wood_impact_1.48703747558594
817.027,move_right_pressed,437.979827880859,-564.010009765625,33.3333320617676,0.0,Move_Right,pressed
817.027,jump_input_pressed,437.979827880859,-564.010009765625,33.3333320617676,0.0,Jump,pressed
817.028,jump_executed,437.979827880859,-564.010009765625,33.3333320617676,-500.0,jump,x_437.979827880859_y_-564.010009765625
817.043,jump_peak_reached,438.538879394531,-572.396850585938,48.3333320617676,-479.222198486328,jump_peak,x_438.538879394531_y_-572.396850585938
817.593,jump_input_released,526.788757324219,-648.298645019531,180.0,336.111236572266,Jump,released
817.728,platform_landed,534.6220703125,-585.046997070312,0.0,0.0,land_on_platform,platform_scene-1/Tile Map/29_-32_layer_Tile Map_tile_29_-32_source_1_atlas_1_0
817.728,landed,534.6220703125,-585.046997070312,0.0,0.0,land,surface_wood_impact_1.26481518554687
817.843,move_right_pressed,534.6220703125,-585.046997070312,33.3333320617676,0.0,Move_Right,pressed
817.961,jump_input_pressed,548.955383300781,-585.046997070312,180.0,0.0,Jump,pressed
817.961,jump_executed,548.955383300781,-585.046997070312,180.0,-500.0,jump,x_548.955383300781_y_-585.046997070312
818.396,jump_peak_reached,626.963439941406,-691.898010253906,180.0,39.8149261474609,jump_peak,x_626.963439941406_y_-691.898010253906
818.397,jump_input_released,626.963439941406,-691.898010253906,180.0,39.8149261474609,Jump,released
818.694,platform_landed,646.796752929688,-585.0146484375,0.0,0.0,land_on_platform,platform_scene-1/Tile Map/35_-32_layer_Tile Map_tile_35_-32_source_1_atlas_1_0
818.694,landed,646.796752929688,-585.0146484375,0.0,0.0,land,surface_wood_impact_1.41296337890625
818.896,move_right_pressed,646.796752929688,-585.0146484375,33.3333320617676,0.0,Move_Right,pressed
818.896,jump_input_pressed,646.796752929688,-585.0146484375,33.3333320617676,0.0,Jump,pressed
818.896,jump_executed,646.796752929688,-585.0146484375,33.3333320617676,-500.0,jump,x_646.796752929688_y_-585.0146484375
819.098,jump_input_released,669.605712890625,-662.488220214844,96.6666641235352,-254.333206176758,Jump,released
819.193,jump_peak_reached,671.439025878906,-667.279907226562,0.0,41.2037048339844,jump_peak,x_671.439025878906_y_-667.279907226562
819.211,move_right_pressed,671.439025878906,-666.593200683594,15.0,78.2407455444336,Move_Right,pressed
819.41,move_right_pressed,672.939025878906,-610.204284667969,15.0,522.685241699219,Move_Right,pressed
819.444,platform_landed,674.439025878906,-585.067199707031,45.0,0.0,land_on_platform,platform_scene-1/Tile Map/37_-32_layer_Tile Map_tile_37_-32_source_1_atlas_3_0
819.444,landed,674.439025878906,-585.067199707031,45.0,0.0,land,surface_wood_impact_1.19351867675781
819.802,jump_input_pressed,677.925170898438,-585.066284179688,0.0,0.0,Jump,pressed
819.802,jump_executed,677.925170898438,-585.066284179688,0.0,-500.0,jump,x_677.925170898438_y_-585.066284179688
819.861,move_right_pressed,677.924011230469,-609.033935546875,15.0,-437.833282470703,Move_Right,pressed
819.968,jump_input_released,681.674011230469,-652.978332519531,0.0,-294.722106933594,Jump,released
820.069,jump_peak_reached,681.674011230469,-657.77001953125,0.0,41.2037048339844,jump_peak,x_681.674011230469_y_-657.77001953125
820.27,move_right_pressed,681.674011230469,-608.788513183594,15.0,485.648223876953,Move_Right,pressed
820.27,platform_landed,681.254638671875,-602.026672363281,15.0,0.0,land_on_platform,platform_scene-1/Tile Map/38_-33_layer_Tile Map_tile_38_-33_source_1_atlas_0_0
820.271,landed,681.254638671875,-602.026672363281,15.0,0.0,land,surface_wood_impact_0.97129644775391
820.828,jump_input_pressed,704.189270019531,-602.903381347656,0.0,0.0,Jump,pressed
820.828,jump_executed,704.189270019531,-602.903381347656,0.0,-500.0,jump,x_704.189270019531_y_-602.903381347656
820.837,move_right_pressed,704.189270019531,-611.298461914062,15.0,-479.222198486328,Move_Right,pressed
821.251,jump_peak_reached,762.689270019531,-709.792846679688,180.0,39.8149261474609,jump_peak,x_762.689270019531_y_-709.792846679688
821.304,jump_input_released,771.689270019531,-705.950256347656,180.0,150.926040649414,Jump,released
821.569,platform_landed,776.522583007812,-585.045959472656,0.0,0.0,land_on_platform,platform_scene-1/Tile Map/43_-32_layer_Tile Map_tile_43_-32_source_1_atlas_2_0
821.569,landed,776.522583007812,-585.045959472656,0.0,0.0,land,surface_wood_impact_1.48703747558594
821.771,move_right_pressed,776.522583007812,-585.045959472656,33.3333320617676,0.0,Move_Right,pressed
821.771,jump_input_pressed,776.522583007812,-585.045959472656,33.3333320617676,0.0,Jump,pressed
821.771,jump_executed,776.522583007812,-585.045959472656,33.3333320617676,-500.0,jump,x_776.522583007812_y_-585.045959472656
822.128,jump_input_released,826.329772949219,-688.795166015625,96.6666641235352,-75.3332214355469,Jump,released
822.21,jump_peak_reached,828.1630859375,-691.600646972656,0.0,45.0371475219727,jump_peak,x_828.1630859375_y_-691.600646972656
822.327,move_left_pressed,828.1630859375,-673.383361816406,-15.0,304.296417236328,Move_Left,pressed
822.361,platform_landed,826.6630859375,-657.066650390625,-45.0,0.0,land_on_platform,platform_scene-1/Tile Map/45_-36_layer_Tile Map_tile_45_-36_source_1_atlas_0_0
822.361,landed,826.6630859375,-657.066650390625,-45.0,0.0,land,surface_wood_impact_0.75674102783203
822.735,move_left_pressed,825.357543945312,-657.066650390625,-33.3333320617676,0.0,Move_Left,pressed
822.735,jump_input_pressed,825.357543945312,-657.066650390625,-33.3333320617676,0.0,Jump,pressed
822.735,jump_executed,825.357543945312,-657.066650390625,-33.3333320617676,-500.0,jump,x_825.357543945312_y_-657.066650390625
823.169,jump_peak_reached,760.551574707031,-763.903381347656,-180.0,39.8149261474609,jump_peak,x_760.551574707031_y_-763.903381347656
823.218,jump_input_released,751.551574707031,-760.060791015625,-180.0,150.926040649414,Jump,released
823.268,platform_landed,746.71826171875,-747.003356933594,0.0,0.0,land_on_platform,platform_scene-1/Tile Map/41_-41_layer_Tile Map_tile_41_-41_source_1_atlas_3_0
823.269,landed,746.71826171875,-747.003356933594,0.0,0.0,land,surface_wood_impact_0.52407427978516
823.468,jump_input_pressed,746.71826171875,-747.003356933594,0.0,0.0,Jump,pressed
823.468,jump_executed,746.71826171875,-747.003356933594,0.0,-500.0,jump,x_746.71826171875_y_-747.003356933594
823.562,move_right_pressed,746.71826171875,-785.29345703125,15.0,-396.666595458984,Move_Right,pressed
823.82,jump_input_released,778.21826171875,-850.789733886719,180.0,-75.3332214355469,Jump,released
823.901,jump_peak_reached,789.051574707031,-853.59521484375,0.0,45.0371475219727,jump_peak,x_789.051574707031_y_-853.59521484375
824.086,move_left_pressed,789.051574707031,-811.387817382812,-15.0,452.444610595703,Move_Left,pressed
824.103,platform_landed,788.301574707031,-801.067199707031,-30.0,0.0,land_on_platform,platform_scene-1/Tile Map/43_-44_layer_Tile Map_tile_43_-44_source_1_atlas_3_0
824.103,landed,788.301574707031,-801.067199707031,-30.0,0.0,land,surface_wood_impact_0.97896331787109
824.419,jump_input_pressed,779.412719726562,-801.067199707031,0.0,0.0,Jump,pressed
824.419,jump_executed,779.412719726562,-801.067199707031,0.0,-500.0,jump,x_779.412719726562_y_-801.067199707031
824.435,move_left_pressed,779.412719726562,-809.4091796875,-15.0,-479.222198486328,Move_Left,pressed
824.862,jump_peak_reached,720.912719726562,-907.903564453125,-96.6666641235352,39.8149261474609,jump_peak,x_720.912719726562_y_-907.903564453125
824.862,jump_input_released,720.912719726562,-907.903564453125,-96.6666641235352,39.8149261474609,Jump,released
824.961,platform_landed,719.079406738281,-891.003540039062,0.0,0.0,land_on_platform,platform_scene-1/Tile Map/39_-49_layer_Tile Map_tile_39_-49_source_1_atlas_1_0
824.961,landed,719.079406738281,-891.003540039062,0.0,0.0,land,surface_wood_impact_0.52407427978516
825.152,move_right_pressed,719.079406738281,-891.003540039062,33.3333320617676,0.0,Move_Right,pressed
825.185,jump_input_pressed,720.746032714844,-891.003540039062,100.0,0.0,Jump,pressed
825.185,jump_executed,720.746032714844,-891.003540039062,100.0,-500.0,jump,x_720.746032714844_y_-891.003540039062
825.627,jump_peak_reached,794.509338378906,-997.898193359375,180.0,39.8149261474609,jump_peak,x_794.509338378906_y_-997.898193359375
825.761,jump_input_released,818.509338378906,-975.305603027344,96.6666641235352,336.111236572266,Jump,released
825.794,platform_landed,820.342651367188,-963.017272949219,0.0,0.0,land_on_platform,platform_scene-1/Tile Map/45_-53_layer_Tile Map_tile_45_-53_source_1_atlas_15_7
825.794,landed,820.342651367188,-963.017272949219,0.0,0.0,land,surface_wood_impact_0.82037066650391
826.629,move_right_pressed,820.342651367188,-963.017272949219,33.3333320617676,0.0,Move_Right,pressed
826.936,platform_landed,848.533874511719,-909.024719238281,0.0,0.0,land_on_platform,platform_scene-1/Tile Map/47_-50_layer_Tile Map_tile_47_-50_source_1_atlas_3_0
826.936,landed,848.533874511719,-909.024719238281,0.0,0.0,land,surface_wood_impact_0.96296307373047
827.185,move_right_pressed,848.533874511719,-909.024719238281,33.3333320617676,0.0,Move_Right,pressed
827.285,jump_input_pressed,859.8671875,-909.024719238281,180.0,0.0,Jump,pressed
827.285,jump_executed,859.8671875,-909.024719238281,180.0,-500.0,jump,x_859.8671875_y_-909.024719238281
827.718,jump_peak_reached,937.881408691406,-1015.89294433594,180.0,39.8149261474609,jump_peak,x_937.881408691406_y_-1015.89294433594
827.828,jump_input_released,955.881408691406,-1002.65222167969,96.6666641235352,262.037139892578,Jump,released
827.829,platform_landed,957.492553710938,-999.066345214844,96.6666641235352,0.0,land_on_platform,platform_scene-1/Tile Map/53_-55_layer_Tile Map_tile_53_-55_source_1_atlas_3_0
827.829,landed,957.492553710938,-999.066345214844,96.6666641235352,0.0,land,surface_wood_impact_0.52407427978516
828.028,jump_input_pressed,957.714782714844,-999.066345214844,0.0,0.0,Jump,pressed
828.028,jump_executed,957.714782714844,-999.066345214844,0.0,-500.0,jump,x_957.714782714844_y_-999.066345214844
828.053,move_right_pressed,957.714782714844,-1015.39794921875,15.0,-458.499969482422,Move_Right,pressed
828.269,jump_input_released,980.214782714844,-1088.24621582031,96.6666641235352,-194.166549682617,Jump,released
828.368,jump_peak_reached,982.048095703125,-1093.03784179688,0.0,41.2037048339844,jump_peak,x_982.048095703125_y_-1093.03784179688
828.627,platform_landed,982.048095703125,-1017.00909423828,0.0,0.0,land_on_platform,platform_scene-1/Tile Map/54_-56_layer_Tile Map_tile_54_-56_source_1_atlas_0_0
828.627,landed,982.048095703125,-1017.00909423828,0.0,0.0,land,surface_wood_impact_1.19351867675781
828.777,move_left_pressed,982.048095703125,-1017.00909423828,-33.3333320617676,0.0,Move_Left,pressed
828.777,jump_input_pressed,982.048095703125,-1017.00909423828,-33.3333320617676,0.0,Jump,pressed
828.777,jump_executed,982.048095703125,-1017.00909423828,-33.3333320617676,-500.0,jump,x_982.048095703125_y_-1017.00909423828
829.21,jump_peak_reached,917.23876953125,-1123.89575195312,-180.0,39.8149261474609,jump_peak,x_917.23876953125_y_-1123.89575195312
829.264,jump_input_released,908.23876953125,-1120.05310058594,-96.6666641235352,150.926040649414,Jump,released
829.377,platform_landed,906.405456542969,-1089.01489257812,0.0,0.0,land_on_platform,platform_scene-1/Tile Map/50_-60_layer_Tile Map_tile_50_-60_source_1_atlas_3_0
829.377,landed,906.405456542969,-1089.01489257812,0.0,0.0,land,surface_wood_impact_0.82037066650391
829.53,jump_input_pressed,906.405456542969,-1089.01489257812,0.0,0.0,Jump,pressed
829.53,jump_executed,906.405456542969,-1089.01489257812,0.0,-500.0,jump,x_906.405456542969_y_-1089.01489257812
829.56,move_right_pressed,906.405456542969,-1105.39111328125,15.0,-458.499969482422,Move_Right,pressed
829.961,jump_peak_reached,960.516540527344,-1195.89660644531,13.3333311080933,39.8149261474609,jump_peak,x_960.516540527344_y_-1195.89660644531
829.962,jump_input_released,960.516540527344,-1195.89660644531,13.3333311080933,39.8149261474609,Jump,released
830.061,platform_landed,960.73876953125,-1179.02221679688,0.0,0.0,land_on_platform,platform_scene-1/Tile Map/53_-65_layer_Tile Map_tile_53_-65_source_1_atlas_3_0
830.062,landed,960.73876953125,-1179.02221679688,0.0,0.0,land,surface_wood_impact_0.52407427978516
830.21,move_left_pressed,960.73876953125,-1179.02221679688,-33.3333320617676,0.0,Move_Left,pressed
830.227,jump_input_pressed,960.183227539062,-1179.02221679688,-66.6666641235352,0.0,Jump,pressed
830.228,jump_executed,960.183227539062,-1179.02221679688,-66.6666641235352,-500.0,jump,x_960.183227539062_y_-1179.02221679688
830.66,jump_peak_reached,890.288391113281,-1285.89685058594,-180.0,39.8149261474609,jump_peak,x_890.288391113281_y_-1285.89685058594
830.763,jump_input_released,872.288391113281,-1272.65612792969,-180.0,262.037139892578,Jump,released
830.96,platform_landed,834.677307128906,-1179.06701660156,-96.6666641235352,0.0,land_on_platform,platform_scene-1/Tile Map/46_-65_layer_Tile Map_tile_46_-65_source_1_atlas_13_7
830.96,landed,834.677307128906,-1179.06701660156,-96.6666641235352,0.0,land,surface_wood_impact_1.41296337890625
831.329,move_left_pressed,834.455078125,-1179.06701660156,-33.3333320617676,0.0,Move_Left,pressed
831.329,jump_input_pressed,834.455078125,-1179.06701660156,-33.3333320617676,0.0,Jump,pressed
831.33,jump_executed,834.455078125,-1179.06701660156,-33.3333320617676,-500.0,jump,x_834.455078125_y_-1179.06701660156
831.761,jump_peak_reached,769.649108886719,-1285.9033203125,-180.0,39.8149261474609,jump_peak,x_769.649108886719_y_-1285.9033203125
831.961,jump_input_released,733.649108886719,-1237.19958496094,-180.0,484.259429931641,Jump,released
832.063,platform_landed,728.815795898438,-1179.01989746094,0.0,0.0,land_on_platform,platform_scene-1/Tile Map/40_-65_layer_Tile Map_tile_40_-65_source_1_atlas_1_0
832.063,landed,728.815795898438,-1179.01989746094,0.0,0.0,land,surface_wood_impact_1.41296337890625
832.36,jump_input_pressed,728.815795898438,-1179.01989746094,0.0,0.0,Jump,pressed
832.36,jump_executed,728.815795898438,-1179.01989746094,0.0,-500.0,jump,x_728.815795898438_y_-1179.01989746094
832.394,move_left_pressed,728.815795898438,-1195.39184570312,-15.0,-458.499969482422,Move_Left,pressed
832.544,jump_input_released,719.204711914062,-1251.90295410156,0.0,-274.499877929688,Jump,released
832.644,jump_peak_reached,719.204711914062,-1256.69458007812,0.0,41.2037048339844,jump_peak,x_719.204711914062_y_-1256.69458007812
832.864,platform_landed,719.204711914062,-1197.03283691406,0.0,0.0,land_on_platform,platform_scene-1/Tile Map/39_-66_layer_Tile Map_tile_39_-66_source_1_atlas_0_0
832.864,landed,719.204711914062,-1197.03283691406,0.0,0.0,land,surface_wood_impact_1.04537048339844
833.043,move_left_pressed,719.204711914062,-1197.03283691406,-33.3333320617676,0.0,Move_Left,pressed
833.097,jump_input_pressed,715.871398925781,-1197.03283691406,-133.33332824707,0.0,Jump,pressed
833.097,jump_executed,715.871398925781,-1197.03283691406,-133.33332824707,-500.0,jump,x_715.871398925781_y_-1197.03283691406
833.527,jump_peak_reached,639.47314453125,-1303.896484375,-180.0,39.8149261474609,jump_peak,x_639.47314453125_y_-1303.896484375
833.898,platform_landed,570.47314453125,-1143.06787109375,-180.0,0.0,land_on_platform,platform_scene-1/Tile Map/31_-63_layer_Tile Map_tile_31_-63_source_1_atlas_3_0
833.898,landed,570.47314453125,-1143.06787109375,-180.0,0.0,land,surface_wood_impact_1.709259765625
833.944,jump_input_released,564.47314453125,-1143.06787109375,-180.0,0.0,Jump,released
834.364,move_left_pressed,559.639831542969,-1143.06787109375,-33.3333320617676,0.0,Move_Left,pressed
834.412,jump_input_pressed,556.300720214844,-1143.06787109375,-133.33332824707,0.0,Jump,pressed
834.412,jump_executed,556.300720214844,-1143.06787109375,-133.33332824707,-500.0,jump,x_556.300720214844_y_-1143.06787109375
834.844,jump_peak_reached,498.574890136719,-1249.90307617188,-180.0,39.8149261474609,jump_peak,x_498.574890136719_y_-1249.90307617188
834.994,jump_input_released,471.574890136719,-1221.70861816406,-180.0,373.148284912109,Jump,released
835.011,platform_landed,466.963775634766,-1215.06701660156,-96.6666641235352,0.0,land_on_platform,platform_scene-1/Tile Map/25_-67_layer_Tile Map_tile_25_-67_source_1_atlas_0_0
835.011,landed,466.963775634766,-1215.06701660156,-96.6666641235352,0.0,land,surface_wood_impact_0.82037066650391
835.477,move_left_pressed,466.741546630859,-1215.06701660156,-33.3333320617676,0.0,Move_Left,pressed
835.56,jump_input_pressed,458.408233642578,-1215.06701660156,-180.0,0.0,Jump,pressed
835.56,jump_executed,458.408233642578,-1215.06701660156,-180.0,-500.0,jump,x_458.408233642578_y_-1215.06701660156
835.86,jump_peak_reached,404.404327392578,-1309.38757324219,-180.0,74.0740737915039,jump_peak,x_404.404327392578_y_-1309.38757324219
835.977,jump_input_released,383.404327392578,-1287.78259277344,-180.0,333.333343505859,Jump,released
836.196,platform_landed,372.570983886719,-1161.04650878906,0.0,0.0,land_on_platform,platform_scene-1/Tile Map/20_-64_layer_Tile Map_tile_20_-64_source_1_atlas_15_7
836.196,landed,372.570983886719,-1161.04650878906,0.0,0.0,land,surface_wood_impact_1.6296298828125
836.377,move_left_pressed,372.570983886719,-1161.04650878906,-33.3333320617676,0.0,Move_Left,pressed
836.394,jump_input_pressed,372.015441894531,-1161.04650878906,-66.6666641235352,0.0,Jump,pressed
836.394,jump_executed,372.015441894531,-1161.04650878906,-66.6666641235352,-500.0,jump,x_372.015441894531_y_-1161.04650878906
836.645,jump_input_released,335.123168945312,-1250.24304199219,-96.6666641235352,-194.166549682617,Jump,released
836.744,jump_peak_reached,333.289825439453,-1255.03466796875,0.0,41.2037048339844,jump_peak,x_333.289825439453_y_-1255.03466796875
836.994,platform_landed,333.289825439453,-1179.00598144531,0.0,0.0,land_on_platform,platform_scene-1/Tile Map/18_-65_layer_Tile Map_tile_18_-65_source_1_atlas_3_0
836.994,landed,333.289825439453,-1179.00598144531,0.0,0.0,land,surface_wood_impact_1.19351867675781
837.129,move_left_pressed,333.289825439453,-1179.00598144531,-33.3333320617676,0.0,Move_Left,pressed
837.26,jump_input_pressed,315.956512451172,-1179.00598144531,-180.0,0.0,Jump,pressed
837.26,jump_executed,315.956512451172,-1179.00598144531,-180.0,-500.0,jump,x_315.956512451172_y_-1179.00598144531
837.694,jump_peak_reached,237.937103271484,-1285.88854980469,-180.0,39.8149261474609,jump_peak,x_237.937103271484_y_-1285.88854980469
837.878,jump_input_released,204.937103271484,-1244.63854980469,-180.0,447.222381591797,Jump,released
837.93,platform_landed,200.103759765625,-1215.00939941406,0.0,0.0,land_on_platform,platform_scene-1/Tile Map/11_-67_layer_Tile Map_tile_11_-67_source_1_atlas_0_0
837.93,landed,200.103759765625,-1215.00939941406,0.0,0.0,land,surface_wood_impact_1.1166669921875
838.177,move_left_pressed,200.103759765625,-1215.00939941406,-33.3333320617676,0.0,Move_Left,pressed
838.361,platform_landed,171.358367919922,-1197.06652832031,-180.0,0.0,land_on_platform,platform_scene-1/Tile Map/9_-66_layer_Tile Map_tile_9_-66_source_1_atlas_1_0
838.362,landed,171.358367919922,-1197.06652832031,-180.0,0.0,land,surface_wood_impact_0.59259259033203
838.73,jump_input_pressed,170.074905395508,-1197.06616210938,0.0,0.0,Jump,pressed
838.73,jump_executed,170.074905395508,-1197.06616210938,0.0,-500.0,jump,x_170.074905395508_y_-1197.06616210938
838.745,move_left_pressed,170.075973510742,-1205.400390625,-15.0,-479.222198486328,Move_Left,pressed
839.094,jump_input_released,126.574737548828,-1302.06518554688,-180.0,-55.722110748291,Jump,released
839.163,jump_peak_reached,121.741401672363,-1303.69665527344,0.0,43.8149261474609,jump_peak,x_121.741401672363_y_-1303.69665527344
839.311,platform_landed,121.741401672363,-1269.00915527344,0.0,0.0,land_on_platform,platform_scene-1/Tile Map/6_-70_layer_Tile Map_tile_6_-70_source_1_atlas_1_0
839.311,landed,121.741401672363,-1269.00915527344,0.0,0.0,land,surface_wood_impact_0.75429656982422
839.497,jump_input_pressed,121.741401672363,-1269.00915527344,0.0,0.0,Jump,pressed
839.497,jump_executed,121.741401672363,-1269.00915527344,0.0,-500.0,jump,x_121.741401672363_y_-1269.00915527344
839.543,move_left_pressed,121.741401672363,-1293.03479003906,-15.0,-437.833282470703,Move_Left,pressed
839.811,jump_input_released,90.2414016723633,-1369.25708007812,-180.0,-114.722114562988,Jump,released
839.911,jump_peak_reached,72.2414016723633,-1374.04870605469,-180.0,41.2037048339844,jump_peak,x_72.2414016723633_y_-1374.04870605469
840.078,platform_landed,39.2481498718262,-1338.06506347656,-180.0,0.0,land_on_platform,platform_scene-1/Tile Map/2_-74_layer_Tile Map_tile_2_-74_source_1_atlas_13_6
840.078,landed,39.2481498718262,-1338.06506347656,-180.0,0.0,land,surface_wood_impact_0.82314825439453
840.364,move_right_pressed,31.4149265289307,-1338.05969238281,33.3333320617676,0.0,Move_Right,pressed
840.646,coin_collected,75.7484436035156,-1338.07067871094,180.0,0.0,collect_coin,coin_coin23_score_32
841.077,move_right_pressed,83.5818710327148,-1338.05432128906,33.3333320617676,0.0,Move_Right,pressed
841.212,jump_input_pressed,100.295219421387,-1339.42553710938,180.0,0.0,Jump,pressed
841.212,jump_executed,100.295219421387,-1339.42553710938,180.0,-500.0,jump,x_100.295219421387_y_-1339.42553710938
841.644,jump_peak_reached,178.295227050781,-1446.25415039062,180.0,39.8149261474609,jump_peak,x_178.295227050781_y_-1446.25415039062
841.761,jump_input_released,199.295227050781,-1428.64611816406,180.0,299.074188232422,Jump,released
841.944,coin_collected,232.295227050781,-1339.86511230469,180.0,669.444641113281,collect_coin,coin_coin22_score_34
841.944,platform_landed,235.306945800781,-1338.044921875,180.0,0.0,land_on_platform,platform_scene-1/Tile Map/13_-74_layer_Tile Map_tile_13_-74_source_1_atlas_13_6
841.945,landed,235.306945800781,-1338.044921875,180.0,0.0,land,surface_wood_impact_1.41296337890625
842.178,jump_input_pressed,274.307098388672,-1338.048828125,180.0,0.0,Jump,pressed
842.179,jump_executed,274.307098388672,-1338.048828125,180.0,-500.0,jump,x_274.307098388672_y_-1338.048828125
842.611,jump_peak_reached,352.313720703125,-1444.89587402344,180.0,39.8149261474609,jump_peak,x_352.313720703125_y_-1444.89587402344
842.611,jump_input_released,352.313720703125,-1444.89587402344,180.0,39.8149261474609,Jump,released
842.912,platform_landed,409.329406738281,-1338.05224609375,180.0,0.0,land_on_platform,platform_scene-1/Tile Map/22_-74_layer_Tile Map_tile_22_-74_source_1_atlas_13_6
842.912,landed,409.329406738281,-1338.05224609375,180.0,0.0,land,surface_wood_impact_1.41296337890625
843.13,move_left_pressed,445.329406738281,-1338.05224609375,96.6666641235352,0.0,Move_Left,pressed
843.377,jump_input_pressed,415.940521240234,-1338.05224609375,-180.0,0.0,Jump,pressed
843.377,jump_executed,415.940521240234,-1338.05224609375,-180.0,-500.0,jump,x_415.940521240234_y_-1338.05224609375
843.76,jump_input_released,346.934051513672,-1444.01916503906,-180.0,-36.1665573120117,Jump,released
843.811,jump_peak_reached,342.100708007812,-1444.78576660156,0.0,42.5371475219727,jump_peak,x_342.100708007812_y_-1444.78576660156
843.911,platform_landed,342.100708007812,-1428.01489257812,0.0,0.0,land_on_platform,platform_scene-1/Tile Map/18_-79_layer_Tile Map_tile_18_-79_source_1_atlas_14_6
843.911,landed,342.100708007812,-1428.01489257812,0.0,0.0,land,surface_wood_impact_0.52951873779297
843.997,move_left_pressed,342.100708007812,-1428.01489257812,-33.3333320617676,0.0,Move_Left,pressed
844.028,jump_input_pressed,340.434631347656,-1428.09020996094,-100.0,0.0,Jump,pressed
844.028,jump_executed,340.434631347656,-1428.09020996094,-100.0,-500.0,jump,x_340.434631347656_y_-1428.09020996094
844.46,jump_peak_reached,266.684295654297,-1534.9208984375,-180.0,39.8149261474609,jump_peak,x_266.684295654297_y_-1534.9208984375
844.527,jump_input_released,254.684295654297,-1528.56286621094,-180.0,187.963073730469,Jump,released
844.671,platform_landed,249.850952148438,-1482.96984863281,0.0,0.0,land_on_platform,platform_scene-1/Tile Map/13_-82_layer_Tile Map_tile_13_-82_source_1_atlas_14_6
844.671,landed,249.850952148438,-1482.96984863281,0.0,0.0,land,surface_wood_impact_0.96851885986328
844.829,move_right_pressed,249.850952148438,-1482.96984863281,33.3333320617676,0.0,Move_Right,pressed
844.977,jump_input_pressed,269.599426269531,-1473.38305664062,180.0,222.222213745117,Jump,pressed
845.244,platform_landed,320.615112304688,-1338.05065917969,180.0,0.0,land_on_platform,platform_scene-1/Tile Map/17_-74_layer_Tile Map_tile_17_-74_source_1_atlas_13_6
845.244,landed,320.615112304688,-1338.05065917969,180.0,0.0,land,surface_wood_impact_1.6296298828125
845.328,jump_input_released,332.615112304688,-1338.05065917969,180.0,0.0,Jump,released
845.512,move_left_pressed,340.448455810547,-1338.05065917969,-33.3333320617676,0.0,Move_Left,pressed
845.711,move_right_pressed,311.115142822266,-1338.05065917969,-96.6666641235352,0.0,Move_Right,pressed
845.762,jump_input_pressed,309.615142822266,-1338.05065917969,53.3333358764648,0.0,Jump,pressed
845.762,jump_executed,309.615142822266,-1338.05065917969,53.3333358764648,-500.0,jump,x_309.615142822266_y_-1338.05065917969
845.927,jump_peak_reached,328.343048095703,-1397.91479492188,138.822967529297,93.8172073364258,jump_peak,x_328.343048095703_y_-1397.91479492188
846.128,jump_input_released,363.034210205078,-1338.41052246094,180.0,538.26171875,Jump,released
846.129,platform_landed,366.043609619141,-1338.06225585938,180.0,0.0,land_on_platform,platform_scene-1/Tile Map/20_-74_layer_Tile Map_tile_20_-74_source_1_atlas_13_6
846.129,landed,366.043609619141,-1338.06225585938,180.0,0.0,land,surface_wood_impact_1.0765234375
846.163,move_left_pressed,367.654724121094,-1338.06225585938,0.0,0.0,Move_Left,pressed
846.33,move_right_pressed,348.710357666016,-1338.05004882812,0.0,0.0,Move_Right,pressed
846.544,move_left_pressed,378.043670654297,-1338.05004882812,96.6666641235352,0.0,Move_Left,pressed
846.544,jump_input_pressed,378.043670654297,-1338.05004882812,96.6666641235352,0.0,Jump,pressed
846.544,jump_executed,378.043670654297,-1338.05004882812,96.6666641235352,-500.0,jump,x_378.043670654297_y_-1338.05004882812
846.911,jump_input_released,348.377899169922,-1443.0537109375,-180.0,-55.722110748291,Jump,released
846.978,jump_peak_reached,336.377899169922,-1444.68518066406,-96.6666641235352,43.8149261474609,jump_peak,x_336.377899169922_y_-1444.68518066406
847.077,platform_landed,334.544555664062,-1428.81018066406,0.0,0.0,land_on_platform,platform_scene-1/Tile Map/18_-79_layer_Tile Map_tile_18_-79_source_1_atlas_14_6
847.077,landed,334.544555664062,-1428.81018066406,0.0,0.0,land,surface_wood_impact_0.53207427978516
847.261,move_left_pressed,334.544555664062,-1428.81018066406,-33.3333320617676,0.0,Move_Left,pressed
847.361,jump_input_pressed,323.230560302734,-1428.93334960938,-180.0,37.037036895752,Jump,pressed
847.361,jump_executed,323.230560302734,-1428.93334960938,-180.0,-500.0,jump,x_323.230560302734_y_-1428.93334960938
847.627,jump_input_released,275.230560302734,-1521.35559082031,-180.0,-174.222106933594,Jump,released
847.727,jump_peak_reached,257.230560302734,-1526.14721679688,-96.6666641235352,41.2037048339844,jump_peak,x_257.230560302734_y_-1526.14721679688
847.896,move_left_pressed,255.397216796875,-1491.50219726562,-15.0,411.574127197266,Move_Left,pressed
847.911,platform_landed,256.930114746094,-1480.55358886719,-30.0,0.0,land_on_platform,platform_scene-1/Tile Map/13_-82_layer_Tile Map_tile_13_-82_source_1_atlas_14_6
847.911,landed,256.930114746094,-1480.55358886719,-30.0,0.0,land,surface_wood_impact_0.89722235107422
848.495,platform_landed,258.237609863281,-1338.02551269531,0.0,0.0,land_on_platform,platform_scene-1/Tile Map/14_-74_layer_Tile Map_tile_14_-74_source_1_atlas_13_6
848.495,landed,258.237609863281,-1338.02551269531,0.0,0.0,land,surface_wood_impact_1.6296298828125
848.678,move_right_pressed,258.237609863281,-1338.02551269531,33.3333320617676,0.0,Move_Right,pressed
848.678,jump_input_pressed,258.237609863281,-1338.02551269531,33.3333320617676,0.0,Jump,pressed
848.679,jump_executed,258.237609863281,-1338.02551269531,33.3333320617676,-500.0,jump,x_258.237609863281_y_-1338.02551269531
848.811,time_limit_reached,269.684539794922,-1395.11999511719,153.33332824707,-335.833251953125,time_limit,three_minutes
848.811,scene_transition,269.684539794922,-1395.11999511719,153.33332824707,-335.833251953125,switch,from_res://Scenes/Main/scene-1.tscn_to_res://Scenes/Main/menu.tscn
848.811,session_end,269.684539794922,-1395.11999511719,153.33332824707,-335.833251953125,,
