timestamp_seconds,event,x,y,velocity_x,velocity_y,action,info
347.949,session_start,392.0,624.0,0.0,0.0,,
347.991,jump_peak_reached,392.0,624.0,0.0,37.037036895752,jump_peak,x_392.0_y_624.0
348.038,platform_landed,392.0,638.988403320312,0.0,0.0,land_on_platform,platform_scene-1/Tile Map/21_36_layer_Tile Map_tile_21_36_source_1_atlas_2_0
348.038,landed,392.0,638.988403320312,0.0,0.0,land,surface_wood_impact_0.51851849365234
357.706,move_right_pressed,392.0,638.988403320312,33.3333320617676,0.0,Move_Right,pressed
358.406,move_left_pressed,423.166656494141,638.932373046875,-33.3333320617676,0.0,Move_Left,pressed
359.347,move_left_pressed,401.0,638.925048828125,-33.3333320617676,0.0,Move_Left,pressed
360.08,move_left_pressed,336.833343505859,638.925048828125,-33.3333320617676,0.0,Move_Left,pressed
360.682,move_left_pressed,278.666687011719,638.925048828125,-33.3333320617676,0.0,Move_Left,pressed
361.298,move_left_pressed,253.500030517578,638.925048828125,-33.3333320617676,0.0,Move_Left,pressed
362.033,move_right_pressed,177.333343505859,638.925048828125,33.3333320617676,0.0,Move_Right,pressed
362.38,move_left_pressed,205.500030517578,638.925048828125,-33.3333320617676,0.0,Move_Left,pressed
363.031,move_right_pressed,183.333343505859,638.925048828125,33.3333320617676,0.0,Move_Right,pressed
363.381,jump_input_pressed,208.500030517578,638.925048828125,0.0,0.0,Jump,pressed
363.381,jump_executed,208.500030517578,638.925048828125,0.0,-500.0,jump,x_208.500030517578_y_638.925048828125
363.731,jump_input_released,208.500030517578,535.200988769531,0.0,-75.3332214355469,Jump,released
363.814,jump_peak_reached,208.500030517578,532.3955078125,0.0,45.0371475219727,jump_peak,x_208.500030517578_y_532.3955078125
364.1,platform_landed,208.500030517578,638.989440917969,0.0,0.0,land_on_platform,platform_scene-1/Tile Map/11_36_layer_Tile Map_tile_11_36_source_1_atlas_2_0
364.1,landed,208.500030517578,638.989440917969,0.0,0.0,land,surface_wood_impact_1.34933374023438
364.182,move_left_pressed,208.500030517578,638.989440917969,-33.3333320617676,0.0,Move_Left,pressed
364.8,move_left_pressed,150.333343505859,638.989440917969,-33.3333320617676,0.0,Move_Left,pressed
365.198,jump_input_pressed,140.611114501953,638.932434082031,0.0,0.0,Jump,pressed
365.198,jump_executed,140.611114501953,638.932434082031,0.0,-500.0,jump,x_140.611114501953_y_638.932434082031
365.214,jump_peak_reached,140.611114501953,630.5908203125,0.0,-479.222198486328,jump_peak,x_140.611114501953_y_630.5908203125
365.348,jump_input_released,140.611114501953,607.240417480469,0.0,185.185180664062,Jump,released
365.447,platform_landed,140.611114501953,638.996765136719,0.0,0.0,land_on_platform,platform_scene-1/Tile Map/7_36_layer_Tile Map_tile_7_36_source_1_atlas_2_0
365.447,landed,140.611114501953,638.996765136719,0.0,0.0,land,surface_wood_impact_0.81481488037109
365.68,move_right_pressed,140.611114501953,638.996765136719,33.3333320617676,0.0,Move_Right,pressed
366.538,jump_input_pressed,286.944458007812,638.933410644531,180.0,0.0,Jump,pressed
366.538,jump_executed,286.944458007812,638.933410644531,180.0,-500.0,jump,x_286.944458007812_y_638.933410644531
366.73,jump_peak_reached,322.948425292969,570.685546875,180.0,74.0740737915039,jump_peak,x_322.948425292969_y_570.685546875
366.731,jump_input_released,322.948425292969,570.685546875,180.0,74.0740737915039,Jump,released
366.947,platform_landed,345.781768798828,638.970153808594,0.0,0.0,land_on_platform,platform_scene-1/Tile Map/19_36_layer_Tile Map_tile_19_36_source_1_atlas_2_0
366.947,landed,345.781768798828,638.970153808594,0.0,0.0,land,surface_wood_impact_1.11111120605469
367.381,jump_input_pressed,345.781768798828,638.970153808594,0.0,0.0,Jump,pressed
367.382,jump_executed,345.781768798828,638.970153808594,0.0,-500.0,jump,x_345.781768798828_y_638.970153808594
367.48,move_right_pressed,345.781768798828,594.086486816406,15.0,-376.166595458984,Move_Right,pressed
367.58,jump_peak_reached,351.034057617188,570.686767578125,105.0,74.0740737915039,jump_peak,x_351.034057617188_y_570.686767578125
367.798,jump_input_released,386.284057617188,634.88427734375,180.0,555.555603027344,Jump,released
367.8,platform_landed,389.284057617188,638.933288574219,180.0,0.0,land_on_platform,platform_scene-1/Tile Map/21_36_layer_Tile Map_tile_21_36_source_1_atlas_2_0
367.8,landed,389.284057617188,638.933288574219,180.0,0.0,land,surface_wood_impact_1.11111120605469
368.063,move_left_pressed,397.117431640625,638.924621582031,-33.3333320617676,0.0,Move_Left,pressed
368.398,jump_input_pressed,377.950775146484,638.924621582031,0.0,0.0,Jump,pressed
368.398,jump_executed,377.950775146484,638.924621582031,0.0,-500.0,jump,x_377.950775146484_y_638.924621582031
368.597,move_right_pressed,377.950775146484,561.503723144531,15.0,-254.333206176758,Move_Right,pressed
368.831,jump_peak_reached,403.450775146484,532.095458984375,180.0,39.8149261474609,jump_peak,x_403.450775146484_y_532.095458984375
368.848,jump_input_released,406.450775146484,532.759033203125,96.6666641235352,76.8519668579102,Jump,released
369.031,platform_landed,408.284118652344,584.992309570312,0.0,0.0,land_on_platform,platform_scene-1/Tile Map/22_33_layer_Tile Map_tile_22_33_source_1_atlas_1_0
369.032,landed,408.284118652344,584.992309570312,0.0,0.0,land,surface_wood_impact_0.96851885986328
369.082,move_left_pressed,408.284118652344,584.992309570312,-33.3333320617676,0.0,Move_Left,pressed
369.582,move_right_pressed,398.561920166016,584.992309570312,33.3333320617676,0.0,Move_Right,pressed
369.715,jump_input_pressed,415.895233154297,584.992309570312,180.0,0.0,Jump,pressed
369.715,jump_executed,415.895233154297,584.992309570312,180.0,-500.0,jump,x_415.895233154297_y_584.992309570312
369.998,jump_peak_reached,447.747772216797,493.684143066406,0.0,74.0740737915039,jump_peak,x_447.747772216797_y_493.684143066406
370.067,jump_input_released,447.747772216797,502.326110839844,0.0,222.222213745117,Jump,released
370.197,move_right_pressed,447.747772216797,549.239685058594,15.0,518.5185546875,Move_Right,pressed
370.198,platform_landed,444.581787109375,551.392272949219,15.0,0.0,land_on_platform,platform_scene-1/Tile Map/25_31_layer_Tile Map_tile_25_31_source_1_atlas_1_0
370.198,landed,444.581787109375,551.392272949219,15.0,0.0,land,surface_wood_impact_1.037037109375
370.498,platform_landed,446.42529296875,638.970336914062,0.0,0.0,land_on_platform,platform_scene-1/Tile Map/24_36_layer_Tile Map_tile_24_36_source_1_atlas_2_0
370.498,landed,446.42529296875,638.970336914062,0.0,0.0,land,surface_wood_impact_1.25925939941406
370.898,jump_input_pressed,446.42529296875,638.970336914062,0.0,0.0,Jump,pressed
370.898,jump_executed,446.42529296875,638.970336914062,0.0,-500.0,jump,x_446.42529296875_y_638.970336914062
371.065,move_left_pressed,442.516540527344,577.152221679688,-97.7948226928711,-102.363204956055,Move_Left,pressed
371.181,jump_peak_reached,425.987060546875,572.180297851562,-180.0,55.1738319396973,jump_peak,x_425.987060546875_y_572.180297851562
371.214,jump_input_released,419.987060546875,574.63671875,-180.0,129.247909545898,Jump,released
371.265,platform_landed,412.153717041016,584.933471679688,-13.3333311080933,0.0,land_on_platform,platform_scene-1/Tile Map/22_33_layer_Tile Map_tile_22_33_source_1_atlas_1_0
371.265,landed,412.153717041016,584.933471679688,-13.3333311080933,0.0,land,surface_wood_impact_0.48071801757812
371.564,move_right_pressed,412.153717041016,584.933471679688,33.3333320617676,0.0,Move_Right,pressed
371.698,jump_input_pressed,429.487030029297,584.933471679688,180.0,0.0,Jump,pressed
371.698,jump_executed,429.487030029297,584.933471679688,180.0,-500.0,jump,x_429.487030029297_y_584.933471679688
372.014,jump_input_released,485.100769042969,484.736389160156,13.3333311080933,-114.722114562988,Jump,released
372.114,jump_peak_reached,485.322998046875,479.944732666016,0.0,41.2037048339844,jump_peak,x_485.322998046875_y_479.944732666016
372.147,move_left_pressed,485.322998046875,481.935485839844,-15.0,115.277786254883,Move_Left,pressed
372.331,coin_collected,479.961883544922,537.020385742188,0.0,485.648223876953,collect_coin,coin_coin_score_2
372.333,sonification,479.961883544922,545.731811523438,0.0,522.685241699219,osc_received,"value_[1, ""coins-with-pitch""]"
372.347,platform_landed,479.961883544922,548.974975585938,0.0,0.0,land_on_platform,platform_scene-1/Tile Map/26_31_layer_Tile Map_tile_26_31_source_1_atlas_2_0
372.347,landed,479.961883544922,548.974975585938,0.0,0.0,land,surface_wood_impact_1.11944458007812
373.197,jump_input_pressed,479.961883544922,548.974975585938,0.0,0.0,Jump,pressed
373.197,jump_executed,479.961883544922,548.974975585938,0.0,-500.0,jump,x_479.961883544922_y_548.974975585938
373.215,move_right_pressed,479.961883544922,540.596313476562,15.0,-479.222198486328,Move_Right,pressed
373.548,jump_input_released,523.4619140625,445.207458496094,180.0,-75.3332214355469,Jump,released
373.631,jump_peak_reached,531.295227050781,442.401916503906,0.0,45.0371475219727,jump_peak,x_531.295227050781_y_442.401916503906
373.833,move_left_pressed,531.295227050781,492.150085449219,-15.0,489.481658935547,Move_Left,pressed
373.833,platform_landed,531.045227050781,494.933807373047,-15.0,0.0,land_on_platform,platform_scene-1/Tile Map/29_28_layer_Tile Map_tile_29_28_source_1_atlas_2_0
373.833,landed,531.045227050781,494.933807373047,-15.0,0.0,land,surface_wood_impact_0.97896331787109
373.847,musicking,530.239685058594,494.933807373047,-48.3333320617676,0.0,osc_received,"value_[1, ""platform_pan_nav""]"
374.455,move_left_pressed,526.434143066406,494.933807373047,-33.3333320617676,0.0,Move_Left,pressed
374.64,jump_input_pressed,500.0830078125,495.261932373047,-180.0,37.037036895752,Jump,pressed
374.84,platform_landed,461.0830078125,548.933715820312,-180.0,0.0,land_on_platform,platform_scene-1/Tile Map/25_31_layer_Tile Map_tile_25_31_source_1_atlas_1_0
374.84,landed,461.0830078125,548.933715820312,-180.0,0.0,land,surface_wood_impact_0.96296307373047
375.024,jump_input_released,441.231964111328,558.525024414062,0.0,222.222213745117,Jump,released
375.156,move_right_pressed,441.231964111328,605.438598632812,15.0,518.5185546875,Move_Right,pressed
375.207,platform_landed,443.731964111328,638.932983398438,60.0,0.0,land_on_platform,platform_scene-1/Tile Map/24_36_layer_Tile Map_tile_24_36_source_1_atlas_2_0
375.207,landed,443.731964111328,638.932983398438,60.0,0.0,land,surface_wood_impact_1.25925939941406
375.59,move_left_pressed,454.898620605469,638.932983398438,-33.3333320617676,0.0,Move_Left,pressed
375.707,jump_input_pressed,451.287536621094,638.932983398438,0.0,0.0,Jump,pressed
375.707,jump_executed,451.287536621094,638.932983398438,0.0,-500.0,jump,x_451.287536621094_y_638.932983398438
375.856,jump_peak_reached,451.287536621094,583.684204101562,0.0,74.0740737915039,jump_peak,x_451.287536621094_y_583.684204101562
375.941,move_left_pressed,451.287536621094,596.029846191406,-15.0,259.259246826172,Move_Left,pressed
376.039,platform_landed,444.287536621094,638.933837890625,-105.0,0.0,land_on_platform,platform_scene-1/Tile Map/24_36_layer_Tile Map_tile_24_36_source_1_atlas_2_0
376.039,landed,444.287536621094,638.933837890625,-105.0,0.0,land,surface_wood_impact_0.96296307373047
376.073,jump_input_released,441.981994628906,638.933837890625,-171.666656494141,0.0,Jump,released
376.357,move_right_pressed,434.287536621094,638.933837890625,33.3333320617676,0.0,Move_Right,pressed
376.756,jump_input_pressed,447.454193115234,638.933837890625,0.0,0.0,Jump,pressed
376.756,jump_executed,447.454193115234,638.933837890625,0.0,-500.0,jump,x_447.454193115234_y_638.933837890625
376.922,move_left_pressed,445.756744384766,580.743041992188,-15.0,-14.5619802474976,Move_Left,pressed
376.955,jump_peak_reached,445.006591796875,580.584350585938,-45.0,42.6972808837891,jump_peak,x_445.006591796875_y_580.584350585938
377.123,jump_input_released,440.07470703125,615.115356445312,0.0,413.067687988281,Jump,released
377.172,platform_landed,440.07470703125,638.985656738281,0.0,0.0,land_on_platform,platform_scene-1/Tile Map/24_36_layer_Tile Map_tile_24_36_source_1_atlas_2_0
377.172,landed,440.07470703125,638.985656738281,0.0,0.0,land,surface_wood_impact_1.04835766601563
377.505,jump_input_pressed,440.07470703125,638.985656738281,0.0,0.0,Jump,pressed
377.505,jump_executed,440.07470703125,638.985656738281,0.0,-500.0,jump,x_440.07470703125_y_638.985656738281
377.658,move_left_pressed,440.07470703125,576.279296875,-15.0,-314.999908447266,Move_Left,pressed
377.872,jump_input_released,417.57470703125,533.932983398438,-180.0,-55.722110748291,Jump,released
377.939,jump_peak_reached,412.741363525391,532.301513671875,0.0,43.8149261474609,jump_peak,x_412.741363525391_y_532.301513671875
378.139,platform_landed,412.741363525391,584.984008789062,0.0,0.0,land_on_platform,platform_scene-1/Tile Map/22_33_layer_Tile Map_tile_22_33_source_1_atlas_1_0
378.139,landed,412.741363525391,584.984008789062,0.0,0.0,land,surface_wood_impact_0.97651885986328
378.375,move_right_pressed,412.741363525391,584.984008789062,33.3333320617676,0.0,Move_Right,pressed
378.375,jump_input_pressed,412.741363525391,584.984008789062,33.3333320617676,0.0,Jump,pressed
378.376,jump_executed,412.741363525391,584.984008789062,33.3333320617676,-500.0,jump,x_412.741363525391_y_584.984008789062
378.665,jump_peak_reached,450.551574707031,493.685974121094,180.0,74.0740737915039,jump_peak,x_450.551574707031_y_493.685974121094
378.74,jump_input_released,465.551574707031,506.031646728516,180.0,259.259246826172,Jump,released
378.839,platform_landed,470.384918212891,548.99853515625,0.0,0.0,land_on_platform,platform_scene-1/Tile Map/26_31_layer_Tile Map_tile_26_31_source_1_atlas_2_0
378.839,landed,470.384918212891,548.99853515625,0.0,0.0,land,surface_wood_impact_0.96296307373047
378.873,musicking,470.384918212891,548.99853515625,0.0,0.0,osc_received,"value_[1, ""platform_pan_nav""]"
379.174,move_right_pressed,470.384918212891,548.99853515625,33.3333320617676,0.0,Move_Right,pressed
379.174,jump_input_pressed,470.384918212891,548.99853515625,33.3333320617676,0.0,Jump,pressed
379.174,jump_executed,470.384918212891,548.99853515625,33.3333320617676,-500.0,jump,x_470.384918212891_y_548.99853515625
379.556,jump_input_released,526.194702148438,442.984893798828,96.6666641235352,-36.1665573120117,Jump,released
379.606,jump_peak_reached,528.028015136719,442.218231201172,0.0,42.5371475219727,jump_peak,x_528.028015136719_y_442.218231201172
379.798,move_left_pressed,528.028015136719,483.967315673828,-15.0,449.944610595703,Move_Left,pressed
379.807,platform_landed,527.278015136719,494.933471679688,-30.0,0.0,land_on_platform,platform_scene-1/Tile Map/29_28_layer_Tile Map_tile_29_28_source_1_atlas_2_0
379.807,landed,527.278015136719,494.933471679688,-30.0,0.0,land,surface_wood_impact_0.97396331787109
381.741,move_left_pressed,524.38916015625,494.933471679688,-33.3333320617676,0.0,Move_Left,pressed
382.291,move_right_pressed,518.000305175781,494.925231933594,33.3333320617676,0.0,Move_Right,pressed
382.706,platform_landed,579.200378417969,513.985534667969,0.0,0.0,land_on_platform,platform_scene-1/Tile Map/32_29_layer_Tile Map_tile_32_29_source_1_atlas_18_0
382.706,landed,579.200378417969,513.985534667969,0.0,0.0,land,surface_wood_impact_0.59259259033203
382.714,musicking,579.200378417969,513.985534667969,0.0,0.0,osc_received,"value_[1, ""leaves""]"
383.422,move_left_pressed,579.200378417969,513.985534667969,-33.3333320617676,0.0,Move_Left,pressed
383.44,jump_input_pressed,578.644836425781,513.985534667969,-66.6666641235352,0.0,Jump,pressed
383.44,jump_executed,578.644836425781,513.985534667969,-66.6666641235352,-500.0,jump,x_578.644836425781_y_513.985534667969
383.589,jump_peak_reached,564.388000488281,457.692077636719,0.0,74.0740737915039,jump_peak,x_564.388000488281_y_457.692077636719
383.622,jump_input_released,564.388000488281,460.778472900391,0.0,148.148147583008,Jump,released
383.79,platform_landed,568.136840820312,513.987121582031,0.0,0.0,land_on_platform,platform_scene-1/Tile Map/31_29_layer_Tile Map_tile_31_29_source_1_atlas_17_0
383.79,landed,568.136840820312,513.987121582031,0.0,0.0,land,surface_wood_impact_1.037037109375
383.791,musicking,568.136840820312,513.987121582031,0.0,0.0,osc_received,"value_[1, ""leaves""]"
384.107,move_right_pressed,568.136840820312,513.987121582031,33.3333320617676,0.0,Move_Right,pressed
384.575,platform_landed,632.312316894531,549.978393554688,0.0,0.0,land_on_platform,platform_scene-1/Tile Map/35_31_layer_Tile Map_tile_35_31_source_1_atlas_19_0
384.575,landed,632.312316894531,549.978393554688,0.0,0.0,land,surface_wood_impact_0.81481488037109
384.58,musicking,632.312316894531,549.978393554688,0.0,0.0,osc_received,"value_[1, ""leaves""]"
384.598,musicking,632.312316894531,549.978393554688,0.0,0.0,osc_received,"value_[1, ""platform_pan_nav""]"
385.29,move_left_pressed,632.312316894531,549.978393554688,-33.3333320617676,0.0,Move_Left,pressed
385.322,jump_input_pressed,630.645080566406,549.928283691406,-100.0,0.0,Jump,pressed
385.322,jump_executed,630.645080566406,549.928283691406,-100.0,-500.0,jump,x_630.645080566406_y_549.928283691406
385.54,jump_input_released,615.227600097656,468.25341796875,0.0,-234.222106933594,Jump,released
385.639,jump_peak_reached,615.227600097656,463.461761474609,0.0,41.2037048339844,jump_peak,x_615.227600097656_y_463.461761474609
385.656,move_left_pressed,615.227600097656,464.148498535156,-15.0,78.2407455444336,Move_Left,pressed
385.839,platform_landed,603.116516113281,513.992492675781,0.0,0.0,land_on_platform,platform_scene-1/Tile Map/33_29_layer_Tile Map_tile_33_29_source_1_atlas_19_0
385.839,landed,603.116516113281,513.992492675781,0.0,0.0,land,surface_wood_impact_0.97129644775391
385.847,musicking,603.116516113281,513.992492675781,0.0,0.0,osc_received,"value_[1, ""leaves""]"
386.156,move_left_pressed,603.116516113281,513.992492675781,-33.3333320617676,0.0,Move_Left,pressed
386.333,jump_input_pressed,579.783203125,513.932861328125,-180.0,0.0,Jump,pressed
386.333,jump_executed,579.783203125,513.932861328125,-180.0,-500.0,jump,x_579.783203125_y_513.932861328125
386.473,jump_peak_reached,571.947448730469,457.685394287109,0.0,74.0740737915039,jump_peak,x_571.947448730469_y_457.685394287109
386.523,jump_input_released,571.947448730469,463.240936279297,0.0,185.185180664062,Jump,released
386.657,move_left_pressed,571.947448730469,505.216247558594,-15.0,481.481536865234,Move_Left,pressed
386.673,platform_landed,571.197448730469,513.933471679688,-30.0,0.0,land_on_platform,platform_scene-1/Tile Map/31_29_layer_Tile Map_tile_31_29_source_1_atlas_17_0
386.673,landed,571.197448730469,513.933471679688,-30.0,0.0,land,surface_wood_impact_1.037037109375
386.674,musicking,571.197448730469,513.933471679688,-30.0,0.0,osc_received,"value_[1, ""leaves""]"
387.122,jump_input_pressed,566.074829101562,513.933715820312,0.0,0.0,Jump,pressed
387.122,jump_executed,566.074829101562,513.933715820312,0.0,-500.0,jump,x_566.074829101562_y_513.933715820312
387.139,move_left_pressed,566.075988769531,505.599456787109,-15.0,-479.222198486328,Move_Left,pressed
387.273,jump_peak_reached,560.712280273438,457.691864013672,0.0,74.0740737915039,jump_peak,x_560.712280273438_y_457.691864013672
387.273,jump_input_released,560.712280273438,457.691864013672,0.0,74.0740737915039,Jump,released
387.423,platform_landed,560.712280273438,495.189422607422,0.0,0.0,land_on_platform,platform_scene-1/Tile Map/30_28_layer_Tile Map_tile_30_28_source_1_atlas_3_0
387.423,landed,560.712280273438,495.189422607422,0.0,0.0,land,surface_wood_impact_0.81481488037109
387.447,musicking,560.712280273438,495.189422607422,0.0,0.0,osc_received,"value_[1, ""platform_pan_nav""]"
387.581,move_left_pressed,560.712280273438,495.189422607422,-33.3333320617676,0.0,Move_Left,pressed
388.166,move_left_pressed,547.578002929688,494.930572509766,-33.3333320617676,0.0,Move_Left,pressed
388.397,jump_input_pressed,512.244689941406,494.930572509766,-180.0,0.0,Jump,pressed
388.398,jump_executed,512.244689941406,494.930572509766,-180.0,-500.0,jump,x_512.244689941406_y_494.930572509766
388.681,jump_peak_reached,476.000854492188,403.066497802734,-45.0,37.037036895752,jump_peak,x_476.000854492188_y_403.066497802734
389.014,jump_input_released,450.57470703125,532.696105957031,-180.0,777.777893066406,Jump,released
389.03,platform_landed,442.044982910156,553.648071289062,-96.6666641235352,0.0,land_on_platform,platform_scene-1/Tile Map/25_31_layer_Tile Map_tile_25_31_source_1_atlas_1_0
389.031,landed,442.044982910156,553.648071289062,-96.6666641235352,0.0,land,surface_wood_impact_1.6296298828125
389.332,platform_landed,441.82275390625,638.992431640625,0.0,0.0,land_on_platform,platform_scene-1/Tile Map/24_36_layer_Tile Map_tile_24_36_source_1_atlas_2_0
389.332,landed,441.82275390625,638.992431640625,0.0,0.0,land,surface_wood_impact_1.25925939941406
389.681,jump_input_pressed,441.82275390625,638.992431640625,0.0,0.0,Jump,pressed
389.681,jump_executed,441.82275390625,638.992431640625,0.0,-500.0,jump,x_441.82275390625_y_638.992431640625
389.714,move_left_pressed,441.82275390625,622.609741210938,-15.0,-458.499969482422,Move_Left,pressed
390.033,jump_input_released,414.57470703125,535.209777832031,-96.6666641235352,-75.3332214355469,Jump,released
390.114,jump_peak_reached,412.741363525391,532.404296875,0.0,45.0371475219727,jump_peak,x_412.741363525391_y_532.404296875
390.314,platform_landed,412.741363525391,584.988647460938,0.0,0.0,land_on_platform,platform_scene-1/Tile Map/22_33_layer_Tile Map_tile_22_33_source_1_atlas_1_0
390.314,landed,412.741363525391,584.988647460938,0.0,0.0,land,surface_wood_impact_0.97896331787109
390.499,move_right_pressed,412.741363525391,584.988647460938,33.3333320617676,0.0,Move_Right,pressed
390.539,jump_input_pressed,416.074676513672,584.932373046875,133.33332824707,0.0,Jump,pressed
390.539,jump_executed,416.074676513672,584.932373046875,133.33332824707,-500.0,jump,x_416.074676513672_y_584.932373046875
390.723,jump_input_released,447.465423583984,512.091247558594,180.0,-274.499877929688,Jump,released
390.823,jump_peak_reached,452.298767089844,507.299591064453,0.0,41.2037048339844,jump_peak,x_452.298767089844_y_507.299591064453
391.006,platform_landed,452.298767089844,548.98681640625,0.0,0.0,land_on_platform,platform_scene-1/Tile Map/25_31_layer_Tile Map_tile_25_31_source_1_atlas_1_0
391.006,landed,452.298767089844,548.98681640625,0.0,0.0,land,surface_wood_impact_0.89722235107422
391.039,move_right_pressed,452.298767089844,548.98681640625,33.3333320617676,0.0,Move_Right,pressed
391.44,jump_input_pressed,483.465423583984,548.93212890625,0.0,0.0,Jump,pressed
391.44,jump_executed,483.465423583984,548.93212890625,0.0,-500.0,jump,x_483.465423583984_y_548.93212890625
391.872,jump_peak_reached,483.465423583984,442.096405029297,0.0,39.8149261474609,jump_peak,x_483.465423583984_y_442.096405029297
392.04,jump_input_released,483.465423583984,476.510009765625,0.0,410.185333251953,Jump,released
392.172,platform_landed,483.465423583984,548.979736328125,0.0,0.0,land_on_platform,platform_scene-1/Tile Map/26_31_layer_Tile Map_tile_26_31_source_1_atlas_2_0
392.173,landed,483.465423583984,548.979736328125,0.0,0.0,land,surface_wood_impact_1.41296337890625
392.389,jump_input_pressed,483.465423583984,548.979736328125,0.0,0.0,Jump,pressed
392.389,jump_executed,483.465423583984,548.979736328125,0.0,-500.0,jump,x_483.465423583984_y_548.979736328125
392.407,move_left_pressed,483.465423583984,540.596923828125,-15.0,-479.222198486328,Move_Left,pressed
392.673,musicking,448.965423583984,451.000640869141,-180.0,-155.333221435547,osc_received,"value_[1, ""platform_pan_nav""]"
392.822,jump_peak_reached,424.965423583984,442.102508544922,-180.0,39.8149261474609,jump_peak,x_424.965423583984_y_442.102508544922
392.873,jump_input_released,415.965423583984,445.945098876953,-96.6666641235352,150.926040649414,Jump,released
392.923,platform_landed,414.132080078125,458.976989746094,0.0,0.0,land_on_platform,platform_scene-1/Tile Map/22_26_layer_Tile Map_tile_22_26_source_1_atlas_2_0
392.923,landed,414.132080078125,458.976989746094,0.0,0.0,land,surface_wood_impact_0.52407427978516
393.105,move_left_pressed,414.132080078125,458.976989746094,-33.3333320617676,0.0,Move_Left,pressed
393.705,move_right_pressed,367.965423583984,458.924896240234,33.3333320617676,0.0,Move_Right,pressed
394.205,jump_input_pressed,451.298736572266,459.004974365234,180.0,0.0,Jump,pressed
394.205,jump_executed,451.298736572266,459.004974365234,180.0,-500.0,jump,x_451.298736572266_y_459.004974365234
394.306,jump_peak_reached,469.321166992188,421.685272216797,180.0,74.0740737915039,jump_peak,x_469.321166992188_y_421.685272216797
394.391,jump_input_released,474.154510498047,434.030944824219,0.0,259.259246826172,Jump,released
394.605,move_right_pressed,474.154510498047,538.351867675781,15.0,740.740844726562,Move_Right,pressed
394.605,platform_landed,474.404510498047,548.933654785156,15.0,0.0,land_on_platform,platform_scene-1/Tile Map/26_31_layer_Tile Map_tile_26_31_source_1_atlas_2_0
394.605,landed,474.404510498047,548.933654785156,15.0,0.0,land,surface_wood_impact_1.48148168945313
395.089,jump_input_pressed,491.793395996094,548.933654785156,0.0,0.0,Jump,pressed
395.089,jump_executed,491.793395996094,548.933654785156,0.0,-500.0,jump,x_491.793395996094_y_548.933654785156
395.106,jump_peak_reached,491.793395996094,540.590942382812,0.0,-479.222198486328,jump_peak,x_491.793395996094_y_540.590942382812
395.157,move_right_pressed,491.793395996094,517.656677246094,15.0,-417.22216796875,Move_Right,pressed
395.372,jump_input_released,514.293395996094,453.583557128906,180.0,-154.333221435547,Jump,released
395.656,platform_landed,528.126708984375,494.998779296875,0.0,0.0,land_on_platform,platform_scene-1/Tile Map/29_28_layer_Tile Map_tile_29_28_source_1_atlas_2_0
395.656,landed,528.126708984375,494.998779296875,0.0,0.0,land,surface_wood_impact_0.89722235107422
395.681,musicking,528.126708984375,494.998779296875,0.0,0.0,osc_received,"value_[1, ""platform_pan_nav""]"
395.872,jump_input_pressed,528.126708984375,494.998779296875,0.0,0.0,Jump,pressed
395.872,jump_executed,528.126708984375,494.998779296875,0.0,-500.0,jump,x_528.126708984375_y_494.998779296875
396.023,move_right_pressed,528.126708984375,432.280883789062,15.0,-314.999908447266,Move_Right,pressed
396.298,jump_input_released,559.626708984375,388.058715820312,180.0,2.77788853645325,Jump,released
396.306,jump_peak_reached,562.626708984375,388.105010986328,180.0,39.8149261474609,jump_peak,x_562.626708984375_y_388.105010986328
396.472,platform_landed,567.460021972656,422.985961914062,0.0,0.0,land_on_platform,platform_scene-1/Tile Map/31_24_layer_Tile Map_tile_31_24_source_1_atlas_3_0
396.473,landed,567.460021972656,422.985961914062,0.0,0.0,land,surface_wood_impact_0.82037066650391
396.556,move_left_pressed,567.460021972656,422.985961914062,-33.3333320617676,0.0,Move_Left,pressed
397.006,move_left_pressed,545.293395996094,422.932037353516,-33.3333320617676,0.0,Move_Left,pressed
397.006,jump_input_pressed,545.293395996094,422.932037353516,-33.3333320617676,0.0,Jump,pressed
397.006,jump_executed,545.293395996094,422.932037353516,-33.3333320617676,-500.0,jump,x_545.293395996094_y_422.932037353516
397.365,jump_input_released,495.487487792969,319.201965332031,-180.0,-75.3332214355469,Jump,released
397.439,jump_peak_reached,490.654144287109,316.396423339844,0.0,45.0371475219727,jump_peak,x_490.654144287109_y_316.396423339844
397.556,move_left_pressed,490.654144287109,334.613708496094,-15.0,304.296417236328,Move_Left,pressed
397.639,platform_landed,485.401306152344,368.930786132812,-90.0,0.0,land_on_platform,platform_scene-1/Tile Map/26_21_layer_Tile Map_tile_26_21_source_1_atlas_1_0
397.639,landed,485.401306152344,368.930786132812,-90.0,0.0,land,surface_wood_impact_0.97896331787109
397.839,move_left_pressed,466.883758544922,369.255004882812,-33.3333320617676,0.0,Move_Left,pressed
397.956,coin_collected,455.960815429688,376.298919677734,-61.6666679382324,148.148147583008,collect_coin,coin_coin2_score_4
397.958,sonification,455.960815429688,379.385345458984,0.0,185.185180664062,osc_received,"value_[1, ""coins-with-pitch""]"
397.991,move_left_pressed,455.960815429688,383.089050292969,-15.0,259.259246826172,Move_Left,pressed
397.991,platform_landed,455.710815429688,386.933624267578,-15.0,0.0,land_on_platform,platform_scene-1/Tile Map/25_22_layer_Tile Map_tile_25_22_source_1_atlas_3_0
397.991,landed,455.710815429688,386.933624267578,-15.0,0.0,land,surface_wood_impact_0.51851849365234
398.011,musicking,454.9052734375,386.933624267578,-48.3333320617676,0.0,osc_received,"value_[1, ""platform_pan_nav""]"
398.391,jump_input_pressed,438.321929931641,386.933624267578,0.0,0.0,Jump,pressed
398.391,jump_executed,438.321929931641,386.933624267578,0.0,-500.0,jump,x_438.321929931641_y_386.933624267578
398.423,move_left_pressed,438.321929931641,370.602111816406,-15.0,-458.499969482422,Move_Left,pressed
398.59,jump_input_released,428.710815429688,309.5048828125,0.0,-254.333206176758,Jump,released
398.698,jump_peak_reached,428.710815429688,304.713226318359,0.0,41.2037048339844,jump_peak,x_428.710815429688_y_304.713226318359
398.723,move_left_pressed,428.710815429688,306.703979492188,-15.0,115.277786254883,Move_Left,pressed
398.907,platform_landed,409.210815429688,368.933288574219,-180.0,0.0,land_on_platform,platform_scene-1/Tile Map/22_21_layer_Tile Map_tile_22_21_source_1_atlas_3_0
398.907,landed,409.210815429688,368.933288574219,-180.0,0.0,land,surface_wood_impact_1.04537048339844
399.422,move_left_pressed,401.377471923828,368.933288574219,-33.3333320617676,0.0,Move_Left,pressed
399.489,jump_input_pressed,395.821929931641,368.933288574219,-166.666656494141,0.0,Jump,pressed
399.489,jump_executed,395.821929931641,368.933288574219,-166.666656494141,-500.0,jump,x_395.821929931641_y_368.933288574219
399.706,jump_peak_reached,357.038482666016,292.405120849609,-180.0,57.130687713623,jump_peak,x_357.038482666016_y_292.405120849609
399.874,platform_landed,323.960144042969,335.959716796875,-180.0,0.0,land_on_platform,platform_scene-1/Tile Map/18_19_layer_Tile Map_tile_18_19_source_1_atlas_19_3
399.874,landed,323.960144042969,335.959716796875,-180.0,0.0,land,surface_wood_impact_0.85500219726562
399.875,musicking,323.960144042969,335.959716796875,-180.0,0.0,osc_received,"value_[1, ""leaves""]"
399.989,jump_input_released,305.96044921875,336.049774169922,-180.0,0.0,Jump,released
400.289,move_left_pressed,301.127349853516,335.965667724609,-33.3333320617676,0.0,Move_Left,pressed
400.574,move_right_pressed,287.960784912109,335.942657470703,33.3333320617676,0.0,Move_Right,pressed
400.723,jump_input_pressed,308.294586181641,335.946807861328,180.0,0.0,Jump,pressed
400.724,jump_executed,308.294586181641,335.946807861328,180.0,-500.0,jump,x_308.294586181641_y_335.946807861328
401.156,jump_peak_reached,382.033630371094,229.107620239258,180.0,39.8149261474609,jump_peak,x_382.033630371094_y_229.107620239258
401.189,jump_input_released,388.033630371094,231.05207824707,180.0,113.889007568359,Jump,released
401.274,move_left_pressed,392.866973876953,246.71565246582,-15.0,299.074188232422,Move_Left,pressed
401.324,platform_landed,390.374114990234,263.946380615234,-60.0,0.0,land_on_platform,platform_scene-1/Tile Map/21_15_layer_Tile Map_tile_21_15_source_1_atlas_13_6
401.324,landed,390.374114990234,263.946380615234,-60.0,0.0,land,surface_wood_impact_0.82037066650391
401.325,musicking,390.374114990234,263.946380615234,-60.0,0.0,osc_received,"value_[1, ""water-tube""]"
401.705,move_right_pressed,390.374114990234,263.946380615234,33.3333320617676,0.0,Move_Right,pressed
402.289,move_left_pressed,418.540405273438,263.900665283203,-33.3333320617676,0.0,Move_Left,pressed
402.639,move_right_pressed,387.373046875,263.945678710938,33.3333320617676,0.0,Move_Right,pressed
402.823,jump_input_pressed,413.706359863281,263.945678710938,180.0,0.0,Jump,pressed
402.823,jump_executed,413.706359863281,263.945678710938,180.0,-500.0,jump,x_413.706359863281_y_263.945678710938
403.039,jump_peak_reached,452.707977294922,187.686981201172,180.0,74.0740737915039,jump_peak,x_452.707977294922_y_187.686981201172
403.407,platform_landed,503.17529296875,368.932891845703,90.0,0.0,land_on_platform,platform_scene-1/Tile Map/27_21_layer_Tile Map_tile_27_21_source_1_atlas_2_0
403.408,landed,503.17529296875,368.932891845703,90.0,0.0,land,surface_wood_impact_1.77777807617188
403.44,musicking,507.841949462891,368.925170898438,156.66667175293,0.0,osc_received,"value_[1, ""platform_pan_nav""]"
403.489,jump_input_released,513.841979980469,368.925170898438,180.0,0.0,Jump,released
403.856,move_left_pressed,521.67529296875,368.925170898438,-33.3333320617676,0.0,Move_Left,pressed
404.133,move_right_pressed,487.508636474609,368.925170898438,33.3333320617676,0.0,Move_Right,pressed
404.374,jump_input_pressed,525.841979980469,369.600952148438,180.0,0.0,Jump,pressed
404.374,jump_executed,525.841979980469,369.600952148438,180.0,-500.0,jump,x_525.841979980469_y_369.600952148438
404.389,jump_peak_reached,528.863830566406,361.2060546875,180.0,-479.222198486328,jump_peak,x_528.863830566406_y_361.2060546875
404.739,jump_input_released,590.85498046875,317.963745117188,13.3333311080933,341.903350830078,Jump,released
404.823,platform_landed,591.077209472656,354.001159667969,0.0,0.0,land_on_platform,platform_scene-1/Tile Map/32_20_layer_Tile Map_tile_32_20_source_1_atlas_18_3
404.824,landed,591.077209472656,354.001159667969,0.0,0.0,land,surface_wood_impact_1.05417712402344
404.825,musicking,591.077209472656,354.001159667969,0.0,0.0,osc_received,"value_[1, ""leaves""]"
405.139,move_right_pressed,591.077209472656,354.001159667969,33.3333320617676,0.0,Move_Right,pressed
405.273,jump_input_pressed,608.412170410156,353.993041992188,180.0,0.0,Jump,pressed
405.273,jump_executed,608.412170410156,353.993041992188,180.0,-500.0,jump,x_608.412170410156_y_353.993041992188
405.489,jump_peak_reached,647.416381835938,277.685394287109,180.0,74.0740737915039,jump_peak,x_647.416381835938_y_277.685394287109
405.665,coin_collected,677.416381835938,317.808837890625,180.0,407.407440185547,collect_coin,coin_coin3_score_6
405.667,sonification,680.416381835938,325.216247558594,180.0,444.444488525391,osc_received,"value_[1, ""coins-with-pitch""]"
405.672,platform_landed,683.416381835938,332.933746337891,180.0,0.0,land_on_platform,platform_scene-1/Tile Map/37_19_layer_Tile Map_tile_37_19_source_1_atlas_1_0
405.672,landed,683.416381835938,332.933746337891,180.0,0.0,land,surface_wood_impact_0.96296307373047
405.757,jump_input_released,695.416381835938,332.933746337891,180.0,0.0,Jump,released
406.056,move_left_pressed,695.925109863281,332.933776855469,-33.3333320617676,0.0,Move_Left,pressed
406.208,move_right_pressed,679.758483886719,332.925262451172,20.0000019073486,0.0,Move_Right,pressed
406.222,jump_input_pressed,680.091796875,332.925262451172,53.3333358764648,0.0,Jump,pressed
406.223,jump_executed,680.091796875,332.925262451172,53.3333358764648,-500.0,jump,x_680.091796875_y_332.925262451172
406.473,jump_input_released,715.092102050781,243.752868652344,180.0,-194.166549682617,Jump,released
406.572,jump_peak_reached,719.925415039062,238.961196899414,0.0,41.2037048339844,jump_peak,x_719.925415039062_y_238.961196899414
406.622,move_left_pressed,719.925415039062,242.873229980469,-15.0,152.314819335938,Move_Left,pressed
406.823,platform_landed,710.314331054688,314.989990234375,0.0,0.0,land_on_platform,platform_scene-1/Tile Map/39_18_layer_Tile Map_tile_39_18_source_1_atlas_0_0
406.824,landed,710.314331054688,314.989990234375,0.0,0.0,land,surface_wood_impact_1.19351867675781
407.172,jump_input_pressed,710.314331054688,314.989990234375,0.0,0.0,Jump,pressed
407.172,jump_executed,710.314331054688,314.989990234375,0.0,-500.0,jump,x_710.314331054688_y_314.989990234375
407.189,move_left_pressed,710.314331054688,306.598297119141,-15.0,-479.222198486328,Move_Left,pressed
407.606,jump_peak_reached,651.814331054688,208.103851318359,-180.0,39.8149261474609,jump_peak,x_651.814331054688_y_208.103851318359
407.623,jump_input_released,648.814331054688,208.767440795898,-96.6666641235352,76.8519668579102,Jump,released
407.773,platform_landed,646.981018066406,242.984771728516,0.0,0.0,land_on_platform,platform_scene-1/Tile Map/35_14_layer_Tile Map_tile_35_14_source_1_atlas_2_0
407.773,landed,646.981018066406,242.984771728516,0.0,0.0,land,surface_wood_impact_0.82037066650391
407.973,move_left_pressed,646.981018066406,242.984771728516,-33.3333320617676,0.0,Move_Left,pressed
408.107,jump_input_pressed,629.647705078125,242.984771728516,-180.0,0.0,Jump,pressed
408.107,jump_executed,629.647705078125,242.984771728516,-180.0,-500.0,jump,x_629.647705078125_y_242.984771728516
408.206,jump_peak_reached,613.196716308594,205.784317016602,-103.196571350098,92.026985168457,jump_peak,x_613.196716308594_y_205.784317016602
408.557,musicking,547.278991699219,379.160552978516,-180.0,869.804931640625,osc_received,"value_[1, ""platform_pan_nav""]"
408.606,jump_input_released,541.278991699219,410.005920410156,-180.0,980.916076660156,Jump,released
408.606,platform_landed,537.416320800781,423.741729736328,-180.0,0.0,land_on_platform,platform_scene-1/Tile Map/30_24_layer_Tile Map_tile_30_24_source_1_atlas_1_0
408.606,landed,537.416320800781,423.741729736328,-180.0,0.0,land,surface_wood_impact_1.96183215332031
408.873,platform_landed,533.801391601562,494.966156005859,0.0,0.0,land_on_platform,platform_scene-1/Tile Map/29_28_layer_Tile Map_tile_29_28_source_1_atlas_2_0
408.873,landed,533.801391601562,494.966156005859,0.0,0.0,land,surface_wood_impact_1.11111120605469
409.34,jump_input_pressed,533.801391601562,494.966156005859,0.0,0.0,Jump,pressed
409.34,jump_executed,533.801391601562,494.966156005859,0.0,-500.0,jump,x_533.801391601562_y_494.966156005859
409.573,move_right_pressed,533.801391601562,409.341522216797,15.0,-214.166549682617,Move_Right,pressed
409.69,jump_input_released,540.801391601562,391.206359863281,120.0,-75.3332214355469,Jump,released
409.773,jump_peak_reached,553.301391601562,388.400817871094,96.6666641235352,45.0371475219727,jump_peak,x_553.301391601562_y_388.400817871094
409.924,platform_landed,555.134704589844,422.995025634766,0.0,0.0,land_on_platform,platform_scene-1/Tile Map/30_24_layer_Tile Map_tile_30_24_source_1_atlas_1_0
409.924,landed,555.134704589844,422.995025634766,0.0,0.0,land,surface_wood_impact_0.75674102783203
410.09,move_left_pressed,555.134704589844,422.995025634766,-33.3333320617676,0.0,Move_Left,pressed
410.091,jump_input_pressed,555.134704589844,422.995025634766,-33.3333320617676,0.0,Jump,pressed
410.091,jump_executed,555.134704589844,422.995025634766,-33.3333320617676,-500.0,jump,x_555.134704589844_y_422.995025634766
410.423,jump_input_released,508.3251953125,320.813171386719,-180.0,-94.9998931884766,Jump,released
410.523,jump_peak_reached,500.491851806641,316.521514892578,0.0,46.2038116455078,jump_peak,x_500.491851806641_y_316.521514892578
410.724,platform_landed,500.491851806641,368.994598388672,0.0,0.0,land_on_platform,platform_scene-1/Tile Map/27_21_layer_Tile Map_tile_27_21_source_1_atlas_2_0
410.724,landed,500.491851806641,368.994598388672,0.0,0.0,land,surface_wood_impact_0.98129663085938
410.839,move_right_pressed,500.491851806641,368.994598388672,33.3333320617676,0.0,Move_Right,pressed
410.89,jump_input_pressed,503.825164794922,368.994598388672,133.33332824707,0.0,Jump,pressed
410.89,jump_executed,503.825164794922,368.994598388672,133.33332824707,-500.0,jump,x_503.825164794922_y_368.994598388672
411.106,jump_peak_reached,541.230834960938,295.685028076172,180.0,74.0740737915039,jump_peak,x_541.230834960938_y_295.685028076172
411.306,platform_landed,580.247924804688,353.946868896484,180.0,0.0,land_on_platform,platform_scene-1/Tile Map/32_20_layer_Tile Map_tile_32_20_source_1_atlas_18_3
411.306,landed,580.247924804688,353.946868896484,180.0,0.0,land,surface_wood_impact_1.037037109375
411.314,musicking,580.247924804688,353.946868896484,180.0,0.0,osc_received,"value_[1, ""leaves""]"
411.339,jump_input_released,583.247924804688,353.946868896484,180.0,0.0,Jump,released
411.674,move_right_pressed,588.081359863281,353.968597412109,33.3333320617676,0.0,Move_Right,pressed
411.856,jump_input_pressed,614.419616699219,354.221221923828,180.0,37.037036895752,Jump,pressed
411.856,jump_executed,614.419616699219,354.221221923828,180.0,-500.0,jump,x_614.419616699219_y_354.221221923828
412.073,jump_peak_reached,653.421142578125,277.684661865234,180.0,74.0740737915039,jump_peak,x_653.421142578125_y_277.684661865234
412.257,platform_landed,689.421142578125,332.933868408203,180.0,0.0,land_on_platform,platform_scene-1/Tile Map/38_19_layer_Tile Map_tile_38_19_source_1_atlas_3_0
412.257,landed,689.421142578125,332.933868408203,180.0,0.0,land,surface_wood_impact_0.96296307373047
412.273,jump_input_released,689.421142578125,332.933868408203,180.0,0.0,Jump,released
412.29,musicking,695.421142578125,332.933868408203,180.0,0.0,osc_received,"value_[1, ""platform_pan_nav""]"
412.356,move_right_pressed,695.925170898438,332.933776855469,33.3333320617676,0.0,Move_Right,pressed
412.49,jump_input_pressed,695.925170898438,332.933776855469,0.0,0.0,Jump,pressed
412.49,jump_executed,695.925170898438,332.933776855469,0.0,-500.0,jump,x_695.925170898438_y_332.933776855469
412.739,jump_input_released,695.924011230469,243.762481689453,0.0,-194.166549682617,Jump,released
412.839,jump_peak_reached,695.924011230469,238.970809936523,0.0,41.2037048339844,jump_peak,x_695.924011230469_y_238.970809936523
412.923,move_right_pressed,695.924011230469,248.577285766602,15.0,226.388885498047,Move_Right,pressed
413.09,platform_landed,703.285095214844,314.999603271484,0.0,0.0,land_on_platform,platform_scene-1/Tile Map/39_18_layer_Tile Map_tile_39_18_source_1_atlas_0_0
413.09,landed,703.285095214844,314.999603271484,0.0,0.0,land,surface_wood_impact_1.19351867675781
413.472,move_left_pressed,703.285095214844,314.999603271484,-33.3333320617676,0.0,Move_Left,pressed
413.523,jump_input_pressed,699.937194824219,315.702728271484,-133.33332824707,0.0,Jump,pressed
413.523,jump_executed,699.937194824219,315.702728271484,-133.33332824707,-500.0,jump,x_699.937194824219_y_315.702728271484
413.889,jump_input_released,654.574951171875,210.643051147461,-96.6666641235352,-55.722110748291,Jump,released
413.956,jump_peak_reached,652.741638183594,209.011581420898,0.0,43.8149261474609,jump_peak,x_652.741638183594_y_209.011581420898
414.106,platform_landed,652.741638183594,242.999221801758,0.0,0.0,land_on_platform,platform_scene-1/Tile Map/36_14_layer_Tile Map_tile_36_14_source_1_atlas_3_0
414.106,landed,652.741638183594,242.999221801758,0.0,0.0,land,surface_wood_impact_0.75429656982422
414.266,move_left_pressed,652.741638183594,242.999221801758,-33.3333320617676,0.0,Move_Left,pressed
414.823,move_left_pressed,643.019409179688,242.933746337891,-33.3333320617676,0.0,Move_Left,pressed
414.889,jump_input_pressed,637.4638671875,242.933746337891,-166.666656494141,0.0,Jump,pressed
414.889,jump_executed,637.4638671875,242.933746337891,-166.666656494141,-500.0,jump,x_637.4638671875_y_242.933746337891
415.331,jump_peak_reached,588.574768066406,136.109283447266,-180.0,39.8149261474609,jump_peak,x_588.574768066406_y_136.109283447266
415.366,jump_input_released,582.574768066406,138.053741455078,-96.6666641235352,113.889007568359,Jump,released
415.489,platform_landed,580.741455078125,170.990203857422,0.0,0.0,land_on_platform,platform_scene-1/Tile Map/32_10_layer_Tile Map_tile_32_10_source_1_atlas_2_0
415.49,landed,580.741455078125,170.990203857422,0.0,0.0,land,surface_wood_impact_0.82037066650391
415.69,move_left_pressed,580.741455078125,170.990203857422,-33.3333320617676,0.0,Move_Left,pressed
416.172,move_right_pressed,571.019226074219,170.932571411133,33.3333320617676,0.0,Move_Right,pressed
416.856,move_left_pressed,596.185852050781,170.932571411133,-33.3333320617676,0.0,Move_Left,pressed
417.298,jump_input_pressed,580.019226074219,170.932571411133,0.0,0.0,Jump,pressed
417.298,jump_executed,580.019226074219,170.932571411133,0.0,-500.0,jump,x_580.019226074219_y_170.932571411133
417.723,jump_peak_reached,580.019226074219,64.0964508056641,0.0,39.8149261474609,jump_peak,x_580.019226074219_y_64.0964508056641
417.756,jump_input_released,580.019226074219,66.040901184082,0.0,113.889007568359,Jump,released
418.023,platform_landed,580.019226074219,170.979827880859,0.0,0.0,land_on_platform,platform_scene-1/Tile Map/32_10_layer_Tile Map_tile_32_10_source_1_atlas_2_0
418.023,landed,580.019226074219,170.979827880859,0.0,0.0,land,surface_wood_impact_1.41296337890625
418.172,jump_input_pressed,580.019226074219,170.979827880859,0.0,0.0,Jump,pressed
418.173,jump_executed,580.019226074219,170.979827880859,0.0,-500.0,jump,x_580.019226074219_y_170.979827880859
418.257,move_left_pressed,580.019226074219,132.704391479492,-15.0,-396.666595458984,Move_Left,pressed
418.606,jump_peak_reached,533.519226074219,64.1025695800781,-180.0,39.8149261474609,jump_peak,x_533.519226074219_y_64.1025695800781
418.673,jump_input_released,521.519226074219,70.4606018066406,-96.6666641235352,187.963073730469,Jump,released
418.706,platform_landed,519.685913085938,80.9770431518555,0.0,0.0,land_on_platform,platform_scene-1/Tile Map/28_5_layer_Tile Map_tile_28_5_source_1_atlas_1_0
418.706,landed,519.685913085938,80.9770431518555,0.0,0.0,land,surface_wood_impact_0.52407427978516
418.731,musicking,519.685913085938,80.9770431518555,0.0,0.0,osc_received,"value_[1, ""platform_pan_nav""]"
418.873,move_left_pressed,519.685913085938,80.9770431518555,-33.3333320617676,0.0,Move_Left,pressed
419.24,coin_collected,460.328765869141,137.688949584961,-180.0,481.481536865234,collect_coin,coin_coin5_score_8
419.243,sonification,457.328765869141,146.330932617188,-180.0,518.5185546875,osc_received,"value_[1, ""coins-with-pitch""]"
419.257,platform_landed,454.328765869141,152.93327331543,-180.0,0.0,land_on_platform,platform_scene-1/Tile Map/25_9_layer_Tile Map_tile_25_9_source_1_atlas_2_0
419.257,landed,454.328765869141,152.93327331543,-180.0,0.0,land,surface_wood_impact_1.11111120605469
419.706,jump_input_pressed,440.074859619141,152.933776855469,0.0,0.0,Jump,pressed
419.706,jump_executed,440.074859619141,152.933776855469,0.0,-500.0,jump,x_440.074859619141_y_152.933776855469
419.856,jump_input_released,440.075958251953,90.2809982299805,0.0,-314.999908447266,Jump,released
419.957,jump_peak_reached,440.075958251953,85.4893341064453,0.0,41.2037048339844,jump_peak,x_440.075958251953_y_85.4893341064453
419.992,move_left_pressed,440.075958251953,87.4800796508789,-15.0,115.277786254883,Move_Left,pressed
420.165,platform_landed,436.325958251953,135.830383300781,0.0,0.0,land_on_platform,platform_scene-1/Tile Map/23_8_layer_Tile Map_tile_23_8_source_1_atlas_0_0
420.165,landed,436.325958251953,135.830383300781,0.0,0.0,land,surface_wood_impact_0.97129644775391
420.458,move_left_pressed,436.325958251953,135.830383300781,-33.3333320617676,0.0,Move_Left,pressed
421.008,move_left_pressed,423.506530761719,134.998046875,-33.3333320617676,0.0,Move_Left,pressed
421.008,jump_input_pressed,423.506530761719,134.998046875,-33.3333320617676,0.0,Jump,pressed
421.008,jump_executed,423.506530761719,134.998046875,-33.3333320617676,-500.0,jump,x_423.506530761719_y_134.998046875
421.44,jump_peak_reached,358.696807861328,28.1051998138428,-180.0,39.8149261474609,jump_peak,x_358.696807861328_y_28.1051998138428
421.508,jump_input_released,346.696807861328,34.4632339477539,-180.0,187.963073730469,Jump,released
421.64,platform_landed,341.863464355469,80.9705352783203,0.0,0.0,land_on_platform,platform_scene-1/Tile Map/18_5_layer_Tile Map_tile_18_5_source_1_atlas_13_0
421.64,landed,341.863464355469,80.9705352783203,0.0,0.0,land,surface_wood_impact_0.96851885986328
421.79,move_left_pressed,341.863464355469,80.9705352783203,-33.3333320617676,0.0,Move_Left,pressed
421.791,sonification,341.307922363281,80.9705352783203,-33.3333320617676,0.0,osc_received,"value_[1, ""mushrooms""]"
421.925,sonification,328.696807861328,80.9705352783203,0.0,0.0,osc_received,"value_[1, ""mushrooms""]"
421.956,move_left_pressed,328.696807861328,80.9705352783203,-33.3333320617676,0.0,Move_Left,pressed
421.956,sonification,328.141265869141,80.9705352783203,-33.3333320617676,0.0,osc_received,"value_[1, ""mushrooms""]"
422.089,move_left_pressed,315.530151367188,80.9300308227539,-46.6666641235352,0.0,Move_Left,pressed
422.389,jump_input_pressed,267.085693359375,80.9300308227539,-180.0,0.0,Jump,pressed
422.39,jump_executed,267.085693359375,80.9300308227539,-180.0,-500.0,jump,x_267.085693359375_y_80.9300308227539
422.39,sonification,264.084014892578,72.5911254882812,-180.0,-500.055541992188,osc_received,"value_[1, ""mushrooms""]"
422.589,move_left_pressed,262.250671386719,3.50502395629883,-15.0,-254.333206176758,Move_Left,pressed
422.674,jump_input_released,258.500671386719,-14.4162626266479,-90.0,-154.333221435547,Jump,released
422.773,jump_peak_reached,245.750671386719,-19.2079296112061,-180.0,41.2037048339844,jump_peak,x_245.750671386719_y_-19.2079296112061
423.057,platform_landed,191.750671386719,80.932991027832,-180.0,0.0,land_on_platform,platform_scene-1/Tile Map/10_5_layer_Tile Map_tile_10_5_source_1_atlas_13_0
423.057,landed,191.750671386719,80.932991027832,-180.0,0.0,land,surface_wood_impact_1.34166687011719
423.058,sonification,191.750671386719,80.932991027832,-180.0,0.0,osc_received,"value_[1, ""mushrooms""]"
423.124,sonification,186.917327880859,80.932991027832,0.0,0.0,osc_received,"value_[1, ""mushrooms""]"
423.223,move_left_pressed,186.917327880859,80.932991027832,-33.3333320617676,0.0,Move_Left,pressed
423.223,sonification,186.361770629883,80.932991027832,-33.3333320617676,0.0,osc_received,"value_[1, ""mushrooms""]"
423.373,jump_input_pressed,166.583984375,80.932991027832,-180.0,0.0,Jump,pressed
423.373,jump_executed,166.583984375,80.932991027832,-180.0,-500.0,jump,x_166.583984375_y_80.932991027832
423.373,sonification,163.581481933594,72.591796875,-180.0,-500.055541992188,osc_received,"value_[1, ""mushrooms""]"
423.724,jump_input_released,103.581481933594,-22.7970657348633,-180.0,-75.3332214355469,Jump,released
423.806,jump_peak_reached,89.9703674316406,-25.602611541748,-13.3333311080933,45.0371475219727,jump_peak,x_89.9703674316406_y_-25.602611541748
423.924,move_left_pressed,89.7481460571289,-7.38531398773193,-15.0,304.296417236328,Move_Left,pressed
424.09,platform_landed,73.2493591308594,80.9316024780273,-165.0,0.0,land_on_platform,platform_scene-1/Tile Map/4_5_layer_Tile Map_tile_4_5_source_1_atlas_12_0
424.09,landed,73.2493591308594,80.9316024780273,-165.0,0.0,land,surface_wood_impact_1.34933374023438
424.092,sonification,73.2493591308594,80.9316024780273,-165.0,0.0,osc_received,"value_[1, ""mushrooms""]"
424.374,sonification,29.4160346984863,80.9316024780273,0.0,0.0,osc_received,"value_[1, ""mushrooms""]"
424.491,move_left_pressed,29.4160346984863,80.9316024780273,-33.3333320617676,0.0,Move_Left,pressed
424.498,sonification,28.8604793548584,80.9316024780273,-33.3333320617676,0.0,osc_received,"value_[1, ""mushrooms""]"
424.7,sonification,4.2493691444397,80.9316024780273,0.0,0.0,osc_received,"value_[1, ""mushrooms""]"
424.741,move_left_pressed,4.2493691444397,80.9316024780273,-33.3333320617676,0.0,Move_Left,pressed
424.742,sonification,3.69381356239319,80.9316024780273,-33.3333320617676,0.0,osc_received,"value_[1, ""mushrooms""]"
424.773,sonification,2.58270239830017,80.9316024780273,0.0,0.0,osc_received,"value_[1, ""mushrooms""]"
424.941,move_right_pressed,2.58270239830017,80.9316024780273,33.3333320617676,0.0,Move_Right,pressed
424.947,sonification,3.13825798034668,80.9316024780273,33.3333320617676,0.0,osc_received,"value_[1, ""mushrooms""]"
425.474,jump_input_pressed,91.9160385131836,80.9316024780273,180.0,0.0,Jump,pressed
425.474,jump_executed,91.9160385131836,80.9316024780273,180.0,-500.0,jump,x_91.9160385131836_y_80.9316024780273
425.481,sonification,94.9181442260742,72.5914840698242,180.0,-500.055541992188,osc_received,"value_[1, ""mushrooms""]"
425.489,jump_peak_reached,94.9181442260742,72.5914840698242,180.0,-479.222198486328,jump_peak,x_94.9181442260742_y_72.5914840698242
425.773,jump_input_released,145.918151855469,-17.0047912597656,180.0,-134.499893188477,Jump,released
426.057,move_right_pressed,156.751495361328,19.7081775665283,15.0,448.611175537109,Move_Right,pressed
426.158,platform_landed,163.752288818359,80.9258575439453,105.0,0.0,land_on_platform,platform_scene-1/Tile Map/9_5_layer_Tile Map_tile_9_5_source_1_atlas_13_0
426.158,landed,163.752288818359,80.9258575439453,105.0,0.0,land,surface_wood_impact_1.34166687011719
426.159,sonification,163.752288818359,80.9258575439453,105.0,0.0,osc_received,"value_[1, ""mushrooms""]"
426.358,jump_input_pressed,195.918960571289,80.9258575439453,180.0,0.0,Jump,pressed
426.359,jump_executed,195.918960571289,80.9258575439453,180.0,-500.0,jump,x_195.918960571289_y_80.9258575439453
426.365,sonification,198.919479370117,72.5901641845703,180.0,-500.055541992188,osc_received,"value_[1, ""mushrooms""]"
426.789,jump_peak_reached,273.919494628906,-25.9042453765869,96.6666641235352,39.8149261474609,jump_peak,x_273.919494628906_y_-25.9042453765869
426.79,jump_input_released,273.919494628906,-25.9042453765869,96.6666641235352,39.8149261474609,Jump,released
427.09,platform_landed,275.752838134766,80.9791412353516,0.0,0.0,land_on_platform,platform_scene-1/Tile Map/15_5_layer_Tile Map_tile_15_5_source_1_atlas_13_0
427.09,landed,275.752838134766,80.9791412353516,0.0,0.0,land,surface_wood_impact_1.41296337890625
427.339,move_right_pressed,275.752838134766,80.9791412353516,33.3333320617676,0.0,Move_Right,pressed
427.34,sonification,276.308380126953,80.9791412353516,33.3333320617676,0.0,osc_received,"value_[1, ""mushrooms""]"
427.656,jump_input_pressed,326.086151123047,80.9791412353516,180.0,0.0,Jump,pressed
427.656,jump_executed,326.086151123047,80.9791412353516,180.0,-500.0,jump,x_326.086151123047_y_80.9791412353516
427.659,sonification,329.101440429688,72.6023941040039,180.0,-500.055541992188,osc_received,"value_[1, ""mushrooms""]"
428.089,jump_peak_reached,404.101440429688,-25.8920154571533,180.0,39.8149261474609,jump_peak,x_404.101440429688_y_-25.8920154571533
428.19,platform_landed,425.101440429688,-9.06629180908203,180.0,0.0,land_on_platform,platform_scene-1/Tile Map/23_0_layer_Tile Map_tile_23_0_source_1_atlas_13_7
428.191,landed,425.101440429688,-9.06629180908203,180.0,0.0,land,surface_wood_impact_0.52407427978516
428.191,musicking,425.101440429688,-9.06629180908203,180.0,0.0,osc_received,"value_[1, ""cloud""]"
428.208,musicking,428.101440429688,-9.06629180908203,180.0,0.0,osc_received,"value_[1, ""platform_pan_nav""]"
428.339,jump_input_released,449.101440429688,-9.06629180908203,96.6666641235352,0.0,Jump,released
428.889,move_left_pressed,450.934783935547,-9.06629180908203,-33.3333320617676,0.0,Move_Left,pressed
429.924,move_right_pressed,419.768127441406,-9.07474231719971,33.3333320617676,0.0,Move_Right,pressed
429.959,jump_input_pressed,421.434783935547,-9.07474231719971,100.0,0.0,Jump,pressed
429.959,jump_executed,421.434783935547,-9.07474231719971,100.0,-500.0,jump,x_421.434783935547_y_-9.07474231719971
430.39,jump_peak_reached,425.546081542969,-115.904449462891,0.0,39.8149261474609,jump_peak,x_425.546081542969_y_-115.904449462891
430.44,jump_input_released,425.546081542969,-112.061851501465,0.0,150.926040649414,Jump,released
430.69,platform_landed,425.546081542969,-9.0210599899292,0.0,0.0,land_on_platform,platform_scene-1/Tile Map/23_0_layer_Tile Map_tile_23_0_source_1_atlas_13_7
430.691,landed,425.546081542969,-9.0210599899292,0.0,0.0,land,surface_wood_impact_1.41296337890625
430.692,musicking,425.546081542969,-9.0210599899292,0.0,0.0,osc_received,"value_[1, ""cloud""]"
431.124,move_right_pressed,425.546081542969,-9.0210599899292,33.3333320617676,0.0,Move_Right,pressed
431.373,jump_input_pressed,463.87939453125,-9.06888008117676,180.0,0.0,Jump,pressed
431.373,jump_executed,463.87939453125,-9.06888008117676,180.0,-500.0,jump,x_463.87939453125_y_-9.06888008117676
431.59,jump_peak_reached,502.882507324219,-82.3130340576172,180.0,74.0740737915039,jump_peak,x_502.882507324219_y_-82.3130340576172
431.907,jump_input_released,542.925170898438,46.6993255615234,135.0,777.777893066406,Jump,released
431.94,platform_landed,550.425170898438,80.9326705932617,165.0,0.0,land_on_platform,platform_scene-1/Tile Map/30_5_layer_Tile Map_tile_30_5_source_1_atlas_3_0
431.94,landed,550.425170898438,80.9326705932617,165.0,0.0,land,surface_wood_impact_1.70370397949219
432.524,move_left_pressed,555.258483886719,80.9326705932617,-33.3333320617676,0.0,Move_Left,pressed
433.008,move_right_pressed,530.091857910156,80.9326705932617,33.3333320617676,0.0,Move_Right,pressed
433.174,jump_input_pressed,553.425170898438,80.9326705932617,180.0,0.0,Jump,pressed
433.175,jump_executed,553.425170898438,80.9326705932617,180.0,-500.0,jump,x_553.425170898438_y_80.9326705932617
433.606,jump_peak_reached,631.427551269531,-25.902681350708,180.0,39.8149261474609,jump_peak,x_631.427551269531_y_-25.902681350708
433.624,jump_input_released,634.427551269531,-25.2390995025635,96.6666641235352,76.8519668579102,Jump,released
433.823,move_right_pressed,636.260864257812,30.8720397949219,15.0,521.296447753906,Move_Right,pressed
433.84,platform_landed,637.010864257812,44.9327545166016,30.0,0.0,land_on_platform,platform_scene-1/Tile Map/35_3_layer_Tile Map_tile_35_3_source_1_atlas_13_0
433.841,landed,637.010864257812,44.9327545166016,30.0,0.0,land,surface_wood_impact_1.1166669921875
433.842,sonification,637.010864257812,44.9327545166016,30.0,0.0,osc_received,"value_[1, ""mushrooms""]"
433.875,musicking,639.677490234375,44.9327545166016,96.6666641235352,0.0,osc_received,"value_[1, ""platform_pan_nav""]"
434.139,jump_input_pressed,683.56640625,44.9327545166016,180.0,0.0,Jump,pressed
434.14,jump_executed,683.56640625,44.9327545166016,180.0,-500.0,jump,x_683.56640625_y_44.9327545166016
434.148,sonification,686.56884765625,36.5917472839355,180.0,-500.055541992188,osc_received,"value_[1, ""mushrooms""]"
434.34,jump_input_released,719.56884765625,-32.4943504333496,180.0,-254.333206176758,Jump,released
434.44,jump_peak_reached,737.56884765625,-37.286018371582,180.0,41.2037048339844,jump_peak,x_737.56884765625_y_-37.286018371582
434.7,platform_landed,781.402160644531,44.9337615966797,13.3333311080933,0.0,land_on_platform,platform_scene-1/Tile Map/43_3_layer_Tile Map_tile_43_3_source_1_atlas_13_0
434.7,landed,781.402160644531,44.9337615966797,13.3333311080933,0.0,land,surface_wood_impact_1.19351867675781
434.701,sonification,781.402160644531,44.9337615966797,13.3333311080933,0.0,osc_received,"value_[1, ""mushrooms""]"
434.707,sonification,781.402160644531,44.9337615966797,0.0,0.0,osc_received,"value_[1, ""mushrooms""]"
434.773,move_right_pressed,781.402160644531,44.9337615966797,33.3333320617676,0.0,Move_Right,pressed
434.781,sonification,781.957702636719,44.9337615966797,33.3333320617676,0.0,osc_received,"value_[1, ""mushrooms""]"
434.941,move_left_pressed,803.346557617188,44.9337615966797,0.0,0.0,Move_Left,pressed
434.948,sonification,803.346557617188,44.9337615966797,0.0,0.0,osc_received,"value_[1, ""mushrooms""]"
434.957,sonification,802.791015625,44.9337615966797,-33.3333320617676,0.0,osc_received,"value_[1, ""mushrooms""]"
435.291,jump_input_pressed,750.013244628906,44.9337615966797,-180.0,0.0,Jump,pressed
435.291,jump_executed,750.013244628906,44.9337615966797,-180.0,-500.0,jump,x_750.013244628906_y_44.9337615966797
435.293,sonification,747.010559082031,36.5919799804688,-180.0,-500.055541992188,osc_received,"value_[1, ""mushrooms""]"
435.723,jump_peak_reached,672.010559082031,-61.9024200439453,-180.0,39.8149261474609,jump_peak,x_672.010559082031_y_-61.9024200439453
435.723,jump_input_released,672.010559082031,-61.9024200439453,-180.0,39.8149261474609,Jump,released
435.891,platform_landed,667.17724609375,-27.0214824676514,0.0,0.0,land_on_platform,platform_scene-1/Tile Map/37_-1_layer_Tile Map_tile_37_-1_source_1_atlas_15_7
435.891,landed,667.17724609375,-27.0214824676514,0.0,0.0,land,surface_wood_impact_0.82037066650391
435.892,musicking,667.17724609375,-27.0214824676514,0.0,0.0,osc_received,"value_[1, ""cloud""]"
436.057,move_left_pressed,667.17724609375,-27.0214824676514,-33.3333320617676,0.0,Move_Left,pressed
436.057,jump_input_pressed,667.17724609375,-27.0214824676514,-33.3333320617676,0.0,Jump,pressed
436.057,jump_executed,667.17724609375,-27.0214824676514,-33.3333320617676,-500.0,jump,x_667.17724609375_y_-27.0214824676514
436.49,jump_peak_reached,602.368225097656,-133.903594970703,-180.0,39.8149261474609,jump_peak,x_602.368225097656_y_-133.903594970703
436.606,jump_input_released,581.368225097656,-116.295547485352,-180.0,299.074188232422,Jump,released
436.725,platform_landed,558.758361816406,-63.0704727172852,-96.6666641235352,0.0,land_on_platform,platform_scene-1/Tile Map/30_-3_layer_Tile Map_tile_30_-3_source_1_atlas_1_0
436.725,landed,558.758361816406,-63.0704727172852,-96.6666641235352,0.0,land,surface_wood_impact_1.1166669921875
437.056,jump_input_pressed,558.5361328125,-63.0704727172852,0.0,0.0,Jump,pressed
437.056,jump_executed,558.5361328125,-63.0704727172852,0.0,-500.0,jump,x_558.5361328125_y_-63.0704727172852
437.19,move_left_pressed,558.5361328125,-120.130851745605,-15.0,-335.333251953125,Move_Left,pressed
437.408,jump_input_released,536.0361328125,-166.798461914062,-180.0,-75.3332214355469,Jump,released
437.49,jump_peak_reached,521.0361328125,-169.60400390625,-180.0,45.0371475219727,jump_peak,x_521.0361328125_y_-169.60400390625
437.656,coin_collected,491.0361328125,-134.320022583008,-180.0,378.370513916016,collect_coin,coin_coin9_score_10
437.657,sonification,489.425018310547,-127.396560668945,-96.6666641235352,415.407562255859,osc_received,"value_[1, ""coins-with-pitch""]"
437.691,platform_landed,489.202789306641,-117.019630432129,0.0,0.0,land_on_platform,platform_scene-1/Tile Map/27_-6_layer_Tile Map_tile_27_-6_source_1_atlas_2_0
437.691,landed,489.202789306641,-117.019630432129,0.0,0.0,land,surface_wood_impact_0.97896331787109
437.707,musicking,489.202789306641,-117.019630432129,0.0,0.0,osc_received,"value_[1, ""platform_pan_nav""]"
437.993,move_right_pressed,489.202789306641,-117.019630432129,33.3333320617676,0.0,Move_Right,pressed
438.123,jump_input_pressed,506.536102294922,-117.019630432129,180.0,0.0,Jump,pressed
438.124,jump_executed,506.536102294922,-117.019630432129,180.0,-500.0,jump,x_506.536102294922_y_-117.019630432129
438.273,jump_input_released,511.385070800781,-179.7158203125,0.0,-314.999908447266,Jump,released
438.373,jump_peak_reached,511.385070800781,-184.50749206543,0.0,41.2037048339844,jump_peak,x_511.385070800781_y_-184.50749206543
438.458,move_right_pressed,511.385070800781,-174.901016235352,15.0,226.388885498047,Move_Right,pressed
438.574,platform_landed,516.831176757812,-132.221740722656,120.0,0.0,land_on_platform,platform_scene-1/Tile Map/29_-7_layer_Tile Map_tile_29_-7_source_1_atlas_0_0
438.574,landed,516.831176757812,-132.221740722656,120.0,0.0,land,surface_wood_impact_0.97129644775391
438.725,platform_landed,515.908569335938,-117.000946044922,0.0,0.0,land_on_platform,platform_scene-1/Tile Map/28_-6_layer_Tile Map_tile_28_-6_source_1_atlas_3_0
438.725,landed,515.908569335938,-117.000946044922,0.0,0.0,land,surface_wood_impact_0.51851849365234
438.99,jump_input_pressed,515.908569335938,-117.000946044922,0.0,0.0,Jump,pressed
438.991,jump_executed,515.908569335938,-117.000946044922,0.0,-500.0,jump,x_515.908569335938_y_-117.000946044922
439.04,move_right_pressed,515.908569335938,-141.03385925293,15.0,-437.833282470703,Move_Right,pressed
439.156,jump_input_released,521.269653320312,-184.978286743164,0.0,-294.722106933594,Jump,released
439.257,jump_peak_reached,521.269653320312,-189.769958496094,0.0,41.2037048339844,jump_peak,x_521.269653320312_y_-189.769958496094
439.456,platform_landed,521.269653320312,-134.812728881836,0.0,0.0,land_on_platform,platform_scene-1/Tile Map/29_-7_layer_Tile Map_tile_29_-7_source_1_atlas_0_0
439.456,landed,521.269653320312,-134.812728881836,0.0,0.0,land,surface_wood_impact_0.97129644775391
439.473,move_right_pressed,521.269653320312,-134.812728881836,33.3333320617676,0.0,Move_Right,pressed
440.007,move_left_pressed,540.404296875,-135.069091796875,-33.3333320617676,0.0,Move_Left,pressed
440.09,jump_input_pressed,532.070983886719,-135.069091796875,-180.0,0.0,Jump,pressed
440.09,jump_executed,532.070983886719,-135.069091796875,-180.0,-500.0,jump,x_532.070983886719_y_-135.069091796875
440.44,jump_input_released,469.069091796875,-238.797561645508,-180.0,-75.3332214355469,Jump,released
440.523,jump_peak_reached,461.235748291016,-241.603103637695,0.0,45.0371475219727,jump_peak,x_461.235748291016_y_-241.603103637695
440.673,platform_landed,461.235748291016,-207.008865356445,0.0,0.0,land_on_platform,platform_scene-1/Tile Map/25_-11_layer_Tile Map_tile_25_-11_source_1_atlas_2_0
440.673,landed,461.235748291016,-207.008865356445,0.0,0.0,land,surface_wood_impact_0.75674102783203
441.306,move_right_pressed,461.235748291016,-207.008865356445,33.3333320617676,0.0,Move_Right,pressed
441.674,jump_input_pressed,464.846832275391,-207.008865356445,0.0,0.0,Jump,pressed
441.675,jump_executed,464.846832275391,-207.008865356445,0.0,-500.0,jump,x_464.846832275391_y_-207.008865356445
441.89,move_left_pressed,464.846832275391,-288.738555908203,-15.0,-234.222106933594,Move_Left,pressed
442.107,jump_peak_reached,442.346832275391,-313.895935058594,-180.0,39.8149261474609,jump_peak,x_442.346832275391_y_-313.895935058594
442.141,jump_input_released,436.346832275391,-311.951507568359,-180.0,113.889007568359,Jump,released
442.207,platform_landed,428.513488769531,-297.021453857422,0.0,0.0,land_on_platform,platform_scene-1/Tile Map/23_-16_layer_Tile Map_tile_23_-16_source_1_atlas_2_0
442.207,landed,428.513488769531,-297.021453857422,0.0,0.0,land,surface_wood_impact_0.52407427978516
442.224,musicking,428.513488769531,-297.021453857422,0.0,0.0,osc_received,"value_[1, ""platform_pan_nav""]"
442.373,move_left_pressed,428.513488769531,-297.021453857422,-33.3333320617676,0.0,Move_Left,pressed
442.806,platform_landed,370.339263916016,-243.006454467773,0.0,0.0,land_on_platform,platform_scene-1/Tile Map/20_-13_layer_Tile Map_tile_20_-13_source_1_atlas_1_0
442.807,landed,370.339263916016,-243.006454467773,0.0,0.0,land,surface_wood_impact_0.96296307373047
443.473,move_left_pressed,370.339263916016,-243.006454467773,-33.3333320617676,0.0,Move_Left,pressed
443.473,jump_input_pressed,370.339263916016,-243.006454467773,-33.3333320617676,0.0,Jump,pressed
443.473,jump_executed,370.339263916016,-243.006454467773,-33.3333320617676,-500.0,jump,x_370.339263916016_y_-243.006454467773
443.673,jump_input_released,347.529815673828,-320.487060546875,-180.0,-254.333206176758,Jump,released
443.758,move_left_pressed,342.696472167969,-325.348175048828,-15.0,4.16666746139526,Move_Left,pressed
443.773,jump_peak_reached,342.446472167969,-325.278717041016,-30.0,41.2037048339844,jump_peak,x_342.446472167969_y_-325.278717041016
443.939,move_left_pressed,340.196472167969,-290.633636474609,-15.0,411.574127197266,Move_Left,pressed
444.107,platform_landed,324.063507080078,-189.117858886719,-165.0,0.0,land_on_platform,platform_scene-1/Tile Map/17_-10_layer_Tile Map_tile_17_-10_source_1_atlas_3_0
444.107,landed,324.063507080078,-189.117858886719,-165.0,0.0,land,surface_wood_impact_1.56388916015625
445.09,move_right_pressed,298.230163574219,-189.066497802734,33.3333320617676,0.0,Move_Right,pressed
445.206,jump_input_pressed,312.5634765625,-189.066497802734,180.0,0.0,Jump,pressed
445.206,jump_executed,312.5634765625,-189.066497802734,180.0,-500.0,jump,x_312.5634765625_y_-189.066497802734
445.557,jump_input_released,374.17724609375,-292.796905517578,13.3333311080933,-75.3332214355469,Jump,released
445.639,jump_peak_reached,374.399475097656,-295.602447509766,0.0,45.0371475219727,jump_peak,x_374.399475097656_y_-295.602447509766
445.841,platform_landed,374.399475097656,-243.018096923828,0.0,0.0,land_on_platform,platform_scene-1/Tile Map/20_-13_layer_Tile Map_tile_20_-13_source_1_atlas_1_0
445.841,landed,374.399475097656,-243.018096923828,0.0,0.0,land,surface_wood_impact_0.97896331787109
445.956,jump_input_pressed,374.399475097656,-243.018096923828,0.0,0.0,Jump,pressed
445.957,jump_executed,374.399475097656,-243.018096923828,0.0,-500.0,jump,x_374.399475097656_y_-243.018096923828
446.007,move_right_pressed,374.399475097656,-267.036071777344,15.0,-437.833282470703,Move_Right,pressed
446.173,jump_input_released,388.149475097656,-324.739776611328,165.0,-234.222106933594,Jump,released
446.273,jump_peak_reached,405.899475097656,-329.531433105469,180.0,41.2037048339844,jump_peak,x_405.899475097656_y_-329.531433105469
446.423,platform_landed,428.732818603516,-297.007751464844,0.0,0.0,land_on_platform,platform_scene-1/Tile Map/23_-16_layer_Tile Map_tile_23_-16_source_1_atlas_2_0
446.423,landed,428.732818603516,-297.007751464844,0.0,0.0,land,surface_wood_impact_0.74907415771484
446.458,musicking,428.732818603516,-297.007751464844,0.0,0.0,osc_received,"value_[1, ""platform_pan_nav""]"
446.74,move_right_pressed,428.732818603516,-297.007751464844,33.3333320617676,0.0,Move_Right,pressed
446.824,jump_input_pressed,437.066131591797,-297.067138671875,180.0,0.0,Jump,pressed
446.824,jump_executed,437.066131591797,-297.067138671875,180.0,-500.0,jump,x_437.066131591797_y_-297.067138671875
447.224,jump_input_released,509.068603515625,-403.648010253906,96.6666641235352,-16.6665554046631,Jump,released
447.257,jump_peak_reached,510.901947021484,-403.856323242188,0.0,41.2038154602051,jump_peak,x_510.901947021484_y_-403.856323242188
447.406,move_right_pressed,510.901947021484,-375.453521728516,15.0,374.537170410156,Move_Right,pressed
447.458,platform_landed,513.401977539062,-351.06640625,60.0,0.0,land_on_platform,platform_scene-1/Tile Map/28_-19_layer_Tile Map_tile_28_-19_source_1_atlas_12_0
447.458,landed,513.401977539062,-351.06640625,60.0,0.0,land,surface_wood_impact_0.97129663085938
447.46,sonification,513.401977539062,-351.06640625,60.0,0.0,osc_received,"value_[1, ""mushrooms""]"
447.757,sonification,557.568603515625,-351.074737548828,0.0,0.0,osc_received,"value_[1, ""mushrooms""]"
448.006,move_right_pressed,557.568603515625,-351.074737548828,33.3333320617676,0.0,Move_Right,pressed
448.014,sonification,558.124145507812,-351.074737548828,33.3333320617676,0.0,osc_received,"value_[1, ""mushrooms""]"
448.057,sonification,563.1416015625,-350.738800048828,133.33332824707,0.0,osc_received,"value_[1, ""mushrooms""]"
448.34,platform_landed,576.1416015625,-257.995513916016,0.0,0.0,land_on_platform,platform_scene-1/Tile Map/32_-14_layer_Tile Map_tile_32_-14_source_1_atlas_19_3
448.34,landed,576.1416015625,-257.995513916016,0.0,0.0,land,surface_wood_impact_1.25925939941406
448.341,musicking,576.1416015625,-257.995513916016,0.0,0.0,osc_received,"value_[1, ""leaves""]"
448.923,move_right_pressed,576.1416015625,-257.995513916016,33.3333320617676,0.0,Move_Right,pressed
449.006,jump_input_pressed,584.471618652344,-258.021026611328,180.0,0.0,Jump,pressed
449.006,jump_executed,584.471618652344,-258.021026611328,180.0,-500.0,jump,x_584.471618652344_y_-258.021026611328
449.023,jump_peak_reached,587.482543945312,-266.385681152344,180.0,-479.222198486328,jump_peak,x_587.482543945312_y_-266.385681152344
449.54,jump_input_released,680.482543945312,-351.639343261719,96.6666641235352,262.037139892578,Jump,released
449.541,platform_landed,682.099060058594,-347.9951171875,96.6666641235352,0.0,land_on_platform,platform_scene-1/Tile Map/37_-19_layer_Tile Map_tile_37_-19_source_1_atlas_19_3
449.541,landed,682.099060058594,-347.9951171875,96.6666641235352,0.0,land,surface_wood_impact_0.52407427978516
449.548,musicking,682.099060058594,-347.9951171875,96.6666641235352,0.0,osc_received,"value_[1, ""leaves""]"
449.558,musicking,682.321411132812,-347.9951171875,13.3333311080933,0.0,osc_received,"value_[1, ""platform_pan_nav""]"
449.673,move_left_pressed,682.321411132812,-347.9951171875,-33.3333320617676,0.0,Move_Left,pressed
450.208,jump_input_pressed,657.155700683594,-348.056793212891,0.0,0.0,Jump,pressed
450.208,jump_executed,657.155700683594,-348.056793212891,0.0,-500.0,jump,x_657.155700683594_y_-348.056793212891
450.472,move_left_pressed,657.155700683594,-440.497283935547,-15.0,-174.222106933594,Move_Left,pressed
450.641,jump_peak_reached,643.405700683594,-454.903747558594,-165.0,39.8149261474609,jump_peak,x_643.405700683594_y_-454.903747558594
450.641,jump_input_released,643.405700683594,-454.903747558594,-165.0,39.8149261474609,Jump,released
450.707,coin_collected,631.655700683594,-448.545715332031,-180.0,150.926040649414,collect_coin,coin_coin11_score_12
450.709,sonification,630.044616699219,-445.412994384766,-96.6666641235352,187.963073730469,osc_received,"value_[1, ""coins-with-pitch""]"
450.807,platform_landed,629.822387695312,-419.982757568359,0.0,0.0,land_on_platform,platform_scene-1/Tile Map/34_-23_layer_Tile Map_tile_34_-23_source_1_atlas_17_3
450.807,landed,629.822387695312,-419.982757568359,0.0,0.0,land,surface_wood_impact_0.82037066650391
450.815,musicking,629.822387695312,-419.982757568359,0.0,0.0,osc_received,"value_[1, ""leaves""]"
451.092,move_left_pressed,629.822387695312,-419.982757568359,-33.3333320617676,0.0,Move_Left,pressed
451.19,jump_input_pressed,618.489196777344,-420.0498046875,-180.0,0.0,Jump,pressed
451.19,jump_executed,618.489196777344,-420.0498046875,-180.0,-500.0,jump,x_618.489196777344_y_-420.0498046875
451.623,jump_peak_reached,540.479797363281,-526.904602050781,-180.0,39.8149261474609,jump_peak,x_540.479797363281_y_-526.904602050781
451.89,platform_landed,489.486846923828,-438.064483642578,-180.0,0.0,land_on_platform,platform_scene-1/Tile Map/27_-24_layer_Tile Map_tile_27_-24_source_1_atlas_13_6
451.89,landed,489.486846923828,-438.064483642578,-180.0,0.0,land,surface_wood_impact_1.26481518554687
451.891,musicking,489.486846923828,-438.064483642578,-180.0,0.0,osc_received,"value_[1, ""water-tube""]"
451.94,jump_input_released,483.486907958984,-438.049163818359,-180.0,0.0,Jump,released
455.256,jump_input_pressed,-63.9250640869141,-438.058288574219,0.0,0.0,Jump,pressed
455.256,jump_executed,-63.9250640869141,-438.058288574219,0.0,-500.0,jump,x_-63.9250640869141_y_-438.058288574219
455.423,move_right_pressed,-63.9240188598633,-505.970336914062,15.0,-294.722106933594,Move_Right,pressed
455.69,jump_peak_reached,-32.4240188598633,-544.886901855469,180.0,39.8149261474609,jump_peak,x_-32.4240188598633_y_-544.886901855469
455.857,jump_input_released,-2.4240186214447,-510.473297119141,180.0,410.185333251953,Jump,released
455.992,platform_landed,24.5901374816895,-438.060821533203,180.0,0.0,land_on_platform,platform_scene-1/Tile Map/1_-24_layer_Tile Map_tile_1_-24_source_1_atlas_13_6
455.992,landed,24.5901374816895,-438.060821533203,180.0,0.0,land,surface_wood_impact_1.41296337890625
455.992,musicking,24.5901374816895,-438.060821533203,180.0,0.0,osc_received,"value_[1, ""water-tube""]"
456.573,jump_input_pressed,126.590713500977,-438.053131103516,180.0,0.0,Jump,pressed
456.573,jump_executed,126.590713500977,-438.053131103516,180.0,-500.0,jump,x_126.590713500977_y_-438.053131103516
457.006,jump_peak_reached,204.59391784668,-544.890686035156,180.0,39.8149261474609,jump_peak,x_204.59391784668_y_-544.890686035156
457.025,jump_input_released,207.59391784668,-544.227111816406,180.0,76.8519668579102,Jump,released
457.306,platform_landed,236.427261352539,-438.007293701172,0.0,0.0,land_on_platform,platform_scene-1/Tile Map/13_-24_layer_Tile Map_tile_13_-24_source_1_atlas_13_6
457.306,landed,236.427261352539,-438.007293701172,0.0,0.0,land,surface_wood_impact_1.41296337890625
457.306,musicking,236.427261352539,-438.007293701172,0.0,0.0,osc_received,"value_[1, ""water-tube""]"
457.39,move_right_pressed,236.427261352539,-438.007293701172,33.3333320617676,0.0,Move_Right,pressed
457.69,jump_input_pressed,283.760803222656,-438.047943115234,180.0,0.0,Jump,pressed
457.69,jump_executed,283.760803222656,-438.047943115234,180.0,-500.0,jump,x_283.760803222656_y_-438.047943115234
458.123,jump_peak_reached,361.764404296875,-544.886596679688,180.0,39.8149261474609,jump_peak,x_361.764404296875_y_-544.886596679688
458.224,jump_input_released,379.764404296875,-531.645874023438,180.0,262.037139892578,Jump,released
458.425,platform_landed,418.779663085938,-438.062744140625,180.0,0.0,land_on_platform,platform_scene-1/Tile Map/23_-24_layer_Tile Map_tile_23_-24_source_1_atlas_13_6
458.425,landed,418.779663085938,-438.062744140625,180.0,0.0,land,surface_wood_impact_1.41296337890625
458.426,musicking,418.779663085938,-438.062744140625,180.0,0.0,osc_received,"value_[1, ""water-tube""]"
459.107,jump_input_pressed,538.148498535156,-439.036041259766,180.0,0.0,Jump,pressed
459.107,jump_executed,538.148498535156,-439.036041259766,180.0,-500.0,jump,x_538.148498535156_y_-439.036041259766
459.54,jump_peak_reached,616.150817871094,-545.871154785156,180.0,39.8149261474609,jump_peak,x_616.150817871094_y_-545.871154785156
459.541,jump_input_released,616.150817871094,-545.871154785156,180.0,39.8149261474609,Jump,released
459.857,platform_landed,623.984130859375,-420.010925292969,0.0,0.0,land_on_platform,platform_scene-1/Tile Map/34_-23_layer_Tile Map_tile_34_-23_source_1_atlas_17_3
459.858,landed,623.984130859375,-420.010925292969,0.0,0.0,land,surface_wood_impact_1.48703747558594
459.858,musicking,623.984130859375,-420.010925292969,0.0,0.0,osc_received,"value_[1, ""leaves""]"
459.898,move_right_pressed,623.984130859375,-420.010925292969,33.3333320617676,0.0,Move_Right,pressed
460.374,move_right_pressed,630.373046875,-420.062591552734,33.3333320617676,0.0,Move_Right,pressed
460.474,jump_input_pressed,641.717346191406,-420.021789550781,180.0,0.0,Jump,pressed
460.474,jump_executed,641.717346191406,-420.021789550781,180.0,-500.0,jump,x_641.717346191406_y_-420.021789550781
460.906,jump_peak_reached,718.332580566406,-526.861938476562,13.3333311080933,39.8149261474609,jump_peak,x_718.332580566406_y_-526.861938476562
460.906,jump_input_released,718.332580566406,-526.861938476562,13.3333311080933,39.8149261474609,Jump,released
461.057,platform_landed,718.554809570312,-495.023498535156,0.0,0.0,land_on_platform,platform_scene-1/Tile Map/39_-27_layer_Tile Map_tile_39_-27_source_1_atlas_2_0
461.057,landed,718.554809570312,-495.023498535156,0.0,0.0,land,surface_wood_impact_0.74629656982422
461.074,musicking,718.554809570312,-495.023498535156,0.0,0.0,osc_received,"value_[1, ""platform_pan_nav""]"
461.408,move_right_pressed,718.554809570312,-495.023498535156,33.3333320617676,0.0,Move_Right,pressed
461.558,jump_input_pressed,738.888122558594,-495.069183349609,180.0,0.0,Jump,pressed
461.558,jump_executed,738.888122558594,-495.069183349609,180.0,-500.0,jump,x_738.888122558594_y_-495.069183349609
461.707,jump_peak_reached,765.891540527344,-550.315368652344,180.0,74.0740737915039,jump_peak,x_765.891540527344_y_-550.315368652344
461.89,jump_input_released,798.891540527344,-502.784515380859,180.0,481.481536865234,Jump,released
461.94,platform_landed,806.996032714844,-472.425140380859,180.0,0.0,land_on_platform,platform_scene-1/Tile Map/45_-26_layer_Tile Map_tile_45_-26_source_1_atlas_14_6
461.94,landed,806.996032714844,-472.425140380859,180.0,0.0,land,surface_wood_impact_1.18518530273438
461.948,musicking,806.996032714844,-472.425140380859,180.0,0.0,osc_received,"value_[1, ""water-tube""]"
462.823,jump_input_pressed,806.2412109375,-469.758483886719,33.3333320617676,0.0,Jump,pressed
462.823,jump_executed,806.2412109375,-469.758483886719,33.3333320617676,-500.0,jump,x_806.2412109375_y_-469.758483886719
462.958,jump_input_released,817.533569335938,-526.854858398438,153.33332824707,-335.333251953125,Jump,released
463.056,jump_peak_reached,834.894653320312,-531.646545410156,180.0,41.2037048339844,jump_peak,x_834.894653320312_y_-531.646545410156
463.24,coin_collected,867.894653320312,-490.141906738281,180.0,411.574127197266,collect_coin,coin_coin17_score_14
463.241,sonification,869.505737304688,-482.6650390625,96.6666641235352,448.611175537109,osc_received,"value_[1, ""coins-with-pitch""]"
463.273,platform_landed,869.727966308594,-474.026428222656,0.0,0.0,land_on_platform,platform_scene-1/Tile Map/48_-26_layer_Tile Map_tile_48_-26_source_1_atlas_13_6
463.273,landed,869.727966308594,-474.026428222656,0.0,0.0,land,surface_wood_impact_1.04537048339844
463.274,musicking,869.727966308594,-474.026428222656,0.0,0.0,osc_received,"value_[1, ""water-tube""]"
463.366,move_left_pressed,869.727966308594,-474.026428222656,-33.3333320617676,0.0,Move_Left,pressed
463.54,coin_collected,843.394653320312,-474.0546875,-180.0,0.0,collect_coin,coin_coin16_score_16
463.548,sonification,840.394653320312,-474.0546875,-180.0,0.0,osc_received,"value_[1, ""coins-with-pitch""]"
463.742,move_right_pressed,838.561340332031,-474.0546875,33.3333320617676,0.0,Move_Right,pressed
464.142,coin_collected,903.901428222656,-474.0546875,180.0,0.0,collect_coin,coin_coin18_score_18
464.142,jump_input_pressed,903.901428222656,-474.0546875,180.0,0.0,Jump,pressed
464.142,jump_executed,903.901428222656,-474.0546875,180.0,-500.0,jump,x_903.901428222656_y_-474.0546875
464.143,sonification,906.906555175781,-482.403198242188,180.0,-500.055541992188,osc_received,"value_[1, ""coins-with-pitch""]"
464.324,jump_input_released,936.906555175781,-546.903198242188,180.0,-274.499877929688,Jump,released
464.424,jump_peak_reached,954.906555175781,-551.694885253906,96.6666641235352,41.2037048339844,jump_peak,x_954.906555175781_y_-551.694885253906
464.575,move_left_pressed,956.739868164062,-523.292114257812,-15.0,374.537078857422,Move_Left,pressed
464.64,coin_collected,954.239868164062,-494.619232177734,-60.0,485.648223876953,collect_coin,coin_coin19_score_20
464.642,sonification,952.989868164062,-485.907806396484,-75.0,522.685241699219,osc_received,"value_[1, ""coins-with-pitch""]"
464.674,platform_landed,949.750793457031,-474.052551269531,-105.0,0.0,land_on_platform,platform_scene-1/Tile Map/52_-26_layer_Tile Map_tile_52_-26_source_1_atlas_13_6
464.674,landed,949.750793457031,-474.052551269531,-105.0,0.0,land,surface_wood_impact_1.19351867675781
464.675,musicking,949.750793457031,-474.052551269531,-105.0,0.0,osc_received,"value_[1, ""water-tube""]"
465.158,move_right_pressed,943.028625488281,-474.052551269531,33.3333320617676,0.0,Move_Right,pressed
465.574,jump_input_pressed,1011.36193847656,-474.052551269531,180.0,0.0,Jump,pressed
465.574,jump_executed,1011.36193847656,-474.052551269531,180.0,-500.0,jump,x_1011.36193847656_y_-474.052551269531
466.007,jump_peak_reached,1037.92529296875,-580.900024414062,15.0,39.8149261474609,jump_peak,x_1037.92529296875_y_-580.900024414062
466.089,move_left_pressed,1037.92529296875,-571.410949707031,0.0,225.000106811523,Move_Left,pressed
466.107,jump_input_released,1037.92529296875,-567.660949707031,-15.0,262.037139892578,Jump,released
466.307,platform_landed,1015.44097900391,-474.060607910156,-180.0,0.0,land_on_platform,platform_scene-1/Tile Map/56_-26_layer_Tile Map_tile_56_-26_source_1_atlas_13_6
466.307,landed,1015.44097900391,-474.060607910156,-180.0,0.0,land,surface_wood_impact_1.41296337890625
466.315,musicking,1015.44097900391,-474.060607910156,-180.0,0.0,osc_received,"value_[1, ""water-tube""]"
466.725,move_right_pressed,953.607727050781,-474.046356201172,33.3333320617676,0.0,Move_Right,pressed
467.14,jump_input_pressed,1021.94110107422,-474.051635742188,180.0,0.0,Jump,pressed
467.14,jump_executed,1021.94110107422,-474.051635742188,180.0,-500.0,jump,x_1021.94110107422_y_-474.051635742188
467.573,jump_peak_reached,1037.92529296875,-580.889587402344,15.0,39.8149261474609,jump_peak,x_1037.92529296875_y_-580.889587402344
467.874,jump_input_released,1037.92529296875,-474.500610351562,15.0,706.481689453125,Jump,released
467.875,platform_landed,1037.99914550781,-474.061981201172,15.0,0.0,land_on_platform,platform_scene-1/Tile Map/58_-27_layer_Tile Map_tile_58_-27_source_1_atlas_0_6
467.875,landed,1037.99914550781,-474.061981201172,15.0,0.0,land,surface_wood_impact_1.41296337890625
467.876,musicking,1037.99914550781,-474.061981201172,15.0,0.0,osc_received,"value_[1, ""water-tube""]"
468.057,move_left_pressed,1037.92529296875,-474.053558349609,-33.3333320617676,0.0,Move_Left,pressed
469.54,move_left_pressed,832.757507324219,-474.062591552734,-33.3333320617676,0.0,Move_Left,pressed
469.599,move_right_pressed,831.090881347656,-474.062591552734,33.3333320617676,0.0,Move_Right,pressed
470.241,move_left_pressed,941.424560546875,-474.063110351562,96.6666641235352,0.0,Move_Left,pressed
471.023,jump_input_pressed,816.649658203125,-474.977661132812,-180.0,0.0,Jump,pressed
471.023,jump_executed,816.649658203125,-474.977661132812,-180.0,-500.0,jump,x_816.649658203125_y_-474.977661132812
471.24,jump_peak_reached,777.627258300781,-550.314636230469,-180.0,74.0740737915039,jump_peak,x_777.627258300781_y_-550.314636230469
471.44,platform_landed,741.885437011719,-494.459808349609,-180.0,0.0,land_on_platform,platform_scene-1/Tile Map/40_-27_layer_Tile Map_tile_40_-27_source_1_atlas_3_0
471.441,landed,741.885437011719,-494.459808349609,-180.0,0.0,land,surface_wood_impact_1.037037109375
471.59,jump_input_released,718.279357910156,-495.066375732422,-180.0,0.0,Jump,released
472.19,move_right_pressed,695.446044921875,-495.066375732422,33.3333320617676,0.0,Move_Right,pressed
472.34,jump_input_pressed,715.779357910156,-495.066375732422,180.0,0.0,Jump,pressed
472.34,jump_executed,715.779357910156,-495.066375732422,180.0,-500.0,jump,x_715.779357910156_y_-495.066375732422
472.773,jump_peak_reached,769.425231933594,-601.902465820312,180.0,39.8149261474609,jump_peak,x_769.425231933594_y_-601.902465820312
472.874,platform_landed,790.425231933594,-585.066345214844,180.0,0.0,land_on_platform,platform_scene-1/Tile Map/43_-32_layer_Tile Map_tile_43_-32_source_1_atlas_2_0
472.874,landed,790.425231933594,-585.066345214844,180.0,0.0,land,surface_wood_impact_0.52407427978516
472.89,jump_input_released,790.425231933594,-585.066345214844,180.0,0.0,Jump,released
473.108,move_left_pressed,804.258544921875,-585.066345214844,-33.3333320617676,0.0,Move_Left,pressed
473.324,jump_input_pressed,771.930236816406,-585.074768066406,-180.0,0.0,Jump,pressed
473.324,jump_executed,771.930236816406,-585.074768066406,-180.0,-500.0,jump,x_771.930236816406_y_-585.074768066406
473.706,jump_input_released,702.929870605469,-691.024780273438,-180.0,-36.1665573120117,Jump,released
473.757,jump_peak_reached,693.929870605469,-691.791442871094,-180.0,42.5371475219727,jump_peak,x_693.929870605469_y_-691.791442871094
474.04,coin_collected,650.096557617188,-595.788635253906,0.0,635.129821777344,collect_coin,coin_coin15_score_22
474.041,platform_landed,650.096557617188,-585.0234375,0.0,0.0,land_on_platform,platform_scene-1/Tile Map/36_-32_layer_Tile Map_tile_36_-32_source_1_atlas_2_0
474.041,landed,650.096557617188,-585.0234375,0.0,0.0,land,surface_wood_impact_1.34433374023437
474.043,sonification,650.096557617188,-585.0234375,0.0,0.0,osc_received,"value_[1, ""coins-with-pitch""]"
474.573,move_left_pressed,650.096557617188,-585.0234375,-33.3333320617676,0.0,Move_Left,pressed
474.59,jump_input_pressed,649.541015625,-585.0234375,-66.6666641235352,0.0,Jump,pressed
474.59,jump_executed,649.541015625,-585.0234375,-66.6666641235352,-500.0,jump,x_649.541015625_y_-585.0234375
474.606,jump_peak_reached,648.423767089844,-593.403503417969,-81.6666641235352,-479.222198486328,jump_peak,x_648.423767089844_y_-593.403503417969
475.056,jump_input_released,573.646179199219,-689.953430175781,-180.0,113.889007568359,Jump,released
475.324,platform_landed,544.812866210938,-585.014526367188,0.0,0.0,land_on_platform,platform_scene-1/Tile Map/30_-32_layer_Tile Map_tile_30_-32_source_1_atlas_2_0
475.324,landed,544.812866210938,-585.014526367188,0.0,0.0,land,surface_wood_impact_1.41296337890625
475.34,musicking,544.812866210938,-585.014526367188,0.0,0.0,osc_received,"value_[1, ""platform_pan_nav""]"
475.659,move_left_pressed,544.812866210938,-585.014526367188,-33.3333320617676,0.0,Move_Left,pressed
475.707,jump_input_pressed,541.479553222656,-585.014526367188,-133.33332824707,0.0,Jump,pressed
475.707,jump_executed,541.479553222656,-585.014526367188,-133.33332824707,-500.0,jump,x_541.479553222656_y_-585.014526367188
476.139,jump_peak_reached,465.076599121094,-691.895751953125,-180.0,39.8149261474609,jump_peak,x_465.076599121094_y_-691.895751953125
476.19,jump_input_released,456.076599121094,-688.053161621094,-180.0,150.926040649414,Jump,released
476.457,platform_landed,433.243255615234,-564.002502441406,0.0,0.0,land_on_platform,platform_scene-1/Tile Map/24_-31_layer_Tile Map_tile_24_-31_source_1_atlas_13_6
476.457,landed,433.243255615234,-564.002502441406,0.0,0.0,land,surface_wood_impact_1.48703747558594
476.465,musicking,433.243255615234,-564.002502441406,0.0,0.0,osc_received,"value_[1, ""water-tube""]"
476.824,move_left_pressed,433.243255615234,-564.002502441406,-33.3333320617676,0.0,Move_Left,pressed
476.923,jump_input_pressed,422.389129638672,-565.325134277344,-180.0,0.0,Jump,pressed
476.923,jump_executed,422.389129638672,-565.325134277344,-180.0,-500.0,jump,x_422.389129638672_y_-565.325134277344
476.94,jump_peak_reached,419.389129638672,-573.659423828125,-180.0,-479.222198486328,jump_peak,x_419.389129638672_y_-573.659423828125
477.375,jump_input_released,341.389129638672,-671.490234375,-180.0,76.8519668579102,Jump,released
477.633,platform_landed,312.555786132812,-582.027648925781,0.0,0.0,land_on_platform,platform_scene-1/Tile Map/17_-32_layer_Tile Map_tile_17_-32_source_1_atlas_13_6
477.633,landed,312.555786132812,-582.027648925781,0.0,0.0,land,surface_wood_impact_1.26481518554687
477.64,musicking,312.555786132812,-582.027648925781,0.0,0.0,osc_received,"value_[1, ""water-tube""]"
477.883,move_left_pressed,312.555786132812,-582.027648925781,-33.3333320617676,0.0,Move_Left,pressed
478.033,jump_input_pressed,292.73828125,-582.976013183594,-180.0,0.0,Jump,pressed
478.033,jump_executed,292.73828125,-582.976013183594,-180.0,-500.0,jump,x_292.73828125_y_-582.976013183594
478.466,jump_peak_reached,214.718505859375,-689.859619140625,-180.0,39.8149261474609,jump_peak,x_214.718505859375_y_-689.859619140625
478.515,jump_input_released,205.718505859375,-686.017028808594,-180.0,150.926040649414,Jump,released
478.757,platform_landed,173.885162353516,-582.389831542969,0.0,0.0,land_on_platform,platform_scene-1/Tile Map/9_-32_layer_Tile Map_tile_9_-32_source_1_atlas_14_6
478.757,landed,173.885162353516,-582.389831542969,0.0,0.0,land,surface_wood_impact_1.41296337890625
478.76,musicking,173.885162353516,-582.389831542969,0.0,0.0,osc_received,"value_[1, ""water-tube""]"
478.775,musicking,173.885162353516,-582.389831542969,0.0,0.0,osc_received,"value_[1, ""platform_pan_nav""]"
479.106,move_left_pressed,173.885162353516,-582.389831542969,-33.3333320617676,0.0,Move_Left,pressed
479.106,jump_input_pressed,173.885162353516,-582.389831542969,-33.3333320617676,0.0,Jump,pressed
479.106,jump_executed,173.885162353516,-582.389831542969,-33.3333320617676,-500.0,jump,x_173.885162353516_y_-582.389831542969
479.507,jump_input_released,115.077331542969,-688.997924804688,-180.0,-16.6665554046631,Jump,released
479.54,jump_peak_reached,109.077331542969,-689.206237792969,-180.0,41.2038154602051,jump_peak,x_109.077331542969_y_-689.206237792969
479.624,move_left_pressed,98.2439956665039,-679.599731445312,-28.3333320617676,226.38899230957,Move_Left,pressed
479.823,coin_collected,96.0773315429688,-593.581176757812,0.0,633.796508789062,collect_coin,coin_coin20_score_24
479.824,platform_landed,96.0773315429688,-585.064758300781,0.0,0.0,land_on_platform,platform_scene-1/Tile Map/5_-32_layer_Tile Map_tile_5_-32_source_1_atlas_3_0
479.824,landed,96.0773315429688,-585.064758300781,0.0,0.0,land,surface_wood_impact_1.34166711425781
479.832,sonification,96.0773315429688,-585.064758300781,0.0,0.0,osc_received,"value_[1, ""coins-with-pitch""]"
479.907,move_left_pressed,96.0773315429688,-585.064758300781,-33.3333320617676,0.0,Move_Left,pressed
480.357,jump_input_pressed,70.9106597900391,-585.074584960938,0.0,0.0,Jump,pressed
480.357,jump_executed,70.9106597900391,-585.074584960938,0.0,-500.0,jump,x_70.9106597900391_y_-585.074584960938
480.373,jump_peak_reached,70.9106597900391,-593.410034179688,0.0,-479.222198486328,jump_peak,x_70.9106597900391_y_-593.410034179688
480.441,move_left_pressed,70.9106597900391,-623.302612304688,-15.0,-396.666595458984,Move_Left,pressed
480.574,jump_input_released,61.9106597900391,-666.7470703125,-135.0,-234.222106933594,Jump,released
480.907,platform_landed,56.0495491027832,-602.94580078125,0.0,0.0,land_on_platform,platform_scene-1/Tile Map/2_-33_layer_Tile Map_tile_2_-33_source_1_atlas_0_0
480.908,landed,56.0495491027832,-602.94580078125,0.0,0.0,land,surface_wood_impact_1.11944458007812
480.924,move_left_pressed,56.0495491027832,-602.94580078125,-33.3333320617676,0.0,Move_Left,pressed
481.366,move_left_pressed,42.8899040222168,-603.07177734375,-33.3333320617676,0.0,Move_Left,pressed
481.407,jump_input_pressed,39.556568145752,-603.07177734375,-133.33332824707,0.0,Jump,pressed
481.408,jump_executed,39.556568145752,-603.07177734375,-133.33332824707,-500.0,jump,x_39.556568145752_y_-603.07177734375
481.624,jump_input_released,2.16675496101379,-684.746520996094,-180.0,-234.222106933594,Jump,released
481.724,jump_peak_reached,-8.666579246521,-689.538208007812,0.0,41.2037048339844,jump_peak,x_-8.666579246521_y_-689.538208007812
481.809,move_right_pressed,-8.666579246521,-679.931701660156,15.0,226.388885498047,Move_Right,pressed
481.923,platform_landed,-3.30546808242798,-636.003723144531,0.0,0.0,land_on_platform,platform_scene-1/Tile Map/-1_-35_layer_Tile Map_tile_-1_-35_source_1_atlas_13_6
481.924,landed,-3.30546808242798,-636.003723144531,0.0,0.0,land,surface_wood_impact_0.97129644775391
481.924,musicking,-3.30546808242798,-636.003723144531,0.0,0.0,osc_received,"value_[1, ""water-tube""]"
482.207,move_right_pressed,-3.30546808242798,-636.003723144531,33.3333320617676,0.0,Move_Right,pressed
482.274,jump_input_pressed,2.25016617774963,-636.051940917969,166.666656494141,0.0,Jump,pressed
482.274,jump_executed,2.25016617774963,-636.051940917969,166.666656494141,-500.0,jump,x_2.25016617774963_y_-636.051940917969
482.39,jump_peak_reached,22.1509323120117,-675.974914550781,167.35432434082,88.3176040649414,jump_peak,x_22.1509323120117_y_-675.974914550781
482.508,jump_input_released,42.9401702880859,-652.708251953125,180.0,347.576873779297,Jump,released
482.573,move_right_pressed,47.7735023498535,-625.832763671875,15.0,495.725067138672,Move_Right,pressed
482.608,platform_landed,49.2735023498535,-603.067260742188,45.0,0.0,land_on_platform,platform_scene-1/Tile Map/2_-33_layer_Tile Map_tile_2_-33_source_1_atlas_0_0
482.608,landed,49.2735023498535,-603.067260742188,45.0,0.0,land,surface_wood_impact_1.13959826660156
483.099,jump_input_pressed,49.2735023498535,-603.067260742188,0.0,0.0,Jump,pressed
483.099,jump_executed,49.2735023498535,-603.067260742188,0.0,-500.0,jump,x_49.2735023498535_y_-603.067260742188
483.108,move_left_pressed,49.2735023498535,-611.4091796875,-15.0,-479.222198486328,Move_Left,pressed
483.307,jump_peak_reached,29.7723693847656,-676.313110351562,-180.0,74.0740737915039,jump_peak,x_29.7723693847656_y_-676.313110351562
483.341,jump_input_released,23.7723693847656,-673.226684570312,-180.0,148.148147583008,Jump,released
483.474,platform_landed,-3.21848201751709,-636.05078125,-180.0,0.0,land_on_platform,platform_scene-1/Tile Map/-1_-35_layer_Tile Map_tile_-1_-35_source_1_atlas_13_6
483.474,landed,-3.21848201751709,-636.05078125,-180.0,0.0,land,surface_wood_impact_0.88888897705078
483.475,musicking,-3.21848201751709,-636.05078125,-180.0,0.0,osc_received,"value_[1, ""water-tube""]"
483.892,jump_input_pressed,-8.05179595947266,-636.061828613281,0.0,0.0,Jump,pressed
483.892,jump_executed,-8.05179595947266,-636.061828613281,0.0,-500.0,jump,x_-8.05179595947266_y_-636.061828613281
484.026,move_right_pressed,-8.05179595947266,-693.120666503906,15.0,-335.333251953125,Move_Right,pressed
484.325,jump_peak_reached,29.4482040405273,-742.893798828125,180.0,39.8149261474609,jump_peak,x_29.4482040405273_y_-742.893798828125
484.325,jump_input_released,29.4482040405273,-742.893798828125,180.0,39.8149261474609,Jump,released
484.474,platform_landed,34.2815361022949,-711.006713867188,0.0,0.0,land_on_platform,platform_scene-1/Tile Map/1_-39_layer_Tile Map_tile_1_-39_source_1_atlas_1_0
484.474,landed,34.2815361022949,-711.006713867188,0.0,0.0,land,surface_wood_impact_0.74629656982422
484.492,musicking,34.2815361022949,-711.006713867188,0.0,0.0,osc_received,"value_[1, ""platform_pan_nav""]"
484.673,jump_input_pressed,34.2815361022949,-711.006713867188,0.0,0.0,Jump,pressed
484.673,jump_executed,34.2815361022949,-711.006713867188,0.0,-500.0,jump,x_34.2815361022949_y_-711.006713867188
484.773,move_left_pressed,34.2815361022949,-755.910461425781,-15.0,-376.166595458984,Move_Left,pressed
485.107,jump_peak_reached,-9.21846389770508,-817.895629882812,-180.0,39.8149261474609,jump_peak,x_-9.21846389770508_y_-817.895629882812
485.14,jump_input_released,-15.2184638977051,-815.951171875,-180.0,113.889007568359,Jump,released
485.207,platform_landed,-20.0517959594727,-801.021179199219,0.0,0.0,land_on_platform,platform_scene-1/Tile Map/-2_-44_layer_Tile Map_tile_-2_-44_source_1_atlas_2_0
485.207,landed,-20.0517959594727,-801.021179199219,0.0,0.0,land,surface_wood_impact_0.52407427978516
485.559,move_right_pressed,-20.0517959594727,-801.021179199219,33.3333320617676,0.0,Move_Right,pressed
485.559,jump_input_pressed,-20.0517959594727,-801.021179199219,33.3333320617676,0.0,Jump,pressed
485.559,jump_executed,-20.0517959594727,-801.021179199219,33.3333320617676,-500.0,jump,x_-20.0517959594727_y_-801.021179199219
485.99,jump_peak_reached,44.7569274902344,-907.897338867188,180.0,39.8149261474609,jump_peak,x_44.7569274902344_y_-907.897338867188
486.224,jump_input_released,86.7569274902344,-842.434326171875,96.6666641235352,558.33349609375,Jump,released
486.257,platform_landed,88.5902633666992,-816.041931152344,0.0,0.0,land_on_platform,platform_scene-1/Tile Map/4_-45_layer_Tile Map_tile_4_-45_source_1_atlas_14_6
486.257,landed,88.5902633666992,-816.041931152344,0.0,0.0,land,surface_wood_impact_1.26481518554687
486.257,musicking,88.5902633666992,-816.041931152344,0.0,0.0,osc_received,"value_[1, ""water-tube""]"
486.608,move_right_pressed,88.5902633666992,-816.041931152344,33.3333320617676,0.0,Move_Right,pressed
486.824,jump_input_pressed,120.392196655273,-816.985534667969,180.0,0.0,Jump,pressed
486.824,jump_executed,120.392196655273,-816.985534667969,180.0,-500.0,jump,x_120.392196655273_y_-816.985534667969
487.207,jump_input_released,189.411865234375,-922.9892578125,96.6666641235352,-36.1665573120117,Jump,released
487.257,jump_peak_reached,191.245208740234,-923.755920410156,0.0,42.5371475219727,jump_peak,x_191.245208740234_y_-923.755920410156
487.458,move_right_pressed,191.245208740234,-874.507751464844,15.0,486.981658935547,Move_Right,pressed
487.541,platform_landed,196.495208740234,-819.066345214844,90.0,0.0,land_on_platform,platform_scene-1/Tile Map/10_-45_layer_Tile Map_tile_10_-45_source_1_atlas_13_7
487.541,landed,196.495208740234,-819.066345214844,90.0,0.0,land,surface_wood_impact_1.34433374023437
487.549,musicking,196.495208740234,-819.066345214844,90.0,0.0,osc_received,"value_[1, ""cloud""]"
487.577,musicking,201.161880493164,-819.066345214844,156.66667175293,0.0,osc_received,"value_[1, ""platform_pan_nav""]"
488.073,move_right_pressed,211.995223999023,-819.066345214844,33.3333320617676,0.0,Move_Right,pressed
488.166,jump_input_pressed,220.328567504883,-819.066345214844,180.0,0.0,Jump,pressed
488.166,jump_executed,220.328567504883,-819.066345214844,180.0,-500.0,jump,x_220.328567504883_y_-819.066345214844
488.174,jump_peak_reached,223.331253051758,-827.408081054688,180.0,-479.222198486328,jump_peak,x_223.331253051758_y_-827.408081054688
488.723,jump_input_released,322.331268310547,-903.309875488281,96.6666641235352,336.111236572266,Jump,released
488.793,move_right_pressed,324.164611816406,-877.19873046875,15.0,484.259429931641,Move_Right,pressed
488.891,platform_landed,324.914611816406,-816.017944335938,0.0,0.0,land_on_platform,platform_scene-1/Tile Map/18_-45_layer_Tile Map_tile_18_-45_source_1_atlas_13_6
488.891,landed,324.914611816406,-816.017944335938,0.0,0.0,land,surface_wood_impact_1.41296337890625
488.893,musicking,324.914611816406,-816.017944335938,0.0,0.0,osc_received,"value_[1, ""water-tube""]"
489.223,move_right_pressed,324.914611816406,-816.017944335938,33.3333320617676,0.0,Move_Right,pressed
489.34,jump_input_pressed,339.249206542969,-816.053527832031,180.0,0.0,Jump,pressed
489.34,jump_executed,339.249206542969,-816.053527832031,180.0,-500.0,jump,x_339.249206542969_y_-816.053527832031
489.74,jump_input_released,411.250762939453,-922.631896972656,96.6666641235352,-16.6665554046631,Jump,released
489.774,jump_peak_reached,413.084106445312,-922.840209960938,0.0,41.2038154602051,jump_peak,x_413.084106445312_y_-922.840209960938
489.859,move_left_pressed,413.084106445312,-913.233703613281,-15.0,226.38899230957,Move_Left,pressed
489.926,platform_landed,409.334106445312,-891.066162109375,-75.0,0.0,land_on_platform,platform_scene-1/Tile Map/22_-49_layer_Tile Map_tile_22_-49_source_1_atlas_2_0
489.926,landed,409.334106445312,-891.066162109375,-75.0,0.0,land,surface_wood_impact_0.74907434082031
490.258,jump_input_pressed,397.417449951172,-891.066162109375,0.0,0.0,Jump,pressed
490.258,jump_executed,397.417449951172,-891.066162109375,0.0,-500.0,jump,x_397.417449951172_y_-891.066162109375
490.274,move_left_pressed,397.417449951172,-899.409057617188,-15.0,-479.222198486328,Move_Left,pressed
490.458,musicking,377.917449951172,-972.74609375,-180.0,-255.055435180664,osc_received,"value_[1, ""platform_pan_nav""]"
490.658,jump_input_released,344.917449951172,-997.648864746094,-96.6666641235352,-16.6665554046631,Jump,released
490.691,jump_peak_reached,343.084106445312,-997.857177734375,0.0,41.2038154602051,jump_peak,x_343.084106445312_y_-997.857177734375
490.857,platform_landed,343.084106445312,-960.023498535156,0.0,0.0,land_on_platform,platform_scene-1/Tile Map/19_-53_layer_Tile Map_tile_19_-53_source_1_atlas_13_6
490.857,landed,343.084106445312,-960.023498535156,0.0,0.0,land,surface_wood_impact_0.8231484375
490.858,musicking,343.084106445312,-960.023498535156,0.0,0.0,osc_received,"value_[1, ""water-tube""]"
490.891,move_right_pressed,343.084106445312,-960.023498535156,33.3333320617676,0.0,Move_Right,pressed
491.073,jump_input_pressed,368.993988037109,-960.910705566406,180.0,0.0,Jump,pressed
491.073,jump_executed,368.993988037109,-960.910705566406,180.0,-500.0,jump,x_368.993988037109_y_-960.910705566406
491.507,jump_peak_reached,446.993988037109,-1067.73937988281,180.0,39.8149261474609,jump_peak,x_446.993988037109_y_-1067.73937988281
491.54,jump_input_released,452.993988037109,-1065.794921875,180.0,113.889007568359,Jump,released
491.773,coin_collected,458.014465332031,-983.090087890625,0.0,595.370544433594,collect_coin,coin_coin21_score_26
491.774,platform_landed,458.014465332031,-981.010864257812,0.0,0.0,land_on_platform,platform_scene-1/Tile Map/25_-54_layer_Tile Map_tile_25_-54_source_1_atlas_1_0
491.774,landed,458.014465332031,-981.010864257812,0.0,0.0,land,surface_wood_impact_1.26481518554687
491.782,sonification,458.014465332031,-981.010864257812,0.0,0.0,osc_received,"value_[1, ""coins-with-pitch""]"
491.924,move_right_pressed,458.074951171875,-981.067565917969,33.3333320617676,0.0,Move_Right,pressed
492.4,jump_input_pressed,495.241607666016,-981.074890136719,0.0,0.0,Jump,pressed
492.4,jump_executed,495.241607666016,-981.074890136719,0.0,-500.0,jump,x_495.241607666016_y_-981.074890136719
492.508,move_right_pressed,495.241607666016,-1032.1953125,15.0,-355.722137451172,Move_Right,pressed
492.625,jump_input_released,502.241607666016,-1066.66381835938,120.0,-214.166549682617,Jump,released
492.724,jump_peak_reached,504.852722167969,-1071.45544433594,0.0,41.2037048339844,jump_peak,x_504.852722167969_y_-1071.45544433594
492.958,platform_landed,504.852722167969,-998.999816894531,0.0,0.0,land_on_platform,platform_scene-1/Tile Map/28_-55_layer_Tile Map_tile_28_-55_source_1_atlas_0_0
492.958,landed,504.852722167969,-998.999816894531,0.0,0.0,land,surface_wood_impact_1.11944458007812
492.973,move_right_pressed,504.852722167969,-998.999816894531,33.3333320617676,0.0,Move_Right,pressed
493.607,move_right_pressed,524.026672363281,-998.956787109375,33.3333320617676,0.0,Move_Right,pressed
493.607,jump_input_pressed,524.026672363281,-998.956787109375,33.3333320617676,0.0,Jump,pressed
493.607,jump_executed,524.026672363281,-998.956787109375,33.3333320617676,-500.0,jump,x_524.026672363281_y_-998.956787109375
493.941,jump_input_released,570.834655761719,-1101.115234375,180.0,-94.9998931884766,Jump,released
494.041,jump_peak_reached,575.66796875,-1105.40686035156,0.0,46.2038116455078,jump_peak,x_575.66796875_y_-1105.40686035156
494.259,move_right_pressed,575.66796875,-1047.24792480469,15.0,527.685363769531,Move_Right,pressed
494.274,platform_landed,576.440246582031,-1032.06921386719,30.0,0.0,land_on_platform,platform_scene-1/Tile Map/31_-57_layer_Tile Map_tile_31_-57_source_1_atlas_14_6
494.274,landed,576.440246582031,-1032.06921386719,30.0,0.0,land,surface_wood_impact_1.12944482421875
494.275,musicking,576.440246582031,-1032.06921386719,30.0,0.0,osc_received,"value_[1, ""water-tube""]"
494.308,musicking,579.106872558594,-1032.06921386719,96.6666641235352,0.0,osc_received,"value_[1, ""platform_pan_nav""]"
494.775,move_right_pressed,594.828735351562,-1032.06774902344,33.3333320617676,0.0,Move_Right,pressed
494.79,jump_input_pressed,595.38427734375,-1032.06774902344,66.6666641235352,0.0,Jump,pressed
494.79,jump_executed,595.38427734375,-1032.06774902344,66.6666641235352,-500.0,jump,x_595.38427734375_y_-1032.06774902344
495.158,jump_input_released,653.273864746094,-1137.0732421875,180.0,-55.722110748291,Jump,released
495.224,jump_peak_reached,658.107177734375,-1138.70471191406,0.0,43.8149261474609,jump_peak,x_658.107177734375_y_-1138.70471191406
495.39,move_left_pressed,658.107177734375,-1103.62438964844,-15.0,414.185333251953,Move_Left,pressed
495.424,platform_landed,656.607177734375,-1089.06616210938,-45.0,0.0,land_on_platform,platform_scene-1/Tile Map/36_-60_layer_Tile Map_tile_36_-60_source_1_atlas_3_0
495.425,landed,656.607177734375,-1089.06616210938,-45.0,0.0,land,surface_wood_impact_0.97651885986328
495.842,move_left_pressed,649.99609375,-1089.06616210938,-33.3333320617676,0.0,Move_Left,pressed
495.89,jump_input_pressed,646.662780761719,-1089.06616210938,-133.33332824707,0.0,Jump,pressed
495.891,jump_executed,646.662780761719,-1089.06616210938,-133.33332824707,-500.0,jump,x_646.662780761719_y_-1089.06616210938
496.324,jump_peak_reached,570.271728515625,-1195.90283203125,-180.0,39.8149261474609,jump_peak,x_570.271728515625_y_-1195.90283203125
496.358,jump_input_released,564.271728515625,-1193.95837402344,-96.6666641235352,113.889007568359,Jump,released
496.524,platform_landed,562.438415527344,-1143.00598144531,0.0,0.0,land_on_platform,platform_scene-1/Tile Map/31_-63_layer_Tile Map_tile_31_-63_source_1_atlas_3_0
496.524,landed,562.438415527344,-1143.00598144531,0.0,0.0,land,surface_wood_impact_0.96851885986328
496.641,move_left_pressed,562.438415527344,-1143.00598144531,-33.3333320617676,0.0,Move_Left,pressed
496.675,jump_input_pressed,560.771789550781,-1143.00598144531,-100.0,0.0,Jump,pressed
496.675,jump_executed,560.771789550781,-1143.00598144531,-100.0,-500.0,jump,x_560.771789550781_y_-1143.00598144531
497.074,jump_input_released,493.009948730469,-1249.63854980469,-180.0,-16.6665554046631,Jump,released
497.106,jump_peak_reached,488.398834228516,-1249.84692382812,-13.3333311080933,41.2038154602051,jump_peak,x_488.398834228516_y_-1249.84692382812
497.307,platform_landed,488.176605224609,-1197.00805664062,0.0,0.0,land_on_platform,platform_scene-1/Tile Map/27_-66_layer_Tile Map_tile_27_-66_source_1_atlas_3_0
497.307,landed,488.176605224609,-1197.00805664062,0.0,0.0,land,surface_wood_impact_0.97129663085938
497.324,musicking,488.176605224609,-1197.00805664062,0.0,0.0,osc_received,"value_[1, ""platform_pan_nav""]"
497.774,jump_input_pressed,488.176605224609,-1197.00805664062,0.0,0.0,Jump,pressed
497.774,jump_executed,488.176605224609,-1197.00805664062,0.0,-500.0,jump,x_488.176605224609_y_-1197.00805664062
497.79,move_left_pressed,488.176605224609,-1205.4013671875,-15.0,-479.222198486328,Move_Left,pressed
497.94,jump_input_released,476.926605224609,-1264.97912597656,-51.6666679382324,-294.722106933594,Jump,released
498.04,jump_peak_reached,476.065490722656,-1269.77075195312,0.0,41.2037048339844,jump_peak,x_476.065490722656_y_-1269.77075195312
498.076,move_left_pressed,476.065490722656,-1267.78002929688,-15.0,115.277786254883,Move_Left,pressed
498.223,move_left_pressed,474.565490722656,-1228.26611328125,-15.0,448.611175537109,Move_Left,pressed
498.242,platform_landed,474.054046630859,-1212.9423828125,-30.0,0.0,land_on_platform,platform_scene-1/Tile Map/25_-67_layer_Tile Map_tile_25_-67_source_1_atlas_0_0
498.242,landed,474.054046630859,-1212.9423828125,-30.0,0.0,land,surface_wood_impact_0.97129644775391
498.724,move_left_pressed,473.515502929688,-1213.34973144531,-33.3333320617676,0.0,Move_Left,pressed
499.275,move_left_pressed,461.365783691406,-1215.00366210938,-33.3333320617676,0.0,Move_Left,pressed
499.299,jump_input_pressed,460.810241699219,-1215.00366210938,-66.6666641235352,0.0,Jump,pressed
499.299,jump_executed,460.810241699219,-1215.00366210938,-66.6666641235352,-500.0,jump,x_460.810241699219_y_-1215.00366210938
499.59,jump_peak_reached,414.911437988281,-1309.38854980469,-180.0,74.0740737915039,jump_peak,x_414.911437988281_y_-1309.38854980469
499.924,platform_landed,351.911437988281,-1161.06628417969,-180.0,0.0,land_on_platform,platform_scene-1/Tile Map/19_-64_layer_Tile Map_tile_19_-64_source_1_atlas_13_7
499.924,landed,351.911437988281,-1161.06628417969,-180.0,0.0,land,surface_wood_impact_1.6296298828125
499.925,musicking,351.911437988281,-1161.06628417969,-180.0,0.0,osc_received,"value_[1, ""cloud""]"
499.941,jump_input_released,351.911437988281,-1161.06628417969,-180.0,0.0,Jump,released
500.391,jump_input_pressed,350.074737548828,-1161.06616210938,0.0,0.0,Jump,pressed
500.391,jump_executed,350.074737548828,-1161.06616210938,0.0,-500.0,jump,x_350.074737548828_y_-1161.06616210938
500.406,move_left_pressed,350.075958251953,-1169.400390625,-15.0,-479.222198486328,Move_Left,pressed
500.591,jump_input_released,336.324737548828,-1238.48645019531,-66.6666641235352,-254.333206176758,Jump,released
500.69,jump_peak_reached,335.213623046875,-1243.27807617188,0.0,41.2037048339844,jump_peak,x_335.213623046875_y_-1243.27807617188
500.875,move_left_pressed,335.213623046875,-1201.7734375,-15.0,448.611175537109,Move_Left,pressed
500.908,platform_landed,333.713623046875,-1179.06652832031,-45.0,0.0,land_on_platform,platform_scene-1/Tile Map/18_-65_layer_Tile Map_tile_18_-65_source_1_atlas_3_0
500.908,landed,333.713623046875,-1179.06652832031,-45.0,0.0,land,surface_wood_impact_1.04537048339844
501.361,move_right_pressed,320.324737548828,-1179.07470703125,33.3333320617676,0.0,Move_Right,pressed
501.975,move_left_pressed,345.518005371094,-1178.53173828125,-33.3333320617676,0.0,Move_Left,pressed
502.175,jump_input_pressed,316.324279785156,-1179.068359375,-180.0,0.0,Jump,pressed
502.175,jump_executed,316.324279785156,-1179.068359375,-180.0,-500.0,jump,x_316.324279785156_y_-1179.068359375
502.607,jump_peak_reached,238.322174072266,-1285.90283203125,-180.0,39.8149261474609,jump_peak,x_238.322174072266_y_-1285.90283203125
502.825,jump_input_released,199.322174072266,-1229.12805175781,-180.0,521.296447753906,Jump,released
502.875,platform_landed,186.76203918457,-1197.06665039062,-180.0,0.0,land_on_platform,platform_scene-1/Tile Map/10_-66_layer_Tile Map_tile_10_-66_source_1_atlas_3_0
502.875,landed,186.76203918457,-1197.06665039062,-180.0,0.0,land,surface_wood_impact_1.26481518554687
502.891,musicking,183.76203918457,-1197.06665039062,-180.0,0.0,osc_received,"value_[1, ""platform_pan_nav""]"
503.324,jump_input_pressed,172.928695678711,-1197.07470703125,0.0,0.0,Jump,pressed
503.324,jump_executed,172.928695678711,-1197.07470703125,0.0,-500.0,jump,x_172.928695678711_y_-1197.07470703125
503.44,move_left_pressed,172.928695678711,-1248.19519042969,-15.0,-355.722137451172,Move_Left,pressed
503.524,jump_input_released,169.178695678711,-1274.49609375,0.0,-254.333206176758,Jump,released
503.608,move_left_pressed,169.178695678711,-1279.35717773438,-15.0,4.16666746139526,Move_Left,pressed
503.624,jump_peak_reached,168.928695678711,-1279.28771972656,-30.0,41.2037048339844,jump_peak,x_168.928695678711_y_-1279.28771972656
503.841,platform_landed,165.428695678711,-1214.60668945312,0.0,0.0,land_on_platform,platform_scene-1/Tile Map/8_-67_layer_Tile Map_tile_8_-67_source_1_atlas_0_0
503.841,landed,165.428695678711,-1214.60668945312,0.0,0.0,land,surface_wood_impact_1.04537048339844
504.31,move_left_pressed,165.428695678711,-1214.60668945312,-33.3333320617676,0.0,Move_Left,pressed
504.324,jump_input_pressed,164.934326171875,-1214.79772949219,-66.6666641235352,0.0,Jump,pressed
504.324,jump_executed,164.934326171875,-1214.79772949219,-66.6666641235352,-500.0,jump,x_164.934326171875_y_-1214.79772949219
504.556,jump_input_released,131.044555664062,-1300.39208984375,-180.0,-214.166549682617,Jump,released
504.658,jump_peak_reached,114.433441162109,-1305.18371582031,-13.3333311080933,41.2037048339844,jump_peak,x_114.433441162109_y_-1305.18371582031
504.824,platform_landed,114.211219787598,-1269.02478027344,0.0,0.0,land_on_platform,platform_scene-1/Tile Map/6_-70_layer_Tile Map_tile_6_-70_source_1_atlas_1_0
504.824,landed,114.211219787598,-1269.02478027344,0.0,0.0,land,surface_wood_impact_0.82314825439453
505.041,jump_input_pressed,114.211219787598,-1269.02478027344,0.0,0.0,Jump,pressed
505.041,jump_executed,114.211219787598,-1269.02478027344,0.0,-500.0,jump,x_114.211219787598_y_-1269.02478027344
505.375,move_left_pressed,114.211219787598,-1371.18957519531,-15.0,-94.9998931884766,Move_Left,pressed
505.474,jump_peak_reached,108.961219787598,-1375.89782714844,-105.0,39.8149261474609,jump_peak,x_108.961219787598_y_-1375.89782714844
505.575,jump_input_released,94.7112197875977,-1362.65710449219,-180.0,262.037139892578,Jump,released
505.59,coin_collected,91.7112197875977,-1358.28979492188,-180.0,262.037139892578,collect_coin,coin_coin23_score_28
505.591,sonification,88.7112197875977,-1353.30517578125,-180.0,299.074188232422,osc_received,"value_[1, ""coins-with-pitch""]"
505.641,platform_landed,79.7155914306641,-1338.05944824219,-180.0,0.0,land_on_platform,platform_scene-1/Tile Map/4_-74_layer_Tile Map_tile_4_-74_source_1_atlas_13_6
505.641,landed,79.7155914306641,-1338.05944824219,-180.0,0.0,land,surface_wood_impact_0.82037066650391
505.642,musicking,79.7155914306641,-1338.05944824219,-180.0,0.0,osc_received,"value_[1, ""water-tube""]"
505.775,move_left_pressed,65.8823852539062,-1338.06164550781,-33.3333320617676,0.0,Move_Left,pressed
506.39,move_right_pressed,-37.062198638916,-1337.98156738281,0.0,0.0,Move_Right,pressed
507.241,jump_input_pressed,105.666076660156,-1338.98266601562,180.0,0.0,Jump,pressed
507.241,jump_executed,105.666076660156,-1338.98266601562,180.0,-500.0,jump,x_105.666076660156_y_-1338.98266601562
507.673,jump_peak_reached,183.683639526367,-1445.86010742188,180.0,39.8149261474609,jump_peak,x_183.683639526367_y_-1445.86010742188
507.791,jump_input_released,204.683639526367,-1428.25207519531,180.0,299.074188232422,Jump,released
507.957,coin_collected,234.683639526367,-1350.62854003906,180.0,632.407592773438,collect_coin,coin_coin22_score_30
507.96,sonification,237.683639526367,-1339.47106933594,180.0,669.444641113281,osc_received,"value_[1, ""coins-with-pitch""]"
507.974,platform_landed,240.697158813477,-1338.05993652344,180.0,0.0,land_on_platform,platform_scene-1/Tile Map/13_-74_layer_Tile Map_tile_13_-74_source_1_atlas_13_6
507.974,landed,240.697158813477,-1338.05993652344,180.0,0.0,land,surface_wood_impact_1.41296337890625
507.982,musicking,240.697158813477,-1338.05993652344,180.0,0.0,osc_received,"value_[1, ""water-tube""]"
511.341,move_left_pressed,843.69921875,-1338.05285644531,96.6666641235352,0.0,Move_Left,pressed
512.207,jump_input_pressed,705.19921875,-1338.05285644531,-180.0,0.0,Jump,pressed
512.207,jump_executed,705.19921875,-1338.05285644531,-180.0,-500.0,jump,x_705.19921875_y_-1338.05285644531
512.641,jump_peak_reached,627.193298339844,-1444.89794921875,-180.0,39.8149261474609,jump_peak,x_627.193298339844_y_-1444.89794921875
512.707,jump_input_released,615.193298339844,-1438.53991699219,-180.0,187.963073730469,Jump,released
512.758,platform_landed,610.359985351562,-1427.28991699219,0.0,0.0,land_on_platform,platform_scene-1/Tile Map/34_-79_layer_Tile Map_tile_34_-79_source_1_atlas_14_6
512.758,landed,610.359985351562,-1427.28991699219,0.0,0.0,land,surface_wood_impact_0.59814837646484
512.759,musicking,610.359985351562,-1427.28991699219,0.0,0.0,osc_received,"value_[1, ""platform_pan_nav""]"
512.759,musicking,610.359985351562,-1427.28991699219,0.0,0.0,osc_received,"value_[1, ""water-tube""]"
512.824,move_right_pressed,610.359985351562,-1427.28991699219,33.3333320617676,0.0,Move_Right,pressed
513.425,move_right_pressed,640.100341796875,-1428.93041992188,33.3333320617676,0.0,Move_Right,pressed
513.442,jump_input_pressed,640.650329589844,-1429.03527832031,66.6666641235352,0.0,Jump,pressed
513.442,jump_executed,640.650329589844,-1429.03527832031,66.6666641235352,-500.0,jump,x_640.650329589844_y_-1429.03527832031
513.79,move_left_pressed,695.540832519531,-1532.77197265625,96.6666641235352,-75.3332214355469,Move_Left,pressed
513.873,jump_peak_reached,696.540832519531,-1535.87744140625,-46.6666679382324,39.8149261474609,jump_peak,x_696.540832519531_y_-1535.87744140625
514.266,jump_input_released,654.293212890625,-1367.48913574219,-75.0,891.666931152344,Jump,released
514.273,platform_landed,651.544555664062,-1338.06433105469,-90.0,0.0,land_on_platform,platform_scene-1/Tile Map/36_-74_layer_Tile Map_tile_36_-74_source_1_atlas_13_6
514.273,landed,651.544555664062,-1338.06433105469,-90.0,0.0,land,surface_wood_impact_1.85740795898438
514.282,musicking,651.544555664062,-1338.06433105469,-90.0,0.0,osc_received,"value_[1, ""water-tube""]"
514.574,move_right_pressed,609.044677734375,-1338.05065917969,33.3333320617676,0.0,Move_Right,pressed
516.008,jump_input_pressed,860.377990722656,-1338.05065917969,180.0,0.0,Jump,pressed
516.008,jump_executed,860.377990722656,-1338.05065917969,180.0,-500.0,jump,x_860.377990722656_y_-1338.05065917969
516.024,jump_peak_reached,863.380615234375,-1346.39221191406,180.0,-479.222198486328,jump_peak,x_863.380615234375_y_-1346.39221191406
516.559,jump_input_released,959.380615234375,-1427.27856445312,180.0,299.074188232422,Jump,released
516.64,move_left_pressed,974.380615234375,-1396.18286132812,81.6666641235352,484.259429931641,Move_Left,pressed
516.742,platform_landed,972.008605957031,-1338.07214355469,-75.0,0.0,land_on_platform,platform_scene-1/Tile Map/54_-74_layer_Tile Map_tile_54_-74_source_1_atlas_13_6
516.743,landed,972.008605957031,-1338.07214355469,-75.0,0.0,land,surface_wood_impact_1.41296337890625
516.745,musicking,972.008605957031,-1338.07214355469,-75.0,0.0,osc_received,"value_[1, ""water-tube""]"
518.175,jump_input_pressed,718.925354003906,-1338.05114746094,-180.0,0.0,Jump,pressed
518.175,jump_executed,718.925354003906,-1338.05114746094,-180.0,-500.0,jump,x_718.925354003906_y_-1338.05114746094
518.607,jump_peak_reached,640.923767089844,-1444.88427734375,-180.0,39.8149261474609,jump_peak,x_640.923767089844_y_-1444.88427734375
518.625,jump_input_released,637.923767089844,-1444.220703125,-180.0,76.8519668579102,Jump,released
518.707,platform_landed,630.090454101562,-1428.00988769531,0.0,0.0,land_on_platform,platform_scene-1/Tile Map/34_-79_layer_Tile Map_tile_34_-79_source_1_atlas_14_6
518.707,landed,630.090454101562,-1428.00988769531,0.0,0.0,land,surface_wood_impact_0.52407427978516
518.715,musicking,630.090454101562,-1428.00988769531,0.0,0.0,osc_received,"value_[1, ""water-tube""]"
519.058,move_right_pressed,630.090454101562,-1428.00988769531,33.3333320617676,0.0,Move_Right,pressed
519.208,jump_input_pressed,649.86328125,-1428.38903808594,180.0,0.0,Jump,pressed
519.208,jump_executed,649.86328125,-1428.38903808594,180.0,-500.0,jump,x_649.86328125_y_-1428.38903808594
519.258,move_left_pressed,658.888488769531,-1452.42663574219,96.6666641235352,-437.833282470703,Move_Left,pressed
519.64,jump_peak_reached,623.221801757812,-1535.28771972656,-180.0,39.8149261474609,jump_peak,x_623.221801757812_y_-1535.28771972656
519.675,jump_input_released,617.221801757812,-1533.34326171875,-180.0,113.889007568359,Jump,released
519.774,move_right_pressed,607.606506347656,-1514.07470703125,15.0,336.111236572266,Move_Right,pressed
519.942,platform_landed,617.232238769531,-1429.04321289062,122.478981018066,0.0,land_on_platform,platform_scene-1/Tile Map/34_-79_layer_Tile Map_tile_34_-79_source_1_atlas_14_6
519.942,landed,617.232238769531,-1429.04321289062,122.478981018066,0.0,land,surface_wood_impact_1.41296337890625
519.942,musicking,617.232238769531,-1429.04321289062,122.478981018066,0.0,osc_received,"value_[1, ""water-tube""]"
520.423,move_right_pressed,627.680419921875,-1428.0908203125,33.3333320617676,0.0,Move_Right,pressed
520.525,jump_input_pressed,638.677612304688,-1428.74401855469,180.0,0.0,Jump,pressed
520.525,jump_executed,638.677612304688,-1428.74401855469,180.0,-500.0,jump,x_638.677612304688_y_-1428.74401855469
520.74,move_left_pressed,677.677612304688,-1510.41528320312,96.6666641235352,-234.222106933594,Move_Left,pressed
520.958,jump_peak_reached,662.788696289062,-1535.57263183594,-180.0,39.8149261474609,jump_peak,x_662.788696289062_y_-1535.57263183594
521.057,platform_landed,641.7919921875,-1519.048828125,-180.0,0.0,land_on_platform,platform_scene-1/Tile Map/35_-84_layer_Tile Map_tile_35_-84_source_1_atlas_14_6
521.057,landed,641.7919921875,-1519.048828125,-180.0,0.0,land,surface_wood_impact_0.52407427978516
521.065,musicking,641.7919921875,-1519.048828125,-180.0,0.0,osc_received,"value_[1, ""water-tube""]"
521.124,jump_input_released,632.770751953125,-1518.037109375,-180.0,0.0,Jump,released
521.943,move_right_pressed,622.336975097656,-1518.85583496094,33.3333320617676,0.0,Move_Right,pressed
522.357,move_left_pressed,632.118408203125,-1518.04333496094,-33.3333320617676,0.0,Move_Left,pressed
522.709,move_right_pressed,619.53515625,-1519.04675292969,33.3333320617676,0.0,Move_Right,pressed
522.892,move_left_pressed,645.350646972656,-1518.98522949219,96.6666641235352,0.0,Move_Left,pressed
522.908,jump_input_pressed,646.969055175781,-1519.04040527344,13.3333311080933,0.0,Jump,pressed
522.909,jump_executed,646.969055175781,-1519.04040527344,13.3333311080933,-500.0,jump,x_646.969055175781_y_-1519.04040527344
523.074,jump_peak_reached,640.085632324219,-1578.58166503906,-124.172805786133,56.6961784362793,jump_peak,x_640.085632324219_y_-1578.58166503906
523.226,move_right_pressed,615.307556152344,-1547.85510253906,-96.6666641235352,390.029541015625,Move_Right,pressed
523.274,platform_landed,613.588134765625,-1518.9140625,15.0,0.0,land_on_platform,platform_scene-1/Tile Map/34_-84_layer_Tile Map_tile_34_-84_source_1_atlas_14_6
523.274,landed,613.588134765625,-1518.9140625,15.0,0.0,land,surface_wood_impact_1.00228137207031
523.274,musicking,613.588134765625,-1518.9140625,15.0,0.0,osc_received,"value_[1, ""water-tube""]"
523.291,jump_input_released,613.588134765625,-1518.9140625,48.3333320617676,0.0,Jump,released
523.44,move_right_pressed,615.745544433594,-1519.03686523438,33.3333320617676,0.0,Move_Right,pressed
524.008,move_right_pressed,634.941833496094,-1518.1005859375,33.3333320617676,0.0,Move_Right,pressed
524.141,jump_input_pressed,651.822204589844,-1518.75207519531,180.0,37.037036895752,Jump,pressed
524.141,jump_executed,651.822204589844,-1518.75207519531,180.0,-500.0,jump,x_651.822204589844_y_-1518.75207519531
524.157,move_left_pressed,654.822204589844,-1527.08630371094,96.6666641235352,-479.222198486328,Move_Left,pressed
524.574,jump_peak_reached,634.655212402344,-1625.39685058594,-180.0,39.8149261474609,jump_peak,x_634.655212402344_y_-1625.39685058594
524.607,jump_input_released,628.655212402344,-1623.45239257812,-180.0,113.889007568359,Jump,released
524.674,platform_landed,620.821899414062,-1609.00012207031,0.0,0.0,land_on_platform,platform_scene-1/Tile Map/34_-89_layer_Tile Map_tile_34_-89_source_1_atlas_14_6
524.674,landed,620.821899414062,-1609.00012207031,0.0,0.0,land,surface_wood_impact_0.52407427978516
524.675,musicking,620.821899414062,-1609.00012207031,0.0,0.0,osc_received,"value_[1, ""water-tube""]"
524.84,move_right_pressed,620.821899414062,-1609.00012207031,33.3333320617676,0.0,Move_Right,pressed
525.224,move_left_pressed,642.428771972656,-1609.04699707031,-33.3333320617676,0.0,Move_Left,pressed
525.726,move_right_pressed,626.244079589844,-1608.10705566406,33.3333320617676,0.0,Move_Right,pressed
525.875,move_left_pressed,645.90869140625,-1609.03662109375,96.6666641235352,0.0,Move_Left,pressed
525.89,jump_input_pressed,647.519775390625,-1608.95654296875,13.3333311080933,0.0,Jump,pressed
525.89,jump_executed,647.519775390625,-1608.95654296875,13.3333311080933,-500.0,jump,x_647.519775390625_y_-1608.95654296875
526.058,jump_peak_reached,647.727355957031,-1668.55102539062,-15.6763668060303,56.6149711608887,jump_peak,x_647.727355957031_y_-1668.55102539062
526.275,platform_landed,624.367736816406,-1608.11547851562,-180.0,0.0,land_on_platform,platform_scene-1/Tile Map/34_-89_layer_Tile Map_tile_34_-89_source_1_atlas_14_6
526.276,landed,624.367736816406,-1608.11547851562,-180.0,0.0,land,surface_wood_impact_1.07619299316406
526.276,musicking,624.367736816406,-1608.11547851562,-180.0,0.0,osc_received,"value_[1, ""water-tube""]"
526.34,jump_input_released,616.024597167969,-1609.03662109375,-96.6666641235352,0.0,Jump,released
526.623,move_right_pressed,614.186096191406,-1608.95068359375,33.3333320617676,0.0,Move_Right,pressed
527.335,move_right_pressed,633.365051269531,-1608.08325195312,33.3333320617676,0.0,Move_Right,pressed
527.474,move_left_pressed,653.257568359375,-1608.22058105469,96.6666641235352,37.037036895752,Move_Left,pressed
527.474,jump_input_pressed,653.257568359375,-1608.22058105469,96.6666641235352,37.037036895752,Jump,pressed
527.474,jump_executed,653.257568359375,-1608.22058105469,96.6666641235352,-500.0,jump,x_653.257568359375_y_-1608.22058105469
527.658,jump_peak_reached,650.336486816406,-1669.47119140625,-24.937183380127,55.0374984741211,jump_peak,x_650.336486816406_y_-1669.47119140625
527.875,platform_landed,624.366333007812,-1608.115234375,-180.0,0.0,land_on_platform,platform_scene-1/Tile Map/34_-89_layer_Tile Map_tile_34_-89_source_1_atlas_14_6
527.875,landed,624.366333007812,-1608.115234375,-180.0,0.0,land,surface_wood_impact_1.0730380859375
527.876,musicking,624.366333007812,-1608.115234375,-180.0,0.0,osc_received,"value_[1, ""water-tube""]"
527.907,jump_input_released,622.023681640625,-1609.39514160156,-96.6666641235352,0.0,Jump,released
528.291,move_right_pressed,620.190124511719,-1609.04870605469,33.3333320617676,0.0,Move_Right,pressed
528.858,move_right_pressed,629.9443359375,-1608.03894042969,33.3333320617676,0.0,Move_Right,pressed
529.007,jump_input_pressed,649.695068359375,-1608.46032714844,180.0,0.0,Jump,pressed
529.007,jump_executed,649.695068359375,-1608.46032714844,180.0,-500.0,jump,x_649.695068359375_y_-1608.46032714844
529.041,move_left_pressed,655.719543457031,-1624.85144042969,96.6666641235352,-458.499969482422,Move_Left,pressed
529.193,move_left_pressed,661.302856445312,-1681.36254882812,0.0,-274.499877929688,Move_Left,pressed
529.441,jump_peak_reached,644.802856445312,-1715.35693359375,-180.0,39.8149261474609,jump_peak,x_644.802856445312_y_-1715.35693359375
529.492,jump_input_released,635.802856445312,-1711.51428222656,-180.0,150.926040649414,Jump,released
529.54,platform_landed,630.969543457031,-1698.00903320312,0.0,0.0,land_on_platform,platform_scene-1/Tile Map/34_-94_layer_Tile Map_tile_34_-94_source_1_atlas_14_6
529.541,landed,630.969543457031,-1698.00903320312,0.0,0.0,land,surface_wood_impact_0.52407427978516
529.549,musicking,630.969543457031,-1698.00903320312,0.0,0.0,osc_received,"value_[1, ""water-tube""]"
530.158,move_right_pressed,630.969543457031,-1698.00903320312,33.3333320617676,0.0,Move_Right,pressed
530.224,jump_input_pressed,636.524963378906,-1698.09448242188,166.666656494141,0.0,Jump,pressed
530.224,jump_executed,636.524963378906,-1698.09448242188,166.666656494141,-500.0,jump,x_636.524963378906_y_-1698.09448242188
530.391,move_left_pressed,666.308288574219,-1766.02319335938,96.6666641235352,-294.722106933594,Move_Left,pressed
530.642,platform_landed,651.598388671875,-1805.44873046875,-70.98681640625,0.0,land_on_platform,platform_scene-1/Tile Map/35_-100_layer_Tile Map_tile_35_-100_source_1_atlas_14_6
530.642,landed,651.598388671875,-1805.44873046875,-70.98681640625,0.0,land,surface_wood_impact_0.00555577707291
530.643,musicking,651.598388671875,-1805.44873046875,-70.98681640625,0.0,osc_received,"value_[1, ""water-tube""]"
530.791,coin_collected,630.739440917969,-1806.04248046875,-180.0,0.0,collect_coin,coin_coin24_score_32
530.791,jump_input_released,630.739440917969,-1806.04248046875,-180.0,0.0,Jump,released
530.793,sonification,627.739868164062,-1806.09057617188,-180.0,0.0,osc_received,"value_[1, ""coins-with-pitch""]"
531.025,move_right_pressed,623.221496582031,-1806.68005371094,33.3333320617676,0.0,Move_Right,pressed
531.376,move_left_pressed,647.747009277344,-1806.95666503906,-33.3333320617676,0.0,Move_Left,pressed
531.907,move_right_pressed,628.52685546875,-1806.08349609375,33.3333320617676,0.0,Move_Right,pressed
532.058,move_left_pressed,648.327941894531,-1806.85375976562,96.6666641235352,0.0,Move_Left,pressed
532.167,jump_input_pressed,650.184997558594,-1806.24047851562,0.0,0.0,Jump,pressed
532.167,jump_executed,650.184997558594,-1806.24047851562,0.0,-500.0,jump,x_650.184997558594_y_-1806.24047851562
532.391,jump_peak_reached,636.017517089844,-1884.83044433594,-179.244430541992,49.243522644043,jump_peak,x_636.017517089844_y_-1884.83044433594
532.574,jump_input_released,603.030090332031,-1841.85192871094,-96.6666641235352,456.651000976562,Jump,released
532.673,move_right_pressed,601.19677734375,-1786.92761230469,15.0,678.873291015625,Move_Right,pressed
533.074,platform_landed,607.388977050781,-1338.05615234375,0.0,0.0,land_on_platform,platform_scene-1/Tile Map/33_-74_layer_Tile Map_tile_33_-74_source_1_atlas_13_6
533.074,landed,607.388977050781,-1338.05615234375,0.0,0.0,land,surface_wood_impact_3.13552319335937
533.075,musicking,607.388977050781,-1338.05615234375,0.0,0.0,osc_received,"value_[1, ""water-tube""]"
533.108,musicking,607.388977050781,-1338.05615234375,0.0,0.0,osc_received,"value_[1, ""far-fall""]"
533.84,jump_input_pressed,607.388977050781,-1338.05615234375,0.0,0.0,Jump,pressed
533.841,jump_executed,607.388977050781,-1338.05615234375,0.0,-500.0,jump,x_607.388977050781_y_-1338.05615234375
533.857,jump_peak_reached,607.388977050781,-1346.39489746094,0.0,-479.222198486328,jump_peak,x_607.388977050781_y_-1346.39489746094
534.074,move_right_pressed,607.388977050781,-1423.64855957031,15.0,-214.166549682617,Move_Right,pressed
534.257,jump_input_released,623.888977050781,-1444.935546875,180.0,2.77788853645325,Jump,released
534.375,platform_landed,637.722290039062,-1428.16833496094,0.0,0.0,land_on_platform,platform_scene-1/Tile Map/35_-79_layer_Tile Map_tile_35_-79_source_1_atlas_14_6
534.375,landed,637.722290039062,-1428.16833496094,0.0,0.0,land,surface_wood_impact_0.52407427978516
534.375,musicking,637.722290039062,-1428.16833496094,0.0,0.0,osc_received,"value_[1, ""water-tube""]"
534.659,move_right_pressed,637.722290039062,-1428.16833496094,33.3333320617676,0.0,Move_Right,pressed
534.824,jump_input_pressed,660.735961914062,-1425.06774902344,180.0,148.148147583008,Jump,pressed
534.824,jump_executed,660.735961914062,-1425.06774902344,180.0,-500.0,jump,x_660.735961914062_y_-1425.06774902344
534.859,move_left_pressed,666.735961914062,-1441.39086914062,96.6666641235352,-458.499969482422,Move_Left,pressed
535.242,jump_input_released,624.736022949219,-1531.94262695312,-180.0,2.77788853645325,Jump,released
535.257,jump_peak_reached,621.736022949219,-1531.89636230469,-180.0,39.8149261474609,jump_peak,x_621.736022949219_y_-1531.89636230469
535.341,platform_landed,616.902709960938,-1518.97790527344,0.0,0.0,land_on_platform,platform_scene-1/Tile Map/34_-84_layer_Tile Map_tile_34_-84_source_1_atlas_14_6
535.341,landed,616.902709960938,-1518.97790527344,0.0,0.0,land,surface_wood_impact_0.45000021362305
535.349,musicking,616.902709960938,-1518.97790527344,0.0,0.0,osc_received,"value_[1, ""water-tube""]"
535.407,move_right_pressed,616.902709960938,-1518.97790527344,33.3333320617676,0.0,Move_Right,pressed
536.191,move_right_pressed,638.777160644531,-1518.67810058594,33.3333320617676,0.0,Move_Right,pressed
536.224,jump_input_pressed,640.3662109375,-1519.03247070312,100.0,0.0,Jump,pressed
536.224,jump_executed,640.3662109375,-1519.03247070312,100.0,-500.0,jump,x_640.3662109375_y_-1519.03247070312
536.358,move_left_pressed,660.116333007812,-1576.08801269531,96.6666641235352,-335.333251953125,Move_Left,pressed
536.657,jump_peak_reached,639.449645996094,-1625.86108398438,-180.0,39.8149261474609,jump_peak,x_639.449645996094_y_-1625.86108398438
536.674,jump_input_released,636.449645996094,-1625.19750976562,-180.0,76.8519668579102,Jump,released
536.774,platform_landed,631.616333007812,-1608.01452636719,0.0,0.0,land_on_platform,platform_scene-1/Tile Map/35_-89_layer_Tile Map_tile_35_-89_source_1_atlas_14_6
536.774,landed,631.616333007812,-1608.01452636719,0.0,0.0,land,surface_wood_impact_0.59814837646484
536.782,musicking,631.616333007812,-1608.01452636719,0.0,0.0,osc_received,"value_[1, ""water-tube""]"
537.124,move_right_pressed,631.616333007812,-1608.01452636719,33.3333320617676,0.0,Move_Right,pressed
537.275,jump_input_pressed,651.427551269531,-1608.83959960938,180.0,37.037036895752,Jump,pressed
537.275,jump_executed,651.427551269531,-1608.83959960938,180.0,-500.0,jump,x_651.427551269531_y_-1608.83959960938
537.292,move_left_pressed,654.427551269531,-1617.173828125,96.6666641235352,-479.222198486328,Move_Left,pressed
537.691,time_limit_reached,637.655212402344,-1715.06762695312,-180.0,2.77788853645325,time_limit,three_minutes
537.691,scene_transition,637.655212402344,-1715.06762695312,-180.0,2.77788853645325,switch,from_res://Scenes/Main/scene-1.tscn_to_res://Scenes/Main/menu.tscn
537.691,session_end,637.655212402344,-1715.06762695312,-180.0,2.77788853645325,,
