timestamp_seconds,event,x,y,velocity_x,velocity_y,action,info
983.679,session_start,392.0,624.0,0.0,0.0,,
983.722,jump_peak_reached,392.0,624.0,0.0,37.037036895752,jump_peak,x_392.0_y_624.0
983.769,platform_landed,392.0,638.988403320312,0.0,0.0,land_on_platform,platform_scene-1/Tile Map/21_36_layer_Tile Map_tile_21_36_source_1_atlas_2_0
983.769,landed,392.0,638.988403320312,0.0,0.0,land,surface_wood_impact_0.51851849365234
983.803,musicking,392.0,638.988403320312,0.0,0.0,osc_received,"value_[1, ""far-fall""]"
987.697,move_left_pressed,392.0,638.988403320312,-33.3333320617676,0.0,Move_Left,pressed
988.071,move_right_pressed,354.833343505859,638.988403320312,33.3333320617676,0.0,Move_Right,pressed
988.362,move_left_pressed,389.0,638.932373046875,-33.3333320617676,0.0,Move_Left,pressed
988.562,move_left_pressed,375.833343505859,638.932373046875,-33.3333320617676,0.0,Move_Left,pressed
989.097,move_right_pressed,286.500030517578,638.932373046875,-63.3333396911621,0.0,Move_Right,pressed
989.362,jump_input_pressed,320.777801513672,638.925048828125,180.0,0.0,Jump,pressed
989.363,jump_executed,320.777801513672,638.925048828125,180.0,-500.0,jump,x_320.777801513672_y_638.925048828125
989.562,jump_peak_reached,356.779541015625,570.685302734375,180.0,74.0740737915039,jump_peak,x_356.779541015625_y_570.685302734375
989.771,platform_landed,397.296905517578,638.870178222656,180.0,0.0,land_on_platform,platform_scene-1/Tile Map/22_36_layer_Tile Map_tile_22_36_source_1_atlas_2_0
989.771,landed,397.296905517578,638.870178222656,180.0,0.0,land,surface_wood_impact_1.11111120605469
989.865,jump_input_released,409.296905517578,638.997131347656,180.0,0.0,Jump,released
990.038,move_left_pressed,414.130249023438,638.997131347656,-33.3333320617676,0.0,Move_Left,pressed
990.297,jump_input_pressed,375.796936035156,638.925231933594,-180.0,0.0,Jump,pressed
990.297,jump_executed,375.796936035156,638.925231933594,-180.0,-500.0,jump,x_375.796936035156_y_638.925231933594
990.303,move_right_pressed,372.796600341797,630.590026855469,-81.6666641235352,-479.222198486328,Move_Right,pressed
990.628,jump_input_released,405.935485839844,536.803955078125,180.0,-94.9998931884766,Jump,released
990.728,jump_peak_reached,413.768829345703,532.512268066406,0.0,46.2038116455078,jump_peak,x_413.768829345703_y_532.512268066406
990.929,platform_landed,413.768829345703,584.9853515625,0.0,0.0,land_on_platform,platform_scene-1/Tile Map/22_33_layer_Tile Map_tile_22_33_source_1_atlas_1_0
990.929,landed,413.768829345703,584.9853515625,0.0,0.0,land,surface_wood_impact_0.98129663085938
991.098,move_right_pressed,413.768829345703,584.9853515625,33.3333320617676,0.0,Move_Right,pressed
991.098,jump_input_pressed,413.768829345703,584.9853515625,33.3333320617676,0.0,Jump,pressed
991.098,jump_executed,413.768829345703,584.9853515625,33.3333320617676,-500.0,jump,x_413.768829345703_y_584.9853515625
991.37,jump_peak_reached,451.5791015625,493.686004638672,180.0,74.0740737915039,jump_peak,x_451.5791015625_y_493.686004638672
991.429,jump_input_released,460.5791015625,499.241546630859,180.0,185.185180664062,Jump,released
991.545,coin_collected,468.412445068359,533.809448242188,0.0,407.407440185547,collect_coin,coin_coin_score_2
991.547,sonification,468.412445068359,541.216857910156,0.0,444.444488525391,osc_received,"value_[1, ""coins-with-pitch""]"
991.563,platform_landed,468.412445068359,548.998596191406,0.0,0.0,land_on_platform,platform_scene-1/Tile Map/25_31_layer_Tile Map_tile_25_31_source_1_atlas_1_0
991.563,landed,468.412445068359,548.998596191406,0.0,0.0,land,surface_wood_impact_0.96296307373047
991.945,move_right_pressed,468.412445068359,548.998596191406,33.3333320617676,0.0,Move_Right,pressed
991.963,jump_input_pressed,468.967987060547,548.92529296875,66.6666641235352,0.0,Jump,pressed
991.963,jump_executed,468.967987060547,548.92529296875,66.6666641235352,-500.0,jump,x_468.967987060547_y_548.92529296875
992.331,jump_input_released,526.857055664062,443.925018310547,180.0,-55.722110748291,Jump,released
992.395,jump_peak_reached,531.690368652344,442.293548583984,0.0,43.8149261474609,jump_peak,x_531.690368652344_y_442.293548583984
992.596,platform_landed,531.690368652344,494.976043701172,0.0,0.0,land_on_platform,platform_scene-1/Tile Map/29_28_layer_Tile Map_tile_29_28_source_1_atlas_2_0
992.596,landed,531.690368652344,494.976043701172,0.0,0.0,land,surface_wood_impact_0.97651885986328
992.612,musicking,531.690368652344,494.976043701172,0.0,0.0,osc_received,"value_[1, ""platform_pan_nav""]"
992.753,move_left_pressed,531.690368652344,494.976043701172,-33.3333320617676,0.0,Move_Left,pressed
992.837,jump_input_pressed,523.357055664062,494.976043701172,-180.0,0.0,Jump,pressed
992.837,jump_executed,523.357055664062,494.976043701172,-180.0,-500.0,jump,x_523.357055664062_y_494.976043701172
993.129,jump_peak_reached,476.002960205078,403.062377929688,-180.0,37.037036895752,jump_peak,x_476.002960205078_y_403.062377929688
993.429,jump_input_released,456.57470703125,508.628570556641,-180.0,703.703796386719,Jump,released
993.47,platform_landed,445.888610839844,550.202026367188,-13.3333311080933,0.0,land_on_platform,platform_scene-1/Tile Map/25_31_layer_Tile Map_tile_25_31_source_1_atlas_1_0
993.47,landed,445.888610839844,550.202026367188,-13.3333311080933,0.0,land,surface_wood_impact_1.6296298828125
993.697,move_right_pressed,443.773254394531,589.519470214844,15.0,444.444488525391,Move_Right,pressed
993.771,platform_landed,449.023254394531,638.933227539062,90.0,0.0,land_on_platform,platform_scene-1/Tile Map/24_36_layer_Tile Map_tile_24_36_source_1_atlas_2_0
993.771,landed,449.023254394531,638.933227539062,90.0,0.0,land,surface_wood_impact_1.25925939941406
994.062,move_left_pressed,461.523254394531,638.925170898438,-33.3333320617676,0.0,Move_Left,pressed
994.197,jump_input_pressed,444.18994140625,638.925170898438,-180.0,0.0,Jump,pressed
994.197,jump_executed,444.18994140625,638.925170898438,-180.0,-500.0,jump,x_444.18994140625_y_638.925170898438
994.238,move_right_pressed,439.356262207031,614.956604003906,1.66666889190674,-437.833282470703,Move_Right,pressed
994.395,move_left_pressed,443.925262451172,563.768493652344,0.0,-254.333206176758,Move_Left,pressed
994.496,jump_input_released,441.425262451172,543.258361816406,-75.0,-134.499893188477,Jump,released
994.595,jump_peak_reached,434.314147949219,538.466674804688,0.0,41.2037048339844,jump_peak,x_434.314147949219_y_538.466674804688
994.637,move_right_pressed,434.314147949219,542.378723144531,15.0,152.314819335938,Move_Right,pressed
994.77,platform_landed,435.814147949219,585.578979492188,0.0,0.0,land_on_platform,platform_scene-1/Tile Map/23_33_layer_Tile Map_tile_23_33_source_1_atlas_3_0
994.77,landed,435.814147949219,585.578979492188,0.0,0.0,land,surface_wood_impact_0.89722235107422
994.829,move_left_pressed,435.814147949219,585.578979492188,-33.3333320617676,0.0,Move_Left,pressed
995.197,move_right_pressed,407.840057373047,584.967529296875,33.3333320617676,0.0,Move_Right,pressed
995.33,jump_input_pressed,425.173370361328,584.967529296875,180.0,0.0,Jump,pressed
995.33,jump_executed,425.173370361328,584.967529296875,180.0,-500.0,jump,x_425.173370361328_y_584.967529296875
995.561,jump_input_released,460.018798828125,499.346038818359,0.0,-214.166549682617,Jump,released
995.662,jump_peak_reached,460.018798828125,494.554382324219,0.0,41.2037048339844,jump_peak,x_460.018798828125_y_494.554382324219
995.765,move_right_pressed,460.018798828125,507.934020996094,15.0,263.425933837891,Move_Right,pressed
995.863,platform_landed,467.018798828125,548.933227539062,105.0,0.0,land_on_platform,platform_scene-1/Tile Map/25_31_layer_Tile Map_tile_25_31_source_1_atlas_1_0
995.863,landed,467.018798828125,548.933227539062,105.0,0.0,land,surface_wood_impact_0.97129644775391
996.203,move_right_pressed,477.018798828125,548.933227539062,33.3333320617676,0.0,Move_Right,pressed
996.297,jump_input_pressed,485.352111816406,548.933227539062,180.0,0.0,Jump,pressed
996.297,jump_executed,485.352111816406,548.933227539062,180.0,-500.0,jump,x_485.352111816406_y_548.933227539062
996.529,jump_input_released,504.92529296875,463.338195800781,120.0,-214.166549682617,Jump,released
996.629,jump_peak_reached,510.036407470703,458.546539306641,0.0,41.2037048339844,jump_peak,x_510.036407470703_y_458.546539306641
996.686,move_right_pressed,510.036407470703,464.997161865234,15.0,189.351852416992,Move_Right,pressed
996.795,platform_landed,515.3974609375,494.933380126953,6.66666650772095,0.0,land_on_platform,platform_scene-1/Tile Map/28_28_layer_Tile Map_tile_28_28_source_1_atlas_1_0
996.795,landed,515.3974609375,494.933380126953,6.66666650772095,0.0,land,surface_wood_impact_0.82314825439453
996.804,musicking,515.3974609375,494.933380126953,0.0,0.0,osc_received,"value_[1, ""platform_pan_nav""]"
997.112,move_right_pressed,515.3974609375,494.933380126953,33.3333320617676,0.0,Move_Right,pressed
997.163,jump_input_pressed,518.730773925781,494.933380126953,133.33332824707,0.0,Jump,pressed
997.163,jump_executed,518.730773925781,494.933380126953,133.33332824707,-500.0,jump,x_518.730773925781_y_494.933380126953
997.431,jump_input_released,539.175231933594,402.663940429688,105.0,-174.222106933594,Jump,released
997.531,jump_peak_reached,553.425231933594,397.872283935547,180.0,41.2037048339844,jump_peak,x_553.425231933594_y_397.872283935547
997.663,platform_landed,567.258544921875,422.979187011719,0.0,0.0,land_on_platform,platform_scene-1/Tile Map/31_24_layer_Tile Map_tile_31_24_source_1_atlas_3_0
997.663,landed,567.258544921875,422.979187011719,0.0,0.0,land,surface_wood_impact_0.67500006103516
997.697,move_left_pressed,567.258544921875,422.979187011719,-33.3333320617676,0.0,Move_Left,pressed
998.133,move_left_pressed,548.091918945312,422.931182861328,-33.3333320617676,0.0,Move_Left,pressed
998.146,jump_input_pressed,547.536376953125,422.931182861328,-66.6666641235352,0.0,Jump,pressed
998.146,jump_executed,547.536376953125,422.931182861328,-66.6666641235352,-500.0,jump,x_547.536376953125_y_422.931182861328
998.512,jump_input_released,489.646850585938,317.926055908203,-180.0,-55.722110748291,Jump,released
998.578,jump_peak_reached,477.646850585938,316.294586181641,-180.0,43.8149261474609,jump_peak,x_477.646850585938_y_316.294586181641
998.795,coin_collected,438.646850585938,373.935974121094,-180.0,488.259429931641,collect_coin,coin_coin2_score_4
998.797,sonification,435.646850585938,382.69091796875,-180.0,525.296447753906,osc_received,"value_[1, ""coins-with-pitch""]"
998.812,platform_landed,432.646850585938,386.933227539062,-180.0,0.0,land_on_platform,platform_scene-1/Tile Map/23_22_layer_Tile Map_tile_23_22_source_1_atlas_1_0
998.812,landed,432.646850585938,386.933227539062,-180.0,0.0,land,surface_wood_impact_1.1246669921875
998.946,move_right_pressed,424.813507080078,386.933227539062,33.3333320617676,0.0,Move_Right,pressed
999.099,jump_input_pressed,445.146820068359,386.925201416016,180.0,0.0,Jump,pressed
999.099,jump_executed,445.146820068359,386.925201416016,180.0,-500.0,jump,x_445.146820068359_y_386.925201416016
999.312,jump_input_released,473.980499267578,305.252990722656,0.0,-234.222106933594,Jump,released
999.412,jump_peak_reached,473.980499267578,300.461334228516,0.0,41.2037048339844,jump_peak,x_473.980499267578_y_300.461334228516
999.43,move_right_pressed,473.980499267578,301.148071289062,15.0,78.2407455444336,Move_Right,pressed
999.646,platform_landed,495.313812255859,368.933319091797,13.3333311080933,0.0,land_on_platform,platform_scene-1/Tile Map/27_21_layer_Tile Map_tile_27_21_source_1_atlas_2_0
999.646,landed,495.313812255859,368.933319091797,13.3333311080933,0.0,land,surface_wood_impact_1.11944458007812
999.913,move_right_pressed,495.313812255859,368.933319091797,33.3333320617676,0.0,Move_Right,pressed
1000.013,jump_input_pressed,506.647125244141,368.933319091797,180.0,0.0,Jump,pressed
1000.013,jump_executed,506.647125244141,368.933319091797,180.0,-500.0,jump,x_506.647125244141_y_368.933319091797
1000.231,jump_peak_reached,545.64990234375,295.68798828125,180.0,74.0740737915039,jump_peak,x_545.64990234375_y_295.68798828125
1000.428,jump_input_released,578.64990234375,343.218841552734,180.0,481.481536865234,Jump,released
1000.432,platform_landed,584.666442871094,353.960021972656,180.0,0.0,land_on_platform,platform_scene-1/Tile Map/32_20_layer_Tile Map_tile_32_20_source_1_atlas_18_3
1000.432,landed,584.666442871094,353.960021972656,180.0,0.0,land,surface_wood_impact_1.037037109375
1000.434,musicking,584.666442871094,353.960021972656,180.0,0.0,osc_received,"value_[1, ""leaves""]"
1000.445,musicking,587.666442871094,353.960021972656,180.0,0.0,osc_received,"value_[1, ""platform_pan_nav""]"
1000.78,move_right_pressed,595.493103027344,353.891876220703,33.3333320617676,0.0,Move_Right,pressed
1000.865,jump_input_pressed,603.827575683594,353.971954345703,180.0,0.0,Jump,pressed
1000.865,jump_executed,603.827575683594,353.971954345703,180.0,-500.0,jump,x_603.827575683594_y_353.971954345703
1001.079,jump_peak_reached,642.835266113281,277.684906005859,180.0,74.0740737915039,jump_peak,x_642.835266113281_y_277.684906005859
1001.211,jump_input_released,666.835266113281,304.845367431641,180.0,370.370391845703,Jump,released
1001.23,platform_landed,672.0712890625,316.9580078125,96.6666641235352,0.0,land_on_platform,platform_scene-1/Tile Map/36_18_layer_Tile Map_tile_36_18_source_1_atlas_0_0
1001.23,landed,672.0712890625,316.9580078125,96.6666641235352,0.0,land,surface_wood_impact_0.81481488037109
1001.262,coin_collected,672.293518066406,316.9580078125,13.3333311080933,0.0,collect_coin,coin_coin3_score_6
1001.264,sonification,672.420593261719,317.46533203125,0.0,37.037036895752,osc_received,"value_[1, ""coins-with-pitch""]"
1001.362,platform_landed,674.271240234375,332.999664306641,0.0,0.0,land_on_platform,platform_scene-1/Tile Map/37_19_layer_Tile Map_tile_37_19_source_1_atlas_1_0
1001.362,landed,674.271240234375,332.999664306641,0.0,0.0,land,surface_wood_impact_0.51851849365234
1001.687,jump_input_pressed,674.271240234375,332.999664306641,0.0,0.0,Jump,pressed
1001.687,jump_executed,674.271240234375,332.999664306641,0.0,-500.0,jump,x_674.271240234375_y_332.999664306641
1001.898,move_left_pressed,674.271240234375,255.513442993164,-15.0,-254.333206176758,Move_Left,pressed
1002.129,jump_peak_reached,654.573913574219,226.105117797852,-180.0,39.8149261474609,jump_peak,x_654.573913574219_y_226.105117797852
1002.129,jump_input_released,654.573913574219,226.105117797852,-180.0,39.8149261474609,Jump,released
1002.228,platform_landed,643.740600585938,242.979583740234,0.0,0.0,land_on_platform,platform_scene-1/Tile Map/35_14_layer_Tile Map_tile_35_14_source_1_atlas_2_0
1002.228,landed,643.740600585938,242.979583740234,0.0,0.0,land,surface_wood_impact_0.52407427978516
1002.43,jump_input_pressed,643.740600585938,242.979583740234,0.0,0.0,Jump,pressed
1002.43,jump_executed,643.740600585938,242.979583740234,0.0,-500.0,jump,x_643.740600585938_y_242.979583740234
1002.437,move_left_pressed,643.740600585938,234.596939086914,-15.0,-479.222198486328,Move_Left,pressed
1002.769,jump_input_released,600.240600585938,139.208053588867,-180.0,-75.3332214355469,Jump,released
1002.861,jump_peak_reached,585.240600585938,136.40251159668,-180.0,45.0371475219727,jump_peak,x_585.240600585938_y_136.40251159668
1003.004,platform_landed,577.407287597656,170.99674987793,0.0,0.0,land_on_platform,platform_scene-1/Tile Map/32_10_layer_Tile Map_tile_32_10_source_1_atlas_2_0
1003.004,landed,577.407287597656,170.99674987793,0.0,0.0,land,surface_wood_impact_0.75674102783203
1003.037,musicking,577.407287597656,170.99674987793,0.0,0.0,osc_received,"value_[1, ""platform_pan_nav""]"
1003.537,jump_input_pressed,577.407287597656,170.99674987793,0.0,0.0,Jump,pressed
1003.537,jump_executed,577.407287597656,170.99674987793,0.0,-500.0,jump,x_577.407287597656_y_170.99674987793
1003.63,move_left_pressed,577.407287597656,132.702865600586,-15.0,-396.666595458984,Move_Left,pressed
1003.963,jump_input_released,533.907287597656,64.0547485351562,-180.0,2.77788853645325,Jump,released
1003.971,jump_peak_reached,530.907287597656,64.1010437011719,-180.0,39.8149261474609,jump_peak,x_530.907287597656_y_64.1010437011719
1004.071,platform_landed,509.907287597656,80.93359375,-180.0,0.0,land_on_platform,platform_scene-1/Tile Map/28_5_layer_Tile Map_tile_28_5_source_1_atlas_1_0
1004.071,landed,509.907287597656,80.93359375,-180.0,0.0,land,surface_wood_impact_0.52407427978516
1004.364,coin_collected,461.897186279297,137.256820678711,-180.0,481.481536865234,collect_coin,coin_coin5_score_8
1004.365,sonification,458.897186279297,145.898803710938,-180.0,518.5185546875,osc_received,"value_[1, ""coins-with-pitch""]"
1004.37,platform_landed,455.897186279297,152.933120727539,-180.0,0.0,land_on_platform,platform_scene-1/Tile Map/25_9_layer_Tile Map_tile_25_9_source_1_atlas_2_0
1004.371,landed,455.897186279297,152.933120727539,-180.0,0.0,land,surface_wood_impact_1.11111120605469
1004.405,musicking,449.897186279297,152.933120727539,-180.0,0.0,osc_received,"value_[1, ""platform_pan_nav""]"
1004.797,jump_input_pressed,448.063842773438,152.933120727539,0.0,0.0,Jump,pressed
1004.797,jump_executed,448.063842773438,152.933120727539,0.0,-500.0,jump,x_448.063842773438_y_152.933120727539
1004.828,move_left_pressed,448.063842773438,136.602020263672,-15.0,-458.499969482422,Move_Left,pressed
1004.996,jump_input_released,434.313842773438,75.5048141479492,-66.6666641235352,-254.333206176758,Jump,released
1005.087,jump_peak_reached,433.202728271484,70.7131500244141,-15.0,41.2037048339844,jump_peak,x_433.202728271484_y_70.7131500244141
1005.087,move_left_pressed,433.202728271484,70.7131500244141,-15.0,41.2037048339844,Move_Left,pressed
1005.303,platform_landed,430.702728271484,134.985900878906,0.0,0.0,land_on_platform,platform_scene-1/Tile Map/23_8_layer_Tile Map_tile_23_8_source_1_atlas_0_0
1005.303,landed,430.702728271484,134.985900878906,0.0,0.0,land,surface_wood_impact_1.04537048339844
1005.595,move_left_pressed,430.702728271484,134.985900878906,-33.3333320617676,0.0,Move_Left,pressed
1005.695,jump_input_pressed,419.369415283203,134.985900878906,-180.0,0.0,Jump,pressed
1005.695,jump_executed,419.369415283203,134.985900878906,-180.0,-500.0,jump,x_419.369415283203_y_134.985900878906
1006.129,jump_peak_reached,341.352233886719,28.1095333099365,-180.0,39.8149261474609,jump_peak,x_341.352233886719_y_28.1095333099365
1006.129,jump_input_released,341.352233886719,28.1095333099365,-180.0,39.8149261474609,Jump,released
1006.32,platform_landed,302.352233886719,80.9327697753906,-180.0,0.0,land_on_platform,platform_scene-1/Tile Map/16_5_layer_Tile Map_tile_16_5_source_1_atlas_13_0
1006.32,landed,302.352233886719,80.9327697753906,-180.0,0.0,land,surface_wood_impact_0.96851885986328
1006.321,sonification,302.352233886719,80.9327697753906,-180.0,0.0,osc_received,"value_[1, ""mushrooms""]"
1006.563,jump_input_pressed,263.352233886719,80.9327697753906,-180.0,0.0,Jump,pressed
1006.564,jump_executed,263.352233886719,80.9327697753906,-180.0,-500.0,jump,x_263.352233886719_y_80.9327697753906
1006.564,sonification,260.349792480469,72.5917587280273,-180.0,-500.055541992188,osc_received,"value_[1, ""mushrooms""]"
1006.629,jump_input_released,251.349792480469,49.6574974060059,-180.0,-417.22216796875,Jump,released
1006.729,jump_peak_reached,233.349792480469,44.8658294677734,-180.0,41.2037048339844,jump_peak,x_233.349792480469_y_44.8658294677734
1006.895,platform_landed,200.349792480469,80.9328536987305,-180.0,0.0,land_on_platform,platform_scene-1/Tile Map/11_5_layer_Tile Map_tile_11_5_source_1_atlas_13_0
1006.895,landed,200.349792480469,80.9328536987305,-180.0,0.0,land,surface_wood_impact_0.82314825439453
1006.896,sonification,200.349792480469,80.9328536987305,-180.0,0.0,osc_received,"value_[1, ""mushrooms""]"
1007.203,jump_input_pressed,146.349792480469,80.9328536987305,-180.0,0.0,Jump,pressed
1007.203,jump_executed,146.349792480469,80.9328536987305,-180.0,-500.0,jump,x_146.349792480469_y_80.9328536987305
1007.206,sonification,143.34733581543,72.5917739868164,-180.0,-500.055541992188,osc_received,"value_[1, ""mushrooms""]"
1007.363,jump_input_released,119.34733581543,18.2732601165771,-180.0,-314.999908447266,Jump,released
1007.462,jump_peak_reached,101.34733581543,13.4815940856934,-180.0,41.2037048339844,jump_peak,x_101.34733581543_y_13.4815940856934
1007.696,platform_landed,56.3473358154297,80.9334411621094,-180.0,0.0,land_on_platform,platform_scene-1/Tile Map/3_5_layer_Tile Map_tile_3_5_source_1_atlas_13_0
1007.696,landed,56.3473358154297,80.9334411621094,-180.0,0.0,land,surface_wood_impact_1.11944458007812
1007.698,sonification,56.3473358154297,80.9334411621094,-180.0,0.0,osc_received,"value_[1, ""mushrooms""]"
1008.03,sonification,3.51400256156921,80.9334411621094,0.0,0.0,osc_received,"value_[1, ""mushrooms""]"
1008.037,move_right_pressed,3.51400256156921,80.9334411621094,33.3333320617676,0.0,Move_Right,pressed
1008.045,sonification,4.06955814361572,80.9334411621094,33.3333320617676,0.0,osc_received,"value_[1, ""mushrooms""]"
1008.529,jump_input_pressed,83.8473358154297,80.9334411621094,180.0,0.0,Jump,pressed
1008.529,jump_executed,83.8473358154297,80.9334411621094,180.0,-500.0,jump,x_83.8473358154297_y_80.9334411621094
1008.53,sonification,86.8499526977539,72.5919036865234,180.0,-500.055541992188,osc_received,"value_[1, ""mushrooms""]"
1008.854,jump_input_released,143.849960327148,-21.1941833496094,180.0,-94.9998931884766,Jump,released
1008.962,jump_peak_reached,161.849960327148,-25.48583984375,180.0,46.2038116455078,jump_peak,x_161.849960327148_y_-25.48583984375
1009.237,platform_landed,215.849960327148,80.933723449707,180.0,0.0,land_on_platform,platform_scene-1/Tile Map/11_5_layer_Tile Map_tile_11_5_source_1_atlas_13_0
1009.237,landed,215.849960327148,80.933723449707,180.0,0.0,land,surface_wood_impact_1.35166711425781
1009.238,sonification,215.849960327148,80.933723449707,180.0,0.0,osc_received,"value_[1, ""mushrooms""]"
1010.029,jump_input_pressed,353.849975585938,80.933723449707,180.0,0.0,Jump,pressed
1010.029,jump_executed,353.849975585938,80.933723449707,180.0,-500.0,jump,x_353.849975585938_y_80.933723449707
1010.031,sonification,356.852661132812,72.5919723510742,180.0,-500.055541992188,osc_received,"value_[1, ""mushrooms""]"
1010.037,jump_peak_reached,356.852661132812,72.5919723510742,180.0,-479.222198486328,jump_peak,x_356.852661132812_y_72.5919723510742
1010.496,jump_input_released,437.852661132812,-23.9579887390137,96.6666641235352,113.889007568359,Jump,released
1010.562,platform_landed,439.686004638672,-9.00237655639648,0.0,0.0,land_on_platform,platform_scene-1/Tile Map/24_0_layer_Tile Map_tile_24_0_source_1_atlas_14_7
1010.563,landed,439.686004638672,-9.00237655639648,0.0,0.0,land,surface_wood_impact_0.52407427978516
1010.564,musicking,439.686004638672,-9.00237655639648,0.0,0.0,osc_received,"value_[1, ""cloud""]"
1010.565,sonification,439.686004638672,-9.00237655639648,0.0,0.0,osc_received,"value_[1, ""leadr-mel""]"
1010.57,musicking,439.686004638672,-9.00237655639648,0.0,0.0,osc_received,"value_[1, ""platform_pan_nav""]"
1010.838,move_right_pressed,439.686004638672,-9.00237655639648,33.3333320617676,0.0,Move_Right,pressed
1010.986,jump_input_pressed,460.019317626953,-9.00237655639648,180.0,0.0,Jump,pressed
1010.986,jump_executed,460.019317626953,-9.00237655639648,180.0,-500.0,jump,x_460.019317626953_y_-9.00237655639648
1011.203,jump_peak_reached,499.041107177734,-82.3144836425781,180.0,74.0740737915039,jump_peak,x_499.041107177734_y_-82.3144836425781
1011.496,jump_input_released,550.041137695312,22.6237945556641,180.0,703.703796386719,Jump,released
1011.529,move_left_pressed,556.041137695312,46.6978721618652,81.6666641235352,777.777893066406,Move_Left,pressed
1011.562,platform_landed,557.152221679688,80.9326477050781,-15.0,0.0,land_on_platform,platform_scene-1/Tile Map/30_5_layer_Tile Map_tile_30_5_source_1_atlas_3_0
1011.562,landed,557.152221679688,80.9326477050781,-15.0,0.0,land,surface_wood_impact_1.70370397949219
1011.57,sonification,556.3466796875,80.9326477050781,-48.3333320617676,0.0,osc_received,"value_[1, ""leadr-mel""]"
1012.097,move_right_pressed,515.763366699219,80.9326477050781,33.3333320617676,0.0,Move_Right,pressed
1012.337,jump_input_pressed,554.0966796875,80.9326477050781,180.0,0.0,Jump,pressed
1012.337,jump_executed,554.0966796875,80.9326477050781,180.0,-500.0,jump,x_554.0966796875_y_80.9326477050781
1012.77,jump_peak_reached,632.099060058594,-25.902681350708,180.0,39.8149261474609,jump_peak,x_632.099060058594_y_-25.902681350708
1012.804,jump_input_released,638.099060058594,-23.9582328796387,180.0,113.889007568359,Jump,released
1012.987,move_right_pressed,641.925231933594,30.8118095397949,15.0,521.296447753906,Move_Right,pressed
1013.005,platform_landed,642.675170898438,44.9328193664551,30.0,0.0,land_on_platform,platform_scene-1/Tile Map/35_3_layer_Tile Map_tile_35_3_source_1_atlas_13_0
1013.006,landed,642.675170898438,44.9328193664551,30.0,0.0,land,surface_wood_impact_1.1166669921875
1013.006,sonification,642.675170898438,44.9328193664551,30.0,0.0,osc_received,"value_[1, ""mushrooms""]"
1013.006,sonification,642.675170898438,44.9328193664551,30.0,0.0,osc_received,"value_[1, ""leadr-mel""]"
1014.062,move_left_pressed,824.230712890625,44.9328193664551,96.6666641235352,0.0,Move_Left,pressed
1014.104,sonification,826.064025878906,44.9328193664551,0.0,0.0,osc_received,"value_[1, ""mushrooms""]"
1014.131,sonification,826.619567871094,44.9328193664551,33.3333320617676,0.0,osc_received,"value_[1, ""mushrooms""]"
1014.264,sonification,839.230651855469,44.9328193664551,0.0,0.0,osc_received,"value_[1, ""mushrooms""]"
1014.687,move_left_pressed,839.230651855469,44.9328193664551,-33.3333320617676,0.0,Move_Left,pressed
1014.687,sonification,838.675109863281,44.9328193664551,-33.3333320617676,0.0,osc_received,"value_[1, ""mushrooms""]"
1015.163,jump_input_pressed,761.897338867188,44.9328193664551,-180.0,0.0,Jump,pressed
1015.163,jump_executed,761.897338867188,44.9328193664551,-180.0,-500.0,jump,x_761.897338867188_y_44.9328193664551
1015.17,sonification,755.894897460938,28.6028747558594,-180.0,-479.333312988281,osc_received,"value_[1, ""mushrooms""]"
1015.596,jump_peak_reached,683.894897460938,-61.9026374816895,-180.0,39.8149261474609,jump_peak,x_683.894897460938_y_-61.9026374816895
1015.695,jump_input_released,665.894897460938,-48.6618881225586,-96.6666641235352,262.037139892578,Jump,released
1015.761,platform_landed,664.061584472656,-27.0217037200928,0.0,0.0,land_on_platform,platform_scene-1/Tile Map/36_-1_layer_Tile Map_tile_36_-1_source_1_atlas_13_7
1015.762,landed,664.061584472656,-27.0217037200928,0.0,0.0,land,surface_wood_impact_0.82037066650391
1015.764,musicking,664.061584472656,-27.0217037200928,0.0,0.0,osc_received,"value_[1, ""cloud""]"
1016.099,move_left_pressed,664.061584472656,-27.0217037200928,-33.3333320617676,0.0,Move_Left,pressed
1016.131,jump_input_pressed,662.394958496094,-27.0217037200928,-100.0,0.0,Jump,pressed
1016.131,jump_executed,662.394958496094,-27.0217037200928,-100.0,-500.0,jump,x_662.394958496094_y_-27.0217037200928
1016.546,jump_input_released,591.6357421875,-133.942108154297,-180.0,2.77788853645325,Jump,released
1016.564,jump_peak_reached,588.6357421875,-133.895812988281,-180.0,39.8149261474609,jump_peak,x_588.6357421875_y_-133.895812988281
1016.796,platform_landed,574.802429199219,-63.016674041748,0.0,0.0,land_on_platform,platform_scene-1/Tile Map/31_-3_layer_Tile Map_tile_31_-3_source_1_atlas_2_0
1016.796,landed,574.802429199219,-63.016674041748,0.0,0.0,land,surface_wood_impact_1.1166669921875
1017.114,move_left_pressed,574.802429199219,-63.016674041748,-33.3333320617676,0.0,Move_Left,pressed
1017.114,jump_input_pressed,574.802429199219,-63.016674041748,-33.3333320617676,0.0,Jump,pressed
1017.114,jump_executed,574.802429199219,-63.016674041748,-33.3333320617676,-500.0,jump,x_574.802429199219_y_-63.016674041748
1017.545,jump_peak_reached,509.993591308594,-169.896789550781,-180.0,39.8149261474609,jump_peak,x_509.993591308594_y_-169.896789550781
1017.603,jump_input_released,500.993591308594,-166.054183959961,-96.6666641235352,150.926040649414,Jump,released
1017.72,coin_collected,499.160247802734,-135.483200073242,0.0,373.148284912109,collect_coin,coin_coin9_score_10
1017.721,sonification,499.160247802734,-128.646774291992,0.0,410.185333251953,osc_received,"value_[1, ""coins-with-pitch""]"
1017.763,platform_landed,499.160247802734,-117.031463623047,0.0,0.0,land_on_platform,platform_scene-1/Tile Map/27_-6_layer_Tile Map_tile_27_-6_source_1_atlas_2_0
1017.763,landed,499.160247802734,-117.031463623047,0.0,0.0,land,surface_wood_impact_0.96851885986328
1017.796,musicking,499.160247802734,-117.031463623047,0.0,0.0,osc_received,"value_[1, ""platform_pan_nav""]"
1018.063,move_right_pressed,499.160247802734,-117.031463623047,33.3333320617676,0.0,Move_Right,pressed
1018.137,jump_input_pressed,507.493560791016,-117.07022857666,180.0,0.0,Jump,pressed
1018.137,jump_executed,507.493560791016,-117.07022857666,180.0,-500.0,jump,x_507.493560791016_y_-117.07022857666
1018.328,jump_input_released,530.328491210938,-189.908920288086,0.0,-274.499877929688,Jump,released
1018.429,jump_peak_reached,530.328491210938,-194.700592041016,0.0,41.2037048339844,jump_peak,x_530.328491210938_y_-194.700592041016
1018.637,platform_landed,530.328491210938,-135.004745483398,0.0,0.0,land_on_platform,platform_scene-1/Tile Map/29_-7_layer_Tile Map_tile_29_-7_source_1_atlas_0_0
1018.637,landed,530.328491210938,-135.004745483398,0.0,0.0,land,surface_wood_impact_1.04537048339844
1018.771,jump_input_pressed,530.328491210938,-135.004745483398,0.0,0.0,Jump,pressed
1018.771,jump_executed,530.328491210938,-135.004745483398,0.0,-500.0,jump,x_530.328491210938_y_-135.004745483398
1018.797,move_left_pressed,530.328491210938,-143.401031494141,-15.0,-479.222198486328,Move_Left,pressed
1019.137,jump_input_released,483.828491210938,-240.065856933594,-180.0,-55.722110748291,Jump,released
1019.203,jump_peak_reached,471.828491210938,-241.697326660156,-180.0,43.8149261474609,jump_peak,x_471.828491210938_y_-241.697326660156
1019.363,platform_landed,454.995147705078,-207.009902954102,0.0,0.0,land_on_platform,platform_scene-1/Tile Map/25_-11_layer_Tile Map_tile_25_-11_source_1_atlas_2_0
1019.363,landed,454.995147705078,-207.009902954102,0.0,0.0,land,surface_wood_impact_0.75429656982422
1019.62,jump_input_pressed,454.995147705078,-207.009902954102,0.0,0.0,Jump,pressed
1019.62,jump_executed,454.995147705078,-207.009902954102,0.0,-500.0,jump,x_454.995147705078_y_-207.009902954102
1019.87,jump_peak_reached,458.832733154297,-269.861785888672,0.0,49.1119194030762,jump_peak,x_458.832733154297_y_-269.861785888672
1019.921,move_left_pressed,458.832733154297,-265.554321289062,-15.0,160.223037719727,Move_Left,pressed
1020.055,jump_input_released,449.832733154297,-226.907302856445,-36.6666679382324,456.519378662109,Jump,released
1020.096,platform_landed,449.221618652344,-207.03108215332,0.0,0.0,land_on_platform,platform_scene-1/Tile Map/24_-11_layer_Tile Map_tile_24_-11_source_1_atlas_1_0
1020.096,landed,449.221618652344,-207.03108215332,0.0,0.0,land,surface_wood_impact_1.06118688964844
1020.33,move_right_pressed,449.221618652344,-207.03108215332,33.3333320617676,0.0,Move_Right,pressed
1020.463,jump_input_pressed,466.554931640625,-207.070175170898,96.6666641235352,0.0,Jump,pressed
1020.463,jump_executed,466.554931640625,-207.070175170898,96.6666641235352,-500.0,jump,x_466.554931640625_y_-207.070175170898
1020.505,move_left_pressed,468.389221191406,-231.042663574219,-15.0,-437.833282470703,Move_Left,pressed
1020.862,jump_input_released,444.32470703125,-313.649078369141,-165.0,-16.6665554046631,Jump,released
1020.887,jump_peak_reached,438.57470703125,-313.857391357422,-180.0,41.2038154602051,jump_peak,x_438.57470703125_y_-313.857391357422
1020.997,platform_landed,418.963592529297,-297.066680908203,-96.6666641235352,0.0,land_on_platform,platform_scene-1/Tile Map/23_-16_layer_Tile Map_tile_23_-16_source_1_atlas_2_0
1020.997,landed,418.963592529297,-297.066680908203,-96.6666641235352,0.0,land,surface_wood_impact_0.52685205078125
1021.005,musicking,418.741363525391,-297.066680908203,-13.3333311080933,0.0,osc_received,"value_[1, ""platform_pan_nav""]"
1021.105,move_left_pressed,418.741363525391,-297.066680908203,-33.3333320617676,0.0,Move_Left,pressed
1021.496,platform_landed,366.559692382812,-243.026184082031,0.0,0.0,land_on_platform,platform_scene-1/Tile Map/20_-13_layer_Tile Map_tile_20_-13_source_1_atlas_1_0
1021.496,landed,366.559692382812,-243.026184082031,0.0,0.0,land,surface_wood_impact_0.96296307373047
1022.104,jump_input_pressed,366.559692382812,-243.026184082031,0.0,0.0,Jump,pressed
1022.104,jump_executed,366.559692382812,-243.026184082031,0.0,-500.0,jump,x_366.559692382812_y_-243.026184082031
1022.162,move_left_pressed,366.559692382812,-267.037139892578,-15.0,-437.833282470703,Move_Left,pressed
1022.37,jump_input_released,344.059692382812,-335.491760253906,-180.0,-174.222106933594,Jump,released
1022.47,jump_peak_reached,326.059692382812,-340.283416748047,-180.0,41.2037048339844,jump_peak,x_326.059692382812_y_-340.283416748047
1022.83,platform_landed,309.226348876953,-189.034362792969,0.0,0.0,land_on_platform,platform_scene-1/Tile Map/17_-10_layer_Tile Map_tile_17_-10_source_1_atlas_3_0
1022.83,landed,309.226348876953,-189.034362792969,0.0,0.0,land,surface_wood_impact_1.63796325683594
1023.429,jump_input_pressed,309.226348876953,-189.034362792969,0.0,0.0,Jump,pressed
1023.429,jump_executed,309.226348876953,-189.034362792969,0.0,-500.0,jump,x_309.226348876953_y_-189.034362792969
1023.462,move_right_pressed,309.226348876953,-205.393768310547,15.0,-458.499969482422,Move_Right,pressed
1023.862,jump_peak_reached,364.726348876953,-295.899261474609,180.0,39.8149261474609,jump_peak,x_364.726348876953_y_-295.899261474609
1023.932,jump_input_released,376.726348876953,-289.541229248047,96.6666641235352,187.963073730469,Jump,released
1024.063,platform_landed,378.559692382812,-243.002395629883,0.0,0.0,land_on_platform,platform_scene-1/Tile Map/20_-13_layer_Tile Map_tile_20_-13_source_1_atlas_1_0
1024.063,landed,378.559692382812,-243.002395629883,0.0,0.0,land,surface_wood_impact_0.96851885986328
1024.231,move_right_pressed,378.559692382812,-243.002395629883,33.3333320617676,0.0,Move_Right,pressed
1024.232,jump_input_pressed,378.559692382812,-243.002395629883,33.3333320617676,0.0,Jump,pressed
1024.232,jump_executed,378.559692382812,-243.002395629883,33.3333320617676,-500.0,jump,x_378.559692382812_y_-243.002395629883
1024.538,jump_input_released,422.369659423828,-343.260314941406,180.0,-114.722114562988,Jump,released
1024.637,jump_peak_reached,430.203002929688,-348.051971435547,0.0,41.2037048339844,jump_peak,x_430.203002929688_y_-348.051971435547
1024.837,platform_landed,430.203002929688,-297.015319824219,0.0,0.0,land_on_platform,platform_scene-1/Tile Map/23_-16_layer_Tile Map_tile_23_-16_source_1_atlas_2_0
1024.837,landed,430.203002929688,-297.015319824219,0.0,0.0,land,surface_wood_impact_0.97129644775391
1024.863,musicking,430.203002929688,-297.015319824219,0.0,0.0,osc_received,"value_[1, ""platform_pan_nav""]"
1024.962,move_right_pressed,430.203002929688,-297.015319824219,33.3333320617676,0.0,Move_Right,pressed
1024.962,jump_input_pressed,430.203002929688,-297.015319824219,33.3333320617676,0.0,Jump,pressed
1024.962,jump_executed,430.203002929688,-297.015319824219,33.3333320617676,-500.0,jump,x_430.203002929688_y_-297.015319824219
1025.363,jump_input_released,489.011932373047,-403.641876220703,180.0,-16.6665554046631,Jump,released
1025.387,jump_peak_reached,495.011932373047,-403.850189208984,180.0,41.2038154602051,jump_peak,x_495.011932373047_y_-403.850189208984
1025.597,platform_landed,534.011962890625,-351.066314697266,180.0,0.0,land_on_platform,platform_scene-1/Tile Map/29_-19_layer_Tile Map_tile_29_-19_source_1_atlas_12_0
1025.597,landed,534.011962890625,-351.066314697266,180.0,0.0,land,surface_wood_impact_0.97129663085938
1025.598,sonification,534.011962890625,-351.066314697266,180.0,0.0,osc_received,"value_[1, ""mushrooms""]"
1025.798,sonification,562.897399902344,-349.818267822266,0.0,0.0,osc_received,"value_[1, ""mushrooms""]"
1026.087,move_right_pressed,562.897399902344,-349.818267822266,33.3333320617676,0.0,Move_Right,pressed
1026.396,platform_landed,572.307739257812,-257.9619140625,0.0,0.0,land_on_platform,platform_scene-1/Tile Map/31_-14_layer_Tile Map_tile_31_-14_source_1_atlas_18_3
1026.396,landed,572.307739257812,-257.9619140625,0.0,0.0,land,surface_wood_impact_1.25925939941406
1026.397,musicking,572.307739257812,-257.9619140625,0.0,0.0,osc_received,"value_[1, ""leaves""]"
1026.871,move_right_pressed,572.307739257812,-257.9619140625,33.3333320617676,0.0,Move_Right,pressed
1026.932,jump_input_pressed,575.641235351562,-258.022338867188,133.33332824707,0.0,Jump,pressed
1026.932,jump_executed,575.641235351562,-258.022338867188,133.33332824707,-500.0,jump,x_575.641235351562_y_-258.022338867188
1027.353,jump_peak_reached,652.030334472656,-364.851715087891,180.0,39.8149261474609,jump_peak,x_652.030334472656_y_-364.851715087891
1027.437,jump_input_released,665.641418457031,-355.360961914062,13.3333311080933,225.000106811523,Jump,released
1027.462,platform_landed,665.863647460938,-348.002838134766,0.0,0.0,land_on_platform,platform_scene-1/Tile Map/36_-19_layer_Tile Map_tile_36_-19_source_1_atlas_17_3
1027.462,landed,665.863647460938,-348.002838134766,0.0,0.0,land,surface_wood_impact_0.52407427978516
1027.464,musicking,665.863647460938,-348.002838134766,0.0,0.0,osc_received,"value_[1, ""leaves""]"
1027.471,musicking,665.863647460938,-348.002838134766,0.0,0.0,osc_received,"value_[1, ""platform_pan_nav""]"
1028.63,move_left_pressed,665.863647460938,-348.002838134766,-33.3333320617676,0.0,Move_Left,pressed
1028.913,jump_input_pressed,621.496826171875,-324.857452392578,-180.0,333.333343505859,Jump,pressed
1029.046,platform_landed,596.786437988281,-256.224884033203,-180.0,0.0,land_on_platform,platform_scene-1/Tile Map/32_-14_layer_Tile Map_tile_32_-14_source_1_atlas_19_3
1029.046,landed,596.786437988281,-256.224884033203,-180.0,0.0,land,surface_wood_impact_1.25925939941406
1029.046,musicking,596.786437988281,-256.224884033203,-180.0,0.0,osc_received,"value_[1, ""leaves""]"
1029.064,jump_executed,596.786437988281,-256.224884033203,-180.0,-500.0,jump,x_596.786437988281_y_-256.224884033203
1029.065,musicking,593.786437988281,-264.559143066406,-180.0,-500.055541992188,osc_received,"value_[1, ""chain-jumps""]"
1029.246,jump_input_released,566.601684570312,-328.897155761719,-15.0,-274.499877929688,Jump,released
1029.345,jump_peak_reached,566.351684570312,-333.688812255859,0.0,41.2037048339844,jump_peak,x_566.351684570312_y_-333.688812255859
1029.412,move_right_pressed,566.351684570312,-327.238189697266,15.0,189.351852416992,Move_Right,pressed
1029.599,platform_landed,585.922180175781,-258.039886474609,180.0,0.0,land_on_platform,platform_scene-1/Tile Map/32_-14_layer_Tile Map_tile_32_-14_source_1_atlas_19_3
1029.6,landed,585.922180175781,-258.039886474609,180.0,0.0,land,surface_wood_impact_1.19351867675781
1029.6,musicking,585.922180175781,-258.039886474609,180.0,0.0,osc_received,"value_[1, ""leaves""]"
1029.829,move_left_pressed,593.770690917969,-257.750823974609,-33.3333320617676,0.0,Move_Left,pressed
1029.979,musicking,571.855712890625,-258.024475097656,-96.6666641235352,0.0,osc_received,"value_[1, ""chain-jumps-combo-walk""]"
1031.054,jump_input_pressed,571.633483886719,-258.024475097656,0.0,0.0,Jump,pressed
1031.054,jump_executed,571.633483886719,-258.024475097656,0.0,-500.0,jump,x_571.633483886719_y_-258.024475097656
1031.272,move_left_pressed,571.633483886719,-339.704895019531,-15.0,-234.222106933594,Move_Left,pressed
1031.497,jump_peak_reached,549.133483886719,-364.862274169922,-180.0,39.8149261474609,jump_peak,x_549.133483886719_y_-364.862274169922
1031.498,jump_input_released,549.133483886719,-364.862274169922,-180.0,39.8149261474609,Jump,released
1031.596,platform_landed,535.300170898438,-351.015899658203,0.0,0.0,land_on_platform,platform_scene-1/Tile Map/29_-19_layer_Tile Map_tile_29_-19_source_1_atlas_12_0
1031.596,landed,535.300170898438,-351.015899658203,0.0,0.0,land,surface_wood_impact_0.52407427978516
1031.604,musicking,535.300170898438,-351.015899658203,0.0,0.0,osc_received,"value_[1, ""platform_pan_nav""]"
1031.762,move_right_pressed,535.300170898438,-351.015899658203,33.3333320617676,0.0,Move_Right,pressed
1031.765,sonification,535.855712890625,-351.015899658203,33.3333320617676,0.0,osc_received,"value_[1, ""mushrooms""]"
1031.863,jump_input_pressed,546.633483886719,-351.068206787109,180.0,0.0,Jump,pressed
1031.863,jump_executed,546.633483886719,-351.068206787109,180.0,-500.0,jump,x_546.633483886719_y_-351.068206787109
1031.864,sonification,549.635620117188,-359.408477783203,180.0,-500.055541992188,osc_received,"value_[1, ""mushrooms""]"
1032.287,jump_peak_reached,624.635620117188,-457.902893066406,180.0,39.8149261474609,jump_peak,x_624.635620117188_y_-457.902893066406
1032.337,jump_input_released,632.246704101562,-454.060302734375,13.3333311080933,150.926040649414,Jump,released
1032.37,coin_collected,632.468933105469,-448.412139892578,0.0,187.963073730469,collect_coin,coin_coin11_score_12
1032.372,sonification,632.468933105469,-444.662139892578,0.0,225.000106811523,osc_received,"value_[1, ""coins-with-pitch""]"
1032.462,platform_landed,632.468933105469,-420.044372558594,0.0,0.0,land_on_platform,platform_scene-1/Tile Map/35_-23_layer_Tile Map_tile_35_-23_source_1_atlas_19_3
1032.462,landed,632.468933105469,-420.044372558594,0.0,0.0,land,surface_wood_impact_0.82037066650391
1032.463,musicking,632.468933105469,-420.044372558594,0.0,0.0,osc_received,"value_[1, ""leaves""]"
1032.631,move_left_pressed,632.468933105469,-420.044372558594,-33.3333320617676,0.0,Move_Left,pressed
1032.672,jump_input_pressed,629.1357421875,-419.984710693359,-133.33332824707,0.0,Jump,pressed
1032.672,jump_executed,629.1357421875,-419.984710693359,-133.33332824707,-500.0,jump,x_629.1357421875_y_-419.984710693359
1033.104,jump_peak_reached,552.730529785156,-526.874572753906,-180.0,39.8149261474609,jump_peak,x_552.730529785156_y_-526.874572753906
1033.262,jump_input_released,525.730529785156,-498.680145263672,-180.0,373.148284912109,Jump,released
1033.371,platform_landed,501.739685058594,-438.049591064453,-180.0,0.0,land_on_platform,platform_scene-1/Tile Map/27_-24_layer_Tile Map_tile_27_-24_source_1_atlas_13_6
1033.371,landed,501.739685058594,-438.049591064453,-180.0,0.0,land,surface_wood_impact_1.26481518554687
1033.372,musicking,501.739685058594,-438.049591064453,-180.0,0.0,osc_received,"value_[1, ""water-tube""]"
1036.189,move_right_pressed,-2.27019286155701,-437.984069824219,-63.3333396911621,0.0,Move_Right,pressed
1036.896,jump_input_pressed,110.007965087891,-438.057952880859,180.0,0.0,Jump,pressed
1036.896,jump_executed,110.007965087891,-438.057952880859,180.0,-500.0,jump,x_110.007965087891_y_-438.057952880859
1037.329,jump_peak_reached,188.012847900391,-544.900146484375,180.0,39.8149261474609,jump_peak,x_188.012847900391_y_-544.900146484375
1037.456,jump_input_released,212.012847900391,-522.307556152344,180.0,336.111236572266,Jump,released
1037.628,platform_landed,245.026657104492,-438.055694580078,180.0,0.0,land_on_platform,platform_scene-1/Tile Map/13_-24_layer_Tile Map_tile_13_-24_source_1_atlas_13_6
1037.628,landed,245.026657104492,-438.055694580078,180.0,0.0,land,surface_wood_impact_1.41296337890625
1037.629,musicking,245.026657104492,-438.055694580078,180.0,0.0,osc_received,"value_[1, ""water-tube""]"
1039.329,jump_input_pressed,547.444519042969,-437.945739746094,180.0,74.0740737915039,Jump,pressed
1039.329,jump_executed,547.444519042969,-437.945739746094,180.0,-500.0,jump,x_547.444519042969_y_-437.945739746094
1039.663,jump_input_released,607.444519042969,-540.066040039062,180.0,-94.9998931884766,Jump,released
1039.762,jump_peak_reached,625.444519042969,-544.357727050781,180.0,46.2038116455078,jump_peak,x_625.444519042969_y_-544.357727050781
1039.932,move_left_pressed,633.27783203125,-508.879333496094,-15.0,416.57421875,Move_Left,pressed
1040.07,platform_landed,623.666748046875,-420.021118164062,0.0,0.0,land_on_platform,platform_scene-1/Tile Map/34_-23_layer_Tile Map_tile_34_-23_source_1_atlas_17_3
1040.07,landed,623.666748046875,-420.021118164062,0.0,0.0,land,surface_wood_impact_1.49981530761719
1040.071,musicking,623.666748046875,-420.021118164062,0.0,0.0,osc_received,"value_[1, ""leaves""]"
1040.396,move_right_pressed,623.666748046875,-420.021118164062,33.3333320617676,0.0,Move_Right,pressed
1040.43,jump_input_pressed,625.333435058594,-420.064514160156,100.0,0.0,Jump,pressed
1040.43,jump_executed,625.333435058594,-420.064514160156,100.0,-500.0,jump,x_625.333435058594_y_-420.064514160156
1040.862,jump_peak_reached,699.084228515625,-526.896545410156,180.0,39.8149261474609,jump_peak,x_699.084228515625_y_-526.896545410156
1040.904,jump_input_released,708.084228515625,-523.053955078125,180.0,150.926040649414,Jump,released
1041.003,platform_landed,712.917541503906,-495.009490966797,0.0,0.0,land_on_platform,platform_scene-1/Tile Map/39_-27_layer_Tile Map_tile_39_-27_source_1_atlas_2_0
1041.004,landed,712.917541503906,-495.009490966797,0.0,0.0,land,surface_wood_impact_0.74629656982422
1041.03,musicking,712.917541503906,-495.009490966797,0.0,0.0,osc_received,"value_[1, ""platform_pan_nav""]"
1041.505,jump_input_pressed,712.917541503906,-495.009490966797,0.0,0.0,Jump,pressed
1041.505,jump_executed,712.917541503906,-495.009490966797,0.0,-500.0,jump,x_712.917541503906_y_-495.009490966797
1041.532,move_right_pressed,712.917541503906,-503.401641845703,15.0,-479.222198486328,Move_Right,pressed
1041.936,jump_peak_reached,771.417541503906,-601.89599609375,180.0,39.8149261474609,jump_peak,x_771.417541503906_y_-601.89599609375
1042.032,jump_input_released,786.417541503906,-592.4052734375,180.0,225.000106811523,Jump,released
1042.037,platform_landed,792.417541503906,-585.066345214844,180.0,0.0,land_on_platform,platform_scene-1/Tile Map/43_-32_layer_Tile Map_tile_43_-32_source_1_atlas_2_0
1042.037,landed,792.417541503906,-585.066345214844,180.0,0.0,land,surface_wood_impact_0.52407427978516
1042.462,move_left_pressed,860.2734375,-500.61962890625,-1.66666889190674,629.629699707031,Move_Left,pressed
1042.496,coin_collected,859.967895507812,-479.014678955078,-16.6666679382324,666.666748046875,collect_coin,coin_coin17_score_14
1042.497,platform_landed,859.449768066406,-474.052215576172,-31.6666679382324,0.0,land_on_platform,platform_scene-1/Tile Map/47_-26_layer_Tile Map_tile_47_-26_source_1_atlas_13_6
1042.497,landed,859.449768066406,-474.052215576172,-31.6666679382324,0.0,land,surface_wood_impact_1.40740759277344
1042.498,sonification,859.449768066406,-474.052215576172,-31.6666679382324,0.0,osc_received,"value_[1, ""coins-with-pitch""]"
1042.498,musicking,859.449768066406,-474.052215576172,-31.6666679382324,0.0,osc_received,"value_[1, ""water-tube""]"
1042.603,coin_collected,845.783081054688,-474.052215576172,-180.0,0.0,collect_coin,coin_coin16_score_16
1042.604,sonification,842.783081054688,-474.052215576172,-180.0,0.0,osc_received,"value_[1, ""coins-with-pitch""]"
1042.87,move_right_pressed,831.949768066406,-474.052215576172,33.3333320617676,0.0,Move_Right,pressed
1043.304,coin_collected,903.283081054688,-474.052215576172,180.0,0.0,collect_coin,coin_coin18_score_18
1043.305,sonification,906.283081054688,-474.052215576172,180.0,0.0,osc_received,"value_[1, ""coins-with-pitch""]"
1043.504,coin_collected,939.283081054688,-474.052215576172,180.0,0.0,collect_coin,coin_coin19_score_20
1043.507,sonification,942.283081054688,-474.052215576172,180.0,0.0,osc_received,"value_[1, ""coins-with-pitch""]"
1043.765,move_left_pressed,984.283081054688,-474.052215576172,96.6666641235352,0.0,Move_Left,pressed
1044.655,jump_input_pressed,836.560852050781,-474.052215576172,-180.0,0.0,Jump,pressed
1044.655,jump_executed,836.560852050781,-474.052215576172,-180.0,-500.0,jump,x_836.560852050781_y_-474.052215576172
1044.838,move_right_pressed,810.723327636719,-546.898193359375,15.0,-274.499877929688,Move_Right,pressed
1044.87,jump_peak_reached,811.4765625,-550.310302734375,45.0,74.0740737915039,jump_peak,x_811.4765625_y_-550.310302734375
1045.105,platform_landed,845.237121582031,-474.047454833984,180.0,0.0,land_on_platform,platform_scene-1/Tile Map/46_-26_layer_Tile Map_tile_46_-26_source_1_atlas_13_6
1045.105,landed,845.237121582031,-474.047454833984,180.0,0.0,land,surface_wood_impact_1.18518530273438
1045.106,musicking,845.237121582031,-474.047454833984,180.0,0.0,osc_received,"value_[1, ""water-tube""]"
1045.195,jump_input_released,857.237121582031,-474.047454833984,180.0,0.0,Jump,released
1045.238,move_left_pressed,864.848205566406,-474.047454833984,0.0,0.0,Move_Left,pressed
1045.495,jump_input_pressed,845.68115234375,-474.047454833984,0.0,0.0,Jump,pressed
1045.495,jump_executed,845.68115234375,-474.047454833984,0.0,-500.0,jump,x_845.68115234375_y_-474.047454833984
1045.929,jump_peak_reached,845.68115234375,-580.883605957031,0.0,39.8149261474609,jump_peak,x_845.68115234375_y_-580.883605957031
1046.097,jump_input_released,845.68115234375,-546.470031738281,0.0,410.185333251953,Jump,released
1046.23,platform_landed,845.68115234375,-474.000183105469,0.0,0.0,land_on_platform,platform_scene-1/Tile Map/46_-26_layer_Tile Map_tile_46_-26_source_1_atlas_13_6
1046.23,landed,845.68115234375,-474.000183105469,0.0,0.0,land,surface_wood_impact_1.41296337890625
1046.232,musicking,845.68115234375,-474.000183105469,0.0,0.0,osc_received,"value_[1, ""water-tube""]"
1046.305,move_left_pressed,845.68115234375,-474.000183105469,-33.3333320617676,0.0,Move_Left,pressed
1046.898,move_left_pressed,823.515014648438,-474.113159179688,-33.3333320617676,0.0,Move_Left,pressed
1046.963,jump_input_pressed,818.351989746094,-475.042266845703,-166.666656494141,0.0,Jump,pressed
1046.963,jump_executed,818.351989746094,-475.042266845703,-166.666656494141,-500.0,jump,x_818.351989746094_y_-475.042266845703
1047.17,jump_peak_reached,779.568420410156,-550.314819335938,-180.0,74.0740737915039,jump_peak,x_779.568420410156_y_-550.314819335938
1047.371,platform_landed,745.132080078125,-492.244750976562,-180.0,0.0,land_on_platform,platform_scene-1/Tile Map/40_-27_layer_Tile Map_tile_40_-27_source_1_atlas_3_0
1047.371,landed,745.132080078125,-492.244750976562,-180.0,0.0,land,surface_wood_impact_1.037037109375
1047.564,jump_input_released,744.62451171875,-492.008361816406,-33.3333320617676,0.0,Jump,released
1047.829,move_left_pressed,746.135681152344,-451.943054199219,-15.0,444.444488525391,Move_Left,pressed
1048.071,jump_input_pressed,717.635681152344,-276.017120361328,-180.0,1000.00018310547,Jump,pressed
1048.231,jump_input_released,690.635681152344,-103.794921875,-180.0,1333.33312988281,Jump,released
1048.272,platform_landed,680.024536132812,-27.0667419433594,-96.6666641235352,0.0,land_on_platform,platform_scene-1/Tile Map/37_-1_layer_Tile Map_tile_37_-1_source_1_atlas_15_7
1048.272,landed,680.024536132812,-27.0667419433594,-96.6666641235352,0.0,land,surface_wood_impact_2.88888818359375
1048.279,musicking,680.024536132812,-27.0667419433594,-96.6666641235352,0.0,osc_received,"value_[1, ""cloud""]"
1048.279,sonification,680.024536132812,-27.0667419433594,-96.6666641235352,0.0,osc_received,"value_[1, ""leadr-mel""]"
1048.312,musicking,679.802307128906,-27.0667419433594,0.0,0.0,osc_received,"value_[1, ""far-fall""]"
1049.063,move_left_pressed,679.802307128906,-27.0667419433594,-33.3333320617676,0.0,Move_Left,pressed
1049.104,jump_input_pressed,676.468994140625,-27.0667419433594,-133.33332824707,0.0,Jump,pressed
1049.104,jump_executed,676.468994140625,-27.0667419433594,-133.33332824707,-500.0,jump,x_676.468994140625_y_-27.0667419433594
1049.536,jump_peak_reached,600.078063964844,-133.902923583984,-180.0,39.8149261474609,jump_peak,x_600.078063964844_y_-133.902923583984
1049.562,jump_input_released,597.078063964844,-133.239334106445,-180.0,76.8519668579102,Jump,released
1049.779,platform_landed,559.24609375,-63.0713996887207,-13.3333311080933,0.0,land_on_platform,platform_scene-1/Tile Map/31_-3_layer_Tile Map_tile_31_-3_source_1_atlas_2_0
1049.779,landed,559.24609375,-63.0713996887207,-13.3333311080933,0.0,land,surface_wood_impact_1.1166669921875
1049.781,sonification,559.24609375,-63.0713996887207,-13.3333311080933,0.0,osc_received,"value_[1, ""leadr-mel""]"
1049.812,musicking,559.24609375,-63.0713996887207,0.0,0.0,osc_received,"value_[1, ""platform_pan_nav""]"
1049.996,jump_input_pressed,559.24609375,-63.0713996887207,0.0,0.0,Jump,pressed
1049.996,jump_executed,559.24609375,-63.0713996887207,0.0,-500.0,jump,x_559.24609375_y_-63.0713996887207
1050.065,move_left_pressed,559.24609375,-94.3439331054688,-15.0,-417.22216796875,Move_Left,pressed
1050.246,jump_input_released,542.74609375,-152.246719360352,-180.0,-194.166549682617,Jump,released
1050.345,jump_peak_reached,524.74609375,-157.038391113281,-180.0,41.2037048339844,jump_peak,x_524.74609375_y_-157.038391113281
1050.47,platform_landed,519.912780761719,-134.287521362305,0.0,0.0,land_on_platform,platform_scene-1/Tile Map/29_-7_layer_Tile Map_tile_29_-7_source_1_atlas_0_0
1050.47,landed,519.912780761719,-134.287521362305,0.0,0.0,land,surface_wood_impact_0.60092596435547
1050.478,sonification,519.912780761719,-134.287521362305,0.0,0.0,osc_received,"value_[1, ""leadr-mel""]"
1050.554,move_right_pressed,519.912780761719,-134.287521362305,33.3333320617676,0.0,Move_Right,pressed
1050.928,move_left_pressed,538.812133789062,-135.000793457031,-33.3333320617676,0.0,Move_Left,pressed
1050.964,jump_input_pressed,537.1455078125,-135.000793457031,-100.0,0.0,Jump,pressed
1050.964,jump_executed,537.1455078125,-135.000793457031,-100.0,-500.0,jump,x_537.1455078125_y_-135.000793457031
1051.345,jump_input_released,469.3828125,-241.637832641602,-180.0,-16.6665554046631,Jump,released
1051.379,jump_peak_reached,463.3828125,-241.846160888672,-96.6666641235352,41.2038154602051,jump_peak,x_463.3828125_y_-241.846160888672
1051.546,platform_landed,461.549468994141,-207.013519287109,0.0,0.0,land_on_platform,platform_scene-1/Tile Map/25_-11_layer_Tile Map_tile_25_-11_source_1_atlas_2_0
1051.546,landed,461.549468994141,-207.013519287109,0.0,0.0,land,surface_wood_impact_0.8231484375
1051.546,sonification,461.549468994141,-207.013519287109,0.0,0.0,osc_received,"value_[1, ""leadr-mel""]"
1051.648,move_right_pressed,461.549468994141,-207.013519287109,33.3333320617676,0.0,Move_Right,pressed
1051.745,jump_input_pressed,472.882781982422,-207.013519287109,180.0,0.0,Jump,pressed
1051.746,jump_executed,472.882781982422,-207.013519287109,180.0,-500.0,jump,x_472.882781982422_y_-207.013519287109
1052.179,jump_peak_reached,550.900146484375,-313.890319824219,180.0,39.8149261474609,jump_peak,x_550.900146484375_y_-313.890319824219
1052.313,jump_input_released,574.900146484375,-291.297729492188,180.0,336.111236572266,Jump,released
1052.379,platform_landed,585.740417480469,-258.041717529297,13.3333311080933,0.0,land_on_platform,platform_scene-1/Tile Map/32_-14_layer_Tile Map_tile_32_-14_source_1_atlas_19_3
1052.379,landed,585.740417480469,-258.041717529297,13.3333311080933,0.0,land,surface_wood_impact_0.96851885986328
1052.383,musicking,585.740417480469,-258.041717529297,13.3333311080933,0.0,osc_received,"value_[1, ""leaves""]"
1052.383,sonification,585.740417480469,-258.041717529297,13.3333311080933,0.0,osc_received,"value_[1, ""leadr-mel""]"
1052.496,move_left_pressed,585.740417480469,-258.041717529297,-33.3333320617676,0.0,Move_Left,pressed
1052.829,move_right_pressed,566.574462890625,-258.025329589844,33.3333320617676,0.0,Move_Right,pressed
1052.879,jump_input_pressed,569.907775878906,-258.025329589844,133.33332824707,0.0,Jump,pressed
1052.879,jump_executed,569.907775878906,-258.025329589844,133.33332824707,-500.0,jump,x_569.907775878906_y_-258.025329589844
1053.304,jump_peak_reached,646.299865722656,-364.865905761719,180.0,39.8149261474609,jump_peak,x_646.299865722656_y_-364.865905761719
1053.404,jump_input_released,664.299865722656,-351.625152587891,96.6666641235352,262.037139892578,Jump,released
1053.405,platform_landed,665.912780761719,-348.049011230469,96.6666641235352,0.0,land_on_platform,platform_scene-1/Tile Map/36_-19_layer_Tile Map_tile_36_-19_source_1_atlas_17_3
1053.405,landed,665.912780761719,-348.049011230469,96.6666641235352,0.0,land,surface_wood_impact_0.52407427978516
1053.406,musicking,665.912780761719,-348.049011230469,96.6666641235352,0.0,osc_received,"value_[1, ""leaves""]"
1053.406,sonification,665.912780761719,-348.049011230469,96.6666641235352,0.0,osc_received,"value_[1, ""leadr-mel""]"
1053.43,musicking,666.135009765625,-348.049011230469,13.3333311080933,0.0,osc_received,"value_[1, ""platform_pan_nav""]"
1053.63,jump_input_pressed,666.135009765625,-348.049011230469,0.0,0.0,Jump,pressed
1053.63,jump_executed,666.135009765625,-348.049011230469,0.0,-500.0,jump,x_666.135009765625_y_-348.049011230469
1053.798,move_left_pressed,666.135009765625,-415.972198486328,-15.0,-294.722106933594,Move_Left,pressed
1054.003,jump_input_released,643.635009765625,-454.009185791016,-180.0,-36.1665573120117,Jump,released
1054.062,jump_peak_reached,634.635009765625,-454.775848388672,-180.0,42.5371475219727,jump_peak,x_634.635009765625_y_-454.775848388672
1054.204,platform_landed,629.801696777344,-419.988098144531,0.0,0.0,land_on_platform,platform_scene-1/Tile Map/34_-23_layer_Tile Map_tile_34_-23_source_1_atlas_17_3
1054.204,landed,629.801696777344,-419.988098144531,0.0,0.0,land,surface_wood_impact_0.75174102783203
1054.212,musicking,629.801696777344,-419.988098144531,0.0,0.0,osc_received,"value_[1, ""leaves""]"
1054.212,sonification,629.801696777344,-419.988098144531,0.0,0.0,osc_received,"value_[1, ""leadr-mel""]"
1054.33,move_right_pressed,629.801696777344,-419.988098144531,33.3333320617676,0.0,Move_Right,pressed
1054.364,jump_input_pressed,631.461669921875,-420.106750488281,100.0,0.0,Jump,pressed
1054.364,jump_executed,631.461669921875,-420.106750488281,100.0,-500.0,jump,x_631.461669921875_y_-420.106750488281
1054.77,jump_input_released,700.823669433594,-526.985717773438,13.3333311080933,2.77788853645325,Jump,released
1054.787,jump_peak_reached,701.0458984375,-526.939392089844,0.0,39.8149261474609,jump_peak,x_701.0458984375_y_-526.939392089844
1054.937,platform_landed,701.0458984375,-495.003753662109,0.0,0.0,land_on_platform,platform_scene-1/Tile Map/38_-27_layer_Tile Map_tile_38_-27_source_1_atlas_1_0
1054.937,landed,701.0458984375,-495.003753662109,0.0,0.0,land,surface_wood_impact_0.74629656982422
1054.938,sonification,701.0458984375,-495.003753662109,0.0,0.0,osc_received,"value_[1, ""leadr-mel""]"
1055.238,move_right_pressed,701.0458984375,-495.003753662109,33.3333320617676,0.0,Move_Right,pressed
1055.563,jump_input_pressed,720.212524414062,-495.066619873047,0.0,0.0,Jump,pressed
1055.563,jump_executed,720.212524414062,-495.066619873047,0.0,-500.0,jump,x_720.212524414062_y_-495.066619873047
1055.898,move_left_pressed,720.212524414062,-597.195068359375,-15.0,-94.9998931884766,Move_Left,pressed
1055.987,jump_peak_reached,714.962524414062,-601.903381347656,-105.0,39.8149261474609,jump_peak,x_714.962524414062_y_-601.903381347656
1056.104,jump_input_released,710.074768066406,-584.57568359375,-15.0,299.074188232422,Jump,released
1056.296,platform_landed,710.074768066406,-495.058837890625,0.0,0.0,land_on_platform,platform_scene-1/Tile Map/39_-27_layer_Tile Map_tile_39_-27_source_1_atlas_2_0
1056.296,landed,710.074768066406,-495.058837890625,0.0,0.0,land,surface_wood_impact_1.41296337890625
1056.297,sonification,710.074768066406,-495.058837890625,0.0,0.0,osc_received,"value_[1, ""leadr-mel""]"
1056.497,jump_input_pressed,710.074768066406,-495.058837890625,0.0,0.0,Jump,pressed
1056.497,jump_executed,710.074768066406,-495.058837890625,0.0,-500.0,jump,x_710.074768066406_y_-495.058837890625
1056.532,move_right_pressed,710.074768066406,-511.396911621094,15.0,-458.499969482422,Move_Right,pressed
1056.929,jump_peak_reached,765.574768066406,-601.902404785156,180.0,39.8149261474609,jump_peak,x_765.574768066406_y_-601.902404785156
1056.998,jump_input_released,777.574768066406,-595.544372558594,180.0,187.963073730469,Jump,released
1057.029,platform_landed,782.408081054688,-585.066345214844,13.3333311080933,0.0,land_on_platform,platform_scene-1/Tile Map/43_-32_layer_Tile Map_tile_43_-32_source_1_atlas_2_0
1057.029,landed,782.408081054688,-585.066345214844,13.3333311080933,0.0,land,surface_wood_impact_0.52407427978516
1057.03,sonification,782.408081054688,-585.066345214844,13.3333311080933,0.0,osc_received,"value_[1, ""leadr-mel""]"
1057.045,musicking,782.408081054688,-585.066345214844,0.0,0.0,osc_received,"value_[1, ""platform_pan_nav""]"
1057.171,move_left_pressed,782.408081054688,-585.066345214844,-33.3333320617676,0.0,Move_Left,pressed
1057.238,jump_input_pressed,776.8525390625,-585.066345214844,-166.666656494141,0.0,Jump,pressed
1057.238,jump_executed,776.8525390625,-585.066345214844,-166.666656494141,-500.0,jump,x_776.8525390625_y_-585.066345214844
1057.671,jump_peak_reached,699.072204589844,-691.902587890625,-180.0,39.8149261474609,jump_peak,x_699.072204589844_y_-691.902587890625
1057.688,jump_input_released,696.072204589844,-691.239013671875,-180.0,76.8519668579102,Jump,released
1057.962,coin_collected,652.238891601562,-596.671081542969,-13.3333311080933,632.407592773438,collect_coin,coin_coin15_score_22
1057.963,sonification,652.238891601562,-585.513671875,0.0,669.444641113281,osc_received,"value_[1, ""coins-with-pitch""]"
1057.971,platform_landed,652.238891601562,-585.019226074219,0.0,0.0,land_on_platform,platform_scene-1/Tile Map/36_-32_layer_Tile Map_tile_36_-32_source_1_atlas_2_0
1057.971,landed,652.238891601562,-585.019226074219,0.0,0.0,land,surface_wood_impact_1.41296337890625
1057.979,sonification,652.238891601562,-585.019226074219,0.0,0.0,osc_received,"value_[1, ""leadr-mel""]"
1058.24,move_left_pressed,652.238891601562,-585.019226074219,-33.3333320617676,0.0,Move_Left,pressed
1058.271,jump_input_pressed,650.572265625,-585.019226074219,-100.0,0.0,Jump,pressed
1058.271,jump_executed,650.572265625,-585.019226074219,-100.0,-500.0,jump,x_650.572265625_y_-585.019226074219
1058.704,jump_peak_reached,576.812683105469,-691.895385742188,-180.0,39.8149261474609,jump_peak,x_576.812683105469_y_-691.895385742188
1058.737,jump_input_released,570.812683105469,-689.950927734375,-180.0,113.889007568359,Jump,released
1059.005,platform_landed,553.979370117188,-585.012023925781,0.0,0.0,land_on_platform,platform_scene-1/Tile Map/30_-32_layer_Tile Map_tile_30_-32_source_1_atlas_2_0
1059.005,landed,553.979370117188,-585.012023925781,0.0,0.0,land,surface_wood_impact_1.41296337890625
1059.012,sonification,553.979370117188,-585.012023925781,0.0,0.0,osc_received,"value_[1, ""leadr-mel""]"
1059.463,move_left_pressed,553.979370117188,-585.012023925781,-33.3333320617676,0.0,Move_Left,pressed
1059.57,jump_input_pressed,539.646057128906,-585.012023925781,-180.0,0.0,Jump,pressed
1059.57,jump_executed,539.646057128906,-585.012023925781,-180.0,-500.0,jump,x_539.646057128906_y_-585.012023925781
1060.004,jump_peak_reached,461.628295898438,-691.890014648438,-180.0,39.8149261474609,jump_peak,x_461.628295898438_y_-691.890014648438
1060.103,jump_input_released,443.628295898438,-678.649291992188,-180.0,262.037139892578,Jump,released
1060.32,platform_landed,438.794952392578,-563.996765136719,0.0,0.0,land_on_platform,platform_scene-1/Tile Map/24_-31_layer_Tile Map_tile_24_-31_source_1_atlas_13_6
1060.32,landed,438.794952392578,-563.996765136719,0.0,0.0,land,surface_wood_impact_1.48703747558594
1060.321,musicking,438.794952392578,-563.996765136719,0.0,0.0,osc_received,"value_[1, ""water-tube""]"
1060.328,sonification,438.794952392578,-563.996765136719,0.0,0.0,osc_received,"value_[1, ""leadr-mel""]"
1060.354,musicking,438.794952392578,-563.996765136719,0.0,0.0,osc_received,"value_[1, ""platform_pan_nav""]"
1060.778,move_left_pressed,438.794952392578,-563.996765136719,-33.3333320617676,0.0,Move_Left,pressed
1060.879,jump_input_pressed,427.4619140625,-564.08837890625,-180.0,0.0,Jump,pressed
1060.879,jump_executed,427.4619140625,-564.08837890625,-180.0,-500.0,jump,x_427.4619140625_y_-564.08837890625
1060.898,jump_peak_reached,424.454254150391,-572.443908691406,-180.0,-479.222198486328,jump_peak,x_424.454254150391_y_-572.443908691406
1061.463,jump_input_released,322.454254150391,-642.743835449219,-180.0,373.148284912109,Jump,released
1061.579,platform_landed,305.620910644531,-582.047302246094,0.0,0.0,land_on_platform,platform_scene-1/Tile Map/16_-32_layer_Tile Map_tile_16_-32_source_1_atlas_14_6
1061.579,landed,305.620910644531,-582.047302246094,0.0,0.0,land,surface_wood_impact_1.26481518554687
1061.58,sonification,305.620910644531,-582.047302246094,0.0,0.0,osc_received,"value_[1, ""leadr-mel""]"
1061.58,musicking,305.620910644531,-582.047302246094,0.0,0.0,osc_received,"value_[1, ""water-tube""]"
1061.865,move_left_pressed,305.620910644531,-582.047302246094,-33.3333320617676,0.0,Move_Left,pressed
1061.912,jump_input_pressed,302.2880859375,-582.106079101562,-133.33332824707,0.0,Jump,pressed
1061.912,jump_executed,302.2880859375,-582.106079101562,-133.33332824707,-500.0,jump,x_302.2880859375_y_-582.106079101562
1062.345,jump_peak_reached,225.898406982422,-688.937561035156,-180.0,39.8149261474609,jump_peak,x_225.898406982422_y_-688.937561035156
1062.446,jump_input_released,207.898406982422,-675.696838378906,-180.0,262.037139892578,Jump,released
1062.646,platform_landed,191.065063476562,-582.019714355469,0.0,0.0,land_on_platform,platform_scene-1/Tile Map/10_-32_layer_Tile Map_tile_10_-32_source_1_atlas_13_6
1062.646,landed,191.065063476562,-582.019714355469,0.0,0.0,land,surface_wood_impact_1.41296337890625
1062.646,sonification,191.065063476562,-582.019714355469,0.0,0.0,osc_received,"value_[1, ""leadr-mel""]"
1062.647,musicking,191.065063476562,-582.019714355469,0.0,0.0,osc_received,"value_[1, ""water-tube""]"
1062.832,move_left_pressed,191.065063476562,-582.019714355469,-33.3333320617676,0.0,Move_Left,pressed
1062.832,jump_input_pressed,191.065063476562,-582.019714355469,-33.3333320617676,0.0,Jump,pressed
1062.832,jump_executed,191.065063476562,-582.019714355469,-33.3333320617676,-500.0,jump,x_191.065063476562_y_-582.019714355469
1063.266,jump_peak_reached,126.256912231445,-688.887023925781,-180.0,39.8149261474609,jump_peak,x_126.256912231445_y_-688.887023925781
1063.347,jump_input_released,111.256912231445,-679.396301269531,-180.0,225.000106811523,Jump,released
1063.53,coin_collected,85.4235763549805,-604.195617675781,0.0,595.370544433594,collect_coin,coin_coin20_score_24
1063.533,sonification,85.4235763549805,-593.655517578125,0.0,632.407592773438,osc_received,"value_[1, ""coins-with-pitch""]"
1063.545,platform_landed,85.4235763549805,-585.025939941406,0.0,0.0,land_on_platform,platform_scene-1/Tile Map/4_-32_layer_Tile Map_tile_4_-32_source_1_atlas_2_0
1063.545,landed,85.4235763549805,-585.025939941406,0.0,0.0,land,surface_wood_impact_1.33888928222656
1063.562,sonification,85.4235763549805,-585.025939941406,0.0,0.0,osc_received,"value_[1, ""leadr-mel""]"
1063.588,musicking,85.4235763549805,-585.025939941406,0.0,0.0,osc_received,"value_[1, ""platform_pan_nav""]"
1064.272,move_left_pressed,85.4235763549805,-585.025939941406,-33.3333320617676,0.0,Move_Left,pressed
1064.405,jump_input_pressed,68.0902404785156,-585.025939941406,-180.0,0.0,Jump,pressed
1064.405,jump_executed,68.0902404785156,-585.025939941406,-180.0,-500.0,jump,x_68.0902404785156_y_-585.025939941406
1064.429,jump_peak_reached,65.0763549804688,-593.398803710938,-180.0,-479.222198486328,jump_peak,x_65.0763549804688_y_-593.398803710938
1064.597,jump_input_released,57.2430229187012,-657.898803710938,0.0,-274.499877929688,Jump,released
1064.838,move_left_pressed,57.2430229187012,-634.287719726562,-15.0,374.537078857422,Move_Left,pressed
1064.905,platform_landed,53.4930191040039,-603.066345214844,-75.0,0.0,land_on_platform,platform_scene-1/Tile Map/2_-33_layer_Tile Map_tile_2_-33_source_1_atlas_0_0
1064.905,landed,53.4930191040039,-603.066345214844,-75.0,0.0,land,surface_wood_impact_1.04537048339844
1064.906,sonification,53.4930191040039,-603.066345214844,-75.0,0.0,osc_received,"value_[1, ""leadr-mel""]"
1065.421,move_left_pressed,48.3541297912598,-603.066345214844,-33.3333320617676,0.0,Move_Left,pressed
1065.437,jump_input_pressed,47.7985725402832,-603.066345214844,-66.6666641235352,0.0,Jump,pressed
1065.437,jump_executed,47.7985725402832,-603.066345214844,-66.6666641235352,-500.0,jump,x_47.7985725402832_y_-603.066345214844
1065.662,jump_peak_reached,16.9074630737305,-676.313049316406,-180.0,74.0740737915039,jump_peak,x_16.9074630737305_y_-676.313049316406
1065.704,jump_input_released,7.90746307373047,-670.757507324219,-180.0,185.185180664062,Jump,released
1065.821,platform_landed,0.07412932813168,-635.987060546875,0.0,0.0,land_on_platform,platform_scene-1/Tile Map/-1_-35_layer_Tile Map_tile_-1_-35_source_1_atlas_13_6
1065.821,landed,0.07412932813168,-635.987060546875,0.0,0.0,land,surface_wood_impact_0.88888897705078
1065.821,sonification,0.07412932813168,-635.987060546875,0.0,0.0,osc_received,"value_[1, ""leadr-mel""]"
1065.821,musicking,0.07412932813168,-635.987060546875,0.0,0.0,osc_received,"value_[1, ""water-tube""]"
1066.163,jump_input_pressed,0.07412932813168,-635.987060546875,0.0,0.0,Jump,pressed
1066.163,jump_executed,0.07412932813168,-635.987060546875,0.0,-500.0,jump,x_0.07412932813168_y_-635.987060546875
1066.231,move_right_pressed,0.07412932813168,-667.316467285156,15.0,-417.22216796875,Move_Right,pressed
1066.554,jump_input_released,43.5741310119629,-742.622009277344,180.0,-16.6665554046631,Jump,released
1066.587,jump_peak_reached,48.1852416992188,-742.830322265625,13.3333311080933,41.2038154602051,jump_peak,x_48.1852416992188_y_-742.830322265625
1066.738,platform_landed,48.4074630737305,-711.013793945312,0.0,0.0,land_on_platform,platform_scene-1/Tile Map/2_-39_layer_Tile Map_tile_2_-39_source_1_atlas_2_0
1066.738,landed,48.4074630737305,-711.013793945312,0.0,0.0,land,surface_wood_impact_0.74907434082031
1066.739,sonification,48.4074630737305,-711.013793945312,0.0,0.0,osc_received,"value_[1, ""leadr-mel""]"
1067.896,move_left_pressed,48.4074630737305,-711.013793945312,-33.3333320617676,0.0,Move_Left,pressed
1067.896,jump_input_pressed,48.4074630737305,-711.013793945312,-33.3333320617676,0.0,Jump,pressed
1067.896,jump_executed,48.4074630737305,-711.013793945312,-33.3333320617676,-500.0,jump,x_48.4074630737305_y_-711.013793945312
1068.329,jump_peak_reached,-16.4017009735107,-817.896423339844,-180.0,39.8149261474609,jump_peak,x_-16.4017009735107_y_-817.896423339844
1068.364,jump_input_released,-22.4017009735107,-815.951965332031,-180.0,113.889007568359,Jump,released
1068.429,platform_landed,-27.2350330352783,-801.02197265625,0.0,0.0,land_on_platform,platform_scene-1/Tile Map/-2_-44_layer_Tile Map_tile_-2_-44_source_1_atlas_2_0
1068.43,landed,-27.2350330352783,-801.02197265625,0.0,0.0,land,surface_wood_impact_0.52407427978516
1068.431,sonification,-27.2350330352783,-801.02197265625,0.0,0.0,osc_received,"value_[1, ""leadr-mel""]"
1068.554,move_right_pressed,-27.2350330352783,-801.02197265625,33.3333320617676,0.0,Move_Right,pressed
1068.697,jump_input_pressed,-9.90169906616211,-801.02197265625,180.0,0.0,Jump,pressed
1068.697,jump_executed,-9.90169906616211,-801.02197265625,180.0,-500.0,jump,x_-9.90169906616211_y_-801.02197265625
1069.129,jump_peak_reached,68.1132965087891,-907.892272949219,180.0,39.8149261474609,jump_peak,x_68.1132965087891_y_-907.892272949219
1069.229,jump_input_released,86.1132965087891,-894.651550292969,180.0,262.037139892578,Jump,released
1069.387,platform_landed,93.9466323852539,-816.036865234375,0.0,0.0,land_on_platform,platform_scene-1/Tile Map/5_-45_layer_Tile Map_tile_5_-45_source_1_atlas_13_6
1069.388,landed,93.9466323852539,-816.036865234375,0.0,0.0,land,surface_wood_impact_1.26481518554687
1069.389,sonification,93.9466323852539,-816.036865234375,0.0,0.0,osc_received,"value_[1, ""leadr-mel""]"
1069.389,musicking,93.9466323852539,-816.036865234375,0.0,0.0,osc_received,"value_[1, ""water-tube""]"
1069.637,move_right_pressed,93.9466323852539,-816.036865234375,33.3333320617676,0.0,Move_Right,pressed
1069.671,jump_input_pressed,95.6133422851562,-816.06787109375,100.0,0.0,Jump,pressed
1069.671,jump_executed,95.6133422851562,-816.06787109375,100.0,-500.0,jump,x_95.6133422851562_y_-816.06787109375
1070.104,jump_peak_reached,169.363876342773,-922.899230957031,180.0,39.8149261474609,jump_peak,x_169.363876342773_y_-922.899230957031
1070.296,jump_input_released,200.974990844727,-881.649230957031,13.3333311080933,447.222381591797,Jump,released
1070.397,platform_landed,201.197219848633,-819.038146972656,0.0,0.0,land_on_platform,platform_scene-1/Tile Map/11_-45_layer_Tile Map_tile_11_-45_source_1_atlas_14_7
1070.397,landed,201.197219848633,-819.038146972656,0.0,0.0,land,surface_wood_impact_1.33888928222656
1070.398,musicking,201.197219848633,-819.038146972656,0.0,0.0,osc_received,"value_[1, ""cloud""]"
1070.421,musicking,201.197219848633,-819.038146972656,0.0,0.0,osc_received,"value_[1, ""platform_pan_nav""]"
1070.699,move_right_pressed,201.197219848633,-819.038146972656,33.3333320617676,0.0,Move_Right,pressed
1070.771,jump_input_pressed,209.530563354492,-819.038146972656,180.0,0.0,Jump,pressed
1070.771,jump_executed,209.530563354492,-819.038146972656,180.0,-500.0,jump,x_209.530563354492_y_-819.038146972656
1070.796,jump_peak_reached,212.541061401367,-827.401611328125,180.0,-479.222198486328,jump_peak,x_212.541061401367_y_-827.401611328125
1071.321,jump_input_released,308.541076660156,-908.287963867188,180.0,299.074188232422,Jump,released
1071.505,platform_landed,334.374420166016,-816.011474609375,0.0,0.0,land_on_platform,platform_scene-1/Tile Map/18_-45_layer_Tile Map_tile_18_-45_source_1_atlas_13_6
1071.505,landed,334.374420166016,-816.011474609375,0.0,0.0,land,surface_wood_impact_1.41296337890625
1071.506,musicking,334.374420166016,-816.011474609375,0.0,0.0,osc_received,"value_[1, ""water-tube""]"
1071.797,move_right_pressed,334.374420166016,-816.011474609375,33.3333320617676,0.0,Move_Right,pressed
1071.921,jump_input_pressed,351.215423583984,-817.028259277344,180.0,0.0,Jump,pressed
1071.921,jump_executed,351.215423583984,-817.028259277344,180.0,-500.0,jump,x_351.215423583984_y_-817.028259277344
1072.197,move_left_pressed,374.42529296875,-909.450500488281,-15.0,-174.222106933594,Move_Left,pressed
1072.288,move_right_pressed,370.67529296875,-922.02734375,15.0,-55.722110748291,Move_Right,pressed
1072.363,jump_peak_reached,373.17529296875,-923.85693359375,75.0,39.8149261474609,jump_peak,x_373.17529296875_y_-923.85693359375
1072.505,platform_landed,396.17529296875,-891.066528320312,180.0,0.0,land_on_platform,platform_scene-1/Tile Map/21_-49_layer_Tile Map_tile_21_-49_source_1_atlas_1_0
1072.505,landed,396.17529296875,-891.066528320312,180.0,0.0,land,surface_wood_impact_0.74629656982422
1072.565,jump_input_released,402.17529296875,-891.066528320312,180.0,0.0,Jump,released
1072.74,move_left_pressed,416.008636474609,-891.066528320312,-33.3333320617676,0.0,Move_Left,pressed
1073.299,move_right_pressed,396.841949462891,-891.075256347656,33.3333320617676,0.0,Move_Right,pressed
1073.699,move_left_pressed,428.008605957031,-891.075256347656,-33.3333320617676,0.0,Move_Left,pressed
1073.896,jump_input_pressed,398.67529296875,-891.075256347656,-180.0,0.0,Jump,pressed
1073.896,jump_executed,398.67529296875,-891.075256347656,-180.0,-500.0,jump,x_398.67529296875_y_-891.075256347656
1074.098,jump_peak_reached,384.048126220703,-937.340270996094,0.0,47.3800354003906,jump_peak,x_384.048126220703_y_-937.340270996094
1074.214,move_left_pressed,384.048126220703,-918.848999023438,-15.0,306.639312744141,Move_Left,pressed
1074.279,platform_landed,383.298126220703,-891.001586914062,0.0,0.0,land_on_platform,platform_scene-1/Tile Map/21_-49_layer_Tile Map_tile_21_-49_source_1_atlas_1_0
1074.279,landed,383.298126220703,-891.001586914062,0.0,0.0,land,surface_wood_impact_0.90957501220703
1074.298,jump_input_released,383.298126220703,-891.001586914062,0.0,0.0,Jump,released
1074.347,move_right_pressed,383.298126220703,-891.001586914062,33.3333320617676,0.0,Move_Right,pressed
1074.712,move_left_pressed,426.464782714844,-891.066345214844,-33.3333320617676,0.0,Move_Left,pressed
1075.032,jump_input_pressed,404.298126220703,-891.074768066406,0.0,0.0,Jump,pressed
1075.032,jump_executed,404.298126220703,-891.074768066406,0.0,-500.0,jump,x_404.298126220703_y_-891.074768066406
1075.131,move_left_pressed,404.298126220703,-935.919372558594,-15.0,-376.166595458984,Move_Left,pressed
1075.405,jump_input_released,369.798126220703,-997.024963378906,-180.0,-36.1665573120117,Jump,released
1075.454,jump_peak_reached,364.964782714844,-997.791625976562,0.0,42.5371475219727,jump_peak,x_364.964782714844_y_-997.791625976562
1075.63,platform_landed,364.964782714844,-960.047912597656,0.0,0.0,land_on_platform,platform_scene-1/Tile Map/20_-53_layer_Tile Map_tile_20_-53_source_1_atlas_14_6
1075.631,landed,364.964782714844,-960.047912597656,0.0,0.0,land,surface_wood_impact_0.82581512451172
1075.631,musicking,364.964782714844,-960.047912597656,0.0,0.0,osc_received,"value_[1, ""water-tube""]"
1075.637,musicking,364.964782714844,-960.047912597656,0.0,0.0,osc_received,"value_[1, ""platform_pan_nav""]"
1075.764,move_right_pressed,364.964782714844,-960.047912597656,33.3333320617676,0.0,Move_Right,pressed
1075.764,jump_input_pressed,364.964782714844,-960.047912597656,33.3333320617676,0.0,Jump,pressed
1075.764,jump_executed,364.964782714844,-960.047912597656,33.3333320617676,-500.0,jump,x_364.964782714844_y_-960.047912597656
1076.197,jump_peak_reached,429.7734375,-1066.9248046875,180.0,39.8149261474609,jump_peak,x_429.7734375_y_-1066.9248046875
1076.297,jump_input_released,447.7734375,-1053.68408203125,180.0,262.037139892578,Jump,released
1076.431,platform_landed,452.606781005859,-998.844604492188,0.0,0.0,land_on_platform,platform_scene-1/Tile Map/24_-55_layer_Tile Map_tile_24_-55_source_1_atlas_0_0
1076.431,landed,452.606781005859,-998.844604492188,0.0,0.0,land,surface_wood_impact_1.1166669921875
1076.606,move_right_pressed,452.606781005859,-998.844604492188,33.3333320617676,0.0,Move_Right,pressed
1076.687,coin_collected,460.082153320312,-996.322814941406,130.0,74.0740737915039,collect_coin,coin_coin21_score_26
1076.689,sonification,462.498809814453,-994.470947265625,145.0,111.111114501953,osc_received,"value_[1, ""coins-with-pitch""]"
1076.764,platform_landed,474.082153320312,-981.066223144531,180.0,0.0,land_on_platform,platform_scene-1/Tile Map/26_-54_layer_Tile Map_tile_26_-54_source_1_atlas_2_0
1076.764,landed,474.082153320312,-981.066223144531,180.0,0.0,land,surface_wood_impact_0.51851849365234
1077.099,jump_input_pressed,481.915496826172,-981.066223144531,0.0,0.0,Jump,pressed
1077.099,jump_executed,481.915496826172,-981.066223144531,0.0,-500.0,jump,x_481.915496826172_y_-981.066223144531
1077.132,move_right_pressed,481.915496826172,-997.39794921875,15.0,-458.499969482422,Move_Right,pressed
1077.304,jump_input_released,496.776611328125,-1062.74609375,0.0,-234.222106933594,Jump,released
1077.404,jump_peak_reached,496.776611328125,-1067.53771972656,15.0,41.2037048339844,jump_peak,x_496.776611328125_y_-1067.53771972656
1077.404,move_right_pressed,496.776611328125,-1067.53771972656,15.0,41.2037048339844,Move_Right,pressed
1077.571,move_right_pressed,500.526611328125,-1032.89270019531,15.0,411.574127197266,Move_Right,pressed
1077.637,platform_landed,502.806579589844,-998.745422363281,75.0,0.0,land_on_platform,platform_scene-1/Tile Map/28_-55_layer_Tile Map_tile_28_-55_source_1_atlas_0_0
1077.637,landed,502.806579589844,-998.745422363281,75.0,0.0,land,surface_wood_impact_1.11944458007812
1078.138,move_right_pressed,502.806579589844,-998.647766113281,33.3333320617676,0.0,Move_Right,pressed
1078.172,jump_input_pressed,504.381958007812,-999.049072265625,100.0,0.0,Jump,pressed
1078.172,jump_executed,504.381958007812,-999.049072265625,100.0,-500.0,jump,x_504.381958007812_y_-999.049072265625
1078.605,jump_peak_reached,578.131958007812,-1105.87780761719,96.6666641235352,39.8149261474609,jump_peak,x_578.131958007812_y_-1105.87780761719
1078.605,jump_input_released,578.131958007812,-1105.87780761719,96.6666641235352,39.8149261474609,Jump,released
1078.838,platform_landed,579.965270996094,-1032.01794433594,0.0,0.0,land_on_platform,platform_scene-1/Tile Map/32_-57_layer_Tile Map_tile_32_-57_source_1_atlas_13_6
1078.838,landed,579.965270996094,-1032.01794433594,0.0,0.0,land,surface_wood_impact_1.1166669921875
1078.839,musicking,579.965270996094,-1032.01794433594,0.0,0.0,osc_received,"value_[1, ""water-tube""]"
1078.906,move_right_pressed,579.965270996094,-1032.01794433594,33.3333320617676,0.0,Move_Right,pressed
1079.005,jump_input_pressed,591.298583984375,-1032.01794433594,180.0,0.0,Jump,pressed
1079.005,jump_executed,591.298583984375,-1032.01794433594,180.0,-500.0,jump,x_591.298583984375_y_-1032.01794433594
1079.021,jump_peak_reached,594.309997558594,-1040.38391113281,180.0,-479.222198486328,jump_peak,x_594.309997558594_y_-1040.38391113281
1079.363,jump_input_released,654.309997558594,-1135.77282714844,96.6666641235352,-75.3332214355469,Jump,released
1079.532,move_left_pressed,656.143310546875,-1128.65246582031,-15.0,230.22233581543,Move_Left,pressed
1079.63,platform_landed,650.7822265625,-1089.06616210938,-6.66666650772095,0.0,land_on_platform,platform_scene-1/Tile Map/36_-60_layer_Tile Map_tile_36_-60_source_1_atlas_3_0
1079.63,landed,650.7822265625,-1089.06616210938,-6.66666650772095,0.0,land,surface_wood_impact_0.90488922119141
1079.654,musicking,650.7822265625,-1089.06616210938,0.0,0.0,osc_received,"value_[1, ""platform_pan_nav""]"
1079.905,move_left_pressed,650.7822265625,-1089.06616210938,-33.3333320617676,0.0,Move_Left,pressed
1079.905,jump_input_pressed,650.7822265625,-1089.06616210938,-33.3333320617676,0.0,Jump,pressed
1079.906,jump_executed,650.7822265625,-1089.06616210938,-33.3333320617676,-500.0,jump,x_650.7822265625_y_-1089.06616210938
1080.337,jump_peak_reached,585.976196289062,-1195.9033203125,-180.0,39.8149261474609,jump_peak,x_585.976196289062_y_-1195.9033203125
1080.437,jump_input_released,567.976196289062,-1182.66259765625,-180.0,262.037139892578,Jump,released
1080.538,platform_landed,563.142883300781,-1143.00646972656,0.0,0.0,land_on_platform,platform_scene-1/Tile Map/31_-63_layer_Tile Map_tile_31_-63_source_1_atlas_3_0
1080.538,landed,563.142883300781,-1143.00646972656,0.0,0.0,land,surface_wood_impact_0.96851885986328
1080.639,move_left_pressed,563.142883300781,-1143.00646972656,-33.3333320617676,0.0,Move_Left,pressed
1080.655,jump_input_pressed,562.587341308594,-1143.00646972656,-66.6666641235352,0.0,Jump,pressed
1080.655,jump_executed,562.587341308594,-1143.00646972656,-66.6666641235352,-500.0,jump,x_562.587341308594_y_-1143.00646972656
1081.096,jump_peak_reached,492.690734863281,-1249.89453125,-180.0,39.8149261474609,jump_peak,x_492.690734863281_y_-1249.89453125
1081.096,jump_input_released,492.690734863281,-1249.89453125,-180.0,39.8149261474609,Jump,released
1081.288,platform_landed,487.857391357422,-1197.02917480469,0.0,0.0,land_on_platform,platform_scene-1/Tile Map/27_-66_layer_Tile Map_tile_27_-66_source_1_atlas_3_0
1081.288,landed,487.857391357422,-1197.02917480469,0.0,0.0,land,surface_wood_impact_0.96851885986328
1082.023,move_left_pressed,487.857391357422,-1197.02917480469,-33.3333320617676,0.0,Move_Left,pressed
1082.023,jump_input_pressed,487.857391357422,-1197.02917480469,-33.3333320617676,0.0,Jump,pressed
1082.023,jump_executed,487.857391357422,-1197.02917480469,-33.3333320617676,-500.0,jump,x_487.857391357422_y_-1197.02917480469
1082.17,jump_input_released,475.493682861328,-1259.72241210938,0.0,-314.999908447266,Jump,released
1082.271,jump_peak_reached,475.493682861328,-1264.51403808594,0.0,41.2037048339844,jump_peak,x_475.493682861328_y_-1264.51403808594
1082.322,move_left_pressed,475.493682861328,-1260.60205078125,-15.0,152.314819335938,Move_Left,pressed
1082.471,platform_landed,461.74365234375,-1215.06689453125,-150.0,0.0,land_on_platform,platform_scene-1/Tile Map/25_-67_layer_Tile Map_tile_25_-67_source_1_atlas_0_0
1082.471,landed,461.74365234375,-1215.06689453125,-150.0,0.0,land,surface_wood_impact_0.97129644775391
1082.865,jump_input_pressed,460.632537841797,-1215.06689453125,0.0,0.0,Jump,pressed
1082.865,jump_executed,460.632537841797,-1215.06689453125,0.0,-500.0,jump,x_460.632537841797_y_-1215.06689453125
1082.871,move_left_pressed,460.632537841797,-1223.40893554688,-15.0,-479.222198486328,Move_Left,pressed
1083.163,jump_peak_reached,426.131072998047,-1309.3876953125,-180.0,74.0740737915039,jump_peak,x_426.131072998047_y_-1309.3876953125
1083.488,platform_landed,363.131072998047,-1161.06628417969,-180.0,0.0,land_on_platform,platform_scene-1/Tile Map/20_-64_layer_Tile Map_tile_20_-64_source_1_atlas_15_7
1083.489,landed,363.131072998047,-1161.06628417969,-180.0,0.0,land,surface_wood_impact_1.6296298828125
1083.49,musicking,363.131072998047,-1161.06628417969,-180.0,0.0,osc_received,"value_[1, ""cloud""]"
1083.491,sonification,363.131072998047,-1161.06628417969,-180.0,0.0,osc_received,"value_[1, ""leadr-mel""]"
1083.521,jump_input_released,360.131072998047,-1161.06628417969,-180.0,0.0,Jump,released
1083.521,musicking,357.131072998047,-1161.06628417969,-180.0,0.0,osc_received,"value_[1, ""platform_pan_nav""]"
1083.806,move_left_pressed,352.297729492188,-1161.06628417969,-33.3333320617676,0.0,Move_Left,pressed
1083.806,jump_input_pressed,352.297729492188,-1161.06628417969,-33.3333320617676,0.0,Jump,pressed
1083.806,jump_executed,352.297729492188,-1161.06628417969,-33.3333320617676,-500.0,jump,x_352.297729492188_y_-1161.06628417969
1084.004,jump_input_released,330.880615234375,-1238.49499511719,-13.3333311080933,-254.333206176758,Jump,released
1084.104,jump_peak_reached,330.658386230469,-1243.28662109375,0.0,41.2037048339844,jump_peak,x_330.658386230469_y_-1243.28662109375
1084.321,platform_landed,330.658386230469,-1179.01391601562,0.0,0.0,land_on_platform,platform_scene-1/Tile Map/18_-65_layer_Tile Map_tile_18_-65_source_1_atlas_3_0
1084.321,landed,330.658386230469,-1179.01391601562,0.0,0.0,land,surface_wood_impact_1.04537048339844
1084.321,sonification,330.658386230469,-1179.01391601562,0.0,0.0,osc_received,"value_[1, ""leadr-mel""]"
1084.504,move_left_pressed,330.658386230469,-1179.01391601562,-33.3333320617676,0.0,Move_Left,pressed
1084.665,jump_input_pressed,310.325073242188,-1179.06787109375,-180.0,0.0,Jump,pressed
1084.665,jump_executed,310.325073242188,-1179.06787109375,-180.0,-500.0,jump,x_310.325073242188_y_-1179.06787109375
1085.087,jump_peak_reached,232.322814941406,-1285.90283203125,-180.0,39.8149261474609,jump_peak,x_232.322814941406_y_-1285.90283203125
1085.255,jump_input_released,202.322814941406,-1251.4892578125,-180.0,410.185333251953,Jump,released
1085.354,platform_landed,181.322814941406,-1197.06689453125,-180.0,0.0,land_on_platform,platform_scene-1/Tile Map/10_-66_layer_Tile Map_tile_10_-66_source_1_atlas_3_0
1085.354,landed,181.322814941406,-1197.06689453125,-180.0,0.0,land,surface_wood_impact_1.26481518554687
1085.355,sonification,181.322814941406,-1197.06689453125,-180.0,0.0,osc_received,"value_[1, ""leadr-mel""]"
1085.732,jump_input_pressed,170.489471435547,-1197.06689453125,0.0,0.0,Jump,pressed
1085.732,jump_executed,170.489471435547,-1197.06689453125,0.0,-500.0,jump,x_170.489471435547_y_-1197.06689453125
1085.964,jump_input_released,170.489471435547,-1282.66259765625,0.0,-214.166549682617,Jump,released
1086.004,move_left_pressed,170.489471435547,-1286.62084960938,-15.0,-37.5,Move_Left,pressed
1086.063,jump_peak_reached,168.989471435547,-1287.45422363281,-60.0,41.2037048339844,jump_peak,x_168.989471435547_y_-1287.45422363281
1086.297,platform_landed,158.378356933594,-1215.03515625,0.0,0.0,land_on_platform,platform_scene-1/Tile Map/8_-67_layer_Tile Map_tile_8_-67_source_1_atlas_0_0
1086.297,landed,158.378356933594,-1215.03515625,0.0,0.0,land,surface_wood_impact_1.11944458007812
1086.298,sonification,158.378356933594,-1215.03515625,0.0,0.0,osc_received,"value_[1, ""leadr-mel""]"
1086.43,jump_input_pressed,158.378356933594,-1215.03515625,0.0,0.0,Jump,pressed
1086.43,jump_executed,158.378356933594,-1215.03515625,0.0,-500.0,jump,x_158.378356933594_y_-1215.03515625
1086.622,move_left_pressed,158.378356933594,-1292.49096679688,-15.0,-254.333206176758,Move_Left,pressed
1086.623,jump_input_released,158.378356933594,-1292.49096679688,-15.0,-254.333206176758,Jump,released
1086.721,jump_peak_reached,153.128356933594,-1297.28259277344,-105.0,41.2037048339844,jump_peak,x_153.128356933594_y_-1297.28259277344
1086.862,platform_landed,129.878356933594,-1269.06616210938,-180.0,0.0,land_on_platform,platform_scene-1/Tile Map/7_-70_layer_Tile Map_tile_7_-70_source_1_atlas_3_0
1086.862,landed,129.878356933594,-1269.06616210938,-180.0,0.0,land,surface_wood_impact_0.67500006103516
1086.871,sonification,126.878356933594,-1269.06616210938,-180.0,0.0,osc_received,"value_[1, ""leadr-mel""]"
1086.889,musicking,123.878356933594,-1269.07470703125,-180.0,0.0,osc_received,"value_[1, ""platform_pan_nav""]"
1087.229,jump_input_pressed,119.045021057129,-1269.07470703125,0.0,0.0,Jump,pressed
1087.229,jump_executed,119.045021057129,-1269.07470703125,0.0,-500.0,jump,x_119.045021057129_y_-1269.07470703125
1087.372,move_left_pressed,119.045021057129,-1331.728515625,-15.0,-314.999908447266,Move_Left,pressed
1087.63,jump_input_released,90.5450210571289,-1375.64978027344,-180.0,-16.6665554046631,Jump,released
1087.663,jump_peak_reached,84.5450210571289,-1375.85815429688,-180.0,41.2038154602051,jump_peak,x_84.5450210571289_y_-1375.85815429688
1087.821,platform_landed,51.5495719909668,-1338.048828125,-180.0,0.0,land_on_platform,platform_scene-1/Tile Map/2_-74_layer_Tile Map_tile_2_-74_source_1_atlas_13_6
1087.821,landed,51.5495719909668,-1338.048828125,-180.0,0.0,land,surface_wood_impact_0.8231484375
1087.822,sonification,51.5495719909668,-1338.048828125,-180.0,0.0,osc_received,"value_[1, ""leadr-mel""]"
1087.822,musicking,51.5495719909668,-1338.048828125,-180.0,0.0,osc_received,"value_[1, ""water-tube""]"
1088.067,move_right_pressed,37.7162895202637,-1338.07434082031,33.3333320617676,0.0,Move_Right,pressed
1088.304,coin_collected,76.0498046875,-1338.05627441406,180.0,0.0,collect_coin,coin_coin23_score_28
1088.306,sonification,79.0498199462891,-1338.05627441406,180.0,0.0,osc_received,"value_[1, ""coins-with-pitch""]"
1088.732,move_left_pressed,86.8831787109375,-1338.05627441406,-33.3333320617676,0.0,Move_Left,pressed
1089.066,move_right_pressed,33.5480537414551,-1337.98400878906,-96.6666641235352,0.0,Move_Right,pressed
1089.487,jump_input_pressed,97.2700271606445,-1338.11804199219,180.0,0.0,Jump,pressed
1089.487,jump_executed,97.2700271606445,-1338.11804199219,180.0,-500.0,jump,x_97.2700271606445_y_-1338.11804199219
1089.921,jump_peak_reached,175.271072387695,-1444.94958496094,180.0,39.8149261474609,jump_peak,x_175.271072387695_y_-1444.94958496094
1090.03,jump_input_released,193.271072387695,-1431.70886230469,180.0,262.037139892578,Jump,released
1090.229,coin_collected,229.271072387695,-1338.560546875,180.0,669.444641113281,collect_coin,coin_coin22_score_30
1090.231,platform_landed,232.284561157227,-1338.04895019531,180.0,0.0,land_on_platform,platform_scene-1/Tile Map/12_-74_layer_Tile Map_tile_12_-74_source_1_atlas_13_6
1090.231,landed,232.284561157227,-1338.04895019531,180.0,0.0,land,surface_wood_impact_1.41296337890625
1090.233,sonification,232.284561157227,-1338.04895019531,180.0,0.0,osc_received,"value_[1, ""coins-with-pitch""]"
1090.233,sonification,232.284561157227,-1338.04895019531,180.0,0.0,osc_received,"value_[1, ""leadr-mel""]"
1090.233,musicking,232.284561157227,-1338.04895019531,180.0,0.0,osc_received,"value_[1, ""water-tube""]"
1093.046,jump_input_pressed,736.28466796875,-1338.04895019531,180.0,0.0,Jump,pressed
1093.046,jump_executed,736.28466796875,-1338.04895019531,180.0,-500.0,jump,x_736.28466796875_y_-1338.04895019531
1093.479,jump_peak_reached,814.287109375,-1444.88427734375,180.0,39.8149261474609,jump_peak,x_814.287109375_y_-1444.88427734375
1093.58,jump_input_released,832.287109375,-1431.6435546875,180.0,262.037139892578,Jump,released
1093.78,platform_landed,871.302368164062,-1338.0595703125,180.0,0.0,land_on_platform,platform_scene-1/Tile Map/48_-74_layer_Tile Map_tile_48_-74_source_1_atlas_13_6
1093.78,landed,871.302368164062,-1338.0595703125,180.0,0.0,land,surface_wood_impact_1.41296337890625
1093.797,sonification,874.302368164062,-1338.0595703125,180.0,0.0,osc_received,"value_[1, ""leadr-mel""]"
1093.798,musicking,874.302368164062,-1338.0595703125,180.0,0.0,osc_received,"value_[1, ""water-tube""]"
1093.932,jump_input_pressed,895.302368164062,-1338.0595703125,180.0,0.0,Jump,pressed
1093.933,jump_executed,895.302368164062,-1338.0595703125,180.0,-500.0,jump,x_895.302368164062_y_-1338.0595703125
1094.33,jump_input_released,967.302856445312,-1444.63500976562,180.0,-16.6665554046631,Jump,released
1094.364,jump_peak_reached,973.302856445312,-1444.84338378906,81.6666641235352,41.2038154602051,jump_peak,x_973.302856445312_y_-1444.84338378906
1094.364,move_left_pressed,973.302856445312,-1444.84338378906,81.6666641235352,41.2038154602051,Move_Left,pressed
1094.664,platform_landed,940.179321289062,-1338.06372070312,-180.0,0.0,land_on_platform,platform_scene-1/Tile Map/52_-74_layer_Tile Map_tile_52_-74_source_1_atlas_13_6
1094.664,landed,940.179321289062,-1338.06372070312,-180.0,0.0,land,surface_wood_impact_1.4157412109375
1094.665,sonification,940.179321289062,-1338.06372070312,-180.0,0.0,osc_received,"value_[1, ""leadr-mel""]"
1094.666,musicking,940.179321289062,-1338.06372070312,-180.0,0.0,osc_received,"value_[1, ""water-tube""]"
1095.871,jump_input_pressed,724.179382324219,-1338.05151367188,-180.0,0.0,Jump,pressed
1095.871,jump_executed,724.179382324219,-1338.05151367188,-180.0,-500.0,jump,x_724.179382324219_y_-1338.05151367188
1096.313,jump_peak_reached,646.173461914062,-1444.89660644531,-180.0,39.8149261474609,jump_peak,x_646.173461914062_y_-1444.89660644531
1096.331,jump_input_released,643.173461914062,-1444.23303222656,-96.6666641235352,76.8519668579102,Jump,released
1096.413,platform_landed,641.340148925781,-1428.99462890625,0.0,0.0,land_on_platform,platform_scene-1/Tile Map/35_-79_layer_Tile Map_tile_35_-79_source_1_atlas_14_6
1096.413,landed,641.340148925781,-1428.99462890625,0.0,0.0,land,surface_wood_impact_0.52407427978516
1096.414,sonification,641.340148925781,-1428.99462890625,0.0,0.0,osc_received,"value_[1, ""leadr-mel""]"
1096.414,musicking,641.340148925781,-1428.99462890625,0.0,0.0,osc_received,"value_[1, ""water-tube""]"
1096.833,move_right_pressed,641.340148925781,-1428.99462890625,33.3333320617676,0.0,Move_Right,pressed
1096.833,jump_input_pressed,641.340148925781,-1428.99462890625,33.3333320617676,0.0,Jump,pressed
1096.833,jump_executed,641.340148925781,-1428.99462890625,33.3333320617676,-500.0,jump,x_641.340148925781_y_-1428.99462890625
1096.997,move_left_pressed,658.149353027344,-1496.96301269531,84.9999923706055,-294.722106933594,Move_Left,pressed
1097.265,jump_peak_reached,640.093811035156,-1535.87963867188,-180.0,39.8149261474609,jump_peak,x_640.093811035156_y_-1535.87963867188
1097.332,jump_input_released,628.093811035156,-1529.52160644531,-180.0,187.963073730469,Jump,released
1097.363,platform_landed,620.480346679688,-1519.04956054688,-96.6666641235352,0.0,land_on_platform,platform_scene-1/Tile Map/34_-84_layer_Tile Map_tile_34_-84_source_1_atlas_14_6
1097.364,landed,620.480346679688,-1519.04956054688,-96.6666641235352,0.0,land,surface_wood_impact_0.52407427978516
1097.371,sonification,620.480346679688,-1519.04956054688,-96.6666641235352,0.0,osc_received,"value_[1, ""leadr-mel""]"
1097.371,musicking,620.480346679688,-1519.04956054688,-96.6666641235352,0.0,osc_received,"value_[1, ""water-tube""]"
1097.713,move_right_pressed,620.258117675781,-1519.04956054688,33.3333320617676,0.0,Move_Right,pressed
1097.866,jump_input_pressed,639.973327636719,-1519.3798828125,180.0,0.0,Jump,pressed
1097.866,jump_executed,639.973327636719,-1519.3798828125,180.0,-500.0,jump,x_639.973327636719_y_-1519.3798828125
1097.896,move_left_pressed,645.973327636719,-1535.70300292969,96.6666641235352,-458.499969482422,Move_Left,pressed
1098.029,jump_peak_reached,648.163269042969,-1578.65930175781,0.0,53.4813652038574,jump_peak,x_648.163269042969_y_-1578.65930175781
1098.231,platform_landed,644.413513183594,-1518.98413085938,-75.0,0.0,land_on_platform,platform_scene-1/Tile Map/35_-84_layer_Tile Map_tile_35_-84_source_1_atlas_14_6
1098.231,landed,644.413513183594,-1518.98413085938,-75.0,0.0,land,surface_wood_impact_0.99585174560547
1098.233,sonification,644.413513183594,-1518.98413085938,-75.0,0.0,osc_received,"value_[1, ""leadr-mel""]"
1098.233,musicking,644.413513183594,-1518.98413085938,-75.0,0.0,osc_received,"value_[1, ""water-tube""]"
1098.379,jump_input_released,622.810119628906,-1519.01672363281,-180.0,0.0,Jump,released
1098.712,move_right_pressed,614.976684570312,-1519.041015625,33.3333320617676,0.0,Move_Right,pressed
1099.279,move_right_pressed,634.164367675781,-1518.09448242188,33.3333320617676,0.0,Move_Right,pressed
1099.379,jump_input_pressed,645.013732910156,-1519.03259277344,180.0,0.0,Jump,pressed
1099.379,jump_executed,645.013732910156,-1519.03259277344,180.0,-500.0,jump,x_645.013732910156_y_-1519.03259277344
1099.545,move_left_pressed,675.017944335938,-1586.95642089844,96.6666641235352,-294.722106933594,Move_Left,pressed
1099.812,jump_peak_reached,654.351257324219,-1625.873046875,-180.0,39.8149261474609,jump_peak,x_654.351257324219_y_-1625.873046875
1099.933,jump_input_released,633.351257324219,-1608.26501464844,-180.0,299.074188232422,Jump,released
1099.933,platform_landed,630.31396484375,-1608.05725097656,-180.0,0.0,land_on_platform,platform_scene-1/Tile Map/34_-89_layer_Tile Map_tile_34_-89_source_1_atlas_14_6
1099.933,landed,630.31396484375,-1608.05725097656,-180.0,0.0,land,surface_wood_impact_0.59814837646484
1099.933,musicking,630.31396484375,-1608.05725097656,-180.0,0.0,osc_received,"value_[1, ""water-tube""]"
1099.937,sonification,630.31396484375,-1608.05725097656,-180.0,0.0,osc_received,"value_[1, ""leadr-mel""]"
1100.146,move_right_pressed,625.481079101562,-1608.11315917969,33.3333320617676,0.0,Move_Right,pressed
1100.481,move_left_pressed,647.153747558594,-1609.04113769531,-33.3333320617676,0.0,Move_Left,pressed
1100.945,move_right_pressed,627.9443359375,-1608.09375,33.3333320617676,0.0,Move_Right,pressed
1101.063,jump_input_pressed,641.825012207031,-1609.2333984375,180.0,0.0,Jump,pressed
1101.063,jump_executed,641.825012207031,-1609.2333984375,180.0,-500.0,jump,x_641.825012207031_y_-1609.2333984375
1101.296,move_left_pressed,683.825012207031,-1694.8212890625,96.6666641235352,-214.166549682617,Move_Left,pressed
1101.498,jump_peak_reached,674.130615234375,-1716.06201171875,-151.66667175293,39.8149261474609,jump_peak,x_674.130615234375_y_-1716.06201171875
1101.746,jump_input_released,649.566955566406,-1642.61926269531,-105.0,595.370544433594,Jump,released
1101.799,platform_landed,647.455871582031,-1609.02099609375,0.0,0.0,land_on_platform,platform_scene-1/Tile Map/35_-89_layer_Tile Map_tile_35_-89_source_1_atlas_14_6
1101.799,landed,647.455871582031,-1609.02099609375,0.0,0.0,land,surface_wood_impact_1.41296337890625
1101.8,musicking,647.455871582031,-1609.02099609375,0.0,0.0,osc_received,"value_[1, ""water-tube""]"
1101.804,sonification,647.455871582031,-1609.02099609375,0.0,0.0,osc_received,"value_[1, ""leadr-mel""]"
1101.932,move_left_pressed,647.455871582031,-1609.02099609375,-33.3333320617676,0.0,Move_Left,pressed
1102.147,move_left_pressed,646.900085449219,-1609.04077148438,-33.3333320617676,0.0,Move_Left,pressed
1102.796,move_right_pressed,633.710083007812,-1608.08581542969,33.3333320617676,0.0,Move_Right,pressed
1102.864,jump_input_pressed,638.878784179688,-1608.84692382812,166.666656494141,0.0,Jump,pressed
1102.864,jump_executed,638.878784179688,-1608.84692382812,166.666656494141,-500.0,jump,x_638.878784179688_y_-1608.84692382812
1103.037,move_left_pressed,671.656555175781,-1681.68115234375,96.6666641235352,-274.499877929688,Move_Left,pressed
1103.296,jump_peak_reached,656.989868164062,-1715.67553710938,-180.0,39.8149261474609,jump_peak,x_656.989868164062_y_-1715.67553710938
1103.405,platform_landed,632.949951171875,-1698.07800292969,-180.0,0.0,land_on_platform,platform_scene-1/Tile Map/35_-94_layer_Tile Map_tile_35_-94_source_1_atlas_14_6
1103.405,landed,632.949951171875,-1698.07800292969,-180.0,0.0,land,surface_wood_impact_0.59814837646484
1103.412,sonification,632.949951171875,-1698.07800292969,-180.0,0.0,osc_received,"value_[1, ""leadr-mel""]"
1103.413,musicking,632.949951171875,-1698.07800292969,-180.0,0.0,osc_received,"value_[1, ""water-tube""]"
1103.43,jump_input_released,632.949951171875,-1698.07800292969,-180.0,0.0,Jump,released
1103.872,move_right_pressed,625.116882324219,-1698.11193847656,33.3333320617676,0.0,Move_Right,pressed
1104.022,jump_input_pressed,645.012023925781,-1698.98693847656,180.0,0.0,Jump,pressed
1104.022,jump_executed,645.012023925781,-1698.98693847656,180.0,-500.0,jump,x_645.012023925781_y_-1698.98693847656
1104.189,move_left_pressed,675.028930664062,-1766.94604492188,96.6666641235352,-294.722106933594,Move_Left,pressed
1104.455,jump_peak_reached,654.028991699219,-1805.86267089844,-180.0,39.8149261474609,jump_peak,x_654.028991699219_y_-1805.86267089844
1104.456,platform_landed,651.363708496094,-1805.60278320312,-180.0,0.0,land_on_platform,platform_scene-1/Tile Map/35_-100_layer_Tile Map_tile_35_-100_source_1_atlas_14_6
1104.456,landed,651.363708496094,-1805.60278320312,-180.0,0.0,land,surface_wood_impact_0.07962985229492
1104.457,sonification,651.363708496094,-1805.60278320312,-180.0,0.0,osc_received,"value_[1, ""leadr-mel""]"
1104.457,musicking,651.363708496094,-1805.60278320312,-180.0,0.0,osc_received,"value_[1, ""water-tube""]"
1104.596,coin_collected,631.374938964844,-1806.04943847656,-180.0,0.0,collect_coin,coin_coin24_score_32
1104.596,jump_input_released,631.374938964844,-1806.04943847656,-96.6666641235352,0.0,Jump,released
1104.596,sonification,629.764099121094,-1806.07775878906,-96.6666641235352,0.0,osc_received,"value_[1, ""coins-with-pitch""]"
1105.239,move_right_pressed,629.541870117188,-1806.07775878906,33.3333320617676,0.0,Move_Right,pressed
1105.306,jump_input_pressed,635.097229003906,-1806.10119628906,166.666656494141,0.0,Jump,pressed
1105.306,jump_executed,635.097229003906,-1806.10119628906,166.666656494141,-500.0,jump,x_635.097229003906_y_-1806.10119628906
1105.389,move_left_pressed,649.875915527344,-1844.33068847656,96.6666641235352,-396.666595458984,Move_Left,pressed
1105.621,jump_peak_reached,654.030090332031,-1891.15417480469,-15.64830493927,42.1214332580566,jump_peak,x_654.030090332031_y_-1891.15417480469
1105.829,jump_input_released,636.187133789062,-1841.98718261719,-180.0,486.565948486328,Jump,released
1105.871,platform_landed,628.355651855469,-1806.08337402344,-13.3333311080933,0.0,land_on_platform,platform_scene-1/Tile Map/34_-100_layer_Tile Map_tile_34_-100_source_1_atlas_14_6
1105.871,landed,628.355651855469,-1806.08337402344,-13.3333311080933,0.0,land,surface_wood_impact_1.19535412597656
1105.879,sonification,628.355651855469,-1806.08337402344,-13.3333311080933,0.0,osc_received,"value_[1, ""leadr-mel""]"
1105.879,musicking,628.355651855469,-1806.08337402344,-13.3333311080933,0.0,osc_received,"value_[1, ""water-tube""]"
1106.304,move_right_pressed,628.355651855469,-1806.08337402344,33.3333320617676,0.0,Move_Right,pressed
1106.457,jump_input_pressed,648.205871582031,-1806.87719726562,180.0,0.0,Jump,pressed
1106.457,jump_executed,648.205871582031,-1806.87719726562,180.0,-500.0,jump,x_648.205871582031_y_-1806.87719726562
1106.471,jump_peak_reached,651.229797363281,-1815.27795410156,96.6666641235352,-479.222198486328,jump_peak,x_651.229797363281_y_-1815.27795410156
1106.471,move_left_pressed,651.229797363281,-1815.27795410156,96.6666641235352,-479.222198486328,Move_Left,pressed
1106.855,jump_input_released,610.471923828125,-1847.45141601562,-13.3333311080933,426.563629150391,Jump,released
1106.923,move_right_pressed,610.249694824219,-1815.31005859375,15.0,574.711791992188,Move_Right,pressed
1106.938,platform_landed,605.916809082031,-1801.72583007812,30.0,0.0,land_on_platform,platform_scene-1/Tile Map/34_-100_layer_Tile Map_tile_34_-100_source_1_atlas_14_6
1106.938,landed,605.916809082031,-1801.72583007812,30.0,0.0,land,surface_wood_impact_1.22349768066406
1106.946,sonification,605.916809082031,-1801.72583007812,30.0,0.0,osc_received,"value_[1, ""leadr-mel""]"
1106.946,musicking,605.916809082031,-1801.72583007812,30.0,0.0,osc_received,"value_[1, ""water-tube""]"
1107.254,platform_landed,611.767700195312,-1698.27319335938,0.0,0.0,land_on_platform,platform_scene-1/Tile Map/34_-94_layer_Tile Map_tile_34_-94_source_1_atlas_14_6
1107.254,landed,611.767700195312,-1698.27319335938,0.0,0.0,land,surface_wood_impact_1.33333349609375
1107.255,sonification,611.767700195312,-1698.27319335938,0.0,0.0,osc_received,"value_[1, ""leadr-mel""]"
1107.256,musicking,611.767700195312,-1698.27319335938,0.0,0.0,osc_received,"value_[1, ""water-tube""]"
1107.796,move_right_pressed,611.767700195312,-1698.27319335938,33.3333320617676,0.0,Move_Right,pressed
1108.44,move_right_pressed,642.084167480469,-1699.0478515625,33.3333320617676,0.0,Move_Right,pressed
1108.539,jump_input_pressed,653.457763671875,-1698.1181640625,180.0,37.037036895752,Jump,pressed
1108.539,jump_executed,653.457763671875,-1698.1181640625,180.0,-500.0,jump,x_653.457763671875_y_-1698.1181640625
1108.622,move_left_pressed,668.457763671875,-1736.34497070312,96.6666641235352,-396.666595458984,Move_Left,pressed
1108.987,jump_peak_reached,652.51220703125,-1804.51928710938,-17.459888458252,76.8519668579102,jump_peak,x_652.51220703125_y_-1804.51928710938
1109.038,jump_input_released,654.400634765625,-1799.97180175781,-15.0,187.963073730469,Jump,released
1109.489,move_left_pressed,654.122741699219,-1498.72131347656,-15.0,1187.96301269531,Move_Left,pressed
1109.605,platform_landed,655.185607910156,-1338.06091308594,-60.0,0.0,land_on_platform,platform_scene-1/Tile Map/36_-74_layer_Tile Map_tile_36_-74_source_1_atlas_13_6
1109.605,landed,655.185607910156,-1338.06091308594,-60.0,0.0,land,surface_wood_impact_2.89444384765625
1109.606,sonification,655.185607910156,-1338.06091308594,-60.0,0.0,osc_received,"value_[1, ""leadr-mel""]"
1109.607,musicking,655.185607910156,-1338.06091308594,-60.0,0.0,osc_received,"value_[1, ""water-tube""]"
1109.638,musicking,651.518981933594,-1338.06091308594,-126.66667175293,0.0,osc_received,"value_[1, ""far-fall""]"
1110.388,move_right_pressed,638.018737792969,-1338.06091308594,33.3333320617676,0.0,Move_Right,pressed
1110.539,jump_input_pressed,658.35205078125,-1338.06091308594,180.0,0.0,Jump,pressed
1110.539,jump_executed,658.35205078125,-1338.06091308594,180.0,-500.0,jump,x_658.35205078125_y_-1338.06091308594
1110.554,jump_peak_reached,661.353210449219,-1346.3984375,96.6666641235352,-479.222198486328,jump_peak,x_661.353210449219_y_-1346.3984375
1110.554,move_left_pressed,661.353210449219,-1346.3984375,96.6666641235352,-479.222198486328,Move_Left,pressed
1111.005,jump_input_released,628.6865234375,-1442.94836425781,-180.0,113.889007568359,Jump,released
1111.071,platform_landed,623.853210449219,-1428.37658691406,0.0,0.0,land_on_platform,platform_scene-1/Tile Map/34_-79_layer_Tile Map_tile_34_-79_source_1_atlas_14_6
1111.071,landed,623.853210449219,-1428.37658691406,0.0,0.0,land,surface_wood_impact_0.52407427978516
1111.071,musicking,623.853210449219,-1428.37658691406,0.0,0.0,osc_received,"value_[1, ""water-tube""]"
1111.079,sonification,623.853210449219,-1428.37658691406,0.0,0.0,osc_received,"value_[1, ""leadr-mel""]"
1111.24,move_right_pressed,623.853210449219,-1428.37658691406,33.3333320617676,0.0,Move_Right,pressed
1111.421,jump_input_pressed,649.648132324219,-1428.47839355469,180.0,0.0,Jump,pressed
1111.421,jump_executed,649.648132324219,-1428.47839355469,180.0,-500.0,jump,x_649.648132324219_y_-1428.47839355469
1111.454,move_left_pressed,655.674072265625,-1444.87353515625,96.6666641235352,-458.499969482422,Move_Left,pressed
1111.806,jump_input_released,642.905212402344,-1534.49792480469,-150.0,-36.1665573120117,Jump,released
1111.862,jump_peak_reached,636.294128417969,-1535.26452636719,0.0,42.5371475219727,jump_peak,x_636.294128417969_y_-1535.26452636719
1111.963,platform_landed,636.294128417969,-1518.05419921875,0.0,0.0,land_on_platform,platform_scene-1/Tile Map/35_-84_layer_Tile Map_tile_35_-84_source_1_atlas_14_6
1111.963,landed,636.294128417969,-1518.05419921875,0.0,0.0,land,surface_wood_impact_0.52951873779297
1111.971,sonification,636.294128417969,-1518.05419921875,0.0,0.0,osc_received,"value_[1, ""leadr-mel""]"
1111.971,musicking,636.294128417969,-1518.05419921875,0.0,0.0,osc_received,"value_[1, ""water-tube""]"
1112.122,move_right_pressed,636.294128417969,-1518.05419921875,33.3333320617676,0.0,Move_Right,pressed
1112.288,jump_input_pressed,659.266967773438,-1516.36694335938,180.0,111.111114501953,Jump,pressed
1112.288,jump_executed,659.266967773438,-1516.36694335938,180.0,-500.0,jump,x_659.266967773438_y_-1516.36694335938
1112.338,move_left_pressed,668.266967773438,-1540.33447265625,96.6666641235352,-437.833282470703,Move_Left,pressed
1112.722,jump_peak_reached,626.600280761719,-1623.19555664062,-180.0,39.8149261474609,jump_peak,x_626.600280761719_y_-1623.19555664062
1112.722,jump_input_released,626.600280761719,-1623.19555664062,-180.0,39.8149261474609,Jump,released
1112.831,platform_landed,621.766967773438,-1608.96533203125,0.0,0.0,land_on_platform,platform_scene-1/Tile Map/34_-89_layer_Tile Map_tile_34_-89_source_1_atlas_14_6
1112.831,landed,621.766967773438,-1608.96533203125,0.0,0.0,land,surface_wood_impact_0.52407427978516
1112.832,sonification,621.766967773438,-1608.96533203125,0.0,0.0,osc_received,"value_[1, ""leadr-mel""]"
1112.832,musicking,621.766967773438,-1608.96533203125,0.0,0.0,osc_received,"value_[1, ""water-tube""]"
1112.929,move_right_pressed,621.766967773438,-1608.96533203125,33.3333320617676,0.0,Move_Right,pressed
1113.505,move_right_pressed,637.888854980469,-1608.25903320312,33.3333320617676,0.0,Move_Right,pressed
1113.629,jump_input_pressed,651.965576171875,-1608.71228027344,180.0,37.037036895752,Jump,pressed
1113.63,jump_executed,651.965576171875,-1608.71228027344,180.0,-500.0,jump,x_651.965576171875_y_-1608.71228027344
1113.689,move_left_pressed,663.965576171875,-1639.98071289062,96.6666641235352,-417.22216796875,Move_Left,pressed
1114.062,jump_peak_reached,625.298889160156,-1715.54089355469,-180.0,39.8149261474609,jump_peak,x_625.298889160156_y_-1715.54089355469
1114.062,jump_input_released,625.298889160156,-1715.54089355469,-180.0,39.8149261474609,Jump,released
1114.155,platform_landed,620.465576171875,-1698.99914550781,0.0,0.0,land_on_platform,platform_scene-1/Tile Map/34_-94_layer_Tile Map_tile_34_-94_source_1_atlas_14_6
1114.156,landed,620.465576171875,-1698.99914550781,0.0,0.0,land,surface_wood_impact_0.52407427978516
1114.157,sonification,620.465576171875,-1698.99914550781,0.0,0.0,osc_received,"value_[1, ""leadr-mel""]"
1114.157,musicking,620.465576171875,-1698.99914550781,0.0,0.0,osc_received,"value_[1, ""water-tube""]"
1114.289,move_right_pressed,620.465576171875,-1698.99914550781,33.3333320617676,0.0,Move_Right,pressed
1114.955,move_right_pressed,642.036743164062,-1699.0478515625,33.3333320617676,0.0,Move_Right,pressed
1114.955,jump_input_pressed,642.036743164062,-1699.0478515625,33.3333320617676,0.0,Jump,pressed
1114.955,jump_executed,642.036743164062,-1699.0478515625,33.3333320617676,-500.0,jump,x_642.036743164062_y_-1699.0478515625
1115.121,move_left_pressed,658.842712402344,-1766.96826171875,84.9999923706055,-294.722106933594,Move_Left,pressed
1115.27,move_right_pressed,655.037170410156,-1799.24609375,-6.66666650772095,-114.722114562988,Move_Right,pressed
1115.364,platform_landed,650.660095214844,-1805.99401855469,-81.6666641235352,-18.0554447174072,land_on_platform,platform_scene-1/Tile Map/35_-100_layer_Tile Map_tile_35_-100_source_1_atlas_14_6
1115.364,landed,650.660095214844,-1805.99401855469,-81.6666641235352,-18.0554447174072,land,surface_wood_impact_0.03611088943481
1115.366,sonification,650.660095214844,-1805.99401855469,-81.6666641235352,-18.0554447174072,osc_received,"value_[1, ""leadr-mel""]"
1115.366,musicking,650.660095214844,-1805.99401855469,-81.6666641235352,-18.0554447174072,osc_received,"value_[1, ""water-tube""]"
1115.421,jump_peak_reached,643.874267578125,-1807.16333007812,-178.33332824707,39.8149261474609,jump_peak,x_643.874267578125_y_-1807.16333007812
1115.421,platform_landed,640.903747558594,-1807.05114746094,-178.33332824707,0.0,land_on_platform,platform_scene-1/Tile Map/35_-100_layer_Tile Map_tile_35_-100_source_1_atlas_14_6
1115.421,landed,640.903747558594,-1807.05114746094,-178.33332824707,0.0,land,surface_wood_impact_0.07962985229492
1115.422,musicking,640.903747558594,-1807.05114746094,-178.33332824707,0.0,osc_received,"value_[1, ""water-tube""]"
1115.43,sonification,640.903747558594,-1807.05114746094,-178.33332824707,0.0,osc_received,"value_[1, ""leadr-mel""]"
1115.465,jump_input_released,637.903625488281,-1806.26013183594,-180.0,0.0,Jump,released
1115.87,move_right_pressed,624.122192382812,-1806.25744628906,33.3333320617676,0.0,Move_Right,pressed
1116.597,jump_input_pressed,639.914306640625,-1806.90185546875,0.0,0.0,Jump,pressed
1116.597,jump_executed,639.914306640625,-1806.90185546875,0.0,-500.0,jump,x_639.914306640625_y_-1806.90185546875
1116.604,move_right_pressed,639.914306640625,-1815.29772949219,15.0,-479.222198486328,Move_Right,pressed
1116.763,move_left_pressed,651.164306640625,-1874.87548828125,51.6666679382324,-294.722106933594,Move_Left,pressed
1117.037,jump_peak_reached,653.303588867188,-1911.36499023438,-15.0,76.8519668579102,jump_peak,x_653.303588867188_y_-1911.36499023438
1117.204,jump_input_released,652.500122070312,-1871.23486328125,-61.3628311157227,447.222381591797,Jump,released
1117.304,platform_landed,639.996887207031,-1806.98254394531,-151.362823486328,0.0,land_on_platform,platform_scene-1/Tile Map/35_-100_layer_Tile Map_tile_35_-100_source_1_atlas_14_6
1117.304,landed,639.996887207031,-1806.98254394531,-151.362823486328,0.0,land,surface_wood_impact_1.33888928222656
1117.304,musicking,639.996887207031,-1806.98254394531,-151.362823486328,0.0,osc_received,"value_[1, ""water-tube""]"
1117.313,sonification,639.996887207031,-1806.98254394531,-151.362823486328,0.0,osc_received,"value_[1, ""leadr-mel""]"
1117.655,move_right_pressed,620.730224609375,-1807.05078125,33.3333320617676,0.0,Move_Right,pressed
1118.147,move_left_pressed,645.323181152344,-1807.03869628906,-33.3333320617676,0.0,Move_Left,pressed
1118.73,move_right_pressed,635.589294433594,-1806.04455566406,33.3333320617676,0.0,Move_Right,pressed
1118.787,jump_input_pressed,640.70703125,-1807.19665527344,166.666656494141,0.0,Jump,pressed
1118.788,jump_executed,640.70703125,-1807.19665527344,166.666656494141,-500.0,jump,x_640.70703125_y_-1807.19665527344
1118.804,jump_peak_reached,643.484802246094,-1815.53088378906,180.0,-479.222198486328,jump_peak,x_643.484802246094_y_-1815.53088378906
1118.873,move_left_pressed,655.484802246094,-1845.42346191406,96.6666641235352,-396.666595458984,Move_Left,pressed
1119.197,platform_landed,650.406555175781,-1914.20959472656,-75.8750152587891,-18.0554447174072,land_on_platform,platform_scene-1/Tile Map/35_-106_layer_Tile Map_tile_35_-106_source_1_atlas_14_6
1119.197,landed,650.406555175781,-1914.20959472656,-75.8750152587891,-18.0554447174072,land,surface_wood_impact_0.03611088943481
1119.205,sonification,648.771667480469,-1914.95678710938,-109.208351135254,-18.0554447174072,osc_received,"value_[1, ""leadr-mel""]"
1119.205,musicking,648.771667480469,-1914.95678710938,-109.208351135254,-18.0554447174072,osc_received,"value_[1, ""water-tube""]"
1119.256,platform_landed,640.896240234375,-1915.05102539062,-172.541687011719,0.0,land_on_platform,platform_scene-1/Tile Map/35_-106_layer_Tile Map_tile_35_-106_source_1_atlas_14_6
1119.256,landed,640.896240234375,-1915.05102539062,-172.541687011719,0.0,land,surface_wood_impact_0.07962985229492
1119.257,sonification,640.896240234375,-1915.05102539062,-172.541687011719,0.0,osc_received,"value_[1, ""leadr-mel""]"
1119.258,musicking,640.896240234375,-1915.05102539062,-172.541687011719,0.0,osc_received,"value_[1, ""water-tube""]"
1119.372,jump_input_released,623.231567382812,-1914.79125976562,-180.0,0.0,Jump,released
1119.597,move_right_pressed,612.47509765625,-1914.52514648438,33.3333320617676,0.0,Move_Right,pressed
1120.137,jump_input_pressed,637.538757324219,-1914.11657714844,0.0,0.0,Jump,pressed
1120.137,jump_executed,637.538757324219,-1914.11657714844,0.0,-500.0,jump,x_637.538757324219_y_-1914.11657714844
1120.171,move_right_pressed,637.538757324219,-1930.4609375,15.0,-458.499969482422,Move_Right,pressed
1120.297,top/checkpoint reached,644.538757324219,-1976.79052734375,120.0,-315.555450439453,top/checkpoint,coins collected: 32
1120.571,jump_peak_reached,693.038757324219,-2020.96643066406,180.0,39.8149261474609,jump_peak,x_693.038757324219_y_-2020.96643066406
1120.605,jump_input_released,699.038757324219,-2019.02197265625,180.0,113.889007568359,Jump,released
1120.722,platform_landed,723.038757324219,-1989.06701660156,180.0,0.0,land_on_platform,platform_scene-1/Tile Map/40_-110_layer_Tile Map_tile_40_-110_source_1_atlas_2_4
1120.722,landed,723.038757324219,-1989.06701660156,180.0,0.0,land,surface_wood_impact_0.74629656982422
1120.723,sonification,723.038757324219,-1989.06701660156,180.0,0.0,osc_received,"value_[1, ""leadr-mel""]"
1122.07,move_left_pressed,963.038757324219,-1989.06701660156,96.6666641235352,0.0,Move_Left,pressed
1123.754,jump_input_pressed,674.316528320312,-1989.06701660156,-180.0,0.0,Jump,pressed
1123.755,jump_executed,674.316528320312,-1989.06701660156,-180.0,-500.0,jump,x_674.316528320312_y_-1989.06701660156
1124.197,jump_peak_reached,596.314086914062,-2095.90258789062,-180.0,39.8149261474609,jump_peak,x_596.314086914062_y_-2095.90258789062
1124.197,jump_input_released,596.314086914062,-2095.90258789062,-180.0,39.8149261474609,Jump,released
1124.488,platform_landed,558.480773925781,-1989.01916503906,0.0,0.0,land_on_platform,platform_scene-1/Tile Map/30_-110_layer_Tile Map_tile_30_-110_source_1_atlas_2_4
1124.488,landed,558.480773925781,-1989.01916503906,0.0,0.0,land,surface_wood_impact_1.41296337890625
1124.489,sonification,558.480773925781,-1989.01916503906,0.0,0.0,osc_received,"value_[1, ""leadr-mel""]"
1124.706,jump_input_pressed,558.480773925781,-1989.01916503906,0.0,0.0,Jump,pressed
1124.706,jump_executed,558.480773925781,-1989.01916503906,0.0,-500.0,jump,x_558.480773925781_y_-1989.01916503906
1124.805,move_left_pressed,558.480773925781,-2033.91345214844,-15.0,-376.166595458984,Move_Left,pressed
1125.121,jump_input_released,517.980773925781,-2095.94506835938,-180.0,2.77788853645325,Jump,released
1125.138,jump_peak_reached,514.980773925781,-2095.89868164062,-180.0,39.8149261474609,jump_peak,x_514.980773925781_y_-2095.89868164062
1125.305,platform_landed,481.980773925781,-2061.06713867188,-180.0,0.0,land_on_platform,platform_scene-1/Tile Map/26_-114_layer_Tile Map_tile_26_-114_source_1_atlas_1_0
1125.305,landed,481.980773925781,-2061.06713867188,-180.0,0.0,land,surface_wood_impact_0.82037066650391
1125.313,sonification,481.980773925781,-2061.06713867188,-180.0,0.0,osc_received,"value_[1, ""leadr-mel""]"
1125.373,jump_input_pressed,480.147430419922,-2061.06713867188,0.0,0.0,Jump,pressed
1125.373,jump_executed,480.147430419922,-2061.06713867188,0.0,-500.0,jump,x_480.147430419922_y_-2061.06713867188
1125.374,musicking,480.147430419922,-2069.4091796875,0.0,-500.055541992188,osc_received,"value_[1, ""chain-jumps""]"
1125.463,move_left_pressed,480.147430419922,-2099.3017578125,-15.0,-396.666595458984,Move_Left,pressed
1125.804,jump_peak_reached,433.647430419922,-2167.90356445312,-180.0,39.8149261474609,jump_peak,x_433.647430419922_y_-2167.90356445312
1126.071,platform_landed,385.471343994141,-2075.55126953125,-180.0,0.0,land_on_platform,platform_scene-1/Tile Map/20_-115_layer_Tile Map_tile_20_-115_source_1_atlas_15_0
1126.071,landed,385.471343994141,-2075.55126953125,-180.0,0.0,land,surface_wood_impact_1.26481518554687
1126.079,sonification,385.471343994141,-2075.55126953125,-180.0,0.0,osc_received,"value_[1, ""leadr-mel""]"
1126.154,jump_input_released,385.037750244141,-2075.29858398438,-33.3333320617676,0.0,Jump,released
1126.538,platform_landed,386.024200439453,-1989.05920410156,0.0,0.0,land_on_platform,platform_scene-1/Tile Map/21_-110_layer_Tile Map_tile_21_-110_source_1_atlas_2_4
1126.539,landed,386.024200439453,-1989.05920410156,0.0,0.0,land,surface_wood_impact_1.25925939941406
1126.546,sonification,386.024200439453,-1989.05920410156,0.0,0.0,osc_received,"value_[1, ""leadr-mel""]"
1126.796,jump_input_pressed,386.024200439453,-1989.05920410156,0.0,0.0,Jump,pressed
1126.796,jump_executed,386.024200439453,-1989.05920410156,0.0,-500.0,jump,x_386.024200439453_y_-1989.05920410156
1126.966,move_left_pressed,386.024200439453,-2056.98583984375,-15.0,-294.722106933594,Move_Left,pressed
1127.23,jump_peak_reached,366.57470703125,-2095.90283203125,-180.0,39.8149261474609,jump_peak,x_366.57470703125_y_-2095.90283203125
1127.231,jump_input_released,366.57470703125,-2095.90283203125,-180.0,39.8149261474609,Jump,released
1127.321,platform_landed,349.741394042969,-2079.06640625,-13.3333311080933,0.0,land_on_platform,platform_scene-1/Tile Map/19_-115_layer_Tile Map_tile_19_-115_source_1_atlas_14_0
1127.321,landed,349.741394042969,-2079.06640625,-13.3333311080933,0.0,land,surface_wood_impact_0.52407427978516
1127.322,sonification,349.741394042969,-2079.06640625,-13.3333311080933,0.0,osc_received,"value_[1, ""mushrooms""]"
1127.322,sonification,349.741394042969,-2079.06640625,-13.3333311080933,0.0,osc_received,"value_[1, ""leadr-mel""]"
1127.34,sonification,349.741394042969,-2079.06640625,0.0,0.0,osc_received,"value_[1, ""mushrooms""]"
1127.488,jump_input_pressed,349.741394042969,-2079.06640625,0.0,0.0,Jump,pressed
1127.488,jump_executed,349.741394042969,-2079.06640625,0.0,-500.0,jump,x_349.741394042969_y_-2079.06640625
1127.54,move_left_pressed,349.741394042969,-2103.04223632812,-15.0,-437.833282470703,Move_Left,pressed
1127.871,jump_input_released,306.241394042969,-2185.02368164062,-180.0,-36.1665573120117,Jump,released
1127.93,jump_peak_reached,301.408050537109,-2185.79052734375,0.0,42.5371475219727,jump_peak,x_301.408050537109_y_-2185.79052734375
1128.198,move_left_pressed,301.408050537109,-2100.37329101562,-15.0,635.129821777344,Move_Left,pressed
1128.204,platform_landed,300.658050537109,-2079.06640625,-30.0,0.0,land_on_platform,platform_scene-1/Tile Map/16_-115_layer_Tile Map_tile_16_-115_source_1_atlas_14_0
1128.204,landed,300.658050537109,-2079.06640625,-30.0,0.0,land,surface_wood_impact_1.34433374023437
1128.213,sonification,300.658050537109,-2079.06640625,-30.0,0.0,osc_received,"value_[1, ""mushrooms""]"
1128.213,sonification,300.658050537109,-2079.06640625,-30.0,0.0,osc_received,"value_[1, ""leadr-mel""]"
1128.331,sonification,284.084655761719,-2078.73828125,-180.0,0.0,osc_received,"value_[1, ""mushrooms""]"
1128.605,platform_landed,261.251312255859,-1989.0078125,0.0,0.0,land_on_platform,platform_scene-1/Tile Map/14_-110_layer_Tile Map_tile_14_-110_source_1_atlas_2_4
1128.605,landed,261.251312255859,-1989.0078125,0.0,0.0,land,surface_wood_impact_1.25925939941406
1128.607,sonification,261.251312255859,-1989.0078125,0.0,0.0,osc_received,"value_[1, ""leadr-mel""]"
1128.929,move_left_pressed,261.251312255859,-1989.0078125,-33.3333320617676,0.0,Move_Left,pressed
1128.963,jump_input_pressed,259.584655761719,-1989.0078125,-100.0,0.0,Jump,pressed
1128.964,jump_executed,259.584655761719,-1989.0078125,-100.0,-500.0,jump,x_259.584655761719_y_-1989.0078125
1129.398,jump_peak_reached,185.823257446289,-2095.8935546875,-180.0,39.8149261474609,jump_peak,x_185.823257446289_y_-2095.8935546875
1129.463,jump_input_released,173.823257446289,-2089.53564453125,-180.0,187.963073730469,Jump,released
1129.699,platform_landed,128.823257446289,-1989.06701660156,-180.0,0.0,land_on_platform,platform_scene-1/Tile Map/7_-110_layer_Tile Map_tile_7_-110_source_1_atlas_2_4
1129.699,landed,128.823257446289,-1989.06701660156,-180.0,0.0,land,surface_wood_impact_1.41296337890625
1129.7,sonification,128.823257446289,-1989.06701660156,-180.0,0.0,osc_received,"value_[1, ""leadr-mel""]"
1130.163,jump_input_pressed,47.8232574462891,-1989.06701660156,-180.0,0.0,Jump,pressed
1130.163,jump_executed,47.8232574462891,-1989.06701660156,-180.0,-500.0,jump,x_47.8232574462891_y_-1989.06701660156
1130.271,scene_transition,26.8208045959473,-2040.19323730469,-180.0,-356.166595458984,switch,from_res://Scenes/Main/scene-1.tscn_to_res://Scenes/Main/menu.tscn
1130.271,session_end,26.8208045959473,-2040.19323730469,-180.0,-356.166595458984,,
