timestamp_seconds,event,x,y,velocity_x,velocity_y,action,info
250.518,session_start,392.0,624.0,0.0,0.0,,
250.562,jump_peak_reached,392.0,624.0,0.0,37.037036895752,jump_peak,x_392.0_y_624.0
250.606,platform_landed,392.0,638.988403320312,0.0,0.0,land_on_platform,platform_scene-1/Tile Map/21_36_layer_Tile Map_tile_21_36_source_1_atlas_2_0
250.606,landed,392.0,638.988403320312,0.0,0.0,land,surface_wood_impact_0.51851849365234
253.025,move_right_pressed,392.0,638.988403320312,33.3333320617676,0.0,Move_Right,pressed
253.772,move_left_pressed,465.166656494141,638.932373046875,-33.3333320617676,0.0,Move_Left,pressed
254.439,jump_input_pressed,449.0,638.925048828125,0.0,0.0,Jump,pressed
254.439,jump_executed,449.0,638.925048828125,0.0,-500.0,jump,x_449.0_y_638.925048828125
254.572,jump_input_released,448.749969482422,582.704895019531,-14.439845085144,-8.40757274627686,Jump,released
254.591,jump_input_pressed,448.492462158203,582.609313964844,0.0,14.9861145019531,Jump,pressed
254.606,jump_peak_reached,448.492462158203,582.86474609375,0.0,52.0231513977051,jump_peak,x_448.492462158203_y_582.86474609375
254.74,move_left_pressed,448.492462158203,607.085144042969,-15.0,348.319458007812,Move_Left,pressed
254.758,jump_input_released,448.242462158203,612.890441894531,-30.0,385.356506347656,Jump,released
254.807,platform_landed,444.742462158203,638.932983398438,-75.0,0.0,land_on_platform,platform_scene-1/Tile Map/24_36_layer_Tile Map_tile_24_36_source_1_atlas_2_0
254.807,landed,444.742462158203,638.932983398438,-75.0,0.0,land,surface_wood_impact_0.99293530273438
255.191,move_left_pressed,423.825805664062,638.932983398438,-33.3333320617676,0.0,Move_Left,pressed
255.606,move_right_pressed,368.659149169922,638.932983398438,33.3333320617676,0.0,Move_Right,pressed
256.173,jump_input_pressed,384.825805664062,638.932983398438,0.0,0.0,Jump,pressed
256.173,jump_executed,384.825805664062,638.932983398438,0.0,-500.0,jump,x_384.825805664062_y_638.932983398438
256.506,jump_input_released,384.825805664062,536.804870605469,0.0,-94.9998931884766,Jump,released
256.559,move_right_pressed,384.825805664062,533.096557617188,15.0,-32.4998931884766,Move_Right,pressed
256.606,jump_peak_reached,386.325805664062,532.51318359375,60.0,46.2038116455078,jump_peak,x_386.325805664062_y_532.51318359375
256.807,platform_landed,416.325622558594,584.932922363281,180.0,0.0,land_on_platform,platform_scene-1/Tile Map/23_33_layer_Tile Map_tile_23_33_source_1_atlas_3_0
256.807,landed,416.325622558594,584.932922363281,180.0,0.0,land,surface_wood_impact_0.98129663085938
257.459,jump_input_pressed,430.158966064453,584.932922363281,0.0,0.0,Jump,pressed
257.459,jump_executed,430.158966064453,584.932922363281,0.0,-500.0,jump,x_430.158966064453_y_584.932922363281
257.606,move_right_pressed,430.158966064453,522.272338867188,15.0,-314.999908447266,Move_Right,pressed
257.606,jump_input_released,430.158966064453,522.272338867188,15.0,-314.999908447266,Jump,released
257.706,jump_peak_reached,435.408966064453,517.480651855469,105.0,41.2037048339844,jump_peak,x_435.408966064453_y_517.480651855469
257.867,platform_landed,461.658966064453,548.933654785156,180.0,0.0,land_on_platform,platform_scene-1/Tile Map/25_31_layer_Tile Map_tile_25_31_source_1_atlas_1_0
257.867,landed,461.658966064453,548.933654785156,180.0,0.0,land,surface_wood_impact_0.74907415771484
257.914,coin_collected,466.270080566406,548.933654785156,96.6666641235352,0.0,collect_coin,coin_coin_score_2
258.273,jump_input_pressed,466.492309570312,548.933654785156,0.0,0.0,Jump,pressed
258.273,jump_executed,466.492309570312,548.933654785156,0.0,-500.0,jump,x_466.492309570312_y_548.933654785156
258.359,jump_input_released,466.492309570312,510.698333740234,0.0,-396.666595458984,Jump,released
258.458,jump_peak_reached,466.492309570312,505.906677246094,0.0,41.2037048339844,jump_peak,x_466.492309570312_y_505.906677246094
258.639,platform_landed,466.492309570312,548.973876953125,0.0,0.0,land_on_platform,platform_scene-1/Tile Map/25_31_layer_Tile Map_tile_25_31_source_1_atlas_1_0
258.639,landed,466.492309570312,548.973876953125,0.0,0.0,land,surface_wood_impact_0.89722235107422
258.873,move_right_pressed,466.492309570312,548.973876953125,33.3333320617676,0.0,Move_Right,pressed
259.523,jump_input_pressed,491.658966064453,548.924865722656,0.0,0.0,Jump,pressed
259.523,jump_executed,491.658966064453,548.924865722656,0.0,-500.0,jump,x_491.658966064453_y_548.924865722656
259.681,move_right_pressed,491.658966064453,481.012054443359,15.0,-294.722106933594,Move_Right,pressed
259.781,jump_input_released,496.908966064453,456.501892089844,105.0,-174.222106933594,Jump,released
259.881,jump_peak_reached,511.158966064453,451.710235595703,180.0,41.2037048339844,jump_peak,x_511.158966064453_y_451.710235595703
260.066,platform_landed,533.992248535156,494.996459960938,0.0,0.0,land_on_platform,platform_scene-1/Tile Map/29_28_layer_Tile Map_tile_29_28_source_1_atlas_2_0
260.066,landed,533.992248535156,494.996459960938,0.0,0.0,land,surface_wood_impact_0.89722235107422
260.398,move_left_pressed,533.992248535156,494.996459960938,-33.3333320617676,0.0,Move_Left,pressed
260.599,jump_input_pressed,504.658935546875,494.933380126953,-180.0,0.0,Jump,pressed
260.599,jump_executed,504.658935546875,494.933380126953,-180.0,-500.0,jump,x_504.658935546875_y_494.933380126953
260.814,jump_peak_reached,467.691436767578,422.204437255859,-130.496032714844,100.560859680176,jump_peak,x_467.691436767578_y_422.204437255859
260.848,jump_input_released,463.091583251953,426.173767089844,-160.496032714844,174.63493347168,Jump,released
260.948,platform_landed,442.491729736328,458.933685302734,-180.0,0.0,land_on_platform,platform_scene-1/Tile Map/24_26_layer_Tile Map_tile_24_26_source_1_atlas_3_0
260.948,landed,442.491729736328,458.933685302734,-180.0,0.0,land,surface_wood_impact_0.79371435546875
261.631,move_right_pressed,434.658386230469,458.933685302734,33.3333320617676,0.0,Move_Right,pressed
261.849,jump_input_pressed,467.000549316406,465.239318847656,180.0,185.185180664062,Jump,pressed
262.048,platform_landed,506.000549316406,548.933837890625,180.0,0.0,land_on_platform,platform_scene-1/Tile Map/27_31_layer_Tile Map_tile_27_31_source_1_atlas_3_0
262.048,landed,506.000549316406,548.933837890625,180.0,0.0,land,surface_wood_impact_1.25925939941406
262.181,jump_input_released,527.000549316406,561.896789550781,180.0,259.259246826172,Jump,released
262.348,platform_landed,543.833862304688,638.9921875,0.0,0.0,land_on_platform,platform_scene-1/Tile Map/30_36_layer_Tile Map_tile_30_36_source_1_atlas_2_0
262.348,landed,543.833862304688,638.9921875,0.0,0.0,land,surface_wood_impact_1.25925939941406
262.448,move_left_pressed,543.833862304688,638.9921875,-33.3333320617676,0.0,Move_Left,pressed
263.031,jump_input_pressed,445.500549316406,638.932800292969,-96.6666641235352,0.0,Jump,pressed
263.031,jump_executed,445.500549316406,638.932800292969,-96.6666641235352,-500.0,jump,x_445.500549316406_y_638.932800292969
263.365,move_left_pressed,443.665771484375,536.805053710938,-15.0,-94.9998931884766,Move_Left,pressed
263.465,jump_peak_reached,438.415771484375,532.096740722656,-105.0,39.8149261474609,jump_peak,x_438.415771484375_y_532.096740722656
263.498,jump_input_released,434.665771484375,534.041198730469,-135.0,113.889007568359,Jump,released
263.665,platform_landed,403.165771484375,584.932983398438,-180.0,0.0,land_on_platform,platform_scene-1/Tile Map/22_33_layer_Tile Map_tile_22_33_source_1_atlas_1_0
263.665,landed,403.165771484375,584.932983398438,-180.0,0.0,land,surface_wood_impact_0.96851885986328
263.764,platform_landed,392.306427001953,586.802734375,0.0,0.0,land_on_platform,platform_scene-1/Tile Map/22_33_layer_Tile Map_tile_22_33_source_1_atlas_1_0
263.764,landed,392.306427001953,586.802734375,0.0,0.0,land,surface_wood_impact_0.14814814758301
264.414,move_right_pressed,392.306427001953,586.802734375,33.3333320617676,0.0,Move_Right,pressed
264.565,jump_input_pressed,411.428100585938,584.994995117188,180.0,0.0,Jump,pressed
264.565,jump_executed,411.428100585938,584.994995117188,180.0,-500.0,jump,x_411.428100585938_y_584.994995117188
264.882,jump_input_released,468.447814941406,484.75048828125,180.0,-114.722114562988,Jump,released
264.981,jump_peak_reached,473.281158447266,479.958831787109,0.0,41.2037048339844,jump_peak,x_473.281158447266_y_479.958831787109
265.215,platform_landed,473.281158447266,548.989074707031,0.0,0.0,land_on_platform,platform_scene-1/Tile Map/26_31_layer_Tile Map_tile_26_31_source_1_atlas_2_0
265.215,landed,473.281158447266,548.989074707031,0.0,0.0,land,surface_wood_impact_1.11944458007812
265.631,move_right_pressed,473.281158447266,548.989074707031,33.3333320617676,0.0,Move_Right,pressed
265.648,jump_input_pressed,473.836700439453,548.989074707031,66.6666641235352,0.0,Jump,pressed
265.648,jump_executed,473.836700439453,548.989074707031,66.6666641235352,-500.0,jump,x_473.836700439453_y_548.989074707031
265.864,jump_input_released,504.733032226562,467.262145996094,180.0,-234.222106933594,Jump,released
265.965,jump_peak_reached,522.733032226562,462.470489501953,180.0,41.2037048339844,jump_peak,x_522.733032226562_y_462.470489501953
266.115,platform_landed,527.566345214844,494.994171142578,0.0,0.0,land_on_platform,platform_scene-1/Tile Map/29_28_layer_Tile Map_tile_29_28_source_1_atlas_2_0
266.115,landed,527.566345214844,494.994171142578,0.0,0.0,land,surface_wood_impact_0.74907415771484
266.281,move_left_pressed,527.566345214844,494.994171142578,-33.3333320617676,0.0,Move_Left,pressed
266.799,jump_input_pressed,521.177490234375,494.93310546875,0.0,0.0,Jump,pressed
266.799,jump_executed,521.177490234375,494.93310546875,0.0,-500.0,jump,x_521.177490234375_y_494.93310546875
266.864,move_right_pressed,521.177490234375,463.656646728516,15.0,-417.22216796875,Move_Right,pressed
267.131,jump_input_released,552.677490234375,392.804840087891,180.0,-94.9998931884766,Jump,released
267.231,jump_peak_reached,569.28857421875,388.51318359375,13.3333311080933,46.2038116455078,jump_peak,x_569.28857421875_y_388.51318359375
267.382,move_left_pressed,569.510803222656,417.665985107422,-15.0,379.537170410156,Move_Left,pressed
267.383,platform_landed,569.260803222656,422.933807373047,-15.0,0.0,land_on_platform,platform_scene-1/Tile Map/31_24_layer_Tile Map_tile_31_24_source_1_atlas_3_0
267.383,landed,569.260803222656,422.933807373047,-15.0,0.0,land,surface_wood_impact_0.75907434082031
267.648,move_left_pressed,554.871948242188,422.933807373047,-33.3333320617676,0.0,Move_Left,pressed
268.348,jump_input_pressed,538.681579589844,423.394744873047,0.0,0.0,Jump,pressed
268.348,jump_executed,538.681579589844,423.394744873047,0.0,-500.0,jump,x_538.681579589844_y_423.394744873047
268.415,move_left_pressed,538.681579589844,392.064056396484,-15.0,-417.22216796875,Move_Left,pressed
268.615,jump_input_released,519.181579589844,330.910369873047,-180.0,-174.222106933594,Jump,released
268.715,jump_peak_reached,501.181579589844,326.118713378906,-180.0,41.2037048339844,jump_peak,x_501.181579589844_y_326.118713378906
268.898,platform_landed,487.348236083984,368.966857910156,0.0,0.0,land_on_platform,platform_scene-1/Tile Map/27_21_layer_Tile Map_tile_27_21_source_1_atlas_2_0
268.898,landed,487.348236083984,368.966857910156,0.0,0.0,land,surface_wood_impact_0.89722235107422
269.082,move_left_pressed,487.348236083984,368.966857910156,-33.3333320617676,0.0,Move_Left,pressed
269.315,coin_collected,451.996185302734,375.458465576172,-180.0,148.148147583008,collect_coin,coin_coin2_score_4
269.366,platform_landed,439.996185302734,386.933471679688,-180.0,0.0,land_on_platform,platform_scene-1/Tile Map/24_22_layer_Tile Map_tile_24_22_source_1_atlas_2_0
269.366,landed,439.996185302734,386.933471679688,-180.0,0.0,land,surface_wood_impact_0.59259259033203
269.748,jump_input_pressed,423.162841796875,386.933471679688,0.0,0.0,Jump,pressed
269.748,jump_executed,423.162841796875,386.933471679688,0.0,-500.0,jump,x_423.162841796875_y_386.933471679688
269.799,move_left_pressed,423.162841796875,362.957641601562,-15.0,-437.833282470703,Move_Left,pressed
269.864,jump_input_released,420.662841796875,335.805755615234,-75.0,-355.722137451172,Jump,released
269.964,jump_peak_reached,415.801727294922,331.014099121094,0.0,41.2037048339844,jump_peak,x_415.801727294922_y_331.014099121094
270.132,platform_landed,415.801727294922,369.035369873047,0.0,0.0,land_on_platform,platform_scene-1/Tile Map/22_21_layer_Tile Map_tile_22_21_source_1_atlas_3_0
270.133,landed,415.801727294922,369.035369873047,0.0,0.0,land,surface_wood_impact_0.82314825439453
270.197,move_left_pressed,415.801727294922,369.035369873047,-33.3333320617676,0.0,Move_Left,pressed
270.748,move_left_pressed,393.638427734375,368.926422119141,-33.3333320617676,0.0,Move_Left,pressed
270.815,jump_input_pressed,388.082885742188,368.926422119141,-166.666656494141,0.0,Jump,pressed
270.816,jump_executed,388.082885742188,368.926422119141,-166.666656494141,-500.0,jump,x_388.082885742188_y_368.926422119141
271.031,jump_peak_reached,350.976379394531,293.963317871094,-119.710563659668,100.896003723145,jump_peak,x_350.976379394531_y_293.963317871094
271.049,jump_input_released,348.981201171875,295.644927978516,-134.710571289062,137.933044433594,Jump,released
271.182,platform_landed,323.334167480469,335.987457275391,-180.0,0.0,land_on_platform,platform_scene-1/Tile Map/17_19_layer_Tile Map_tile_17_19_source_1_atlas_18_3
271.182,landed,323.334167480469,335.987457275391,-180.0,0.0,land,surface_wood_impact_0.86845874023437
271.865,jump_input_pressed,315.500915527344,335.955169677734,0.0,0.0,Jump,pressed
271.865,jump_executed,315.500915527344,335.955169677734,0.0,-500.0,jump,x_315.500915527344_y_335.955169677734
271.881,move_right_pressed,315.500915527344,327.619049072266,15.0,-479.222198486328,Move_Right,pressed
272.064,jump_input_released,332.000915527344,258.532958984375,180.0,-254.333206176758,Jump,released
272.165,jump_peak_reached,350.000915527344,253.741302490234,180.0,41.2037048339844,jump_peak,x_350.000915527344_y_253.741302490234
272.249,platform_landed,368.004516601562,263.940399169922,180.0,0.0,land_on_platform,platform_scene-1/Tile Map/20_15_layer_Tile Map_tile_20_15_source_1_atlas_13_6
272.249,landed,368.004516601562,263.940399169922,180.0,0.0,land,surface_wood_impact_0.45277777099609
272.865,jump_input_pressed,384.837860107422,263.940399169922,0.0,0.0,Jump,pressed
272.865,jump_executed,384.837860107422,263.940399169922,0.0,-500.0,jump,x_384.837860107422_y_263.940399169922
272.931,move_left_pressed,384.837860107422,232.66325378418,-15.0,-417.22216796875,Move_Left,pressed
273.197,jump_input_released,353.337860107422,161.811386108398,-180.0,-94.9998931884766,Jump,released
273.298,jump_peak_reached,335.337860107422,157.519729614258,-180.0,46.2038116455078,jump_peak,x_335.337860107422_y_157.519729614258
273.448,platform_landed,327.504516601562,188.995239257812,0.0,0.0,land_on_platform,platform_scene-1/Tile Map/18_11_layer_Tile Map_tile_18_11_source_1_atlas_1_0
273.449,landed,327.504516601562,188.995239257812,0.0,0.0,land,surface_wood_impact_0.75907434082031
273.466,move_right_pressed,327.504516601562,188.995239257812,33.3333320617676,0.0,Move_Right,pressed
273.999,jump_input_pressed,355.671173095703,188.995239257812,0.0,0.0,Jump,pressed
273.999,jump_executed,355.671173095703,188.995239257812,0.0,-500.0,jump,x_355.671173095703_y_188.995239257812
274.015,move_right_pressed,355.671173095703,180.598968505859,15.0,-479.222198486328,Move_Right,pressed
274.381,jump_input_released,405.171173095703,82.9841995239258,180.0,-36.1665573120117,Jump,released
274.432,jump_peak_reached,414.171173095703,82.2175369262695,96.6666641235352,42.5371475219727,jump_peak,x_414.171173095703_y_82.2175369262695
274.581,move_right_pressed,416.004516601562,110.820327758789,15.0,375.870513916016,Move_Right,pressed
274.631,platform_landed,418.504516601562,134.933456420898,60.0,0.0,land_on_platform,platform_scene-1/Tile Map/23_8_layer_Tile Map_tile_23_8_source_1_atlas_0_0
274.631,landed,418.504516601562,134.933456420898,60.0,0.0,land,surface_wood_impact_0.97396331787109
274.831,coin_collected,448.845581054688,141.221527099609,180.0,148.148147583008,collect_coin,coin_coin5_score_6
274.881,platform_landed,459.456695556641,152.93376159668,96.6666641235352,0.0,land_on_platform,platform_scene-1/Tile Map/25_9_layer_Tile Map_tile_25_9_source_1_atlas_2_0
274.881,landed,459.456695556641,152.93376159668,96.6666641235352,0.0,land,surface_wood_impact_0.59259259033203
275.148,move_left_pressed,459.678924560547,152.93376159668,-33.3333320617676,0.0,Move_Left,pressed
275.198,jump_input_pressed,456.345611572266,152.93376159668,-133.33332824707,0.0,Jump,pressed
275.198,jump_executed,456.345611572266,152.93376159668,-133.33332824707,-500.0,jump,x_456.345611572266_y_152.93376159668
275.265,jump_input_released,447.593475341797,121.65731048584,0.0,-417.22216796875,Jump,released
275.365,jump_peak_reached,447.593475341797,116.865646362305,0.0,41.2037048339844,jump_peak,x_447.593475341797_y_116.865646362305
275.466,move_left_pressed,447.593475341797,130.24528503418,-15.0,263.425933837891,Move_Left,pressed
275.532,platform_landed,443.843475341797,152.932846069336,-75.0,0.0,land_on_platform,platform_scene-1/Tile Map/24_9_layer_Tile Map_tile_24_9_source_1_atlas_1_0
275.532,landed,443.843475341797,152.932846069336,-75.0,0.0,land,surface_wood_impact_0.82314825439453
275.931,move_left_pressed,440.074768066406,152.93376159668,-33.3333320617676,0.0,Move_Left,pressed
276.247,move_left_pressed,440.074768066406,152.93376159668,-33.3333320617676,0.0,Move_Left,pressed
276.281,jump_input_pressed,440.074768066406,152.93376159668,-33.3333320617676,0.0,Jump,pressed
276.281,jump_executed,440.074768066406,152.93376159668,-33.3333320617676,-500.0,jump,x_440.074768066406_y_152.93376159668
276.398,jump_input_released,436.32470703125,101.814331054688,-90.0,-355.722137451172,Jump,released
276.498,jump_peak_reached,434.713592529297,97.0226669311523,0.0,41.2037048339844,jump_peak,x_434.713592529297_y_97.0226669311523
276.664,platform_landed,434.713592529297,135.204696655273,0.0,0.0,land_on_platform,platform_scene-1/Tile Map/23_8_layer_Tile Map_tile_23_8_source_1_atlas_0_0
276.664,landed,434.713592529297,135.204696655273,0.0,0.0,land,surface_wood_impact_0.82314825439453
276.782,move_left_pressed,434.713592529297,135.204696655273,-33.3333320617676,0.0,Move_Left,pressed
276.915,jump_input_pressed,417.41552734375,134.930801391602,-180.0,0.0,Jump,pressed
276.915,jump_executed,417.41552734375,134.930801391602,-180.0,-500.0,jump,x_417.41552734375_y_134.930801391602
277.248,jump_input_released,357.413635253906,32.8052139282227,-180.0,-94.9998931884766,Jump,released
277.347,jump_peak_reached,339.413635253906,28.513557434082,-180.0,46.2038116455078,jump_peak,x_339.413635253906_y_28.513557434082
277.549,platform_landed,319.580291748047,80.9866409301758,0.0,0.0,land_on_platform,platform_scene-1/Tile Map/17_5_layer_Tile Map_tile_17_5_source_1_atlas_13_0
277.549,landed,319.580291748047,80.9866409301758,0.0,0.0,land,surface_wood_impact_0.98129663085938
277.747,move_right_pressed,319.580291748047,80.9866409301758,33.3333320617676,0.0,Move_Right,pressed
277.866,jump_input_pressed,333.913604736328,80.9321212768555,180.0,0.0,Jump,pressed
277.866,jump_executed,333.913604736328,80.9321212768555,180.0,-500.0,jump,x_333.913604736328_y_80.9321212768555
278.298,jump_peak_reached,411.915863037109,-25.9028034210205,180.0,39.8149261474609,jump_peak,x_411.915863037109_y_-25.9028034210205
278.397,jump_input_released,429.915863037109,-12.6620502471924,180.0,262.037139892578,Jump,released
278.398,platform_landed,432.911376953125,-9.07118988037109,180.0,0.0,land_on_platform,platform_scene-1/Tile Map/23_0_layer_Tile Map_tile_23_0_source_1_atlas_13_7
278.398,landed,432.911376953125,-9.07118988037109,180.0,0.0,land,surface_wood_impact_0.52407427978516
278.665,move_right_pressed,437.744720458984,-9.07537651062012,33.3333320617676,0.0,Move_Right,pressed
278.948,jump_input_pressed,482.087890625,-5.21542310714722,180.0,148.148147583008,Jump,pressed
278.948,jump_executed,482.087890625,-5.21542310714722,180.0,-500.0,jump,x_482.087890625_y_-5.21542310714722
279.182,jump_peak_reached,524.089050292969,-82.3132400512695,180.0,74.0740737915039,jump_peak,x_524.089050292969_y_-82.3132400512695
279.282,jump_input_released,542.089050292969,-65.6465759277344,180.0,296.296295166016,Jump,released
279.283,platform_landed,545.089050292969,-63.0666542053223,180.0,0.0,land_on_platform,platform_scene-1/Tile Map/30_-3_layer_Tile Map_tile_30_-3_source_1_atlas_1_0
279.283,landed,545.089050292969,-63.0666542053223,180.0,0.0,land,surface_wood_impact_0.59259259033203
279.832,move_left_pressed,576.922302246094,-63.0756874084473,-33.3333320617676,0.0,Move_Left,pressed
279.915,jump_input_pressed,568.588989257812,-63.0756874084473,-180.0,0.0,Jump,pressed
279.915,jump_executed,568.588989257812,-63.0756874084473,-180.0,-500.0,jump,x_568.588989257812_y_-63.0756874084473
280.081,jump_input_released,548.074768066406,-130.98796081543,-15.0,-294.722106933594,Jump,released
280.181,jump_peak_reached,542.824768066406,-135.779632568359,-105.0,41.2037048339844,jump_peak,x_542.824768066406_y_-135.779632568359
280.198,platform_landed,539.074768066406,-135.066329956055,-120.0,0.0,land_on_platform,platform_scene-1/Tile Map/29_-7_layer_Tile Map_tile_29_-7_source_1_atlas_0_0
280.198,landed,539.074768066406,-135.066329956055,-120.0,0.0,land,surface_wood_impact_0.15648149108887
280.398,coin_collected,506.505920410156,-128.672790527344,-180.0,148.148147583008,collect_coin,coin_coin9_score_8
280.448,platform_landed,498.672607421875,-117.066177368164,-13.3333311080933,0.0,land_on_platform,platform_scene-1/Tile Map/27_-6_layer_Tile Map_tile_27_-6_source_1_atlas_2_0
280.448,landed,498.672607421875,-117.066177368164,-13.3333311080933,0.0,land,surface_wood_impact_0.59259259033203
280.715,move_right_pressed,498.672607421875,-117.066177368164,33.3333320617676,0.0,Move_Right,pressed
281.348,jump_input_pressed,515.925231933594,-117.066215515137,0.0,0.0,Jump,pressed
281.348,jump_executed,515.925231933594,-117.066215515137,0.0,-500.0,jump,x_515.925231933594_y_-117.066215515137
281.448,jump_input_released,515.924011230469,-161.909713745117,0.0,-376.166595458984,Jump,released
281.547,jump_peak_reached,515.924011230469,-166.701385498047,0.0,41.2037048339844,jump_peak,x_515.924011230469_y_-166.701385498047
281.682,move_right_pressed,515.924011230469,-143.923614501953,15.0,337.500030517578,Move_Right,pressed
281.749,platform_landed,515.027770996094,-117.067253112793,30.0,0.0,land_on_platform,platform_scene-1/Tile Map/28_-6_layer_Tile Map_tile_28_-6_source_1_atlas_3_0
281.749,landed,515.027770996094,-117.067253112793,30.0,0.0,land,surface_wood_impact_0.97129644775391
282.049,jump_input_pressed,515.925231933594,-117.066230773926,0.0,0.0,Jump,pressed
282.049,jump_executed,515.925231933594,-117.066230773926,0.0,-500.0,jump,x_515.925231933594_y_-117.066230773926
282.131,move_right_pressed,515.924011230469,-155.293060302734,15.0,-396.666595458984,Move_Right,pressed
282.198,jump_input_released,518.424011230469,-179.718994140625,75.0,-314.999908447266,Jump,released
282.298,jump_peak_reached,525.535095214844,-184.510665893555,0.0,41.2037048339844,jump_peak,x_525.535095214844_y_-184.510665893555
282.499,platform_landed,525.535095214844,-135.023300170898,0.0,0.0,land_on_platform,platform_scene-1/Tile Map/29_-7_layer_Tile Map_tile_29_-7_source_1_atlas_0_0
282.499,landed,525.535095214844,-135.023300170898,0.0,0.0,land,surface_wood_impact_0.97129644775391
282.765,move_left_pressed,525.535095214844,-135.023300170898,-33.3333320617676,0.0,Move_Left,pressed
282.789,jump_input_pressed,524.979553222656,-135.023300170898,-66.6666641235352,0.0,Jump,pressed
282.789,jump_executed,524.979553222656,-135.023300170898,-66.6666641235352,-500.0,jump,x_524.979553222656_y_-135.023300170898
282.998,jump_input_released,494.084777832031,-216.739654541016,-180.0,-234.222106933594,Jump,released
283.098,jump_peak_reached,476.084777832031,-221.531326293945,-180.0,41.2037048339844,jump_peak,x_476.084777832031_y_-221.531326293945
283.199,platform_landed,456.473663330078,-207.066970825195,-96.6666641235352,0.0,land_on_platform,platform_scene-1/Tile Map/25_-11_layer_Tile Map_tile_25_-11_source_1_atlas_2_0
283.199,landed,456.473663330078,-207.066970825195,-96.6666641235352,0.0,land,surface_wood_impact_0.52685186767578
283.714,move_left_pressed,456.251434326172,-207.066970825195,-33.3333320617676,0.0,Move_Left,pressed
283.965,jump_input_pressed,417.890655517578,-202.585968017578,-180.0,148.148147583008,Jump,pressed
284.099,jump_input_released,393.890655517578,-165.548919677734,-180.0,444.444488525391,Jump,released
284.349,move_right_pressed,374.057312011719,10.3770542144775,15.0,1000.00018310547,Move_Right,pressed
284.549,platform_landed,396.572845458984,263.954010009766,180.0,0.0,land_on_platform,platform_scene-1/Tile Map/22_15_layer_Tile Map_tile_22_15_source_1_atlas_13_6
284.549,landed,396.572845458984,263.954010009766,180.0,0.0,land,surface_wood_impact_2.88888818359375
285.099,platform_landed,445.948913574219,386.997131347656,0.0,0.0,land_on_platform,platform_scene-1/Tile Map/24_22_layer_Tile Map_tile_24_22_source_1_atlas_2_0
285.099,landed,445.948913574219,386.997131347656,0.0,0.0,land,surface_wood_impact_1.48148168945313
285.933,move_left_pressed,445.948913574219,386.997131347656,-33.3333320617676,0.0,Move_Left,pressed
286.231,move_left_pressed,429.782257080078,386.997131347656,-33.3333320617676,0.0,Move_Left,pressed
286.716,jump_input_pressed,422.074951171875,386.933502197266,0.0,0.0,Jump,pressed
286.716,jump_executed,422.074951171875,386.933502197266,0.0,-500.0,jump,x_422.074951171875_y_386.933502197266
286.731,move_left_pressed,422.075958251953,378.599243164062,-15.0,-479.222198486328,Move_Left,pressed
286.848,jump_input_released,416.824737548828,329.877960205078,-105.0,-335.333251953125,Jump,released
286.948,jump_peak_reached,412.463623046875,325.086303710938,0.0,41.2037048339844,jump_peak,x_412.463623046875_y_325.086303710938
287.133,platform_landed,412.463623046875,368.985870361328,0.0,0.0,land_on_platform,platform_scene-1/Tile Map/22_21_layer_Tile Map_tile_22_21_source_1_atlas_3_0
287.133,landed,412.463623046875,368.985870361328,0.0,0.0,land,surface_wood_impact_0.89722235107422
287.183,move_left_pressed,412.463623046875,368.985870361328,-33.3333320617676,0.0,Move_Left,pressed
287.366,jump_input_pressed,386.130310058594,368.985870361328,-180.0,0.0,Jump,pressed
287.366,jump_executed,386.130310058594,368.985870361328,-180.0,-500.0,jump,x_386.130310058594_y_368.985870361328
287.549,jump_input_released,353.113159179688,296.103942871094,-180.0,-274.499877929688,Jump,released
287.598,jump_peak_reached,344.125762939453,293.162261962891,-180.0,39.2583122253418,jump_peak,x_344.125762939453_y_293.162261962891
287.782,platform_landed,318.292419433594,335.996856689453,0.0,0.0,land_on_platform,platform_scene-1/Tile Map/17_19_layer_Tile Map_tile_17_19_source_1_atlas_18_3
287.782,landed,318.292419433594,335.996856689453,0.0,0.0,land,surface_wood_impact_0.89333154296875
288.15,jump_input_pressed,318.292419433594,335.996856689453,0.0,0.0,Jump,pressed
288.15,jump_executed,318.292419433594,335.996856689453,0.0,-500.0,jump,x_318.292419433594_y_335.996856689453
288.199,move_right_pressed,318.292419433594,311.998229980469,15.0,-437.833282470703,Move_Right,pressed
288.341,jump_input_released,327.292419433594,263.131561279297,135.0,-274.499877929688,Jump,released
288.44,jump_peak_reached,343.792419433594,258.339904785156,180.0,41.2037048339844,jump_peak,x_343.792419433594_y_258.339904785156
288.491,platform_landed,355.799530029297,263.896453857422,180.0,0.0,land_on_platform,platform_scene-1/Tile Map/19_15_layer_Tile Map_tile_19_15_source_1_atlas_14_6
288.491,landed,355.799530029297,263.896453857422,180.0,0.0,land,surface_wood_impact_0.30462963867187
288.883,move_left_pressed,399.633728027344,263.936065673828,-33.3333320617676,0.0,Move_Left,pressed
288.981,jump_input_pressed,388.300476074219,263.951538085938,-180.0,0.0,Jump,pressed
288.981,jump_executed,388.300476074219,263.951538085938,-180.0,-500.0,jump,x_388.300476074219_y_263.951538085938
289.183,jump_input_released,367.32470703125,186.518310546875,-45.0,-254.333206176758,Jump,released
289.281,jump_peak_reached,359.07470703125,181.726638793945,-135.0,41.2037048339844,jump_peak,x_359.07470703125_y_181.726638793945
289.348,platform_landed,345.57470703125,188.933410644531,-180.0,0.0,land_on_platform,platform_scene-1/Tile Map/19_11_layer_Tile Map_tile_19_11_source_1_atlas_3_0
289.349,landed,345.57470703125,188.933410644531,-180.0,0.0,land,surface_wood_impact_0.37870370483398
289.648,move_right_pressed,343.741363525391,188.933410644531,33.3333320617676,0.0,Move_Right,pressed
289.783,jump_input_pressed,361.074676513672,188.933410644531,180.0,0.0,Jump,pressed
289.783,jump_executed,361.074676513672,188.933410644531,180.0,-500.0,jump,x_361.074676513672_y_188.933410644531
289.998,jump_input_released,400.077178955078,107.255165100098,180.0,-234.222106933594,Jump,released
290.098,jump_peak_reached,418.077178955078,102.463500976562,180.0,41.2037048339844,jump_peak,x_418.077178955078_y_102.463500976562
290.248,platform_landed,431.910522460938,134.987167358398,0.0,0.0,land_on_platform,platform_scene-1/Tile Map/23_8_layer_Tile Map_tile_23_8_source_1_atlas_0_0
290.248,landed,431.910522460938,134.987167358398,0.0,0.0,land,surface_wood_impact_0.74907415771484
290.514,move_right_pressed,431.910522460938,134.987167358398,33.3333320617676,0.0,Move_Right,pressed
290.698,platform_landed,460.656646728516,152.933578491211,180.0,0.0,land_on_platform,platform_scene-1/Tile Map/25_9_layer_Tile Map_tile_25_9_source_1_atlas_2_0
290.698,landed,460.656646728516,152.933578491211,180.0,0.0,land,surface_wood_impact_0.59259259033203
291.182,move_right_pressed,479.925170898438,152.933776855469,33.3333320617676,0.0,Move_Right,pressed
291.182,jump_input_pressed,479.925170898438,152.933776855469,33.3333320617676,0.0,Jump,pressed
291.182,jump_executed,479.925170898438,152.933776855469,33.3333320617676,-500.0,jump,x_479.925170898438_y_152.933776855469
291.531,jump_input_released,520.42529296875,49.2106781005859,180.0,-75.3332214355469,Jump,released
291.615,jump_peak_reached,528.258605957031,46.4051322937012,0.0,45.0371475219727,jump_peak,x_528.258605957031_y_46.4051322937012
291.766,platform_landed,528.258605957031,80.9993743896484,0.0,0.0,land_on_platform,platform_scene-1/Tile Map/29_5_layer_Tile Map_tile_29_5_source_1_atlas_2_0
291.766,landed,528.258605957031,80.9993743896484,0.0,0.0,land,surface_wood_impact_0.75674102783203
292.082,move_right_pressed,528.258605957031,80.9993743896484,33.3333320617676,0.0,Move_Right,pressed
292.215,jump_input_pressed,545.591918945312,80.9993743896484,180.0,0.0,Jump,pressed
292.215,jump_executed,545.591918945312,80.9993743896484,180.0,-500.0,jump,x_545.591918945312_y_80.9993743896484
292.282,jump_input_released,557.612854003906,49.6727714538574,180.0,-417.22216796875,Jump,released
292.299,jump_input_pressed,560.612854003906,48.006103515625,180.0,-79.1666641235352,Jump,pressed
292.381,jump_peak_reached,575.612854003906,44.881103515625,180.0,41.2037048339844,jump_peak,x_575.612854003906_y_44.881103515625
292.599,jump_input_released,614.612854003906,101.956726074219,180.0,522.685241699219,Jump,released
292.782,platform_landed,646.446166992188,242.933776855469,13.3333311080933,0.0,land_on_platform,platform_scene-1/Tile Map/35_14_layer_Tile Map_tile_35_14_source_1_atlas_2_0
292.783,landed,646.446166992188,242.933776855469,13.3333311080933,0.0,land,surface_wood_impact_1.860185546875
292.815,move_left_pressed,646.446166992188,242.933776855469,-33.3333320617676,0.0,Move_Left,pressed
293.299,move_right_pressed,603.262023925781,308.072784423828,15.0,555.555603027344,Move_Right,pressed
293.365,platform_landed,607.058654785156,353.982391357422,75.0,0.0,land_on_platform,platform_scene-1/Tile Map/33_20_layer_Tile Map_tile_33_20_source_1_atlas_19_3
293.365,landed,607.058654785156,353.982391357422,75.0,0.0,land,surface_wood_impact_1.40740759277344
293.831,platform_landed,630.987060546875,549.980224609375,0.0,0.0,land_on_platform,platform_scene-1/Tile Map/34_31_layer_Tile Map_tile_34_31_source_1_atlas_18_0
293.831,landed,630.987060546875,549.980224609375,0.0,0.0,land,surface_wood_impact_1.85185217285156
294.299,move_left_pressed,630.987060546875,549.980224609375,-33.3333320617676,0.0,Move_Left,pressed
294.315,jump_input_pressed,630.431518554688,549.980224609375,-66.6666641235352,0.0,Jump,pressed
294.315,jump_executed,630.431518554688,549.980224609375,-66.6666641235352,-500.0,jump,x_630.431518554688_y_549.980224609375
294.331,jump_peak_reached,629.313842773438,541.596923828125,-81.6666641235352,-479.222198486328,jump_peak,x_629.313842773438_y_541.596923828125
294.532,jump_input_released,599.536254882812,468.259887695312,-180.0,-234.222106933594,Jump,released
294.831,platform_landed,588.702941894531,513.998962402344,0.0,0.0,land_on_platform,platform_scene-1/Tile Map/32_29_layer_Tile Map_tile_32_29_source_1_atlas_18_0
294.831,landed,588.702941894531,513.998962402344,0.0,0.0,land,surface_wood_impact_0.97129644775391
295.032,jump_input_pressed,588.702941894531,513.998962402344,0.0,0.0,Jump,pressed
295.032,jump_executed,588.702941894531,513.998962402344,0.0,-500.0,jump,x_588.702941894531_y_513.998962402344
295.049,move_left_pressed,588.702941894531,505.599456787109,-15.0,-479.222198486328,Move_Left,pressed
295.248,jump_peak_reached,582.623168945312,454.27734375,-29.0329418182373,52.9314460754395,jump_peak,x_582.623168945312_y_454.27734375
295.399,jump_input_released,569.267517089844,484.440490722656,-164.032943725586,386.264801025391,Jump,released
295.415,platform_landed,564.239807128906,497.245758056641,-179.032943725586,0.0,land_on_platform,platform_scene-1/Tile Map/30_28_layer_Tile Map_tile_30_28_source_1_atlas_3_0
295.415,landed,564.239807128906,497.245758056641,-179.032943725586,0.0,land,surface_wood_impact_0.84660369873047
295.582,platform_landed,566.257202148438,513.996887207031,0.0,0.0,land_on_platform,platform_scene-1/Tile Map/31_29_layer_Tile Map_tile_31_29_source_1_atlas_17_0
295.582,landed,566.257202148438,513.996887207031,0.0,0.0,land,surface_wood_impact_0.59259259033203
295.831,move_left_pressed,566.257202148438,513.996887207031,-33.3333320617676,0.0,Move_Left,pressed
295.848,jump_input_pressed,566.001098632812,513.996887207031,-33.3333320617676,0.0,Jump,pressed
295.848,jump_executed,566.001098632812,513.996887207031,-33.3333320617676,-500.0,jump,x_566.001098632812_y_513.996887207031
295.998,jump_peak_reached,559.072265625,457.685302734375,-120.0,74.0740737915039,jump_peak,x_559.072265625_y_457.685302734375
295.998,jump_input_released,559.072265625,457.685302734375,-120.0,74.0740737915039,Jump,released
296.151,platform_landed,544.738952636719,494.997192382812,0.0,0.0,land_on_platform,platform_scene-1/Tile Map/30_28_layer_Tile Map_tile_30_28_source_1_atlas_3_0
296.151,landed,544.738952636719,494.997192382812,0.0,0.0,land,surface_wood_impact_0.81481488037109
296.298,move_left_pressed,544.738952636719,494.997192382812,-33.3333320617676,0.0,Move_Left,pressed
296.697,move_right_pressed,513.572326660156,494.933502197266,33.3333320617676,0.0,Move_Right,pressed
296.766,jump_input_pressed,519.127868652344,494.933502197266,166.666656494141,0.0,Jump,pressed
296.766,jump_executed,519.127868652344,494.933502197266,166.666656494141,-500.0,jump,x_519.127868652344_y_494.933502197266
296.983,jump_input_released,535.425231933594,414.464141845703,60.0,-234.222106933594,Jump,released
297.081,jump_peak_reached,545.175231933594,409.672485351562,150.0,41.2037048339844,jump_peak,x_545.175231933594_y_409.672485351562
297.164,platform_landed,555.258544921875,422.998687744141,0.0,0.0,land_on_platform,platform_scene-1/Tile Map/30_24_layer_Tile Map_tile_30_24_source_1_atlas_1_0
297.164,landed,555.258544921875,422.998687744141,0.0,0.0,land,surface_wood_impact_0.45277777099609
297.432,move_left_pressed,555.258544921875,422.998687744141,-33.3333320617676,0.0,Move_Left,pressed
297.499,jump_input_pressed,549.703002929688,422.998687744141,-166.666656494141,0.0,Jump,pressed
297.499,jump_executed,549.703002929688,422.998687744141,-166.666656494141,-500.0,jump,x_549.703002929688_y_422.998687744141
297.715,jump_input_released,510.905700683594,341.268890380859,-180.0,-234.222106933594,Jump,released
297.815,jump_peak_reached,494.294586181641,336.477233886719,-13.3333311080933,41.2037048339844,jump_peak,x_494.294586181641_y_336.477233886719
297.965,platform_landed,494.072357177734,368.976531982422,0.0,0.0,land_on_platform,platform_scene-1/Tile Map/27_21_layer_Tile Map_tile_27_21_source_1_atlas_2_0
297.965,landed,494.072357177734,368.976531982422,0.0,0.0,land,surface_wood_impact_0.74907415771484
298.065,move_right_pressed,494.072357177734,368.976531982422,33.3333320617676,0.0,Move_Right,pressed
298.348,move_left_pressed,503.794555664062,368.976531982422,-33.3333320617676,0.0,Move_Left,pressed
298.806,jump_input_pressed,475.627899169922,368.930816650391,0.0,0.0,Jump,pressed
298.806,jump_executed,475.627899169922,368.930816650391,0.0,-500.0,jump,x_475.627899169922_y_368.930816650391
298.989,move_right_pressed,475.627899169922,296.090637207031,15.0,-274.499877929688,Move_Right,pressed
299.225,platform_landed,503.326263427734,260.762817382812,180.0,0.0,land_on_platform,platform_scene-1/Tile Map/28_15_layer_Tile Map_tile_28_15_source_1_atlas_1_0
299.225,landed,503.326263427734,260.762817382812,180.0,0.0,land,surface_wood_impact_0.00555577707291
299.407,jump_input_released,533.326293945312,260.995239257812,180.0,0.0,Jump,released
299.973,move_right_pressed,538.159606933594,260.995239257812,33.3333320617676,0.0,Move_Right,pressed
299.991,jump_input_pressed,538.715148925781,260.995239257812,66.6666641235352,0.0,Jump,pressed
299.991,jump_executed,538.715148925781,260.995239257812,66.6666641235352,-500.0,jump,x_538.715148925781_y_260.995239257812
300.173,jump_peak_reached,554.06787109375,203.058517456055,15.0,42.1910552978516,jump_peak,x_554.06787109375_y_203.058517456055
300.356,jump_input_released,570.569274902344,244.748138427734,180.0,449.598510742188,Jump,released
300.491,move_left_pressed,578.402587890625,321.978576660156,-15.0,745.894897460938,Move_Left,pressed
300.526,platform_landed,576.922607421875,353.935638427734,-45.0,0.0,land_on_platform,platform_scene-1/Tile Map/32_20_layer_Tile Map_tile_32_20_source_1_atlas_18_3
300.527,landed,576.922607421875,353.935638427734,-45.0,0.0,land,surface_wood_impact_1.63993798828125
300.907,platform_landed,551.509094238281,422.977478027344,0.0,0.0,land_on_platform,platform_scene-1/Tile Map/30_24_layer_Tile Map_tile_30_24_source_1_atlas_1_0
300.907,landed,551.509094238281,422.977478027344,0.0,0.0,land,surface_wood_impact_1.11111120605469
301.323,jump_input_pressed,551.509094238281,422.977478027344,0.0,0.0,Jump,pressed
301.323,jump_executed,551.509094238281,422.977478027344,0.0,-500.0,jump,x_551.509094238281_y_422.977478027344
301.341,move_left_pressed,551.509094238281,414.5966796875,-15.0,-479.222198486328,Move_Left,pressed
301.5,jump_input_released,537.759094238281,350.0966796875,-165.0,-274.499877929688,Jump,released
301.598,jump_peak_reached,520.009094238281,345.305023193359,-180.0,41.2037048339844,jump_peak,x_520.009094238281_y_345.305023193359
301.732,platform_landed,500.175750732422,368.994689941406,0.0,0.0,land_on_platform,platform_scene-1/Tile Map/27_21_layer_Tile Map_tile_27_21_source_1_atlas_2_0
301.732,landed,500.175750732422,368.994689941406,0.0,0.0,land,surface_wood_impact_0.67500006103516
301.848,move_left_pressed,500.175750732422,368.994689941406,-33.3333320617676,0.0,Move_Left,pressed
302.199,move_right_pressed,472.009094238281,368.994689941406,33.3333320617676,0.0,Move_Right,pressed
302.648,jump_input_pressed,485.175750732422,368.994689941406,0.0,0.0,Jump,pressed
302.648,jump_executed,485.175750732422,368.994689941406,0.0,-500.0,jump,x_485.175750732422_y_368.994689941406
302.664,move_right_pressed,485.175750732422,360.598907470703,15.0,-479.222198486328,Move_Right,pressed
302.849,jump_input_released,500.247833251953,293.242248535156,0.0,-9.70263195037842,Jump,released
302.882,jump_peak_reached,500.34375,293.436004638672,25.164249420166,53.4073715209961,jump_peak,x_500.34375_y_293.436004638672
303.116,platform_landed,520.37939453125,368.996276855469,0.0,0.0,land_on_platform,platform_scene-1/Tile Map/28_21_layer_Tile Map_tile_28_21_source_1_atlas_3_0
303.116,landed,520.37939453125,368.996276855469,0.0,0.0,land,surface_wood_impact_1.14385192871094
303.167,move_left_pressed,520.37939453125,368.996276855469,-33.3333320617676,0.0,Move_Left,pressed
303.848,move_left_pressed,495.212738037109,368.996276855469,-33.3333320617676,0.0,Move_Left,pressed
304.017,jump_input_pressed,471.879425048828,368.933380126953,-180.0,0.0,Jump,pressed
304.017,jump_executed,471.879425048828,368.933380126953,-180.0,-500.0,jump,x_471.879425048828_y_368.933380126953
304.264,jump_peak_reached,435.981506347656,291.106536865234,-15.0,52.2524490356445,jump_peak,x_435.981506347656_y_291.106536865234
304.264,jump_input_released,435.981506347656,291.106536865234,-15.0,52.2524490356445,Jump,released
304.515,platform_landed,418.119598388672,369.6796875,0.0,0.0,land_on_platform,platform_scene-1/Tile Map/22_21_layer_Tile Map_tile_22_21_source_1_atlas_3_0
304.515,landed,418.119598388672,369.6796875,0.0,0.0,land,surface_wood_impact_1.2156162109375
304.731,move_left_pressed,418.119598388672,369.6796875,-33.3333320617676,0.0,Move_Left,pressed
305.228,move_left_pressed,390.204833984375,368.997100830078,-33.3333320617676,0.0,Move_Left,pressed
305.228,jump_input_pressed,390.204833984375,368.997100830078,-33.3333320617676,0.0,Jump,pressed
305.228,jump_executed,390.204833984375,368.997100830078,-33.3333320617676,-500.0,jump,x_390.204833984375_y_368.997100830078
305.431,jump_peak_reached,364.393615722656,292.612182617188,-180.0,74.0740737915039,jump_peak,x_364.393615722656_y_292.612182617188
305.448,jump_input_released,361.393615722656,293.846740722656,-180.0,111.111114501953,Jump,released
305.599,platform_landed,331.423919677734,335.941589355469,-180.0,0.0,land_on_platform,platform_scene-1/Tile Map/18_19_layer_Tile Map_tile_18_19_source_1_atlas_19_3
305.599,landed,331.423919677734,335.941589355469,-180.0,0.0,land,surface_wood_impact_0.88888897705078
306.031,move_right_pressed,302.591491699219,335.978759765625,33.3333320617676,0.0,Move_Right,pressed
306.125,jump_input_pressed,310.924926757812,335.978759765625,180.0,0.0,Jump,pressed
306.125,jump_executed,310.924926757812,335.978759765625,180.0,-500.0,jump,x_310.924926757812_y_335.978759765625
306.315,jump_input_released,338.596008300781,258.528594970703,45.0,-254.333206176758,Jump,released
306.415,jump_peak_reached,346.846008300781,253.736938476562,135.0,41.2037048339844,jump_peak,x_346.846008300781_y_253.736938476562
306.498,platform_landed,363.313537597656,263.90234375,180.0,0.0,land_on_platform,platform_scene-1/Tile Map/20_15_layer_Tile Map_tile_20_15_source_1_atlas_13_6
306.498,landed,363.313537597656,263.90234375,180.0,0.0,land,surface_wood_impact_0.45277777099609
306.966,move_left_pressed,383.146942138672,263.942138671875,-33.3333320617676,0.0,Move_Left,pressed
306.981,jump_input_pressed,382.591400146484,263.942138671875,-66.6666641235352,0.0,Jump,pressed
306.982,jump_executed,382.591400146484,263.942138671875,-66.6666641235352,-500.0,jump,x_382.591400146484_y_263.942138671875
307.266,jump_input_released,361.07470703125,168.588165283203,-120.0,-154.333221435547,Jump,released
307.366,jump_peak_reached,346.963592529297,163.796493530273,-13.3333311080933,41.2037048339844,jump_peak,x_346.963592529297_y_163.796493530273
307.498,platform_landed,346.741363525391,188.991256713867,0.0,0.0,land_on_platform,platform_scene-1/Tile Map/19_11_layer_Tile Map_tile_19_11_source_1_atlas_3_0
307.498,landed,346.741363525391,188.991256713867,0.0,0.0,land,surface_wood_impact_0.67500006103516
307.748,move_right_pressed,346.741363525391,188.991256713867,33.3333320617676,0.0,Move_Right,pressed
307.864,jump_input_pressed,361.074676513672,188.991256713867,180.0,0.0,Jump,pressed
307.864,jump_executed,361.074676513672,188.991256713867,180.0,-500.0,jump,x_361.074676513672_y_188.991256713867
308.049,jump_input_released,394.093292236328,116.105308532715,180.0,-274.499877929688,Jump,released
308.148,jump_peak_reached,412.093292236328,111.31364440918,180.0,41.2037048339844,jump_peak,x_412.093292236328_y_111.31364440918
308.282,platform_landed,431.926635742188,134.970336914062,0.0,0.0,land_on_platform,platform_scene-1/Tile Map/23_8_layer_Tile Map_tile_23_8_source_1_atlas_0_0
308.282,landed,431.926635742188,134.970336914062,0.0,0.0,land,surface_wood_impact_0.67500006103516
308.591,move_right_pressed,431.926635742188,134.970336914062,33.3333320617676,0.0,Move_Right,pressed
308.773,platform_landed,460.671051025391,152.933624267578,180.0,0.0,land_on_platform,platform_scene-1/Tile Map/25_9_layer_Tile Map_tile_25_9_source_1_atlas_2_0
308.773,landed,460.671051025391,152.933624267578,180.0,0.0,land,surface_wood_impact_0.59259259033203
309.007,move_right_pressed,468.50439453125,152.933624267578,33.3333320617676,0.0,Move_Right,pressed
309.475,move_right_pressed,479.925262451172,152.933624267578,33.3333320617676,0.0,Move_Right,pressed
309.475,jump_input_pressed,479.925262451172,152.933624267578,33.3333320617676,0.0,Jump,pressed
309.475,jump_executed,479.925262451172,152.933624267578,33.3333320617676,-500.0,jump,x_479.925262451172_y_152.933624267578
309.824,jump_input_released,520.42529296875,49.2105255126953,180.0,-75.3332214355469,Jump,released
309.907,jump_peak_reached,535.42529296875,46.4049797058105,96.6666641235352,45.0371475219727,jump_peak,x_535.42529296875_y_46.4049797058105
310.049,platform_landed,537.258605957031,80.9992218017578,0.0,0.0,land_on_platform,platform_scene-1/Tile Map/29_5_layer_Tile Map_tile_29_5_source_1_atlas_2_0
310.049,landed,537.258605957031,80.9992218017578,0.0,0.0,land,surface_wood_impact_0.75674102783203
310.25,move_left_pressed,537.258605957031,80.9992218017578,-33.3333320617676,0.0,Move_Left,pressed
317.182,move_right_pressed,518.091979980469,80.9337463378906,33.3333320617676,0.0,Move_Right,pressed
317.365,jump_input_pressed,544.42529296875,80.9337463378906,180.0,0.0,Jump,pressed
317.365,jump_executed,544.42529296875,80.9337463378906,180.0,-500.0,jump,x_544.42529296875_y_80.9337463378906
317.698,jump_input_released,604.427978515625,-21.1941070556641,180.0,-94.9998931884766,Jump,released
317.798,jump_peak_reached,622.427978515625,-25.4857635498047,180.0,46.2038116455078,jump_peak,x_622.427978515625_y_-25.4857635498047
318.032,platform_landed,639.261291503906,44.997486114502,0.0,0.0,land_on_platform,platform_scene-1/Tile Map/35_3_layer_Tile Map_tile_35_3_source_1_atlas_13_0
318.032,landed,639.261291503906,44.997486114502,0.0,0.0,land,surface_wood_impact_1.12944482421875
318.692,move_right_pressed,639.261291503906,44.997486114502,33.3333320617676,0.0,Move_Right,pressed
318.692,jump_input_pressed,639.261291503906,44.997486114502,33.3333320617676,0.0,Jump,pressed
318.693,jump_executed,639.261291503906,44.997486114502,33.3333320617676,-500.0,jump,x_639.261291503906_y_44.997486114502
318.831,jump_peak_reached,646.650085449219,-4.28334951400757,15.0,40.9401473999023,jump_peak,x_646.650085449219_y_-4.28334951400757
319.015,jump_input_released,658.761169433594,37.172966003418,0.0,448.347625732422,Jump,released
319.031,platform_landed,658.761169433594,44.9851341247559,0.0,0.0,land_on_platform,platform_scene-1/Tile Map/36_3_layer_Tile Map_tile_36_3_source_1_atlas_13_0
319.031,landed,658.761169433594,44.9851341247559,0.0,0.0,land,surface_wood_impact_0.97076934814453
319.198,move_left_pressed,658.761169433594,44.9851341247559,-33.3333320617676,0.0,Move_Left,pressed
319.682,jump_input_pressed,627.594543457031,44.9851341247559,0.0,0.0,Jump,pressed
319.682,jump_executed,627.594543457031,44.9851341247559,0.0,-500.0,jump,x_627.594543457031_y_44.9851341247559
319.865,move_right_pressed,627.594543457031,-27.9023303985596,15.0,-274.499877929688,Move_Right,pressed
320.032,jump_input_released,641.344543457031,-58.7911987304688,165.0,-75.3332214355469,Jump,released
320.115,jump_peak_reached,656.094543457031,-61.5967445373535,180.0,45.0371475219727,jump_peak,x_656.094543457031_y_-61.5967445373535
320.266,platform_landed,681.927917480469,-27.0665607452393,13.3333311080933,0.0,land_on_platform,platform_scene-1/Tile Map/37_-1_layer_Tile Map_tile_37_-1_source_1_atlas_15_7
320.267,landed,681.927917480469,-27.0665607452393,13.3333311080933,0.0,land,surface_wood_impact_0.75674102783203
320.549,move_left_pressed,681.927917480469,-27.0665607452393,-33.3333320617676,0.0,Move_Left,pressed
320.685,jump_input_pressed,664.594604492188,-27.0665607452393,-180.0,0.0,Jump,pressed
320.685,jump_executed,664.594604492188,-27.0665607452393,-180.0,-500.0,jump,x_664.594604492188_y_-27.0665607452393
321.065,jump_input_released,595.591979980469,-133.022872924805,-180.0,-36.1665573120117,Jump,released
321.115,jump_peak_reached,586.591979980469,-133.789535522461,-180.0,42.5371475219727,jump_peak,x_586.591979980469_y_-133.789535522461
321.349,platform_landed,578.758666992188,-63.0158882141113,0.0,0.0,land_on_platform,platform_scene-1/Tile Map/32_-3_layer_Tile Map_tile_32_-3_source_1_atlas_3_0
321.349,landed,578.758666992188,-63.0158882141113,0.0,0.0,land,surface_wood_impact_1.12211145019531
321.634,move_left_pressed,578.758666992188,-63.0158882141113,-33.3333320617676,0.0,Move_Left,pressed
321.635,jump_input_pressed,578.758666992188,-63.0158882141113,-33.3333320617676,0.0,Jump,pressed
321.635,jump_executed,578.758666992188,-63.0158882141113,-33.3333320617676,-500.0,jump,x_578.758666992188_y_-63.0158882141113
321.965,jump_input_released,531.949768066406,-165.188354492188,-180.0,-94.9998931884766,Jump,released
322.065,jump_peak_reached,518.116455078125,-169.480010986328,0.0,46.2038116455078,jump_peak,x_518.116455078125_y_-169.480010986328
322.231,platform_landed,518.116455078125,-133.038803100586,0.0,0.0,land_on_platform,platform_scene-1/Tile Map/29_-7_layer_Tile Map_tile_29_-7_source_1_atlas_0_0
322.231,landed,518.116455078125,-133.038803100586,0.0,0.0,land,surface_wood_impact_0.8331484375
322.633,jump_input_pressed,518.116455078125,-133.038803100586,0.0,0.0,Jump,pressed
322.633,jump_executed,518.116455078125,-133.038803100586,0.0,-500.0,jump,x_518.116455078125_y_-133.038803100586
322.648,move_left_pressed,518.116455078125,-141.409942626953,-15.0,-479.222198486328,Move_Left,pressed
322.982,jump_input_released,474.616455078125,-236.798843383789,-180.0,-75.3332214355469,Jump,released
323.065,jump_peak_reached,459.616455078125,-239.604385375977,-180.0,45.0371475219727,jump_peak,x_459.616455078125_y_-239.604385375977
323.215,platform_landed,454.783111572266,-207.005462646484,0.0,0.0,land_on_platform,platform_scene-1/Tile Map/25_-11_layer_Tile Map_tile_25_-11_source_1_atlas_2_0
323.215,landed,454.783111572266,-207.005462646484,0.0,0.0,land,surface_wood_impact_0.75674102783203
323.465,move_right_pressed,454.783111572266,-207.005462646484,33.3333320617676,0.0,Move_Right,pressed
323.716,jump_input_pressed,493.145294189453,-206.269989013672,180.0,37.037036895752,Jump,pressed
323.716,jump_executed,493.145294189453,-206.269989013672,180.0,-500.0,jump,x_493.145294189453_y_-206.269989013672
323.931,jump_input_released,532.145324707031,-287.941253662109,180.0,-234.222106933594,Jump,released
324.032,jump_peak_reached,550.145324707031,-292.73291015625,180.0,41.2037048339844,jump_peak,x_550.145324707031_y_-292.73291015625
324.198,platform_landed,560.978637695312,-257.990692138672,0.0,0.0,land_on_platform,platform_scene-1/Tile Map/31_-14_layer_Tile Map_tile_31_-14_source_1_atlas_18_3
324.198,landed,560.978637695312,-257.990692138672,0.0,0.0,land,surface_wood_impact_0.82314825439453
324.715,move_right_pressed,560.978637695312,-257.990692138672,33.3333320617676,0.0,Move_Right,pressed
325.132,move_right_pressed,574.145751953125,-258.017913818359,33.3333320617676,0.0,Move_Right,pressed
325.498,jump_input_pressed,583.863708496094,-258.001403808594,0.0,0.0,Jump,pressed
325.499,jump_executed,583.863708496094,-258.001403808594,0.0,-500.0,jump,x_583.863708496094_y_-258.001403808594
325.549,move_left_pressed,583.863708496094,-282.024169921875,-15.0,-437.833282470703,Move_Left,pressed
325.731,jump_input_released,567.363708496094,-343.64453125,-180.0,-214.166549682617,Jump,released
325.831,jump_peak_reached,564.561706542969,-348.358703613281,-28.292667388916,41.2037048339844,jump_peak,x_564.561706542969_y_-348.358703613281
326.098,platform_landed,558.713684082031,-257.990203857422,0.0,0.0,land_on_platform,platform_scene-1/Tile Map/31_-14_layer_Tile Map_tile_31_-14_source_1_atlas_18_3
326.098,landed,558.713684082031,-257.990203857422,0.0,0.0,land,surface_wood_impact_1.2675927734375
326.282,move_right_pressed,558.713684082031,-257.990203857422,33.3333320617676,0.0,Move_Right,pressed
326.766,jump_input_pressed,586.872985839844,-258.0380859375,0.0,0.0,Jump,pressed
326.766,jump_executed,586.872985839844,-258.0380859375,0.0,-500.0,jump,x_586.872985839844_y_-258.0380859375
326.784,move_left_pressed,586.872985839844,-266.37646484375,-15.0,-479.222198486328,Move_Left,pressed
327.182,jump_input_released,549.574768066406,-364.917083740234,-180.0,2.77788853645325,Jump,released
327.198,jump_peak_reached,546.574768066406,-364.870788574219,-180.0,39.8149261474609,jump_peak,x_546.574768066406_y_-364.870788574219
327.298,platform_landed,535.741455078125,-351.0244140625,0.0,0.0,land_on_platform,platform_scene-1/Tile Map/29_-19_layer_Tile Map_tile_29_-19_source_1_atlas_12_0
327.298,landed,535.741455078125,-351.0244140625,0.0,0.0,land,surface_wood_impact_0.52407427978516
327.583,move_right_pressed,535.741455078125,-351.0244140625,33.3333320617676,0.0,Move_Right,pressed
328.25,move_left_pressed,554.908081054688,-351.069305419922,-33.3333320617676,0.0,Move_Left,pressed
328.267,jump_input_pressed,554.3525390625,-351.069305419922,-66.6666641235352,0.0,Jump,pressed
328.267,jump_executed,554.3525390625,-351.069305419922,-66.6666641235352,-500.0,jump,x_554.3525390625_y_-351.069305419922
328.431,jump_peak_reached,532.402648925781,-408.580047607422,-180.0,55.5980644226074,jump_peak,x_532.402648925781_y_-408.580047607422
328.616,jump_input_released,499.402648925781,-364.436462402344,-180.0,463.005523681641,Jump,released
328.632,platform_landed,493.402648925781,-351.066741943359,-180.0,0.0,land_on_platform,platform_scene-1/Tile Map/27_-19_layer_Tile Map_tile_27_-19_source_1_atlas_13_0
328.632,landed,493.402648925781,-351.066741943359,-180.0,0.0,land,surface_wood_impact_1.00008514404297
328.732,move_right_pressed,488.569305419922,-351.066741943359,33.3333320617676,0.0,Move_Right,pressed
329.499,jump_input_pressed,546.735961914062,-351.066741943359,0.0,0.0,Jump,pressed
329.499,jump_executed,546.735961914062,-351.066741943359,0.0,-500.0,jump,x_546.735961914062_y_-351.066741943359
329.817,move_left_pressed,546.735961914062,-451.264587402344,-15.0,-114.722114562988,Move_Left,pressed
329.932,jump_peak_reached,539.735961914062,-457.903472900391,-120.0,39.8149261474609,jump_peak,x_539.735961914062_y_-457.903472900391
329.999,jump_input_released,530.235961914062,-451.545440673828,-180.0,187.963073730469,Jump,released
330.049,platform_landed,518.23974609375,-438.051116943359,-180.0,0.0,land_on_platform,platform_scene-1/Tile Map/28_-24_layer_Tile Map_tile_28_-24_source_1_atlas_13_6
330.049,landed,518.23974609375,-438.051116943359,-180.0,0.0,land,surface_wood_impact_0.59814837646484
330.415,move_right_pressed,492.406402587891,-438.051116943359,33.3333320617676,0.0,Move_Right,pressed
330.765,jump_input_pressed,548.258605957031,-437.602203369141,180.0,74.0740737915039,Jump,pressed
331.05,jump_input_released,599.258605957031,-332.663940429688,180.0,703.703796386719,Jump,released
331.165,move_left_pressed,607.091918945312,-237.602203369141,-15.0,962.963134765625,Move_Left,pressed
331.215,platform_landed,604.591918945312,-171.066482543945,-60.0,0.0,land_on_platform,platform_scene-1/Tile Map/33_-9_layer_Tile Map_tile_33_-9_source_1_atlas_1_0
331.216,landed,604.591918945312,-171.066482543945,-60.0,0.0,land,surface_wood_impact_2.1481484375
331.632,platform_landed,581.399597167969,-63.0533409118652,0.0,0.0,land_on_platform,platform_scene-1/Tile Map/32_-3_layer_Tile Map_tile_32_-3_source_1_atlas_3_0
331.632,landed,581.399597167969,-63.0533409118652,0.0,0.0,land,surface_wood_impact_1.40740759277344
332.116,jump_input_pressed,581.399597167969,-63.0533409118652,0.0,0.0,Jump,pressed
332.116,jump_executed,581.399597167969,-63.0533409118652,0.0,-500.0,jump,x_581.399597167969_y_-63.0533409118652
332.199,move_left_pressed,581.399597167969,-101.299919128418,-15.0,-396.666595458984,Move_Left,pressed
332.532,jump_input_released,537.899597167969,-169.94807434082,-180.0,2.77788853645325,Jump,released
332.549,jump_peak_reached,534.899597167969,-169.901779174805,-180.0,39.8149261474609,jump_peak,x_534.899597167969_y_-169.901779174805
332.715,platform_landed,524.066284179688,-135.020858764648,0.0,0.0,land_on_platform,platform_scene-1/Tile Map/29_-7_layer_Tile Map_tile_29_-7_source_1_atlas_0_0
332.715,landed,524.066284179688,-135.020858764648,0.0,0.0,land,surface_wood_impact_0.82037066650391
333.031,jump_input_pressed,524.066284179688,-135.020858764648,0.0,0.0,Jump,pressed
333.032,jump_executed,524.066284179688,-135.020858764648,0.0,-500.0,jump,x_524.066284179688_y_-135.020858764648
333.048,move_left_pressed,524.066284179688,-143.403106689453,-15.0,-479.222198486328,Move_Left,pressed
333.383,jump_input_released,480.566284179688,-238.792007446289,-180.0,-75.3332214355469,Jump,released
333.465,jump_peak_reached,469.732940673828,-241.597549438477,0.0,45.0371475219727,jump_peak,x_469.732940673828_y_-241.597549438477
333.617,platform_landed,469.732940673828,-207.003311157227,0.0,0.0,land_on_platform,platform_scene-1/Tile Map/26_-11_layer_Tile Map_tile_26_-11_source_1_atlas_3_0
333.617,landed,469.732940673828,-207.003311157227,0.0,0.0,land,surface_wood_impact_0.75674102783203
333.664,move_right_pressed,469.732940673828,-207.003311157227,33.3333320617676,0.0,Move_Right,pressed
334.082,move_left_pressed,479.455139160156,-207.066589355469,-33.3333320617676,0.0,Move_Left,pressed
334.115,jump_input_pressed,477.788482666016,-207.066589355469,-100.0,0.0,Jump,pressed
334.115,jump_executed,477.788482666016,-207.066589355469,-100.0,-500.0,jump,x_477.788482666016_y_-207.066589355469
334.533,jump_input_released,441.57470703125,-312.914123535156,-180.0,2.77788853645325,Jump,released
334.549,jump_peak_reached,438.57470703125,-312.867828369141,-180.0,39.8149261474609,jump_peak,x_438.57470703125_y_-312.867828369141
334.65,platform_landed,424.741363525391,-297.016937255859,0.0,0.0,land_on_platform,platform_scene-1/Tile Map/23_-16_layer_Tile Map_tile_23_-16_source_1_atlas_2_0
334.65,landed,424.741363525391,-297.016937255859,0.0,0.0,land,surface_wood_impact_0.52407427978516
334.816,move_right_pressed,424.741363525391,-297.016937255859,33.3333320617676,0.0,Move_Right,pressed
334.949,jump_input_pressed,442.074676513672,-297.068328857422,180.0,0.0,Jump,pressed
334.949,jump_executed,442.074676513672,-297.068328857422,180.0,-500.0,jump,x_442.074676513672_y_-297.068328857422
335.148,jump_input_released,478.076782226562,-374.494598388672,180.0,-254.333206176758,Jump,released
335.249,jump_peak_reached,496.076782226562,-379.286254882812,180.0,41.2037048339844,jump_peak,x_496.076782226562_y_-379.286254882812
335.382,platform_landed,512.910095214844,-351.004302978516,0.0,0.0,land_on_platform,platform_scene-1/Tile Map/28_-19_layer_Tile Map_tile_28_-19_source_1_atlas_12_0
335.382,landed,512.910095214844,-351.004302978516,0.0,0.0,land,surface_wood_impact_0.67500006103516
335.765,move_right_pressed,512.910095214844,-351.004302978516,33.3333320617676,0.0,Move_Right,pressed
336.132,move_right_pressed,535.076721191406,-351.004302978516,33.3333320617676,0.0,Move_Right,pressed
336.798,jump_input_pressed,551.243347167969,-351.066711425781,0.0,0.0,Jump,pressed
336.798,jump_executed,551.243347167969,-351.066711425781,0.0,-500.0,jump,x_551.243347167969_y_-351.066711425781
336.815,move_right_pressed,551.243347167969,-359.409057617188,15.0,-479.222198486328,Move_Right,pressed
337.215,jump_input_released,606.743347167969,-457.949768066406,180.0,2.77788853645325,Jump,released
337.232,jump_peak_reached,609.743347167969,-457.903472900391,96.6666641235352,39.8149261474609,jump_peak,x_609.743347167969_y_-457.903472900391
337.399,platform_landed,611.57666015625,-418.442657470703,0.0,0.0,land_on_platform,platform_scene-1/Tile Map/34_-23_layer_Tile Map_tile_34_-23_source_1_atlas_17_3
337.399,landed,611.57666015625,-418.442657470703,0.0,0.0,land,surface_wood_impact_0.82037066650391
337.733,move_right_pressed,611.57666015625,-418.442657470703,33.3333320617676,0.0,Move_Right,pressed
337.85,coin_collected,624.9755859375,-420.067443847656,180.0,0.0,collect_coin,coin_coin11_score_10
338.332,jump_input_pressed,626.808898925781,-420.067443847656,0.0,0.0,Jump,pressed
338.332,jump_executed,626.808898925781,-420.067443847656,0.0,-500.0,jump,x_626.808898925781_y_-420.067443847656
338.526,move_right_pressed,626.808898925781,-492.901702880859,15.0,-274.499877929688,Move_Right,pressed
338.683,jump_input_released,640.558898925781,-523.790588378906,165.0,-75.3332214355469,Jump,released
338.765,jump_peak_reached,648.142211914062,-526.596069335938,0.0,45.0371475219727,jump_peak,x_648.142211914062_y_-526.596069335938
338.883,move_left_pressed,648.142211914062,-508.378814697266,-15.0,304.296417236328,Move_Left,pressed
339.056,platform_landed,633.292053222656,-420.088806152344,-66.6666641235352,0.0,land_on_platform,platform_scene-1/Tile Map/35_-23_layer_Tile Map_tile_35_-23_source_1_atlas_19_3
339.057,landed,633.292053222656,-420.088806152344,-66.6666641235352,0.0,land,surface_wood_impact_1.34933374023438
339.357,move_right_pressed,633.292053222656,-420.088806152344,33.3333320617676,0.0,Move_Right,pressed
339.406,jump_input_pressed,636.625427246094,-420.002868652344,133.33332824707,0.0,Jump,pressed
339.406,jump_executed,636.625427246094,-420.002868652344,133.33332824707,-500.0,jump,x_636.625427246094_y_-420.002868652344
339.424,jump_peak_reached,638.863037109375,-428.394866943359,148.33332824707,-479.222198486328,jump_peak,x_638.863037109375_y_-428.394866943359
339.741,jump_input_released,695.029724121094,-522.180969238281,180.0,-94.9998931884766,Jump,released
339.99,platform_landed,699.863037109375,-495.021881103516,0.0,0.0,land_on_platform,platform_scene-1/Tile Map/38_-27_layer_Tile Map_tile_38_-27_source_1_atlas_1_0
339.99,landed,699.863037109375,-495.021881103516,0.0,0.0,land,surface_wood_impact_0.75907434082031
340.123,move_right_pressed,699.863037109375,-495.021881103516,33.3333320617676,0.0,Move_Right,pressed
341.44,jump_input_pressed,731.029663085938,-495.068969726562,0.0,0.0,Jump,pressed
341.44,jump_executed,731.029663085938,-495.068969726562,0.0,-500.0,jump,x_731.029663085938_y_-495.068969726562
341.575,move_right_pressed,731.029663085938,-552.130554199219,15.0,-335.333251953125,Move_Right,pressed
341.873,jump_peak_reached,768.529663085938,-601.903686523438,180.0,39.8149261474609,jump_peak,x_768.529663085938_y_-601.903686523438
341.966,platform_landed,789.529663085938,-585.066345214844,180.0,0.0,land_on_platform,platform_scene-1/Tile Map/43_-32_layer_Tile Map_tile_43_-32_source_1_atlas_2_0
341.966,landed,789.529663085938,-585.066345214844,180.0,0.0,land,surface_wood_impact_0.52407427978516
341.983,jump_input_released,789.529663085938,-585.066345214844,180.0,0.0,Jump,released
342.183,move_right_pressed,806.362976074219,-585.066345214844,33.3333320617676,0.0,Move_Right,pressed
342.549,coin_collected,837.537658691406,-490.500793457031,0.0,629.629699707031,collect_coin,coin_coin16_score_12
342.567,platform_landed,837.537658691406,-474.029449462891,0.0,0.0,land_on_platform,platform_scene-1/Tile Map/46_-26_layer_Tile Map_tile_46_-26_source_1_atlas_13_6
342.567,landed,837.537658691406,-474.029449462891,0.0,0.0,land,surface_wood_impact_1.40740759277344
342.631,move_left_pressed,837.537658691406,-474.029449462891,-33.3333320617676,0.0,Move_Left,pressed
342.831,move_right_pressed,831.148803710938,-474.029449462891,33.3333320617676,0.0,Move_Right,pressed
343.065,coin_collected,866.482116699219,-474.029449462891,180.0,0.0,collect_coin,coin_coin17_score_14
343.266,coin_collected,902.482116699219,-474.029449462891,180.0,0.0,collect_coin,coin_coin18_score_16
343.465,coin_collected,938.482116699219,-474.029449462891,180.0,0.0,collect_coin,coin_coin19_score_18
343.683,move_left_pressed,967.3154296875,-474.029449462891,-33.3333320617676,0.0,Move_Left,pressed
344.432,move_left_pressed,879.148803710938,-474.029449462891,-33.3333320617676,0.0,Move_Left,pressed
344.965,move_left_pressed,844.980712890625,-474.029449462891,-33.3333320617676,0.0,Move_Left,pressed
345.317,jump_input_pressed,835.258483886719,-474.029449462891,0.0,0.0,Jump,pressed
345.318,jump_executed,835.258483886719,-474.029449462891,0.0,-500.0,jump,x_835.258483886719_y_-474.029449462891
345.45,move_left_pressed,835.258483886719,-531.119445800781,-15.0,-335.333251953125,Move_Left,pressed
345.75,jump_peak_reached,817.445373535156,-580.896911621094,-18.3786430358887,39.8149261474609,jump_peak,x_817.445373535156_y_-580.896911621094
345.965,jump_input_released,814.324768066406,-524.389343261719,-90.0,521.296447753906,Jump,released
346.049,platform_landed,808.463684082031,-473.418243408203,0.0,0.0,land_on_platform,platform_scene-1/Tile Map/45_-26_layer_Tile Map_tile_45_-26_source_1_atlas_14_6
346.05,landed,808.463684082031,-473.418243408203,0.0,0.0,land,surface_wood_impact_1.41296337890625
346.165,move_right_pressed,808.463684082031,-473.418243408203,33.3333320617676,0.0,Move_Right,pressed
346.616,move_left_pressed,832.806335449219,-474.068634033203,-33.3333320617676,0.0,Move_Left,pressed
346.816,jump_input_pressed,803.987670898438,-473.720397949219,-180.0,74.0740737915039,Jump,pressed
346.816,jump_executed,803.987670898438,-473.720397949219,-180.0,-500.0,jump,x_803.987670898438_y_-473.720397949219
347.031,jump_peak_reached,764.986206054688,-550.314819335938,-180.0,74.0740737915039,jump_peak,x_764.986206054688_y_-550.314819335938
347.131,jump_input_released,746.986206054688,-533.648193359375,-180.0,296.296295166016,Jump,released
347.215,platform_landed,728.986206054688,-495.066253662109,-180.0,0.0,land_on_platform,platform_scene-1/Tile Map/40_-27_layer_Tile Map_tile_40_-27_source_1_atlas_3_0
347.215,landed,728.986206054688,-495.066253662109,-180.0,0.0,land,surface_wood_impact_0.96296307373047
347.533,move_right_pressed,706.152893066406,-495.066253662109,33.3333320617676,0.0,Move_Right,pressed
348.0,move_right_pressed,731.319519042969,-495.066253662109,33.3333320617676,0.0,Move_Right,pressed
348.017,jump_input_pressed,731.875061035156,-495.066253662109,66.6666641235352,0.0,Jump,pressed
348.017,jump_executed,731.875061035156,-495.066253662109,66.6666641235352,-500.0,jump,x_731.875061035156_y_-495.066253662109
348.366,jump_input_released,756.925231933594,-598.73876953125,120.0,-75.3332214355469,Jump,released
348.449,jump_peak_reached,769.425231933594,-601.544250488281,180.0,45.0371475219727,jump_peak,x_769.425231933594_y_-601.544250488281
348.549,platform_landed,790.42529296875,-585.066467285156,180.0,0.0,land_on_platform,platform_scene-1/Tile Map/43_-32_layer_Tile Map_tile_43_-32_source_1_atlas_2_0
348.549,landed,790.42529296875,-585.066467285156,180.0,0.0,land,surface_wood_impact_0.53451873779297
348.768,move_left_pressed,795.258605957031,-585.066467285156,-33.3333320617676,0.0,Move_Left,pressed
348.983,jump_input_pressed,762.92529296875,-585.074768066406,-180.0,0.0,Jump,pressed
348.983,jump_executed,762.92529296875,-585.074768066406,-180.0,-500.0,jump,x_762.92529296875_y_-585.074768066406
349.158,jump_input_released,732.924926757812,-652.987731933594,-180.0,-294.722106933594,Jump,released
349.175,jump_input_pressed,729.924926757812,-654.654418945312,-180.0,-79.1666641235352,Jump,pressed
349.257,jump_peak_reached,714.924926757812,-657.779418945312,-180.0,41.2037048339844,jump_peak,x_714.924926757812_y_-657.779418945312
349.257,jump_input_released,714.924926757812,-657.779418945312,-180.0,41.2037048339844,Jump,released
349.492,platform_landed,669.924926757812,-585.06689453125,-180.0,0.0,land_on_platform,platform_scene-1/Tile Map/37_-32_layer_Tile Map_tile_37_-32_source_1_atlas_3_0
349.492,landed,669.924926757812,-585.06689453125,-180.0,0.0,land,surface_wood_impact_1.11944458007812
349.54,coin_collected,663.934143066406,-585.06689453125,-180.0,0.0,collect_coin,coin_coin15_score_20
349.992,move_right_pressed,644.100830078125,-585.074829101562,33.3333320617676,0.0,Move_Right,pressed
350.008,jump_input_pressed,644.656372070312,-585.074829101562,66.6666641235352,0.0,Jump,pressed
350.008,jump_executed,644.656372070312,-585.074829101562,66.6666641235352,-500.0,jump,x_644.656372070312_y_-585.074829101562
350.207,jump_input_released,672.545227050781,-662.496215820312,180.0,-254.333206176758,Jump,released
350.299,jump_peak_reached,680.378540039062,-667.287902832031,0.0,41.2037048339844,jump_peak,x_680.378540039062_y_-667.287902832031
350.532,platform_landed,680.378540039062,-601.273132324219,0.0,0.0,land_on_platform,platform_scene-1/Tile Map/38_-33_layer_Tile Map_tile_38_-33_source_1_atlas_0_0
350.532,landed,680.378540039062,-601.273132324219,0.0,0.0,land,surface_wood_impact_1.11944458007812
351.084,move_right_pressed,680.378540039062,-601.273132324219,33.3333320617676,0.0,Move_Right,pressed
351.098,jump_input_pressed,680.665710449219,-601.588928222656,66.6666641235352,0.0,Jump,pressed
351.098,jump_executed,680.665710449219,-601.588928222656,66.6666641235352,-500.0,jump,x_680.665710449219_y_-601.588928222656
351.416,jump_input_released,729.5546875,-701.780822753906,180.0,-114.722114562988,Jump,released
351.515,jump_peak_reached,747.5546875,-706.572509765625,180.0,41.2037048339844,jump_peak,x_747.5546875_y_-706.572509765625
351.832,platform_landed,770.388000488281,-585.0107421875,0.0,0.0,land_on_platform,platform_scene-1/Tile Map/42_-32_layer_Tile Map_tile_42_-32_source_1_atlas_1_0
351.832,landed,770.388000488281,-585.0107421875,0.0,0.0,land,surface_wood_impact_1.48981506347656
352.198,move_right_pressed,770.388000488281,-585.0107421875,33.3333320617676,0.0,Move_Right,pressed
352.215,jump_input_pressed,770.943542480469,-585.0107421875,66.6666641235352,0.0,Jump,pressed
352.215,jump_executed,770.943542480469,-585.0107421875,66.6666641235352,-500.0,jump,x_770.943542480469_y_-585.0107421875
352.432,jump_input_released,801.839660644531,-666.737854003906,180.0,-234.222106933594,Jump,released
352.531,jump_peak_reached,819.839660644531,-671.529541015625,96.6666641235352,41.2037048339844,jump_peak,x_819.839660644531_y_-671.529541015625
352.633,platform_landed,821.672973632812,-657.000854492188,0.0,0.0,land_on_platform,platform_scene-1/Tile Map/45_-36_layer_Tile Map_tile_45_-36_source_1_atlas_0_0
352.633,landed,821.672973632812,-657.000854492188,0.0,0.0,land,surface_wood_impact_0.52685186767578
352.965,move_left_pressed,821.672973632812,-657.000854492188,-33.3333320617676,0.0,Move_Left,pressed
353.016,jump_input_pressed,818.339660644531,-657.000854492188,-133.33332824707,0.0,Jump,pressed
353.016,jump_executed,818.339660644531,-657.000854492188,-133.33332824707,-500.0,jump,x_818.339660644531_y_-657.000854492188
353.449,jump_peak_reached,741.934448242188,-763.890563964844,-180.0,39.8149261474609,jump_peak,x_741.934448242188_y_-763.890563964844
353.449,jump_input_released,741.934448242188,-763.890563964844,-180.0,39.8149261474609,Jump,released
353.548,platform_landed,734.101135253906,-747.01611328125,0.0,0.0,land_on_platform,platform_scene-1/Tile Map/40_-41_layer_Tile Map_tile_40_-41_source_1_atlas_1_0
353.548,landed,734.101135253906,-747.01611328125,0.0,0.0,land,surface_wood_impact_0.52407427978516
353.582,move_right_pressed,734.101135253906,-747.01611328125,33.3333320617676,0.0,Move_Right,pressed
354.168,move_left_pressed,753.267761230469,-747.068237304688,-33.3333320617676,0.0,Move_Left,pressed
354.515,jump_input_pressed,737.101135253906,-747.068237304688,0.0,0.0,Jump,pressed
354.515,jump_executed,737.101135253906,-747.068237304688,0.0,-500.0,jump,x_737.101135253906_y_-747.068237304688
354.584,move_right_pressed,737.101135253906,-778.343566894531,15.0,-417.22216796875,Move_Right,pressed
354.716,jump_input_released,746.101135253906,-824.495422363281,135.0,-254.333206176758,Jump,released
354.817,jump_peak_reached,762.601135253906,-829.287109375,180.0,41.2037048339844,jump_peak,x_762.601135253906_y_-829.287109375
354.949,platform_landed,779.434448242188,-801.005187988281,0.0,0.0,land_on_platform,platform_scene-1/Tile Map/43_-44_layer_Tile Map_tile_43_-44_source_1_atlas_3_0
354.949,landed,779.434448242188,-801.005187988281,0.0,0.0,land,surface_wood_impact_0.67500006103516
355.323,move_left_pressed,779.434448242188,-801.005187988281,-33.3333320617676,0.0,Move_Left,pressed
355.4,jump_input_pressed,771.101135253906,-801.005187988281,-180.0,0.0,Jump,pressed
355.4,jump_executed,771.101135253906,-801.005187988281,-180.0,-500.0,jump,x_771.101135253906_y_-801.005187988281
355.798,jump_input_released,732.324768066406,-907.214965820312,-165.0,-16.6665554046631,Jump,released
355.832,jump_peak_reached,726.574768066406,-907.423278808594,-180.0,41.2038154602051,jump_peak,x_726.574768066406_y_-907.423278808594
355.932,platform_landed,712.741455078125,-891.008056640625,0.0,0.0,land_on_platform,platform_scene-1/Tile Map/39_-49_layer_Tile Map_tile_39_-49_source_1_atlas_1_0
355.933,landed,712.741455078125,-891.008056640625,0.0,0.0,land,surface_wood_impact_0.52685205078125
356.084,move_right_pressed,712.741455078125,-891.008056640625,33.3333320617676,0.0,Move_Right,pressed
356.618,move_right_pressed,728.908081054688,-891.067199707031,33.3333320617676,0.0,Move_Right,pressed
356.618,jump_input_pressed,728.908081054688,-891.067199707031,33.3333320617676,0.0,Jump,pressed
356.618,jump_executed,728.908081054688,-891.067199707031,33.3333320617676,-500.0,jump,x_728.908081054688_y_-891.067199707031
357.032,jump_input_released,790.714050292969,-997.949829101562,180.0,2.77788853645325,Jump,released
357.048,jump_peak_reached,793.714050292969,-997.903503417969,180.0,39.8149261474609,jump_peak,x_793.714050292969_y_-997.903503417969
357.216,platform_landed,798.54736328125,-963.022583007812,0.0,0.0,land_on_platform,platform_scene-1/Tile Map/44_-53_layer_Tile Map_tile_44_-53_source_1_atlas_13_7
357.216,landed,798.54736328125,-963.022583007812,0.0,0.0,land,surface_wood_impact_0.82037066650391
358.149,move_right_pressed,798.54736328125,-963.022583007812,33.3333320617676,0.0,Move_Right,pressed
359.05,move_right_pressed,808.269592285156,-963.022583007812,33.3333320617676,0.0,Move_Right,pressed
359.065,jump_input_pressed,808.825134277344,-963.022583007812,66.6666641235352,0.0,Jump,pressed
359.065,jump_executed,808.825134277344,-963.022583007812,66.6666641235352,-500.0,jump,x_808.825134277344_y_-963.022583007812
359.499,jump_peak_reached,875.925170898438,-1069.89685058594,15.0,39.8149261474609,jump_peak,x_875.925170898438_y_-1069.89685058594
359.799,jump_input_released,898.425231933594,-963.507934570312,180.0,706.481689453125,Jump,released
359.885,move_left_pressed,903.258544921875,-898.461608886719,-15.0,891.666931152344,Move_Left,pressed
360.216,platform_landed,872.925231933594,-474.071685791016,0.0,0.0,land_on_platform,platform_scene-1/Tile Map/48_-26_layer_Tile Map_tile_48_-26_source_1_atlas_13_6
360.216,landed,872.925231933594,-474.071685791016,0.0,0.0,land,surface_wood_impact_3.26481372070312
361.065,jump_input_pressed,872.925231933594,-473.991607666016,0.0,0.0,Jump,pressed
361.065,jump_executed,872.925231933594,-473.991607666016,0.0,-500.0,jump,x_872.925231933594_y_-473.991607666016
361.082,jump_peak_reached,872.925231933594,-482.391448974609,0.0,-479.222198486328,jump_peak,x_872.925231933594_y_-482.391448974609
361.283,move_left_pressed,872.925231933594,-555.728515625,-15.0,-234.222106933594,Move_Left,pressed
361.35,jump_input_released,870.425231933594,-569.398864746094,-75.0,-154.333221435547,Jump,released
361.732,platform_landed,867.564147949219,-474.0234375,0.0,0.0,land_on_platform,platform_scene-1/Tile Map/48_-26_layer_Tile Map_tile_48_-26_source_1_atlas_13_6
361.732,landed,867.564147949219,-474.0234375,0.0,0.0,land,surface_wood_impact_1.34166687011719
361.815,move_left_pressed,867.564147949219,-474.0234375,-33.3333320617676,0.0,Move_Left,pressed
362.132,jump_input_pressed,817.728393554688,-475.055114746094,-180.0,0.0,Jump,pressed
362.132,jump_executed,817.728393554688,-475.055114746094,-180.0,-500.0,jump,x_817.728393554688_y_-475.055114746094
362.349,jump_peak_reached,778.726501464844,-550.31494140625,-180.0,74.0740737915039,jump_peak,x_778.726501464844_y_-550.31494140625
362.383,jump_input_released,772.726501464844,-547.228515625,-180.0,148.148147583008,Jump,released
362.548,platform_landed,743.885437011719,-493.341369628906,-180.0,0.0,land_on_platform,platform_scene-1/Tile Map/40_-27_layer_Tile Map_tile_40_-27_source_1_atlas_3_0
362.548,landed,743.885437011719,-493.341369628906,-180.0,0.0,land,surface_wood_impact_1.037037109375
363.315,move_right_pressed,713.334716796875,-495.066589355469,33.3333320617676,0.0,Move_Right,pressed
363.333,jump_input_pressed,713.890258789062,-495.066589355469,66.6666641235352,0.0,Jump,pressed
363.333,jump_executed,713.890258789062,-495.066589355469,66.6666641235352,-500.0,jump,x_713.890258789062_y_-495.066589355469
363.733,jump_input_released,777.780029296875,-601.648681640625,180.0,-16.6665554046631,Jump,released
363.765,jump_peak_reached,782.39111328125,-601.856994628906,13.3333311080933,41.2038154602051,jump_peak,x_782.39111328125_y_-601.856994628906
363.865,platform_landed,782.613342285156,-585.004455566406,0.0,0.0,land_on_platform,platform_scene-1/Tile Map/43_-32_layer_Tile Map_tile_43_-32_source_1_atlas_2_0
363.866,landed,782.613342285156,-585.004455566406,0.0,0.0,land,surface_wood_impact_0.52685205078125
363.9,move_left_pressed,782.613342285156,-585.004455566406,-33.3333320617676,0.0,Move_Left,pressed
364.199,move_right_pressed,772.89111328125,-585.066711425781,33.3333320617676,0.0,Move_Right,pressed
364.332,jump_input_pressed,790.224426269531,-585.066711425781,180.0,0.0,Jump,pressed
364.332,jump_executed,790.224426269531,-585.066711425781,180.0,-500.0,jump,x_790.224426269531_y_-585.066711425781
364.449,jump_input_released,804.268310546875,-627.787048339844,3.92906665802002,-69.2438507080078,Jump,released
364.532,jump_peak_reached,803.9248046875,-629.994934082031,0.0,51.1265182495117,jump_peak,x_803.9248046875_y_-629.994934082031
364.716,platform_landed,803.9248046875,-585.029174804688,0.0,0.0,land_on_platform,platform_scene-1/Tile Map/44_-32_layer_Tile Map_tile_44_-32_source_1_atlas_3_0
364.716,landed,803.9248046875,-585.029174804688,0.0,0.0,land,surface_wood_impact_0.91706799316406
364.884,move_left_pressed,803.9248046875,-585.029174804688,-33.3333320617676,0.0,Move_Left,pressed
365.165,jump_input_pressed,790.758178710938,-585.069946289062,0.0,0.0,Jump,pressed
365.165,jump_executed,790.758178710938,-585.069946289062,0.0,-500.0,jump,x_790.758178710938_y_-585.069946289062
365.36,move_right_pressed,790.758178710938,-657.909545898438,15.0,-274.499877929688,Move_Right,pressed
365.515,jump_input_released,804.508178710938,-688.798400878906,165.0,-75.3332214355469,Jump,released
365.599,jump_peak_reached,815.091491699219,-691.603881835938,0.0,45.0371475219727,jump_peak,x_815.091491699219_y_-691.603881835938
365.75,platform_landed,815.091491699219,-657.009643554688,0.0,0.0,land_on_platform,platform_scene-1/Tile Map/45_-36_layer_Tile Map_tile_45_-36_source_1_atlas_0_0
365.75,landed,815.091491699219,-657.009643554688,0.0,0.0,land,surface_wood_impact_0.75674102783203
366.032,jump_input_pressed,815.091491699219,-657.009643554688,0.0,0.0,Jump,pressed
366.032,jump_executed,815.091491699219,-657.009643554688,0.0,-500.0,jump,x_815.091491699219_y_-657.009643554688
366.101,move_left_pressed,815.091491699219,-688.335998535156,-15.0,-417.22216796875,Move_Left,pressed
366.467,jump_peak_reached,765.591491699219,-763.896118164062,-180.0,39.8149261474609,jump_peak,x_765.591491699219_y_-763.896118164062
366.515,jump_input_released,756.591491699219,-760.053527832031,-180.0,150.926040649414,Jump,released
366.568,platform_landed,744.591491699219,-747.066345214844,-180.0,0.0,land_on_platform,platform_scene-1/Tile Map/41_-41_layer_Tile Map_tile_41_-41_source_1_atlas_3_0
366.568,landed,744.591491699219,-747.066345214844,-180.0,0.0,land,surface_wood_impact_0.52407427978516
366.965,jump_input_pressed,733.758178710938,-747.066345214844,0.0,0.0,Jump,pressed
366.965,jump_executed,733.758178710938,-747.066345214844,0.0,-500.0,jump,x_733.758178710938_y_-747.066345214844
367.065,move_right_pressed,733.758178710938,-791.918273925781,15.0,-376.166595458984,Move_Right,pressed
367.249,jump_input_released,750.258178710938,-842.416442871094,180.0,-154.333221435547,Jump,released
367.349,jump_peak_reached,768.258178710938,-847.208129882812,96.6666641235352,41.2037048339844,jump_peak,x_768.258178710938_y_-847.208129882812
367.532,platform_landed,770.091491699219,-801.001220703125,0.0,0.0,land_on_platform,platform_scene-1/Tile Map/42_-44_layer_Tile Map_tile_42_-44_source_1_atlas_1_0
367.532,landed,770.091491699219,-801.001220703125,0.0,0.0,land,surface_wood_impact_0.89722235107422
367.798,jump_input_pressed,770.091491699219,-801.001220703125,0.0,0.0,Jump,pressed
367.798,jump_executed,770.091491699219,-801.001220703125,0.0,-500.0,jump,x_770.091491699219_y_-801.001220703125
367.882,move_left_pressed,770.091491699219,-839.293212890625,-15.0,-396.666595458984,Move_Left,pressed
368.157,jump_input_released,738.591491699219,-904.789489746094,-180.0,-75.3332214355469,Jump,released
368.232,jump_peak_reached,723.591491699219,-907.594970703125,-180.0,45.0371475219727,jump_peak,x_723.591491699219_y_-907.594970703125
368.332,platform_landed,712.758178710938,-891.013305664062,0.0,0.0,land_on_platform,platform_scene-1/Tile Map/39_-49_layer_Tile Map_tile_39_-49_source_1_atlas_1_0
368.332,landed,712.758178710938,-891.013305664062,0.0,0.0,land,surface_wood_impact_0.53451873779297
368.499,move_right_pressed,712.758178710938,-891.013305664062,33.3333320617676,0.0,Move_Right,pressed
369.033,jump_input_pressed,725.9248046875,-891.067932128906,0.0,0.0,Jump,pressed
369.033,jump_executed,725.9248046875,-891.067932128906,0.0,-500.0,jump,x_725.9248046875_y_-891.067932128906
369.049,move_right_pressed,725.9248046875,-899.4091796875,15.0,-479.222198486328,Move_Right,pressed
369.474,jump_peak_reached,784.4248046875,-997.903564453125,180.0,39.8149261474609,jump_peak,x_784.4248046875_y_-997.903564453125
369.523,jump_input_released,792.035888671875,-994.060974121094,13.3333311080933,150.926040649414,Jump,released
369.642,platform_landed,792.258117675781,-962.982604980469,0.0,0.0,land_on_platform,platform_scene-1/Tile Map/44_-53_layer_Tile Map_tile_44_-53_source_1_atlas_13_7
369.642,landed,792.258117675781,-962.982604980469,0.0,0.0,land,surface_wood_impact_0.82037066650391
369.908,move_right_pressed,792.258117675781,-962.982604980469,33.3333320617676,0.0,Move_Right,pressed
371.016,jump_input_pressed,814.422546386719,-963.074157714844,0.0,0.0,Jump,pressed
371.016,jump_executed,814.422546386719,-963.074157714844,0.0,-500.0,jump,x_814.422546386719_y_-963.074157714844
371.149,jump_input_released,814.422546386719,-1020.13128662109,0.0,-335.333251953125,Jump,released
371.249,jump_peak_reached,814.422546386719,-1024.92297363281,0.0,41.2037048339844,jump_peak,x_814.422546386719_y_-1024.92297363281
371.466,platform_landed,814.422546386719,-963.015197753906,0.0,0.0,land_on_platform,platform_scene-1/Tile Map/45_-53_layer_Tile Map_tile_45_-53_source_1_atlas_15_7
371.466,landed,814.422546386719,-963.015197753906,0.0,0.0,land,surface_wood_impact_1.04537048339844
371.965,move_right_pressed,814.422546386719,-963.015197753906,33.3333320617676,0.0,Move_Right,pressed
372.649,jump_input_pressed,827.589172363281,-963.015197753906,0.0,0.0,Jump,pressed
372.649,jump_executed,827.589172363281,-963.015197753906,0.0,-500.0,jump,x_827.589172363281_y_-963.015197753906
372.818,move_right_pressed,827.589172363281,-1030.98010253906,15.0,-294.722106933594,Move_Right,pressed
372.818,jump_input_released,827.589172363281,-1030.98010253906,15.0,-294.722106933594,Jump,released
372.916,jump_peak_reached,830.089172363281,-1035.77172851562,0.0,41.2037048339844,jump_peak,x_830.089172363281_y_-1035.77172851562
373.15,platform_landed,830.089172363281,-962.933532714844,0.0,0.0,land_on_platform,platform_scene-1/Tile Map/45_-53_layer_Tile Map_tile_45_-53_source_1_atlas_15_7
373.15,landed,830.089172363281,-962.933532714844,0.0,0.0,land,surface_wood_impact_1.11944458007812
373.266,move_right_pressed,830.089172363281,-962.933532714844,33.3333320617676,0.0,Move_Right,pressed
373.332,platform_landed,833.748107910156,-961.144836425781,0.0,0.0,land_on_platform,platform_scene-1/Tile Map/45_-53_layer_Tile Map_tile_45_-53_source_1_atlas_15_7
373.332,landed,833.748107910156,-961.144836425781,0.0,0.0,land,surface_wood_impact_0.14814814758301
374.748,move_right_pressed,833.748107910156,-961.144836425781,33.3333320617676,0.0,Move_Right,pressed
374.748,jump_input_pressed,833.748107910156,-961.144836425781,33.3333320617676,0.0,Jump,pressed
374.748,jump_executed,833.748107910156,-961.144836425781,33.3333320617676,-500.0,jump,x_833.748107910156_y_-961.144836425781
375.182,jump_peak_reached,875.925231933594,-1067.95434570312,15.0,39.8149261474609,jump_peak,x_875.925231933594_y_-1067.95434570312
375.249,jump_input_released,875.925231933594,-1061.59631347656,15.0,187.963073730469,Jump,released
375.532,move_left_pressed,890.786315917969,-924.389465332031,-15.0,817.592834472656,Move_Left,pressed
375.899,platform_landed,854.453002929688,-474.042175292969,0.0,0.0,land_on_platform,platform_scene-1/Tile Map/47_-26_layer_Tile Map_tile_47_-26_source_1_atlas_13_6
375.899,landed,854.453002929688,-474.042175292969,0.0,0.0,land,surface_wood_impact_3.26481372070312
376.849,move_left_pressed,854.453002929688,-474.042175292969,-33.3333320617676,0.0,Move_Left,pressed
377.132,jump_input_pressed,810.740905761719,-474.618072509766,-180.0,0.0,Jump,pressed
377.132,jump_executed,810.740905761719,-474.618072509766,-180.0,-500.0,jump,x_810.740905761719_y_-474.618072509766
377.283,jump_input_released,783.7158203125,-537.340515136719,-180.0,-314.999908447266,Jump,released
377.382,jump_peak_reached,765.7158203125,-542.132202148438,-180.0,41.2037048339844,jump_peak,x_765.7158203125_y_-542.132202148438
377.566,platform_landed,729.7158203125,-495.066284179688,-180.0,0.0,land_on_platform,platform_scene-1/Tile Map/40_-27_layer_Tile Map_tile_40_-27_source_1_atlas_3_0
377.566,landed,729.7158203125,-495.066284179688,-180.0,0.0,land,surface_wood_impact_0.89722235107422
378.048,move_right_pressed,715.882507324219,-495.066284179688,33.3333320617676,0.0,Move_Right,pressed
378.431,jump_input_pressed,722.271362304688,-495.066284179688,0.0,0.0,Jump,pressed
378.432,jump_executed,722.271362304688,-495.066284179688,0.0,-500.0,jump,x_722.271362304688_y_-495.066284179688
378.532,move_right_pressed,722.271362304688,-539.918212890625,15.0,-376.166595458984,Move_Right,pressed
378.865,jump_peak_reached,765.771362304688,-601.903381347656,180.0,39.8149261474609,jump_peak,x_765.771362304688_y_-601.903381347656
378.916,jump_input_released,774.771362304688,-598.060791015625,180.0,150.926040649414,Jump,released
378.967,platform_landed,782.604675292969,-585.066345214844,13.3333311080933,0.0,land_on_platform,platform_scene-1/Tile Map/43_-32_layer_Tile Map_tile_43_-32_source_1_atlas_2_0
378.967,landed,782.604675292969,-585.066345214844,13.3333311080933,0.0,land,surface_wood_impact_0.52407427978516
379.365,move_right_pressed,782.604675292969,-585.066345214844,33.3333320617676,0.0,Move_Right,pressed
379.365,jump_input_pressed,782.604675292969,-585.066345214844,33.3333320617676,0.0,Jump,pressed
379.365,jump_executed,782.604675292969,-585.066345214844,33.3333320617676,-500.0,jump,x_782.604675292969_y_-585.066345214844
379.558,jump_input_released,802.41064453125,-657.908996582031,180.0,-274.499877929688,Jump,released
379.626,jump_input_pressed,814.41064453125,-662.492370605469,180.0,-16.6666660308838,Jump,pressed
379.657,jump_peak_reached,820.41064453125,-662.70068359375,180.0,41.2037048339844,jump_peak,x_820.41064453125_y_-662.70068359375
379.674,jump_input_released,823.41064453125,-662.013977050781,180.0,78.2407455444336,Jump,released
379.707,platform_landed,831.147705078125,-656.744445800781,96.6666641235352,0.0,land_on_platform,platform_scene-1/Tile Map/45_-36_layer_Tile Map_tile_45_-36_source_1_atlas_0_0
379.708,landed,831.147705078125,-656.744445800781,96.6666641235352,0.0,land,surface_wood_impact_0.30462963867187
379.999,move_left_pressed,831.369934082031,-656.588195800781,-33.3333320617676,0.0,Move_Left,pressed
380.482,jump_input_pressed,818.319213867188,-657.03515625,0.0,0.0,Jump,pressed
380.482,jump_executed,818.319213867188,-657.03515625,0.0,-500.0,jump,x_818.319213867188_y_-657.03515625
380.516,move_left_pressed,818.319213867188,-673.393920898438,-15.0,-458.499969482422,Move_Left,pressed
380.915,jump_peak_reached,762.819213867188,-763.8994140625,-180.0,39.8149261474609,jump_peak,x_762.819213867188_y_-763.8994140625
380.933,jump_input_released,759.819213867188,-763.23583984375,-180.0,76.8519668579102,Jump,released
381.016,platform_landed,751.985900878906,-747.024963378906,0.0,0.0,land_on_platform,platform_scene-1/Tile Map/41_-41_layer_Tile Map_tile_41_-41_source_1_atlas_3_0
381.017,landed,751.985900878906,-747.024963378906,0.0,0.0,land,surface_wood_impact_0.52407427978516
381.251,move_left_pressed,751.985900878906,-747.024963378906,-33.3333320617676,0.0,Move_Left,pressed
381.549,move_right_pressed,738.819274902344,-747.024963378906,33.3333320617676,0.0,Move_Right,pressed
381.632,jump_input_pressed,747.153747558594,-747.072448730469,180.0,0.0,Jump,pressed
381.632,jump_executed,747.153747558594,-747.072448730469,180.0,-500.0,jump,x_747.153747558594_y_-747.072448730469
381.699,jump_peak_reached,755.430725097656,-766.532043457031,49.5848541259766,80.8244400024414,jump_peak,x_755.430725097656_y_-766.532043457031
381.767,jump_input_released,760.236389160156,-757.440063476562,109.584854125977,228.972579956055,Jump,released
381.999,move_left_pressed,770.229553222656,-647.840270996094,-15.0,747.4912109375,Move_Left,pressed
382.067,platform_landed,766.479553222656,-585.067016601562,-75.0,0.0,land_on_platform,platform_scene-1/Tile Map/42_-32_layer_Tile Map_tile_42_-32_source_1_atlas_1_0
382.067,landed,766.479553222656,-585.067016601562,-75.0,0.0,land,surface_wood_impact_1.79127880859375
382.549,move_right_pressed,757.729553222656,-585.067016601562,33.3333320617676,0.0,Move_Right,pressed
382.961,jump_input_pressed,782.896179199219,-585.067016601562,0.0,0.0,Jump,pressed
382.961,jump_executed,782.896179199219,-585.067016601562,0.0,-500.0,jump,x_782.896179199219_y_-585.067016601562
382.965,jump_peak_reached,782.896179199219,-593.409057617188,0.0,-479.222198486328,jump_peak,x_782.896179199219_y_-593.409057617188
383.049,move_right_pressed,782.896179199219,-629.918273925781,15.0,-376.166595458984,Move_Right,pressed
383.149,jump_input_released,788.146179199219,-662.495178222656,105.0,-254.333206176758,Jump,released
383.333,platform_landed,820.396179199219,-657.067321777344,180.0,0.0,land_on_platform,platform_scene-1/Tile Map/45_-36_layer_Tile Map_tile_45_-36_source_1_atlas_0_0
383.333,landed,820.396179199219,-657.067321777344,180.0,0.0,land,surface_wood_impact_0.45277777099609
383.7,move_left_pressed,825.2294921875,-657.067321777344,-33.3333320617676,0.0,Move_Left,pressed
383.782,jump_input_pressed,816.896179199219,-657.067321777344,-180.0,0.0,Jump,pressed
383.782,jump_executed,816.896179199219,-657.067321777344,-180.0,-500.0,jump,x_816.896179199219_y_-657.067321777344
384.165,jump_input_released,747.893737792969,-763.023071289062,-180.0,-36.1665573120117,Jump,released
384.215,jump_peak_reached,740.282653808594,-763.789733886719,-13.3333311080933,42.5371475219727,jump_peak,x_740.282653808594_y_-763.789733886719
384.316,platform_landed,740.060424804688,-747.001770019531,0.0,0.0,land_on_platform,platform_scene-1/Tile Map/41_-41_layer_Tile Map_tile_41_-41_source_1_atlas_3_0
384.316,landed,740.060424804688,-747.001770019531,0.0,0.0,land,surface_wood_impact_0.52951873779297
384.383,move_right_pressed,740.060424804688,-747.001770019531,33.3333320617676,0.0,Move_Right,pressed
384.782,move_left_pressed,749.782653808594,-747.001770019531,-33.3333320617676,0.0,Move_Left,pressed
385.199,move_right_pressed,730.616027832031,-747.06640625,33.3333320617676,0.0,Move_Right,pressed
385.216,jump_input_pressed,731.171569824219,-747.06640625,66.6666641235352,0.0,Jump,pressed
385.216,jump_executed,731.171569824219,-747.06640625,66.6666641235352,-500.0,jump,x_731.171569824219_y_-747.06640625
385.467,jump_input_released,768.061340332031,-836.245910644531,180.0,-194.166549682617,Jump,released
385.565,jump_peak_reached,772.894653320312,-841.03759765625,0.0,41.2037048339844,jump_peak,x_772.894653320312_y_-841.03759765625
385.701,move_left_pressed,772.894653320312,-818.259826660156,-15.0,337.500030517578,Move_Left,pressed
385.732,platform_landed,771.394653320312,-801.066284179688,-45.0,0.0,land_on_platform,platform_scene-1/Tile Map/42_-44_layer_Tile Map_tile_42_-44_source_1_atlas_1_0
385.732,landed,771.394653320312,-801.066284179688,-45.0,0.0,land,surface_wood_impact_0.82314825439453
386.133,jump_input_pressed,767.755798339844,-801.066284179688,0.0,0.0,Jump,pressed
386.133,jump_executed,767.755798339844,-801.066284179688,0.0,-500.0,jump,x_767.755798339844_y_-801.066284179688
386.182,move_left_pressed,767.755798339844,-825.042419433594,-15.0,-437.833282470703,Move_Left,pressed
386.532,jump_input_released,721.255798339844,-907.648864746094,-180.0,-16.6665554046631,Jump,released
386.565,jump_peak_reached,715.255798339844,-907.857177734375,-180.0,41.2038154602051,jump_peak,x_715.255798339844_y_-907.857177734375
386.666,platform_landed,704.422485351562,-891.004638671875,0.0,0.0,land_on_platform,platform_scene-1/Tile Map/39_-49_layer_Tile Map_tile_39_-49_source_1_atlas_1_0
386.666,landed,704.422485351562,-891.004638671875,0.0,0.0,land,surface_wood_impact_0.52685205078125
386.8,move_right_pressed,704.422485351562,-891.004638671875,33.3333320617676,0.0,Move_Right,pressed
387.2,move_right_pressed,717.589111328125,-891.004638671875,33.3333320617676,0.0,Move_Right,pressed
387.498,move_left_pressed,723.977966308594,-891.066772460938,-33.3333320617676,0.0,Move_Left,pressed
387.815,move_left_pressed,717.589111328125,-891.066772460938,-33.3333320617676,0.0,Move_Left,pressed
388.083,move_right_pressed,713.97802734375,-891.066772460938,33.3333320617676,0.0,Move_Right,pressed
388.599,move_right_pressed,730.144653320312,-891.066772460938,33.3333320617676,0.0,Move_Right,pressed
388.599,jump_input_pressed,730.144653320312,-891.066772460938,33.3333320617676,0.0,Jump,pressed
388.599,jump_executed,730.144653320312,-891.066772460938,33.3333320617676,-500.0,jump,x_730.144653320312_y_-891.066772460938
389.016,jump_input_released,791.950622558594,-997.949768066406,180.0,2.77788853645325,Jump,released
389.032,jump_peak_reached,794.950622558594,-997.903442382812,180.0,39.8149261474609,jump_peak,x_794.950622558594_y_-997.903442382812
389.2,platform_landed,799.783935546875,-963.022521972656,0.0,0.0,land_on_platform,platform_scene-1/Tile Map/44_-53_layer_Tile Map_tile_44_-53_source_1_atlas_13_7
389.201,landed,799.783935546875,-963.022521972656,0.0,0.0,land,surface_wood_impact_0.82037066650391
389.858,move_right_pressed,799.783935546875,-963.022521972656,33.3333320617676,0.0,Move_Right,pressed
392.065,move_right_pressed,818.93408203125,-963.022521972656,33.3333320617676,0.0,Move_Right,pressed
392.383,platform_landed,844.111877441406,-909.005187988281,0.0,0.0,land_on_platform,platform_scene-1/Tile Map/46_-50_layer_Tile Map_tile_46_-50_source_1_atlas_1_0
392.383,landed,844.111877441406,-909.005187988281,0.0,0.0,land,surface_wood_impact_0.96296307373047
392.632,move_right_pressed,844.111877441406,-909.005187988281,33.3333320617676,0.0,Move_Right,pressed
393.383,jump_input_pressed,857.278503417969,-909.066833496094,0.0,0.0,Jump,pressed
393.383,jump_executed,857.278503417969,-909.066833496094,0.0,-500.0,jump,x_857.278503417969_y_-909.066833496094
393.398,move_right_pressed,857.278503417969,-917.409057617188,15.0,-479.222198486328,Move_Right,pressed
393.799,platform_landed,915.594116210938,-1016.20123291016,180.0,0.0,land_on_platform,platform_scene-1/Tile Map/51_-56_layer_Tile Map_tile_51_-56_source_1_atlas_0_0
393.799,landed,915.594116210938,-1016.20123291016,180.0,0.0,land,surface_wood_impact_0.00555577707291
393.899,jump_input_released,929.994506835938,-1017.00299072266,180.0,0.0,Jump,released
393.982,jump_peak_reached,945.013244628906,-1016.09271240234,180.0,74.0740737915039,jump_peak,x_945.013244628906_y_-1016.09271240234
394.082,platform_landed,955.846557617188,-999.001708984375,0.0,0.0,land_on_platform,platform_scene-1/Tile Map/53_-55_layer_Tile Map_tile_53_-55_source_1_atlas_3_0
394.082,landed,955.846557617188,-999.001708984375,0.0,0.0,land,surface_wood_impact_0.59259259033203
394.35,move_left_pressed,955.846557617188,-999.001708984375,-33.3333320617676,0.0,Move_Left,pressed
394.768,jump_input_pressed,944.074890136719,-999.066284179688,0.0,0.0,Jump,pressed
394.768,jump_executed,944.074890136719,-999.066284179688,0.0,-500.0,jump,x_944.074890136719_y_-999.066284179688
394.817,move_left_pressed,944.075988769531,-1023.03393554688,-15.0,-437.833282470703,Move_Left,pressed
394.949,jump_input_released,935.075988769531,-1071.90063476562,-135.0,-274.499877929688,Jump,released
395.048,jump_peak_reached,929.214904785156,-1076.69226074219,0.0,41.2037048339844,jump_peak,x_929.214904785156_y_-1076.69226074219
395.266,platform_landed,929.214904785156,-1017.03051757812,0.0,0.0,land_on_platform,platform_scene-1/Tile Map/51_-56_layer_Tile Map_tile_51_-56_source_1_atlas_0_0
395.266,landed,929.214904785156,-1017.03051757812,0.0,0.0,land,surface_wood_impact_1.04537048339844
395.584,jump_input_pressed,929.214904785156,-1017.03051757812,0.0,0.0,Jump,pressed
395.584,jump_executed,929.214904785156,-1017.03051757812,0.0,-500.0,jump,x_929.214904785156_y_-1017.03051757812
395.748,move_left_pressed,929.214904785156,-1084.98217773438,-15.0,-294.722106933594,Move_Left,pressed
395.899,jump_input_released,917.964904785156,-1117.26000976562,-150.0,-114.722114562988,Jump,released
395.999,jump_peak_reached,900.714904785156,-1122.05163574219,-180.0,41.2037048339844,jump_peak,x_900.714904785156_y_-1122.05163574219
396.149,platform_landed,880.881591796875,-1088.67456054688,0.0,0.0,land_on_platform,platform_scene-1/Tile Map/49_-60_layer_Tile Map_tile_49_-60_source_1_atlas_1_0
396.149,landed,880.881591796875,-1088.67456054688,0.0,0.0,land,surface_wood_impact_0.74907415771484
396.383,move_right_pressed,880.881591796875,-1088.67456054688,33.3333320617676,0.0,Move_Right,pressed
396.966,move_right_pressed,899.967590332031,-1089.07287597656,33.3333320617676,0.0,Move_Right,pressed
396.985,jump_input_pressed,900.523132324219,-1089.07287597656,66.6666641235352,0.0,Jump,pressed
396.985,jump_executed,900.523132324219,-1089.07287597656,66.6666641235352,-500.0,jump,x_900.523132324219_y_-1089.07287597656
397.299,jump_input_released,933.675231933594,-1189.26538085938,90.0,-114.722114562988,Jump,released
397.399,jump_peak_reached,942.036315917969,-1194.05700683594,0.0,41.2037048339844,jump_peak,x_942.036315917969_y_-1194.05700683594
397.499,platform_landed,942.036315917969,-1179.01379394531,0.0,0.0,land_on_platform,platform_scene-1/Tile Map/52_-65_layer_Tile Map_tile_52_-65_source_1_atlas_1_0
397.499,landed,942.036315917969,-1179.01379394531,0.0,0.0,land,surface_wood_impact_0.52685186767578
397.832,move_left_pressed,942.036315917969,-1179.01379394531,-33.3333320617676,0.0,Move_Left,pressed
397.849,jump_input_pressed,941.480773925781,-1179.01379394531,-66.6666641235352,0.0,Jump,pressed
397.849,jump_executed,941.480773925781,-1179.01379394531,-66.6666641235352,-500.0,jump,x_941.480773925781_y_-1179.01379394531
398.05,jump_input_released,913.5849609375,-1256.4873046875,-180.0,-254.333206176758,Jump,released
398.098,jump_input_pressed,904.5849609375,-1260.44555664062,-180.0,-37.5,Jump,pressed
398.15,jump_peak_reached,895.5849609375,-1261.27893066406,-180.0,41.2037048339844,jump_peak,x_895.5849609375_y_-1261.27893066406
398.15,jump_input_released,895.5849609375,-1261.27893066406,-180.0,41.2037048339844,Jump,released
398.399,platform_landed,869.751647949219,-1177.1884765625,0.0,0.0,land_on_platform,platform_scene-1/Tile Map/47_-65_layer_Tile Map_tile_47_-65_source_1_atlas_15_7
398.399,landed,869.751647949219,-1177.1884765625,0.0,0.0,land,surface_wood_impact_1.19351867675781
398.565,move_left_pressed,869.751647949219,-1177.1884765625,-33.3333320617676,0.0,Move_Left,pressed
398.966,move_left_pressed,857.799011230469,-1179.00512695312,-33.3333320617676,0.0,Move_Left,pressed
399.098,jump_input_pressed,840.465698242188,-1179.06677246094,-180.0,0.0,Jump,pressed
399.098,jump_executed,840.465698242188,-1179.06677246094,-180.0,-500.0,jump,x_840.465698242188_y_-1179.06677246094
399.449,jump_input_released,777.463195800781,-1282.79699707031,-180.0,-75.3332214355469,Jump,released
399.533,jump_peak_reached,762.463195800781,-1285.6025390625,-180.0,45.0371475219727,jump_peak,x_762.463195800781_y_-1285.6025390625
399.807,platform_landed,712.852111816406,-1197.06665039062,-96.6666641235352,0.0,land_on_platform,platform_scene-1/Tile Map/39_-66_layer_Tile Map_tile_39_-66_source_1_atlas_0_0
399.807,landed,712.852111816406,-1197.06665039062,-96.6666641235352,0.0,land,surface_wood_impact_1.27525964355469
400.416,jump_input_pressed,712.6298828125,-1197.06665039062,0.0,0.0,Jump,pressed
400.416,jump_executed,712.6298828125,-1197.06665039062,0.0,-500.0,jump,x_712.6298828125_y_-1197.06665039062
400.85,jump_peak_reached,712.6298828125,-1303.9033203125,0.0,39.8149261474609,jump_peak,x_712.6298828125_y_-1303.9033203125
401.083,jump_input_released,712.6298828125,-1238.44030761719,0.0,558.33349609375,Jump,released
401.152,platform_landed,712.6298828125,-1197.01989746094,0.0,0.0,land_on_platform,platform_scene-1/Tile Map/39_-66_layer_Tile Map_tile_39_-66_source_1_atlas_0_0
401.152,landed,712.6298828125,-1197.01989746094,0.0,0.0,land,surface_wood_impact_1.41296337890625
401.649,move_left_pressed,712.6298828125,-1197.01989746094,-33.3333320617676,0.0,Move_Left,pressed
401.751,jump_input_pressed,701.296569824219,-1196.79333496094,-180.0,0.0,Jump,pressed
401.751,jump_executed,701.296569824219,-1196.79333496094,-180.0,-500.0,jump,x_701.296569824219_y_-1196.79333496094
402.183,jump_peak_reached,623.275329589844,-1303.68103027344,-180.0,39.8149261474609,jump_peak,x_623.275329589844_y_-1303.68103027344
402.333,jump_input_released,596.275329589844,-1275.48657226562,-180.0,373.148284912109,Jump,released
402.55,platform_landed,573.442016601562,-1143.01196289062,0.0,0.0,land_on_platform,platform_scene-1/Tile Map/31_-63_layer_Tile Map_tile_31_-63_source_1_atlas_3_0
402.55,landed,573.442016601562,-1143.01196289062,0.0,0.0,land,surface_wood_impact_1.709259765625
402.967,jump_input_pressed,573.442016601562,-1143.01196289062,0.0,0.0,Jump,pressed
402.967,jump_executed,573.442016601562,-1143.01196289062,0.0,-500.0,jump,x_573.442016601562_y_-1143.01196289062
402.983,move_left_pressed,573.442016601562,-1151.40185546875,-15.0,-479.222198486328,Move_Left,pressed
403.383,jump_input_released,517.942016601562,-1249.94250488281,-180.0,2.77788853645325,Jump,released
403.399,jump_peak_reached,514.942016601562,-1249.89624023438,-180.0,39.8149261474609,jump_peak,x_514.942016601562_y_-1249.89624023438
403.566,platform_landed,504.108673095703,-1214.97521972656,0.0,0.0,land_on_platform,platform_scene-1/Tile Map/28_-67_layer_Tile Map_tile_28_-67_source_1_atlas_0_0
403.567,landed,504.108673095703,-1214.97521972656,0.0,0.0,land,surface_wood_impact_0.82037066650391
403.932,move_left_pressed,504.108673095703,-1214.97521972656,-33.3333320617676,0.0,Move_Left,pressed
404.099,platform_landed,478.30517578125,-1197.06665039062,-180.0,0.0,land_on_platform,platform_scene-1/Tile Map/26_-66_layer_Tile Map_tile_26_-66_source_1_atlas_1_0
404.099,landed,478.30517578125,-1197.06665039062,-180.0,0.0,land,surface_wood_impact_0.51851849365234
404.349,jump_input_pressed,476.074768066406,-1197.06616210938,0.0,0.0,Jump,pressed
404.349,jump_executed,476.074768066406,-1197.06616210938,0.0,-500.0,jump,x_476.074768066406_y_-1197.06616210938
404.366,move_left_pressed,476.075958251953,-1205.400390625,-15.0,-479.222198486328,Move_Left,pressed
404.466,jump_input_released,472.324737548828,-1248.185546875,-90.0,-355.722137451172,Jump,released
404.574,jump_peak_reached,463.963623046875,-1252.97717285156,0.0,41.2037048339844,jump_peak,x_463.963623046875_y_-1252.97717285156
404.732,platform_landed,463.963623046875,-1215.00952148438,0.0,0.0,land_on_platform,platform_scene-1/Tile Map/25_-67_layer_Tile Map_tile_25_-67_source_1_atlas_0_0
404.732,landed,463.963623046875,-1215.00952148438,0.0,0.0,land,surface_wood_impact_0.82314825439453
405.217,move_left_pressed,463.963623046875,-1215.00952148438,-33.3333320617676,0.0,Move_Left,pressed
405.318,jump_input_pressed,452.630310058594,-1215.00952148438,-180.0,0.0,Jump,pressed
405.318,jump_executed,452.630310058594,-1215.00952148438,-180.0,-500.0,jump,x_452.630310058594_y_-1215.00952148438
405.616,jump_peak_reached,398.6103515625,-1309.38806152344,-180.0,74.0740737915039,jump_peak,x_398.6103515625_y_-1309.38806152344
405.832,jump_input_released,359.6103515625,-1245.19055175781,-180.0,555.555603027344,Jump,released
405.933,platform_landed,338.6103515625,-1179.06713867188,-180.0,0.0,land_on_platform,platform_scene-1/Tile Map/18_-65_layer_Tile Map_tile_18_-65_source_1_atlas_3_0
405.933,landed,338.6103515625,-1179.06713867188,-180.0,0.0,land,surface_wood_impact_1.55555578613281
406.416,move_left_pressed,327.777008056641,-1179.06713867188,-33.3333320617676,0.0,Move_Left,pressed
406.598,jump_input_pressed,301.420623779297,-1178.52026367188,-180.0,37.037036895752,Jump,pressed
406.599,jump_executed,301.420623779297,-1178.52026367188,-180.0,-500.0,jump,x_301.420623779297_y_-1178.52026367188
407.001,jump_input_released,229.420623779297,-1285.09423828125,-180.0,-16.6665554046631,Jump,released
407.032,jump_peak_reached,223.420623779297,-1285.30261230469,-180.0,41.2038154602051,jump_peak,x_223.420623779297_y_-1285.30261230469
407.299,platform_landed,191.587280273438,-1197.02233886719,0.0,0.0,land_on_platform,platform_scene-1/Tile Map/10_-66_layer_Tile Map_tile_10_-66_source_1_atlas_3_0
407.299,landed,191.587280273438,-1197.02233886719,0.0,0.0,land,surface_wood_impact_1.26759301757812
407.667,move_left_pressed,191.587280273438,-1197.02233886719,-33.3333320617676,0.0,Move_Left,pressed
407.967,jump_input_pressed,172.420593261719,-1197.06896972656,0.0,0.0,Jump,pressed
407.967,jump_executed,172.420593261719,-1197.06896972656,0.0,-500.0,jump,x_172.420593261719_y_-1197.06896972656
408.016,move_left_pressed,172.420593261719,-1221.04260253906,-15.0,-437.833282470703,Move_Left,pressed
408.085,jump_input_released,169.920593261719,-1248.19445800781,-75.0,-355.722137451172,Jump,released
408.183,jump_peak_reached,168.670593261719,-1252.98608398438,0.0,41.2037048339844,jump_peak,x_168.670593261719_y_-1252.98608398438
408.366,move_left_pressed,169.019607543945,-1211.73254394531,-15.0,448.611175537109,Move_Left,pressed
408.399,platform_landed,171.539459228516,-1197.06652832031,-30.0,0.0,land_on_platform,platform_scene-1/Tile Map/9_-66_layer_Tile Map_tile_9_-66_source_1_atlas_1_0
408.399,landed,171.539459228516,-1197.06652832031,-30.0,0.0,land,surface_wood_impact_1.04537048339844
408.684,jump_input_pressed,170.074813842773,-1197.06616210938,0.0,0.0,Jump,pressed
408.684,jump_executed,170.074813842773,-1197.06616210938,0.0,-500.0,jump,x_170.074813842773_y_-1197.06616210938
408.7,move_left_pressed,170.075973510742,-1205.400390625,-15.0,-479.222198486328,Move_Left,pressed
408.85,jump_input_released,161.074737548828,-1264.97814941406,-135.0,-294.722106933594,Jump,released
408.949,jump_peak_reached,155.213623046875,-1269.76977539062,0.0,41.2037048339844,jump_peak,x_155.213623046875_y_-1269.76977539062
409.152,platform_landed,155.213623046875,-1215.00231933594,0.0,0.0,land_on_platform,platform_scene-1/Tile Map/8_-67_layer_Tile Map_tile_8_-67_source_1_atlas_0_0
409.152,landed,155.213623046875,-1215.00231933594,0.0,0.0,land,surface_wood_impact_0.97129644775391
409.367,jump_input_pressed,155.213623046875,-1215.00231933594,0.0,0.0,Jump,pressed
409.368,jump_executed,155.213623046875,-1215.00231933594,0.0,-500.0,jump,x_155.213623046875_y_-1215.00231933594
409.399,move_left_pressed,155.213623046875,-1231.38952636719,-15.0,-458.499969482422,Move_Left,pressed
409.6,jump_input_released,135.713623046875,-1300.654296875,-180.0,-214.166549682617,Jump,released
409.701,jump_peak_reached,117.713623046875,-1305.44592285156,-180.0,41.2037048339844,jump_peak,x_117.713623046875_y_-1305.44592285156
409.866,platform_landed,106.88028717041,-1268.68408203125,0.0,0.0,land_on_platform,platform_scene-1/Tile Map/6_-70_layer_Tile Map_tile_6_-70_source_1_atlas_1_0
409.866,landed,106.88028717041,-1268.68408203125,0.0,0.0,land,surface_wood_impact_0.82314825439453
409.908,move_right_pressed,106.88028717041,-1268.68408203125,33.3333320617676,0.0,Move_Right,pressed
410.442,jump_input_pressed,128.969207763672,-1269.07287597656,0.0,0.0,Jump,pressed
410.442,jump_executed,128.969207763672,-1269.07287597656,0.0,-500.0,jump,x_128.969207763672_y_-1269.07287597656
410.474,move_left_pressed,128.969207763672,-1285.39868164062,-15.0,-458.499969482422,Move_Left,pressed
410.783,jump_input_released,88.4692077636719,-1372.79870605469,-180.0,-75.3332214355469,Jump,released
410.866,jump_peak_reached,73.4692077636719,-1375.60424804688,-180.0,45.0371475219727,jump_peak,x_73.4692077636719_y_-1375.60424804688
411.033,platform_landed,65.635871887207,-1337.99450683594,0.0,0.0,land_on_platform,platform_scene-1/Tile Map/3_-74_layer_Tile Map_tile_3_-74_source_1_atlas_13_6
411.034,landed,65.635871887207,-1337.99450683594,0.0,0.0,land,surface_wood_impact_0.83081512451172
411.084,move_right_pressed,65.635871887207,-1337.99450683594,33.3333320617676,0.0,Move_Right,pressed
411.165,coin_collected,73.9693069458008,-1338.05395507812,166.666656494141,0.0,collect_coin,coin_coin23_score_22
411.667,move_right_pressed,81.8027114868164,-1338.06420898438,33.3333320617676,0.0,Move_Right,pressed
411.932,jump_input_pressed,122.672203063965,-1332.80053710938,180.0,185.185180664062,Jump,pressed
412.132,jump_input_released,158.672210693359,-1255.02270507812,180.0,629.629699707031,Jump,released
412.199,platform_landed,172.283309936523,-1197.06628417969,96.6666641235352,0.0,land_on_platform,platform_scene-1/Tile Map/9_-66_layer_Tile Map_tile_9_-66_source_1_atlas_1_0
412.199,landed,172.283309936523,-1197.06628417969,96.6666641235352,0.0,land,surface_wood_impact_1.55555578613281
412.333,move_left_pressed,172.50553894043,-1197.06628417969,-33.3333320617676,0.0,Move_Left,pressed
412.666,jump_input_pressed,170.074813842773,-1197.06616210938,0.0,0.0,Jump,pressed
412.666,jump_executed,170.074813842773,-1197.06616210938,0.0,-500.0,jump,x_170.074813842773_y_-1197.06616210938
412.682,jump_peak_reached,170.075973510742,-1205.400390625,-15.0,-479.222198486328,jump_peak,x_170.075973510742_y_-1205.400390625
412.682,move_left_pressed,170.075973510742,-1205.400390625,-15.0,-479.222198486328,Move_Left,pressed
412.832,jump_input_released,161.074737548828,-1264.97814941406,-135.0,-294.722106933594,Jump,released
413.132,platform_landed,155.213623046875,-1215.00231933594,0.0,0.0,land_on_platform,platform_scene-1/Tile Map/8_-67_layer_Tile Map_tile_8_-67_source_1_atlas_0_0
413.132,landed,155.213623046875,-1215.00231933594,0.0,0.0,land,surface_wood_impact_0.97129644775391
413.316,move_left_pressed,155.213623046875,-1215.00231933594,-33.3333320617676,0.0,Move_Left,pressed
413.332,jump_input_pressed,154.658065795898,-1215.00231933594,-66.6666641235352,0.0,Jump,pressed
413.332,jump_executed,154.658065795898,-1215.00231933594,-66.6666641235352,-500.0,jump,x_154.658065795898_y_-1215.00231933594
413.499,jump_input_released,148.883087158203,-1281.23571777344,-105.0,-294.722106933594,Jump,released
413.599,jump_peak_reached,136.27197265625,-1286.02734375,0.0,41.2037048339844,jump_peak,x_136.27197265625_y_-1286.02734375
413.667,move_left_pressed,136.27197265625,-1279.57678222656,-15.0,189.351852416992,Move_Left,pressed
413.7,platform_landed,134.77197265625,-1269.06652832031,-45.0,0.0,land_on_platform,platform_scene-1/Tile Map/7_-70_layer_Tile Map_tile_7_-70_source_1_atlas_3_0
413.7,landed,134.77197265625,-1269.06652832031,-45.0,0.0,land,surface_wood_impact_0.52685186767578
414.05,move_right_pressed,134.77197265625,-1269.06652832031,33.3333320617676,0.0,Move_Right,pressed
414.065,jump_input_pressed,135.327529907227,-1269.06652832031,66.6666641235352,0.0,Jump,pressed
414.065,jump_executed,135.327529907227,-1269.06652832031,66.6666641235352,-500.0,jump,x_135.327529907227_y_-1269.06652832031
414.499,jump_peak_reached,205.217514038086,-1375.90319824219,180.0,39.8149261474609,jump_peak,x_205.217514038086_y_-1375.90319824219
414.566,jump_input_released,217.217514038086,-1369.54516601562,180.0,187.963073730469,Jump,released
414.632,coin_collected,229.217514038086,-1353.310546875,180.0,299.074188232422,collect_coin,coin_coin22_score_24
414.666,platform_landed,238.221878051758,-1338.06372070312,180.0,0.0,land_on_platform,platform_scene-1/Tile Map/13_-74_layer_Tile Map_tile_13_-74_source_1_atlas_13_6
414.666,landed,238.221878051758,-1338.06372070312,180.0,0.0,land,surface_wood_impact_0.82037066650391
415.151,move_left_pressed,294.055816650391,-1338.04858398438,-33.3333320617676,0.0,Move_Left,pressed
415.432,move_right_pressed,268.888671875,-1338.05725097656,33.3333320617676,0.0,Move_Right,pressed
415.717,move_right_pressed,291.055389404297,-1338.05261230469,33.3333320617676,0.0,Move_Right,pressed
415.717,jump_input_pressed,291.055389404297,-1338.05261230469,33.3333320617676,0.0,Jump,pressed
415.717,jump_executed,291.055389404297,-1338.05261230469,33.3333320617676,-500.0,jump,x_291.055389404297_y_-1338.05261230469
416.132,jump_input_released,346.516143798828,-1444.66455078125,180.0,2.77788853645325,Jump,released
416.149,jump_peak_reached,349.516143798828,-1444.61828613281,180.0,39.8149261474609,jump_peak,x_349.516143798828_y_-1444.61828613281
416.25,platform_landed,354.349487304688,-1428.9892578125,0.0,0.0,land_on_platform,platform_scene-1/Tile Map/19_-79_layer_Tile Map_tile_19_-79_source_1_atlas_14_6
416.25,landed,354.349487304688,-1428.9892578125,0.0,0.0,land,surface_wood_impact_0.52407427978516
416.366,move_left_pressed,354.349487304688,-1428.9892578125,-33.3333320617676,0.0,Move_Left,pressed
416.982,move_left_pressed,329.714935302734,-1429.04248046875,-33.3333320617676,0.0,Move_Left,pressed
417.032,jump_input_pressed,326.381622314453,-1428.94482421875,-133.33332824707,0.0,Jump,pressed
417.033,jump_executed,326.381622314453,-1428.94482421875,-133.33332824707,-500.0,jump,x_326.381622314453_y_-1428.94482421875
417.399,jump_input_released,261.973846435547,-1534.0146484375,-180.0,-55.722110748291,Jump,released
417.467,jump_peak_reached,249.973846435547,-1535.64611816406,-96.6666641235352,43.8149261474609,jump_peak,x_249.973846435547_y_-1535.64611816406
417.665,platform_landed,248.140502929688,-1482.99536132812,0.0,0.0,land_on_platform,platform_scene-1/Tile Map/13_-82_layer_Tile Map_tile_13_-82_source_1_atlas_14_6
417.665,landed,248.140502929688,-1482.99536132812,0.0,0.0,land,surface_wood_impact_0.97651885986328
417.999,move_right_pressed,248.140502929688,-1482.99536132812,33.3333320617676,0.0,Move_Right,pressed
418.049,jump_input_pressed,251.474014282227,-1482.95617675781,133.33332824707,0.0,Jump,pressed
418.05,jump_executed,251.474014282227,-1482.95617675781,133.33332824707,-500.0,jump,x_251.474014282227_y_-1482.95617675781
418.332,jump_input_released,300.881256103516,-1578.36669921875,180.0,-154.333221435547,Jump,released
418.432,jump_peak_reached,318.881256103516,-1583.15832519531,180.0,41.2037048339844,jump_peak,x_318.881256103516_y_-1583.15832519531
418.616,platform_landed,329.714599609375,-1536.98071289062,0.0,0.0,land_on_platform,platform_scene-1/Tile Map/18_-85_layer_Tile Map_tile_18_-85_source_1_atlas_14_6
418.617,landed,329.714599609375,-1536.98071289062,0.0,0.0,land,surface_wood_impact_0.89722235107422
418.983,move_left_pressed,329.714599609375,-1536.98071289062,-33.3333320617676,0.0,Move_Left,pressed
419.099,jump_input_pressed,315.346740722656,-1534.54528808594,-180.0,111.111114501953,Jump,pressed
419.349,jump_input_released,270.346740722656,-1441.95275878906,-180.0,666.666748046875,Jump,released
419.466,platform_landed,265.513397216797,-1338.01037597656,0.0,0.0,land_on_platform,platform_scene-1/Tile Map/14_-74_layer_Tile Map_tile_14_-74_source_1_atlas_13_6
419.466,landed,265.513397216797,-1338.01037597656,0.0,0.0,land,surface_wood_impact_1.85185217285156
419.566,move_right_pressed,265.513397216797,-1338.01037597656,33.3333320617676,0.0,Move_Right,pressed
420.191,jump_input_pressed,290.676483154297,-1338.072265625,0.0,0.0,Jump,pressed
420.191,jump_executed,290.676483154297,-1338.072265625,0.0,-500.0,jump,x_290.676483154297_y_-1338.072265625
420.207,jump_peak_reached,290.676483154297,-1346.40869140625,0.0,-479.222198486328,jump_peak,x_290.676483154297_y_-1346.40869140625
420.258,move_right_pressed,290.676483154297,-1369.34289550781,15.0,-417.22216796875,Move_Right,pressed
420.359,jump_input_released,295.926483154297,-1405.98645019531,105.0,-294.722106933594,Jump,released
420.693,platform_landed,334.963562011719,-1338.05505371094,67.5705032348633,0.0,land_on_platform,platform_scene-1/Tile Map/18_-74_layer_Tile Map_tile_18_-74_source_1_atlas_13_6
420.693,landed,334.963562011719,-1338.05505371094,67.5705032348633,0.0,land,surface_wood_impact_1.11944458007812
420.792,move_left_pressed,334.963562011719,-1338.05505371094,-33.3333320617676,0.0,Move_Left,pressed
421.109,move_right_pressed,291.796905517578,-1338.05505371094,33.3333320617676,0.0,Move_Right,pressed
421.732,jump_input_pressed,310.963562011719,-1338.05505371094,0.0,0.0,Jump,pressed
421.732,jump_executed,310.963562011719,-1338.05505371094,0.0,-500.0,jump,x_310.963562011719_y_-1338.05505371094
422.066,move_right_pressed,310.963562011719,-1440.19006347656,15.0,-94.9998931884766,Move_Right,pressed
422.165,jump_peak_reached,316.213562011719,-1444.89831542969,105.0,39.8149261474609,jump_peak,x_316.213562011719_y_-1444.89831542969
422.266,platform_landed,333.457794189453,-1429.05261230469,180.0,0.0,land_on_platform,platform_scene-1/Tile Map/18_-79_layer_Tile Map_tile_18_-79_source_1_atlas_14_6
422.266,landed,333.457794189453,-1429.05261230469,180.0,0.0,land,surface_wood_impact_0.52407427978516
422.351,jump_input_released,345.484771728516,-1428.08801269531,180.0,0.0,Jump,released
422.634,move_left_pressed,352.855926513672,-1429.05139160156,-33.3333320617676,0.0,Move_Left,pressed
422.801,jump_input_pressed,330.04296875,-1428.97778320312,-180.0,0.0,Jump,pressed
422.801,jump_executed,330.04296875,-1428.97778320312,-180.0,-500.0,jump,x_330.04296875_y_-1428.97778320312
423.2,jump_input_released,258.022521972656,-1535.60864257812,-180.0,-16.6665554046631,Jump,released
423.233,jump_peak_reached,252.022521972656,-1535.81701660156,-96.6666641235352,41.2038154602051,jump_peak,x_252.022521972656_y_-1535.81701660156
423.433,platform_landed,250.189178466797,-1482.97814941406,0.0,0.0,land_on_platform,platform_scene-1/Tile Map/13_-82_layer_Tile Map_tile_13_-82_source_1_atlas_14_6
423.433,landed,250.189178466797,-1482.97814941406,0.0,0.0,land,surface_wood_impact_0.97129663085938
423.899,move_right_pressed,250.189178466797,-1482.97814941406,33.3333320617676,0.0,Move_Right,pressed
423.933,jump_input_pressed,251.855285644531,-1482.92248535156,100.0,0.0,Jump,pressed
423.933,jump_executed,251.855285644531,-1482.92248535156,100.0,-500.0,jump,x_251.855285644531_y_-1482.92248535156
424.366,jump_peak_reached,325.619812011719,-1589.82397460938,180.0,39.8149261474609,jump_peak,x_325.619812011719_y_-1589.82397460938
424.385,jump_input_released,328.619812011719,-1589.16040039062,180.0,76.8519668579102,Jump,released
424.565,platform_landed,333.453155517578,-1536.99011230469,0.0,0.0,land_on_platform,platform_scene-1/Tile Map/18_-85_layer_Tile Map_tile_18_-85_source_1_atlas_14_6
424.565,landed,333.453155517578,-1536.99011230469,0.0,0.0,land,surface_wood_impact_0.96851885986328
424.916,move_left_pressed,333.453155517578,-1536.99011230469,-33.3333320617676,0.0,Move_Left,pressed
424.932,jump_input_pressed,332.897399902344,-1537.05126953125,-66.6666641235352,0.0,Jump,pressed
424.932,jump_executed,332.897399902344,-1537.05126953125,-66.6666641235352,-500.0,jump,x_332.897399902344_y_-1537.05126953125
425.365,jump_peak_reached,263.007446289062,-1643.8876953125,-180.0,39.8149261474609,jump_peak,x_263.007446289062_y_-1643.8876953125
425.416,jump_input_released,254.007446289062,-1640.04504394531,-180.0,150.926040649414,Jump,released
425.566,platform_landed,246.174102783203,-1590.99084472656,0.0,0.0,land_on_platform,platform_scene-1/Tile Map/13_-88_layer_Tile Map_tile_13_-88_source_1_atlas_14_6
425.566,landed,246.174102783203,-1590.99084472656,0.0,0.0,land,surface_wood_impact_0.96851885986328
425.967,jump_input_pressed,246.174102783203,-1590.99084472656,0.0,0.0,Jump,pressed
425.967,jump_executed,246.174102783203,-1590.99084472656,0.0,-500.0,jump,x_246.174102783203_y_-1590.99084472656
425.999,move_right_pressed,246.174102783203,-1607.37158203125,15.0,-458.499969482422,Move_Right,pressed
426.399,jump_peak_reached,301.674102783203,-1697.87707519531,180.0,39.8149261474609,jump_peak,x_301.674102783203_y_-1697.87707519531
426.467,jump_input_released,313.674102783203,-1691.51904296875,180.0,187.963073730469,Jump,released
426.96,platform_landed,318.507446289062,-1338.05688476562,0.0,0.0,land_on_platform,platform_scene-1/Tile Map/17_-74_layer_Tile Map_tile_17_-74_source_1_atlas_13_6
426.96,landed,318.507446289062,-1338.05688476562,0.0,0.0,land,surface_wood_impact_2.52407397460937
427.732,move_left_pressed,318.507446289062,-1338.05688476562,-33.3333320617676,0.0,Move_Left,pressed
427.783,jump_input_pressed,315.174133300781,-1338.05688476562,-133.33332824707,0.0,Jump,pressed
427.784,jump_executed,315.174133300781,-1338.05688476562,-133.33332824707,-500.0,jump,x_315.174133300781_y_-1338.05688476562
427.799,jump_peak_reached,312.949798583984,-1346.39916992188,-148.33332824707,-479.222198486328,jump_peak,x_312.949798583984_y_-1346.39916992188
428.151,jump_input_released,290.949768066406,-1443.06396484375,0.0,-55.722110748291,Jump,released
428.5,platform_landed,290.949768066406,-1338.00524902344,0.0,0.0,land_on_platform,platform_scene-1/Tile Map/16_-74_layer_Tile Map_tile_16_-74_source_1_atlas_13_6
428.5,landed,290.949768066406,-1338.00524902344,0.0,0.0,land,surface_wood_impact_1.34688928222656
428.832,jump_input_pressed,290.949768066406,-1338.00524902344,0.0,0.0,Jump,pressed
428.832,jump_executed,290.949768066406,-1338.00524902344,0.0,-500.0,jump,x_290.949768066406_y_-1338.00524902344
428.85,jump_peak_reached,290.949768066406,-1346.39965820312,0.0,-479.222198486328,jump_peak,x_290.949768066406_y_-1346.39965820312
428.983,move_right_pressed,290.949768066406,-1400.71813964844,15.0,-314.999908447266,Move_Right,pressed
429.334,jump_input_released,337.449768066406,-1438.53601074219,180.0,187.963073730469,Jump,released
429.366,platform_landed,342.287353515625,-1428.06970214844,13.3333311080933,0.0,land_on_platform,platform_scene-1/Tile Map/18_-79_layer_Tile Map_tile_18_-79_source_1_atlas_14_6
429.367,landed,342.287353515625,-1428.06970214844,13.3333311080933,0.0,land,surface_wood_impact_0.52407427978516
429.565,move_left_pressed,342.287353515625,-1428.06970214844,-33.3333320617676,0.0,Move_Left,pressed
429.617,jump_input_pressed,338.954254150391,-1428.10119628906,-133.33332824707,0.0,Jump,pressed
429.617,jump_executed,338.954254150391,-1428.10119628906,-133.33332824707,-500.0,jump,x_338.954254150391_y_-1428.10119628906
430.049,jump_peak_reached,262.564666748047,-1534.93237304688,-180.0,39.8149261474609,jump_peak,x_262.564666748047_y_-1534.93237304688
430.117,jump_input_released,250.564666748047,-1528.57434082031,-96.6666641235352,187.963073730469,Jump,released
430.259,platform_landed,248.731323242188,-1482.98132324219,0.0,0.0,land_on_platform,platform_scene-1/Tile Map/13_-82_layer_Tile Map_tile_13_-82_source_1_atlas_14_6
430.259,landed,248.731323242188,-1482.98132324219,0.0,0.0,land,surface_wood_impact_0.96851885986328
430.591,move_right_pressed,248.731323242188,-1482.98132324219,33.3333320617676,0.0,Move_Right,pressed
430.591,jump_input_pressed,248.731323242188,-1482.98132324219,33.3333320617676,0.0,Jump,pressed
430.591,jump_executed,248.731323242188,-1482.98132324219,33.3333320617676,-500.0,jump,x_248.731323242188_y_-1482.98132324219
431.026,jump_peak_reached,313.540740966797,-1589.86865234375,180.0,39.8149261474609,jump_peak,x_313.540740966797_y_-1589.86865234375
431.093,jump_input_released,325.540740966797,-1583.51062011719,180.0,187.963073730469,Jump,released
431.226,platform_landed,333.374084472656,-1537.00329589844,0.0,0.0,land_on_platform,platform_scene-1/Tile Map/18_-85_layer_Tile Map_tile_18_-85_source_1_atlas_14_6
431.226,landed,333.374084472656,-1537.00329589844,0.0,0.0,land,surface_wood_impact_0.96851885986328
431.557,move_left_pressed,333.374084472656,-1537.00329589844,-33.3333320617676,0.0,Move_Left,pressed
431.557,jump_input_pressed,333.374084472656,-1537.00329589844,-33.3333320617676,0.0,Jump,pressed
431.557,jump_executed,333.374084472656,-1537.00329589844,-33.3333320617676,-500.0,jump,x_333.374084472656_y_-1537.00329589844
431.992,jump_peak_reached,268.565979003906,-1643.8720703125,-180.0,39.8149261474609,jump_peak,x_268.565979003906_y_-1643.8720703125
432.158,jump_input_released,238.565979003906,-1609.45849609375,-180.0,410.185333251953,Jump,released
432.193,platform_landed,233.756301879883,-1590.07299804688,-13.3333311080933,0.0,land_on_platform,platform_scene-1/Tile Map/12_-88_layer_Tile Map_tile_12_-88_source_1_atlas_14_6
432.193,landed,233.756301879883,-1590.07299804688,-13.3333311080933,0.0,land,surface_wood_impact_0.96851885986328
432.458,move_right_pressed,233.756301879883,-1590.07299804688,33.3333320617676,0.0,Move_Right,pressed
432.508,jump_input_pressed,237.089736938477,-1590.07299804688,133.33332824707,0.0,Jump,pressed
432.509,jump_executed,237.089736938477,-1590.07299804688,133.33332824707,-500.0,jump,x_237.089736938477_y_-1590.07299804688
432.941,jump_peak_reached,313.482055664062,-1696.91442871094,180.0,39.8149261474609,jump_peak,x_313.482055664062_y_-1696.91442871094
432.941,jump_input_released,313.482055664062,-1696.91442871094,180.0,39.8149261474609,Jump,released
433.007,time_limit_reached,325.482055664062,-1690.55639648438,180.0,187.963073730469,time_limit,three_minutes
433.007,scene_transition,325.482055664062,-1690.55639648438,180.0,187.963073730469,switch,from_res://Scenes/Main/scene-1.tscn_to_res://Scenes/Main/menu.tscn
433.007,session_end,325.482055664062,-1690.55639648438,180.0,187.963073730469,,
