timestamp_seconds,event,x,y,velocity_x,velocity_y,action,info
72.682,session_start,392.0,624.0,0.0,0.0,,
72.731,jump_peak_reached,392.0,624.0,0.0,37.037036895752,jump_peak,x_392.0_y_624.0
72.766,platform_landed,392.0,638.988403320312,0.0,0.0,land_on_platform,platform_scene-1/Tile Map/21_36_layer_Tile Map_tile_21_36_source_1_atlas_2_0
72.766,landed,392.0,638.988403320312,0.0,0.0,land,surface_wood_impact_0.51851849365234
74.891,move_right_pressed,392.0,638.988403320312,33.3333320617676,0.0,Move_Right,pressed
75.641,move_right_pressed,420.166656494141,638.932373046875,33.3333320617676,0.0,Move_Right,pressed
76.093,jump_input_pressed,442.333312988281,638.932373046875,0.0,0.0,Jump,pressed
76.093,jump_executed,442.333312988281,638.932373046875,0.0,-500.0,jump,x_442.333312988281_y_638.932373046875
76.241,jump_input_released,442.333312988281,576.272338867188,0.0,-314.999908447266,Jump,released
76.342,jump_peak_reached,442.333312988281,571.480651855469,0.0,41.2037048339844,jump_peak,x_442.333312988281_y_571.480651855469
76.558,move_left_pressed,442.333312988281,628.556274414062,-15.0,522.685241699219,Move_Left,pressed
76.576,platform_landed,441.583312988281,638.933410644531,-30.0,0.0,land_on_platform,platform_scene-1/Tile Map/24_36_layer_Tile Map_tile_24_36_source_1_atlas_2_0
76.576,landed,441.583312988281,638.933410644531,-30.0,0.0,land,surface_wood_impact_1.11944458007812
76.958,move_right_pressed,432.694427490234,638.933410644531,33.3333320617676,0.0,Move_Right,pressed
77.259,jump_input_pressed,448.861114501953,638.925109863281,0.0,0.0,Jump,pressed
77.259,jump_executed,448.861114501953,638.925109863281,0.0,-500.0,jump,x_448.861114501953_y_638.925109863281
77.425,jump_peak_reached,448.239440917969,582.704895019531,0.0,48.5835647583008,jump_peak,x_448.239440917969_y_582.704895019531
77.509,move_left_pressed,448.239440917969,592.926391601562,-15.0,233.768753051758,Move_Left,pressed
77.541,jump_input_released,447.489440917969,601.3359375,-45.0,307.842834472656,Jump,released
77.625,platform_landed,439.239440917969,638.933349609375,-120.0,0.0,land_on_platform,platform_scene-1/Tile Map/24_36_layer_Tile Map_tile_24_36_source_1_atlas_2_0
77.625,landed,439.239440917969,638.933349609375,-120.0,0.0,land,surface_wood_impact_0.98605615234375
77.976,move_left_pressed,419.850555419922,638.933349609375,-33.3333320617676,0.0,Move_Left,pressed
78.309,jump_input_pressed,376.683898925781,638.933349609375,0.0,0.0,Jump,pressed
78.309,jump_executed,376.683898925781,638.933349609375,0.0,-500.0,jump,x_376.683898925781_y_638.933349609375
78.542,move_right_pressed,376.683898925781,553.337219238281,15.0,-214.166549682617,Move_Right,pressed
78.592,jump_input_released,378.183898925781,543.583557128906,60.0,-154.333221435547,Jump,released
78.692,jump_peak_reached,387.933898925781,538.791870117188,150.0,41.2037048339844,jump_peak,x_387.933898925781_y_538.791870117188
78.876,platform_landed,421.795013427734,584.932983398438,96.6666641235352,0.0,land_on_platform,platform_scene-1/Tile Map/23_33_layer_Tile Map_tile_23_33_source_1_atlas_3_0
78.876,landed,421.795013427734,584.932983398438,96.6666641235352,0.0,land,surface_wood_impact_0.89722235107422
79.042,move_left_pressed,422.017242431641,584.932983398438,-33.3333320617676,0.0,Move_Left,pressed
79.409,jump_input_pressed,412.295043945312,584.932983398438,0.0,0.0,Jump,pressed
79.409,jump_executed,412.295043945312,584.932983398438,0.0,-500.0,jump,x_412.295043945312_y_584.932983398438
79.509,move_right_pressed,412.295043945312,540.081726074219,15.0,-376.166595458984,Move_Right,pressed
79.609,jump_input_released,417.545043945312,507.504821777344,105.0,-254.333206176758,Jump,released
79.709,jump_peak_reached,431.795043945312,502.713165283203,180.0,41.2037048339844,jump_peak,x_431.795043945312_y_502.713165283203
79.892,coin_collected,464.795043945312,544.2177734375,180.0,411.574127197266,collect_coin,coin_coin_score_2
79.893,platform_landed,467.795043945312,548.933471679688,180.0,0.0,land_on_platform,platform_scene-1/Tile Map/25_31_layer_Tile Map_tile_25_31_source_1_atlas_1_0
79.893,landed,467.795043945312,548.933471679688,180.0,0.0,land,surface_wood_impact_0.89722235107422
80.443,jump_input_pressed,469.628387451172,548.933471679688,0.0,0.0,Jump,pressed
80.443,jump_executed,469.628387451172,548.933471679688,0.0,-500.0,jump,x_469.628387451172_y_548.933471679688
80.509,jump_input_released,469.628387451172,517.656677246094,0.0,-417.22216796875,Jump,released
80.576,move_right_pressed,469.628387451172,513.073303222656,15.0,-16.6666660308838,Move_Right,pressed
80.608,jump_peak_reached,470.378387451172,512.864990234375,45.0,41.2037048339844,jump_peak,x_470.378387451172_y_512.864990234375
80.659,jump_input_pressed,473.378387451172,516.777038574219,0.0,152.314819335938,Jump,pressed
80.776,platform_landed,473.378387451172,548.983825683594,0.0,0.0,land_on_platform,platform_scene-1/Tile Map/26_31_layer_Tile Map_tile_26_31_source_1_atlas_2_0
80.776,landed,473.378387451172,548.983825683594,0.0,0.0,land,surface_wood_impact_0.82314825439453
80.792,jump_executed,473.378387451172,548.983825683594,0.0,-500.0,jump,x_473.378387451172_y_548.983825683594
80.792,jump_input_released,473.378387451172,548.983825683594,0.0,-500.0,Jump,released
80.892,jump_peak_reached,473.378387451172,544.140075683594,0.0,41.2037048339844,jump_peak,x_473.378387451172_y_544.140075683594
80.942,platform_landed,473.378387451172,548.994201660156,0.0,0.0,land_on_platform,platform_scene-1/Tile Map/26_31_layer_Tile Map_tile_26_31_source_1_atlas_2_0
80.942,landed,473.378387451172,548.994201660156,0.0,0.0,land,surface_wood_impact_0.30462963867187
81.026,move_right_pressed,473.378387451172,548.994201660156,33.3333320617676,0.0,Move_Right,pressed
81.509,move_left_pressed,495.545043945312,548.93310546875,-33.3333320617676,0.0,Move_Left,pressed
81.576,musicking,487.211730957031,548.93310546875,-166.666656494141,0.0,osc_received,"value_[1, ""chain-jumps-combo-walk""]"
81.809,jump_input_pressed,485.822845458984,548.925170898438,0.0,0.0,Jump,pressed
81.81,jump_executed,485.822845458984,548.925170898438,0.0,-500.0,jump,x_485.822845458984_y_548.925170898438
81.958,move_right_pressed,485.822845458984,486.271301269531,15.0,-314.999908447266,Move_Right,pressed
82.142,move_right_pressed,489.572845458984,446.803771972656,15.0,-94.9998931884766,Move_Right,pressed
82.192,jump_input_released,491.072845458984,442.975067138672,60.0,-36.1665573120117,Jump,released
82.241,jump_peak_reached,494.822845458984,442.208404541016,105.0,42.5371475219727,jump_peak,x_494.822845458984_y_442.208404541016
82.442,platform_landed,530.072875976562,494.933319091797,180.0,0.0,land_on_platform,platform_scene-1/Tile Map/29_28_layer_Tile Map_tile_29_28_source_1_atlas_2_0
82.442,landed,530.072875976562,494.933319091797,180.0,0.0,land,surface_wood_impact_0.97396331787109
82.692,move_left_pressed,540.906188964844,494.933319091797,-33.3333320617676,0.0,Move_Left,pressed
82.958,move_left_pressed,531.183959960938,494.933319091797,-33.3333320617676,0.0,Move_Left,pressed
83.492,jump_input_pressed,518.017333984375,494.925231933594,0.0,0.0,Jump,pressed
83.492,jump_executed,518.017333984375,494.925231933594,0.0,-500.0,jump,x_518.017333984375_y_494.925231933594
83.709,move_right_pressed,518.017333984375,413.252868652344,15.0,-234.222106933594,Move_Right,pressed
83.775,jump_peak_reached,520.520690917969,403.686737060547,75.0,74.0740737915039,jump_peak,x_520.520690917969_y_403.686737060547
83.992,jump_input_released,534.675231933594,466.582916259766,0.0,555.555603027344,Jump,released
84.025,platform_landed,534.675231933594,494.941802978516,0.0,0.0,land_on_platform,platform_scene-1/Tile Map/29_28_layer_Tile Map_tile_29_28_source_1_atlas_2_0
84.025,landed,534.675231933594,494.941802978516,0.0,0.0,land,surface_wood_impact_1.25925939941406
84.55,jump_input_pressed,534.675231933594,494.941802978516,0.0,0.0,Jump,pressed
84.55,jump_executed,534.675231933594,494.941802978516,0.0,-500.0,jump,x_534.675231933594_y_494.941802978516
84.567,jump_peak_reached,534.675231933594,486.592071533203,0.0,-479.222198486328,jump_peak,x_534.675231933594_y_486.592071533203
84.909,move_right_pressed,533.491027832031,390.485290527344,15.0,-55.722110748291,Move_Right,pressed
85.075,jump_input_released,547.241027832031,401.896392822266,165.0,262.037139892578,Jump,released
85.125,platform_landed,558.991027832031,422.995208740234,180.0,0.0,land_on_platform,platform_scene-1/Tile Map/30_24_layer_Tile Map_tile_30_24_source_1_atlas_1_0
85.125,landed,558.991027832031,422.995208740234,180.0,0.0,land,surface_wood_impact_0.74629656982422
85.426,move_left_pressed,563.824340820312,422.995208740234,-33.3333320617676,0.0,Move_Left,pressed
85.875,jump_input_pressed,550.65771484375,422.933227539062,0.0,0.0,Jump,pressed
85.875,jump_executed,550.65771484375,422.933227539062,0.0,-500.0,jump,x_550.65771484375_y_422.933227539062
86.035,move_left_pressed,550.65771484375,360.272399902344,-15.0,-314.999908447266,Move_Left,pressed
86.308,jump_peak_reached,516.15771484375,316.096527099609,-180.0,39.8149261474609,jump_peak,x_516.15771484375_y_316.096527099609
86.409,jump_input_released,498.15771484375,329.337280273438,-180.0,262.037139892578,Jump,released
86.509,platform_landed,487.324371337891,368.993408203125,0.0,0.0,land_on_platform,platform_scene-1/Tile Map/27_21_layer_Tile Map_tile_27_21_source_1_atlas_2_0
86.509,landed,487.324371337891,368.993408203125,0.0,0.0,land,surface_wood_impact_0.96851885986328
86.558,move_right_pressed,487.324371337891,368.993408203125,33.3333320617676,0.0,Move_Right,pressed
86.842,move_left_pressed,500.491729736328,368.932281494141,-33.3333320617676,0.0,Move_Left,pressed
87.009,jump_input_pressed,477.158416748047,368.932281494141,-180.0,0.0,Jump,pressed
87.009,jump_executed,477.158416748047,368.932281494141,-180.0,-500.0,jump,x_477.158416748047_y_368.932281494141
87.159,jump_input_released,450.156127929688,306.273101806641,-180.0,-314.999908447266,Jump,released
87.258,jump_peak_reached,439.322784423828,301.4814453125,0.0,41.2037048339844,jump_peak,x_439.322784423828_y_301.4814453125
87.36,move_right_pressed,439.322784423828,314.861083984375,15.0,263.425933837891,Move_Right,pressed
87.508,coin_collected,450.572784423828,376.597229003906,135.0,559.722290039062,collect_coin,coin_coin2_score_4
87.525,platform_landed,451.433898925781,386.986785888672,0.0,0.0,land_on_platform,platform_scene-1/Tile Map/25_22_layer_Tile Map_tile_25_22_source_1_atlas_3_0
87.525,landed,451.433898925781,386.986785888672,0.0,0.0,land,surface_wood_impact_1.2675927734375
87.842,move_left_pressed,451.433898925781,386.986785888672,-33.3333320617676,0.0,Move_Left,pressed
87.943,jump_input_pressed,440.099945068359,386.925445556641,-180.0,0.0,Jump,pressed
87.943,jump_executed,440.099945068359,386.925445556641,-180.0,-500.0,jump,x_440.099945068359_y_386.925445556641
88.035,jump_input_released,426.488433837891,348.697479248047,-13.3333311080933,-396.666595458984,Jump,released
88.125,jump_peak_reached,426.266204833984,343.905822753906,0.0,41.2037048339844,jump_peak,x_426.266204833984_y_343.905822753906
88.309,platform_landed,426.266204833984,386.972991943359,0.0,0.0,land_on_platform,platform_scene-1/Tile Map/23_22_layer_Tile Map_tile_23_22_source_1_atlas_1_0
88.309,landed,426.266204833984,386.972991943359,0.0,0.0,land,surface_wood_impact_0.89722235107422
88.559,jump_input_pressed,426.266204833984,386.972991943359,0.0,0.0,Jump,pressed
88.559,jump_executed,426.266204833984,386.972991943359,0.0,-500.0,jump,x_426.266204833984_y_386.972991943359
88.693,move_left_pressed,426.266204833984,329.874786376953,-15.0,-335.333251953125,Move_Left,pressed
88.758,jump_input_released,423.766204833984,309.509979248047,-75.0,-254.333206176758,Jump,released
88.858,jump_peak_reached,420.905090332031,304.718322753906,0.0,41.2037048339844,jump_peak,x_420.905090332031_y_304.718322753906
89.092,move_left_pressed,420.905090332031,370.505401611328,-15.0,559.722290039062,Move_Left,pressed
89.109,platform_landed,424.173187255859,386.933563232422,-15.0,0.0,land_on_platform,platform_scene-1/Tile Map/23_22_layer_Tile Map_tile_23_22_source_1_atlas_1_0
89.109,landed,424.173187255859,386.933563232422,-15.0,0.0,land,surface_wood_impact_1.19351867675781
89.525,jump_input_pressed,422.074829101562,386.933776855469,0.0,0.0,Jump,pressed
89.526,jump_executed,422.074829101562,386.933776855469,0.0,-500.0,jump,x_422.074829101562_y_386.933776855469
89.542,jump_peak_reached,422.075958251953,378.599517822266,0.0,-479.222198486328,jump_peak,x_422.075958251953_y_378.599517822266
89.675,move_left_pressed,422.075958251953,324.280975341797,-15.0,-314.999908447266,Move_Left,pressed
89.692,jump_input_released,421.825958251953,319.021728515625,-30.0,-294.722106933594,Jump,released
89.911,move_left_pressed,414.71484375,332.000152587891,-15.0,300.462982177734,Move_Left,pressed
89.992,platform_landed,413.21484375,368.997619628906,0.0,0.0,land_on_platform,platform_scene-1/Tile Map/22_21_layer_Tile Map_tile_22_21_source_1_atlas_3_0
89.992,landed,413.21484375,368.997619628906,0.0,0.0,land,surface_wood_impact_0.97129644775391
90.525,jump_input_pressed,413.21484375,368.997619628906,0.0,0.0,Jump,pressed
90.525,jump_executed,413.21484375,368.997619628906,0.0,-500.0,jump,x_413.21484375_y_368.997619628906
90.709,move_left_pressed,413.21484375,296.099304199219,-15.0,-274.499877929688,Move_Left,pressed
90.742,jump_peak_reached,412.460998535156,292.616546630859,-45.0,74.0740737915039,jump_peak,x_412.460998535156_y_292.616546630859
90.859,jump_input_released,401.960998535156,314.221466064453,-150.0,333.333343505859,Jump,released
90.976,platform_landed,398.349884033203,368.966827392578,0.0,0.0,land_on_platform,platform_scene-1/Tile Map/22_21_layer_Tile Map_tile_22_21_source_1_atlas_3_0
90.976,landed,398.349884033203,368.966827392578,0.0,0.0,land,surface_wood_impact_1.18518530273438
91.409,move_left_pressed,398.349884033203,368.966827392578,-33.3333320617676,0.0,Move_Left,pressed
91.617,jump_input_pressed,369.007415771484,370.920074462891,-180.0,111.111114501953,Jump,pressed
91.825,move_right_pressed,334.174072265625,443.142272949219,1.66666889190674,592.592651367188,Move_Right,pressed
91.859,jump_input_released,334.479614257812,463.512664794922,31.6666679382324,666.666748046875,Jump,released
91.959,platform_landed,343.422576904297,549.92578125,121.66667175293,0.0,land_on_platform,platform_scene-1/Tile Map/19_31_layer_Tile Map_tile_19_31_source_1_atlas_19_0
91.959,landed,343.422576904297,549.92578125,121.66667175293,0.0,land,surface_wood_impact_1.77777807617188
92.259,platform_landed,390.602844238281,588.04248046875,13.3333311080933,0.0,land_on_platform,platform_scene-1/Tile Map/22_33_layer_Tile Map_tile_22_33_source_1_atlas_1_0
92.259,landed,390.602844238281,588.04248046875,13.3333311080933,0.0,land,surface_wood_impact_0.81481488037109
92.459,move_right_pressed,389.804168701172,621.711975097656,15.0,407.407440185547,Move_Right,pressed
92.492,platform_landed,391.304168701172,638.93310546875,45.0,0.0,land_on_platform,platform_scene-1/Tile Map/21_36_layer_Tile Map_tile_21_36_source_1_atlas_2_0
92.492,landed,391.304168701172,638.93310546875,45.0,0.0,land,surface_wood_impact_0.96296307373047
92.935,move_left_pressed,397.915252685547,638.925170898438,-33.3333320617676,0.0,Move_Left,pressed
93.042,jump_input_pressed,383.581939697266,638.925170898438,-180.0,0.0,Jump,pressed
93.042,jump_executed,383.581939697266,638.925170898438,-180.0,-500.0,jump,x_383.581939697266_y_638.925170898438
93.126,jump_input_released,375.748260498047,600.697387695312,0.0,-396.666595458984,Jump,released
93.225,jump_peak_reached,375.748260498047,595.905700683594,0.0,41.2037048339844,jump_peak,x_375.748260498047_y_595.905700683594
93.276,move_right_pressed,375.748260498047,599.817749023438,15.0,152.314819335938,Move_Right,pressed
93.409,platform_landed,381.109375,638.972900390625,0.0,0.0,land_on_platform,platform_scene-1/Tile Map/21_36_layer_Tile Map_tile_21_36_source_1_atlas_2_0
93.409,landed,381.109375,638.972900390625,0.0,0.0,land,surface_wood_impact_0.89722235107422
93.642,jump_input_pressed,381.109375,638.972900390625,0.0,0.0,Jump,pressed
93.642,jump_executed,381.109375,638.972900390625,0.0,-500.0,jump,x_381.109375_y_638.972900390625
93.859,move_right_pressed,381.109375,557.259033203125,15.0,-234.222106933594,Move_Right,pressed
94.009,jump_input_released,392.359375,533.931274414062,150.0,-55.722110748291,Jump,released
94.075,jump_peak_reached,403.609375,532.2998046875,180.0,43.8149261474609,jump_peak,x_403.609375_y_532.2998046875
94.276,platform_landed,420.442718505859,584.982299804688,0.0,0.0,land_on_platform,platform_scene-1/Tile Map/23_33_layer_Tile Map_tile_23_33_source_1_atlas_3_0
94.276,landed,420.442718505859,584.982299804688,0.0,0.0,land,surface_wood_impact_0.97651885986328
94.375,move_left_pressed,420.442718505859,584.982299804688,-33.3333320617676,0.0,Move_Left,pressed
94.617,jump_input_pressed,414.053833007812,584.931518554688,0.0,0.0,Jump,pressed
94.617,jump_executed,414.053833007812,584.931518554688,0.0,-500.0,jump,x_414.053833007812_y_584.931518554688
94.684,move_right_pressed,414.053833007812,553.656433105469,15.0,-417.22216796875,Move_Right,pressed
94.892,jump_peak_reached,436.542205810547,493.692260742188,180.0,74.0740737915039,jump_peak,x_436.542205810547_y_493.692260742188
94.958,jump_input_released,448.542205810547,502.334228515625,180.0,222.222213745117,Jump,released
95.076,platform_landed,472.542205810547,548.933715820312,180.0,0.0,land_on_platform,platform_scene-1/Tile Map/26_31_layer_Tile Map_tile_26_31_source_1_atlas_2_0
95.076,landed,472.542205810547,548.933715820312,180.0,0.0,land,surface_wood_impact_0.96296307373047
95.359,jump_input_pressed,477.375549316406,548.933715820312,0.0,0.0,Jump,pressed
95.359,jump_executed,477.375549316406,548.933715820312,0.0,-500.0,jump,x_477.375549316406_y_548.933715820312
95.459,move_right_pressed,477.375549316406,504.081665039062,15.0,-376.166595458984,Move_Right,pressed
95.667,jump_input_released,496.875549316406,450.994659423828,180.0,-134.499893188477,Jump,released
95.759,jump_peak_reached,514.875549316406,446.203002929688,180.0,41.2037048339844,jump_peak,x_514.875549316406_y_446.203002929688
95.942,platform_landed,522.708862304688,494.980041503906,0.0,0.0,land_on_platform,platform_scene-1/Tile Map/28_28_layer_Tile Map_tile_28_28_source_1_atlas_1_0
95.942,landed,522.708862304688,494.980041503906,0.0,0.0,land,surface_wood_impact_0.89722235107422
95.977,move_left_pressed,522.708862304688,494.980041503906,-33.3333320617676,0.0,Move_Left,pressed
96.268,jump_input_pressed,509.541961669922,494.930999755859,0.0,0.0,Jump,pressed
96.268,jump_executed,509.541961669922,494.930999755859,0.0,-500.0,jump,x_509.541961669922_y_494.930999755859
96.359,move_right_pressed,509.541961669922,450.081359863281,15.0,-376.166595458984,Move_Right,pressed
96.459,jump_input_released,514.7919921875,417.504516601562,105.0,-254.333206176758,Jump,released
96.559,jump_peak_reached,529.0419921875,412.712860107422,180.0,41.2037048339844,jump_peak,x_529.0419921875_y_412.712860107422
96.592,jump_input_pressed,535.0419921875,414.70361328125,180.0,115.277786254883,Jump,pressed
96.642,platform_landed,547.0419921875,422.932678222656,180.0,0.0,land_on_platform,platform_scene-1/Tile Map/30_24_layer_Tile Map_tile_30_24_source_1_atlas_1_0
96.642,landed,547.0419921875,422.932678222656,180.0,0.0,land,surface_wood_impact_0.45277777099609
96.658,jump_executed,547.0419921875,422.932678222656,180.0,-500.0,jump,x_547.0419921875_y_422.932678222656
96.775,jump_peak_reached,568.063293457031,382.524658203125,180.0,57.0700187683105,jump_peak,x_568.063293457031_y_382.524658203125
96.775,jump_input_released,568.063293457031,382.524658203125,180.0,57.0700187683105,Jump,released
96.942,move_left_pressed,572.896606445312,419.814086914062,-15.0,427.4404296875,Move_Left,pressed
96.942,platform_landed,572.646606445312,422.933044433594,-15.0,0.0,land_on_platform,platform_scene-1/Tile Map/31_24_layer_Tile Map_tile_31_24_source_1_atlas_3_0
96.942,landed,572.646606445312,422.933044433594,-15.0,0.0,land,surface_wood_impact_0.854880859375
97.025,musicking,563.091064453125,422.933044433594,-180.0,0.0,osc_received,"value_[1, ""chain-jumps-combo-walk""]"
97.442,jump_input_pressed,555.257751464844,422.933044433594,0.0,0.0,Jump,pressed
97.442,jump_executed,555.257751464844,422.933044433594,0.0,-500.0,jump,x_555.257751464844_y_422.933044433594
97.51,jump_input_released,555.257751464844,391.656646728516,0.0,-417.22216796875,Jump,released
97.609,jump_peak_reached,555.257751464844,386.864990234375,0.0,41.2037048339844,jump_peak,x_555.257751464844_y_386.864990234375
97.776,platform_landed,555.257751464844,422.983795166016,0.0,0.0,land_on_platform,platform_scene-1/Tile Map/30_24_layer_Tile Map_tile_30_24_source_1_atlas_1_0
97.776,landed,555.257751464844,422.983795166016,0.0,0.0,land,surface_wood_impact_0.82314825439453
97.909,move_left_pressed,555.257751464844,422.983795166016,-33.3333320617676,0.0,Move_Left,pressed
98.226,jump_input_pressed,548.868896484375,422.983795166016,0.0,0.0,Jump,pressed
98.226,jump_executed,548.868896484375,422.983795166016,0.0,-500.0,jump,x_548.868896484375_y_422.983795166016
98.409,move_right_pressed,548.868896484375,350.097503662109,15.0,-274.499877929688,Move_Right,pressed
98.542,jump_input_released,557.868896484375,322.741973876953,135.0,-114.722114562988,Jump,released
98.642,jump_peak_reached,574.368896484375,317.950317382812,180.0,41.2037048339844,jump_peak,x_574.368896484375_y_317.950317382812
98.808,platform_landed,591.202209472656,354.028930664062,0.0,0.0,land_on_platform,platform_scene-1/Tile Map/32_20_layer_Tile Map_tile_32_20_source_1_atlas_18_3
98.808,landed,591.202209472656,354.028930664062,0.0,0.0,land,surface_wood_impact_0.82314825439453
99.209,jump_input_pressed,591.202209472656,354.028930664062,0.0,0.0,Jump,pressed
99.209,jump_executed,591.202209472656,354.028930664062,0.0,-500.0,jump,x_591.202209472656_y_354.028930664062
99.326,move_right_pressed,591.202209472656,302.857849121094,15.0,-355.722137451172,Move_Right,pressed
99.358,jump_input_released,591.952209472656,291.324523925781,45.0,-314.999908447266,Jump,released
99.458,jump_peak_reached,600.202209472656,286.532867431641,135.0,41.2037048339844,jump_peak,x_600.202209472656_y_286.532867431641
99.476,jump_input_pressed,602.452209472656,287.219604492188,150.0,78.2407455444336,Jump,pressed
99.609,jump_input_released,606.063293457031,314.935668945312,0.0,374.537078857422,Jump,released
99.659,move_left_pressed,606.063293457031,335.514373779297,-15.0,485.648223876953,Move_Left,pressed
99.692,platform_landed,604.619384765625,353.964202880859,-45.0,0.0,land_on_platform,platform_scene-1/Tile Map/33_20_layer_Tile Map_tile_33_20_source_1_atlas_19_3
99.692,landed,604.619384765625,353.964202880859,-45.0,0.0,land,surface_wood_impact_1.11944458007812
100.241,move_right_pressed,594.285705566406,353.9189453125,33.3333320617676,0.0,Move_Right,pressed
100.359,jump_input_pressed,608.619506835938,354.0166015625,180.0,0.0,Jump,pressed
100.359,jump_executed,608.619506835938,354.0166015625,180.0,-500.0,jump,x_608.619506835938_y_354.0166015625
100.575,jump_peak_reached,647.629699707031,277.686187744141,180.0,74.0740737915039,jump_peak,x_647.629699707031_y_277.686187744141
100.676,jump_input_released,665.629699707031,294.352844238281,180.0,296.296295166016,Jump,released
100.741,coin_collected,677.629699707031,317.809631347656,180.0,407.407440185547,collect_coin,coin_coin3_score_6
100.759,platform_landed,683.629699707031,332.933746337891,180.0,0.0,land_on_platform,platform_scene-1/Tile Map/37_19_layer_Tile Map_tile_37_19_source_1_atlas_1_0
100.759,landed,683.629699707031,332.933746337891,180.0,0.0,land,surface_wood_impact_0.96296307373047
101.21,jump_input_pressed,685.463012695312,332.925262451172,0.0,0.0,Jump,pressed
101.211,jump_executed,685.463012695312,332.925262451172,0.0,-500.0,jump,x_685.463012695312_y_332.925262451172
101.309,move_right_pressed,685.463012695312,288.080627441406,15.0,-376.166595458984,Move_Right,pressed
101.475,jump_input_released,699.213012695312,240.501937866211,165.0,-174.222106933594,Jump,released
101.576,jump_peak_reached,716.963012695312,235.710266113281,180.0,41.2037048339844,jump_peak,x_716.963012695312_y_235.710266113281
101.775,move_left_pressed,721.796325683594,284.691741943359,-15.0,485.648223876953,Move_Left,pressed
101.825,platform_landed,719.296325683594,314.933410644531,-60.0,0.0,land_on_platform,platform_scene-1/Tile Map/39_18_layer_Tile Map_tile_39_18_source_1_atlas_0_0
101.826,landed,719.296325683594,314.933410644531,-60.0,0.0,land,surface_wood_impact_1.19351867675781
102.275,move_left_pressed,717.574096679688,314.933410644531,-33.3333320617676,0.0,Move_Left,pressed
102.759,move_right_pressed,704.407470703125,314.933410644531,33.3333320617676,0.0,Move_Right,pressed
102.759,jump_input_pressed,704.407470703125,314.933410644531,33.3333320617676,0.0,Jump,pressed
102.759,jump_executed,704.407470703125,314.933410644531,33.3333320617676,-500.0,jump,x_704.407470703125_y_314.933410644531
102.892,jump_input_released,705.769104003906,257.869689941406,0.0,-335.333251953125,Jump,released
102.992,jump_peak_reached,705.769104003906,253.078033447266,0.0,41.2037048339844,jump_peak,x_705.769104003906_y_253.078033447266
103.21,platform_landed,705.769104003906,314.985809326172,0.0,0.0,land_on_platform,platform_scene-1/Tile Map/39_18_layer_Tile Map_tile_39_18_source_1_atlas_0_0
103.21,landed,705.769104003906,314.985809326172,0.0,0.0,land,surface_wood_impact_1.04537048339844
103.676,jump_input_pressed,705.769104003906,314.985809326172,0.0,0.0,Jump,pressed
103.676,jump_executed,705.769104003906,314.985809326172,0.0,-500.0,jump,x_705.769104003906_y_314.985809326172
103.792,move_left_pressed,705.769104003906,263.812530517578,-15.0,-355.722137451172,Move_Left,pressed
104.109,jump_peak_reached,665.269104003906,208.103271484375,-180.0,39.8149261474609,jump_peak,x_665.269104003906_y_208.103271484375
104.175,jump_input_released,653.269104003906,214.461303710938,-180.0,187.963073730469,Jump,released
104.277,platform_landed,645.435791015625,242.984191894531,0.0,0.0,land_on_platform,platform_scene-1/Tile Map/35_14_layer_Tile Map_tile_35_14_source_1_atlas_2_0
104.277,landed,645.435791015625,242.984191894531,0.0,0.0,land,surface_wood_impact_0.82037066650391
104.359,move_right_pressed,645.435791015625,242.984191894531,33.3333320617676,0.0,Move_Right,pressed
104.817,move_left_pressed,658.602416992188,242.931793212891,-33.3333320617676,0.0,Move_Left,pressed
104.917,jump_input_pressed,652.213562011719,242.931793212891,0.0,0.0,Jump,pressed
104.917,jump_executed,652.213562011719,242.931793212891,0.0,-500.0,jump,x_652.213562011719_y_242.931793212891
105.258,move_left_pressed,652.213562011719,139.201858520508,-15.0,-75.3332214355469,Move_Left,pressed
105.342,jump_peak_reached,648.463562011719,136.096313476562,-90.0,39.8149261474609,jump_peak,x_648.463562011719_y_136.096313476562
105.476,jump_input_released,631.102478027344,158.688919067383,-13.3333311080933,336.111236572266,Jump,released
105.642,platform_landed,630.880249023438,242.979675292969,0.0,0.0,land_on_platform,platform_scene-1/Tile Map/34_14_layer_Tile Map_tile_34_14_source_1_atlas_1_0
105.642,landed,630.880249023438,242.979675292969,0.0,0.0,land,surface_wood_impact_1.41296337890625
105.692,move_right_pressed,630.880249023438,242.979675292969,33.3333320617676,0.0,Move_Right,pressed
106.125,move_left_pressed,644.048156738281,242.928176879883,-33.3333320617676,0.0,Move_Left,pressed
106.525,jump_input_pressed,637.659301757812,242.928176879883,0.0,0.0,Jump,pressed
106.525,jump_executed,637.659301757812,242.928176879883,0.0,-500.0,jump,x_637.659301757812_y_242.928176879883
106.659,move_left_pressed,637.659301757812,185.868988037109,-15.0,-335.333251953125,Move_Left,pressed
106.926,jump_input_released,606.159301757812,136.350448608398,-180.0,-16.6665554046631,Jump,released
106.958,jump_peak_reached,600.159301757812,136.142120361328,-180.0,41.2038154602051,jump_peak,x_600.159301757812_y_136.142120361328
107.125,platform_landed,592.325988769531,170.994857788086,0.0,0.0,land_on_platform,platform_scene-1/Tile Map/32_10_layer_Tile Map_tile_32_10_source_1_atlas_2_0
107.125,landed,592.325988769531,170.994857788086,0.0,0.0,land,surface_wood_impact_0.8231484375
107.225,move_right_pressed,592.325988769531,170.994857788086,33.3333320617676,0.0,Move_Right,pressed
107.875,jump_input_pressed,592.881530761719,170.994857788086,0.0,0.0,Jump,pressed
107.875,jump_executed,592.881530761719,170.994857788086,0.0,-500.0,jump,x_592.881530761719_y_170.994857788086
107.993,move_left_pressed,592.881530761719,119.813751220703,-15.0,-355.722137451172,Move_Left,pressed
108.309,jump_peak_reached,552.381530761719,64.1045227050781,-180.0,39.8149261474609,jump_peak,x_552.381530761719_y_64.1045227050781
108.41,jump_input_released,534.381530761719,77.3452758789062,-180.0,262.037139892578,Jump,released
108.41,platform_landed,531.381530761719,80.9336547851562,-180.0,0.0,land_on_platform,platform_scene-1/Tile Map/29_5_layer_Tile Map_tile_29_5_source_1_atlas_2_0
108.41,landed,531.381530761719,80.9336547851562,-180.0,0.0,land,surface_wood_impact_0.52407427978516
108.676,move_left_pressed,529.548217773438,80.9336547851562,-33.3333320617676,0.0,Move_Left,pressed
109.092,coin_collected,471.364898681641,137.403366088867,0.0,481.481536865234,collect_coin,coin_coin5_score_8
109.109,platform_landed,471.364898681641,152.989791870117,0.0,0.0,land_on_platform,platform_scene-1/Tile Map/26_9_layer_Tile Map_tile_26_9_source_1_atlas_3_0
109.109,landed,471.364898681641,152.989791870117,0.0,0.0,land,surface_wood_impact_1.11111120605469
109.558,move_left_pressed,471.364898681641,152.989791870117,-33.3333320617676,0.0,Move_Left,pressed
110.075,jump_input_pressed,455.1982421875,152.932525634766,0.0,0.0,Jump,pressed
110.075,jump_executed,455.1982421875,152.932525634766,0.0,-500.0,jump,x_455.1982421875_y_152.932525634766
110.176,jump_input_released,455.1982421875,108.081588745117,0.0,-376.166595458984,Jump,released
110.275,jump_peak_reached,455.1982421875,103.289924621582,0.0,41.2037048339844,jump_peak,x_455.1982421875_y_103.289924621582
110.476,platform_landed,455.1982421875,152.966995239258,0.0,0.0,land_on_platform,platform_scene-1/Tile Map/25_9_layer_Tile Map_tile_25_9_source_1_atlas_2_0
110.476,landed,455.1982421875,152.966995239258,0.0,0.0,land,surface_wood_impact_0.97129644775391
110.542,move_right_pressed,455.1982421875,152.966995239258,33.3333320617676,0.0,Move_Right,pressed
110.925,jump_input_pressed,468.364898681641,152.966995239258,0.0,0.0,Jump,pressed
110.925,jump_executed,468.364898681641,152.966995239258,0.0,-500.0,jump,x_468.364898681641_y_152.966995239258
111.11,move_right_pressed,468.364898681641,80.0945816040039,15.0,-274.499877929688,Move_Right,pressed
111.358,jump_peak_reached,496.864898681641,46.1001663208008,180.0,39.8149261474609,jump_peak,x_496.864898681641_y_46.1001663208008
111.442,jump_input_released,511.864898681641,55.5909156799316,180.0,225.000106811523,Jump,released
111.525,platform_landed,519.6982421875,80.9811019897461,0.0,0.0,land_on_platform,platform_scene-1/Tile Map/28_5_layer_Tile Map_tile_28_5_source_1_atlas_1_0
111.525,landed,519.6982421875,80.9811019897461,0.0,0.0,land,surface_wood_impact_0.82037066650391
112.009,move_right_pressed,519.6982421875,80.9811019897461,33.3333320617676,0.0,Move_Right,pressed
112.46,move_left_pressed,544.864868164062,80.9811019897461,-33.3333320617676,0.0,Move_Left,pressed
112.858,move_left_pressed,531.6982421875,80.931396484375,-33.3333320617676,0.0,Move_Left,pressed
113.91,move_right_pressed,525.309387207031,80.931396484375,33.3333320617676,0.0,Move_Right,pressed
114.059,jump_input_pressed,545.642700195312,80.931396484375,180.0,0.0,Jump,pressed
114.059,jump_executed,545.642700195312,80.931396484375,180.0,-500.0,jump,x_545.642700195312_y_80.931396484375
114.492,jump_peak_reached,623.644775390625,-25.9029712677002,180.0,39.8149261474609,jump_peak,x_623.644775390625_y_-25.9029712677002
114.509,jump_input_released,626.644775390625,-25.2393894195557,180.0,76.8519668579102,Jump,released
114.725,platform_landed,634.478088378906,44.9761505126953,0.0,0.0,land_on_platform,platform_scene-1/Tile Map/35_3_layer_Tile Map_tile_35_3_source_1_atlas_13_0
114.726,landed,634.478088378906,44.9761505126953,0.0,0.0,land,surface_wood_impact_1.1166669921875
114.769,move_left_pressed,634.478088378906,44.9761505126953,-33.3333320617676,0.0,Move_Left,pressed
115.117,move_right_pressed,632.811462402344,44.9761505126953,33.3333320617676,0.0,Move_Right,pressed
115.251,jump_input_pressed,639.200317382812,44.9761505126953,0.0,0.0,Jump,pressed
115.251,jump_executed,639.200317382812,44.9761505126953,0.0,-500.0,jump,x_639.200317382812_y_44.9761505126953
115.552,move_right_pressed,639.200317382812,-52.9997711181641,15.0,-134.499893188477,Move_Right,pressed
115.684,jump_peak_reached,648.200317382812,-61.8979034423828,135.0,39.8149261474609,jump_peak,x_648.200317382812_y_-61.8979034423828
115.684,jump_input_released,648.200317382812,-61.8979034423828,135.0,39.8149261474609,Jump,released
115.852,platform_landed,678.311401367188,-27.0669479370117,96.6666641235352,0.0,land_on_platform,platform_scene-1/Tile Map/37_-1_layer_Tile Map_tile_37_-1_source_1_atlas_15_7
115.852,landed,678.311401367188,-27.0669479370117,96.6666641235352,0.0,land,surface_wood_impact_0.82037066650391
115.976,move_left_pressed,678.533630371094,-27.0669479370117,-33.3333320617676,0.0,Move_Left,pressed
116.377,jump_input_pressed,662.367004394531,-27.0748271942139,0.0,0.0,Jump,pressed
116.377,jump_executed,662.367004394531,-27.0748271942139,0.0,-500.0,jump,x_662.367004394531_y_-27.0748271942139
116.509,move_left_pressed,662.367004394531,-84.1314010620117,-15.0,-335.333251953125,Move_Left,pressed
116.81,jump_peak_reached,624.867004394531,-133.904510498047,-180.0,39.8149261474609,jump_peak,x_624.867004394531_y_-133.904510498047
116.926,jump_input_released,603.867004394531,-116.296463012695,-180.0,299.074188232422,Jump,released
117.042,platform_landed,587.03369140625,-63.0253791809082,0.0,0.0,land_on_platform,platform_scene-1/Tile Map/32_-3_layer_Tile Map_tile_32_-3_source_1_atlas_3_0
117.042,landed,587.03369140625,-63.0253791809082,0.0,0.0,land,surface_wood_impact_1.1166669921875
117.426,jump_input_pressed,587.03369140625,-63.0253791809082,0.0,0.0,Jump,pressed
117.426,jump_executed,587.03369140625,-63.0253791809082,0.0,-500.0,jump,x_587.03369140625_y_-63.0253791809082
117.567,jump_input_released,587.03369140625,-120.125007629395,0.0,-335.333251953125,Jump,released
117.658,jump_peak_reached,587.03369140625,-124.91667175293,0.0,41.2037048339844,jump_peak,x_587.03369140625_y_-124.91667175293
117.876,platform_landed,587.03369140625,-63.0089340209961,0.0,0.0,land_on_platform,platform_scene-1/Tile Map/32_-3_layer_Tile Map_tile_32_-3_source_1_atlas_3_0
117.876,landed,587.03369140625,-63.0089340209961,0.0,0.0,land,surface_wood_impact_1.04537048339844
117.925,move_left_pressed,587.03369140625,-63.0089340209961,-33.3333320617676,0.0,Move_Left,pressed
118.258,move_left_pressed,573.867065429688,-63.0089340209961,-33.3333320617676,0.0,Move_Left,pressed
118.777,jump_input_pressed,567.478210449219,-63.0089340209961,0.0,0.0,Jump,pressed
118.777,jump_executed,567.478210449219,-63.0089340209961,0.0,-500.0,jump,x_567.478210449219_y_-63.0089340209961
118.892,move_left_pressed,567.478210449219,-114.18675994873,-15.0,-355.722137451172,Move_Left,pressed
119.209,jump_peak_reached,526.978210449219,-169.896026611328,-180.0,39.8149261474609,jump_peak,x_526.978210449219_y_-169.896026611328
119.276,jump_input_released,514.978210449219,-163.537994384766,-180.0,187.963073730469,Jump,released
119.393,coin_collected,507.144866943359,-128.646011352539,0.0,410.185333251953,collect_coin,coin_coin9_score_10
119.409,platform_landed,507.144866943359,-117.030700683594,0.0,0.0,land_on_platform,platform_scene-1/Tile Map/28_-6_layer_Tile Map_tile_28_-6_source_1_atlas_3_0
119.409,landed,507.144866943359,-117.030700683594,0.0,0.0,land,surface_wood_impact_0.96851885986328
119.875,jump_input_pressed,507.144866943359,-117.030700683594,0.0,0.0,Jump,pressed
119.875,jump_executed,507.144866943359,-117.030700683594,0.0,-500.0,jump,x_507.144866943359_y_-117.030700683594
120.011,move_right_pressed,507.144866943359,-174.125671386719,15.0,-335.333251953125,Move_Right,pressed
120.092,jump_input_released,510.894866943359,-198.741424560547,90.0,-234.222106933594,Jump,released
120.192,jump_peak_reached,516.755920410156,-203.533096313477,0.0,41.2037048339844,jump_peak,x_516.755920410156_y_-203.533096313477
120.459,platform_landed,515.591491699219,-117.037155151367,0.0,0.0,land_on_platform,platform_scene-1/Tile Map/28_-6_layer_Tile Map_tile_28_-6_source_1_atlas_3_0
120.459,landed,515.591491699219,-117.037155151367,0.0,0.0,land,surface_wood_impact_1.2675927734375
120.843,jump_input_pressed,515.591491699219,-117.037155151367,0.0,0.0,Jump,pressed
120.843,jump_executed,515.591491699219,-117.037155151367,0.0,-500.0,jump,x_515.591491699219_y_-117.037155151367
121.042,move_left_pressed,515.591491699219,-194.491317749023,-15.0,-254.333206176758,Move_Left,pressed
121.275,jump_peak_reached,490.091491699219,-223.899658203125,-180.0,39.8149261474609,jump_peak,x_490.091491699219_y_-223.899658203125
121.376,jump_input_released,472.091491699219,-210.658905029297,-180.0,262.037139892578,Jump,released
121.377,platform_landed,469.092376708984,-207.068435668945,-180.0,0.0,land_on_platform,platform_scene-1/Tile Map/26_-11_layer_Tile Map_tile_26_-11_source_1_atlas_3_0
121.377,landed,469.092376708984,-207.068435668945,-180.0,0.0,land,surface_wood_impact_0.52407427978516
121.876,jump_input_pressed,464.259033203125,-207.07502746582,0.0,0.0,Jump,pressed
121.877,jump_executed,464.259033203125,-207.07502746582,0.0,-500.0,jump,x_464.259033203125_y_-207.07502746582
122.043,move_left_pressed,464.259033203125,-274.987884521484,-15.0,-294.722106933594,Move_Left,pressed
122.309,jump_peak_reached,432.759033203125,-313.904510498047,-180.0,39.8149261474609,jump_peak,x_432.759033203125_y_-313.904510498047
122.359,jump_input_released,423.759033203125,-310.061920166016,-180.0,150.926040649414,Jump,released
122.41,platform_landed,418.925689697266,-297.004455566406,0.0,0.0,land_on_platform,platform_scene-1/Tile Map/23_-16_layer_Tile Map_tile_23_-16_source_1_atlas_2_0
122.41,landed,418.925689697266,-297.004455566406,0.0,0.0,land,surface_wood_impact_0.52407427978516
122.659,move_right_pressed,418.925689697266,-297.004455566406,33.3333320617676,0.0,Move_Right,pressed
123.093,jump_input_pressed,438.092346191406,-297.066711425781,0.0,0.0,Jump,pressed
123.094,jump_executed,438.092346191406,-297.066711425781,0.0,-500.0,jump,x_438.092346191406_y_-297.066711425781
123.225,move_right_pressed,438.092346191406,-354.13037109375,15.0,-335.333251953125,Move_Right,pressed
123.525,jump_peak_reached,475.592346191406,-403.903472900391,180.0,39.8149261474609,jump_peak,x_475.592346191406_y_-403.903472900391
123.592,jump_input_released,487.592346191406,-397.545440673828,180.0,187.963073730469,Jump,released
123.726,platform_landed,498.425689697266,-351.006591796875,0.0,0.0,land_on_platform,platform_scene-1/Tile Map/27_-19_layer_Tile Map_tile_27_-19_source_1_atlas_13_0
123.726,landed,498.425689697266,-351.006591796875,0.0,0.0,land,surface_wood_impact_0.96851885986328
123.959,move_right_pressed,498.425689697266,-351.006591796875,33.3333320617676,0.0,Move_Right,pressed
124.477,move_right_pressed,532.592346191406,-351.006591796875,33.3333320617676,0.0,Move_Right,pressed
125.068,jump_input_pressed,548.758972167969,-351.066986083984,0.0,0.0,Jump,pressed
125.068,jump_executed,548.758972167969,-351.066986083984,0.0,-500.0,jump,x_548.758972167969_y_-351.066986083984
125.167,move_right_pressed,548.758972167969,-395.918365478516,15.0,-376.166595458984,Move_Right,pressed
125.501,jump_peak_reached,592.258972167969,-457.903503417969,180.0,39.8149261474609,jump_peak,x_592.258972167969_y_-457.903503417969
125.584,jump_input_released,607.258972167969,-448.412750244141,180.0,225.000106811523,Jump,released
125.651,coin_collected,615.09228515625,-429.709045410156,13.3333311080933,336.111236572266,collect_coin,coin_coin11_score_12
125.667,platform_landed,615.09228515625,-419.964874267578,0.0,0.0,land_on_platform,platform_scene-1/Tile Map/34_-23_layer_Tile Map_tile_34_-23_source_1_atlas_17_3
125.667,landed,615.09228515625,-419.964874267578,0.0,0.0,land,surface_wood_impact_0.82037066650391
126.025,move_right_pressed,615.09228515625,-419.964874267578,33.3333320617676,0.0,Move_Right,pressed
126.726,move_right_pressed,628.253540039062,-420.063903808594,33.3333320617676,0.0,Move_Right,pressed
127.309,move_left_pressed,637.978515625,-419.998962402344,-33.3333320617676,0.0,Move_Left,pressed
127.426,jump_input_pressed,623.646057128906,-420.05517578125,-180.0,0.0,Jump,pressed
127.427,jump_executed,623.646057128906,-420.05517578125,-180.0,-500.0,jump,x_623.646057128906_y_-420.05517578125
127.859,jump_peak_reached,545.641296386719,-526.89697265625,-180.0,39.8149261474609,jump_peak,x_545.641296386719_y_-526.89697265625
127.925,jump_input_released,533.641296386719,-520.538940429688,-180.0,187.963073730469,Jump,released
128.126,platform_landed,525.807983398438,-438.047180175781,0.0,0.0,land_on_platform,platform_scene-1/Tile Map/29_-24_layer_Tile Map_tile_29_-24_source_1_atlas_14_6
128.126,landed,525.807983398438,-438.047180175781,0.0,0.0,land,surface_wood_impact_1.26481518554687
128.259,move_left_pressed,525.807983398438,-438.047180175781,-33.3333320617676,0.0,Move_Left,pressed
128.543,move_left_pressed,503.641082763672,-438.047882080078,-33.3333320617676,0.0,Move_Left,pressed
132.277,move_left_pressed,-63.925106048584,-438.058288574219,-33.3333320617676,0.0,Move_Left,pressed
132.543,move_right_pressed,-63.925106048584,-438.058288574219,33.3333320617676,0.0,Move_Right,pressed
132.625,jump_input_pressed,-55.591682434082,-438.048370361328,180.0,0.0,Jump,pressed
132.625,jump_executed,-55.591682434082,-438.048370361328,180.0,-500.0,jump,x_-55.591682434082_y_-438.048370361328
133.059,jump_peak_reached,-32.7557716369629,-544.884155273438,15.0,39.8149261474609,jump_peak,x_-32.7557716369629_y_-544.884155273438
133.06,move_right_pressed,-32.7557716369629,-544.884155273438,15.0,39.8149261474609,Move_Right,pressed
133.175,jump_input_released,-25.7557716369629,-527.276123046875,120.0,299.074188232422,Jump,released
133.359,platform_landed,7.75835609436035,-438.059387207031,180.0,0.0,land_on_platform,platform_scene-1/Tile Map/0_-24_layer_Tile Map_tile_0_-24_source_1_atlas_13_6
133.36,landed,7.75835609436035,-438.059387207031,180.0,0.0,land,surface_wood_impact_1.41296337890625
133.511,jump_input_pressed,27.5917568206787,-438.059387207031,0.0,0.0,Jump,pressed
133.511,jump_executed,27.5917568206787,-438.059387207031,0.0,-500.0,jump,x_27.5917568206787_y_-438.059387207031
133.525,move_right_pressed,27.5917568206787,-446.399505615234,15.0,-479.222198486328,Move_Right,pressed
133.559,jump_input_released,28.3417568206787,-462.032836914062,45.0,-437.833282470703,Jump,released
133.659,jump_peak_reached,36.5917587280273,-466.824493408203,135.0,41.2037048339844,jump_peak,x_36.5917587280273_y_-466.824493408203
133.809,platform_landed,65.0989532470703,-438.054656982422,180.0,0.0,land_on_platform,platform_scene-1/Tile Map/3_-24_layer_Tile Map_tile_3_-24_source_1_atlas_13_6
133.809,landed,65.0989532470703,-438.054656982422,180.0,0.0,land,surface_wood_impact_0.74907415771484
133.925,jump_input_pressed,83.0990142822266,-438.054656982422,180.0,0.0,Jump,pressed
133.925,jump_executed,83.0990142822266,-438.054656982422,180.0,-500.0,jump,x_83.0990142822266_y_-438.054656982422
134.359,jump_peak_reached,161.101684570312,-544.890686035156,180.0,39.8149261474609,jump_peak,x_161.101684570312_y_-544.890686035156
134.543,jump_input_released,194.101684570312,-503.640655517578,180.0,447.222381591797,Jump,released
134.659,platform_landed,198.935028076172,-438.007293701172,0.0,0.0,land_on_platform,platform_scene-1/Tile Map/11_-24_layer_Tile Map_tile_11_-24_source_1_atlas_13_6
134.659,landed,198.935028076172,-438.007293701172,0.0,0.0,land,surface_wood_impact_1.41296337890625
134.71,move_right_pressed,198.935028076172,-438.007293701172,33.3333320617676,0.0,Move_Right,pressed
134.876,jump_input_pressed,222.26936340332,-438.049957275391,180.0,0.0,Jump,pressed
134.876,jump_executed,222.26936340332,-438.049957275391,180.0,-500.0,jump,x_222.26936340332_y_-438.049957275391
135.176,jump_input_released,242.108337402344,-535.99609375,0.0,-134.499893188477,Jump,released
135.275,jump_peak_reached,242.108337402344,-540.787780761719,0.0,41.2037048339844,jump_peak,x_242.108337402344_y_-540.787780761719
135.275,jump_input_pressed,242.108337402344,-540.787780761719,0.0,41.2037048339844,Jump,pressed
135.31,jump_input_released,242.108337402344,-538.797058105469,0.0,115.277786254883,Jump,released
135.377,jump_input_pressed,242.108337402344,-527.408142089844,0.0,263.425933837891,Jump,pressed
135.526,move_right_pressed,242.108337402344,-465.672027587891,15.0,596.759338378906,Move_Right,pressed
135.559,platform_landed,243.613342285156,-438.056854248047,45.0,0.0,land_on_platform,platform_scene-1/Tile Map/13_-24_layer_Tile Map_tile_13_-24_source_1_atlas_13_6
135.56,landed,243.613342285156,-438.056854248047,45.0,0.0,land,surface_wood_impact_1.34166687011719
135.642,jump_input_released,252.168914794922,-438.056854248047,180.0,0.0,Jump,released
135.844,jump_input_pressed,260.002288818359,-438.056854248047,0.0,0.0,Jump,pressed
135.844,jump_executed,260.002288818359,-438.056854248047,0.0,-500.0,jump,x_260.002288818359_y_-438.056854248047
136.068,jump_input_released,260.002288818359,-519.737915039062,0.0,-234.222106933594,Jump,released
136.126,jump_input_pressed,260.002288818359,-524.3212890625,0.0,-16.6666660308838,Jump,pressed
136.159,jump_peak_reached,260.002288818359,-524.529602050781,0.0,41.2037048339844,jump_peak,x_260.002288818359_y_-524.529602050781
136.226,move_right_pressed,260.002288818359,-518.078979492188,15.0,189.351852416992,Move_Right,pressed
136.426,platform_landed,282.515014648438,-438.053009033203,180.0,0.0,land_on_platform,platform_scene-1/Tile Map/15_-24_layer_Tile Map_tile_15_-24_source_1_atlas_13_6
136.426,landed,282.515014648438,-438.053009033203,180.0,0.0,land,surface_wood_impact_1.2675927734375
136.458,jump_input_released,284.126129150391,-438.053009033203,13.3333311080933,0.0,Jump,released
136.525,move_right_pressed,284.348358154297,-438.053009033203,33.3333320617676,0.0,Move_Right,pressed
137.677,jump_input_pressed,484.681671142578,-438.053009033203,180.0,0.0,Jump,pressed
137.677,jump_executed,484.681671142578,-438.053009033203,180.0,-500.0,jump,x_484.681671142578_y_-438.053009033203
137.835,jump_input_released,495.516204833984,-500.709106445312,0.0,-314.999908447266,Jump,released
137.925,jump_peak_reached,495.516204833984,-505.500762939453,0.0,41.2037048339844,jump_peak,x_495.516204833984_y_-505.500762939453
138.126,move_left_pressed,495.516204833984,-456.519256591797,-15.0,485.648223876953,Move_Left,pressed
138.159,platform_landed,494.024688720703,-438.059265136719,-45.0,0.0,land_on_platform,platform_scene-1/Tile Map/27_-24_layer_Tile Map_tile_27_-24_source_1_atlas_13_6
138.159,landed,494.024688720703,-438.059265136719,-45.0,0.0,land,surface_wood_impact_1.11944458007812
138.492,move_right_pressed,487.413604736328,-438.059265136719,33.3333320617676,0.0,Move_Right,pressed
138.743,jump_input_pressed,525.746704101562,-438.088745117188,180.0,0.0,Jump,pressed
138.743,jump_executed,525.746704101562,-438.088745117188,180.0,-500.0,jump,x_525.746704101562_y_-438.088745117188
139.027,move_right_pressed,542.581481933594,-533.434509277344,15.0,-154.333221435547,Move_Right,pressed
139.176,jump_peak_reached,553.831481933594,-544.921508789062,150.0,39.8149261474609,jump_peak,x_553.831481933594_y_-544.921508789062
139.425,jump_input_released,598.081481933594,-470.152954101562,180.0,595.370544433594,Jump,released
139.743,platform_landed,605.914794921875,-171.031127929688,0.0,0.0,land_on_platform,platform_scene-1/Tile Map/33_-9_layer_Tile Map_tile_33_-9_source_1_atlas_1_0
139.743,landed,605.914794921875,-171.031127929688,0.0,0.0,land,surface_wood_impact_2.59814794921875
140.411,jump_input_pressed,605.914794921875,-171.031127929688,0.0,0.0,Jump,pressed
140.411,jump_executed,605.914794921875,-171.031127929688,0.0,-500.0,jump,x_605.914794921875_y_-171.031127929688
140.675,move_left_pressed,605.914794921875,-263.492401123047,-15.0,-174.222106933594,Move_Left,pressed
140.842,jump_peak_reached,592.164794921875,-277.898864746094,-165.0,39.8149261474609,jump_peak,x_592.164794921875_y_-277.898864746094
140.91,jump_input_released,580.414794921875,-271.540832519531,-180.0,187.963073730469,Jump,released
140.968,platform_landed,568.422546386719,-258.03466796875,-180.0,0.0,land_on_platform,platform_scene-1/Tile Map/31_-14_layer_Tile Map_tile_31_-14_source_1_atlas_18_3
140.968,landed,568.422546386719,-258.03466796875,-180.0,0.0,land,surface_wood_impact_0.59814837646484
141.292,move_right_pressed,557.589294433594,-258.03466796875,33.3333320617676,0.0,Move_Right,pressed
141.443,jump_input_pressed,577.913330078125,-258.074493408203,180.0,0.0,Jump,pressed
141.443,jump_executed,577.913330078125,-258.074493408203,180.0,-500.0,jump,x_577.913330078125_y_-258.074493408203
141.843,jump_input_released,649.922729492188,-364.674591064453,180.0,-16.6665554046631,Jump,released
141.876,jump_peak_reached,654.533813476562,-364.882904052734,13.3333311080933,41.2038154602051,jump_peak,x_654.533813476562_y_-364.882904052734
141.976,platform_landed,654.756042480469,-348.030364990234,0.0,0.0,land_on_platform,platform_scene-1/Tile Map/36_-19_layer_Tile Map_tile_36_-19_source_1_atlas_17_3
141.976,landed,654.756042480469,-348.030364990234,0.0,0.0,land,surface_wood_impact_0.52685205078125
142.176,move_right_pressed,654.756042480469,-348.030364990234,33.3333320617676,0.0,Move_Right,pressed
142.642,move_left_pressed,676.923706054688,-348.032989501953,-33.3333320617676,0.0,Move_Left,pressed
142.992,jump_input_pressed,667.201904296875,-348.098175048828,0.0,0.0,Jump,pressed
142.992,jump_executed,667.201904296875,-348.098175048828,0.0,-500.0,jump,x_667.201904296875_y_-348.098175048828
143.126,move_left_pressed,667.201904296875,-405.167022705078,-15.0,-335.333251953125,Move_Left,pressed
143.426,jump_peak_reached,629.701904296875,-454.940124511719,-180.0,39.8149261474609,jump_peak,x_629.701904296875_y_-454.940124511719
143.427,jump_input_released,629.701904296875,-454.940124511719,-180.0,39.8149261474609,Jump,released
143.568,move_right_pressed,618.868591308594,-432.347534179688,15.0,336.111236572266,Move_Right,pressed
143.593,platform_landed,620.382629394531,-420.070495605469,45.0,0.0,land_on_platform,platform_scene-1/Tile Map/34_-23_layer_Tile Map_tile_34_-23_source_1_atlas_17_3
143.593,landed,620.382629394531,-420.070495605469,45.0,0.0,land,surface_wood_impact_0.82037066650391
144.009,jump_input_pressed,636.773193359375,-420.064849853516,0.0,0.0,Jump,pressed
144.009,jump_executed,636.773193359375,-420.064849853516,0.0,-500.0,jump,x_636.773193359375_y_-420.064849853516
144.075,move_right_pressed,636.773193359375,-451.340209960938,15.0,-417.22216796875,Move_Right,pressed
144.442,jump_peak_reached,686.273193359375,-526.900329589844,180.0,39.8149261474609,jump_peak,x_686.273193359375_y_-526.900329589844
144.493,jump_input_released,695.273193359375,-523.057739257812,180.0,150.926040649414,Jump,released
144.593,platform_landed,703.106506347656,-495.013275146484,0.0,0.0,land_on_platform,platform_scene-1/Tile Map/39_-27_layer_Tile Map_tile_39_-27_source_1_atlas_2_0
144.593,landed,703.106506347656,-495.013275146484,0.0,0.0,land,surface_wood_impact_0.74629656982422
144.66,move_left_pressed,703.106506347656,-495.013275146484,-33.3333320617676,0.0,Move_Left,pressed
144.926,move_right_pressed,693.382751464844,-495.071380615234,33.3333320617676,0.0,Move_Right,pressed
145.111,jump_input_pressed,719.716064453125,-495.071380615234,180.0,0.0,Jump,pressed
145.111,jump_executed,719.716064453125,-495.071380615234,180.0,-500.0,jump,x_719.716064453125_y_-495.071380615234
145.543,jump_peak_reached,769.425231933594,-601.903503417969,180.0,39.8149261474609,jump_peak,x_769.425231933594_y_-601.903503417969
145.643,platform_landed,790.425231933594,-585.066345214844,180.0,0.0,land_on_platform,platform_scene-1/Tile Map/43_-32_layer_Tile Map_tile_43_-32_source_1_atlas_2_0
145.643,landed,790.425231933594,-585.066345214844,180.0,0.0,land,surface_wood_impact_0.52407427978516
145.709,jump_input_released,799.425231933594,-585.066345214844,180.0,0.0,Jump,released
146.01,move_left_pressed,846.290649414062,-535.957275390625,-15.0,481.481536865234,Move_Left,pressed
146.093,coin_collected,842.540649414062,-489.660949707031,-75.0,629.629699707031,collect_coin,coin_coin16_score_14
146.11,platform_landed,840.997680664062,-474.014251708984,0.0,0.0,land_on_platform,platform_scene-1/Tile Map/46_-26_layer_Tile Map_tile_46_-26_source_1_atlas_13_6
146.11,landed,840.997680664062,-474.014251708984,0.0,0.0,land,surface_wood_impact_1.40740759277344
146.392,move_right_pressed,840.997680664062,-474.014251708984,33.3333320617676,0.0,Move_Right,pressed
146.576,coin_collected,867.32958984375,-474.050018310547,180.0,0.0,collect_coin,coin_coin17_score_16
146.758,jump_input_pressed,900.32958984375,-474.050018310547,180.0,0.0,Jump,pressed
146.758,jump_executed,900.32958984375,-474.050018310547,180.0,-500.0,jump,x_900.32958984375_y_-474.050018310547
146.775,coin_collected,903.3310546875,-482.388336181641,180.0,-500.055541992188,collect_coin,coin_coin18_score_18
146.909,move_right_pressed,905.164367675781,-536.706848144531,15.0,-314.999908447266,Move_Right,pressed
147.026,jump_input_released,912.164367675781,-566.476318359375,120.0,-174.222106933594,Jump,released
147.125,jump_peak_reached,927.664367675781,-571.268005371094,180.0,41.2037048339844,jump_peak,x_927.664367675781_y_-571.268005371094
147.393,coin_collected,932.497680664062,-486.206268310547,0.0,596.759338378906,collect_coin,coin_coin19_score_20
147.41,platform_landed,932.497680664062,-474.027069091797,0.0,0.0,land_on_platform,platform_scene-1/Tile Map/51_-26_layer_Tile Map_tile_51_-26_source_1_atlas_13_6
147.41,landed,932.497680664062,-474.027069091797,0.0,0.0,land,surface_wood_impact_1.34166687011719
147.776,move_left_pressed,932.497680664062,-474.027069091797,-33.3333320617676,0.0,Move_Left,pressed
148.109,jump_input_pressed,879.164367675781,-474.027069091797,-180.0,0.0,Jump,pressed
148.109,jump_executed,879.164367675781,-474.027069091797,-180.0,-500.0,jump,x_879.164367675781_y_-474.027069091797
148.326,move_left_pressed,874.322143554688,-555.72314453125,-15.0,-234.222106933594,Move_Left,pressed
148.542,jump_peak_reached,851.822143554688,-580.880493164062,-180.0,39.8149261474609,jump_peak,x_851.822143554688_y_-580.880493164062
148.625,jump_input_released,836.822143554688,-571.389770507812,-180.0,225.000106811523,Jump,released
148.726,move_right_pressed,831.988830566406,-539.630493164062,15.0,447.222381591797,Move_Right,pressed
148.843,platform_landed,841.004089355469,-474.052673339844,120.0,0.0,land_on_platform,platform_scene-1/Tile Map/46_-26_layer_Tile Map_tile_46_-26_source_1_atlas_13_6
148.843,landed,841.004089355469,-474.052673339844,120.0,0.0,land,surface_wood_impact_1.41296337890625
149.109,move_left_pressed,844.726318359375,-474.052673339844,-33.3333320617676,0.0,Move_Left,pressed
149.309,jump_input_pressed,815.924072265625,-474.97509765625,-180.0,0.0,Jump,pressed
149.309,jump_executed,815.924072265625,-474.97509765625,-180.0,-500.0,jump,x_815.924072265625_y_-474.97509765625
149.526,jump_peak_reached,776.901672363281,-550.314331054688,-180.0,74.0740737915039,jump_peak,x_776.901672363281_y_-550.314331054688
149.726,platform_landed,740.377685546875,-494.952880859375,-180.0,0.0,land_on_platform,platform_scene-1/Tile Map/40_-27_layer_Tile Map_tile_40_-27_source_1_atlas_3_0
149.726,landed,740.377685546875,-494.952880859375,-180.0,0.0,land,surface_wood_impact_1.037037109375
149.893,jump_input_released,713.385314941406,-495.017517089844,-96.6666641235352,0.0,Jump,released
150.269,move_right_pressed,711.552001953125,-495.017517089844,33.3333320617676,0.0,Move_Right,pressed
150.61,jump_input_pressed,727.718627929688,-495.017517089844,0.0,0.0,Jump,pressed
150.61,jump_executed,727.718627929688,-495.017517089844,0.0,-500.0,jump,x_727.718627929688_y_-495.017517089844
150.726,move_right_pressed,727.718627929688,-546.187805175781,15.0,-355.722137451172,Move_Right,pressed
151.042,jump_peak_reached,768.218627929688,-601.897033691406,180.0,39.8149261474609,jump_peak,x_768.218627929688_y_-601.897033691406
151.059,jump_input_released,771.218627929688,-601.233459472656,180.0,76.8519668579102,Jump,released
151.142,platform_landed,776.051940917969,-585.022583007812,0.0,0.0,land_on_platform,platform_scene-1/Tile Map/43_-32_layer_Tile Map_tile_43_-32_source_1_atlas_2_0
151.143,landed,776.051940917969,-585.022583007812,0.0,0.0,land,surface_wood_impact_0.52407427978516
151.359,jump_input_pressed,776.051940917969,-585.022583007812,0.0,0.0,Jump,pressed
151.359,jump_executed,776.051940917969,-585.022583007812,0.0,-500.0,jump,x_776.051940917969_y_-585.022583007812
151.393,move_left_pressed,776.051940917969,-601.392211914062,-15.0,-458.499969482422,Move_Left,pressed
151.659,jump_input_released,744.551940917969,-682.999572753906,-180.0,-134.499893188477,Jump,released
151.726,move_right_pressed,736.718627929688,-687.582946777344,1.66666889190674,-16.6666660308838,Move_Right,pressed
151.759,jump_peak_reached,737.024169921875,-687.791259765625,31.6666679382324,41.2037048339844,jump_peak,x_737.024169921875_y_-687.791259765625
151.793,move_left_pressed,738.329711914062,-685.800537109375,0.0,115.277786254883,Move_Left,pressed
152.035,jump_input_pressed,721.829711914062,-602.7294921875,-180.0,633.79638671875,Jump,pressed
152.16,platform_landed,694.829711914062,-495.066314697266,-180.0,0.0,land_on_platform,platform_scene-1/Tile Map/38_-27_layer_Tile Map_tile_38_-27_source_1_atlas_1_0
152.16,landed,694.829711914062,-495.066314697266,-180.0,0.0,land,surface_wood_impact_1.860185546875
152.176,jump_executed,694.829711914062,-495.066314697266,-180.0,-500.0,jump,x_694.829711914062_y_-495.066314697266
152.226,jump_input_released,689.993713378906,-519.041381835938,0.0,-437.833282470703,Jump,released
152.325,jump_peak_reached,689.993713378906,-523.833068847656,0.0,41.2037048339844,jump_peak,x_689.993713378906_y_-523.833068847656
152.368,move_right_pressed,689.993713378906,-521.842346191406,15.0,115.277786254883,Move_Right,pressed
152.476,platform_landed,695.354797363281,-495.003509521484,0.0,0.0,land_on_platform,platform_scene-1/Tile Map/38_-27_layer_Tile Map_tile_38_-27_source_1_atlas_1_0
152.476,landed,695.354797363281,-495.003509521484,0.0,0.0,land,surface_wood_impact_0.74907415771484
152.776,move_right_pressed,695.354797363281,-495.003509521484,33.3333320617676,0.0,Move_Right,pressed
153.076,move_right_pressed,711.521423339844,-495.066589355469,33.3333320617676,0.0,Move_Right,pressed
153.142,jump_input_pressed,715.132507324219,-495.066589355469,0.0,0.0,Jump,pressed
153.143,jump_executed,715.132507324219,-495.066589355469,0.0,-500.0,jump,x_715.132507324219_y_-495.066589355469
153.26,move_right_pressed,715.132507324219,-546.194152832031,15.0,-355.722137451172,Move_Right,pressed
153.576,jump_peak_reached,755.632507324219,-601.903381347656,180.0,39.8149261474609,jump_peak,x_755.632507324219_y_-601.903381347656
153.643,jump_input_released,767.632507324219,-595.545349121094,180.0,187.963073730469,Jump,released
153.677,platform_landed,772.4658203125,-585.066345214844,13.3333311080933,0.0,land_on_platform,platform_scene-1/Tile Map/42_-32_layer_Tile Map_tile_42_-32_source_1_atlas_1_0
153.677,landed,772.4658203125,-585.066345214844,13.3333311080933,0.0,land,surface_wood_impact_0.52407427978516
154.026,jump_input_pressed,772.4658203125,-585.066345214844,0.0,0.0,Jump,pressed
154.026,jump_executed,772.4658203125,-585.066345214844,0.0,-500.0,jump,x_772.4658203125_y_-585.066345214844
154.126,move_left_pressed,772.4658203125,-629.918273925781,-15.0,-376.166595458984,Move_Left,pressed
154.459,jump_peak_reached,728.9658203125,-691.903442382812,-180.0,39.8149261474609,jump_peak,x_728.9658203125_y_-691.903442382812
154.576,jump_input_released,707.9658203125,-674.29541015625,-180.0,299.074188232422,Jump,released
154.726,platform_landed,697.132507324219,-603.012451171875,0.0,0.0,land_on_platform,platform_scene-1/Tile Map/38_-33_layer_Tile Map_tile_38_-33_source_1_atlas_0_0
154.726,landed,697.132507324219,-603.012451171875,0.0,0.0,land,surface_wood_impact_1.26481518554687
154.944,jump_input_pressed,697.132507324219,-603.012451171875,0.0,0.0,Jump,pressed
154.944,jump_executed,697.132507324219,-603.012451171875,0.0,-500.0,jump,x_697.132507324219_y_-603.012451171875
154.959,move_left_pressed,697.132507324219,-611.402099609375,-15.0,-479.222198486328,Move_Left,pressed
155.026,jump_input_released,694.632507324219,-641.294677734375,-75.0,-396.666595458984,Jump,released
155.125,jump_peak_reached,683.382507324219,-646.086364746094,-165.0,41.2037048339844,jump_peak,x_683.382507324219_y_-646.086364746094
155.326,coin_collected,669.799194335938,-597.104858398438,0.0,448.611175537109,collect_coin,coin_coin15_score_22
155.349,platform_landed,669.799194335938,-585.029357910156,0.0,0.0,land_on_platform,platform_scene-1/Tile Map/37_-32_layer_Tile Map_tile_37_-32_source_1_atlas_3_0
155.349,landed,669.799194335938,-585.029357910156,0.0,0.0,land,surface_wood_impact_1.04537048339844
155.551,jump_input_pressed,669.799194335938,-585.029357910156,0.0,0.0,Jump,pressed
155.551,jump_executed,669.799194335938,-585.029357910156,0.0,-500.0,jump,x_669.799194335938_y_-585.029357910156
155.751,move_left_pressed,669.799194335938,-662.490295410156,-15.0,-254.333206176758,Move_Left,pressed
155.977,jump_peak_reached,644.299194335938,-691.898559570312,-180.0,39.8149261474609,jump_peak,x_644.299194335938_y_-691.898559570312
155.992,jump_input_released,641.299194335938,-691.234985351562,-180.0,76.8519668579102,Jump,released
156.243,platform_landed,630.465881347656,-603.007568359375,0.0,0.0,land_on_platform,platform_scene-1/Tile Map/34_-33_layer_Tile Map_tile_34_-33_source_1_atlas_0_0
156.243,landed,630.465881347656,-603.007568359375,0.0,0.0,land,surface_wood_impact_1.26481518554687
156.676,jump_input_pressed,630.465881347656,-603.007568359375,0.0,0.0,Jump,pressed
156.676,jump_executed,630.465881347656,-603.007568359375,0.0,-500.0,jump,x_630.465881347656_y_-603.007568359375
156.744,move_left_pressed,630.465881347656,-634.335632324219,-15.0,-417.22216796875,Move_Left,pressed
157.11,jump_peak_reached,580.965881347656,-709.895751953125,-180.0,39.8149261474609,jump_peak,x_580.965881347656_y_-709.895751953125
157.11,jump_input_released,580.965881347656,-709.895751953125,-180.0,39.8149261474609,Jump,released
157.436,platform_landed,567.132568359375,-585.003662109375,0.0,0.0,land_on_platform,platform_scene-1/Tile Map/31_-32_layer_Tile Map_tile_31_-32_source_1_atlas_3_0
157.436,landed,567.132568359375,-585.003662109375,0.0,0.0,land,surface_wood_impact_1.48703747558594
157.835,jump_input_pressed,567.132568359375,-585.003662109375,0.0,0.0,Jump,pressed
157.836,jump_executed,567.132568359375,-585.003662109375,0.0,-500.0,jump,x_567.132568359375_y_-585.003662109375
158.084,jump_input_released,567.132568359375,-674.237915039062,0.0,-194.166549682617,Jump,released
158.184,jump_peak_reached,567.132568359375,-679.029602050781,0.0,41.2037048339844,jump_peak,x_567.132568359375_y_-679.029602050781
158.301,move_left_pressed,567.132568359375,-661.259521484375,-15.0,300.462982177734,Move_Left,pressed
158.452,platform_landed,553.382568359375,-585.066650390625,-150.0,0.0,land_on_platform,platform_scene-1/Tile Map/30_-32_layer_Tile Map_tile_30_-32_source_1_atlas_2_0
158.452,landed,553.382568359375,-585.066650390625,-150.0,0.0,land,surface_wood_impact_1.2675927734375
159.292,move_left_pressed,552.271484375,-585.066650390625,-33.3333320617676,0.0,Move_Left,pressed
159.759,jump_input_pressed,539.104858398438,-585.074768066406,0.0,0.0,Jump,pressed
159.759,jump_executed,539.104858398438,-585.074768066406,0.0,-500.0,jump,x_539.104858398438_y_-585.074768066406
159.776,jump_peak_reached,539.104858398438,-593.41015625,0.0,-479.222198486328,jump_peak,x_539.104858398438_y_-593.41015625
159.826,move_left_pressed,539.104858398438,-616.344421386719,-15.0,-417.22216796875,Move_Left,pressed
160.293,jump_input_released,471.604858398438,-678.663818359375,-180.0,262.037139892578,Jump,released
160.51,platform_landed,460.771514892578,-565.027770996094,0.0,0.0,land_on_platform,platform_scene-1/Tile Map/25_-31_layer_Tile Map_tile_25_-31_source_1_atlas_14_6
160.51,landed,460.771514892578,-565.027770996094,0.0,0.0,land,surface_wood_impact_1.48703747558594
160.926,move_left_pressed,460.771514892578,-565.027770996094,-33.3333320617676,0.0,Move_Left,pressed
161.444,move_left_pressed,451.022979736328,-564.049255371094,-33.3333320617676,0.0,Move_Left,pressed
161.61,jump_input_pressed,427.690002441406,-564.105834960938,-180.0,0.0,Jump,pressed
161.61,jump_executed,427.690002441406,-564.105834960938,-180.0,-500.0,jump,x_427.690002441406_y_-564.105834960938
161.626,jump_peak_reached,424.687683105469,-572.446594238281,-180.0,-479.222198486328,jump_peak,x_424.687683105469_y_-572.446594238281
162.026,jump_input_released,356.854339599609,-670.9873046875,0.0,2.77788853645325,Jump,released
162.277,move_left_pressed,356.854339599609,-605.477966308594,-15.0,558.33349609375,Move_Left,pressed
162.477,platform_landed,334.356201171875,-438.055603027344,-180.0,0.0,land_on_platform,platform_scene-1/Tile Map/18_-24_layer_Tile Map_tile_18_-24_source_1_atlas_13_6
162.477,landed,334.356201171875,-438.055603027344,-180.0,0.0,land,surface_wood_impact_2.00555615234375
163.126,move_right_pressed,326.522857666016,-438.055603027344,33.3333320617676,0.0,Move_Right,pressed
163.293,jump_input_pressed,349.856170654297,-438.055603027344,180.0,0.0,Jump,pressed
163.293,jump_executed,349.856170654297,-438.055603027344,180.0,-500.0,jump,x_349.856170654297_y_-438.055603027344
163.309,jump_peak_reached,352.859680175781,-446.399658203125,180.0,-479.222198486328,jump_peak,x_352.859680175781_y_-446.399658203125
163.56,jump_input_released,397.859680175781,-530.487609863281,180.0,-174.222106933594,Jump,released
163.726,jump_input_pressed,418.218536376953,-528.424560546875,75.0,189.351852416992,Jump,pressed
163.894,jump_input_released,441.218536376953,-469.088134765625,96.6666641235352,559.722290039062,Jump,released
163.943,platform_landed,443.051879882812,-438.027313232422,0.0,0.0,land_on_platform,platform_scene-1/Tile Map/24_-24_layer_Tile Map_tile_24_-24_source_1_atlas_13_6
163.943,landed,443.051879882812,-438.027313232422,0.0,0.0,land,surface_wood_impact_1.34166687011719
164.16,move_right_pressed,443.051879882812,-438.027313232422,33.3333320617676,0.0,Move_Right,pressed
164.643,jump_input_pressed,523.38525390625,-438.058929443359,180.0,0.0,Jump,pressed
164.643,jump_executed,523.38525390625,-438.058929443359,180.0,-500.0,jump,x_523.38525390625_y_-438.058929443359
164.91,jump_input_released,571.389831542969,-530.493774414062,180.0,-174.222106933594,Jump,released
165.01,jump_peak_reached,576.22314453125,-535.285461425781,15.0,41.2037048339844,jump_peak,x_576.22314453125_y_-535.285461425781
165.01,move_right_pressed,576.22314453125,-535.285461425781,15.0,41.2037048339844,Move_Right,pressed
165.209,move_right_pressed,583.584228515625,-486.303985595703,15.0,485.648223876953,Move_Right,pressed
165.568,platform_landed,625.917541503906,-171.069107055664,0.0,0.0,land_on_platform,platform_scene-1/Tile Map/34_-9_layer_Tile Map_tile_34_-9_source_1_atlas_2_0
165.568,landed,625.917541503906,-171.069107055664,0.0,0.0,land,surface_wood_impact_2.5268515625
166.193,jump_input_pressed,625.917541503906,-171.069107055664,0.0,0.0,Jump,pressed
166.193,jump_executed,625.917541503906,-171.069107055664,0.0,-500.0,jump,x_625.917541503906_y_-171.069107055664
166.21,jump_peak_reached,625.917541503906,-179.409362792969,0.0,-479.222198486328,jump_peak,x_625.917541503906_y_-179.409362792969
166.359,move_left_pressed,625.917541503906,-238.98713684082,-15.0,-294.722106933594,Move_Left,pressed
166.71,jump_input_released,579.417541503906,-268.413024902344,-180.0,225.000106811523,Jump,released
166.743,platform_landed,570.425231933594,-258.028686523438,-180.0,0.0,land_on_platform,platform_scene-1/Tile Map/31_-14_layer_Tile Map_tile_31_-14_source_1_atlas_18_3
166.743,landed,570.425231933594,-258.028686523438,-180.0,0.0,land,surface_wood_impact_0.59814837646484
166.976,move_right_pressed,568.591918945312,-258.028686523438,33.3333320617676,0.0,Move_Right,pressed
167.144,jump_input_pressed,591.92236328125,-257.996887207031,180.0,0.0,Jump,pressed
167.144,jump_executed,591.92236328125,-257.996887207031,180.0,-500.0,jump,x_591.92236328125_y_-257.996887207031
167.51,jump_input_released,657.924865722656,-363.0029296875,96.6666641235352,-55.722110748291,Jump,released
167.576,jump_peak_reached,659.758178710938,-364.634399414062,0.0,43.8149261474609,jump_peak,x_659.758178710938_y_-364.634399414062
167.611,move_left_pressed,659.758178710938,-362.556610107422,-15.0,117.889007568359,Move_Left,pressed
167.676,platform_landed,656.011535644531,-348.070739746094,-75.0,0.0,land_on_platform,platform_scene-1/Tile Map/36_-19_layer_Tile Map_tile_36_-19_source_1_atlas_17_3
167.676,landed,656.011535644531,-348.070739746094,-75.0,0.0,land,surface_wood_impact_0.53207427978516
167.959,move_right_pressed,641.065490722656,-299.143310546875,15.0,481.481536865234,Move_Right,pressed
168.143,platform_landed,643.565490722656,-171.018280029297,0.0,0.0,land_on_platform,platform_scene-1/Tile Map/35_-9_layer_Tile Map_tile_35_-9_source_1_atlas_2_0
168.143,landed,643.565490722656,-171.018280029297,0.0,0.0,land,surface_wood_impact_1.77777807617188
168.426,jump_input_pressed,643.565490722656,-171.018280029297,0.0,0.0,Jump,pressed
168.426,jump_executed,643.565490722656,-171.018280029297,0.0,-500.0,jump,x_643.565490722656_y_-171.018280029297
168.544,move_left_pressed,643.565490722656,-222.187957763672,-15.0,-355.722137451172,Move_Left,pressed
168.859,jump_peak_reached,603.065490722656,-277.897186279297,-180.0,39.8149261474609,jump_peak,x_603.065490722656_y_-277.897186279297
168.976,platform_landed,579.085266113281,-258.089691162109,-180.0,0.0,land_on_platform,platform_scene-1/Tile Map/32_-14_layer_Tile Map_tile_32_-14_source_1_atlas_19_3
168.976,landed,579.085266113281,-258.089691162109,-180.0,0.0,land,surface_wood_impact_0.59814837646484
168.993,jump_input_released,579.085266113281,-258.089691162109,-180.0,0.0,Jump,released
169.309,move_right_pressed,571.244140625,-258.028289794922,33.3333320617676,0.0,Move_Right,pressed
169.394,jump_input_pressed,579.573303222656,-258.093872070312,180.0,0.0,Jump,pressed
169.394,jump_executed,579.573303222656,-258.093872070312,180.0,-500.0,jump,x_579.573303222656_y_-258.093872070312
169.794,jump_input_released,651.573913574219,-364.669616699219,180.0,-16.6665554046631,Jump,released
169.826,jump_peak_reached,656.184997558594,-364.8779296875,13.3333311080933,41.2038154602051,jump_peak,x_656.184997558594_y_-364.8779296875
169.926,move_left_pressed,656.4072265625,-351.498291015625,-15.0,263.426025390625,Move_Left,pressed
169.927,platform_landed,656.159240722656,-348.070281982422,-15.0,0.0,land_on_platform,platform_scene-1/Tile Map/36_-19_layer_Tile Map_tile_36_-19_source_1_atlas_17_3
169.927,landed,656.159240722656,-348.070281982422,-15.0,0.0,land,surface_wood_impact_0.52685205078125
170.326,move_right_pressed,648.497802734375,-347.062469482422,33.3333320617676,0.0,Move_Right,pressed
170.594,move_right_pressed,661.233947753906,-348.071105957031,33.3333320617676,0.0,Move_Right,pressed
171.044,move_left_pressed,677.400024414062,-348.029541015625,-33.3333320617676,0.0,Move_Left,pressed
171.444,jump_input_pressed,671.011535644531,-348.082336425781,0.0,0.0,Jump,pressed
171.444,jump_executed,671.011535644531,-348.082336425781,0.0,-500.0,jump,x_671.011535644531_y_-348.082336425781
171.577,move_left_pressed,671.011535644531,-405.140747070312,-15.0,-335.333251953125,Move_Left,pressed
171.876,jump_peak_reached,633.511535644531,-454.913848876953,-180.0,39.8149261474609,jump_peak,x_633.511535644531_y_-454.913848876953
171.91,jump_input_released,627.511535644531,-452.969421386719,-96.6666641235352,113.889007568359,Jump,released
172.043,platform_landed,625.67822265625,-419.992858886719,0.0,0.0,land_on_platform,platform_scene-1/Tile Map/34_-23_layer_Tile Map_tile_34_-23_source_1_atlas_17_3
172.043,landed,625.67822265625,-419.992858886719,0.0,0.0,land,surface_wood_impact_0.82037066650391
172.076,move_right_pressed,625.67822265625,-419.992858886719,33.3333320617676,0.0,Move_Right,pressed
172.51,move_left_pressed,638.845703125,-420.056945800781,-33.3333320617676,0.0,Move_Left,pressed
172.976,jump_input_pressed,629.122375488281,-419.985931396484,0.0,0.0,Jump,pressed
172.977,jump_executed,629.122375488281,-419.985931396484,0.0,-500.0,jump,x_629.122375488281_y_-419.985931396484
173.026,move_right_pressed,629.122375488281,-444.01806640625,15.0,-437.833282470703,Move_Right,pressed
173.409,jump_peak_reached,681.622375488281,-526.879150390625,180.0,39.8149261474609,jump_peak,x_681.622375488281_y_-526.879150390625
173.526,jump_input_released,701.233459472656,-509.271148681641,13.3333311080933,299.074188232422,Jump,released
173.559,platform_landed,701.455688476562,-495.016387939453,0.0,0.0,land_on_platform,platform_scene-1/Tile Map/38_-27_layer_Tile Map_tile_38_-27_source_1_atlas_1_0
173.559,landed,701.455688476562,-495.016387939453,0.0,0.0,land,surface_wood_impact_0.74629656982422
174.711,jump_input_pressed,701.455688476562,-495.016387939453,0.0,0.0,Jump,pressed
174.711,jump_executed,701.455688476562,-495.016387939453,0.0,-500.0,jump,x_701.455688476562_y_-495.016387939453
174.743,move_right_pressed,701.455688476562,-511.391418457031,15.0,-458.499969482422,Move_Right,pressed
175.143,jump_peak_reached,756.955688476562,-601.896911621094,180.0,39.8149261474609,jump_peak,x_756.955688476562_y_-601.896911621094
175.211,jump_input_released,768.955688476562,-595.538879394531,180.0,187.963073730469,Jump,released
175.243,platform_landed,773.788940429688,-585.06640625,13.3333311080933,0.0,land_on_platform,platform_scene-1/Tile Map/42_-32_layer_Tile Map_tile_42_-32_source_1_atlas_1_0
175.243,landed,773.788940429688,-585.06640625,13.3333311080933,0.0,land,surface_wood_impact_0.52407427978516
175.701,move_right_pressed,773.788940429688,-585.06640625,33.3333320617676,0.0,Move_Right,pressed
175.701,jump_input_pressed,773.788940429688,-585.06640625,33.3333320617676,0.0,Jump,pressed
175.701,jump_executed,773.788940429688,-585.06640625,33.3333320617676,-500.0,jump,x_773.788940429688_y_-585.06640625
175.936,jump_input_released,802.594909667969,-670.662719726562,180.0,-214.166549682617,Jump,released
175.968,move_right_pressed,807.205993652344,-673.648864746094,111.666664123535,-58.3333320617676,Move_Right,pressed
176.035,jump_peak_reached,816.150329589844,-675.454406738281,73.3333206176758,41.2037048339844,jump_peak,x_816.150329589844_y_-675.454406738281
176.151,platform_landed,817.37255859375,-657.019226074219,0.0,0.0,land_on_platform,platform_scene-1/Tile Map/45_-36_layer_Tile Map_tile_45_-36_source_1_atlas_0_0
176.151,landed,817.37255859375,-657.019226074219,0.0,0.0,land,surface_wood_impact_0.60092596435547
176.168,move_left_pressed,817.37255859375,-657.019226074219,-33.3333320617676,0.0,Move_Left,pressed
176.594,move_right_pressed,807.63232421875,-656.140319824219,33.3333320617676,0.0,Move_Right,pressed
177.094,jump_input_pressed,816.987487792969,-657.002136230469,0.0,0.0,Jump,pressed
177.094,jump_executed,816.987487792969,-657.002136230469,0.0,-500.0,jump,x_816.987487792969_y_-657.002136230469
177.127,move_left_pressed,816.987487792969,-673.3896484375,-15.0,-458.499969482422,Move_Left,pressed
177.526,jump_peak_reached,761.487487792969,-763.895141601562,-180.0,39.8149261474609,jump_peak,x_761.487487792969_y_-763.895141601562
177.635,jump_input_released,744.876403808594,-750.654418945312,-13.3333311080933,262.037139892578,Jump,released
177.635,platform_landed,744.654235839844,-747.066345214844,-13.3333311080933,0.0,land_on_platform,platform_scene-1/Tile Map/41_-41_layer_Tile Map_tile_41_-41_source_1_atlas_3_0
177.635,landed,744.654235839844,-747.066345214844,-13.3333311080933,0.0,land,surface_wood_impact_0.52407427978516
177.978,move_left_pressed,744.654235839844,-747.066345214844,-33.3333320617676,0.0,Move_Left,pressed
178.336,move_right_pressed,731.487609863281,-747.074768066406,33.3333320617676,0.0,Move_Right,pressed
178.336,jump_input_pressed,731.487609863281,-747.074768066406,33.3333320617676,0.0,Jump,pressed
178.336,jump_executed,731.487609863281,-747.074768066406,33.3333320617676,-500.0,jump,x_731.487609863281_y_-747.074768066406
178.594,jump_input_released,766.293090820312,-839.498046875,180.0,-174.222106933594,Jump,released
178.693,jump_peak_reached,771.126403808594,-844.289733886719,0.0,41.2037048339844,jump_peak,x_771.126403808594_y_-844.289733886719
178.776,move_left_pressed,771.126403808594,-834.683227539062,-15.0,226.388885498047,Move_Left,pressed
178.877,platform_landed,765.765258789062,-801.066528320312,-6.66666650772095,0.0,land_on_platform,platform_scene-1/Tile Map/42_-44_layer_Tile Map_tile_42_-44_source_1_atlas_1_0
178.877,landed,765.765258789062,-801.066528320312,-6.66666650772095,0.0,land,surface_wood_impact_0.89722235107422
179.144,move_right_pressed,765.765258789062,-801.066528320312,33.3333320617676,0.0,Move_Right,pressed
179.476,move_left_pressed,775.487487792969,-801.066528320312,-33.3333320617676,0.0,Move_Left,pressed
179.494,jump_input_pressed,774.931945800781,-801.066528320312,-66.6666641235352,0.0,Jump,pressed
179.494,jump_executed,774.931945800781,-801.066528320312,-66.6666641235352,-500.0,jump,x_774.931945800781_y_-801.066528320312
179.859,move_right_pressed,738.713684082031,-906.074523925781,0.0,-55.722110748291,Move_Right,pressed
179.893,jump_input_released,738.963684082031,-907.649536132812,30.0,-16.6665554046631,Jump,released
179.926,jump_peak_reached,740.213684082031,-907.857849121094,60.0,41.2038154602051,jump_peak,x_740.213684082031_y_-907.857849121094
179.993,move_left_pressed,742.463684082031,-901.4072265625,-15.0,189.351959228516,Move_Left,pressed
180.026,platform_landed,741.162048339844,-890.727722167969,-45.0,0.0,land_on_platform,platform_scene-1/Tile Map/40_-49_layer_Tile Map_tile_40_-49_source_1_atlas_3_0
180.026,landed,741.162048339844,-890.727722167969,-45.0,0.0,land,surface_wood_impact_0.52685205078125
180.459,move_right_pressed,700.836364746094,-890.732360839844,33.3333320617676,0.0,Move_Right,pressed
180.894,move_right_pressed,713.939147949219,-891.072875976562,33.3333320617676,0.0,Move_Right,pressed
181.243,move_right_pressed,720.328002929688,-891.072875976562,33.3333320617676,0.0,Move_Right,pressed
181.644,move_right_pressed,726.716857910156,-891.072875976562,33.3333320617676,0.0,Move_Right,pressed
181.677,jump_input_pressed,728.383483886719,-891.072875976562,100.0,0.0,Jump,pressed
181.678,jump_executed,728.383483886719,-891.072875976562,100.0,-500.0,jump,x_728.383483886719_y_-891.072875976562
182.042,jump_input_released,790.134094238281,-996.074584960938,96.6666641235352,-55.722110748291,Jump,released
182.109,jump_peak_reached,791.967407226562,-997.7060546875,0.0,43.8149261474609,jump_peak,x_791.967407226562_y_-997.7060546875
182.261,platform_landed,791.967407226562,-962.926574707031,0.0,0.0,land_on_platform,platform_scene-1/Tile Map/44_-53_layer_Tile Map_tile_44_-53_source_1_atlas_13_7
182.261,landed,791.967407226562,-962.926574707031,0.0,0.0,land,surface_wood_impact_0.75429656982422
182.326,move_right_pressed,791.967407226562,-962.926574707031,33.3333320617676,0.0,Move_Right,pressed
182.793,move_left_pressed,820.125915527344,-963.071533203125,-33.3333320617676,0.0,Move_Left,pressed
183.644,move_left_pressed,806.959289550781,-963.071533203125,-33.3333320617676,0.0,Move_Left,pressed
184.278,move_right_pressed,797.237060546875,-963.071533203125,33.3333320617676,0.0,Move_Right,pressed
184.393,jump_input_pressed,811.570373535156,-963.071533203125,180.0,0.0,Jump,pressed
184.393,jump_executed,811.570373535156,-963.071533203125,180.0,-500.0,jump,x_811.570373535156_y_-963.071533203125
184.826,jump_peak_reached,875.925231933594,-1069.90380859375,15.0,39.8149261474609,jump_peak,x_875.925231933594_y_-1069.90380859375
185.136,jump_input_released,897.036315917969,-963.514892578125,13.3333311080933,706.481689453125,Jump,released
185.277,move_left_pressed,897.258544921875,-835.320373535156,-15.0,1039.81506347656,Move_Left,pressed
185.543,platform_landed,885.1474609375,-474.078582763672,0.0,0.0,land_on_platform,platform_scene-1/Tile Map/49_-26_layer_Tile Map_tile_49_-26_source_1_atlas_13_6
185.543,landed,885.1474609375,-474.078582763672,0.0,0.0,land,surface_wood_impact_3.26481372070312
186.459,move_left_pressed,885.1474609375,-473.998504638672,-33.3333320617676,0.0,Move_Left,pressed
186.893,move_left_pressed,853.980407714844,-474.049072265625,-33.3333320617676,0.0,Move_Left,pressed
187.226,move_left_pressed,850.369323730469,-474.049072265625,-33.3333320617676,0.0,Move_Left,pressed
187.376,jump_input_pressed,830.036010742188,-474.049072265625,-180.0,0.0,Jump,pressed
187.376,jump_executed,830.036010742188,-474.049072265625,-180.0,-500.0,jump,x_830.036010742188_y_-474.049072265625
187.393,jump_peak_reached,827.028686523438,-482.403717041016,-180.0,-479.222198486328,jump_peak,x_827.028686523438_y_-482.403717041016
187.968,jump_input_released,729.193969726562,-380.561676025391,0.0,888.889038085938,Jump,released
188.293,platform_landed,729.193969726562,44.9012603759766,0.0,0.0,land_on_platform,platform_scene-1/Tile Map/40_3_layer_Tile Map_tile_40_3_source_1_atlas_13_0
188.293,landed,729.193969726562,44.9012603759766,0.0,0.0,land,surface_wood_impact_3.25925805664063
189.159,move_left_pressed,729.193969726562,44.9989166259766,-33.3333320617676,0.0,Move_Left,pressed
189.542,jump_input_pressed,704.02734375,44.933708190918,0.0,0.0,Jump,pressed
189.543,jump_executed,704.02734375,44.933708190918,0.0,-500.0,jump,x_704.02734375_y_44.933708190918
189.559,jump_peak_reached,704.02734375,36.5909957885742,0.0,-479.222198486328,jump_peak,x_704.02734375_y_36.5909957885742
189.626,move_left_pressed,704.02734375,6.69840574264526,-15.0,-396.666595458984,Move_Left,pressed
189.894,jump_input_released,672.52734375,-58.7978630065918,-180.0,-75.3332214355469,Jump,released
190.125,move_right_pressed,667.694030761719,-32.6256141662598,15.0,378.370513916016,Move_Right,pressed
190.126,platform_landed,667.9462890625,-27.0677623748779,15.0,0.0,land_on_platform,platform_scene-1/Tile Map/37_-1_layer_Tile Map_tile_37_-1_source_1_atlas_15_7
190.126,landed,667.9462890625,-27.0677623748779,15.0,0.0,land,surface_wood_impact_0.75674102783203
190.411,move_left_pressed,675.585144042969,-27.0677623748779,-33.3333320617676,0.0,Move_Left,pressed
190.61,jump_input_pressed,646.251831054688,-26.4382133483887,-180.0,0.0,Jump,pressed
190.61,jump_executed,646.251831054688,-26.4382133483887,-180.0,-500.0,jump,x_646.251831054688_y_-26.4382133483887
190.876,jump_input_released,602.396240234375,-118.922370910645,0.0,-174.222106933594,Jump,released
190.977,jump_peak_reached,602.396240234375,-123.71403503418,0.0,41.2037048339844,jump_peak,x_602.396240234375_y_-123.71403503418
191.126,move_left_pressed,602.396240234375,-95.3112564086914,-15.0,374.537078857422,Move_Left,pressed
191.193,platform_landed,600.648193359375,-60.5984039306641,-75.0,0.0,land_on_platform,platform_scene-1/Tile Map/32_-3_layer_Tile Map_tile_32_-3_source_1_atlas_3_0
191.193,landed,600.648193359375,-60.5984039306641,-75.0,0.0,land,surface_wood_impact_1.04537048339844
191.626,move_left_pressed,602.2060546875,-5.56231212615967,-15.0,518.5185546875,Move_Left,pressed
191.843,platform_landed,596.844970703125,170.996002197266,0.0,0.0,land_on_platform,platform_scene-1/Tile Map/33_10_layer_Tile Map_tile_33_10_source_1_atlas_3_0
191.843,landed,596.844970703125,170.996002197266,0.0,0.0,land,surface_wood_impact_2.00000036621094
191.944,move_right_pressed,596.844970703125,170.996002197266,33.3333320617676,0.0,Move_Right,pressed
192.359,move_left_pressed,600.4560546875,170.996002197266,-33.3333320617676,0.0,Move_Left,pressed
192.526,jump_input_pressed,587.289428710938,170.933319091797,0.0,0.0,Jump,pressed
192.526,jump_executed,587.289428710938,170.933319091797,0.0,-500.0,jump,x_587.289428710938_y_170.933319091797
192.543,jump_peak_reached,587.289428710938,162.590942382812,0.0,-479.222198486328,jump_peak,x_587.289428710938_y_162.590942382812
192.577,move_left_pressed,587.289428710938,146.957611083984,-15.0,-437.833282470703,Move_Left,pressed
192.776,move_right_pressed,567.789428710938,81.7539367675781,-96.6666641235352,-194.166549682617,Move_Right,pressed
193.026,jump_input_released,541.011596679688,70.4545745849609,-180.0,187.963073730469,Jump,released
193.06,platform_landed,536.178283691406,80.9336395263672,-13.3333311080933,0.0,land_on_platform,platform_scene-1/Tile Map/29_5_layer_Tile Map_tile_29_5_source_1_atlas_2_0
193.06,landed,536.178283691406,80.9336395263672,-13.3333311080933,0.0,land,surface_wood_impact_0.52407427978516
193.394,move_right_pressed,536.178283691406,80.9336395263672,33.3333320617676,0.0,Move_Right,pressed
193.41,jump_input_pressed,536.733825683594,80.9336395263672,66.6666641235352,0.0,Jump,pressed
193.41,jump_executed,536.733825683594,80.9336395263672,66.6666641235352,-500.0,jump,x_536.733825683594_y_80.9336395263672
193.843,jump_peak_reached,606.623596191406,-25.9032688140869,180.0,39.8149261474609,jump_peak,x_606.623596191406_y_-25.9032688140869
193.943,jump_input_released,624.623596191406,-12.6625156402588,180.0,262.037139892578,Jump,released
194.077,platform_landed,632.456909179688,44.9758529663086,0.0,0.0,land_on_platform,platform_scene-1/Tile Map/35_3_layer_Tile Map_tile_35_3_source_1_atlas_13_0
194.077,landed,632.456909179688,44.9758529663086,0.0,0.0,land,surface_wood_impact_1.1166669921875
194.202,move_left_pressed,632.456909179688,44.9758529663086,-33.3333320617676,0.0,Move_Left,pressed
194.469,move_right_pressed,616.290283203125,44.9307174682617,33.3333320617676,0.0,Move_Right,pressed
194.519,jump_input_pressed,619.623596191406,44.9307174682617,133.33332824707,0.0,Jump,pressed
194.519,jump_executed,619.623596191406,44.9307174682617,133.33332824707,-500.0,jump,x_619.623596191406_y_44.9307174682617
194.869,jump_input_released,658.425231933594,-58.7943115234375,180.0,-75.3332214355469,Jump,released
194.952,jump_peak_reached,666.258544921875,-61.5998573303223,0.0,45.0371475219727,jump_peak,x_666.258544921875_y_-61.5998573303223
195.101,platform_landed,666.258544921875,-27.0056209564209,0.0,0.0,land_on_platform,platform_scene-1/Tile Map/36_-1_layer_Tile Map_tile_36_-1_source_1_atlas_13_7
195.102,landed,666.258544921875,-27.0056209564209,0.0,0.0,land,surface_wood_impact_0.75674102783203
195.31,move_left_pressed,666.258544921875,-27.0056209564209,-33.3333320617676,0.0,Move_Left,pressed
195.36,jump_input_pressed,662.925231933594,-27.0668792724609,-133.33332824707,0.0,Jump,pressed
195.36,jump_executed,662.925231933594,-27.0668792724609,-133.33332824707,-500.0,jump,x_662.925231933594_y_-27.0668792724609
195.76,jump_input_released,592.534362792969,-133.648330688477,-180.0,-16.6665554046631,Jump,released
195.793,jump_peak_reached,587.923278808594,-133.856658935547,-13.3333311080933,41.2038154602051,jump_peak,x_587.923278808594_y_-133.856658935547
196.035,platform_landed,587.701049804688,-63.0043830871582,0.0,0.0,land_on_platform,platform_scene-1/Tile Map/32_-3_layer_Tile Map_tile_32_-3_source_1_atlas_3_0
196.035,landed,587.701049804688,-63.0043830871582,0.0,0.0,land,surface_wood_impact_1.11944482421875
196.068,move_left_pressed,587.701049804688,-63.0043830871582,-33.3333320617676,0.0,Move_Left,pressed
196.486,move_right_pressed,559.534423828125,-63.0667190551758,33.3333320617676,0.0,Move_Right,pressed
196.802,move_left_pressed,569.256652832031,-63.0667190551758,-33.3333320617676,0.0,Move_Left,pressed
196.851,jump_input_pressed,565.92333984375,-63.0667190551758,-133.33332824707,0.0,Jump,pressed
196.851,jump_executed,565.92333984375,-63.0667190551758,-133.33332824707,-500.0,jump,x_565.92333984375_y_-63.0667190551758
197.086,move_right_pressed,545.574768066406,-148.662231445312,0.0,-214.166549682617,Move_Right,pressed
197.201,move_left_pressed,549.324768066406,-166.797424316406,0.0,-75.3332214355469,Move_Left,pressed
197.276,jump_peak_reached,547.824768066406,-169.902969360352,-60.0,39.8149261474609,jump_peak,x_547.824768066406_y_-169.902969360352
197.443,platform_landed,523.824768066406,-135.067047119141,-180.0,0.0,land_on_platform,platform_scene-1/Tile Map/29_-7_layer_Tile Map_tile_29_-7_source_1_atlas_0_0
197.443,landed,523.824768066406,-135.067047119141,-180.0,0.0,land,surface_wood_impact_0.82037066650391
197.51,jump_input_released,514.805114746094,-134.039611816406,-180.0,74.0740737915039,Jump,released
197.61,platform_landed,509.971771240234,-117.006423950195,0.0,0.0,land_on_platform,platform_scene-1/Tile Map/28_-6_layer_Tile Map_tile_28_-6_source_1_atlas_3_0
197.611,landed,509.971771240234,-117.006423950195,0.0,0.0,land,surface_wood_impact_0.59259259033203
197.71,move_right_pressed,509.971771240234,-117.006423950195,33.3333320617676,0.0,Move_Right,pressed
198.06,move_left_pressed,515.925170898438,-117.066986083984,-33.3333320617676,0.0,Move_Left,pressed
198.094,jump_input_pressed,514.258544921875,-117.074829101562,-100.0,0.0,Jump,pressed
198.094,jump_executed,514.258544921875,-117.074829101562,-100.0,-500.0,jump,x_514.258544921875_y_-117.074829101562
198.527,jump_peak_reached,474.57470703125,-223.17903137207,-180.0,39.8149261474609,jump_peak,x_474.57470703125_y_-223.17903137207
198.56,jump_input_released,468.57470703125,-221.234573364258,-180.0,113.889007568359,Jump,released
198.627,platform_landed,454.963592529297,-207.066452026367,-96.6666641235352,0.0,land_on_platform,platform_scene-1/Tile Map/25_-11_layer_Tile Map_tile_25_-11_source_1_atlas_2_0
198.627,landed,454.963592529297,-207.066452026367,-96.6666641235352,0.0,land,surface_wood_impact_0.52407427978516
198.759,move_right_pressed,454.741363525391,-207.066452026367,33.3333320617676,0.0,Move_Right,pressed
198.977,jump_input_pressed,487.074676513672,-207.074752807617,180.0,0.0,Jump,pressed
198.977,jump_executed,487.074676513672,-207.074752807617,180.0,-500.0,jump,x_487.074676513672_y_-207.074752807617
199.278,jump_input_released,541.074951171875,-305.005920410156,96.6666641235352,-134.499893188477,Jump,released
199.377,jump_peak_reached,542.908264160156,-309.797576904297,0.0,41.2037048339844,jump_peak,x_542.908264160156_y_-309.797576904297
199.51,move_right_pressed,542.908264160156,-287.019775390625,15.0,337.500030517578,Move_Right,pressed
199.577,platform_landed,546.669677734375,-258.073852539062,75.0,0.0,land_on_platform,platform_scene-1/Tile Map/30_-14_layer_Tile Map_tile_30_-14_source_1_atlas_17_3
199.577,landed,546.669677734375,-258.073852539062,75.0,0.0,land,surface_wood_impact_0.97129644775391
200.343,move_right_pressed,561.58642578125,-258.052215576172,33.3333320617676,0.0,Move_Right,pressed
200.511,jump_input_pressed,584.917236328125,-258.005706787109,180.0,0.0,Jump,pressed
200.511,jump_executed,584.917236328125,-258.005706787109,180.0,-500.0,jump,x_584.917236328125_y_-258.005706787109
200.727,move_left_pressed,623.931518554688,-339.716705322266,96.6666641235352,-234.222106933594,Move_Left,pressed
200.91,jump_input_released,629.514831542969,-364.619445800781,90.0,-16.6665554046631,Jump,released
200.943,jump_peak_reached,631.125915527344,-364.827758789062,0.0,41.2038154602051,jump_peak,x_631.125915527344_y_-364.827758789062
201.012,move_right_pressed,631.125915527344,-358.377136230469,15.0,189.351959228516,Move_Right,pressed
201.11,jump_input_pressed,636.375915527344,-330.182678222656,105.0,411.57421875,Jump,pressed
201.243,jump_input_released,656.625915527344,-258.022155761719,96.6666641235352,707.87060546875,Jump,released
201.343,platform_landed,658.459228515625,-171.012237548828,0.0,0.0,land_on_platform,platform_scene-1/Tile Map/36_-9_layer_Tile Map_tile_36_-9_source_1_atlas_2_0
201.343,landed,658.459228515625,-171.012237548828,0.0,0.0,land,surface_wood_impact_1.86018579101562
201.393,move_left_pressed,658.459228515625,-171.012237548828,-33.3333320617676,0.0,Move_Left,pressed
201.86,move_left_pressed,639.292602539062,-171.012237548828,-33.3333320617676,0.0,Move_Left,pressed
201.91,jump_input_pressed,635.959289550781,-171.012237548828,-133.33332824707,0.0,Jump,pressed
201.91,jump_executed,635.959289550781,-171.012237548828,-133.33332824707,-500.0,jump,x_635.959289550781_y_-171.012237548828
202.311,jump_input_released,572.641174316406,-277.635620117188,-96.6666641235352,-16.6665554046631,Jump,released
202.343,jump_peak_reached,570.807861328125,-277.843933105469,0.0,41.2038154602051,jump_peak,x_570.807861328125_y_-277.843933105469
202.459,platform_landed,570.807861328125,-257.980773925781,0.0,0.0,land_on_platform,platform_scene-1/Tile Map/31_-14_layer_Tile Map_tile_31_-14_source_1_atlas_18_3
202.459,landed,570.807861328125,-257.980773925781,0.0,0.0,land,surface_wood_impact_0.60092614746094
202.476,move_right_pressed,570.807861328125,-257.980773925781,33.3333320617676,0.0,Move_Right,pressed
202.911,move_right_pressed,586.976135253906,-258.037139892578,33.3333320617676,0.0,Move_Right,pressed
202.96,jump_input_pressed,590.309875488281,-257.957061767578,133.33332824707,0.0,Jump,pressed
202.961,jump_executed,590.309875488281,-257.957061767578,133.33332824707,-500.0,jump,x_590.309875488281_y_-257.957061767578
203.344,jump_input_released,657.711975097656,-363.955505371094,96.6666641235352,-36.1665573120117,Jump,released
203.393,jump_peak_reached,659.545288085938,-364.72216796875,0.0,42.5371475219727,jump_peak,x_659.545288085938_y_-364.72216796875
203.493,platform_landed,659.545288085938,-348.003112792969,0.0,0.0,land_on_platform,platform_scene-1/Tile Map/36_-19_layer_Tile Map_tile_36_-19_source_1_atlas_17_3
203.493,landed,659.545288085938,-348.003112792969,0.0,0.0,land,surface_wood_impact_0.52951873779297
203.511,move_left_pressed,659.545288085938,-348.003112792969,-33.3333320617676,0.0,Move_Left,pressed
203.794,move_right_pressed,644.88330078125,-308.131622314453,15.0,444.444488525391,Move_Right,pressed
203.993,platform_landed,650.244384765625,-171.036682128906,0.0,0.0,land_on_platform,platform_scene-1/Tile Map/36_-9_layer_Tile Map_tile_36_-9_source_1_atlas_2_0
203.993,landed,650.244384765625,-171.036682128906,0.0,0.0,land,surface_wood_impact_1.77777807617188
204.202,move_left_pressed,650.244384765625,-171.036682128906,-33.3333320617676,0.0,Move_Left,pressed
204.359,jump_input_pressed,626.910827636719,-171.071853637695,-180.0,0.0,Jump,pressed
204.359,jump_executed,626.910827636719,-171.071853637695,-180.0,-500.0,jump,x_626.910827636719_y_-171.071853637695
204.569,move_right_pressed,599.033935546875,-248.327194213867,0.0,-254.333206176758,Move_Right,pressed
204.76,move_left_pressed,612.783935546875,-277.480895996094,66.6666641235352,-16.6665554046631,Move_Left,pressed
204.793,jump_peak_reached,613.89501953125,-277.735534667969,-15.0,39.8149261474609,jump_peak,x_613.89501953125_y_-277.735534667969
204.994,jump_input_released,598.856384277344,-229.032348632812,-30.0,484.259429931641,Jump,released
205.027,move_right_pressed,597.606384277344,-212.273086547852,0.0,558.33349609375,Move_Right,pressed
205.094,platform_landed,600.106384277344,-171.067184448242,60.0,0.0,land_on_platform,platform_scene-1/Tile Map/33_-9_layer_Tile Map_tile_33_-9_source_1_atlas_1_0
205.094,landed,600.106384277344,-171.067184448242,60.0,0.0,land,surface_wood_impact_1.41296337890625
205.527,move_left_pressed,641.273010253906,-171.067184448242,-33.3333320617676,0.0,Move_Left,pressed
205.643,jump_input_pressed,626.939697265625,-171.067184448242,-180.0,0.0,Jump,pressed
205.643,jump_executed,626.939697265625,-171.067184448242,-180.0,-500.0,jump,x_626.939697265625_y_-171.067184448242
205.878,move_right_pressed,598.736694335938,-256.503662109375,0.0,-214.166549682617,Move_Right,pressed
206.085,jump_peak_reached,596.236694335938,-277.744384765625,-75.0,39.8149261474609,jump_peak,x_596.236694335938_y_-277.744384765625
206.202,jump_input_released,582.236694335938,-260.136352539062,-81.6666641235352,299.074188232422,Jump,released
206.202,platform_landed,580.897155761719,-258.077392578125,-81.6666641235352,0.0,land_on_platform,platform_scene-1/Tile Map/32_-14_layer_Tile Map_tile_32_-14_source_1_atlas_19_3
206.202,landed,580.897155761719,-258.077392578125,-81.6666641235352,0.0,land,surface_wood_impact_0.59814837646484
206.503,move_left_pressed,580.897155761719,-258.077392578125,-33.3333320617676,0.0,Move_Left,pressed
207.002,move_right_pressed,555.731018066406,-258.053741455078,33.3333320617676,0.0,Move_Right,pressed
207.085,jump_input_pressed,564.064331054688,-258.053741455078,180.0,0.0,Jump,pressed
207.086,jump_executed,564.064331054688,-258.053741455078,180.0,-500.0,jump,x_564.064331054688_y_-258.053741455078
207.517,jump_peak_reached,642.065246582031,-364.884948730469,180.0,39.8149261474609,jump_peak,x_642.065246582031_y_-364.884948730469
207.601,jump_input_released,657.065246582031,-355.394195556641,96.6666641235352,225.000106811523,Jump,released
207.619,platform_landed,658.900207519531,-348.064117431641,13.3333311080933,0.0,land_on_platform,platform_scene-1/Tile Map/36_-19_layer_Tile Map_tile_36_-19_source_1_atlas_17_3
207.619,landed,658.900207519531,-348.064117431641,13.3333311080933,0.0,land,surface_wood_impact_0.52407427978516
207.919,move_right_pressed,658.900207519531,-348.064117431641,33.3333320617676,0.0,Move_Right,pressed
208.311,move_left_pressed,672.0673828125,-348.076080322266,-33.3333320617676,0.0,Move_Left,pressed
208.327,jump_input_pressed,671.511840820312,-348.076080322266,-66.6666641235352,0.0,Jump,pressed
208.327,jump_executed,671.511840820312,-348.076080322266,-66.6666641235352,-500.0,jump,x_671.511840820312_y_-348.076080322266
208.626,move_left_pressed,660.122436523438,-446.011627197266,-15.0,-134.499893188477,Move_Left,pressed
208.759,jump_peak_reached,651.122436523438,-454.909759521484,-135.0,39.8149261474609,jump_peak,x_651.122436523438_y_-454.909759521484
208.926,jump_input_released,622.622436523438,-420.496154785156,-180.0,410.185333251953,Jump,released
208.926,platform_landed,619.636779785156,-420.072357177734,-180.0,0.0,land_on_platform,platform_scene-1/Tile Map/34_-23_layer_Tile Map_tile_34_-23_source_1_atlas_17_3
208.927,landed,619.636779785156,-420.072357177734,-180.0,0.0,land,surface_wood_impact_0.82037066650391
209.236,move_right_pressed,617.803466796875,-420.072357177734,33.3333320617676,0.0,Move_Right,pressed
209.527,move_right_pressed,627.525817871094,-420.054382324219,33.3333320617676,0.0,Move_Right,pressed
209.86,jump_input_pressed,637.247497558594,-420.054382324219,0.0,0.0,Jump,pressed
209.86,jump_executed,637.247497558594,-420.054382324219,0.0,-500.0,jump,x_637.247497558594_y_-420.054382324219
209.877,move_right_pressed,637.247497558594,-428.401580810547,15.0,-479.222198486328,Move_Right,pressed
210.301,jump_peak_reached,695.747497558594,-526.895935058594,180.0,39.8149261474609,jump_peak,x_695.747497558594_y_-526.895935058594
210.376,jump_input_released,710.747497558594,-517.405212402344,96.6666641235352,225.000106811523,Jump,released
210.443,platform_landed,712.580810546875,-495.008880615234,0.0,0.0,land_on_platform,platform_scene-1/Tile Map/39_-27_layer_Tile Map_tile_39_-27_source_1_atlas_2_0
210.443,landed,712.580810546875,-495.008880615234,0.0,0.0,land,surface_wood_impact_0.74629656982422
210.494,move_left_pressed,712.580810546875,-495.008880615234,-33.3333320617676,0.0,Move_Left,pressed
210.812,move_right_pressed,706.191955566406,-495.008880615234,33.3333320617676,0.0,Move_Right,pressed
211.311,jump_input_pressed,719.358581542969,-495.008880615234,0.0,0.0,Jump,pressed
211.311,jump_executed,719.358581542969,-495.008880615234,0.0,-500.0,jump,x_719.358581542969_y_-495.008880615234
211.378,move_right_pressed,719.358581542969,-526.335815429688,15.0,-417.22216796875,Move_Right,pressed
211.743,jump_peak_reached,768.858581542969,-601.895935058594,180.0,39.8149261474609,jump_peak,x_768.858581542969_y_-601.895935058594
211.793,jump_input_released,777.858581542969,-598.053344726562,180.0,150.926040649414,Jump,released
211.844,platform_landed,782.69189453125,-585.021484375,0.0,0.0,land_on_platform,platform_scene-1/Tile Map/43_-32_layer_Tile Map_tile_43_-32_source_1_atlas_2_0
211.844,landed,782.69189453125,-585.021484375,0.0,0.0,land,surface_wood_impact_0.52407427978516
211.977,move_left_pressed,782.69189453125,-585.021484375,-33.3333320617676,0.0,Move_Left,pressed
212.444,move_left_pressed,763.525268554688,-585.068969726562,-33.3333320617676,0.0,Move_Left,pressed
212.46,jump_input_pressed,762.9697265625,-585.068969726562,-66.6666641235352,0.0,Jump,pressed
212.46,jump_executed,762.9697265625,-585.068969726562,-66.6666641235352,-500.0,jump,x_762.9697265625_y_-585.068969726562
212.893,jump_peak_reached,693.080200195312,-691.903686523438,-180.0,39.8149261474609,jump_peak,x_693.080200195312_y_-691.903686523438
212.994,jump_input_released,675.080200195312,-678.662963867188,-180.0,262.037139892578,Jump,released
213.193,platform_landed,670.246887207031,-585.020324707031,0.0,0.0,land_on_platform,platform_scene-1/Tile Map/37_-32_layer_Tile Map_tile_37_-32_source_1_atlas_3_0
213.193,landed,670.246887207031,-585.020324707031,0.0,0.0,land,surface_wood_impact_1.41296337890625
213.627,move_left_pressed,670.246887207031,-585.020324707031,-33.3333320617676,0.0,Move_Left,pressed
213.678,jump_input_pressed,666.91357421875,-585.020324707031,-133.33332824707,0.0,Jump,pressed
213.678,jump_executed,666.91357421875,-585.020324707031,-133.33332824707,-500.0,jump,x_666.91357421875_y_-585.020324707031
213.826,jump_input_released,642.900024414062,-647.723937988281,-13.3333311080933,-314.999908447266,Jump,released
213.926,jump_peak_reached,642.677795410156,-652.515625,0.0,41.2037048339844,jump_peak,x_642.677795410156_y_-652.515625
213.986,move_left_pressed,642.677795410156,-648.603576660156,-15.0,152.314819335938,Move_Left,pressed
214.135,platform_landed,629.206176757812,-603.136535644531,-150.0,0.0,land_on_platform,platform_scene-1/Tile Map/34_-33_layer_Tile Map_tile_34_-33_source_1_atlas_0_0
214.135,landed,629.206176757812,-603.136535644531,-150.0,0.0,land,surface_wood_impact_0.97129644775391
214.801,move_right_pressed,621.372863769531,-603.003723144531,33.3333320617676,0.0,Move_Right,pressed
215.036,platform_landed,659.721008300781,-585.066223144531,180.0,0.0,land_on_platform,platform_scene-1/Tile Map/36_-32_layer_Tile Map_tile_36_-32_source_1_atlas_2_0
215.036,landed,659.721008300781,-585.066223144531,180.0,0.0,land,surface_wood_impact_0.59259259033203
215.293,jump_input_pressed,664.554321289062,-585.066223144531,0.0,0.0,Jump,pressed
215.293,jump_executed,664.554321289062,-585.066223144531,0.0,-500.0,jump,x_664.554321289062_y_-585.066223144531
215.36,move_right_pressed,664.554321289062,-616.343322753906,15.0,-417.22216796875,Move_Right,pressed
215.426,jump_input_released,667.054321289062,-642.130310058594,75.0,-335.333251953125,Jump,released
215.526,jump_peak_reached,678.304321289062,-646.921997070312,165.0,41.2037048339844,jump_peak,x_678.304321289062_y_-646.921997070312
215.626,move_right_pressed,682.415405273438,-633.542358398438,15.0,263.425933837891,Move_Right,pressed
215.71,platform_landed,686.165405273438,-603.022399902344,0.0,0.0,land_on_platform,platform_scene-1/Tile Map/38_-33_layer_Tile Map_tile_38_-33_source_1_atlas_0_0
215.71,landed,686.165405273438,-603.022399902344,0.0,0.0,land,surface_wood_impact_0.89722235107422
216.127,move_right_pressed,686.165405273438,-603.022399902344,33.3333320617676,0.0,Move_Right,pressed
216.16,jump_input_pressed,687.83203125,-603.022399902344,100.0,0.0,Jump,pressed
216.16,jump_executed,687.83203125,-603.022399902344,100.0,-500.0,jump,x_687.83203125_y_-603.022399902344
216.501,jump_input_released,743.591125488281,-705.187622070312,180.0,-94.9998931884766,Jump,released
216.602,jump_peak_reached,751.424438476562,-709.479309082031,15.0,46.2038116455078,jump_peak,x_751.424438476562_y_-709.479309082031
216.602,move_right_pressed,751.424438476562,-709.479309082031,15.0,46.2038116455078,Move_Right,pressed
216.851,move_right_pressed,763.535522460938,-633.113525390625,15.0,601.759460449219,Move_Right,pressed
216.919,platform_landed,767.285522460938,-585.066650390625,75.0,0.0,land_on_platform,platform_scene-1/Tile Map/42_-32_layer_Tile Map_tile_42_-32_source_1_atlas_1_0
216.919,landed,767.285522460938,-585.066650390625,75.0,0.0,land,surface_wood_impact_1.49981530761719
217.302,move_right_pressed,776.035522460938,-585.066650390625,33.3333320617676,0.0,Move_Right,pressed
217.701,move_right_pressed,789.2021484375,-585.066650390625,33.3333320617676,0.0,Move_Right,pressed
218.051,jump_input_pressed,795.591003417969,-585.066650390625,0.0,0.0,Jump,pressed
218.051,jump_executed,795.591003417969,-585.066650390625,0.0,-500.0,jump,x_795.591003417969_y_-585.066650390625
218.101,move_right_pressed,795.591003417969,-609.042419433594,15.0,-437.833282470703,Move_Right,pressed
218.36,jump_input_released,827.091003417969,-685.264587402344,180.0,-114.722114562988,Jump,released
218.46,jump_peak_reached,831.92431640625,-690.056274414062,0.0,41.2037048339844,jump_peak,x_831.92431640625_y_-690.056274414062
218.493,move_left_pressed,831.92431640625,-688.065551757812,-15.0,115.277786254883,Move_Left,pressed
218.61,platform_landed,822.92431640625,-657.066345214844,-120.0,0.0,land_on_platform,platform_scene-1/Tile Map/45_-36_layer_Tile Map_tile_45_-36_source_1_atlas_0_0
218.611,landed,822.92431640625,-657.066345214844,-120.0,0.0,land,surface_wood_impact_0.74907415771484
218.96,platform_landed,794.511047363281,-585.018310546875,0.0,0.0,land_on_platform,platform_scene-1/Tile Map/44_-32_layer_Tile Map_tile_44_-32_source_1_atlas_3_0
218.961,landed,794.511047363281,-585.018310546875,0.0,0.0,land,surface_wood_impact_1.11111120605469
219.243,jump_input_pressed,794.511047363281,-585.018310546875,0.0,0.0,Jump,pressed
219.244,jump_executed,794.511047363281,-585.018310546875,0.0,-500.0,jump,x_794.511047363281_y_-585.018310546875
219.293,move_right_pressed,794.511047363281,-609.036193847656,15.0,-437.833282470703,Move_Right,pressed
219.444,jump_input_released,805.761047363281,-662.488952636719,51.6666679382324,-254.333206176758,Jump,released
219.527,move_right_pressed,806.622131347656,-667.35009765625,15.0,4.16666746139526,Move_Right,pressed
219.543,jump_peak_reached,806.872131347656,-667.280639648438,30.0,41.2037048339844,jump_peak,x_806.872131347656_y_-667.280639648438
219.626,platform_landed,813.622131347656,-657.066345214844,105.0,0.0,land_on_platform,platform_scene-1/Tile Map/45_-36_layer_Tile Map_tile_45_-36_source_1_atlas_0_0
219.626,landed,813.622131347656,-657.066345214844,105.0,0.0,land,surface_wood_impact_0.45277777099609
219.777,move_right_pressed,816.844360351562,-657.066345214844,33.3333320617676,0.0,Move_Right,pressed
220.359,jump_input_pressed,818.510986328125,-657.066345214844,0.0,0.0,Jump,pressed
220.359,jump_executed,818.510986328125,-657.066345214844,0.0,-500.0,jump,x_818.510986328125_y_-657.066345214844
220.378,move_left_pressed,818.510986328125,-665.409057617188,-15.0,-479.222198486328,Move_Left,pressed
220.793,jump_peak_reached,760.010986328125,-763.903442382812,-180.0,39.8149261474609,jump_peak,x_760.010986328125_y_-763.903442382812
220.895,platform_landed,739.014892578125,-747.070861816406,-180.0,0.0,land_on_platform,platform_scene-1/Tile Map/41_-41_layer_Tile Map_tile_41_-41_source_1_atlas_3_0
220.895,landed,739.014892578125,-747.070861816406,-180.0,0.0,land,surface_wood_impact_0.52407427978516
220.943,jump_input_released,734.40380859375,-747.070861816406,-13.3333311080933,0.0,Jump,released
221.109,move_right_pressed,734.181579589844,-747.070861816406,33.3333320617676,0.0,Move_Right,pressed
221.477,jump_input_pressed,747.348205566406,-747.070861816406,0.0,0.0,Jump,pressed
221.477,jump_executed,747.348205566406,-747.070861816406,0.0,-500.0,jump,x_747.348205566406_y_-747.070861816406
221.56,jump_input_released,747.348205566406,-785.302124023438,0.0,-396.666595458984,Jump,released
221.66,jump_peak_reached,747.348205566406,-790.093811035156,0.0,41.2037048339844,jump_peak,x_747.348205566406_y_-790.093811035156
221.843,platform_landed,747.348205566406,-747.026611328125,0.0,0.0,land_on_platform,platform_scene-1/Tile Map/41_-41_layer_Tile Map_tile_41_-41_source_1_atlas_3_0
221.843,landed,747.348205566406,-747.026611328125,0.0,0.0,land,surface_wood_impact_0.89722235107422
222.011,jump_input_pressed,747.348205566406,-747.026611328125,0.0,0.0,Jump,pressed
222.011,jump_executed,747.348205566406,-747.026611328125,0.0,-500.0,jump,x_747.348205566406_y_-747.026611328125
222.227,move_right_pressed,747.348205566406,-828.740966796875,15.0,-234.222106933594,Move_Right,pressed
222.411,jump_input_released,763.848205566406,-853.643737792969,180.0,-16.6665554046631,Jump,released
222.443,jump_peak_reached,769.848205566406,-853.85205078125,180.0,41.2038154602051,jump_peak,x_769.848205566406_y_-853.85205078125
222.643,platform_landed,783.681518554688,-801.01318359375,0.0,0.0,land_on_platform,platform_scene-1/Tile Map/43_-44_layer_Tile Map_tile_43_-44_source_1_atlas_3_0
222.644,landed,783.681518554688,-801.01318359375,0.0,0.0,land,surface_wood_impact_0.97129663085938
222.712,move_left_pressed,783.681518554688,-801.01318359375,-33.3333320617676,0.0,Move_Left,pressed
223.126,jump_input_pressed,770.514892578125,-801.06787109375,0.0,0.0,Jump,pressed
223.126,jump_executed,770.514892578125,-801.06787109375,0.0,-500.0,jump,x_770.514892578125_y_-801.06787109375
223.177,move_left_pressed,770.514892578125,-825.042541503906,-15.0,-437.833282470703,Move_Left,pressed
223.56,jump_peak_reached,718.014892578125,-907.903564453125,-180.0,39.8149261474609,jump_peak,x_718.014892578125_y_-907.903564453125
223.56,jump_input_released,718.014892578125,-907.903564453125,-180.0,39.8149261474609,Jump,released
223.659,platform_landed,713.181579589844,-891.003540039062,0.0,0.0,land_on_platform,platform_scene-1/Tile Map/39_-49_layer_Tile Map_tile_39_-49_source_1_atlas_1_0
223.659,landed,713.181579589844,-891.003540039062,0.0,0.0,land,surface_wood_impact_0.52407427978516
223.727,move_right_pressed,713.181579589844,-891.003540039062,33.3333320617676,0.0,Move_Right,pressed
224.276,jump_input_pressed,729.348205566406,-891.066650390625,0.0,0.0,Jump,pressed
224.276,jump_executed,729.348205566406,-891.066650390625,0.0,-500.0,jump,x_729.348205566406_y_-891.066650390625
224.293,move_right_pressed,729.348205566406,-899.409057617188,15.0,-479.222198486328,Move_Right,pressed
224.711,jump_peak_reached,787.848205566406,-997.903442382812,180.0,39.8149261474609,jump_peak,x_787.848205566406_y_-997.903442382812
224.778,jump_input_released,799.848205566406,-991.54541015625,96.6666641235352,187.963073730469,Jump,released
224.876,platform_landed,801.681518554688,-963.022521972656,0.0,0.0,land_on_platform,platform_scene-1/Tile Map/44_-53_layer_Tile Map_tile_44_-53_source_1_atlas_13_7
224.876,landed,801.681518554688,-963.022521972656,0.0,0.0,land,surface_wood_impact_0.82037066650391
225.46,move_right_pressed,801.681518554688,-963.022521972656,33.3333320617676,0.0,Move_Right,pressed
226.944,move_right_pressed,808.070373535156,-963.022521972656,33.3333320617676,0.0,Move_Right,pressed
226.976,jump_input_pressed,809.736999511719,-963.022521972656,100.0,0.0,Jump,pressed
226.976,jump_executed,809.736999511719,-963.022521972656,100.0,-500.0,jump,x_809.736999511719_y_-963.022521972656
227.41,jump_peak_reached,875.925231933594,-1069.89587402344,15.0,39.8149261474609,jump_peak,x_875.925231933594_y_-1069.89587402344
227.702,move_left_pressed,893.786315917969,-974.664367675781,0.0,669.444641113281,Move_Left,pressed
227.702,jump_input_released,893.786315917969,-974.664367675781,0.0,669.444641113281,Jump,released
228.127,platform_landed,857.453002929688,-474.070648193359,0.0,0.0,land_on_platform,platform_scene-1/Tile Map/47_-26_layer_Tile Map_tile_47_-26_source_1_atlas_13_6
228.127,landed,857.453002929688,-474.070648193359,0.0,0.0,land,surface_wood_impact_3.26481372070312
228.76,move_left_pressed,857.453002929688,-473.990570068359,-33.3333320617676,0.0,Move_Left,pressed
228.81,jump_input_pressed,854.119750976562,-474.054931640625,-133.33332824707,0.0,Jump,pressed
228.81,jump_executed,854.119750976562,-474.054931640625,-133.33332824707,-500.0,jump,x_854.119750976562_y_-474.054931640625
228.826,jump_peak_reached,851.894714355469,-482.399780273438,-148.33332824707,-479.222198486328,jump_peak,x_851.894714355469_y_-482.399780273438
229.494,jump_input_released,811.074768066406,-505.752777099609,-21.6666660308838,595.370544433594,Jump,released
229.526,platform_landed,810.713684082031,-474.633605957031,0.0,0.0,land_on_platform,platform_scene-1/Tile Map/45_-26_layer_Tile Map_tile_45_-26_source_1_atlas_14_6
229.526,landed,810.713684082031,-474.633605957031,0.0,0.0,land,surface_wood_impact_1.33888928222656
229.61,move_right_pressed,810.713684082031,-474.633605957031,33.3333320617676,0.0,Move_Right,pressed
229.96,move_right_pressed,835.823547363281,-474.068328857422,33.3333320617676,0.0,Move_Right,pressed
230.309,move_left_pressed,881.990234375,-474.051940917969,-33.3333320617676,0.0,Move_Left,pressed
230.693,jump_input_pressed,820.2802734375,-475.291839599609,-180.0,0.0,Jump,pressed
230.693,jump_executed,820.2802734375,-475.291839599609,-180.0,-500.0,jump,x_820.2802734375_y_-475.291839599609
230.71,jump_peak_reached,817.2802734375,-483.626098632812,-180.0,-479.222198486328,jump_peak,x_817.2802734375_y_-483.626098632812
231.326,jump_input_released,729.706481933594,-336.756225585938,0.0,1000.00018310547,Jump,released
231.61,platform_landed,729.706481933594,44.9567108154297,0.0,0.0,land_on_platform,platform_scene-1/Tile Map/40_3_layer_Tile Map_tile_40_3_source_1_atlas_13_0
231.61,landed,729.706481933594,44.9567108154297,0.0,0.0,land,surface_wood_impact_3.25925805664063
232.345,move_left_pressed,729.706481933594,44.9567108154297,-33.3333320617676,0.0,Move_Left,pressed
232.36,jump_input_pressed,729.150939941406,44.9567108154297,-66.6666641235352,0.0,Jump,pressed
232.36,jump_executed,729.150939941406,44.9567108154297,-66.6666641235352,-500.0,jump,x_729.150939941406_y_44.9567108154297
232.376,jump_peak_reached,728.036071777344,36.5944786071777,-81.6666641235352,-479.222198486328,jump_peak,x_728.036071777344_y_36.5944786071777
232.778,jump_input_released,662.258483886719,-61.9462242126465,-180.0,2.77788853645325,Jump,released
232.893,move_right_pressed,657.425170898438,-48.6591720581055,15.0,262.037139892578,Move_Right,pressed
232.96,platform_landed,661.175170898438,-27.0669822692871,75.0,0.0,land_on_platform,platform_scene-1/Tile Map/36_-1_layer_Tile Map_tile_36_-1_source_1_atlas_13_7
232.96,landed,661.175170898438,-27.0669822692871,75.0,0.0,land,surface_wood_impact_0.82037066650391
233.227,move_left_pressed,666.314025878906,-27.0669822692871,-33.3333320617676,0.0,Move_Left,pressed
233.293,jump_input_pressed,660.758483886719,-27.0669822692871,-166.666656494141,0.0,Jump,pressed
233.293,jump_executed,660.758483886719,-27.0669822692871,-166.666656494141,-500.0,jump,x_660.758483886719_y_-27.0669822692871
233.644,jump_input_released,597.978332519531,-130.797164916992,-180.0,-75.3332214355469,Jump,released
233.726,jump_peak_reached,593.14501953125,-133.60270690918,0.0,45.0371475219727,jump_peak,x_593.14501953125_y_-133.60270690918
233.827,move_left_pressed,593.14501953125,-119.839729309082,-15.0,267.259368896484,Move_Left,pressed
233.96,platform_landed,581.89501953125,-63.0662078857422,-135.0,0.0,land_on_platform,platform_scene-1/Tile Map/32_-3_layer_Tile Map_tile_32_-3_source_1_atlas_3_0
233.96,landed,581.89501953125,-63.0662078857422,-135.0,0.0,land,surface_wood_impact_1.12711145019531
234.56,jump_input_pressed,553.256164550781,-63.0662078857422,0.0,0.0,Jump,pressed
234.56,jump_executed,553.256164550781,-63.0662078857422,0.0,-500.0,jump,x_553.256164550781_y_-63.0662078857422
234.678,move_left_pressed,553.256164550781,-114.194190979004,-15.0,-355.722137451172,Move_Left,pressed
234.993,jump_peak_reached,512.756164550781,-169.903457641602,-180.0,39.8149261474609,jump_peak,x_512.756164550781_y_-169.903457641602
234.994,jump_input_released,512.756164550781,-169.903457641602,-180.0,39.8149261474609,Jump,released
235.161,move_right_pressed,507.922821044922,-135.489868164062,15.0,410.185333251953,Move_Right,pressed
235.194,platform_landed,509.4228515625,-117.06697845459,45.0,0.0,land_on_platform,platform_scene-1/Tile Map/28_-6_layer_Tile Map_tile_28_-6_source_1_atlas_3_0
235.194,landed,509.4228515625,-117.06697845459,45.0,0.0,land,surface_wood_impact_0.96851885986328
235.827,jump_input_pressed,513.061706542969,-117.06697845459,0.0,0.0,Jump,pressed
235.827,jump_executed,513.061706542969,-117.06697845459,0.0,-500.0,jump,x_513.061706542969_y_-117.06697845459
235.86,move_left_pressed,513.061706542969,-133.397979736328,-15.0,-458.499969482422,Move_Left,pressed
236.26,jump_peak_reached,461.246124267578,-223.356674194336,-180.0,39.8149261474609,jump_peak,x_461.246124267578_y_-223.356674194336
236.294,jump_input_released,455.246124267578,-221.412216186523,-180.0,113.889007568359,Jump,released
236.36,platform_landed,450.412780761719,-207.011047363281,0.0,0.0,land_on_platform,platform_scene-1/Tile Map/24_-11_layer_Tile Map_tile_24_-11_source_1_atlas_1_0
236.36,landed,450.412780761719,-207.011047363281,0.0,0.0,land,surface_wood_impact_0.52407427978516
236.478,move_right_pressed,450.412780761719,-207.011047363281,33.3333320617676,0.0,Move_Right,pressed
236.852,move_right_pressed,466.579437255859,-207.074859619141,33.3333320617676,0.0,Move_Right,pressed
236.852,jump_input_pressed,466.579437255859,-207.074859619141,33.3333320617676,0.0,Jump,pressed
236.852,jump_executed,466.579437255859,-207.074859619141,33.3333320617676,-500.0,jump,x_466.579437255859_y_-207.074859619141
237.285,jump_peak_reached,531.384948730469,-313.904479980469,180.0,39.8149261474609,jump_peak,x_531.384948730469_y_-313.904479980469
237.452,jump_input_released,561.384948730469,-279.490875244141,180.0,410.185333251953,Jump,released
237.485,platform_landed,568.998657226562,-258.032958984375,96.6666641235352,0.0,land_on_platform,platform_scene-1/Tile Map/31_-14_layer_Tile Map_tile_31_-14_source_1_atlas_18_3
237.485,landed,568.998657226562,-258.032958984375,96.6666641235352,0.0,land,surface_wood_impact_0.96851885986328
238.235,move_right_pressed,569.220886230469,-258.032958984375,33.3333320617676,0.0,Move_Right,pressed
238.635,jump_input_pressed,578.933898925781,-258.074493408203,0.0,0.0,Jump,pressed
238.635,jump_executed,578.933898925781,-258.074493408203,0.0,-500.0,jump,x_578.933898925781_y_-258.074493408203
238.736,move_left_pressed,578.933898925781,-302.940887451172,-15.0,-376.166595458984,Move_Left,pressed
239.06,jump_peak_reached,535.433898925781,-364.926025390625,-180.0,39.8149261474609,jump_peak,x_535.433898925781_y_-364.926025390625
239.144,jump_input_released,521.822814941406,-355.435272216797,-13.3333311080933,225.000106811523,Jump,released
239.16,platform_landed,521.6005859375,-351.002868652344,0.0,0.0,land_on_platform,platform_scene-1/Tile Map/28_-19_layer_Tile Map_tile_28_-19_source_1_atlas_12_0
239.16,landed,521.6005859375,-351.002868652344,0.0,0.0,land,surface_wood_impact_0.52407427978516
239.526,move_right_pressed,521.6005859375,-351.002868652344,33.3333320617676,0.0,Move_Right,pressed
239.779,move_right_pressed,534.767211914062,-351.066497802734,33.3333320617676,0.0,Move_Right,pressed
240.168,jump_input_pressed,550.933837890625,-351.066497802734,0.0,0.0,Jump,pressed
240.168,jump_executed,550.933837890625,-351.066497802734,0.0,-500.0,jump,x_550.933837890625_y_-351.066497802734
240.36,move_left_pressed,550.933837890625,-428.495147705078,-15.0,-254.333206176758,Move_Left,pressed
240.593,jump_peak_reached,525.433837890625,-457.903442382812,-180.0,39.8149261474609,jump_peak,x_525.433837890625_y_-457.903442382812
240.661,jump_input_released,513.433837890625,-451.54541015625,-96.6666641235352,187.963073730469,Jump,released
240.711,platform_landed,511.600494384766,-437.997833251953,0.0,0.0,land_on_platform,platform_scene-1/Tile Map/28_-24_layer_Tile Map_tile_28_-24_source_1_atlas_13_6
240.711,landed,511.600494384766,-437.997833251953,0.0,0.0,land,surface_wood_impact_0.59814837646484
241.636,jump_input_pressed,511.600494384766,-437.997833251953,0.0,0.0,Jump,pressed
241.636,jump_executed,511.600494384766,-437.997833251953,0.0,-500.0,jump,x_511.600494384766_y_-437.997833251953
241.811,jump_input_released,511.600494384766,-510.893676757812,0.0,-274.499877929688,Jump,released
241.911,jump_peak_reached,511.600494384766,-515.685363769531,0.0,41.2037048339844,jump_peak,x_511.600494384766_y_-515.685363769531
242.16,platform_landed,511.600494384766,-438.005401611328,0.0,0.0,land_on_platform,platform_scene-1/Tile Map/28_-24_layer_Tile Map_tile_28_-24_source_1_atlas_13_6
242.16,landed,511.600494384766,-438.005401611328,0.0,0.0,land,surface_wood_impact_1.19351867675781
242.393,move_right_pressed,511.600494384766,-438.005401611328,33.3333320617676,0.0,Move_Right,pressed
242.794,move_right_pressed,524.766967773438,-438.081359863281,33.3333320617676,0.0,Move_Right,pressed
243.244,move_left_pressed,533.946899414062,-438.983947753906,-33.3333320617676,0.0,Move_Left,pressed
243.26,jump_input_pressed,533.3916015625,-439.049774169922,-66.6666641235352,0.0,Jump,pressed
243.26,jump_executed,533.3916015625,-439.049774169922,-66.6666641235352,-500.0,jump,x_533.3916015625_y_-439.049774169922
243.693,jump_peak_reached,474.097412109375,-545.885437011719,-15.0151281356812,39.8149261474609,jump_peak,x_474.097412109375_y_-545.885437011719
243.902,jump_input_released,466.635498046875,-497.181091308594,0.0,484.259429931641,Jump,released
243.993,platform_landed,466.635498046875,-438.001037597656,0.0,0.0,land_on_platform,platform_scene-1/Tile Map/25_-24_layer_Tile Map_tile_25_-24_source_1_atlas_13_6
243.993,landed,466.635498046875,-438.001037597656,0.0,0.0,land,surface_wood_impact_1.41296337890625
244.243,move_right_pressed,466.635498046875,-438.001037597656,33.3333320617676,0.0,Move_Right,pressed
244.611,jump_input_pressed,525.968505859375,-438.089782714844,180.0,0.0,Jump,pressed
244.611,jump_executed,525.968505859375,-438.089782714844,180.0,-500.0,jump,x_525.968505859375_y_-438.089782714844
244.777,jump_input_released,555.970153808594,-506.006439208984,180.0,-294.722106933594,Jump,released
244.877,jump_peak_reached,572.581237792969,-510.798095703125,13.3333311080933,41.2037048339844,jump_peak,x_572.581237792969_y_-510.798095703125
244.894,move_right_pressed,572.803466796875,-510.111358642578,28.3333320617676,78.2407455444336,Move_Right,pressed
245.41,platform_landed,618.448974609375,-171.073852539062,0.0,0.0,land_on_platform,platform_scene-1/Tile Map/34_-9_layer_Tile Map_tile_34_-9_source_1_atlas_2_0
245.411,landed,618.448974609375,-171.073852539062,0.0,0.0,land,surface_wood_impact_2.45277758789062
245.877,jump_input_pressed,618.448974609375,-171.073852539062,0.0,0.0,Jump,pressed
245.877,jump_executed,618.448974609375,-171.073852539062,0.0,-500.0,jump,x_618.448974609375_y_-171.073852539062
245.893,jump_peak_reached,618.448974609375,-179.409973144531,-15.0,-479.222198486328,jump_peak,x_618.448974609375_y_-179.409973144531
245.893,move_left_pressed,618.448974609375,-179.409973144531,-15.0,-479.222198486328,Move_Left,pressed
246.311,jump_input_released,564.853332519531,-277.538604736328,-180.0,39.8149261474609,Jump,released
246.427,platform_landed,560.02001953125,-258.002960205078,0.0,0.0,land_on_platform,platform_scene-1/Tile Map/31_-14_layer_Tile Map_tile_31_-14_source_1_atlas_18_3
246.427,landed,560.02001953125,-258.002960205078,0.0,0.0,land,surface_wood_impact_0.59814837646484
246.461,move_right_pressed,560.02001953125,-258.002960205078,33.3333320617676,0.0,Move_Right,pressed
246.736,move_right_pressed,576.174560546875,-258.061584472656,33.3333320617676,0.0,Move_Right,pressed
246.736,jump_input_pressed,576.174560546875,-258.061584472656,33.3333320617676,0.0,Jump,pressed
246.736,jump_executed,576.174560546875,-258.061584472656,33.3333320617676,-500.0,jump,x_576.174560546875_y_-258.061584472656
247.168,jump_peak_reached,640.980285644531,-364.894317626953,180.0,39.8149261474609,jump_peak,x_640.980285644531_y_-364.894317626953
247.253,jump_input_released,655.980285644531,-355.403564453125,180.0,225.000106811523,Jump,released
247.269,platform_landed,660.593078613281,-348.060577392578,96.6666641235352,0.0,land_on_platform,platform_scene-1/Tile Map/36_-19_layer_Tile Map_tile_36_-19_source_1_atlas_17_3
247.269,landed,660.593078613281,-348.060577392578,96.6666641235352,0.0,land,surface_wood_impact_0.52407427978516
247.652,move_right_pressed,660.815307617188,-348.060577392578,33.3333320617676,0.0,Move_Right,pressed
248.019,move_left_pressed,673.983032226562,-348.055938720703,-33.3333320617676,0.0,Move_Left,pressed
248.319,jump_input_pressed,667.594482421875,-348.100433349609,0.0,0.0,Jump,pressed
248.319,jump_executed,667.594482421875,-348.100433349609,0.0,-500.0,jump,x_667.594482421875_y_-348.100433349609
248.418,move_left_pressed,667.594482421875,-392.952758789062,-15.0,-376.166595458984,Move_Left,pressed
248.585,jump_input_released,653.844482421875,-440.531433105469,-165.0,-174.222106933594,Jump,released
248.685,jump_peak_reached,636.094482421875,-445.323089599609,-180.0,41.2037048339844,jump_peak,x_636.094482421875_y_-445.323089599609
248.818,platform_landed,622.261169433594,-420.018432617188,0.0,0.0,land_on_platform,platform_scene-1/Tile Map/34_-23_layer_Tile Map_tile_34_-23_source_1_atlas_17_3
248.818,landed,622.261169433594,-420.018432617188,0.0,0.0,land,surface_wood_impact_0.67500006103516
248.968,move_right_pressed,622.261169433594,-420.018432617188,33.3333320617676,0.0,Move_Right,pressed
249.436,move_right_pressed,631.983764648438,-420.102416992188,33.3333320617676,0.0,Move_Right,pressed
249.436,jump_input_pressed,631.983764648438,-420.102416992188,33.3333320617676,0.0,Jump,pressed
249.436,jump_executed,631.983764648438,-420.102416992188,33.3333320617676,-500.0,jump,x_631.983764648438_y_-420.102416992188
249.868,jump_peak_reached,696.789489746094,-526.935607910156,180.0,39.8149261474609,jump_peak,x_696.789489746094_y_-526.935607910156
249.919,jump_input_released,705.789489746094,-523.093017578125,96.6666641235352,150.926040649414,Jump,released
250.019,platform_landed,707.622802734375,-495.024261474609,0.0,0.0,land_on_platform,platform_scene-1/Tile Map/39_-27_layer_Tile Map_tile_39_-27_source_1_atlas_2_0
250.019,landed,707.622802734375,-495.024261474609,0.0,0.0,land,surface_wood_impact_0.74629656982422
250.086,move_left_pressed,707.622802734375,-495.024261474609,-33.3333320617676,0.0,Move_Left,pressed
250.736,move_right_pressed,694.456176757812,-495.024261474609,33.3333320617676,0.0,Move_Right,pressed
250.818,jump_input_pressed,702.789489746094,-495.024261474609,180.0,0.0,Jump,pressed
250.818,jump_executed,702.789489746094,-495.024261474609,180.0,-500.0,jump,x_702.789489746094_y_-495.024261474609
251.252,jump_peak_reached,780.805236816406,-601.896606445312,180.0,39.8149261474609,jump_peak,x_780.805236816406_y_-601.896606445312
251.252,jump_input_released,780.805236816406,-601.896606445312,180.0,39.8149261474609,Jump,released
251.352,platform_landed,785.638549804688,-585.022155761719,0.0,0.0,land_on_platform,platform_scene-1/Tile Map/43_-32_layer_Tile Map_tile_43_-32_source_1_atlas_2_0
251.352,landed,785.638549804688,-585.022155761719,0.0,0.0,land,surface_wood_impact_0.52407427978516
251.386,move_left_pressed,785.638549804688,-585.022155761719,-33.3333320617676,0.0,Move_Left,pressed
252.078,move_left_pressed,766.471923828125,-585.069030761719,-33.3333320617676,0.0,Move_Left,pressed
252.095,jump_input_pressed,765.916381835938,-585.069030761719,-66.6666641235352,0.0,Jump,pressed
252.095,jump_executed,765.916381835938,-585.069030761719,-66.6666641235352,-500.0,jump,x_765.916381835938_y_-585.069030761719
252.526,jump_peak_reached,696.02685546875,-691.903686523438,-180.0,39.8149261474609,jump_peak,x_696.02685546875_y_-691.903686523438
252.727,jump_input_released,660.02685546875,-643.199951171875,-96.6666641235352,484.259429931641,Jump,released
252.827,platform_landed,658.193542480469,-585.020324707031,0.0,0.0,land_on_platform,platform_scene-1/Tile Map/36_-32_layer_Tile Map_tile_36_-32_source_1_atlas_2_0
252.827,landed,658.193542480469,-585.020324707031,0.0,0.0,land,surface_wood_impact_1.41296337890625
252.86,move_right_pressed,658.193542480469,-585.020324707031,33.3333320617676,0.0,Move_Right,pressed
253.244,jump_input_pressed,664.582397460938,-585.020324707031,0.0,0.0,Jump,pressed
253.244,jump_executed,664.582397460938,-585.020324707031,0.0,-500.0,jump,x_664.582397460938_y_-585.020324707031
253.26,move_right_pressed,664.582397460938,-593.403076171875,15.0,-479.222198486328,Move_Right,pressed
253.443,jump_input_released,681.082397460938,-662.489196777344,180.0,-254.333206176758,Jump,released
253.543,jump_peak_reached,688.915710449219,-667.280883789062,0.0,41.2037048339844,jump_peak,x_688.915710449219_y_-667.280883789062
253.76,platform_landed,688.915710449219,-603.008117675781,0.0,0.0,land_on_platform,platform_scene-1/Tile Map/38_-33_layer_Tile Map_tile_38_-33_source_1_atlas_0_0
253.76,landed,688.915710449219,-603.008117675781,0.0,0.0,land,surface_wood_impact_1.04537048339844
254.061,move_right_pressed,688.915710449219,-603.008117675781,33.3333320617676,0.0,Move_Right,pressed
254.078,jump_input_pressed,689.471252441406,-603.008117675781,66.6666641235352,0.0,Jump,pressed
254.078,jump_executed,689.471252441406,-603.008117675781,66.6666641235352,-500.0,jump,x_689.471252441406_y_-603.008117675781
254.477,jump_input_released,753.36767578125,-709.640258789062,180.0,-16.6665554046631,Jump,released
254.51,jump_peak_reached,759.36767578125,-709.848571777344,180.0,41.2038154602051,jump_peak,x_759.36767578125_y_-709.848571777344
254.827,platform_landed,779.200988769531,-585.037536621094,0.0,0.0,land_on_platform,platform_scene-1/Tile Map/43_-32_layer_Tile Map_tile_43_-32_source_1_atlas_2_0
254.827,landed,779.200988769531,-585.037536621094,0.0,0.0,land,surface_wood_impact_1.48981530761719
254.844,move_left_pressed,779.200988769531,-585.037536621094,-33.3333320617676,0.0,Move_Left,pressed
254.877,time_limit_reached,777.534362792969,-585.037536621094,-100.0,0.0,time_limit,three_minutes
254.877,scene_transition,777.534362792969,-585.037536621094,-100.0,0.0,switch,from_res://Scenes/Main/scene-1.tscn_to_res://Scenes/Main/menu.tscn
254.877,session_end,777.534362792969,-585.037536621094,-100.0,0.0,,
