timestamp_seconds,event,x,y,velocity_x,velocity_y,action,info
687.06,session_start,392.0,624.0,0.0,0.0,,
687.103,jump_peak_reached,392.0,624.0,0.0,37.037036895752,jump_peak,x_392.0_y_624.0
687.147,platform_landed,392.0,638.988403320312,0.0,0.0,land_on_platform,platform_scene-1/Tile Map/21_36_layer_Tile Map_tile_21_36_source_1_atlas_2_0
687.147,landed,392.0,638.988403320312,0.0,0.0,land,surface_wood_impact_0.51851849365234
687.181,musicking,392.0,638.988403320312,0.0,0.0,osc_received,"value_[1, ""far-fall""]"
688.305,jump_input_pressed,392.0,638.988403320312,0.0,0.0,Jump,pressed
688.305,jump_executed,392.0,638.988403320312,0.0,-500.0,jump,x_392.0_y_638.988403320312
688.447,move_right_pressed,387.891143798828,584.698547363281,15.0,-335.333251953125,Move_Right,pressed
688.615,jump_input_released,401.641143798828,543.823547363281,165.0,-134.499893188477,Jump,released
688.714,jump_peak_reached,415.224487304688,539.031860351562,0.0,41.2037048339844,jump_peak,x_415.224487304688_y_539.031860351562
688.897,platform_landed,415.224487304688,584.975891113281,0.0,0.0,land_on_platform,platform_scene-1/Tile Map/23_33_layer_Tile Map_tile_23_33_source_1_atlas_3_0
688.897,landed,415.224487304688,584.975891113281,0.0,0.0,land,surface_wood_impact_0.89722235107422
689.231,move_right_pressed,415.224487304688,584.975891113281,33.3333320617676,0.0,Move_Right,pressed
689.366,jump_input_pressed,432.558197021484,584.930236816406,180.0,0.0,Jump,pressed
689.366,jump_executed,432.558197021484,584.930236816406,180.0,-500.0,jump,x_432.558197021484_y_584.930236816406
689.548,jump_input_released,461.012603759766,512.116821289062,180.0,-274.499877929688,Jump,released
689.647,jump_peak_reached,465.845947265625,507.325164794922,0.0,41.2037048339844,jump_peak,x_465.845947265625_y_507.325164794922
689.797,coin_collected,465.845947265625,535.727966308594,0.0,337.500030517578,collect_coin,coin_coin_score_2
689.798,sonification,465.845947265625,541.970275878906,0.0,374.537078857422,osc_received,"value_[1, ""coins-with-pitch""]"
689.832,platform_landed,465.845947265625,548.990478515625,0.0,0.0,land_on_platform,platform_scene-1/Tile Map/25_31_layer_Tile Map_tile_25_31_source_1_atlas_1_0
689.832,landed,465.845947265625,548.990478515625,0.0,0.0,land,surface_wood_impact_0.89722235107422
690.164,jump_input_pressed,465.845947265625,548.990478515625,0.0,0.0,Jump,pressed
690.165,jump_executed,465.845947265625,548.990478515625,0.0,-500.0,jump,x_465.845947265625_y_548.990478515625
690.197,move_right_pressed,465.845947265625,532.609497070312,15.0,-458.499969482422,Move_Right,pressed
690.599,jump_peak_reached,521.345947265625,442.103973388672,180.0,39.8149261474609,jump_peak,x_521.345947265625_y_442.103973388672
690.613,jump_input_released,524.345947265625,442.767547607422,180.0,76.8519668579102,Jump,released
690.798,platform_landed,529.179260253906,494.969299316406,0.0,0.0,land_on_platform,platform_scene-1/Tile Map/29_28_layer_Tile Map_tile_29_28_source_1_atlas_2_0
690.798,landed,529.179260253906,494.969299316406,0.0,0.0,land,surface_wood_impact_0.96851885986328
690.83,musicking,529.179260253906,494.969299316406,0.0,0.0,osc_received,"value_[1, ""platform_pan_nav""]"
691.299,jump_input_pressed,529.179260253906,494.969299316406,0.0,0.0,Jump,pressed
691.299,jump_executed,529.179260253906,494.969299316406,0.0,-500.0,jump,x_529.179260253906_y_494.969299316406
691.433,move_right_pressed,529.179260253906,437.874298095703,15.0,-335.333251953125,Move_Right,pressed
691.689,jump_input_released,557.679260253906,388.980834960938,180.0,-36.1665573120117,Jump,released
691.741,jump_peak_reached,565.290344238281,388.214172363281,13.3333311080933,42.5371475219727,jump_peak,x_565.290344238281_y_388.214172363281
691.889,platform_landed,565.512573242188,422.992767333984,0.0,0.0,land_on_platform,platform_scene-1/Tile Map/31_24_layer_Tile Map_tile_31_24_source_1_atlas_3_0
691.889,landed,565.512573242188,422.992767333984,0.0,0.0,land,surface_wood_impact_0.75174102783203
692.199,move_left_pressed,565.512573242188,422.992767333984,-33.3333320617676,0.0,Move_Left,pressed
692.405,jump_input_pressed,530.162780761719,425.089447021484,-180.0,111.111114501953,Jump,pressed
692.406,jump_executed,530.162780761719,425.089447021484,-180.0,-500.0,jump,x_530.162780761719_y_425.089447021484
692.472,jump_peak_reached,518.161804199219,403.687896728516,-180.0,74.0740737915039,jump_peak,x_518.161804199219_y_403.687896728516
692.573,jump_input_released,501.550689697266,420.354553222656,-13.3333311080933,296.296295166016,Jump,released
692.733,platform_landed,501.328460693359,495.998352050781,0.0,0.0,land_on_platform,platform_scene-1/Tile Map/28_28_layer_Tile Map_tile_28_28_source_1_atlas_1_0
692.733,landed,501.328460693359,495.998352050781,0.0,0.0,land,surface_wood_impact_1.25925939941406
692.833,move_right_pressed,501.328460693359,495.998352050781,33.3333320617676,0.0,Move_Right,pressed
693.297,jump_input_pressed,523.027404785156,494.92529296875,0.0,0.0,Jump,pressed
693.297,jump_executed,523.027404785156,494.92529296875,0.0,-500.0,jump,x_523.027404785156_y_494.92529296875
693.548,move_right_pressed,523.027404785156,405.752746582031,15.0,-194.166549682617,Move_Right,pressed
693.581,jump_peak_reached,523.911193847656,403.398376464844,51.6882934570312,57.1238670349121,jump_peak,x_523.911193847656_y_403.398376464844
693.698,platform_landed,535.285888671875,425.695648193359,156.688293457031,0.0,land_on_platform,platform_scene-1/Tile Map/30_24_layer_Tile Map_tile_30_24_source_1_atlas_1_0
693.698,landed,535.285888671875,425.695648193359,156.688293457031,0.0,land,surface_wood_impact_0.63276623535156
693.832,jump_input_released,535.427307128906,425.868499755859,33.3333320617676,0.0,Jump,released
694.099,platform_landed,533.902282714844,494.997589111328,0.0,0.0,land_on_platform,platform_scene-1/Tile Map/29_28_layer_Tile Map_tile_29_28_source_1_atlas_2_0
694.099,landed,533.902282714844,494.997589111328,0.0,0.0,land,surface_wood_impact_1.11111120605469
694.815,jump_input_pressed,533.902282714844,494.997589111328,0.0,0.0,Jump,pressed
694.815,jump_executed,533.902282714844,494.997589111328,0.0,-500.0,jump,x_533.902282714844_y_494.997589111328
695.15,move_right_pressed,533.902282714844,392.813232421875,15.0,-94.9998931884766,Move_Right,pressed
695.231,jump_input_released,537.652282714844,388.05859375,90.0,2.77788853645325,Jump,released
695.247,jump_peak_reached,539.152282714844,388.104888916016,105.0,39.8149261474609,jump_peak,x_539.152282714844_y_388.104888916016
695.416,platform_landed,564.235595703125,422.93310546875,13.3333311080933,0.0,land_on_platform,platform_scene-1/Tile Map/31_24_layer_Tile Map_tile_31_24_source_1_atlas_3_0
695.416,landed,564.235595703125,422.93310546875,13.3333311080933,0.0,land,surface_wood_impact_0.82037066650391
695.741,move_left_pressed,564.235595703125,422.93310546875,-33.3333320617676,0.0,Move_Left,pressed
695.873,jump_input_pressed,546.902282714844,422.93310546875,-180.0,0.0,Jump,pressed
695.873,jump_executed,546.902282714844,422.93310546875,-180.0,-500.0,jump,x_546.902282714844_y_422.93310546875
696.123,jump_input_released,521.074768066406,333.754791259766,-36.6666679382324,-194.166549682617,Jump,released
696.231,jump_peak_reached,520.463684082031,328.963134765625,0.0,41.2037048339844,jump_peak,x_520.463684082031_y_328.963134765625
696.389,platform_landed,520.463684082031,368.994049072266,0.0,0.0,land_on_platform,platform_scene-1/Tile Map/28_21_layer_Tile Map_tile_28_21_source_1_atlas_3_0
696.39,landed,520.463684082031,368.994049072266,0.0,0.0,land,surface_wood_impact_0.82314825439453
696.456,move_left_pressed,520.463684082031,368.994049072266,-33.3333320617676,0.0,Move_Left,pressed
696.873,coin_collected,452.113220214844,375.424682617188,-180.0,148.148147583008,collect_coin,coin_coin2_score_4
696.874,sonification,449.113220214844,378.511108398438,-180.0,185.185180664062,osc_received,"value_[1, ""coins-with-pitch""]"
696.931,platform_landed,440.113220214844,386.933319091797,-180.0,0.0,land_on_platform,platform_scene-1/Tile Map/24_22_layer_Tile Map_tile_24_22_source_1_atlas_2_0
696.932,landed,440.113220214844,386.933319091797,-180.0,0.0,land,surface_wood_impact_0.59259259033203
696.935,musicking,440.113220214844,386.933319091797,-180.0,0.0,osc_received,"value_[1, ""platform_pan_nav""]"
697.24,move_left_pressed,435.279876708984,386.933319091797,-33.3333320617676,0.0,Move_Left,pressed
697.24,jump_input_pressed,435.279876708984,386.933319091797,-33.3333320617676,0.0,Jump,pressed
697.24,jump_executed,435.279876708984,386.933319091797,-33.3333320617676,-500.0,jump,x_435.279876708984_y_386.933319091797
697.456,jump_input_released,409.473907470703,305.253967285156,-180.0,-234.222106933594,Jump,released
697.556,jump_peak_reached,404.640563964844,300.462310791016,0.0,41.2037048339844,jump_peak,x_404.640563964844_y_300.462310791016
697.789,platform_landed,404.640563964844,368.982421875,0.0,0.0,land_on_platform,platform_scene-1/Tile Map/22_21_layer_Tile Map_tile_22_21_source_1_atlas_3_0
697.789,landed,404.640563964844,368.982421875,0.0,0.0,land,surface_wood_impact_1.11944458007812
698.007,move_left_pressed,404.640563964844,368.982421875,-33.3333320617676,0.0,Move_Left,pressed
698.089,jump_input_pressed,396.307250976562,368.982421875,-180.0,0.0,Jump,pressed
698.089,jump_executed,396.307250976562,368.982421875,-180.0,-500.0,jump,x_396.307250976562_y_368.982421875
698.306,jump_peak_reached,357.287414550781,292.407073974609,-180.0,57.1187858581543,jump_peak,x_357.287414550781_y_292.407073974609
698.473,platform_landed,324.23828125,335.925750732422,-180.0,0.0,land_on_platform,platform_scene-1/Tile Map/18_19_layer_Tile Map_tile_18_19_source_1_atlas_19_3
698.473,landed,324.23828125,335.925750732422,-180.0,0.0,land,surface_wood_impact_0.85497839355469
698.474,musicking,324.23828125,335.925750732422,-180.0,0.0,osc_received,"value_[1, ""leaves""]"
698.573,jump_input_released,309.238555908203,335.947082519531,-96.6666641235352,0.0,Jump,released
700.0,move_right_pressed,307.405242919922,335.932220458984,33.3333320617676,0.0,Move_Right,pressed
700.364,move_left_pressed,350.594390869141,353.931549072266,-15.0,296.296295166016,Move_Left,pressed
700.664,platform_landed,340.983276367188,549.960205078125,0.0,0.0,land_on_platform,platform_scene-1/Tile Map/18_31_layer_Tile Map_tile_18_31_source_1_atlas_18_0
700.664,landed,340.983276367188,549.960205078125,0.0,0.0,land,surface_wood_impact_1.92592626953125
700.665,musicking,340.983276367188,549.960205078125,0.0,0.0,osc_received,"value_[1, ""leaves""]"
701.597,jump_input_pressed,340.983276367188,549.960205078125,0.0,0.0,Jump,pressed
701.597,jump_executed,340.983276367188,549.960205078125,0.0,-500.0,jump,x_340.983276367188_y_549.960205078125
701.606,jump_peak_reached,340.983276367188,541.594482421875,0.0,-479.222198486328,jump_peak,x_340.983276367188_y_541.594482421875
701.657,move_right_pressed,340.983276367188,518.660217285156,15.0,-417.22216796875,Move_Right,pressed
701.84,musicking,355.449523925781,457.508575439453,49.6697692871094,-195.055435180664,osc_received,"value_[1, ""platform_pan_nav""]"
702.123,jump_input_released,395.072082519531,456.342864990234,180.0,262.037139892578,Jump,released
702.124,platform_landed,398.079711914062,458.925354003906,180.0,0.0,land_on_platform,platform_scene-1/Tile Map/22_26_layer_Tile Map_tile_22_26_source_1_atlas_2_0
702.124,landed,398.079711914062,458.925354003906,180.0,0.0,land,surface_wood_impact_0.52407427978516
702.506,move_left_pressed,399.913055419922,458.925354003906,-33.3333320617676,0.0,Move_Left,pressed
702.857,move_left_pressed,383.746398925781,458.925354003906,-33.3333320617676,0.0,Move_Left,pressed
703.157,jump_input_pressed,367.579742431641,458.925354003906,0.0,0.0,Jump,pressed
703.157,jump_executed,367.579742431641,458.925354003906,0.0,-500.0,jump,x_367.579742431641_y_458.925354003906
703.207,move_right_pressed,367.579742431641,434.956604003906,15.0,-437.833282470703,Move_Right,pressed
703.589,jump_peak_reached,391.42529296875,352.284820556641,180.0,39.8149261474609,jump_peak,x_391.42529296875_y_352.284820556641
703.69,jump_input_released,409.42529296875,365.525573730469,180.0,262.037139892578,Jump,released
703.69,platform_landed,412.42529296875,368.933746337891,180.0,0.0,land_on_platform,platform_scene-1/Tile Map/22_21_layer_Tile Map_tile_22_21_source_1_atlas_3_0
703.69,landed,412.42529296875,368.933746337891,180.0,0.0,land,surface_wood_impact_0.52407427978516
703.856,move_left_pressed,414.258636474609,368.933746337891,-33.3333320617676,0.0,Move_Left,pressed
703.965,jump_input_pressed,402.925323486328,368.933746337891,-180.0,0.0,Jump,pressed
703.965,jump_executed,402.925323486328,368.933746337891,-180.0,-500.0,jump,x_402.925323486328_y_368.933746337891
704.173,jump_peak_reached,363.921508789062,292.614624023438,-180.0,74.0740737915039,jump_peak,x_363.921508789062_y_292.614624023438
704.34,platform_landed,330.951538085938,335.938385009766,-180.0,0.0,land_on_platform,platform_scene-1/Tile Map/18_19_layer_Tile Map_tile_18_19_source_1_atlas_19_3
704.34,landed,330.951538085938,335.938385009766,-180.0,0.0,land,surface_wood_impact_0.88888897705078
704.347,musicking,330.951538085938,335.938385009766,-180.0,0.0,osc_received,"value_[1, ""leaves""]"
704.373,musicking,324.951751708984,335.910766601562,-180.0,0.0,osc_received,"value_[1, ""platform_pan_nav""]"
704.473,jump_input_released,309.951904296875,335.949188232422,-180.0,0.0,Jump,released
704.724,jump_input_pressed,305.122009277344,335.984466552734,0.0,0.0,Jump,pressed
704.724,jump_executed,305.122009277344,335.984466552734,0.0,-500.0,jump,x_305.122009277344_y_335.984466552734
704.739,move_right_pressed,305.122009277344,327.642211914062,15.0,-479.222198486328,Move_Right,pressed
705.156,jump_peak_reached,363.622009277344,229.147750854492,180.0,39.8149261474609,jump_peak,x_363.622009277344_y_229.147750854492
705.239,jump_input_released,378.622009277344,238.638519287109,180.0,225.000106811523,Jump,released
705.331,platform_landed,389.455352783203,263.988647460938,0.0,0.0,land_on_platform,platform_scene-1/Tile Map/21_15_layer_Tile Map_tile_21_15_source_1_atlas_13_6
705.331,landed,389.455352783203,263.988647460938,0.0,0.0,land,surface_wood_impact_0.82037066650391
705.332,musicking,389.455352783203,263.988647460938,0.0,0.0,osc_received,"value_[1, ""water-tube""]"
705.473,jump_input_pressed,389.455352783203,263.988647460938,0.0,0.0,Jump,pressed
705.473,jump_executed,389.455352783203,263.988647460938,0.0,-500.0,jump,x_389.455352783203_y_263.988647460938
705.489,move_left_pressed,389.455352783203,255.608734130859,-15.0,-479.222198486328,Move_Left,pressed
705.906,jump_peak_reached,330.955352783203,157.114288330078,-180.0,39.8149261474609,jump_peak,x_330.955352783203_y_157.114288330078
705.906,jump_input_released,330.955352783203,157.114288330078,-180.0,39.8149261474609,Jump,released
706.057,move_right_pressed,326.122009277344,185.308746337891,15.0,373.148284912109,Move_Right,pressed
706.058,platform_landed,326.372009277344,188.932952880859,15.0,0.0,land_on_platform,platform_scene-1/Tile Map/18_11_layer_Tile Map_tile_18_11_source_1_atlas_1_0
706.058,landed,326.372009277344,188.932952880859,15.0,0.0,land,surface_wood_impact_0.74629656982422
706.122,jump_input_pressed,330.455322265625,188.932952880859,148.33332824707,0.0,Jump,pressed
706.122,jump_executed,330.455322265625,188.932952880859,148.33332824707,-500.0,jump,x_330.455322265625_y_188.932952880859
706.556,jump_peak_reached,407.624114990234,82.0971221923828,180.0,39.8149261474609,jump_peak,x_407.624114990234_y_82.0971221923828
706.774,jump_input_released,446.624114990234,138.871841430664,180.0,521.296447753906,Jump,released
706.789,coin_collected,449.624114990234,147.560119628906,180.0,521.296447753906,collect_coin,coin_coin5_score_6
706.79,platform_landed,452.625427246094,152.929153442383,180.0,0.0,land_on_platform,platform_scene-1/Tile Map/25_9_layer_Tile Map_tile_25_9_source_1_atlas_2_0
706.79,landed,452.625427246094,152.929153442383,180.0,0.0,land,surface_wood_impact_1.1166669921875
706.791,sonification,452.625427246094,152.929153442383,180.0,0.0,osc_received,"value_[1, ""coins-with-pitch""]"
707.173,jump_input_pressed,466.458770751953,152.929153442383,0.0,0.0,Jump,pressed
707.174,jump_executed,466.458770751953,152.929153442383,0.0,-500.0,jump,x_466.458770751953_y_152.929153442383
707.19,move_right_pressed,466.458770751953,144.590408325195,15.0,-479.222198486328,Move_Right,pressed
707.606,jump_peak_reached,524.958740234375,46.0960006713867,180.0,39.8149261474609,jump_peak,x_524.958740234375_y_46.0960006713867
707.631,jump_input_released,527.958740234375,46.7595825195312,180.0,76.8519668579102,Jump,released
707.772,platform_landed,535.792053222656,80.976936340332,0.0,0.0,land_on_platform,platform_scene-1/Tile Map/29_5_layer_Tile Map_tile_29_5_source_1_atlas_2_0
707.773,landed,535.792053222656,80.976936340332,0.0,0.0,land,surface_wood_impact_0.82037066650391
707.79,musicking,535.792053222656,80.976936340332,0.0,0.0,osc_received,"value_[1, ""platform_pan_nav""]"
707.965,move_right_pressed,535.792053222656,80.976936340332,33.3333320617676,0.0,Move_Right,pressed
708.422,platform_landed,584.987243652344,170.972122192383,0.0,0.0,land_on_platform,platform_scene-1/Tile Map/32_10_layer_Tile Map_tile_32_10_source_1_atlas_2_0
708.423,landed,584.987243652344,170.972122192383,0.0,0.0,land,surface_wood_impact_1.25925939941406
708.774,move_right_pressed,584.987243652344,170.972122192383,33.3333320617676,0.0,Move_Right,pressed
709.223,platform_landed,631.165771484375,242.990295410156,0.0,0.0,land_on_platform,platform_scene-1/Tile Map/35_14_layer_Tile Map_tile_35_14_source_1_atlas_2_0
709.223,landed,631.165771484375,242.990295410156,0.0,0.0,land,surface_wood_impact_1.11111120605469
709.539,jump_input_pressed,631.165771484375,242.990295410156,0.0,0.0,Jump,pressed
709.539,jump_executed,631.165771484375,242.990295410156,0.0,-500.0,jump,x_631.165771484375_y_242.990295410156
709.565,move_left_pressed,631.165771484375,234.592071533203,-15.0,-479.222198486328,Move_Left,pressed
709.956,jump_input_released,575.665771484375,136.051330566406,-96.6666641235352,2.77788853645325,Jump,released
709.973,jump_peak_reached,574.0546875,136.097625732422,-13.3333311080933,39.8149261474609,jump_peak,x_574.0546875_y_136.097625732422
709.99,move_right_pressed,573.832458496094,136.761215209961,1.66666889190674,76.8519668579102,Move_Right,pressed
710.139,platform_landed,585.360168457031,170.932968139648,136.66667175293,0.0,land_on_platform,platform_scene-1/Tile Map/32_10_layer_Tile Map_tile_32_10_source_1_atlas_2_0
710.139,landed,585.360168457031,170.932968139648,136.66667175293,0.0,land,surface_wood_impact_0.82037066650391
710.574,platform_landed,663.213806152344,242.933410644531,180.0,0.0,land_on_platform,platform_scene-1/Tile Map/36_14_layer_Tile Map_tile_36_14_source_1_atlas_3_0
710.574,landed,663.213806152344,242.933410644531,180.0,0.0,land,surface_wood_impact_1.11111120605469
710.606,musicking,669.213806152344,243.359191894531,180.0,0.0,osc_received,"value_[1, ""platform_pan_nav""]"
710.857,move_left_pressed,695.068054199219,299.532012939453,-15.0,518.5185546875,Move_Left,pressed
710.905,coin_collected,693.568054199219,327.309783935547,-45.0,592.592651367188,collect_coin,coin_coin3_score_8
710.906,platform_landed,692.568054199219,332.93359375,-60.0,0.0,land_on_platform,platform_scene-1/Tile Map/38_19_layer_Tile Map_tile_38_19_source_1_atlas_3_0
710.906,landed,692.568054199219,332.93359375,-60.0,0.0,land,surface_wood_impact_1.25925939941406
710.906,sonification,692.568054199219,332.93359375,-60.0,0.0,osc_received,"value_[1, ""coins-with-pitch""]"
711.299,move_right_pressed,674.074951171875,332.933776855469,33.3333320617676,0.0,Move_Right,pressed
711.557,move_left_pressed,687.241577148438,332.925262451172,-33.3333320617676,0.0,Move_Left,pressed
711.573,jump_input_pressed,686.68603515625,332.925262451172,-66.6666641235352,0.0,Jump,pressed
711.574,jump_executed,686.68603515625,332.925262451172,-66.6666641235352,-500.0,jump,x_686.68603515625_y_332.925262451172
711.739,jump_peak_reached,670.685546875,276.217681884766,-27.0303802490234,55.917594909668,jump_peak,x_670.685546875_y_276.217681884766
711.906,platform_landed,651.97998046875,314.933685302734,-177.030380249023,0.0,land_on_platform,platform_scene-1/Tile Map/36_18_layer_Tile Map_tile_36_18_source_1_atlas_0_0
711.906,landed,651.97998046875,314.933685302734,-177.030380249023,0.0,land,surface_wood_impact_0.85257598876953
712.039,move_right_pressed,630.951965332031,321.856506347656,-81.6666641235352,185.185180664062,Move_Right,pressed
712.039,jump_input_released,630.951965332031,321.856506347656,-81.6666641235352,185.185180664062,Jump,released
712.49,platform_landed,658.319702148438,638.978210449219,0.0,0.0,land_on_platform,platform_scene-1/Tile Map/36_36_layer_Tile Map_tile_36_36_source_1_atlas_12_0
712.49,landed,658.319702148438,638.978210449219,0.0,0.0,land,surface_wood_impact_2.37037036132813
712.531,musicking,658.319702148438,638.978210449219,0.0,0.0,osc_received,"value_[1, ""far-fall""]"
713.132,move_right_pressed,658.319702148438,638.978210449219,33.3333320617676,0.0,Move_Right,pressed
713.133,sonification,658.875244140625,638.978210449219,33.3333320617676,0.0,osc_received,"value_[1, ""mushrooms""]"
713.557,jump_input_pressed,729.653015136719,638.931030273438,180.0,0.0,Jump,pressed
713.557,jump_executed,729.653015136719,638.931030273438,180.0,-500.0,jump,x_729.653015136719_y_638.931030273438
713.565,sonification,732.654968261719,630.59130859375,180.0,-500.055541992188,osc_received,"value_[1, ""mushrooms""]"
713.572,jump_peak_reached,732.654968261719,630.59130859375,180.0,-479.222198486328,jump_peak,x_732.654968261719_y_630.59130859375
713.989,jump_input_released,807.654968261719,532.096923828125,180.0,39.8149261474609,Jump,released
714.09,platform_landed,812.48828125,548.996948242188,0.0,0.0,land_on_platform,platform_scene-1/Tile Map/45_31_layer_Tile Map_tile_45_31_source_1_atlas_12_0
714.09,landed,812.48828125,548.996948242188,0.0,0.0,land,surface_wood_impact_0.52407427978516
714.29,move_right_pressed,812.48828125,548.996948242188,33.3333320617676,0.0,Move_Right,pressed
714.29,jump_input_pressed,812.48828125,548.996948242188,33.3333320617676,0.0,Jump,pressed
714.29,jump_executed,812.48828125,548.996948242188,33.3333320617676,-500.0,jump,x_812.48828125_y_548.996948242188
714.722,jump_peak_reached,877.297912597656,442.105072021484,180.0,39.8149261474609,jump_peak,x_877.297912597656_y_442.105072021484
714.832,platform_landed,898.297912597656,458.933685302734,180.0,0.0,land_on_platform,platform_scene-1/Tile Map/49_26_layer_Tile Map_tile_49_26_source_1_atlas_14_0
714.832,landed,898.297912597656,458.933685302734,180.0,0.0,land,surface_wood_impact_0.52407427978516
714.832,sonification,898.297912597656,458.933685302734,180.0,0.0,osc_received,"value_[1, ""mushrooms""]"
714.939,jump_input_released,916.297912597656,458.933685302734,180.0,0.0,Jump,released
715.073,sonification,943.331359863281,459.825653076172,180.0,0.0,osc_received,"value_[1, ""mushrooms""]"
715.206,move_right_pressed,945.164672851562,477.109588623047,15.0,296.296295166016,Move_Right,pressed
715.323,platform_landed,953.574768066406,531.078918457031,120.0,0.0,land_on_platform,platform_scene-1/Tile Map/53_30_layer_Tile Map_tile_53_30_source_1_atlas_14_0
715.323,landed,953.574768066406,531.078918457031,120.0,0.0,land,surface_wood_impact_1.11111120605469
715.323,sonification,953.574768066406,531.078918457031,120.0,0.0,osc_received,"value_[1, ""mushrooms""]"
715.356,musicking,959.114074707031,530.998901367188,180.0,0.0,osc_received,"value_[1, ""platform_pan_nav""]"
715.59,sonification,993.947387695312,530.998901367188,0.0,0.0,osc_received,"value_[1, ""mushrooms""]"
715.791,move_left_pressed,993.947387695312,530.998901367188,-33.3333320617676,0.0,Move_Left,pressed
715.791,jump_input_pressed,993.947387695312,530.998901367188,-33.3333320617676,0.0,Jump,pressed
715.791,jump_executed,993.947387695312,530.998901367188,-33.3333320617676,-500.0,jump,x_993.947387695312_y_530.998901367188
716.231,jump_peak_reached,929.137634277344,424.105255126953,-180.0,39.8149261474609,jump_peak,x_929.137634277344_y_424.105255126953
716.356,jump_input_released,905.137634277344,446.697845458984,-96.6666641235352,336.111236572266,Jump,released
716.39,platform_landed,903.304321289062,458.986206054688,0.0,0.0,land_on_platform,platform_scene-1/Tile Map/50_26_layer_Tile Map_tile_50_26_source_1_atlas_13_0
716.39,landed,903.304321289062,458.986206054688,0.0,0.0,land,surface_wood_impact_0.82037066650391
716.557,move_right_pressed,903.304321289062,458.986206054688,33.3333320617676,0.0,Move_Right,pressed
716.558,sonification,903.85986328125,458.986206054688,33.3333320617676,0.0,osc_received,"value_[1, ""mushrooms""]"
716.606,jump_input_pressed,906.637634277344,458.986206054688,133.33332824707,0.0,Jump,pressed
716.606,jump_executed,906.637634277344,458.986206054688,133.33332824707,-500.0,jump,x_906.637634277344_y_458.986206054688
716.606,sonification,908.873352050781,450.601409912109,133.33332824707,-500.055541992188,osc_received,"value_[1, ""mushrooms""]"
717.04,jump_peak_reached,983.0400390625,352.106994628906,180.0,39.8149261474609,jump_peak,x_983.0400390625_y_352.106994628906
717.098,coin_collected,992.0400390625,355.949584960938,180.0,113.889007568359,collect_coin,coin_coin26_score_10
717.099,jump_input_released,992.0400390625,355.949584960938,180.0,150.926040649414,Jump,released
717.114,sonification,996.651123046875,361.597747802734,96.6666641235352,187.963073730469,osc_received,"value_[1, ""coins-with-pitch""]"
717.14,platform_landed,996.873352050781,368.981475830078,0.0,0.0,land_on_platform,platform_scene-1/Tile Map/55_21_layer_Tile Map_tile_55_21_source_1_atlas_13_0
717.14,landed,996.873352050781,368.981475830078,0.0,0.0,land,surface_wood_impact_0.52407427978516
717.489,jump_input_pressed,996.873352050781,368.981475830078,0.0,0.0,Jump,pressed
717.489,jump_executed,996.873352050781,368.981475830078,0.0,-500.0,jump,x_996.873352050781_y_368.981475830078
717.523,move_left_pressed,996.873352050781,352.608306884766,-15.0,-458.499969482422,Move_Left,pressed
717.923,jump_peak_reached,941.373352050781,262.102783203125,-180.0,39.8149261474609,jump_peak,x_941.373352050781_y_262.102783203125
718.023,platform_landed,920.373352050781,278.933654785156,-180.0,0.0,land_on_platform,platform_scene-1/Tile Map/51_16_layer_Tile Map_tile_51_16_source_1_atlas_15_0
718.023,landed,920.373352050781,278.933654785156,-180.0,0.0,land,surface_wood_impact_0.52407427978516
718.025,sonification,920.373352050781,278.933654785156,-180.0,0.0,osc_received,"value_[1, ""mushrooms""]"
718.131,jump_input_released,906.762268066406,278.933654785156,-13.3333311080933,0.0,Jump,released
718.148,sonification,906.5400390625,278.933654785156,0.0,0.0,osc_received,"value_[1, ""mushrooms""]"
718.307,move_right_pressed,906.5400390625,278.933654785156,33.3333320617676,0.0,Move_Right,pressed
718.308,sonification,907.095581054688,278.933654785156,33.3333320617676,0.0,osc_received,"value_[1, ""mushrooms""]"
718.356,jump_input_pressed,909.873352050781,278.933654785156,133.33332824707,0.0,Jump,pressed
718.356,jump_executed,909.873352050781,278.933654785156,133.33332824707,-500.0,jump,x_909.873352050781_y_278.933654785156
718.357,sonification,912.09765625,270.591552734375,133.33332824707,-500.055541992188,osc_received,"value_[1, ""mushrooms""]"
718.79,jump_peak_reached,967.425170898438,172.097106933594,96.6666641235352,39.8149261474609,jump_peak,x_967.425170898438_y_172.097106933594
718.79,jump_input_released,967.425170898438,172.097106933594,96.6666641235352,39.8149261474609,Jump,released
718.806,coin_collected,969.036254882812,172.760696411133,96.6666641235352,39.8149261474609,collect_coin,coin_coin27_score_12
718.807,sonification,969.258483886719,174.041564941406,13.3333311080933,76.8519668579102,osc_received,"value_[1, ""coins-with-pitch""]"
718.889,platform_landed,969.258483886719,188.997161865234,0.0,0.0,land_on_platform,platform_scene-1/Tile Map/53_11_layer_Tile Map_tile_53_11_source_1_atlas_14_0
718.89,landed,969.258483886719,188.997161865234,0.0,0.0,land,surface_wood_impact_0.52407427978516
719.332,jump_input_pressed,969.258483886719,188.997161865234,0.0,0.0,Jump,pressed
719.332,jump_executed,969.258483886719,188.997161865234,0.0,-500.0,jump,x_969.258483886719_y_188.997161865234
719.341,move_left_pressed,969.258483886719,180.599227905273,-15.0,-479.222198486328,Move_Left,pressed
719.756,jump_peak_reached,910.758483886719,82.1048278808594,-180.0,39.8149261474609,jump_peak,x_910.758483886719_y_82.1048278808594
719.924,platform_landed,877.758483886719,116.933097839355,-180.0,0.0,land_on_platform,platform_scene-1/Tile Map/48_7_layer_Tile Map_tile_48_7_source_1_atlas_13_0
719.925,landed,877.758483886719,116.933097839355,-180.0,0.0,land,surface_wood_impact_0.82037066650391
719.926,sonification,877.758483886719,116.933097839355,-180.0,0.0,osc_received,"value_[1, ""mushrooms""]"
720.006,jump_input_released,867.147399902344,116.933097839355,-13.3333311080933,0.0,Jump,released
720.023,sonification,866.925170898438,116.933097839355,0.0,0.0,osc_received,"value_[1, ""mushrooms""]"
720.456,jump_input_pressed,866.925170898438,116.933097839355,0.0,0.0,Jump,pressed
720.456,jump_executed,866.925170898438,116.933097839355,0.0,-500.0,jump,x_866.925170898438_y_116.933097839355
720.523,move_left_pressed,866.925170898438,85.6566543579102,-15.0,-417.22216796875,Move_Left,pressed
720.901,jump_peak_reached,817.425170898438,10.0964956283569,-180.0,39.8149261474609,jump_peak,x_817.425170898438_y_10.0964956283569
720.998,jump_input_released,799.425170898438,23.3372478485107,-96.6666641235352,262.037139892578,Jump,released
721.064,platform_landed,797.591857910156,44.9774284362793,0.0,0.0,land_on_platform,platform_scene-1/Tile Map/44_3_layer_Tile Map_tile_44_3_source_1_atlas_13_0
721.065,landed,797.591857910156,44.9774284362793,0.0,0.0,land,surface_wood_impact_0.82037066650391
721.365,move_left_pressed,797.591857910156,44.9774284362793,-33.3333320617676,0.0,Move_Left,pressed
721.366,sonification,797.036315917969,44.9774284362793,-33.3333320617676,0.0,osc_received,"value_[1, ""mushrooms""]"
721.399,jump_input_pressed,795.925231933594,44.9774284362793,-100.0,0.0,Jump,pressed
721.399,jump_executed,795.925231933594,44.9774284362793,-100.0,-500.0,jump,x_795.925231933594_y_44.9774284362793
721.399,sonification,794.249633789062,36.5984535217285,-100.0,-500.055541992188,osc_received,"value_[1, ""mushrooms""]"
721.831,jump_peak_reached,722.166198730469,-61.8959503173828,-180.0,39.8149261474609,jump_peak,x_722.166198730469_y_-61.8959503173828
722.131,platform_landed,691.589721679688,44.9800338745117,0.0,0.0,land_on_platform,platform_scene-1/Tile Map/38_3_layer_Tile Map_tile_38_3_source_1_atlas_13_0
722.131,landed,691.589721679688,44.9800338745117,0.0,0.0,land,surface_wood_impact_1.41296337890625
722.164,jump_input_released,691.589721679688,44.9800338745117,0.0,0.0,Jump,released
722.49,move_right_pressed,691.589721679688,44.9800338745117,33.3333320617676,0.0,Move_Right,pressed
722.491,sonification,692.145263671875,44.9800338745117,33.3333320617676,0.0,osc_received,"value_[1, ""mushrooms""]"
722.539,jump_input_pressed,694.923034667969,44.9800338745117,133.33332824707,0.0,Jump,pressed
722.539,jump_executed,694.923034667969,44.9800338745117,133.33332824707,-500.0,jump,x_694.923034667969_y_44.9800338745117
722.548,sonification,697.157409667969,36.6002426147461,133.33332824707,-500.055541992188,osc_received,"value_[1, ""mushrooms""]"
722.64,jump_input_released,711.324096679688,0.09098720550537,180.0,-376.166595458984,Jump,released
722.739,jump_peak_reached,729.324096679688,-4.70067882537842,180.0,41.2037048339844,jump_peak,x_729.324096679688_y_-4.70067882537842
722.939,platform_landed,764.157409667969,44.9328346252441,13.3333311080933,0.0,land_on_platform,platform_scene-1/Tile Map/42_3_layer_Tile Map_tile_42_3_source_1_atlas_13_0
722.939,landed,764.157409667969,44.9328346252441,13.3333311080933,0.0,land,surface_wood_impact_0.97129644775391
722.94,sonification,764.157409667969,44.9328346252441,13.3333311080933,0.0,osc_received,"value_[1, ""mushrooms""]"
722.964,sonification,764.157409667969,44.9328346252441,0.0,0.0,osc_received,"value_[1, ""mushrooms""]"
723.074,move_left_pressed,764.157409667969,44.9328346252441,-33.3333320617676,0.0,Move_Left,pressed
723.074,sonification,763.601867675781,44.9328346252441,-33.3333320617676,0.0,osc_received,"value_[1, ""mushrooms""]"
723.24,jump_input_pressed,740.824096679688,44.9328346252441,-180.0,0.0,Jump,pressed
723.241,jump_executed,740.824096679688,44.9328346252441,-180.0,-500.0,jump,x_740.824096679688_y_44.9328346252441
723.241,sonification,737.821655273438,36.5917663574219,-180.0,-500.055541992188,osc_received,"value_[1, ""mushrooms""]"
723.673,jump_peak_reached,662.821655273438,-61.9026336669922,-180.0,39.8149261474609,jump_peak,x_662.821655273438_y_-61.9026336669922
723.701,jump_input_released,659.821655273438,-61.2390518188477,-96.6666641235352,76.8519668579102,Jump,released
723.839,platform_landed,657.988342285156,-27.0216960906982,0.0,0.0,land_on_platform,platform_scene-1/Tile Map/36_-1_layer_Tile Map_tile_36_-1_source_1_atlas_13_7
723.839,landed,657.988342285156,-27.0216960906982,0.0,0.0,land,surface_wood_impact_0.82037066650391
723.847,musicking,657.988342285156,-27.0216960906982,0.0,0.0,osc_received,"value_[1, ""cloud""]"
724.631,move_right_pressed,657.988342285156,-27.0216960906982,33.3333320617676,0.0,Move_Right,pressed
725.073,platform_landed,735.342529296875,44.9336280822754,180.0,0.0,land_on_platform,platform_scene-1/Tile Map/40_3_layer_Tile Map_tile_40_3_source_1_atlas_13_0
725.073,landed,735.342529296875,44.9336280822754,180.0,0.0,land,surface_wood_impact_1.11111120605469
725.074,sonification,735.342529296875,44.9336280822754,180.0,0.0,osc_received,"value_[1, ""mushrooms""]"
725.739,sonification,852.364379882812,45.4023780822754,180.0,0.0,osc_received,"value_[1, ""mushrooms""]"
725.948,move_left_pressed,875.197692871094,93.5505294799805,-15.0,481.481536865234,Move_Left,pressed
725.981,platform_landed,873.697692871094,116.933799743652,-45.0,0.0,land_on_platform,platform_scene-1/Tile Map/48_7_layer_Tile Map_tile_48_7_source_1_atlas_13_0
725.982,landed,873.697692871094,116.933799743652,-45.0,0.0,land,surface_wood_impact_1.11111120605469
725.982,sonification,873.697692871094,116.933799743652,-45.0,0.0,osc_received,"value_[1, ""mushrooms""]"
726.122,sonification,860.308837890625,116.925270080566,0.0,0.0,osc_received,"value_[1, ""mushrooms""]"
726.914,move_right_pressed,860.308837890625,116.925270080566,33.3333320617676,0.0,Move_Right,pressed
726.915,sonification,860.864379882812,116.925270080566,33.3333320617676,0.0,osc_received,"value_[1, ""mushrooms""]"
726.94,jump_input_pressed,860.864379882812,116.925270080566,66.6666641235352,0.0,Jump,pressed
726.94,jump_executed,860.864379882812,116.925270080566,66.6666641235352,-500.0,jump,x_860.864379882812_y_116.925270080566
726.956,sonification,863.336730957031,100.601036071777,81.6666641235352,-479.333312988281,osc_received,"value_[1, ""mushrooms""]"
726.998,move_left_pressed,864.947814941406,92.9565887451172,0.0,-437.833282470703,Move_Left,pressed
727.372,jump_peak_reached,815.447814941406,10.0955038070679,-180.0,39.8149261474609,jump_peak,x_815.447814941406_y_10.0955038070679
727.406,jump_input_released,809.447814941406,12.0399513244629,-180.0,113.889007568359,Jump,released
727.54,platform_landed,801.614501953125,44.9764366149902,0.0,0.0,land_on_platform,platform_scene-1/Tile Map/44_3_layer_Tile Map_tile_44_3_source_1_atlas_13_0
727.54,landed,801.614501953125,44.9764366149902,0.0,0.0,land,surface_wood_impact_0.82037066650391
728.074,move_left_pressed,801.614501953125,44.9764366149902,-33.3333320617676,0.0,Move_Left,pressed
728.081,sonification,801.058959960938,44.9764366149902,-33.3333320617676,0.0,osc_received,"value_[1, ""mushrooms""]"
729.098,sonification,629.447875976562,44.930793762207,0.0,0.0,osc_received,"value_[1, ""mushrooms""]"
729.107,move_right_pressed,629.447875976562,44.930793762207,33.3333320617676,0.0,Move_Right,pressed
729.114,sonification,630.00341796875,44.930793762207,33.3333320617676,0.0,osc_received,"value_[1, ""mushrooms""]"
730.114,sonification,801.614501953125,44.930793762207,0.0,0.0,osc_received,"value_[1, ""mushrooms""]"
730.157,move_left_pressed,801.614501953125,44.930793762207,-33.3333320617676,0.0,Move_Left,pressed
730.157,sonification,801.058959960938,44.930793762207,-33.3333320617676,0.0,osc_received,"value_[1, ""mushrooms""]"
730.531,sonification,746.447875976562,44.930793762207,0.0,0.0,osc_received,"value_[1, ""mushrooms""]"
731.032,move_left_pressed,746.447875976562,44.930793762207,-33.3333320617676,0.0,Move_Left,pressed
731.037,sonification,745.892333984375,44.930793762207,-33.3333320617676,0.0,osc_received,"value_[1, ""mushrooms""]"
731.223,sonification,721.28125,44.930793762207,0.0,0.0,osc_received,"value_[1, ""mushrooms""]"
731.973,move_left_pressed,721.28125,44.930793762207,-33.3333320617676,0.0,Move_Left,pressed
731.99,sonification,719.614624023438,44.930793762207,-66.6666641235352,0.0,osc_received,"value_[1, ""mushrooms""]"
732.181,sonification,696.114624023438,44.930793762207,0.0,0.0,osc_received,"value_[1, ""mushrooms""]"
732.441,move_right_pressed,696.114624023438,44.930793762207,33.3333320617676,0.0,Move_Right,pressed
732.442,sonification,696.670166015625,44.930793762207,33.3333320617676,0.0,osc_received,"value_[1, ""mushrooms""]"
732.574,jump_input_pressed,713.447937011719,44.930793762207,180.0,0.0,Jump,pressed
732.574,jump_executed,713.447937011719,44.930793762207,180.0,-500.0,jump,x_713.447937011719_y_44.930793762207
732.574,sonification,716.449829101562,36.5912971496582,180.0,-500.055541992188,osc_received,"value_[1, ""mushrooms""]"
732.639,move_left_pressed,724.060913085938,13.657039642334,0.0,-417.22216796875,Move_Left,pressed
733.006,jump_peak_reached,677.560913085938,-61.9031066894531,-180.0,39.8149261474609,jump_peak,x_677.560913085938_y_-61.9031066894531
733.076,jump_input_released,665.560913085938,-55.5450744628906,-96.6666641235352,187.963073730469,Jump,released
733.172,platform_landed,663.727600097656,-27.0221767425537,0.0,0.0,land_on_platform,platform_scene-1/Tile Map/36_-1_layer_Tile Map_tile_36_-1_source_1_atlas_13_7
733.172,landed,663.727600097656,-27.0221767425537,0.0,0.0,land,surface_wood_impact_0.82037066650391
733.18,musicking,663.727600097656,-27.0221767425537,0.0,0.0,osc_received,"value_[1, ""cloud""]"
734.123,jump_input_pressed,663.727600097656,-27.0221767425537,0.0,0.0,Jump,pressed
734.123,jump_executed,663.727600097656,-27.0221767425537,0.0,-500.0,jump,x_663.727600097656_y_-27.0221767425537
734.141,move_left_pressed,663.727600097656,-35.4032821655273,-15.0,-479.222198486328,Move_Left,pressed
734.556,jump_peak_reached,605.227600097656,-133.897689819336,-180.0,39.8149261474609,jump_peak,x_605.227600097656_y_-133.897689819336
734.789,jump_input_released,564.616516113281,-68.434684753418,-13.3333311080933,558.33349609375,Jump,released
734.79,platform_landed,564.394287109375,-63.0671615600586,-13.3333311080933,0.0,land_on_platform,platform_scene-1/Tile Map/31_-3_layer_Tile Map_tile_31_-3_source_1_atlas_2_0
734.79,landed,564.394287109375,-63.0671615600586,-13.3333311080933,0.0,land,surface_wood_impact_1.1166669921875
734.823,musicking,564.394287109375,-63.0671615600586,0.0,0.0,osc_received,"value_[1, ""platform_pan_nav""]"
736.272,jump_input_pressed,564.394287109375,-63.0671615600586,0.0,0.0,Jump,pressed
736.272,jump_executed,564.394287109375,-63.0671615600586,0.0,-500.0,jump,x_564.394287109375_y_-63.0671615600586
736.306,move_left_pressed,564.394287109375,-79.3980102539062,-15.0,-458.499969482422,Move_Left,pressed
736.706,jump_peak_reached,508.894287109375,-169.903564453125,-180.0,39.8149261474609,jump_peak,x_508.894287109375_y_-169.903564453125
736.74,jump_input_released,504.283172607422,-167.959106445312,-13.3333311080933,113.889007568359,Jump,released
736.873,coin_collected,504.060943603516,-135.489974975586,0.0,373.148284912109,collect_coin,coin_coin9_score_14
736.874,sonification,504.060943603516,-128.653549194336,0.0,410.185333251953,osc_received,"value_[1, ""coins-with-pitch""]"
736.907,platform_landed,504.060943603516,-117.006713867188,0.0,0.0,land_on_platform,platform_scene-1/Tile Map/27_-6_layer_Tile Map_tile_27_-6_source_1_atlas_2_0
736.907,landed,504.060943603516,-117.006713867188,0.0,0.0,land,surface_wood_impact_0.96851885986328
737.706,jump_input_pressed,504.060943603516,-117.006713867188,0.0,0.0,Jump,pressed
737.706,jump_executed,504.060943603516,-117.006713867188,0.0,-500.0,jump,x_504.060943603516_y_-117.006713867188
737.973,jump_input_released,504.060943603516,-209.489242553711,0.0,-174.222106933594,Jump,released
738.073,jump_peak_reached,504.060943603516,-214.280914306641,0.0,41.2037048339844,jump_peak,x_504.060943603516_y_-214.280914306641
738.356,platform_landed,504.060943603516,-117.039978027344,0.0,0.0,land_on_platform,platform_scene-1/Tile Map/27_-6_layer_Tile Map_tile_27_-6_source_1_atlas_2_0
738.357,landed,504.060943603516,-117.039978027344,0.0,0.0,land,surface_wood_impact_1.34166687011719
738.556,jump_input_pressed,504.060943603516,-117.039978027344,0.0,0.0,Jump,pressed
738.556,jump_executed,504.060943603516,-117.039978027344,0.0,-500.0,jump,x_504.060943603516_y_-117.039978027344
738.573,move_left_pressed,504.060943603516,-125.40559387207,-15.0,-479.222198486328,Move_Left,pressed
738.998,jump_peak_reached,474.57470703125,-223.899978637695,-180.0,39.8149261474609,jump_peak,x_474.57470703125_y_-223.899978637695
739.074,jump_input_released,459.57470703125,-214.409210205078,-96.6666641235352,225.000106811523,Jump,released
739.09,platform_landed,457.741363525391,-207.066421508789,-13.3333311080933,0.0,land_on_platform,platform_scene-1/Tile Map/25_-11_layer_Tile Map_tile_25_-11_source_1_atlas_2_0
739.09,landed,457.741363525391,-207.066421508789,-13.3333311080933,0.0,land,surface_wood_impact_0.52407427978516
739.107,musicking,457.741363525391,-207.066421508789,0.0,0.0,osc_received,"value_[1, ""platform_pan_nav""]"
739.273,move_right_pressed,457.741363525391,-207.066421508789,33.3333320617676,0.0,Move_Right,pressed
739.34,jump_input_pressed,463.296905517578,-207.066421508789,166.666656494141,0.0,Jump,pressed
739.341,jump_executed,463.296905517578,-207.066421508789,166.666656494141,-500.0,jump,x_463.296905517578_y_-207.066421508789
739.773,jump_peak_reached,541.077209472656,-313.902557373047,180.0,39.8149261474609,jump_peak,x_541.077209472656_y_-313.902557373047
739.94,jump_input_released,566.910522460938,-279.488952636719,0.0,410.185333251953,Jump,released
739.974,platform_landed,566.910522460938,-258.010589599609,0.0,0.0,land_on_platform,platform_scene-1/Tile Map/31_-14_layer_Tile Map_tile_31_-14_source_1_atlas_18_3
739.974,landed,566.910522460938,-258.010589599609,0.0,0.0,land,surface_wood_impact_0.96851885986328
739.981,musicking,566.910522460938,-258.010589599609,0.0,0.0,osc_received,"value_[1, ""leaves""]"
740.29,move_right_pressed,566.910522460938,-258.010589599609,33.3333320617676,0.0,Move_Right,pressed
740.573,jump_input_pressed,583.073547363281,-258.062469482422,0.0,0.0,Jump,pressed
740.573,jump_executed,583.073547363281,-258.062469482422,0.0,-500.0,jump,x_583.073547363281_y_-258.062469482422
740.606,move_left_pressed,583.073547363281,-274.392669677734,-15.0,-458.499969482422,Move_Left,pressed
741.007,jump_peak_reached,546.575012207031,-364.898101806641,-180.0,39.8149261474609,jump_peak,x_546.575012207031_y_-364.898101806641
741.107,jump_input_released,528.575012207031,-351.657348632812,-180.0,262.037139892578,Jump,released
741.107,platform_landed,525.574951171875,-351.067230224609,-180.0,0.0,land_on_platform,platform_scene-1/Tile Map/29_-19_layer_Tile Map_tile_29_-19_source_1_atlas_12_0
741.108,landed,525.574951171875,-351.067230224609,-180.0,0.0,land,surface_wood_impact_0.52407427978516
741.108,sonification,525.574951171875,-351.067230224609,-180.0,0.0,osc_received,"value_[1, ""mushrooms""]"
741.165,sonification,523.741638183594,-351.067230224609,0.0,0.0,osc_received,"value_[1, ""mushrooms""]"
741.258,move_left_pressed,523.741638183594,-351.067230224609,-33.3333320617676,0.0,Move_Left,pressed
741.258,sonification,523.186096191406,-351.067230224609,-33.3333320617676,0.0,osc_received,"value_[1, ""mushrooms""]"
741.591,sonification,474.574981689453,-351.074859619141,0.0,0.0,osc_received,"value_[1, ""mushrooms""]"
741.623,move_right_pressed,474.574981689453,-351.074859619141,33.3333320617676,0.0,Move_Right,pressed
741.631,sonification,475.130523681641,-351.074859619141,33.3333320617676,0.0,osc_received,"value_[1, ""mushrooms""]"
742.04,jump_input_pressed,542.908325195312,-351.074859619141,180.0,0.0,Jump,pressed
742.04,jump_executed,542.908325195312,-351.074859619141,180.0,-500.0,jump,x_542.908325195312_y_-351.074859619141
742.041,sonification,545.908630371094,-359.409973144531,180.0,-500.055541992188,osc_received,"value_[1, ""mushrooms""]"
742.465,jump_input_released,617.908630371094,-457.95068359375,96.6666641235352,2.77788853645325,Jump,released
742.473,jump_peak_reached,619.519714355469,-457.904388427734,13.3333311080933,39.8149261474609,jump_peak,x_619.519714355469_y_-457.904388427734
742.589,coin_collected,619.741943359375,-440.296356201172,0.0,262.037139892578,collect_coin,coin_coin11_score_16
742.59,sonification,619.741943359375,-435.311798095703,0.0,299.074188232422,osc_received,"value_[1, ""coins-with-pitch""]"
742.64,platform_landed,619.741943359375,-420.019165039062,0.0,0.0,land_on_platform,platform_scene-1/Tile Map/34_-23_layer_Tile Map_tile_34_-23_source_1_atlas_17_3
742.64,landed,619.741943359375,-420.019165039062,0.0,0.0,land,surface_wood_impact_0.82037066650391
742.641,musicking,619.741943359375,-420.019165039062,0.0,0.0,osc_received,"value_[1, ""leaves""]"
742.657,musicking,619.741943359375,-420.019165039062,0.0,0.0,osc_received,"value_[1, ""platform_pan_nav""]"
743.041,move_right_pressed,619.741943359375,-420.019165039062,33.3333320617676,0.0,Move_Right,pressed
743.041,jump_input_pressed,619.741943359375,-420.019165039062,33.3333320617676,0.0,Jump,pressed
743.041,jump_executed,619.741943359375,-420.019165039062,33.3333320617676,-500.0,jump,x_619.741943359375_y_-420.019165039062
743.473,jump_peak_reached,684.550964355469,-526.901306152344,180.0,39.8149261474609,jump_peak,x_684.550964355469_y_-526.901306152344
743.624,platform_landed,714.551025390625,-495.066955566406,180.0,0.0,land_on_platform,platform_scene-1/Tile Map/39_-27_layer_Tile Map_tile_39_-27_source_1_atlas_2_0
743.624,landed,714.551025390625,-495.066955566406,180.0,0.0,land,surface_wood_impact_0.74629656982422
743.64,jump_input_released,714.551025390625,-495.066955566406,180.0,0.0,Jump,released
744.023,move_right_pressed,719.384338378906,-495.066955566406,33.3333320617676,0.0,Move_Right,pressed
744.023,jump_input_pressed,719.384338378906,-495.066955566406,33.3333320617676,0.0,Jump,pressed
744.023,jump_executed,719.384338378906,-495.066955566406,33.3333320617676,-500.0,jump,x_719.384338378906_y_-495.066955566406
744.456,jump_peak_reached,784.190307617188,-601.903442382812,180.0,39.8149261474609,jump_peak,x_784.190307617188_y_-601.903442382812
744.557,platform_landed,805.190307617188,-585.066345214844,180.0,0.0,land_on_platform,platform_scene-1/Tile Map/44_-32_layer_Tile Map_tile_44_-32_source_1_atlas_3_0
744.557,landed,805.190307617188,-585.066345214844,180.0,0.0,land,surface_wood_impact_0.52407427978516
744.656,jump_input_released,820.219299316406,-583.617004394531,180.0,74.0740737915039,Jump,released
744.94,coin_collected,852.052612304688,-478.678741455078,0.0,666.666748046875,collect_coin,coin_coin16_score_18
744.941,platform_landed,852.052612304688,-474.005706787109,0.0,0.0,land_on_platform,platform_scene-1/Tile Map/47_-26_layer_Tile Map_tile_47_-26_source_1_atlas_13_6
744.941,landed,852.052612304688,-474.005706787109,0.0,0.0,land,surface_wood_impact_1.40740759277344
744.942,sonification,852.052612304688,-474.005706787109,0.0,0.0,osc_received,"value_[1, ""coins-with-pitch""]"
744.942,musicking,852.052612304688,-474.005706787109,0.0,0.0,osc_received,"value_[1, ""water-tube""]"
745.407,move_right_pressed,852.052612304688,-474.005706787109,33.3333320617676,0.0,Move_Right,pressed
745.523,coin_collected,866.385925292969,-474.005706787109,180.0,0.0,collect_coin,coin_coin17_score_20
745.524,sonification,869.385925292969,-474.005706787109,180.0,0.0,osc_received,"value_[1, ""coins-with-pitch""]"
745.723,coin_collected,902.385925292969,-474.005706787109,180.0,0.0,collect_coin,coin_coin18_score_22
745.724,sonification,905.385925292969,-474.005706787109,180.0,0.0,osc_received,"value_[1, ""coins-with-pitch""]"
745.923,coin_collected,938.385925292969,-474.005706787109,180.0,0.0,collect_coin,coin_coin19_score_24
745.925,sonification,941.385925292969,-474.005706787109,180.0,0.0,osc_received,"value_[1, ""coins-with-pitch""]"
746.457,move_left_pressed,1034.38598632812,-474.005706787109,96.6666641235352,0.0,Move_Left,pressed
747.357,jump_input_pressed,886.668640136719,-474.005706787109,-180.0,0.0,Jump,pressed
747.357,jump_executed,886.668640136719,-474.005706787109,-180.0,-500.0,jump,x_886.668640136719_y_-474.005706787109
747.789,jump_peak_reached,817.444152832031,-580.899353027344,-18.397741317749,39.8149261474609,jump_peak,x_817.444152832031_y_-580.899353027344
748.04,jump_input_released,812.713684082031,-506.398834228516,0.0,595.370544433594,Jump,released
748.073,platform_landed,812.713684082031,-474.985473632812,0.0,0.0,land_on_platform,platform_scene-1/Tile Map/45_-26_layer_Tile Map_tile_45_-26_source_1_atlas_14_6
748.073,landed,812.713684082031,-474.985473632812,0.0,0.0,land,surface_wood_impact_1.33888928222656
748.082,musicking,812.713684082031,-474.985473632812,0.0,0.0,osc_received,"value_[1, ""water-tube""]"
748.09,move_right_pressed,812.713684082031,-474.985473632812,33.3333320617676,0.0,Move_Right,pressed
748.974,move_left_pressed,965.067565917969,-474.038024902344,96.6666641235352,0.0,Move_Left,pressed
749.906,jump_input_pressed,815.007202148438,-474.974578857422,-180.0,0.0,Jump,pressed
749.906,jump_executed,815.007202148438,-474.974578857422,-180.0,-500.0,jump,x_815.007202148438_y_-474.974578857422
749.923,jump_peak_reached,811.986755371094,-483.365570068359,-180.0,-479.222198486328,jump_peak,x_811.986755371094_y_-483.365570068359
750.307,platform_landed,740.0205078125,-494.992248535156,-180.0,0.0,land_on_platform,platform_scene-1/Tile Map/40_-27_layer_Tile Map_tile_40_-27_source_1_atlas_3_0
750.307,landed,740.0205078125,-494.992248535156,-180.0,0.0,land,surface_wood_impact_0.96296307373047
750.341,musicking,734.0205078125,-495.065124511719,-180.0,0.0,osc_received,"value_[1, ""platform_pan_nav""]"
750.523,jump_input_released,704.0205078125,-495.065124511719,-96.6666641235352,0.0,Jump,released
750.707,move_right_pressed,702.187194824219,-495.065124511719,33.3333320617676,0.0,Move_Right,pressed
750.773,jump_input_pressed,707.742736816406,-495.074584960938,166.666656494141,0.0,Jump,pressed
750.773,jump_executed,707.742736816406,-495.074584960938,166.666656494141,-500.0,jump,x_707.742736816406_y_-495.074584960938
751.207,jump_peak_reached,785.520874023438,-601.904296875,180.0,39.8149261474609,jump_peak,x_785.520874023438_y_-601.904296875
751.207,jump_input_released,785.520874023438,-601.904296875,180.0,39.8149261474609,Jump,released
751.307,platform_landed,790.354187011719,-585.004272460938,0.0,0.0,land_on_platform,platform_scene-1/Tile Map/43_-32_layer_Tile Map_tile_43_-32_source_1_atlas_2_0
751.307,landed,790.354187011719,-585.004272460938,0.0,0.0,land,surface_wood_impact_0.52407427978516
751.399,move_left_pressed,790.354187011719,-585.004272460938,-33.3333320617676,0.0,Move_Left,pressed
751.757,jump_input_pressed,756.184204101562,-585.004272460938,0.0,0.0,Jump,pressed
751.758,jump_executed,756.184204101562,-585.004272460938,0.0,-500.0,jump,x_756.184204101562_y_-585.004272460938
751.774,move_left_pressed,756.184204101562,-593.359619140625,-15.0,-479.222198486328,Move_Left,pressed
752.189,jump_peak_reached,697.684204101562,-691.85400390625,-180.0,39.8149261474609,jump_peak,x_697.684204101562_y_-691.85400390625
752.441,jump_input_released,654.073120117188,-617.08544921875,-13.3333311080933,595.370544433594,Jump,released
752.473,coin_collected,653.850891113281,-596.622497558594,0.0,632.407592773438,collect_coin,coin_coin15_score_26
752.475,sonification,653.850891113281,-585.465087890625,0.0,669.444641113281,osc_received,"value_[1, ""coins-with-pitch""]"
752.49,platform_landed,653.850891113281,-585.005126953125,0.0,0.0,land_on_platform,platform_scene-1/Tile Map/36_-32_layer_Tile Map_tile_36_-32_source_1_atlas_2_0
752.49,landed,653.850891113281,-585.005126953125,0.0,0.0,land,surface_wood_impact_1.41296337890625
752.507,musicking,653.850891113281,-585.005126953125,0.0,0.0,osc_received,"value_[1, ""platform_pan_nav""]"
753.124,move_left_pressed,653.850891113281,-585.005126953125,-33.3333320617676,0.0,Move_Left,pressed
753.124,jump_input_pressed,653.850891113281,-585.005126953125,-33.3333320617676,0.0,Jump,pressed
753.124,jump_executed,653.850891113281,-585.005126953125,-33.3333320617676,-500.0,jump,x_653.850891113281_y_-585.005126953125
753.557,jump_peak_reached,589.041381835938,-691.895202636719,-180.0,39.8149261474609,jump_peak,x_589.041381835938_y_-691.895202636719
753.823,jump_input_released,542.430297851562,-607.203796386719,-13.3333311080933,632.407592773438,Jump,released
753.866,platform_landed,542.208068847656,-585.011840820312,0.0,0.0,land_on_platform,platform_scene-1/Tile Map/30_-32_layer_Tile Map_tile_30_-32_source_1_atlas_2_0
753.866,landed,542.208068847656,-585.011840820312,0.0,0.0,land,surface_wood_impact_1.41296337890625
754.291,move_left_pressed,542.208068847656,-585.011840820312,-33.3333320617676,0.0,Move_Left,pressed
754.306,jump_input_pressed,541.652526855469,-585.011840820312,-66.6666641235352,0.0,Jump,pressed
754.306,jump_executed,541.652526855469,-585.011840820312,-66.6666641235352,-500.0,jump,x_541.652526855469_y_-585.011840820312
754.74,jump_peak_reached,471.756408691406,-691.896057128906,-180.0,39.8149261474609,jump_peak,x_471.756408691406_y_-691.896057128906
754.823,jump_input_released,456.756408691406,-682.405334472656,-180.0,225.000106811523,Jump,released
755.057,platform_landed,448.923065185547,-564.002807617188,0.0,0.0,land_on_platform,platform_scene-1/Tile Map/24_-31_layer_Tile Map_tile_24_-31_source_1_atlas_13_6
755.057,landed,448.923065185547,-564.002807617188,0.0,0.0,land,surface_wood_impact_1.48703747558594
755.057,musicking,448.923065185547,-564.002807617188,0.0,0.0,osc_received,"value_[1, ""water-tube""]"
755.539,move_left_pressed,448.923065185547,-564.002807617188,-33.3333320617676,0.0,Move_Left,pressed
755.556,jump_input_pressed,448.367584228516,-564.050659179688,-66.6666641235352,0.0,Jump,pressed
755.556,jump_executed,448.367584228516,-564.050659179688,-66.6666641235352,-500.0,jump,x_448.367584228516_y_-564.050659179688
755.573,jump_peak_reached,447.255645751953,-572.391052246094,-81.6666641235352,-479.222198486328,jump_peak,x_447.255645751953_y_-572.391052246094
756.265,platform_landed,327.426849365234,-582.082214355469,-180.0,0.0,land_on_platform,platform_scene-1/Tile Map/18_-32_layer_Tile Map_tile_18_-32_source_1_atlas_14_6
756.265,landed,327.426849365234,-582.082214355469,-180.0,0.0,land,surface_wood_impact_1.26481518554687
756.266,musicking,327.426849365234,-582.082214355469,-180.0,0.0,osc_received,"value_[1, ""water-tube""]"
756.274,musicking,324.426818847656,-581.984558105469,-180.0,0.0,osc_received,"value_[1, ""platform_pan_nav""]"
756.373,jump_input_released,309.426879882812,-582.049255371094,-96.6666641235352,0.0,Jump,released
756.956,jump_input_pressed,307.593536376953,-582.049255371094,0.0,0.0,Jump,pressed
756.956,jump_executed,307.593536376953,-582.049255371094,0.0,-500.0,jump,x_307.593536376953_y_-582.049255371094
756.973,move_left_pressed,307.593536376953,-590.406860351562,-15.0,-479.222198486328,Move_Left,pressed
757.389,jump_peak_reached,249.093536376953,-688.901245117188,-180.0,39.8149261474609,jump_peak,x_249.093536376953_y_-688.901245117188
757.69,platform_landed,205.260192871094,-582.052368164062,0.0,0.0,land_on_platform,platform_scene-1/Tile Map/11_-32_layer_Tile Map_tile_11_-32_source_1_atlas_14_6
757.69,landed,205.260192871094,-582.052368164062,0.0,0.0,land,surface_wood_impact_1.41296337890625
757.69,musicking,205.260192871094,-582.052368164062,0.0,0.0,osc_received,"value_[1, ""water-tube""]"
757.707,jump_input_released,205.260192871094,-582.052368164062,0.0,0.0,Jump,released
758.066,move_left_pressed,205.260192871094,-582.052368164062,-33.3333320617676,0.0,Move_Left,pressed
758.066,jump_input_pressed,205.260192871094,-582.052368164062,-33.3333320617676,0.0,Jump,pressed
758.066,jump_executed,205.260192871094,-582.052368164062,-33.3333320617676,-500.0,jump,x_205.260192871094_y_-582.052368164062
758.489,jump_peak_reached,140.450607299805,-688.941223144531,-180.0,39.8149261474609,jump_peak,x_140.450607299805_y_-688.941223144531
758.773,coin_collected,89.4506072998047,-593.709716796875,-180.0,632.407592773438,collect_coin,coin_coin20_score_28
758.773,platform_landed,86.4506072998047,-585.066284179688,-180.0,0.0,land_on_platform,platform_scene-1/Tile Map/4_-32_layer_Tile Map_tile_4_-32_source_1_atlas_2_0
758.773,landed,86.4506072998047,-585.066284179688,-180.0,0.0,land,surface_wood_impact_1.33888928222656
758.774,sonification,86.4506072998047,-585.066284179688,-180.0,0.0,osc_received,"value_[1, ""coins-with-pitch""]"
758.89,jump_input_released,68.4506072998047,-585.066284179688,-96.6666641235352,0.0,Jump,released
759.257,jump_input_pressed,66.6172714233398,-585.066284179688,0.0,0.0,Jump,pressed
759.257,jump_executed,66.6172714233398,-585.066284179688,0.0,-500.0,jump,x_66.6172714233398_y_-585.066284179688
759.273,jump_peak_reached,66.6172714233398,-593.409057617188,0.0,-479.222198486328,jump_peak,x_66.6172714233398_y_-593.409057617188
759.306,move_left_pressed,66.6172714233398,-609.042419433594,-15.0,-437.833282470703,Move_Left,pressed
759.701,platform_landed,11.118558883667,-637.051147460938,-180.0,0.0,land_on_platform,platform_scene-1/Tile Map/0_-35_layer_Tile Map_tile_0_-35_source_1_atlas_14_6
759.701,landed,11.118558883667,-637.051147460938,-180.0,0.0,land,surface_wood_impact_0.81481488037109
759.706,musicking,8.11858367919922,-636.359741210938,-180.0,0.0,osc_received,"value_[1, ""water-tube""]"
759.732,musicking,5.09217262268066,-636.031616210938,-180.0,0.0,osc_received,"value_[1, ""platform_pan_nav""]"
759.831,jump_input_released,-5.74196147918701,-636.056823730469,0.0,0.0,Jump,released
760.068,jump_input_pressed,-5.74196147918701,-636.056823730469,0.0,0.0,Jump,pressed
760.068,jump_executed,-5.74196147918701,-636.056823730469,0.0,-500.0,jump,x_-5.74196147918701_y_-636.056823730469
760.101,move_right_pressed,-5.74196147918701,-652.38525390625,15.0,-458.499969482422,Move_Right,pressed
760.474,jump_input_released,46.7580413818359,-742.937072753906,180.0,2.77788853645325,Jump,released
760.49,jump_peak_reached,49.7580413818359,-742.890747070312,96.6666641235352,39.8149261474609,jump_peak,x_49.7580413818359_y_-742.890747070312
760.64,platform_landed,51.5913734436035,-711.003662109375,0.0,0.0,land_on_platform,platform_scene-1/Tile Map/2_-39_layer_Tile Map_tile_2_-39_source_1_atlas_2_0
760.64,landed,51.5913734436035,-711.003662109375,0.0,0.0,land,surface_wood_impact_0.74629656982422
760.807,move_left_pressed,51.5913734436035,-711.003662109375,-33.3333320617676,0.0,Move_Left,pressed
760.823,jump_input_pressed,51.035816192627,-711.003662109375,-66.6666641235352,0.0,Jump,pressed
760.823,jump_executed,51.035816192627,-711.003662109375,-66.6666641235352,-500.0,jump,x_51.035816192627_y_-711.003662109375
761.256,jump_peak_reached,-18.8613204956055,-817.894165039062,-180.0,39.8149261474609,jump_peak,x_-18.8613204956055_y_-817.894165039062
761.324,jump_input_released,-30.8613204956055,-811.5361328125,-96.6666641235352,187.963073730469,Jump,released
761.357,platform_landed,-32.694652557373,-801.019714355469,0.0,0.0,land_on_platform,platform_scene-1/Tile Map/-2_-44_layer_Tile Map_tile_-2_-44_source_1_atlas_2_0
761.357,landed,-32.694652557373,-801.019714355469,0.0,0.0,land,surface_wood_impact_0.52407427978516
761.441,move_right_pressed,-32.694652557373,-801.019714355469,33.3333320617676,0.0,Move_Right,pressed
761.442,jump_input_pressed,-32.694652557373,-801.019714355469,33.3333320617676,0.0,Jump,pressed
761.442,jump_executed,-32.694652557373,-801.019714355469,33.3333320617676,-500.0,jump,x_-32.694652557373_y_-801.019714355469
761.857,jump_input_released,29.1141548156738,-907.943481445312,96.6666641235352,2.77788853645325,Jump,released
761.873,jump_peak_reached,30.7252655029297,-907.897155761719,0.0,39.8149261474609,jump_peak,x_30.7252655029297_y_-907.897155761719
761.873,move_left_pressed,30.7252655029297,-907.897155761719,0.0,39.8149261474609,Move_Left,pressed
762.174,platform_landed,3.39193153381348,-800.634338378906,0.0,0.0,land_on_platform,platform_scene-1/Tile Map/-1_-44_layer_Tile Map_tile_-1_-44_source_1_atlas_3_0
762.174,landed,3.39193153381348,-800.634338378906,0.0,0.0,land,surface_wood_impact_1.41296337890625
762.64,jump_input_pressed,3.39193153381348,-800.634338378906,0.0,0.0,Jump,pressed
762.64,jump_executed,3.39193153381348,-800.634338378906,0.0,-500.0,jump,x_3.39193153381348_y_-800.634338378906
762.657,move_right_pressed,3.39193153381348,-808.987915039062,15.0,-479.222198486328,Move_Right,pressed
763.074,jump_peak_reached,61.8919334411621,-907.482299804688,180.0,39.8149261474609,jump_peak,x_61.8919334411621_y_-907.482299804688
763.223,jump_input_released,88.8919372558594,-879.287841796875,180.0,373.148284912109,Jump,released
763.34,platform_landed,93.7252731323242,-816.038635253906,0.0,0.0,land_on_platform,platform_scene-1/Tile Map/5_-45_layer_Tile Map_tile_5_-45_source_1_atlas_13_6
763.34,landed,93.7252731323242,-816.038635253906,0.0,0.0,land,surface_wood_impact_1.26481518554687
763.34,musicking,93.7252731323242,-816.038635253906,0.0,0.0,osc_received,"value_[1, ""water-tube""]"
763.373,musicking,93.7252731323242,-816.038635253906,0.0,0.0,osc_received,"value_[1, ""platform_pan_nav""]"
764.049,move_right_pressed,93.7252731323242,-816.038635253906,33.3333320617676,0.0,Move_Right,pressed
764.064,jump_input_pressed,94.2808685302734,-816.068298339844,66.6666641235352,0.0,Jump,pressed
764.064,jump_executed,94.2808685302734,-816.068298339844,66.6666641235352,-500.0,jump,x_94.2808685302734_y_-816.068298339844
764.49,jump_peak_reached,164.170288085938,-922.900695800781,180.0,39.8149261474609,jump_peak,x_164.170288085938_y_-922.900695800781
764.641,jump_input_released,191.170288085938,-894.706237792969,96.6666641235352,373.148284912109,Jump,released
764.773,platform_landed,193.003631591797,-819.039611816406,0.0,0.0,land_on_platform,platform_scene-1/Tile Map/10_-45_layer_Tile Map_tile_10_-45_source_1_atlas_13_7
764.773,landed,193.003631591797,-819.039611816406,0.0,0.0,land,surface_wood_impact_1.33888928222656
764.781,musicking,193.003631591797,-819.039611816406,0.0,0.0,osc_received,"value_[1, ""cloud""]"
765.575,move_right_pressed,193.003631591797,-819.039611816406,33.3333320617676,0.0,Move_Right,pressed
765.699,jump_input_pressed,207.336975097656,-819.0712890625,180.0,0.0,Jump,pressed
765.699,jump_executed,207.336975097656,-819.0712890625,180.0,-500.0,jump,x_207.336975097656_y_-819.0712890625
765.706,jump_peak_reached,210.338302612305,-827.409240722656,180.0,-479.222198486328,jump_peak,x_210.338302612305_y_-827.409240722656
766.341,jump_input_released,324.338317871094,-869.12890625,180.0,521.296447753906,Jump,released
766.423,platform_landed,332.171661376953,-816.019104003906,0.0,0.0,land_on_platform,platform_scene-1/Tile Map/18_-45_layer_Tile Map_tile_18_-45_source_1_atlas_13_6
766.423,landed,332.171661376953,-816.019104003906,0.0,0.0,land,surface_wood_impact_1.41296337890625
766.424,musicking,332.171661376953,-816.019104003906,0.0,0.0,osc_received,"value_[1, ""water-tube""]"
767.724,move_left_pressed,332.171661376953,-816.019104003906,-33.3333320617676,0.0,Move_Left,pressed
767.741,jump_input_pressed,331.616149902344,-816.062255859375,-66.6666641235352,0.0,Jump,pressed
767.741,jump_executed,331.616149902344,-816.062255859375,-66.6666641235352,-500.0,jump,x_331.616149902344_y_-816.062255859375
768.173,jump_peak_reached,261.726501464844,-922.896362304688,-180.0,39.8149261474609,jump_peak,x_261.726501464844_y_-922.896362304688
768.457,jump_input_released,212.115386962891,-827.664855957031,-13.3333311080933,669.444641113281,Jump,released
768.457,platform_landed,211.893173217773,-819.066345214844,-13.3333311080933,0.0,land_on_platform,platform_scene-1/Tile Map/11_-45_layer_Tile Map_tile_11_-45_source_1_atlas_14_7
768.457,landed,211.893173217773,-819.066345214844,-13.3333311080933,0.0,land,surface_wood_impact_1.33888928222656
768.458,musicking,211.893173217773,-819.066345214844,-13.3333311080933,0.0,osc_received,"value_[1, ""cloud""]"
769.041,move_right_pressed,211.893173217773,-819.066345214844,33.3333320617676,0.0,Move_Right,pressed
769.058,jump_input_pressed,212.44873046875,-819.066345214844,66.6666641235352,0.0,Jump,pressed
769.058,jump_executed,212.44873046875,-819.066345214844,66.6666641235352,-500.0,jump,x_212.44873046875_y_-819.066345214844
769.073,jump_peak_reached,213.560943603516,-827.408874511719,81.6666641235352,-479.222198486328,jump_peak,x_213.560943603516_y_-827.408874511719
769.773,jump_input_released,333.338745117188,-830.671752929688,96.6666641235352,669.444641113281,Jump,released
769.79,platform_landed,335.183227539062,-816.054443359375,13.3333311080933,0.0,land_on_platform,platform_scene-1/Tile Map/18_-45_layer_Tile Map_tile_18_-45_source_1_atlas_13_6
769.79,landed,335.183227539062,-816.054443359375,13.3333311080933,0.0,land,surface_wood_impact_1.41296337890625
769.791,musicking,335.183227539062,-816.054443359375,13.3333311080933,0.0,osc_received,"value_[1, ""water-tube""]"
769.991,jump_input_pressed,335.183227539062,-816.054443359375,0.0,0.0,Jump,pressed
769.991,jump_executed,335.183227539062,-816.054443359375,0.0,-500.0,jump,x_335.183227539062_y_-816.054443359375
770.024,move_right_pressed,335.183227539062,-832.386108398438,15.0,-458.499969482422,Move_Right,pressed
770.423,jump_peak_reached,390.683227539062,-922.8916015625,180.0,39.8149261474609,jump_peak,x_390.683227539062_y_-922.8916015625
770.49,jump_input_released,402.683227539062,-916.533569335938,180.0,187.963073730469,Jump,released
770.574,platform_landed,407.516571044922,-891.004516601562,0.0,0.0,land_on_platform,platform_scene-1/Tile Map/22_-49_layer_Tile Map_tile_22_-49_source_1_atlas_2_0
770.574,landed,407.516571044922,-891.004516601562,0.0,0.0,land,surface_wood_impact_0.74629656982422
770.591,musicking,407.516571044922,-891.004516601562,0.0,0.0,osc_received,"value_[1, ""platform_pan_nav""]"
770.691,move_left_pressed,407.516571044922,-891.004516601562,-33.3333320617676,0.0,Move_Left,pressed
770.74,jump_input_pressed,404.183258056641,-891.004516601562,-133.33332824707,0.0,Jump,pressed
770.74,jump_executed,404.183258056641,-891.004516601562,-133.33332824707,-500.0,jump,x_404.183258056641_y_-891.004516601562
771.157,jump_input_released,352.660064697266,-997.936706542969,-180.0,2.77788853645325,Jump,released
771.174,jump_peak_reached,349.660064697266,-997.890380859375,-96.6666641235352,39.8149261474609,jump_peak,x_349.660064697266_y_-997.890380859375
771.307,move_right_pressed,347.826721191406,-975.297790527344,15.0,336.111236572266,Move_Right,pressed
771.34,platform_landed,349.330413818359,-960.059875488281,45.0,0.0,land_on_platform,platform_scene-1/Tile Map/19_-53_layer_Tile Map_tile_19_-53_source_1_atlas_13_6
771.341,landed,349.330413818359,-960.059875488281,45.0,0.0,land,surface_wood_impact_0.82037066650391
771.341,musicking,349.330413818359,-960.059875488281,45.0,0.0,osc_received,"value_[1, ""water-tube""]"
771.541,jump_input_pressed,378.356353759766,-960.853454589844,180.0,0.0,Jump,pressed
771.541,jump_executed,378.356353759766,-960.853454589844,180.0,-500.0,jump,x_378.356353759766_y_-960.853454589844
771.891,jump_input_released,441.379577636719,-1064.64111328125,180.0,-75.3332214355469,Jump,released
771.973,jump_peak_reached,452.212921142578,-1067.44665527344,0.0,45.0371475219727,jump_peak,x_452.212921142578_y_-1067.44665527344
772.207,platform_landed,452.212921142578,-998.912292480469,0.0,0.0,land_on_platform,platform_scene-1/Tile Map/24_-55_layer_Tile Map_tile_24_-55_source_1_atlas_0_0
772.207,landed,452.212921142578,-998.912292480469,0.0,0.0,land,surface_wood_impact_1.12711145019531
772.641,move_right_pressed,452.212921142578,-998.912292480469,33.3333320617676,0.0,Move_Right,pressed
772.724,coin_collected,459.681060791016,-996.519409179688,130.0,74.0740737915039,collect_coin,coin_coin21_score_30
772.725,sonification,462.097717285156,-994.667541503906,145.0,111.111114501953,osc_received,"value_[1, ""coins-with-pitch""]"
772.807,platform_landed,476.681060791016,-981.06689453125,180.0,0.0,land_on_platform,platform_scene-1/Tile Map/26_-54_layer_Tile Map_tile_26_-54_source_1_atlas_2_0
772.808,landed,476.681060791016,-981.06689453125,180.0,0.0,land,surface_wood_impact_0.59259259033203
772.823,musicking,479.681060791016,-981.06689453125,180.0,0.0,osc_received,"value_[1, ""platform_pan_nav""]"
772.974,jump_input_pressed,487.514404296875,-981.06689453125,0.0,0.0,Jump,pressed
772.974,jump_executed,487.514404296875,-981.06689453125,0.0,-500.0,jump,x_487.514404296875_y_-981.06689453125
772.99,move_right_pressed,487.514404296875,-989.409057617188,15.0,-479.222198486328,Move_Right,pressed
773.406,jump_peak_reached,546.014404296875,-1087.90344238281,180.0,39.8149261474609,jump_peak,x_546.014404296875_y_-1087.90344238281
773.54,jump_input_released,570.014404296875,-1065.31079101562,96.6666641235352,336.111236572266,Jump,released
773.607,platform_landed,571.847717285156,-1032.05871582031,0.0,0.0,land_on_platform,platform_scene-1/Tile Map/31_-57_layer_Tile Map_tile_31_-57_source_1_atlas_14_6
773.607,landed,571.847717285156,-1032.05871582031,0.0,0.0,land,surface_wood_impact_0.96851885986328
773.608,musicking,571.847717285156,-1032.05871582031,0.0,0.0,osc_received,"value_[1, ""water-tube""]"
773.74,move_right_pressed,571.847717285156,-1032.05871582031,33.3333320617676,0.0,Move_Right,pressed
773.758,jump_input_pressed,572.403625488281,-1032.10217285156,66.6666641235352,0.0,Jump,pressed
773.758,jump_executed,572.403625488281,-1032.10217285156,66.6666641235352,-500.0,jump,x_572.403625488281_y_-1032.10217285156
774.182,jump_input_released,639.293029785156,-1138.98254394531,180.0,2.77788853645325,Jump,released
774.198,jump_peak_reached,642.293029785156,-1138.93627929688,180.0,39.8149261474609,jump_peak,x_642.293029785156_y_-1138.93627929688
774.399,platform_landed,647.126342773438,-1089.01879882812,0.0,0.0,land_on_platform,platform_scene-1/Tile Map/35_-60_layer_Tile Map_tile_35_-60_source_1_atlas_1_0
774.399,landed,647.126342773438,-1089.01879882812,0.0,0.0,land,surface_wood_impact_0.96851885986328
774.5,jump_input_pressed,647.126342773438,-1089.01879882812,0.0,0.0,Jump,pressed
774.5,jump_executed,647.126342773438,-1089.01879882812,0.0,-500.0,jump,x_647.126342773438_y_-1089.01879882812
774.516,move_left_pressed,647.126342773438,-1097.40270996094,-15.0,-479.222198486328,Move_Left,pressed
774.923,jump_peak_reached,588.626342773438,-1195.89709472656,-180.0,39.8149261474609,jump_peak,x_588.626342773438_y_-1195.89709472656
775.123,jump_input_released,552.626342773438,-1147.193359375,-96.6666641235352,484.259429931641,Jump,released
775.124,platform_landed,551.015258789062,-1143.06677246094,-96.6666641235352,0.0,land_on_platform,platform_scene-1/Tile Map/30_-63_layer_Tile Map_tile_30_-63_source_1_atlas_1_0
775.124,landed,551.015258789062,-1143.06677246094,-96.6666641235352,0.0,land,surface_wood_impact_0.96851885986328
775.44,jump_input_pressed,550.793029785156,-1143.06677246094,0.0,0.0,Jump,pressed
775.441,jump_executed,550.793029785156,-1143.06677246094,0.0,-500.0,jump,x_550.793029785156_y_-1143.06677246094
775.473,move_left_pressed,550.793029785156,-1159.39782714844,-15.0,-458.499969482422,Move_Left,pressed
775.873,jump_peak_reached,495.293029785156,-1249.9033203125,-180.0,39.8149261474609,jump_peak,x_495.293029785156_y_-1249.9033203125
775.924,jump_input_released,486.293029785156,-1246.06066894531,-180.0,150.926040649414,Jump,released
776.074,platform_landed,481.459686279297,-1197.00646972656,0.0,0.0,land_on_platform,platform_scene-1/Tile Map/26_-66_layer_Tile Map_tile_26_-66_source_1_atlas_1_0
776.074,landed,481.459686279297,-1197.00646972656,0.0,0.0,land,surface_wood_impact_0.96851885986328
776.101,musicking,481.459686279297,-1197.00646972656,0.0,0.0,osc_received,"value_[1, ""platform_pan_nav""]"
776.258,move_left_pressed,481.459686279297,-1197.00646972656,-33.3333320617676,0.0,Move_Left,pressed
776.258,jump_input_pressed,481.459686279297,-1197.00646972656,-33.3333320617676,0.0,Jump,pressed
776.258,jump_executed,481.459686279297,-1197.00646972656,-33.3333320617676,-500.0,jump,x_481.459686279297_y_-1197.00646972656
776.574,jump_input_released,437.650238037109,-1297.25646972656,-180.0,-114.722114562988,Jump,released
776.641,move_right_pressed,429.81689453125,-1301.83972167969,1.66666889190674,-16.6666660308838,Move_Right,pressed
776.674,jump_peak_reached,430.122436523438,-1302.04809570312,31.6666679382324,41.2037048339844,jump_peak,x_430.122436523438_y_-1302.04809570312
776.941,platform_landed,467.650146484375,-1215.0673828125,180.0,0.0,land_on_platform,platform_scene-1/Tile Map/25_-67_layer_Tile Map_tile_25_-67_source_1_atlas_0_0
776.941,landed,467.650146484375,-1215.0673828125,180.0,0.0,land,surface_wood_impact_1.2675927734375
777.107,platform_landed,497.665161132812,-1197.06665039062,180.0,0.0,land_on_platform,platform_scene-1/Tile Map/27_-66_layer_Tile Map_tile_27_-66_source_1_atlas_3_0
777.107,landed,497.665161132812,-1197.06665039062,180.0,0.0,land,surface_wood_impact_0.59259259033203
777.424,jump_input_pressed,497.925170898438,-1197.06616210938,0.0,0.0,Jump,pressed
777.424,jump_executed,497.925170898438,-1197.06616210938,0.0,-500.0,jump,x_497.925170898438_y_-1197.06616210938
777.475,move_right_pressed,497.924041748047,-1221.03369140625,15.0,-437.833282470703,Move_Right,pressed
777.558,jump_input_released,501.674041748047,-1254.12170410156,90.0,-335.333251953125,Jump,released
777.657,jump_peak_reached,505.28515625,-1258.91333007812,0.0,41.2037048339844,jump_peak,x_505.28515625_y_-1258.91333007812
777.841,platform_landed,505.28515625,-1215.01379394531,0.0,0.0,land_on_platform,platform_scene-1/Tile Map/28_-67_layer_Tile Map_tile_28_-67_source_1_atlas_0_0
777.841,landed,505.28515625,-1215.01379394531,0.0,0.0,land,surface_wood_impact_0.89722235107422
777.857,move_right_pressed,505.28515625,-1215.01379394531,33.3333320617676,0.0,Move_Right,pressed
778.257,platform_landed,554.475769042969,-1143.02429199219,0.0,0.0,land_on_platform,platform_scene-1/Tile Map/30_-63_layer_Tile Map_tile_30_-63_source_1_atlas_1_0
778.257,landed,554.475769042969,-1143.02429199219,0.0,0.0,land,surface_wood_impact_1.11111120605469
778.458,move_right_pressed,554.475769042969,-1143.02429199219,33.3333320617676,0.0,Move_Right,pressed
778.49,jump_input_pressed,556.142395019531,-1143.02429199219,100.0,0.0,Jump,pressed
778.49,jump_executed,556.142395019531,-1143.02429199219,100.0,-500.0,jump,x_556.142395019531_y_-1143.02429199219
778.923,jump_peak_reached,629.901123046875,-1249.89611816406,180.0,39.8149261474609,jump_peak,x_629.901123046875_y_-1249.89611816406
778.974,jump_input_released,637.51220703125,-1246.05346679688,13.3333311080933,150.926040649414,Jump,released
779.29,platform_landed,637.734436035156,-1089.03234863281,0.0,0.0,land_on_platform,platform_scene-1/Tile Map/35_-60_layer_Tile Map_tile_35_-60_source_1_atlas_1_0
779.29,landed,637.734436035156,-1089.03234863281,0.0,0.0,land,surface_wood_impact_1.709259765625
779.307,musicking,637.734436035156,-1089.03234863281,0.0,0.0,osc_received,"value_[1, ""platform_pan_nav""]"
779.658,move_right_pressed,637.734436035156,-1089.03234863281,33.3333320617676,0.0,Move_Right,pressed
779.691,jump_input_pressed,639.401062011719,-1089.03234863281,100.0,0.0,Jump,pressed
779.691,jump_executed,639.401062011719,-1089.03234863281,100.0,-500.0,jump,x_639.401062011719_y_-1089.03234863281
779.89,move_left_pressed,671.158447265625,-1166.48913574219,96.6666641235352,-254.333206176758,Move_Left,pressed
780.123,jump_peak_reached,684.241760253906,-1195.8974609375,150.0,39.8149261474609,jump_peak,x_684.241760253906_y_-1195.8974609375
780.275,move_left_pressed,695.925231933594,-1167.70300292969,0.0,373.148284912109,Move_Left,pressed
780.291,jump_input_released,695.925231933594,-1161.48388671875,-15.0,410.185333251953,Jump,released
780.658,platform_landed,642.265258789062,-852.100219726562,-96.6666641235352,0.0,land_on_platform,platform_scene-1/Tile Map/36_-47_layer_Tile Map_tile_36_-47_source_1_atlas_13_7
780.658,landed,642.265258789062,-852.100219726562,-96.6666641235352,0.0,land,surface_wood_impact_2.45
780.658,musicking,642.265258789062,-852.100219726562,-96.6666641235352,0.0,osc_received,"value_[1, ""cloud""]"
780.691,musicking,642.043029785156,-851.48291015625,0.0,37.037036895752,osc_received,"value_[1, ""far-fall""]"
781.157,platform_landed,641.935729980469,-585.027221679688,0.0,0.0,land_on_platform,platform_scene-1/Tile Map/35_-32_layer_Tile Map_tile_35_-32_source_1_atlas_1_0
781.157,landed,641.935729980469,-585.027221679688,0.0,0.0,land,surface_wood_impact_2.1481484375
781.191,musicking,641.935729980469,-585.027221679688,0.0,0.0,osc_received,"value_[1, ""far-fall""]"
781.773,move_right_pressed,641.935729980469,-585.027221679688,33.3333320617676,0.0,Move_Right,pressed
784.073,jump_input_pressed,667.102722167969,-585.074951171875,0.0,0.0,Jump,pressed
784.073,jump_executed,667.102722167969,-585.074951171875,0.0,-500.0,jump,x_667.102722167969_y_-585.074951171875
784.09,jump_peak_reached,667.102722167969,-593.41015625,0.0,-479.222198486328,jump_peak,x_667.102722167969_y_-593.41015625
784.157,move_right_pressed,667.102722167969,-623.302734375,15.0,-396.666595458984,Move_Right,pressed
784.599,jump_input_released,728.602722167969,-682.413818359375,96.6666641235352,225.000106811523,Jump,released
784.648,move_left_pressed,730.43603515625,-669.311950683594,-15.0,336.111236572266,Move_Left,pressed
784.915,platform_landed,695.93603515625,-495.066192626953,-180.0,0.0,land_on_platform,platform_scene-1/Tile Map/38_-27_layer_Tile Map_tile_38_-27_source_1_atlas_1_0
784.915,landed,695.93603515625,-495.066192626953,-180.0,0.0,land,surface_wood_impact_1.85740795898438
785.39,move_right_pressed,694.102722167969,-495.066192626953,33.3333320617676,0.0,Move_Right,pressed
785.475,jump_input_pressed,702.43603515625,-495.066192626953,180.0,0.0,Jump,pressed
785.475,jump_executed,702.43603515625,-495.066192626953,180.0,-500.0,jump,x_702.43603515625_y_-495.066192626953
785.49,jump_peak_reached,705.438720703125,-503.407989501953,180.0,-479.222198486328,jump_peak,x_705.438720703125_y_-503.407989501953
785.907,jump_input_released,780.438720703125,-601.90234375,96.6666641235352,39.8149261474609,Jump,released
786.007,platform_landed,782.272033691406,-585.002319335938,0.0,0.0,land_on_platform,platform_scene-1/Tile Map/43_-32_layer_Tile Map_tile_43_-32_source_1_atlas_2_0
786.007,landed,782.272033691406,-585.002319335938,0.0,0.0,land,surface_wood_impact_0.52407427978516
786.024,musicking,782.272033691406,-585.002319335938,0.0,0.0,osc_received,"value_[1, ""platform_pan_nav""]"
786.173,jump_input_pressed,782.272033691406,-585.002319335938,0.0,0.0,Jump,pressed
786.173,jump_executed,782.272033691406,-585.002319335938,0.0,-500.0,jump,x_782.272033691406_y_-585.002319335938
786.224,move_right_pressed,782.272033691406,-609.034118652344,15.0,-437.833282470703,Move_Right,pressed
786.54,jump_input_released,822.772033691406,-690.065551757812,180.0,-55.722110748291,Jump,released
786.607,jump_peak_reached,830.605346679688,-691.697021484375,0.0,43.8149261474609,jump_peak,x_830.605346679688_y_-691.697021484375
786.74,move_left_pressed,830.605346679688,-668.571105957031,-15.0,340.111236572266,Move_Left,pressed
786.765,platform_landed,829.905212402344,-657.007995605469,-30.0,0.0,land_on_platform,platform_scene-1/Tile Map/45_-36_layer_Tile Map_tile_45_-36_source_1_atlas_0_0
786.765,landed,829.905212402344,-657.007995605469,-30.0,0.0,land,surface_wood_impact_0.75429656982422
787.141,jump_input_pressed,817.516357421875,-657.067199707031,0.0,0.0,Jump,pressed
787.141,jump_executed,817.516357421875,-657.067199707031,0.0,-500.0,jump,x_817.516357421875_y_-657.067199707031
787.157,move_left_pressed,817.516357421875,-665.4091796875,-15.0,-479.222198486328,Move_Left,pressed
787.573,jump_peak_reached,759.016357421875,-763.903564453125,-180.0,39.8149261474609,jump_peak,x_759.016357421875_y_-763.903564453125
787.674,platform_landed,738.014831542969,-747.068359375,-180.0,0.0,land_on_platform,platform_scene-1/Tile Map/40_-41_layer_Tile Map_tile_40_-41_source_1_atlas_1_0
787.674,landed,738.014831542969,-747.068359375,-180.0,0.0,land,surface_wood_impact_0.52407427978516
787.756,jump_input_released,727.403747558594,-747.068359375,-13.3333311080933,0.0,Jump,released
787.874,move_right_pressed,727.181518554688,-747.068359375,33.3333320617676,0.0,Move_Right,pressed
787.907,jump_input_pressed,728.84814453125,-747.068359375,100.0,0.0,Jump,pressed
787.907,jump_executed,728.84814453125,-747.068359375,100.0,-500.0,jump,x_728.84814453125_y_-747.068359375
788.173,jump_input_released,772.599548339844,-839.496948242188,180.0,-174.222106933594,Jump,released
788.273,jump_peak_reached,777.432861328125,-844.288635253906,0.0,41.2037048339844,jump_peak,x_777.432861328125_y_-844.288635253906
788.358,move_left_pressed,777.432861328125,-834.68212890625,-15.0,226.388885498047,Move_Left,pressed
788.458,platform_landed,772.071716308594,-801.066467285156,-6.66666650772095,0.0,land_on_platform,platform_scene-1/Tile Map/42_-44_layer_Tile Map_tile_42_-44_source_1_atlas_1_0
788.458,landed,772.071716308594,-801.066467285156,-6.66666650772095,0.0,land,surface_wood_impact_0.89722235107422
788.641,jump_input_pressed,772.071716308594,-801.066467285156,0.0,0.0,Jump,pressed
788.641,jump_executed,772.071716308594,-801.066467285156,0.0,-500.0,jump,x_772.071716308594_y_-801.066467285156
788.658,move_left_pressed,772.071716308594,-809.409057617188,-15.0,-479.222198486328,Move_Left,pressed
789.074,jump_peak_reached,713.571716308594,-907.903442382812,-180.0,39.8149261474609,jump_peak,x_713.571716308594_y_-907.903442382812
789.074,jump_input_released,713.571716308594,-907.903442382812,-180.0,39.8149261474609,Jump,released
789.175,platform_landed,708.738403320312,-891.00341796875,0.0,0.0,land_on_platform,platform_scene-1/Tile Map/39_-49_layer_Tile Map_tile_39_-49_source_1_atlas_1_0
789.175,landed,708.738403320312,-891.00341796875,0.0,0.0,land,surface_wood_impact_0.52407427978516
789.523,move_right_pressed,708.738403320312,-891.00341796875,33.3333320617676,0.0,Move_Right,pressed
789.541,jump_input_pressed,709.2939453125,-891.00341796875,66.6666641235352,0.0,Jump,pressed
789.541,jump_executed,709.2939453125,-891.00341796875,66.6666641235352,-500.0,jump,x_709.2939453125_y_-891.00341796875
789.974,jump_peak_reached,779.19091796875,-997.894104003906,180.0,39.8149261474609,jump_peak,x_779.19091796875_y_-997.894104003906
790.141,platform_landed,812.19091796875,-963.06689453125,180.0,0.0,land_on_platform,platform_scene-1/Tile Map/45_-53_layer_Tile Map_tile_45_-53_source_1_atlas_15_7
790.141,landed,812.19091796875,-963.06689453125,180.0,0.0,land,surface_wood_impact_0.82037066650391
790.148,musicking,812.19091796875,-963.06689453125,180.0,0.0,osc_received,"value_[1, ""cloud""]"
790.157,musicking,815.19091796875,-963.06689453125,180.0,0.0,osc_received,"value_[1, ""platform_pan_nav""]"
790.174,jump_input_released,815.19091796875,-963.06689453125,96.6666641235352,0.0,Jump,released
790.424,move_right_pressed,817.024230957031,-963.06689453125,33.3333320617676,0.0,Move_Right,pressed
790.532,jump_input_pressed,820.635314941406,-963.06689453125,0.0,0.0,Jump,pressed
790.532,jump_executed,820.635314941406,-963.06689453125,0.0,-500.0,jump,x_820.635314941406_y_-963.06689453125
790.557,move_right_pressed,820.635314941406,-979.39794921875,15.0,-458.499969482422,Move_Right,pressed
790.957,jump_peak_reached,875.925109863281,-1069.90344238281,15.0,39.8149261474609,jump_peak,x_875.925109863281_y_-1069.90344238281
790.991,move_left_pressed,875.925231933594,-1067.958984375,-15.0,113.889007568359,Move_Left,pressed
791.007,jump_input_released,875.675231933594,-1066.06066894531,-30.0,150.926040649414,Jump,released
791.324,platform_landed,845.591918945312,-909.039672851562,0.0,0.0,land_on_platform,platform_scene-1/Tile Map/46_-50_layer_Tile Map_tile_46_-50_source_1_atlas_1_0
791.324,landed,845.591918945312,-909.039672851562,0.0,0.0,land,surface_wood_impact_1.709259765625
791.74,move_right_pressed,845.591918945312,-909.039672851562,33.3333320617676,0.0,Move_Right,pressed
791.757,jump_input_pressed,846.1474609375,-909.039672851562,66.6666641235352,0.0,Jump,pressed
791.757,jump_executed,846.1474609375,-909.039672851562,66.6666641235352,-500.0,jump,x_846.1474609375_y_-909.039672851562
792.174,platform_landed,915.782470703125,-1016.31677246094,180.0,0.0,land_on_platform,platform_scene-1/Tile Map/51_-56_layer_Tile Map_tile_51_-56_source_1_atlas_0_0
792.174,landed,915.782470703125,-1016.31677246094,180.0,0.0,land,surface_wood_impact_0.00555577707291
792.357,jump_peak_reached,945.293579101562,-1016.00708007812,180.0,74.0740737915039,jump_peak,x_945.293579101562_y_-1016.00708007812
792.44,jump_input_released,960.293579101562,-1003.66143798828,96.6666641235352,259.259246826172,Jump,released
792.457,platform_landed,962.126892089844,-999.066345214844,13.3333311080933,0.0,land_on_platform,platform_scene-1/Tile Map/53_-55_layer_Tile Map_tile_53_-55_source_1_atlas_3_0
792.457,landed,962.126892089844,-999.066345214844,13.3333311080933,0.0,land,surface_wood_impact_0.59259259033203
792.458,musicking,962.126892089844,-999.066345214844,13.3333311080933,0.0,osc_received,"value_[1, ""platform_pan_nav""]"
792.558,move_left_pressed,962.126892089844,-999.066345214844,-33.3333320617676,0.0,Move_Left,pressed
792.675,jump_input_pressed,947.793579101562,-999.066345214844,-180.0,0.0,Jump,pressed
792.675,jump_executed,947.793579101562,-999.066345214844,-180.0,-500.0,jump,x_947.793579101562_y_-999.066345214844
793.058,jump_input_released,909.653686523438,-1105.00231933594,-180.0,-36.1665573120117,Jump,released
793.107,jump_peak_reached,904.820373535156,-1105.76892089844,0.0,42.5371475219727,jump_peak,x_904.820373535156_y_-1105.76892089844
793.208,platform_landed,904.820373535156,-1089.01525878906,0.0,0.0,land_on_platform,platform_scene-1/Tile Map/50_-60_layer_Tile Map_tile_50_-60_source_1_atlas_3_0
793.208,landed,904.820373535156,-1089.01525878906,0.0,0.0,land,surface_wood_impact_0.52951873779297
793.408,jump_input_pressed,904.820373535156,-1089.01525878906,0.0,0.0,Jump,pressed
793.408,jump_executed,904.820373535156,-1089.01525878906,0.0,-500.0,jump,x_904.820373535156_y_-1089.01525878906
793.44,move_left_pressed,904.820373535156,-1105.39123535156,-15.0,-458.499969482422,Move_Left,pressed
793.523,move_right_pressed,901.070373535156,-1140.1875,0.0,-355.722137451172,Move_Right,pressed
793.84,jump_peak_reached,935.570373535156,-1195.89672851562,180.0,39.8149261474609,jump_peak,x_935.570373535156_y_-1195.89672851562
793.941,platform_landed,956.570373535156,-1179.06628417969,180.0,0.0,land_on_platform,platform_scene-1/Tile Map/53_-65_layer_Tile Map_tile_53_-65_source_1_atlas_3_0
793.941,landed,956.570373535156,-1179.06628417969,180.0,0.0,land,surface_wood_impact_0.52407427978516
793.957,musicking,959.570373535156,-1179.06628417969,180.0,0.0,osc_received,"value_[1, ""platform_pan_nav""]"
793.99,jump_input_released,962.570373535156,-1179.06628417969,180.0,0.0,Jump,released
794.04,move_left_pressed,967.403686523438,-1179.06628417969,-20.0000019073486,0.0,Move_Left,pressed
794.2,jump_input_pressed,948.181457519531,-1179.06628417969,-180.0,0.0,Jump,pressed
794.2,jump_executed,948.181457519531,-1179.06628417969,-180.0,-500.0,jump,x_948.181457519531_y_-1179.06628417969
794.632,jump_peak_reached,870.178771972656,-1285.90234375,-180.0,39.8149261474609,jump_peak,x_870.178771972656_y_-1285.90234375
794.749,jump_input_released,850.567687988281,-1268.29431152344,-13.3333311080933,299.074188232422,Jump,released
794.933,platform_landed,850.345458984375,-1179.01892089844,0.0,0.0,land_on_platform,platform_scene-1/Tile Map/47_-65_layer_Tile Map_tile_47_-65_source_1_atlas_15_7
794.933,landed,850.345458984375,-1179.01892089844,0.0,0.0,land,surface_wood_impact_1.41296337890625
794.933,musicking,850.345458984375,-1179.01892089844,0.0,0.0,osc_received,"value_[1, ""cloud""]"
795.175,move_left_pressed,850.345458984375,-1179.01892089844,-33.3333320617676,0.0,Move_Left,pressed
795.207,jump_input_pressed,848.678833007812,-1179.01892089844,-100.0,0.0,Jump,pressed
795.207,jump_executed,848.678833007812,-1179.01892089844,-100.0,-500.0,jump,x_848.678833007812_y_-1179.01892089844
795.641,jump_peak_reached,774.919189453125,-1285.89526367188,-180.0,39.8149261474609,jump_peak,x_774.919189453125_y_-1285.89526367188
795.89,jump_input_released,729.919189453125,-1211.12670898438,-180.0,595.370544433594,Jump,released
795.908,platform_landed,727.81103515625,-1193.14904785156,-96.6666641235352,0.0,land_on_platform,platform_scene-1/Tile Map/39_-66_layer_Tile Map_tile_39_-66_source_1_atlas_0_0
795.908,landed,727.81103515625,-1193.14904785156,-96.6666641235352,0.0,land,surface_wood_impact_1.26481518554687
796.041,platform_landed,728.110656738281,-1179.0166015625,0.0,0.0,land_on_platform,platform_scene-1/Tile Map/40_-65_layer_Tile Map_tile_40_-65_source_1_atlas_1_0
796.041,landed,728.110656738281,-1179.0166015625,0.0,0.0,land,surface_wood_impact_0.51851849365234
796.324,jump_input_pressed,728.110656738281,-1179.0166015625,0.0,0.0,Jump,pressed
796.324,jump_executed,728.110656738281,-1179.0166015625,0.0,-500.0,jump,x_728.110656738281_y_-1179.0166015625
796.374,move_left_pressed,728.110656738281,-1203.03576660156,-15.0,-437.833282470703,Move_Left,pressed
796.458,jump_input_released,724.360656738281,-1236.12377929688,-90.0,-335.333251953125,Jump,released
796.557,jump_peak_reached,718.499572753906,-1240.91540527344,0.0,41.2037048339844,jump_peak,x_718.499572753906_y_-1240.91540527344
796.74,platform_landed,718.499572753906,-1197.01586914062,0.0,0.0,land_on_platform,platform_scene-1/Tile Map/39_-66_layer_Tile Map_tile_39_-66_source_1_atlas_0_0
796.74,landed,718.499572753906,-1197.01586914062,0.0,0.0,land,surface_wood_impact_0.89722235107422
796.942,move_left_pressed,718.499572753906,-1197.01586914062,-33.3333320617676,0.0,Move_Left,pressed
797.008,jump_input_pressed,712.944030761719,-1197.01586914062,-166.666656494141,0.0,Jump,pressed
797.008,jump_executed,712.944030761719,-1197.01586914062,-166.666656494141,-500.0,jump,x_712.944030761719_y_-1197.01586914062
797.441,jump_peak_reached,635.150573730469,-1303.89147949219,-180.0,39.8149261474609,jump_peak,x_635.150573730469_y_-1303.89147949219
797.807,platform_landed,566.150573730469,-1143.06774902344,-180.0,0.0,land_on_platform,platform_scene-1/Tile Map/31_-63_layer_Tile Map_tile_31_-63_source_1_atlas_3_0
797.807,landed,566.150573730469,-1143.06774902344,-180.0,0.0,land,surface_wood_impact_1.709259765625
797.824,musicking,563.150573730469,-1143.06774902344,-180.0,0.0,osc_received,"value_[1, ""platform_pan_nav""]"
797.89,jump_input_released,555.539489746094,-1143.06774902344,-13.3333311080933,0.0,Jump,released
798.224,jump_input_pressed,555.317260742188,-1143.06774902344,0.0,0.0,Jump,pressed
798.224,jump_executed,555.317260742188,-1143.06774902344,0.0,-500.0,jump,x_555.317260742188_y_-1143.06774902344
798.24,move_left_pressed,555.317260742188,-1151.4091796875,-15.0,-479.222198486328,Move_Left,pressed
798.657,jump_peak_reached,496.817260742188,-1249.90356445312,-180.0,39.8149261474609,jump_peak,x_496.817260742188_y_-1249.90356445312
798.674,jump_input_released,493.817260742188,-1249.23999023438,-180.0,76.8519668579102,Jump,released
798.857,platform_landed,488.983917236328,-1197.00671386719,0.0,0.0,land_on_platform,platform_scene-1/Tile Map/27_-66_layer_Tile Map_tile_27_-66_source_1_atlas_3_0
798.858,landed,488.983917236328,-1197.00671386719,0.0,0.0,land,surface_wood_impact_0.96851885986328
799.224,jump_input_pressed,488.983917236328,-1197.00671386719,0.0,0.0,Jump,pressed
799.224,jump_executed,488.983917236328,-1197.00671386719,0.0,-500.0,jump,x_488.983917236328_y_-1197.00671386719
799.239,move_left_pressed,488.983917236328,-1205.40124511719,-15.0,-479.222198486328,Move_Left,pressed
799.407,jump_input_released,475.233917236328,-1269.90124511719,-165.0,-274.499877929688,Jump,released
799.507,jump_peak_reached,471.122802734375,-1274.69287109375,0.0,41.2037048339844,jump_peak,x_471.122802734375_y_-1274.69287109375
799.574,move_left_pressed,471.122802734375,-1268.24230957031,-15.0,189.351852416992,Move_Left,pressed
799.724,platform_landed,465.761688232422,-1215.03112792969,0.0,0.0,land_on_platform,platform_scene-1/Tile Map/25_-67_layer_Tile Map_tile_25_-67_source_1_atlas_0_0
799.724,landed,465.761688232422,-1215.03112792969,0.0,0.0,land,surface_wood_impact_1.04537048339844
800.04,move_left_pressed,465.761688232422,-1215.03112792969,-33.3333320617676,0.0,Move_Left,pressed
800.091,jump_input_pressed,462.428375244141,-1215.03112792969,-133.33332824707,0.0,Jump,pressed
800.091,jump_executed,462.428375244141,-1215.03112792969,-133.33332824707,-500.0,jump,x_462.428375244141_y_-1215.03112792969
800.39,jump_peak_reached,410.028442382812,-1309.38671875,-180.0,74.0740737915039,jump_peak,x_410.028442382812_y_-1309.38671875
800.724,platform_landed,350.075988769531,-1161.00817871094,-180.0,0.0,land_on_platform,platform_scene-1/Tile Map/19_-64_layer_Tile Map_tile_19_-64_source_1_atlas_13_7
800.724,landed,350.075988769531,-1161.00817871094,-180.0,0.0,land,surface_wood_impact_1.6296298828125
800.725,musicking,350.075988769531,-1161.00817871094,-180.0,0.0,osc_received,"value_[1, ""cloud""]"
800.741,jump_input_released,350.075988769531,-1161.00817871094,-96.6666641235352,0.0,Jump,released
801.14,move_left_pressed,350.075988769531,-1161.00817871094,-33.3333320617676,0.0,Move_Left,pressed
801.141,jump_input_pressed,350.075988769531,-1161.00817871094,-33.3333320617676,0.0,Jump,pressed
801.141,jump_executed,350.075988769531,-1161.00817871094,-33.3333320617676,-500.0,jump,x_350.075988769531_y_-1161.00817871094
801.266,jump_input_released,346.32470703125,-1212.12768554688,-90.0,-355.722137451172,Jump,released
801.357,jump_peak_reached,340.463592529297,-1216.91931152344,0.0,41.2037048339844,jump_peak,x_340.463592529297_y_-1216.91931152344
801.523,platform_landed,340.463592529297,-1179.00524902344,0.0,0.0,land_on_platform,platform_scene-1/Tile Map/18_-65_layer_Tile Map_tile_18_-65_source_1_atlas_3_0
801.524,landed,340.463592529297,-1179.00524902344,0.0,0.0,land,surface_wood_impact_0.82314825439453
801.541,musicking,340.463592529297,-1179.00524902344,0.0,0.0,osc_received,"value_[1, ""platform_pan_nav""]"
801.724,move_left_pressed,340.463592529297,-1179.00524902344,-33.3333320617676,0.0,Move_Left,pressed
801.924,jump_input_pressed,311.130279541016,-1179.00524902344,-180.0,0.0,Jump,pressed
801.924,jump_executed,311.130279541016,-1179.00524902344,-180.0,-500.0,jump,x_311.130279541016_y_-1179.00524902344
802.357,jump_peak_reached,233.110687255859,-1285.88830566406,-180.0,39.8149261474609,jump_peak,x_233.110687255859_y_-1285.88830566406
802.623,platform_landed,189.27734375,-1197.03845214844,0.0,0.0,land_on_platform,platform_scene-1/Tile Map/10_-66_layer_Tile Map_tile_10_-66_source_1_atlas_3_0
802.623,landed,189.27734375,-1197.03845214844,0.0,0.0,land,surface_wood_impact_1.26481518554687
802.657,jump_input_released,189.27734375,-1197.03845214844,0.0,0.0,Jump,released
802.924,move_left_pressed,189.27734375,-1197.03845214844,-33.3333320617676,0.0,Move_Left,pressed
802.94,jump_input_pressed,188.721786499023,-1197.03845214844,-66.6666641235352,0.0,Jump,pressed
802.94,jump_executed,188.721786499023,-1197.03845214844,-66.6666641235352,-500.0,jump,x_188.721786499023_y_-1197.03845214844
803.358,jump_input_released,123.217483520508,-1303.94543457031,-13.3333311080933,2.77788853645325,Jump,released
803.374,jump_peak_reached,122.995262145996,-1303.89916992188,0.0,39.8149261474609,jump_peak,x_122.995262145996_y_-1303.89916992188
803.54,platform_landed,122.995262145996,-1269.01831054688,0.0,0.0,land_on_platform,platform_scene-1/Tile Map/6_-70_layer_Tile Map_tile_6_-70_source_1_atlas_1_0
803.541,landed,122.995262145996,-1269.01831054688,0.0,0.0,land,surface_wood_impact_0.82037066650391
803.725,jump_input_pressed,122.995262145996,-1269.01831054688,0.0,0.0,Jump,pressed
803.725,jump_executed,122.995262145996,-1269.01831054688,0.0,-500.0,jump,x_122.995262145996_y_-1269.01831054688
803.824,move_left_pressed,122.995262145996,-1313.91198730469,-15.0,-376.166595458984,Move_Left,pressed
804.157,jump_peak_reached,79.4952621459961,-1375.89709472656,-180.0,39.8149261474609,jump_peak,x_79.4952621459961_y_-1375.89709472656
804.191,jump_input_released,73.4952621459961,-1373.95263671875,-96.6666641235352,113.889007568359,Jump,released
804.274,coin_collected,71.6619262695312,-1358.2890625,0.0,262.037139892578,collect_coin,coin_coin23_score_32
804.275,sonification,71.6619262695312,-1353.30444335938,0.0,299.074188232422,osc_received,"value_[1, ""coins-with-pitch""]"
804.332,platform_landed,71.6619262695312,-1337.98522949219,0.0,0.0,land_on_platform,platform_scene-1/Tile Map/3_-74_layer_Tile Map_tile_3_-74_source_1_atlas_13_6
804.333,landed,71.6619262695312,-1337.98522949219,0.0,0.0,land,surface_wood_impact_0.82037066650391
804.333,musicking,71.6619262695312,-1337.98522949219,0.0,0.0,osc_received,"value_[1, ""water-tube""]"
804.442,move_right_pressed,71.6619262695312,-1337.98522949219,33.3333320617676,0.0,Move_Right,pressed
804.7,jump_input_pressed,109.377151489258,-1338.57775878906,180.0,0.0,Jump,pressed
804.7,jump_executed,109.377151489258,-1338.57775878906,180.0,-500.0,jump,x_109.377151489258_y_-1338.57775878906
805.123,jump_peak_reached,187.402404785156,-1445.4765625,180.0,39.8149261474609,jump_peak,x_187.402404785156_y_-1445.4765625
805.29,jump_input_released,217.402404785156,-1411.06298828125,180.0,410.185333251953,Jump,released
805.407,coin_collected,238.402404785156,-1350.24499511719,180.0,632.407592773438,collect_coin,coin_coin22_score_34
805.408,sonification,241.402404785156,-1339.08752441406,180.0,669.444641113281,osc_received,"value_[1, ""coins-with-pitch""]"
805.424,platform_landed,244.415878295898,-1338.05651855469,180.0,0.0,land_on_platform,platform_scene-1/Tile Map/13_-74_layer_Tile Map_tile_13_-74_source_1_atlas_13_6
805.424,landed,244.415878295898,-1338.05651855469,180.0,0.0,land,surface_wood_impact_1.41296337890625
805.424,musicking,244.415878295898,-1338.05651855469,180.0,0.0,osc_received,"value_[1, ""water-tube""]"
808.274,move_left_pressed,754.415893554688,-1338.05651855469,96.6666641235352,0.0,Move_Left,pressed
809.523,move_left_pressed,953.582580566406,-1338.05444335938,96.6666641235352,0.0,Move_Left,pressed
810.108,jump_input_pressed,862.859741210938,-1338.05444335938,-180.0,0.0,Jump,pressed
810.108,jump_executed,862.859741210938,-1338.05444335938,-180.0,-500.0,jump,x_862.859741210938_y_-1338.05444335938
810.54,jump_peak_reached,784.859069824219,-1444.88500976562,-180.0,39.8149261474609,jump_peak,x_784.859069824219_y_-1444.88500976562
810.74,jump_input_released,748.859069824219,-1396.18127441406,-180.0,484.259429931641,Jump,released
810.841,platform_landed,727.874389648438,-1338.05969238281,-180.0,0.0,land_on_platform,platform_scene-1/Tile Map/40_-74_layer_Tile Map_tile_40_-74_source_1_atlas_13_6
810.841,landed,727.874389648438,-1338.05969238281,-180.0,0.0,land,surface_wood_impact_1.41296337890625
810.841,musicking,727.874389648438,-1338.05969238281,-180.0,0.0,osc_received,"value_[1, ""water-tube""]"
811.108,jump_input_pressed,682.874389648438,-1338.05969238281,-180.0,0.0,Jump,pressed
811.108,jump_executed,682.874389648438,-1338.05969238281,-180.0,-500.0,jump,x_682.874389648438_y_-1338.05969238281
811.29,move_right_pressed,654.102661132812,-1410.79321289062,0.0,-274.499877929688,Move_Right,pressed
811.441,move_left_pressed,663.102722167969,-1440.08068847656,36.6666679382324,-94.9998931884766,Move_Left,pressed
811.54,jump_peak_reached,662.213806152344,-1444.78894042969,-60.0,39.8149261474609,jump_peak,x_662.213806152344_y_-1444.78894042969
811.64,platform_landed,650.505615234375,-1428.1552734375,-150.0,0.0,land_on_platform,platform_scene-1/Tile Map/35_-79_layer_Tile Map_tile_35_-79_source_1_atlas_14_6
811.64,landed,650.505615234375,-1428.1552734375,-150.0,0.0,land,surface_wood_impact_0.52407427978516
811.644,musicking,650.505615234375,-1428.1552734375,-150.0,0.0,osc_received,"value_[1, ""water-tube""]"
811.807,jump_input_released,624.190490722656,-1428.28283691406,-96.6666641235352,0.0,Jump,released
812.175,move_left_pressed,622.640197753906,-1428.78735351562,-33.3333320617676,0.0,Move_Left,pressed
812.257,jump_input_pressed,614.339965820312,-1428.94140625,-180.0,0.0,Jump,pressed
812.257,jump_executed,614.339965820312,-1428.94140625,-180.0,-500.0,jump,x_614.339965820312_y_-1428.94140625
812.69,jump_peak_reached,536.315612792969,-1535.83776855469,-180.0,39.8149261474609,jump_peak,x_536.315612792969_y_-1535.83776855469
812.775,move_right_pressed,521.315612792969,-1526.34704589844,-81.6666641235352,225.000106811523,Move_Right,pressed
812.775,jump_input_released,521.315612792969,-1526.34704589844,-81.6666641235352,225.000106811523,Jump,released
813.091,platform_landed,556.071228027344,-1338.048828125,96.6666641235352,0.0,land_on_platform,platform_scene-1/Tile Map/30_-74_layer_Tile Map_tile_30_-74_source_1_atlas_13_6
813.091,landed,556.071228027344,-1338.048828125,96.6666641235352,0.0,land,surface_wood_impact_1.85740795898438
813.091,musicking,556.071228027344,-1338.048828125,96.6666641235352,0.0,osc_received,"value_[1, ""water-tube""]"
813.107,move_left_pressed,556.071228027344,-1338.048828125,0.0,0.0,Move_Left,pressed
813.74,jump_input_pressed,451.737915039062,-1338.048828125,-180.0,0.0,Jump,pressed
813.74,jump_executed,451.737915039062,-1338.048828125,-180.0,-500.0,jump,x_451.737915039062_y_-1338.048828125
813.757,jump_peak_reached,448.730407714844,-1346.40393066406,-180.0,-479.222198486328,jump_peak,x_448.730407714844_y_-1346.40393066406
814.275,platform_landed,352.736175537109,-1429.05200195312,-180.0,0.0,land_on_platform,platform_scene-1/Tile Map/19_-79_layer_Tile Map_tile_19_-79_source_1_atlas_14_6
814.275,landed,352.736175537109,-1429.05200195312,-180.0,0.0,land,surface_wood_impact_0.52407427978516
814.275,musicking,352.736175537109,-1429.05200195312,-180.0,0.0,osc_received,"value_[1, ""water-tube""]"
814.291,musicking,349.736053466797,-1428.17309570312,-180.0,0.0,osc_received,"value_[1, ""platform_pan_nav""]"
814.432,jump_input_released,329.158538818359,-1428.97326660156,-96.6666641235352,0.0,Jump,released
814.674,jump_input_pressed,327.326568603516,-1429.03674316406,0.0,0.0,Jump,pressed
814.674,jump_executed,327.326568603516,-1429.03674316406,0.0,-500.0,jump,x_327.326568603516_y_-1429.03674316406
814.689,move_left_pressed,327.326568603516,-1437.37622070312,-15.0,-479.222198486328,Move_Left,pressed
815.107,jump_peak_reached,268.826568603516,-1535.87060546875,-180.0,39.8149261474609,jump_peak,x_268.826568603516_y_-1535.87060546875
815.307,jump_input_released,232.826568603516,-1487.16687011719,-96.6666641235352,484.259429931641,Jump,released
815.307,platform_landed,231.239196777344,-1482.09265136719,-96.6666641235352,0.0,land_on_platform,platform_scene-1/Tile Map/12_-82_layer_Tile Map_tile_12_-82_source_1_atlas_14_6
815.307,landed,231.239196777344,-1482.09265136719,-96.6666641235352,0.0,land,surface_wood_impact_0.96851885986328
815.308,musicking,231.239196777344,-1482.09265136719,-96.6666641235352,0.0,osc_received,"value_[1, ""water-tube""]"
815.457,move_right_pressed,231.017028808594,-1482.10229492188,33.3333320617676,0.0,Move_Right,pressed
815.508,jump_input_pressed,234.350875854492,-1482.01635742188,133.33332824707,0.0,Jump,pressed
815.508,jump_executed,234.350875854492,-1482.01635742188,133.33332824707,-500.0,jump,x_234.350875854492_y_-1482.01635742188
815.94,jump_peak_reached,310.753051757812,-1588.89477539062,180.0,39.8149261474609,jump_peak,x_310.753051757812_y_-1588.89477539062
816.041,jump_input_released,328.753051757812,-1575.65405273438,180.0,262.037139892578,Jump,released
816.141,platform_landed,339.586395263672,-1536.02941894531,0.0,0.0,land_on_platform,platform_scene-1/Tile Map/18_-85_layer_Tile Map_tile_18_-85_source_1_atlas_14_6
816.141,landed,339.586395263672,-1536.02941894531,0.0,0.0,land,surface_wood_impact_0.96851885986328
816.141,musicking,339.586395263672,-1536.02941894531,0.0,0.0,osc_received,"value_[1, ""water-tube""]"
816.232,move_left_pressed,339.586395263672,-1536.02941894531,-33.3333320617676,0.0,Move_Left,pressed
816.233,jump_input_pressed,339.586395263672,-1536.02941894531,-33.3333320617676,0.0,Jump,pressed
816.233,jump_executed,339.586395263672,-1536.02941894531,-33.3333320617676,-500.0,jump,x_339.586395263672_y_-1536.02941894531
816.657,jump_peak_reached,274.776916503906,-1642.91857910156,-180.0,39.8149261474609,jump_peak,x_274.776916503906_y_-1642.91857910156
816.857,jump_input_released,238.776916503906,-1594.21484375,-180.0,484.259429931641,Jump,released
816.858,platform_landed,235.745742797852,-1590.06921386719,-180.0,0.0,land_on_platform,platform_scene-1/Tile Map/13_-88_layer_Tile Map_tile_13_-88_source_1_atlas_14_6
816.858,landed,235.745742797852,-1590.06921386719,-180.0,0.0,land,surface_wood_impact_0.96851885986328
816.858,musicking,235.745742797852,-1590.06921386719,-180.0,0.0,osc_received,"value_[1, ""water-tube""]"
816.991,move_right_pressed,233.912460327148,-1590.07788085938,33.3333320617676,0.0,Move_Right,pressed
816.991,jump_input_pressed,233.912460327148,-1590.07788085938,33.3333320617676,0.0,Jump,pressed
816.991,jump_executed,233.912460327148,-1590.07788085938,33.3333320617676,-500.0,jump,x_233.912460327148_y_-1590.07788085938
817.423,jump_peak_reached,298.718200683594,-1696.90905761719,180.0,39.8149261474609,jump_peak,x_298.718200683594_y_-1696.90905761719
817.624,platform_landed,339.112213134766,-1644.09411621094,180.0,0.0,land_on_platform,platform_scene-1/Tile Map/18_-91_layer_Tile Map_tile_18_-91_source_1_atlas_14_6
817.624,landed,339.112213134766,-1644.09411621094,180.0,0.0,land,surface_wood_impact_0.96851885986328
817.626,musicking,339.112213134766,-1644.09411621094,180.0,0.0,osc_received,"value_[1, ""water-tube""]"
817.641,jump_input_released,339.112213134766,-1644.09411621094,96.6666641235352,0.0,Jump,released
817.724,move_left_pressed,340.945587158203,-1644.01403808594,-33.3333320617676,0.0,Move_Left,pressed
817.757,jump_input_pressed,339.279602050781,-1644.09912109375,-100.0,0.0,Jump,pressed
817.757,jump_executed,339.279602050781,-1644.09912109375,-100.0,-500.0,jump,x_339.279602050781_y_-1644.09912109375
818.191,jump_peak_reached,265.529235839844,-1750.92993164062,-180.0,39.8149261474609,jump_peak,x_265.529235839844_y_-1750.92993164062
818.34,jump_input_released,239.918121337891,-1722.73547363281,-13.3333311080933,373.148284912109,Jump,released
818.39,platform_landed,239.695892333984,-1698.06457519531,0.0,0.0,land_on_platform,platform_scene-1/Tile Map/13_-94_layer_Tile Map_tile_13_-94_source_1_atlas_14_6
818.39,landed,239.695892333984,-1698.06457519531,0.0,0.0,land,surface_wood_impact_0.96851885986328
818.391,musicking,239.695892333984,-1698.06457519531,0.0,0.0,osc_received,"value_[1, ""water-tube""]"
818.491,move_right_pressed,239.695892333984,-1698.06457519531,33.3333320617676,0.0,Move_Right,pressed
818.507,jump_input_pressed,240.251113891602,-1698.107421875,66.6666641235352,0.0,Jump,pressed
818.507,jump_executed,240.251113891602,-1698.107421875,66.6666641235352,-500.0,jump,x_240.251113891602_y_-1698.107421875
818.94,jump_peak_reached,310.140747070312,-1804.94140625,180.0,39.8149261474609,jump_peak,x_310.140747070312_y_-1804.94140625
819.057,jump_input_released,331.140747070312,-1787.33337402344,180.0,299.074188232422,Jump,released
819.141,platform_landed,335.974090576172,-1752.32824707031,0.0,0.0,land_on_platform,platform_scene-1/Tile Map/18_-97_layer_Tile Map_tile_18_-97_source_1_atlas_14_6
819.141,landed,335.974090576172,-1752.32824707031,0.0,0.0,land,surface_wood_impact_0.96851885986328
819.141,musicking,335.974090576172,-1752.32824707031,0.0,0.0,osc_received,"value_[1, ""water-tube""]"
819.39,jump_input_pressed,335.974090576172,-1752.32824707031,0.0,0.0,Jump,pressed
819.39,jump_executed,335.974090576172,-1752.32824707031,0.0,-500.0,jump,x_335.974090576172_y_-1752.32824707031
819.608,move_right_pressed,335.974090576172,-1834.05053710938,15.0,-234.222106933594,Move_Right,pressed
819.823,jump_peak_reached,358.474090576172,-1859.20788574219,180.0,39.8149261474609,jump_peak,x_358.474090576172_y_-1859.20788574219
819.84,jump_input_released,361.474090576172,-1858.54431152344,180.0,76.8519668579102,Jump,released
819.974,platform_landed,366.307434082031,-1827.00500488281,0.0,0.0,land_on_platform,platform_scene-1/Tile Map/20_-101_layer_Tile Map_tile_20_-101_source_1_atlas_3_4
819.975,landed,366.307434082031,-1827.00500488281,0.0,0.0,land,surface_wood_impact_0.74629656982422
819.991,musicking,366.307434082031,-1827.00500488281,0.0,0.0,osc_received,"value_[1, ""platform_pan_nav""]"
820.041,move_left_pressed,366.307434082031,-1827.00500488281,-33.3333320617676,0.0,Move_Left,pressed
820.076,jump_input_pressed,364.640777587891,-1827.00500488281,-100.0,0.0,Jump,pressed
820.076,jump_executed,364.640777587891,-1827.00500488281,-100.0,-500.0,jump,x_364.640777587891_y_-1827.00500488281
820.507,jump_peak_reached,290.878936767578,-1933.89306640625,-180.0,39.8149261474609,jump_peak,x_290.878936767578_y_-1933.89306640625
820.707,coin_collected,254.878936767578,-1885.18933105469,-180.0,447.222381591797,collect_coin,coin_coin25_score_36
820.708,sonification,251.878936767578,-1877.11828613281,-180.0,484.259429931641,osc_received,"value_[1, ""coins-with-pitch""]"
820.742,platform_landed,245.878936767578,-1863.06701660156,-180.0,0.0,land_on_platform,platform_scene-1/Tile Map/13_-103_layer_Tile Map_tile_13_-103_source_1_atlas_1_4
820.742,landed,245.878936767578,-1863.06701660156,-180.0,0.0,land,surface_wood_impact_1.1166669921875
820.774,jump_input_released,242.878936767578,-1863.06701660156,-96.6666641235352,0.0,Jump,released
821.176,jump_input_pressed,241.045593261719,-1863.06701660156,0.0,0.0,Jump,pressed
821.177,jump_executed,241.045593261719,-1863.06701660156,0.0,-500.0,jump,x_241.045593261719_y_-1863.06701660156
821.24,move_left_pressed,241.045593261719,-1894.34313964844,-15.0,-417.22216796875,Move_Left,pressed
821.591,jump_input_released,194.545593261719,-1969.94958496094,-96.6666641235352,2.77788853645325,Jump,released
821.607,jump_peak_reached,192.934478759766,-1969.9033203125,-13.3333311080933,39.8149261474609,jump_peak,x_192.934478759766_y_-1969.9033203125
821.724,move_right_pressed,192.712249755859,-1952.29528808594,15.0,299.074188232422,Move_Right,pressed
821.807,platform_landed,197.962249755859,-1917.06689453125,90.0,0.0,land_on_platform,platform_scene-1/Tile Map/10_-106_layer_Tile Map_tile_10_-106_source_1_atlas_13_7
821.807,landed,197.962249755859,-1917.06689453125,90.0,0.0,land,surface_wood_impact_0.96851885986328
821.808,musicking,197.962249755859,-1917.06689453125,90.0,0.0,osc_received,"value_[1, ""cloud""]"
822.107,move_right_pressed,200.684478759766,-1917.06689453125,33.3333320617676,0.0,Move_Right,pressed
822.107,jump_input_pressed,200.684478759766,-1917.06689453125,33.3333320617676,0.0,Jump,pressed
822.107,jump_executed,200.684478759766,-1917.06689453125,33.3333320617676,-500.0,jump,x_200.684478759766_y_-1917.06689453125
822.24,top/checkpoint reached,212.129455566406,-1974.13024902344,153.33332824707,-335.833251953125,top/checkpoint,coins collected: 36
822.524,jump_input_released,262.490570068359,-2023.94958496094,180.0,2.77788853645325,Jump,released
822.541,jump_peak_reached,265.490570068359,-2023.9033203125,96.6666641235352,39.8149261474609,jump_peak,x_265.490570068359_y_-2023.9033203125
822.707,platform_landed,267.323913574219,-1989.0224609375,0.0,0.0,land_on_platform,platform_scene-1/Tile Map/14_-110_layer_Tile Map_tile_14_-110_source_1_atlas_2_4
822.707,landed,267.323913574219,-1989.0224609375,0.0,0.0,land,surface_wood_impact_0.82037066650391
822.808,move_left_pressed,267.323913574219,-1989.0224609375,-33.3333320617676,0.0,Move_Left,pressed
822.957,jump_input_pressed,251.157257080078,-1989.0224609375,0.0,0.0,Jump,pressed
822.957,jump_executed,251.157257080078,-1989.0224609375,0.0,-500.0,jump,x_251.157257080078_y_-1989.0224609375
823.007,move_right_pressed,251.157257080078,-2013.03649902344,15.0,-437.833282470703,Move_Right,pressed
823.39,jump_peak_reached,303.657257080078,-2095.89770507812,180.0,39.8149261474609,jump_peak,x_303.657257080078_y_-2095.89770507812
823.474,jump_input_released,318.657257080078,-2086.40698242188,180.0,225.000106811523,Jump,released
823.49,platform_landed,323.268371582031,-2079.06640625,96.6666641235352,0.0,land_on_platform,platform_scene-1/Tile Map/17_-115_layer_Tile Map_tile_17_-115_source_1_atlas_15_0
823.491,landed,323.268371582031,-2079.06640625,96.6666641235352,0.0,land,surface_wood_impact_0.52407427978516
823.491,sonification,323.268371582031,-2079.06640625,96.6666641235352,0.0,osc_received,"value_[1, ""mushrooms""]"
823.524,sonification,323.490600585938,-2079.06640625,0.0,0.0,osc_received,"value_[1, ""mushrooms""]"
823.607,move_right_pressed,323.490600585938,-2079.06640625,33.3333320617676,0.0,Move_Right,pressed
823.608,sonification,324.046142578125,-2079.06640625,33.3333320617676,0.0,osc_received,"value_[1, ""mushrooms""]"
823.665,sonification,329.062744140625,-2078.76171875,133.33332824707,0.0,osc_received,"value_[1, ""mushrooms""]"
823.791,platform_landed,335.99951171875,-2061.07495117188,15.0,0.0,land_on_platform,platform_scene-1/Tile Map/19_-115_layer_Tile Map_tile_19_-115_source_1_atlas_14_0
823.791,landed,335.99951171875,-2061.07495117188,15.0,0.0,land,surface_wood_impact_0.59259259033203
823.791,sonification,335.99951171875,-2061.07495117188,15.0,0.0,osc_received,"value_[1, ""mushrooms""]"
823.808,sonification,335.99951171875,-2061.00170898438,0.0,0.0,osc_received,"value_[1, ""mushrooms""]"
824.057,jump_input_pressed,335.925262451172,-2061.06640625,0.0,0.0,Jump,pressed
824.057,jump_executed,335.925262451172,-2061.06640625,0.0,-500.0,jump,x_335.925262451172_y_-2061.06640625
824.107,move_right_pressed,335.924041748047,-2085.03393554688,15.0,-437.833282470703,Move_Right,pressed
824.207,jump_input_released,341.174041748047,-2123.71899414062,105.0,-314.999908447266,Jump,released
824.307,jump_peak_reached,348.03515625,-2128.5107421875,0.0,41.2037048339844,jump_peak,x_348.03515625_y_-2128.5107421875
824.508,platform_landed,348.03515625,-2079.0234375,0.0,0.0,land_on_platform,platform_scene-1/Tile Map/19_-115_layer_Tile Map_tile_19_-115_source_1_atlas_14_0
824.508,landed,348.03515625,-2079.0234375,0.0,0.0,land,surface_wood_impact_0.97129644775391
824.59,move_right_pressed,348.03515625,-2079.0234375,33.3333320617676,0.0,Move_Right,pressed
824.591,sonification,348.590698242188,-2079.0234375,33.3333320617676,0.0,osc_received,"value_[1, ""mushrooms""]"
824.673,jump_input_pressed,356.368469238281,-2079.0234375,180.0,0.0,Jump,pressed
824.674,jump_executed,356.368469238281,-2079.0234375,180.0,-500.0,jump,x_356.368469238281_y_-2079.0234375
824.674,sonification,359.383087158203,-2087.3984375,180.0,-500.055541992188,osc_received,"value_[1, ""mushrooms""]"
825.107,jump_peak_reached,434.383087158203,-2185.89282226562,180.0,39.8149261474609,jump_peak,x_434.383087158203_y_-2185.89282226562
825.323,jump_input_released,473.383087158203,-2129.1181640625,180.0,521.296447753906,Jump,released
825.424,platform_landed,487.216430664062,-2061.00073242188,0.0,0.0,land_on_platform,platform_scene-1/Tile Map/27_-114_layer_Tile Map_tile_27_-114_source_1_atlas_2_0
825.424,landed,487.216430664062,-2061.00073242188,0.0,0.0,land,surface_wood_impact_1.48703747558594
825.973,jump_input_pressed,487.216430664062,-2061.00073242188,0.0,0.0,Jump,pressed
825.973,jump_executed,487.216430664062,-2061.00073242188,0.0,-500.0,jump,x_487.216430664062_y_-2061.00073242188
826.025,move_right_pressed,487.216430664062,-2085.041015625,15.0,-437.833282470703,Move_Right,pressed
826.408,jump_peak_reached,539.716430664062,-2167.90209960938,180.0,39.8149261474609,jump_peak,x_539.716430664062_y_-2167.90209960938
826.408,jump_input_released,539.716430664062,-2167.90209960938,180.0,39.8149261474609,Jump,released
826.724,move_left_pressed,548.201477050781,-2049.98168945312,-15.0,743.518737792969,Move_Left,pressed
826.791,platform_landed,544.451477050781,-1989.06628417969,-75.0,0.0,land_on_platform,platform_scene-1/Tile Map/30_-110_layer_Tile Map_tile_30_-110_source_1_atlas_2_4
826.791,landed,544.451477050781,-1989.06628417969,-75.0,0.0,land,surface_wood_impact_1.78333386230469
827.241,move_right_pressed,526.534851074219,-1989.06628417969,33.3333320617676,0.0,Move_Right,pressed
827.523,jump_input_pressed,570.8681640625,-1989.07470703125,180.0,0.0,Jump,pressed
827.524,jump_executed,570.8681640625,-1989.07470703125,180.0,-500.0,jump,x_570.8681640625_y_-1989.07470703125
827.957,jump_peak_reached,648.868530273438,-2095.90454101562,180.0,39.8149261474609,jump_peak,x_648.868530273438_y_-2095.90454101562
828.257,platform_landed,705.868530273438,-1989.07495117188,180.0,0.0,land_on_platform,platform_scene-1/Tile Map/39_-110_layer_Tile Map_tile_39_-110_source_1_atlas_2_4
828.258,landed,705.868530273438,-1989.07495117188,180.0,0.0,land,surface_wood_impact_1.41296337890625
828.424,jump_input_released,732.868530273438,-1989.07495117188,180.0,0.0,Jump,released
829.94,move_left_pressed,1005.91033935547,-1989.07495117188,96.6666641235352,0.0,Move_Left,pressed
829.975,jump_input_pressed,1007.74365234375,-1989.07495117188,-20.0000019073486,0.0,Jump,pressed
829.975,jump_executed,1007.74365234375,-1989.07495117188,-20.0000019073486,-500.0,jump,x_1007.74365234375_y_-1989.07495117188
830.407,jump_peak_reached,945.3271484375,-2095.90454101562,-180.0,39.8149261474609,jump_peak,x_945.3271484375_y_-2095.90454101562
830.656,jump_input_released,900.3271484375,-2021.13598632812,-180.0,595.370544433594,Jump,released
830.708,platform_landed,888.3271484375,-1989.06726074219,-180.0,0.0,land_on_platform,platform_scene-1/Tile Map/49_-110_layer_Tile Map_tile_49_-110_source_1_atlas_2_4
830.708,landed,888.3271484375,-1989.06726074219,-180.0,0.0,land,surface_wood_impact_1.41296337890625
831.808,jump_input_pressed,693.3271484375,-1989.06726074219,-180.0,0.0,Jump,pressed
831.808,jump_executed,693.3271484375,-1989.06726074219,-180.0,-500.0,jump,x_693.3271484375_y_-1989.06726074219
832.224,scene_transition,618.324768066406,-2095.94897460938,-180.0,2.77788853645325,switch,from_res://Scenes/Main/scene-1.tscn_to_res://Scenes/Main/menu.tscn
832.224,session_end,618.324768066406,-2095.94897460938,-180.0,2.77788853645325,,
