timestamp_seconds,event,x,y,velocity_x,velocity_y,action,info
330.226,session_start,392.0,624.0,0.0,0.0,,
330.268,jump_peak_reached,392.0,624.0,0.0,37.037036895752,jump_peak,x_392.0_y_624.0
330.311,platform_landed,392.0,638.988403320312,0.0,0.0,land_on_platform,platform_scene-1/Tile Map/21_36_layer_Tile Map_tile_21_36_source_1_atlas_2_0
330.311,landed,392.0,638.988403320312,0.0,0.0,land,surface_wood_impact_0.51851849365234
330.344,musicking,392.0,638.988403320312,0.0,0.0,osc_received,"value_[1, ""far-fall""]"
332.778,jump_input_pressed,392.0,638.988403320312,0.0,0.0,Jump,pressed
332.778,jump_executed,392.0,638.988403320312,0.0,-500.0,jump,x_392.0_y_638.988403320312
333.094,jump_input_released,387.891143798828,541.564270019531,0.0,-114.722114562988,Jump,released
333.194,jump_peak_reached,387.891143798828,536.772583007812,0.0,41.2037048339844,jump_peak,x_387.891143798828_y_536.772583007812
333.245,move_right_pressed,387.891143798828,540.684631347656,15.0,152.314819335938,Move_Right,pressed
333.377,platform_landed,399.141143798828,584.933532714844,135.0,0.0,land_on_platform,platform_scene-1/Tile Map/22_33_layer_Tile Map_tile_22_33_source_1_atlas_1_0
333.377,landed,399.141143798828,584.933532714844,135.0,0.0,land,surface_wood_impact_0.89722235107422
334.044,jump_input_pressed,409.780029296875,584.933532714844,0.0,0.0,Jump,pressed
334.044,jump_executed,409.780029296875,584.933532714844,0.0,-500.0,jump,x_409.780029296875_y_584.933532714844
334.129,move_right_pressed,409.780029296875,546.698364257812,15.0,-396.666595458984,Move_Right,pressed
334.327,jump_peak_reached,429.281463623047,493.685150146484,180.0,74.0740737915039,jump_peak,x_429.281463623047_y_493.685150146484
334.496,jump_input_released,459.281463623047,533.80859375,180.0,444.444488525391,Jump,released
334.511,platform_landed,465.281463623047,548.933837890625,180.0,0.0,land_on_platform,platform_scene-1/Tile Map/25_31_layer_Tile Map_tile_25_31_source_1_atlas_1_0
334.511,landed,465.281463623047,548.933837890625,180.0,0.0,land,surface_wood_impact_0.96296307373047
334.528,coin_collected,465.281463623047,548.933837890625,180.0,0.0,collect_coin,coin_coin_score_2
334.529,sonification,468.281463623047,548.933837890625,180.0,0.0,osc_received,"value_[1, ""coins-with-pitch""]"
334.978,jump_input_pressed,476.114807128906,548.933837890625,0.0,0.0,Jump,pressed
334.978,jump_executed,476.114807128906,548.933837890625,0.0,-500.0,jump,x_476.114807128906_y_548.933837890625
334.995,move_right_pressed,476.114807128906,540.590942382812,15.0,-479.222198486328,Move_Right,pressed
335.295,jump_input_released,513.614807128906,448.735412597656,180.0,-114.722114562988,Jump,released
335.394,jump_peak_reached,521.448120117188,443.943756103516,0.0,41.2037048339844,jump_peak,x_521.448120117188_y_443.943756103516
335.595,platform_landed,521.448120117188,494.980407714844,0.0,0.0,land_on_platform,platform_scene-1/Tile Map/28_28_layer_Tile Map_tile_28_28_source_1_atlas_1_0
335.595,landed,521.448120117188,494.980407714844,0.0,0.0,land,surface_wood_impact_0.97129644775391
335.619,musicking,521.448120117188,494.980407714844,0.0,0.0,osc_received,"value_[1, ""platform_pan_nav""]"
335.827,jump_input_pressed,521.448120117188,494.980407714844,0.0,0.0,Jump,pressed
335.827,jump_executed,521.448120117188,494.980407714844,0.0,-500.0,jump,x_521.448120117188_y_494.980407714844
335.894,move_right_pressed,521.448120117188,463.662780761719,15.0,-417.22216796875,Move_Right,pressed
336.212,jump_input_released,561.948120117188,388.982269287109,180.0,-36.1665573120117,Jump,released
336.26,jump_peak_reached,569.559204101562,388.215606689453,13.3333311080933,42.5371475219727,jump_peak,x_569.559204101562_y_388.215606689453
336.361,move_left_pressed,569.781433105469,401.728576660156,-15.0,264.759368896484,Move_Left,pressed
336.411,platform_landed,567.281433105469,422.933807373047,-60.0,0.0,land_on_platform,platform_scene-1/Tile Map/31_24_layer_Tile Map_tile_31_24_source_1_atlas_3_0
336.412,landed,567.281433105469,422.933807373047,-60.0,0.0,land,surface_wood_impact_0.75174102783203
336.795,move_left_pressed,553.114807128906,422.933807373047,-33.3333320617676,0.0,Move_Left,pressed
336.795,jump_input_pressed,553.114807128906,422.933807373047,-33.3333320617676,0.0,Jump,pressed
336.795,jump_executed,553.114807128906,422.933807373047,-33.3333320617676,-500.0,jump,x_553.114807128906_y_422.933807373047
337.145,jump_input_released,503.308837890625,319.202209472656,-180.0,-75.3332214355469,Jump,released
337.227,jump_peak_reached,495.475494384766,316.396667480469,0.0,45.0371475219727,jump_peak,x_495.475494384766_y_316.396667480469
337.43,move_left_pressed,495.475494384766,366.144836425781,-15.0,489.481658935547,Move_Left,pressed
337.43,platform_landed,495.225494384766,368.933715820312,-15.0,0.0,land_on_platform,platform_scene-1/Tile Map/27_21_layer_Tile Map_tile_27_21_source_1_atlas_2_0
337.43,landed,495.225494384766,368.933715820312,-15.0,0.0,land,surface_wood_impact_0.97896331787109
337.711,coin_collected,452.657775878906,375.297943115234,-180.0,148.148147583008,collect_coin,coin_coin2_score_4
337.712,sonification,449.657775878906,378.384368896484,-180.0,185.185180664062,osc_received,"value_[1, ""coins-with-pitch""]"
337.761,platform_landed,447.824432373047,386.978118896484,0.0,0.0,land_on_platform,platform_scene-1/Tile Map/24_22_layer_Tile Map_tile_24_22_source_1_atlas_2_0
337.761,landed,447.824432373047,386.978118896484,0.0,0.0,land,surface_wood_impact_0.59259259033203
337.761,musicking,447.824432373047,386.978118896484,0.0,0.0,osc_received,"value_[1, ""platform_pan_nav""]"
338.163,move_right_pressed,447.824432373047,386.978118896484,33.3333320617676,0.0,Move_Right,pressed
338.163,jump_input_pressed,447.824432373047,386.978118896484,33.3333320617676,0.0,Jump,pressed
338.163,jump_executed,447.824432373047,386.978118896484,33.3333320617676,-500.0,jump,x_447.824432373047_y_386.978118896484
338.327,jump_input_released,464.632995605469,319.019195556641,180.0,-294.722106933594,Jump,released
338.429,jump_peak_reached,482.632995605469,314.2275390625,96.6666641235352,41.2037048339844,jump_peak,x_482.632995605469_y_314.2275390625
338.627,platform_landed,484.466339111328,368.995086669922,0.0,0.0,land_on_platform,platform_scene-1/Tile Map/26_21_layer_Tile Map_tile_26_21_source_1_atlas_1_0
338.628,landed,484.466339111328,368.995086669922,0.0,0.0,land,surface_wood_impact_0.97129644775391
338.894,move_right_pressed,484.466339111328,368.995086669922,33.3333320617676,0.0,Move_Right,pressed
339.112,jump_input_pressed,516.799682617188,368.925201416016,180.0,0.0,Jump,pressed
339.112,jump_executed,516.799682617188,368.925201416016,180.0,-500.0,jump,x_516.799682617188_y_368.925201416016
339.311,jump_input_released,552.799987792969,295.069274902344,180.0,37.037036895752,Jump,released
339.327,jump_peak_reached,555.801147460938,295.686798095703,180.0,74.0740737915039,jump_peak,x_555.801147460938_y_295.686798095703
339.527,platform_landed,575.634460449219,354.010467529297,0.0,0.0,land_on_platform,platform_scene-1/Tile Map/31_20_layer_Tile Map_tile_31_20_source_1_atlas_17_3
339.528,landed,575.634460449219,354.010467529297,0.0,0.0,land,surface_wood_impact_1.037037109375
339.528,sonification,575.634460449219,354.010467529297,0.0,0.0,osc_received,"value_[1, ""leaves""]"
339.536,musicking,575.634460449219,354.010467529297,0.0,0.0,osc_received,"value_[1, ""leaves""]"
339.895,move_right_pressed,575.634460449219,354.010467529297,33.3333320617676,0.0,Move_Right,pressed
340.027,jump_input_pressed,592.96630859375,353.974273681641,180.0,0.0,Jump,pressed
340.027,jump_executed,592.96630859375,353.974273681641,180.0,-500.0,jump,x_592.96630859375_y_353.974273681641
340.244,jump_peak_reached,631.967956542969,277.683990478516,180.0,74.0740737915039,jump_peak,x_631.967956542969_y_277.683990478516
340.328,jump_input_released,646.967956542969,290.029663085938,180.0,259.259246826172,Jump,released
340.395,platform_landed,661.967956542969,314.933044433594,180.0,0.0,land_on_platform,platform_scene-1/Tile Map/36_18_layer_Tile Map_tile_36_18_source_1_atlas_0_0
340.395,landed,661.967956542969,314.933044433594,180.0,0.0,land,surface_wood_impact_0.81481488037109
340.477,coin_collected,673.976867675781,315.683135986328,180.0,37.037036895752,collect_coin,coin_coin3_score_6
340.479,sonification,676.976867675781,316.917694091797,180.0,74.0740737915039,osc_received,"value_[1, ""coins-with-pitch""]"
340.578,platform_landed,687.810180664062,332.976715087891,0.0,0.0,land_on_platform,platform_scene-1/Tile Map/38_19_layer_Tile Map_tile_38_19_source_1_atlas_3_0
340.578,landed,687.810180664062,332.976715087891,0.0,0.0,land,surface_wood_impact_0.59259259033203
340.578,musicking,687.810180664062,332.976715087891,0.0,0.0,osc_received,"value_[1, ""platform_pan_nav""]"
340.945,jump_input_pressed,687.810180664062,332.976715087891,0.0,0.0,Jump,pressed
340.946,jump_executed,687.810180664062,332.976715087891,0.0,-500.0,jump,x_687.810180664062_y_332.976715087891
341.011,move_left_pressed,687.810180664062,301.662322998047,-15.0,-417.22216796875,Move_Left,pressed
341.378,jump_peak_reached,638.310180664062,226.102142333984,-180.0,39.8149261474609,jump_peak,x_638.310180664062_y_226.102142333984
341.395,jump_input_released,635.310180664062,226.765731811523,-96.6666641235352,76.8519668579102,Jump,released
341.478,platform_landed,633.476867675781,242.976608276367,0.0,0.0,land_on_platform,platform_scene-1/Tile Map/35_14_layer_Tile Map_tile_35_14_source_1_atlas_2_0
341.478,landed,633.476867675781,242.976608276367,0.0,0.0,land,surface_wood_impact_0.52407427978516
341.528,move_right_pressed,633.476867675781,242.976608276367,33.3333320617676,0.0,Move_Right,pressed
341.862,move_left_pressed,649.6435546875,242.930618286133,-33.3333320617676,0.0,Move_Left,pressed
341.994,jump_input_pressed,632.310241699219,242.930618286133,-180.0,0.0,Jump,pressed
341.994,jump_executed,632.310241699219,242.930618286133,-180.0,-500.0,jump,x_632.310241699219_y_242.930618286133
342.127,jump_peak_reached,617.83740234375,203.263381958008,-20.0368957519531,48.4527969360352,jump_peak,x_617.83740234375_y_203.263381958008
342.195,move_right_pressed,616.085632324219,210.197265625,15.0,196.600952148438,Move_Right,pressed
342.228,jump_input_released,616.835632324219,217.367919921875,45.0,270.675018310547,Jump,released
342.295,platform_landed,623.085632324219,242.933731079102,105.0,0.0,land_on_platform,platform_scene-1/Tile Map/34_14_layer_Tile Map_tile_34_14_source_1_atlas_1_0
342.295,landed,623.085632324219,242.933731079102,105.0,0.0,land,surface_wood_impact_0.83764642333984
342.728,move_left_pressed,654.085571289062,242.933731079102,-33.3333320617676,0.0,Move_Left,pressed
343.061,jump_input_pressed,637.9189453125,242.933731079102,0.0,0.0,Jump,pressed
343.061,jump_executed,637.9189453125,242.933731079102,0.0,-500.0,jump,x_637.9189453125_y_242.933731079102
343.177,move_left_pressed,637.9189453125,191.80583190918,-15.0,-355.722137451172,Move_Left,pressed
343.494,jump_peak_reached,597.4189453125,136.096557617188,-180.0,39.8149261474609,jump_peak,x_597.4189453125_y_136.096557617188
343.561,jump_input_released,585.4189453125,142.45458984375,-180.0,187.963073730469,Jump,released
343.663,platform_landed,580.585632324219,170.977478027344,0.0,0.0,land_on_platform,platform_scene-1/Tile Map/32_10_layer_Tile Map_tile_32_10_source_1_atlas_2_0
343.663,landed,580.585632324219,170.977478027344,0.0,0.0,land,surface_wood_impact_0.82037066650391
343.678,musicking,580.585632324219,170.977478027344,0.0,0.0,osc_received,"value_[1, ""platform_pan_nav""]"
344.129,jump_input_pressed,580.585632324219,170.977478027344,0.0,0.0,Jump,pressed
344.129,jump_executed,580.585632324219,170.977478027344,0.0,-500.0,jump,x_580.585632324219_y_170.977478027344
344.144,move_left_pressed,580.585632324219,162.596664428711,-15.0,-479.222198486328,Move_Left,pressed
344.561,jump_peak_reached,546.574768066406,64.1022644042969,-180.0,39.8149261474609,jump_peak,x_546.574768066406_y_64.1022644042969
344.644,jump_input_released,531.574768066406,73.593017578125,-180.0,225.000106811523,Jump,released
344.662,platform_landed,525.574768066406,80.9336166381836,-180.0,0.0,land_on_platform,platform_scene-1/Tile Map/29_5_layer_Tile Map_tile_29_5_source_1_atlas_2_0
344.662,landed,525.574768066406,80.9336166381836,-180.0,0.0,land,surface_wood_impact_0.52407427978516
344.794,move_left_pressed,523.741455078125,80.9336166381836,-33.3333320617676,0.0,Move_Left,pressed
345.177,coin_collected,461.393157958984,137.355895996094,-180.0,481.481536865234,collect_coin,coin_coin5_score_8
345.194,sonification,459.782043457031,145.997863769531,-96.6666641235352,518.5185546875,osc_received,"value_[1, ""coins-with-pitch""]"
345.196,platform_landed,459.559814453125,152.933227539062,-13.3333311080933,0.0,land_on_platform,platform_scene-1/Tile Map/25_9_layer_Tile Map_tile_25_9_source_1_atlas_2_0
345.197,landed,459.559814453125,152.933227539062,-13.3333311080933,0.0,land,surface_wood_impact_1.11111120605469
345.561,move_left_pressed,459.559814453125,152.933227539062,-33.3333320617676,0.0,Move_Left,pressed
345.579,jump_input_pressed,459.004272460938,152.933227539062,-66.6666641235352,0.0,Jump,pressed
345.579,jump_executed,459.004272460938,152.933227539062,-66.6666641235352,-500.0,jump,x_459.004272460938_y_152.933227539062
345.745,jump_input_released,437.114318847656,85.0133056640625,-96.6666641235352,-294.722106933594,Jump,released
345.844,jump_peak_reached,435.280975341797,80.2216415405273,0.0,41.2037048339844,jump_peak,x_435.280975341797_y_80.2216415405273
346.045,platform_landed,435.280975341797,135.368576049805,0.0,0.0,land_on_platform,platform_scene-1/Tile Map/23_8_layer_Tile Map_tile_23_8_source_1_atlas_0_0
346.045,landed,435.280975341797,135.368576049805,0.0,0.0,land,surface_wood_impact_0.97129644775391
346.079,move_left_pressed,435.280975341797,135.368576049805,-33.3333320617676,0.0,Move_Left,pressed
346.696,move_left_pressed,419.213165283203,134.95654296875,-33.3333320617676,0.0,Move_Left,pressed
346.711,jump_input_pressed,418.657623291016,134.95654296875,-66.6666641235352,0.0,Jump,pressed
346.711,jump_executed,418.657623291016,134.95654296875,-66.6666641235352,-500.0,jump,x_418.657623291016_y_134.95654296875
347.144,jump_peak_reached,348.765014648438,28.1000423431396,-180.0,39.8149261474609,jump_peak,x_348.765014648438_y_28.1000423431396
347.33,jump_input_released,315.765014648438,69.3500747680664,-180.0,447.222381591797,Jump,released
347.345,platform_landed,311.153900146484,80.9330825805664,-96.6666641235352,0.0,land_on_platform,platform_scene-1/Tile Map/17_5_layer_Tile Map_tile_17_5_source_1_atlas_13_0
347.345,landed,311.153900146484,80.9330825805664,-96.6666641235352,0.0,land,surface_wood_impact_0.96851885986328
347.346,sonification,311.153900146484,80.9330825805664,-96.6666641235352,0.0,osc_received,"value_[1, ""mushrooms""]"
347.381,musicking,310.931671142578,80.9330825805664,0.0,0.0,osc_received,"value_[1, ""platform_pan_nav""]"
347.381,sonification,310.931671142578,80.9330825805664,0.0,0.0,osc_received,"value_[1, ""mushrooms""]"
347.761,move_left_pressed,310.931671142578,80.9330825805664,-33.3333320617676,0.0,Move_Left,pressed
347.768,sonification,310.376129150391,80.9330825805664,-33.3333320617676,0.0,osc_received,"value_[1, ""mushrooms""]"
347.979,sonification,282.765014648438,80.9330825805664,0.0,0.0,osc_received,"value_[1, ""mushrooms""]"
347.996,move_left_pressed,282.765014648438,80.9330825805664,-33.3333320617676,0.0,Move_Left,pressed
347.996,sonification,282.20947265625,80.9330825805664,-33.3333320617676,0.0,osc_received,"value_[1, ""mushrooms""]"
349.396,move_right_pressed,38.8205909729004,80.9330825805664,0.0,0.0,Move_Right,pressed
349.402,sonification,38.8205909729004,80.9330825805664,0.0,0.0,osc_received,"value_[1, ""mushrooms""]"
349.421,sonification,39.376148223877,80.9330825805664,33.3333320617676,0.0,osc_received,"value_[1, ""mushrooms""]"
351.062,jump_input_pressed,329.153930664062,80.9330825805664,180.0,0.0,Jump,pressed
351.062,jump_executed,329.153930664062,80.9330825805664,180.0,-500.0,jump,x_329.153930664062_y_80.9330825805664
351.07,sonification,332.156463623047,72.5918273925781,180.0,-500.055541992188,osc_received,"value_[1, ""mushrooms""]"
351.494,jump_peak_reached,407.156463623047,-25.9025821685791,180.0,39.8149261474609,jump_peak,x_407.156463623047_y_-25.9025821685791
351.596,platform_landed,428.156463623047,-9.06634330749512,180.0,0.0,land_on_platform,platform_scene-1/Tile Map/23_0_layer_Tile Map_tile_23_0_source_1_atlas_13_7
351.596,landed,428.156463623047,-9.06634330749512,180.0,0.0,land,surface_wood_impact_0.52407427978516
351.597,musicking,428.156463623047,-9.06634330749512,180.0,0.0,osc_received,"value_[1, ""cloud""]"
351.603,sonification,428.156463623047,-9.06634330749512,180.0,0.0,osc_received,"value_[1, ""cloud""]"
351.603,sonification,428.156463623047,-9.06634330749512,180.0,0.0,osc_received,"value_[1, ""leadr-mel""]"
351.661,jump_input_released,437.156463623047,-9.06634330749512,96.6666641235352,0.0,Jump,released
352.678,move_right_pressed,438.989807128906,-9.06634330749512,33.3333320617676,0.0,Move_Right,pressed
352.912,jump_input_pressed,474.344482421875,-8.60540580749512,180.0,37.037036895752,Jump,pressed
352.912,jump_executed,474.344482421875,-8.60540580749512,180.0,-500.0,jump,x_474.344482421875_y_-8.60540580749512
353.127,jump_peak_reached,513.346130371094,-82.3159942626953,180.0,74.0740737915039,jump_peak,x_513.346130371094_y_-82.3159942626953
353.479,platform_landed,550.42529296875,80.9331970214844,165.0,0.0,land_on_platform,platform_scene-1/Tile Map/30_5_layer_Tile Map_tile_30_5_source_1_atlas_3_0
353.479,landed,550.42529296875,80.9331970214844,165.0,0.0,land,surface_wood_impact_1.70370397949219
353.48,sonification,550.42529296875,80.9331970214844,165.0,0.0,osc_received,"value_[1, ""leadr-mel""]"
353.512,jump_input_released,553.42529296875,80.9331970214844,96.6666641235352,0.0,Jump,released
353.878,move_left_pressed,555.258605957031,80.9331970214844,-33.3333320617676,0.0,Move_Left,pressed
354.112,move_right_pressed,539.091979980469,80.9331970214844,33.3333320617676,0.0,Move_Right,pressed
354.128,jump_input_pressed,539.647521972656,80.9331970214844,66.6666641235352,0.0,Jump,pressed
354.128,jump_executed,539.647521972656,80.9331970214844,66.6666641235352,-500.0,jump,x_539.647521972656_y_80.9331970214844
354.144,jump_peak_reached,540.759704589844,72.5910797119141,81.6666641235352,-479.222198486328,jump_peak,x_540.759704589844_y_72.5910797119141
354.645,jump_input_released,624.537292480469,-16.4125785827637,180.0,225.000106811523,Jump,released
354.794,platform_landed,635.37060546875,44.9757919311523,0.0,0.0,land_on_platform,platform_scene-1/Tile Map/35_3_layer_Tile Map_tile_35_3_source_1_atlas_13_0
354.794,landed,635.37060546875,44.9757919311523,0.0,0.0,land,surface_wood_impact_1.1166669921875
354.803,sonification,635.37060546875,44.9757919311523,0.0,0.0,osc_received,"value_[1, ""leadr-mel""]"
355.028,jump_input_pressed,635.37060546875,44.9757919311523,0.0,0.0,Jump,pressed
355.028,jump_executed,635.37060546875,44.9757919311523,0.0,-500.0,jump,x_635.37060546875_y_44.9757919311523
355.263,move_right_pressed,635.37060546875,-40.6572341918945,15.0,-214.166549682617,Move_Right,pressed
355.461,jump_peak_reached,654.87060546875,-61.89794921875,180.0,39.8149261474609,jump_peak,x_654.87060546875_y_-61.89794921875
355.527,jump_input_released,666.87060546875,-55.5399169921875,180.0,187.963073730469,Jump,released
355.628,platform_landed,674.703918457031,-27.0170116424561,0.0,0.0,land_on_platform,platform_scene-1/Tile Map/37_-1_layer_Tile Map_tile_37_-1_source_1_atlas_15_7
355.628,landed,674.703918457031,-27.0170116424561,0.0,0.0,land,surface_wood_impact_0.82037066650391
355.628,musicking,674.703918457031,-27.0170116424561,0.0,0.0,osc_received,"value_[1, ""cloud""]"
355.628,sonification,674.703918457031,-27.0170116424561,0.0,0.0,osc_received,"value_[1, ""cloud""]"
355.695,move_left_pressed,674.703918457031,-27.0170116424561,-33.3333320617676,0.0,Move_Left,pressed
355.844,jump_input_pressed,654.37060546875,-27.0683555603027,-180.0,0.0,Jump,pressed
355.844,jump_executed,654.37060546875,-27.0683555603027,-180.0,-500.0,jump,x_654.37060546875_y_-27.0683555603027
356.178,jump_input_released,594.368469238281,-129.194580078125,-180.0,-94.9998931884766,Jump,released
356.279,jump_peak_reached,589.53515625,-133.486236572266,0.0,46.2038116455078,jump_peak,x_589.53515625_y_-133.486236572266
356.427,move_left_pressed,589.53515625,-104.333435058594,-15.0,379.537170410156,Move_Left,pressed
356.511,platform_landed,584.285095214844,-63.0662155151367,-90.0,0.0,land_on_platform,platform_scene-1/Tile Map/32_-3_layer_Tile Map_tile_32_-3_source_1_atlas_3_0
356.511,landed,584.285095214844,-63.0662155151367,-90.0,0.0,land,surface_wood_impact_1.12944482421875
356.978,jump_input_pressed,559.78515625,-63.0662155151367,0.0,0.0,Jump,pressed
356.978,jump_executed,559.78515625,-63.0662155151367,0.0,-500.0,jump,x_559.78515625_y_-63.0662155151367
357.061,move_left_pressed,559.78515625,-101.301597595215,-15.0,-396.666595458984,Move_Left,pressed
357.42,jump_peak_reached,513.28515625,-169.903457641602,-180.0,39.8149261474609,jump_peak,x_513.28515625_y_-169.903457641602
357.453,jump_input_released,507.28515625,-167.958999633789,-180.0,113.889007568359,Jump,released
357.578,coin_collected,502.451812744141,-135.489868164062,0.0,373.148284912109,collect_coin,coin_coin9_score_10
357.579,sonification,502.451812744141,-128.653442382812,0.0,410.185333251953,osc_received,"value_[1, ""coins-with-pitch""]"
357.611,platform_landed,502.451812744141,-117.006607055664,0.0,0.0,land_on_platform,platform_scene-1/Tile Map/27_-6_layer_Tile Map_tile_27_-6_source_1_atlas_2_0
357.611,landed,502.451812744141,-117.006607055664,0.0,0.0,land,surface_wood_impact_0.96851885986328
357.645,musicking,502.451812744141,-117.006607055664,0.0,0.0,osc_received,"value_[1, ""platform_pan_nav""]"
357.928,move_right_pressed,502.451812744141,-117.006607055664,33.3333320617676,0.0,Move_Right,pressed
358.028,jump_input_pressed,503.007354736328,-117.006607055664,0.0,0.0,Jump,pressed
358.028,jump_executed,503.007354736328,-117.006607055664,0.0,-500.0,jump,x_503.007354736328_y_-117.006607055664
358.196,move_left_pressed,503.007354736328,-184.979019165039,-15.0,-294.722106933594,Move_Left,pressed
358.469,jump_peak_reached,471.507354736328,-223.895690917969,-180.0,39.8149261474609,jump_peak,x_471.507354736328_y_-223.895690917969
358.545,jump_input_released,456.507354736328,-214.404937744141,-96.6666641235352,225.000106811523,Jump,released
358.561,platform_landed,454.674011230469,-207.066360473633,-13.3333311080933,0.0,land_on_platform,platform_scene-1/Tile Map/25_-11_layer_Tile Map_tile_25_-11_source_1_atlas_2_0
358.561,landed,454.674011230469,-207.066360473633,-13.3333311080933,0.0,land,surface_wood_impact_0.52407427978516
358.811,move_right_pressed,454.674011230469,-207.066360473633,33.3333320617676,0.0,Move_Right,pressed
358.898,jump_input_pressed,463.00732421875,-207.066360473633,180.0,0.0,Jump,pressed
358.898,jump_executed,463.00732421875,-207.066360473633,180.0,-500.0,jump,x_463.00732421875_y_-207.066360473633
359.328,jump_peak_reached,541.010009765625,-313.902435302734,180.0,39.8149261474609,jump_peak,x_541.010009765625_y_-313.902435302734
359.479,jump_input_released,568.010009765625,-285.707977294922,180.0,373.148284912109,Jump,released
359.528,platform_landed,572.843322753906,-257.963195800781,0.0,0.0,land_on_platform,platform_scene-1/Tile Map/31_-14_layer_Tile Map_tile_31_-14_source_1_atlas_18_3
359.528,landed,572.843322753906,-257.963195800781,0.0,0.0,land,surface_wood_impact_0.96851885986328
359.536,sonification,572.843322753906,-257.963195800781,0.0,0.0,osc_received,"value_[1, ""leaves""]"
359.536,musicking,572.843322753906,-257.963195800781,0.0,0.0,osc_received,"value_[1, ""leaves""]"
359.595,move_left_pressed,572.843322753906,-257.963195800781,-33.3333320617676,0.0,Move_Left,pressed
359.946,move_right_pressed,563.121337890625,-258.05517578125,33.3333320617676,0.0,Move_Right,pressed
360.346,jump_input_pressed,572.843688964844,-258.034698486328,0.0,0.0,Jump,pressed
360.346,jump_executed,572.843688964844,-258.034698486328,0.0,-500.0,jump,x_572.843688964844_y_-258.034698486328
360.365,move_right_pressed,572.843688964844,-266.368957519531,15.0,-479.222198486328,Move_Right,pressed
360.778,jump_peak_reached,631.343688964844,-364.863372802734,180.0,39.8149261474609,jump_peak,x_631.343688964844_y_-364.863372802734
360.878,platform_landed,652.324523925781,-348.087890625,180.0,0.0,land_on_platform,platform_scene-1/Tile Map/36_-19_layer_Tile Map_tile_36_-19_source_1_atlas_17_3
360.879,landed,652.324523925781,-348.087890625,180.0,0.0,land,surface_wood_impact_0.52407427978516
360.879,sonification,652.324523925781,-348.087890625,180.0,0.0,osc_received,"value_[1, ""leaves""]"
360.879,musicking,652.324523925781,-348.087890625,180.0,0.0,osc_received,"value_[1, ""leaves""]"
360.895,musicking,655.324523925781,-348.0078125,180.0,0.0,osc_received,"value_[1, ""platform_pan_nav""]"
360.945,jump_input_released,661.324645996094,-348.066467285156,180.0,0.0,Jump,released
361.346,jump_input_pressed,666.156860351562,-348.050567626953,0.0,0.0,Jump,pressed
361.346,jump_executed,666.156860351562,-348.050567626953,0.0,-500.0,jump,x_666.156860351562_y_-348.050567626953
361.428,move_left_pressed,666.156860351562,-386.289642333984,-15.0,-396.666595458984,Move_Left,pressed
361.661,coin_collected,640.656860351562,-448.252563476562,-180.0,-135.555450439453,collect_coin,coin_coin11_score_12
361.662,sonification,637.656860351562,-450.18310546875,-180.0,-115.833229064941,osc_received,"value_[1, ""coins-with-pitch""]"
361.761,jump_input_released,624.045776367188,-454.937744140625,-13.3333311080933,2.77788853645325,Jump,released
361.778,jump_peak_reached,623.823547363281,-454.891448974609,0.0,39.8149261474609,jump_peak,x_623.823547363281_y_-454.891448974609
361.862,move_right_pressed,623.823547363281,-445.400695800781,15.0,225.000106811523,Move_Right,pressed
361.945,platform_landed,629.087768554688,-420.051208496094,90.0,0.0,land_on_platform,platform_scene-1/Tile Map/34_-23_layer_Tile Map_tile_34_-23_source_1_atlas_17_3
361.945,landed,629.087768554688,-420.051208496094,90.0,0.0,land,surface_wood_impact_0.82037066650391
361.961,sonification,629.087768554688,-420.051208496094,90.0,0.0,osc_received,"value_[1, ""leaves""]"
361.961,musicking,629.087768554688,-420.051208496094,90.0,0.0,osc_received,"value_[1, ""leaves""]"
362.295,move_right_pressed,638.588623046875,-420.051208496094,33.3333320617676,0.0,Move_Right,pressed
362.311,jump_input_pressed,639.144165039062,-420.051208496094,66.6666641235352,0.0,Jump,pressed
362.312,jump_executed,639.144165039062,-420.051208496094,66.6666641235352,-500.0,jump,x_639.144165039062_y_-420.051208496094
362.695,jump_input_released,700.033325195312,-526.00390625,180.0,-36.1665573120117,Jump,released
362.744,jump_peak_reached,704.866638183594,-526.770568847656,0.0,42.5371475219727,jump_peak,x_704.866638183594_y_-526.770568847656
362.896,platform_landed,704.866638183594,-495.011077880859,0.0,0.0,land_on_platform,platform_scene-1/Tile Map/39_-27_layer_Tile Map_tile_39_-27_source_1_atlas_2_0
362.896,landed,704.866638183594,-495.011077880859,0.0,0.0,land,surface_wood_impact_0.75174102783203
363.229,move_right_pressed,704.866638183594,-495.011077880859,33.3333320617676,0.0,Move_Right,pressed
363.596,jump_input_pressed,718.033264160156,-495.011077880859,0.0,0.0,Jump,pressed
363.596,jump_executed,718.033264160156,-495.011077880859,0.0,-500.0,jump,x_718.033264160156_y_-495.011077880859
363.612,move_right_pressed,718.033264160156,-503.401824951172,15.0,-479.222198486328,Move_Right,pressed
364.028,jump_peak_reached,776.533264160156,-601.896179199219,180.0,39.8149261474609,jump_peak,x_776.533264160156_y_-601.896179199219
364.062,jump_input_released,782.533264160156,-599.951721191406,96.6666641235352,113.889007568359,Jump,released
364.128,platform_landed,784.366577148438,-585.021728515625,0.0,0.0,land_on_platform,platform_scene-1/Tile Map/43_-32_layer_Tile Map_tile_43_-32_source_1_atlas_2_0
364.128,landed,784.366577148438,-585.021728515625,0.0,0.0,land,surface_wood_impact_0.52407427978516
364.145,musicking,784.366577148438,-585.021728515625,0.0,0.0,osc_received,"value_[1, ""platform_pan_nav""]"
364.162,move_right_pressed,784.366577148438,-585.021728515625,33.3333320617676,0.0,Move_Right,pressed
364.662,coin_collected,833.558288574219,-490.01513671875,0.0,629.629699707031,collect_coin,coin_coin16_score_14
364.663,sonification,833.558288574219,-478.904022216797,0.0,666.666748046875,osc_received,"value_[1, ""coins-with-pitch""]"
364.679,platform_landed,833.558288574219,-474.001922607422,0.0,0.0,land_on_platform,platform_scene-1/Tile Map/46_-26_layer_Tile Map_tile_46_-26_source_1_atlas_13_6
364.679,landed,833.558288574219,-474.001922607422,0.0,0.0,land,surface_wood_impact_1.40740759277344
364.679,sonification,833.558288574219,-474.001922607422,0.0,0.0,osc_received,"value_[1, ""water-tube""]"
364.686,musicking,833.558288574219,-474.001922607422,0.0,0.0,osc_received,"value_[1, ""water-tube""]"
364.794,move_right_pressed,833.558288574219,-474.001922607422,33.3333320617676,0.0,Move_Right,pressed
365.027,coin_collected,868.891723632812,-474.063751220703,180.0,0.0,collect_coin,coin_coin17_score_16
365.029,sonification,871.891723632812,-474.063751220703,180.0,0.0,osc_received,"value_[1, ""coins-with-pitch""]"
365.227,coin_collected,904.892578125,-474.064514160156,180.0,0.0,collect_coin,coin_coin18_score_18
365.236,sonification,907.892578125,-474.064514160156,180.0,0.0,osc_received,"value_[1, ""coins-with-pitch""]"
365.429,coin_collected,940.89404296875,-474.064575195312,180.0,0.0,collect_coin,coin_coin19_score_20
365.43,sonification,943.89404296875,-474.064575195312,180.0,0.0,osc_received,"value_[1, ""coins-with-pitch""]"
365.711,move_left_pressed,984.728759765625,-474.064575195312,-33.3333320617676,0.0,Move_Left,pressed
366.361,jump_input_pressed,874.3955078125,-474.051452636719,-180.0,0.0,Jump,pressed
366.362,jump_executed,874.3955078125,-474.051452636719,-180.0,-500.0,jump,x_874.3955078125_y_-474.051452636719
366.794,jump_peak_reached,817.446350097656,-580.894653320312,-18.3649349212646,39.8149261474609,jump_peak,x_817.446350097656_y_-580.894653320312
367.062,jump_input_released,810.713684082031,-496.470123291016,0.0,632.407592773438,Jump,released
367.096,move_right_pressed,810.713684082031,-474.772583007812,15.0,706.481689453125,Move_Right,pressed
367.096,platform_landed,807.420715332031,-473.585510253906,15.0,0.0,land_on_platform,platform_scene-1/Tile Map/45_-26_layer_Tile Map_tile_45_-26_source_1_atlas_14_6
367.096,landed,807.420715332031,-473.585510253906,15.0,0.0,land,surface_wood_impact_1.41296337890625
367.097,sonification,807.420715332031,-473.585510253906,15.0,0.0,osc_received,"value_[1, ""water-tube""]"
367.097,musicking,807.420715332031,-473.585510253906,15.0,0.0,osc_received,"value_[1, ""water-tube""]"
367.645,move_left_pressed,850.583129882812,-474.033447265625,-33.3333320617676,0.0,Move_Left,pressed
367.711,jump_input_pressed,845.027587890625,-474.033447265625,-166.666656494141,0.0,Jump,pressed
367.711,jump_executed,845.027587890625,-474.033447265625,-166.666656494141,-500.0,jump,x_845.027587890625_y_-474.033447265625
367.795,move_right_pressed,837.410400390625,-512.278625488281,15.0,-396.666595458984,Move_Right,pressed
367.928,jump_input_released,846.410400390625,-555.723083496094,135.0,-234.222106933594,Jump,released
368.027,jump_peak_reached,862.910400390625,-560.514770507812,180.0,41.2037048339844,jump_peak,x_862.910400390625_y_-560.514770507812
368.245,move_left_pressed,901.910400390625,-503.439117431641,81.6666641235352,522.685241699219,Move_Left,pressed
368.295,platform_landed,902.534790039062,-474.066467285156,-30.0,0.0,land_on_platform,platform_scene-1/Tile Map/50_-26_layer_Tile Map_tile_50_-26_source_1_atlas_13_6
368.295,landed,902.534790039062,-474.066467285156,-30.0,0.0,land,surface_wood_impact_1.2675927734375
368.295,sonification,902.534790039062,-474.066467285156,-30.0,0.0,osc_received,"value_[1, ""water-tube""]"
368.296,musicking,902.534790039062,-474.066467285156,-30.0,0.0,osc_received,"value_[1, ""water-tube""]"
368.912,jump_input_pressed,851.14599609375,-474.048431396484,0.0,0.0,Jump,pressed
368.912,jump_executed,851.14599609375,-474.048431396484,0.0,-500.0,jump,x_851.14599609375_y_-474.048431396484
368.929,move_left_pressed,851.14599609375,-482.402923583984,-15.0,-479.222198486328,Move_Left,pressed
369.345,jump_peak_reached,817.443176269531,-580.901550292969,-18.4029979705811,39.8149261474609,jump_peak,x_817.443176269531_y_-580.901550292969
369.563,jump_input_released,814.324768066406,-524.3955078125,0.0,521.296447753906,Jump,released
369.578,move_right_pressed,814.324768066406,-515.707214355469,15.0,558.33349609375,Move_Right,pressed
369.628,platform_landed,816.823913574219,-475.044097900391,60.0,0.0,land_on_platform,platform_scene-1/Tile Map/45_-26_layer_Tile Map_tile_45_-26_source_1_atlas_14_6
369.628,landed,816.823913574219,-475.044097900391,60.0,0.0,land,surface_wood_impact_1.33888928222656
369.628,sonification,816.823913574219,-475.044097900391,60.0,0.0,osc_received,"value_[1, ""water-tube""]"
369.629,musicking,816.823913574219,-475.044097900391,60.0,0.0,osc_received,"value_[1, ""water-tube""]"
369.996,move_left_pressed,846.005249023438,-474.044097900391,-33.3333320617676,0.0,Move_Left,pressed
370.212,jump_input_pressed,814.299987792969,-475.037445068359,-180.0,0.0,Jump,pressed
370.212,jump_executed,814.299987792969,-475.037445068359,-180.0,-500.0,jump,x_814.299987792969_y_-475.037445068359
370.229,jump_peak_reached,811.297668457031,-483.378173828125,-180.0,-479.222198486328,jump_peak,x_811.297668457031_y_-483.378173828125
370.612,platform_landed,739.311828613281,-495.059539794922,-180.0,0.0,land_on_platform,platform_scene-1/Tile Map/40_-27_layer_Tile Map_tile_40_-27_source_1_atlas_3_0
370.612,landed,739.311828613281,-495.059539794922,-180.0,0.0,land,surface_wood_impact_0.96296307373047
370.646,musicking,733.311828613281,-495.073852539062,-180.0,0.0,osc_received,"value_[1, ""platform_pan_nav""]"
370.811,jump_input_released,706.311828613281,-495.073852539062,-96.6666641235352,0.0,Jump,released
371.147,move_right_pressed,704.478515625,-495.073852539062,33.3333320617676,0.0,Move_Right,pressed
371.178,jump_input_pressed,706.145141601562,-495.073852539062,100.0,0.0,Jump,pressed
371.178,jump_executed,706.145141601562,-495.073852539062,100.0,-500.0,jump,x_706.145141601562_y_-495.073852539062
371.595,jump_input_released,776.895629882812,-601.950622558594,180.0,2.77788853645325,Jump,released
371.611,jump_peak_reached,779.895629882812,-601.904296875,96.6666641235352,39.8149261474609,jump_peak,x_779.895629882812_y_-601.904296875
371.711,platform_landed,781.728942871094,-585.004272460938,0.0,0.0,land_on_platform,platform_scene-1/Tile Map/43_-32_layer_Tile Map_tile_43_-32_source_1_atlas_2_0
371.711,landed,781.728942871094,-585.004272460938,0.0,0.0,land,surface_wood_impact_0.52407427978516
371.845,move_left_pressed,781.728942871094,-585.004272460938,-33.3333320617676,0.0,Move_Left,pressed
371.911,jump_input_pressed,776.173400878906,-585.004272460938,-166.666656494141,0.0,Jump,pressed
371.911,jump_executed,776.173400878906,-585.004272460938,-166.666656494141,-500.0,jump,x_776.173400878906_y_-585.004272460938
372.344,jump_peak_reached,698.376892089844,-691.889099121094,-180.0,39.8149261474609,jump_peak,x_698.376892089844_y_-691.889099121094
372.429,jump_input_released,683.376892089844,-682.398376464844,-180.0,225.000106811523,Jump,released
372.645,platform_landed,675.543579101562,-585.005737304688,0.0,0.0,land_on_platform,platform_scene-1/Tile Map/37_-32_layer_Tile Map_tile_37_-32_source_1_atlas_3_0
372.645,landed,675.543579101562,-585.005737304688,0.0,0.0,land,surface_wood_impact_1.41296337890625
372.746,move_left_pressed,675.543579101562,-585.005737304688,-33.3333320617676,0.0,Move_Left,pressed
372.844,coin_collected,664.210266113281,-585.06689453125,-180.0,0.0,collect_coin,coin_coin15_score_22
372.846,sonification,661.210266113281,-585.06689453125,-180.0,0.0,osc_received,"value_[1, ""coins-with-pitch""]"
373.212,move_right_pressed,650.376953125,-585.06689453125,33.3333320617676,0.0,Move_Right,pressed
373.279,jump_input_pressed,655.932495117188,-585.06689453125,166.666656494141,0.0,Jump,pressed
373.279,jump_executed,655.932495117188,-585.06689453125,166.666656494141,-500.0,jump,x_655.932495117188_y_-585.06689453125
373.436,jump_input_released,672.545959472656,-652.986083984375,0.0,-294.722106933594,Jump,released
373.537,jump_peak_reached,672.545959472656,-657.777770996094,0.0,41.2037048339844,jump_peak,x_672.545959472656_y_-657.777770996094
373.67,move_right_pressed,672.545959472656,-635.0,15.0,337.500030517578,Move_Right,pressed
373.77,platform_landed,677.924011230469,-585.004028320312,105.0,0.0,land_on_platform,platform_scene-1/Tile Map/37_-32_layer_Tile Map_tile_37_-32_source_1_atlas_3_0
373.77,landed,677.924011230469,-585.004028320312,105.0,0.0,land,surface_wood_impact_1.11944458007812
374.095,jump_input_pressed,677.924011230469,-585.004028320312,0.0,0.0,Jump,pressed
374.095,jump_executed,677.924011230469,-585.004028320312,0.0,-500.0,jump,x_677.924011230469_y_-585.004028320312
374.204,move_right_pressed,677.924011230469,-636.123474121094,15.0,-355.722137451172,Move_Right,pressed
374.204,jump_input_released,677.924011230469,-636.123474121094,15.0,-355.722137451172,Jump,released
374.304,jump_peak_reached,683.174011230469,-640.915161132812,6.66666650772095,41.2037048339844,jump_peak,x_683.174011230469_y_-640.915161132812
374.47,platform_landed,683.285095214844,-602.8134765625,0.0,0.0,land_on_platform,platform_scene-1/Tile Map/38_-33_layer_Tile Map_tile_38_-33_source_1_atlas_0_0
374.47,landed,683.285095214844,-602.8134765625,0.0,0.0,land,surface_wood_impact_0.82314825439453
374.828,move_right_pressed,683.285095214844,-602.8134765625,33.3333320617676,0.0,Move_Right,pressed
374.869,jump_input_pressed,686.586608886719,-603.069396972656,133.33332824707,0.0,Jump,pressed
374.87,jump_executed,686.586608886719,-603.069396972656,133.33332824707,-500.0,jump,x_686.586608886719_y_-603.069396972656
375.186,jump_input_released,741.976928710938,-703.264526367188,180.0,-114.722114562988,Jump,released
375.286,jump_peak_reached,752.810241699219,-708.056213378906,0.0,41.2037048339844,jump_peak,x_752.810241699219_y_-708.056213378906
375.521,move_right_pressed,752.810241699219,-642.269165039062,15.0,559.722290039062,Move_Right,pressed
375.604,platform_landed,758.060241699219,-585.066833496094,90.0,0.0,land_on_platform,platform_scene-1/Tile Map/42_-32_layer_Tile Map_tile_42_-32_source_1_atlas_1_0
375.604,landed,758.060241699219,-585.066833496094,90.0,0.0,land,surface_wood_impact_1.48981506347656
375.638,musicking,762.726867675781,-585.066833496094,156.66667175293,0.0,osc_received,"value_[1, ""platform_pan_nav""]"
376.028,move_left_pressed,791.560180664062,-585.066833496094,-33.3333320617676,0.0,Move_Left,pressed
376.453,jump_input_pressed,778.3935546875,-585.066833496094,0.0,0.0,Jump,pressed
376.453,jump_executed,778.3935546875,-585.066833496094,0.0,-500.0,jump,x_778.3935546875_y_-585.066833496094
376.47,move_right_pressed,778.3935546875,-593.409057617188,15.0,-479.222198486328,Move_Right,pressed
376.82,jump_input_released,824.8935546875,-690.073852539062,180.0,-55.722110748291,Jump,released
376.894,jump_peak_reached,829.726867675781,-691.705322265625,0.0,43.8149261474609,jump_peak,x_829.726867675781_y_-691.705322265625
376.938,move_left_pressed,829.726867675781,-687.662719726562,-15.0,154.926040649414,Move_Left,pressed
377.037,platform_landed,822.726928710938,-657.066162109375,-105.0,0.0,land_on_platform,platform_scene-1/Tile Map/45_-36_layer_Tile Map_tile_45_-36_source_1_atlas_0_0
377.037,landed,822.726928710938,-657.066162109375,-105.0,0.0,land,surface_wood_impact_0.75429656982422
377.47,move_right_pressed,812.726989746094,-657.066162109375,33.3333320617676,0.0,Move_Right,pressed
377.927,move_right_pressed,816.338073730469,-657.066162109375,33.3333320617676,0.0,Move_Right,pressed
378.237,move_right_pressed,818.004699707031,-657.066162109375,33.3333320617676,0.0,Move_Right,pressed
378.763,move_left_pressed,824.3935546875,-657.066162109375,-33.3333320617676,0.0,Move_Left,pressed
378.779,jump_input_pressed,823.838012695312,-657.066162109375,-66.6666641235352,0.0,Jump,pressed
378.779,jump_executed,823.838012695312,-657.066162109375,-66.6666641235352,-500.0,jump,x_823.838012695312_y_-657.066162109375
379.211,jump_peak_reached,753.948181152344,-763.903259277344,-180.0,39.8149261474609,jump_peak,x_753.948181152344_y_-763.903259277344
379.295,jump_input_released,738.948181152344,-754.412536621094,-180.0,225.000106811523,Jump,released
379.312,platform_landed,734.337097167969,-747.066345214844,-96.6666641235352,0.0,land_on_platform,platform_scene-1/Tile Map/40_-41_layer_Tile Map_tile_40_-41_source_1_atlas_1_0
379.312,landed,734.337097167969,-747.066345214844,-96.6666641235352,0.0,land,surface_wood_impact_0.52407427978516
379.68,jump_input_pressed,734.114868164062,-747.066345214844,0.0,0.0,Jump,pressed
379.68,jump_executed,734.114868164062,-747.066345214844,0.0,-500.0,jump,x_734.114868164062_y_-747.066345214844
379.728,move_right_pressed,734.114868164062,-771.042419433594,15.0,-437.833282470703,Move_Right,pressed
380.028,jump_input_released,771.614868164062,-850.797912597656,180.0,-75.3332214355469,Jump,released
380.111,jump_peak_reached,785.225952148438,-853.603393554688,13.3333311080933,45.0371475219727,jump_peak,x_785.225952148438_y_-853.603393554688
380.294,move_left_pressed,785.448181152344,-811.39599609375,-15.0,452.444610595703,Move_Left,pressed
380.312,platform_landed,784.698181152344,-801.066345214844,-30.0,0.0,land_on_platform,platform_scene-1/Tile Map/43_-44_layer_Tile Map_tile_43_-44_source_1_atlas_3_0
380.312,landed,784.698181152344,-801.066345214844,-30.0,0.0,land,surface_wood_impact_0.97896331787109
380.711,move_left_pressed,781.809326171875,-801.066345214844,-33.3333320617676,0.0,Move_Left,pressed
381.146,jump_input_pressed,772.087097167969,-801.066345214844,0.0,0.0,Jump,pressed
381.146,jump_executed,772.087097167969,-801.066345214844,0.0,-500.0,jump,x_772.087097167969_y_-801.066345214844
381.179,move_left_pressed,772.087097167969,-817.39794921875,-15.0,-458.499969482422,Move_Left,pressed
381.578,jump_peak_reached,716.587097167969,-907.903442382812,-180.0,39.8149261474609,jump_peak,x_716.587097167969_y_-907.903442382812
381.629,jump_input_released,707.587097167969,-904.060852050781,-180.0,150.926040649414,Jump,released
381.679,platform_landed,702.753784179688,-891.00341796875,0.0,0.0,land_on_platform,platform_scene-1/Tile Map/39_-49_layer_Tile Map_tile_39_-49_source_1_atlas_1_0
381.679,landed,702.753784179688,-891.00341796875,0.0,0.0,land,surface_wood_impact_0.52407427978516
381.745,move_right_pressed,702.753784179688,-891.00341796875,33.3333320617676,0.0,Move_Right,pressed
382.68,move_right_pressed,724.92041015625,-891.066589355469,33.3333320617676,0.0,Move_Right,pressed
382.695,jump_input_pressed,725.475952148438,-891.066589355469,66.6666641235352,0.0,Jump,pressed
382.695,jump_executed,725.475952148438,-891.066589355469,66.6666641235352,-500.0,jump,x_725.475952148438_y_-891.066589355469
383.128,jump_peak_reached,795.36572265625,-997.903259277344,180.0,39.8149261474609,jump_peak,x_795.36572265625_y_-997.903259277344
383.163,jump_input_released,801.36572265625,-995.958801269531,180.0,113.889007568359,Jump,released
383.295,platform_landed,806.199035644531,-963.022338867188,0.0,0.0,land_on_platform,platform_scene-1/Tile Map/44_-53_layer_Tile Map_tile_44_-53_source_1_atlas_13_7
383.295,landed,806.199035644531,-963.022338867188,0.0,0.0,land,surface_wood_impact_0.82037066650391
383.296,musicking,806.199035644531,-963.022338867188,0.0,0.0,osc_received,"value_[1, ""cloud""]"
383.296,sonification,806.199035644531,-963.022338867188,0.0,0.0,osc_received,"value_[1, ""cloud""]"
383.296,sonification,806.199035644531,-963.022338867188,0.0,0.0,osc_received,"value_[1, ""leadr-mel""]"
385.528,move_left_pressed,806.199035644531,-963.022338867188,-33.3333320617676,0.0,Move_Left,pressed
386.162,move_right_pressed,799.810180664062,-963.022338867188,33.3333320617676,0.0,Move_Right,pressed
386.329,jump_input_pressed,823.143493652344,-963.069091796875,180.0,0.0,Jump,pressed
386.329,jump_executed,823.143493652344,-963.069091796875,180.0,-500.0,jump,x_823.143493652344_y_-963.069091796875
386.762,jump_peak_reached,875.925231933594,-1069.81982421875,15.0,39.8149261474609,jump_peak,x_875.925231933594_y_-1069.81982421875
386.978,jump_input_released,883.286315917969,-1013.04510498047,0.0,521.296447753906,Jump,released
386.994,move_left_pressed,883.286315917969,-1004.35681152344,-15.0,558.33349609375,Move_Left,pressed
387.479,platform_landed,850.740905761719,-474.100952148438,0.0,0.0,land_on_platform,platform_scene-1/Tile Map/47_-26_layer_Tile Map_tile_47_-26_source_1_atlas_13_6
387.479,landed,850.740905761719,-474.100952148438,0.0,0.0,land,surface_wood_impact_3.26481372070312
387.48,sonification,850.740905761719,-474.100952148438,0.0,0.0,osc_received,"value_[1, ""water-tube""]"
387.48,musicking,850.740905761719,-474.100952148438,0.0,0.0,osc_received,"value_[1, ""water-tube""]"
387.486,sonification,850.740905761719,-474.100952148438,0.0,0.0,osc_received,"value_[1, ""leadr-mel""]"
387.511,musicking,850.740905761719,-473.997436523438,0.0,0.0,osc_received,"value_[1, ""far-fall""]"
388.179,jump_input_pressed,850.740905761719,-473.997436523438,0.0,0.0,Jump,pressed
388.179,jump_executed,850.740905761719,-473.997436523438,0.0,-500.0,jump,x_850.740905761719_y_-473.997436523438
388.194,jump_peak_reached,850.740905761719,-482.396759033203,0.0,-479.222198486328,jump_peak,x_850.740905761719_y_-482.396759033203
388.229,move_left_pressed,850.740905761719,-498.030090332031,-15.0,-437.833282470703,Move_Left,pressed
388.879,jump_input_released,809.074768066406,-496.470733642578,-135.0,632.407592773438,Jump,released
388.946,move_right_pressed,805.288879394531,-450.678405761719,15.0,780.555786132812,Move_Right,pressed
389.345,platform_landed,847.622192382812,44.9567451477051,0.0,0.0,land_on_platform,platform_scene-1/Tile Map/46_3_layer_Tile Map_tile_46_3_source_1_atlas_15_0
389.345,landed,847.622192382812,44.9567451477051,0.0,0.0,land,surface_wood_impact_3.3388876953125
389.361,sonification,847.622192382812,44.9567451477051,0.0,0.0,osc_received,"value_[1, ""leadr-mel""]"
389.379,musicking,847.622192382812,44.9567451477051,0.0,0.0,osc_received,"value_[1, ""far-fall""]"
389.379,musicking,847.622192382812,44.9567451477051,0.0,0.0,osc_received,"value_[1, ""platform_pan_nav""]"
390.197,move_left_pressed,847.622192382812,44.9567451477051,-33.3333320617676,0.0,Move_Left,pressed
390.197,sonification,847.06689453125,44.9285202026367,-33.3333320617676,0.0,osc_received,"value_[1, ""mushrooms""]"
390.563,jump_input_pressed,788.289123535156,44.9285202026367,-180.0,0.0,Jump,pressed
390.563,jump_executed,788.289123535156,44.9285202026367,-180.0,-500.0,jump,x_788.289123535156_y_44.9285202026367
390.564,sonification,785.287841796875,36.5907745361328,-180.0,-500.055541992188,osc_received,"value_[1, ""mushrooms""]"
390.578,jump_peak_reached,785.287841796875,36.5907745361328,-180.0,-479.222198486328,jump_peak,x_785.287841796875_y_36.5907745361328
391.162,platform_landed,677.287841796875,-27.0670433044434,-180.0,0.0,land_on_platform,platform_scene-1/Tile Map/37_-1_layer_Tile Map_tile_37_-1_source_1_atlas_15_7
391.162,landed,677.287841796875,-27.0670433044434,-180.0,0.0,land,surface_wood_impact_0.82037066650391
391.162,musicking,677.287841796875,-27.0670433044434,-180.0,0.0,osc_received,"value_[1, ""cloud""]"
391.163,sonification,677.287841796875,-27.0670433044434,-180.0,0.0,osc_received,"value_[1, ""cloud""]"
391.246,jump_input_released,666.6767578125,-27.0670433044434,-13.3333311080933,0.0,Jump,released
391.512,move_left_pressed,666.454528808594,-27.0748386383057,-33.3333320617676,0.0,Move_Left,pressed
391.528,jump_input_pressed,665.898986816406,-27.0748386383057,-66.6666641235352,0.0,Jump,pressed
391.529,jump_executed,665.898986816406,-27.0748386383057,-66.6666641235352,-500.0,jump,x_665.898986816406_y_-27.0748386383057
391.962,jump_peak_reached,596.010131835938,-133.904495239258,-180.0,39.8149261474609,jump_peak,x_596.010131835938_y_-133.904495239258
392.095,jump_input_released,572.010131835938,-111.311874389648,-180.0,336.111236572266,Jump,released
392.195,platform_landed,567.176818847656,-63.0253562927246,0.0,0.0,land_on_platform,platform_scene-1/Tile Map/31_-3_layer_Tile Map_tile_31_-3_source_1_atlas_2_0
392.195,landed,567.176818847656,-63.0253562927246,0.0,0.0,land,surface_wood_impact_1.1166669921875
392.411,jump_input_pressed,567.176818847656,-63.0253562927246,0.0,0.0,Jump,pressed
392.411,jump_executed,567.176818847656,-63.0253562927246,0.0,-500.0,jump,x_567.176818847656_y_-63.0253562927246
392.428,move_left_pressed,567.176818847656,-71.4037017822266,-15.0,-479.222198486328,Move_Left,pressed
392.795,jump_input_released,517.676818847656,-169.018539428711,-96.6666641235352,-36.1665573120117,Jump,released
392.845,jump_peak_reached,515.843505859375,-169.785202026367,0.0,42.5371475219727,jump_peak,x_515.843505859375_y_-169.785202026367
393.045,platform_landed,515.843505859375,-117.017807006836,0.0,0.0,land_on_platform,platform_scene-1/Tile Map/28_-6_layer_Tile Map_tile_28_-6_source_1_atlas_3_0
393.045,landed,515.843505859375,-117.017807006836,0.0,0.0,land,surface_wood_impact_0.97396331787109
393.329,jump_input_pressed,515.843505859375,-117.017807006836,0.0,0.0,Jump,pressed
393.329,jump_executed,515.843505859375,-117.017807006836,0.0,-500.0,jump,x_515.843505859375_y_-117.017807006836
393.346,move_left_pressed,515.843505859375,-125.402717590332,-15.0,-479.222198486328,Move_Left,pressed
393.579,musicking,489.704437255859,-209.470932006836,-123.287574768066,-195.055435180664,osc_received,"value_[1, ""platform_pan_nav""]"
393.761,jump_peak_reached,461.040100097656,-223.877410888672,-180.0,39.8149261474609,jump_peak,x_461.040100097656_y_-223.877410888672
393.761,jump_input_released,461.040100097656,-223.877410888672,-180.0,39.8149261474609,Jump,released
393.863,platform_landed,453.206756591797,-207.002944946289,0.0,0.0,land_on_platform,platform_scene-1/Tile Map/25_-11_layer_Tile Map_tile_25_-11_source_1_atlas_2_0
393.863,landed,453.206756591797,-207.002944946289,0.0,0.0,land,surface_wood_impact_0.52407427978516
394.128,jump_input_pressed,453.206756591797,-207.002944946289,0.0,0.0,Jump,pressed
394.129,jump_executed,453.206756591797,-207.002944946289,0.0,-500.0,jump,x_453.206756591797_y_-207.002944946289
394.295,jump_peak_reached,453.879730224609,-263.375030517578,0.0,46.9001579284668,jump_peak,x_453.879730224609_y_-263.375030517578
394.497,platform_landed,453.879730224609,-207.016479492188,0.0,0.0,land_on_platform,platform_scene-1/Tile Map/25_-11_layer_Tile Map_tile_25_-11_source_1_atlas_2_0
394.497,landed,453.879730224609,-207.016479492188,0.0,0.0,land,surface_wood_impact_0.98268933105469
394.562,jump_input_released,453.879730224609,-207.016479492188,0.0,0.0,Jump,released
394.628,move_right_pressed,453.879730224609,-207.016479492188,33.3333320617676,0.0,Move_Right,pressed
394.879,jump_input_pressed,467.04638671875,-207.016479492188,0.0,0.0,Jump,pressed
394.879,jump_executed,467.04638671875,-207.016479492188,0.0,-500.0,jump,x_467.04638671875_y_-207.016479492188
394.928,move_left_pressed,467.04638671875,-231.035873413086,-15.0,-437.833282470703,Move_Left,pressed
395.311,jump_peak_reached,438.57470703125,-313.896881103516,-180.0,39.8149261474609,jump_peak,x_438.57470703125_y_-313.896881103516
395.411,jump_input_released,420.57470703125,-300.656127929688,-96.6666641235352,262.037139892578,Jump,released
395.412,platform_landed,418.963592529297,-297.066345214844,-96.6666641235352,0.0,land_on_platform,platform_scene-1/Tile Map/23_-16_layer_Tile Map_tile_23_-16_source_1_atlas_2_0
395.412,landed,418.963592529297,-297.066345214844,-96.6666641235352,0.0,land,surface_wood_impact_0.52407427978516
395.428,musicking,418.741363525391,-297.066345214844,-13.3333311080933,0.0,osc_received,"value_[1, ""platform_pan_nav""]"
395.544,move_right_pressed,418.741363525391,-297.066345214844,33.3333320617676,0.0,Move_Right,pressed
395.645,jump_input_pressed,430.074676513672,-297.066345214844,180.0,0.0,Jump,pressed
395.645,jump_executed,430.074676513672,-297.066345214844,180.0,-500.0,jump,x_430.074676513672_y_-297.066345214844
395.962,jump_input_released,487.077362060547,-397.263549804688,180.0,-114.722114562988,Jump,released
396.062,jump_peak_reached,494.910705566406,-402.055206298828,0.0,41.2037048339844,jump_peak,x_494.910705566406_y_-402.055206298828
396.229,move_right_pressed,494.910705566406,-367.410125732422,15.0,411.574127197266,Move_Right,pressed
396.262,platform_landed,496.410705566406,-351.066223144531,45.0,0.0,land_on_platform,platform_scene-1/Tile Map/27_-19_layer_Tile Map_tile_27_-19_source_1_atlas_13_0
396.262,landed,496.410705566406,-351.066223144531,45.0,0.0,land,surface_wood_impact_0.97129644775391
396.263,sonification,496.410705566406,-351.066223144531,45.0,0.0,osc_received,"value_[1, ""mushrooms""]"
396.588,sonification,542.799560546875,-351.066223144531,0.0,0.0,osc_received,"value_[1, ""mushrooms""]"
396.762,move_right_pressed,542.799560546875,-351.066223144531,33.3333320617676,0.0,Move_Right,pressed
396.771,sonification,543.355102539062,-351.066223144531,33.3333320617676,0.0,osc_received,"value_[1, ""mushrooms""]"
396.778,jump_input_pressed,543.355102539062,-351.066223144531,66.6666641235352,0.0,Jump,pressed
396.778,jump_executed,543.355102539062,-351.066223144531,66.6666641235352,-500.0,jump,x_543.355102539062_y_-351.066223144531
396.779,sonification,544.467346191406,-359.408843994141,66.6666641235352,-500.055541992188,osc_received,"value_[1, ""mushrooms""]"
397.212,jump_peak_reached,613.244934082031,-457.903259277344,180.0,39.8149261474609,jump_peak,x_613.244934082031_y_-457.903259277344
397.212,jump_input_released,613.244934082031,-457.903259277344,180.0,39.8149261474609,Jump,released
397.379,platform_landed,618.078247070312,-420.018035888672,0.0,0.0,land_on_platform,platform_scene-1/Tile Map/34_-23_layer_Tile Map_tile_34_-23_source_1_atlas_17_3
397.379,landed,618.078247070312,-420.018035888672,0.0,0.0,land,surface_wood_impact_0.82037066650391
397.388,sonification,618.078247070312,-420.018035888672,0.0,0.0,osc_received,"value_[1, ""leaves""]"
397.388,musicking,618.078247070312,-420.018035888672,0.0,0.0,osc_received,"value_[1, ""leaves""]"
397.545,move_right_pressed,618.078247070312,-420.018035888672,33.3333320617676,0.0,Move_Right,pressed
397.596,jump_input_pressed,621.411682128906,-420.074920654297,133.33332824707,0.0,Jump,pressed
397.597,jump_executed,621.411682128906,-420.074920654297,133.33332824707,-500.0,jump,x_621.411682128906_y_-420.074920654297
398.012,jump_input_released,694.801086425781,-526.951782226562,180.0,2.77788853645325,Jump,released
398.028,jump_peak_reached,697.801086425781,-526.905456542969,180.0,39.8149261474609,jump_peak,x_697.801086425781_y_-526.905456542969
398.178,platform_landed,702.634399414062,-495.018402099609,0.0,0.0,land_on_platform,platform_scene-1/Tile Map/38_-27_layer_Tile Map_tile_38_-27_source_1_atlas_1_0
398.178,landed,702.634399414062,-495.018402099609,0.0,0.0,land,surface_wood_impact_0.74629656982422
398.196,musicking,702.634399414062,-495.018402099609,0.0,0.0,osc_received,"value_[1, ""platform_pan_nav""]"
398.495,move_right_pressed,702.634399414062,-495.018402099609,33.3333320617676,0.0,Move_Right,pressed
398.913,jump_input_pressed,721.801513671875,-495.073486328125,0.0,0.0,Jump,pressed
398.913,jump_executed,721.801513671875,-495.073486328125,0.0,-500.0,jump,x_721.801513671875_y_-495.073486328125
398.961,move_right_pressed,721.801513671875,-519.043273925781,15.0,-437.833282470703,Move_Right,pressed
399.345,jump_peak_reached,774.301513671875,-601.904296875,180.0,39.8149261474609,jump_peak,x_774.301513671875_y_-601.904296875
399.379,jump_input_released,780.301513671875,-599.959838867188,180.0,113.889007568359,Jump,released
399.445,platform_landed,788.134826660156,-585.004272460938,0.0,0.0,land_on_platform,platform_scene-1/Tile Map/43_-32_layer_Tile Map_tile_43_-32_source_1_atlas_2_0
399.445,landed,788.134826660156,-585.004272460938,0.0,0.0,land,surface_wood_impact_0.52407427978516
399.629,move_left_pressed,788.134826660156,-585.004272460938,-33.3333320617676,0.0,Move_Left,pressed
399.761,jump_input_pressed,770.801513671875,-585.004272460938,-180.0,0.0,Jump,pressed
399.761,jump_executed,770.801513671875,-585.004272460938,-180.0,-500.0,jump,x_770.801513671875_y_-585.004272460938
400.195,jump_peak_reached,692.781616210938,-691.88818359375,-180.0,39.8149261474609,jump_peak,x_692.781616210938_y_-691.88818359375
400.312,jump_input_released,671.781616210938,-674.280151367188,-180.0,299.074188232422,Jump,released
400.495,platform_landed,666.948303222656,-585.004821777344,0.0,0.0,land_on_platform,platform_scene-1/Tile Map/36_-32_layer_Tile Map_tile_36_-32_source_1_atlas_2_0
400.495,landed,666.948303222656,-585.004821777344,0.0,0.0,land,surface_wood_impact_1.41296337890625
400.779,move_left_pressed,666.948303222656,-585.004821777344,-33.3333320617676,0.0,Move_Left,pressed
400.795,jump_input_pressed,666.391052246094,-585.069580078125,-66.6666641235352,0.0,Jump,pressed
400.795,jump_executed,666.391052246094,-585.069580078125,-66.6666641235352,-500.0,jump,x_666.391052246094_y_-585.069580078125
401.044,jump_input_released,629.501647949219,-674.246337890625,-180.0,-194.166549682617,Jump,released
401.146,jump_peak_reached,621.668334960938,-679.038024902344,0.0,41.2037048339844,jump_peak,x_621.668334960938_y_-679.038024902344
401.296,move_right_pressed,621.668334960938,-650.63525390625,15.0,374.537078857422,Move_Right,pressed
401.395,platform_landed,625.418334960938,-603.009216308594,0.0,0.0,land_on_platform,platform_scene-1/Tile Map/34_-33_layer_Tile Map_tile_34_-33_source_1_atlas_0_0
401.395,landed,625.418334960938,-603.009216308594,0.0,0.0,land,surface_wood_impact_1.19351867675781
401.679,move_right_pressed,625.418334960938,-603.009216308594,33.3333320617676,0.0,Move_Right,pressed
401.895,platform_landed,659.388000488281,-585.066955566406,96.6666641235352,0.0,land_on_platform,platform_scene-1/Tile Map/36_-32_layer_Tile Map_tile_36_-32_source_1_atlas_2_0
401.895,landed,659.388000488281,-585.066955566406,96.6666641235352,0.0,land,surface_wood_impact_0.59259259033203
402.078,jump_input_pressed,659.610229492188,-585.066955566406,0.0,0.0,Jump,pressed
402.078,jump_executed,659.610229492188,-585.066955566406,0.0,-500.0,jump,x_659.610229492188_y_-585.066955566406
402.112,move_right_pressed,659.610229492188,-601.39794921875,15.0,-458.499969482422,Move_Right,pressed
402.195,jump_input_released,663.360229492188,-636.194213867188,90.0,-355.722137451172,Jump,released
402.298,jump_peak_reached,674.471313476562,-640.985900878906,0.0,41.2037048339844,jump_peak,x_674.471313476562_y_-640.985900878906
402.445,move_right_pressed,674.471313476562,-612.583129882812,15.0,374.537078857422,Move_Right,pressed
402.495,platform_landed,676.971313476562,-585.066223144531,60.0,0.0,land_on_platform,platform_scene-1/Tile Map/37_-32_layer_Tile Map_tile_37_-32_source_1_atlas_3_0
402.495,landed,676.971313476562,-585.066223144531,60.0,0.0,land,surface_wood_impact_0.97129644775391
402.812,jump_input_pressed,677.925231933594,-585.066284179688,0.0,0.0,Jump,pressed
402.812,jump_executed,677.925231933594,-585.066284179688,0.0,-500.0,jump,x_677.925231933594_y_-585.066284179688
402.912,move_right_pressed,677.924011230469,-629.909790039062,15.0,-376.166595458984,Move_Right,pressed
402.929,jump_input_released,678.174011230469,-636.185729980469,30.0,-355.722137451172,Jump,released
403.028,jump_peak_reached,683.285095214844,-640.977416992188,0.0,41.2037048339844,jump_peak,x_683.285095214844_y_-640.977416992188
403.195,platform_landed,683.285095214844,-602.795349121094,0.0,0.0,land_on_platform,platform_scene-1/Tile Map/38_-33_layer_Tile Map_tile_38_-33_source_1_atlas_0_0
403.195,landed,683.285095214844,-602.795349121094,0.0,0.0,land,surface_wood_impact_0.82314825439453
403.363,move_right_pressed,683.285095214844,-602.795349121094,33.3333320617676,0.0,Move_Right,pressed
403.829,move_right_pressed,699.416564941406,-603.069213867188,33.3333320617676,0.0,Move_Right,pressed
403.829,jump_input_pressed,699.416564941406,-603.069213867188,33.3333320617676,0.0,Jump,pressed
403.829,jump_executed,699.416564941406,-603.069213867188,33.3333320617676,-500.0,jump,x_699.416564941406_y_-603.069213867188
404.204,jump_input_released,755.222412109375,-709.024169921875,180.0,-36.1665573120117,Jump,released
404.253,jump_peak_reached,764.222412109375,-709.790832519531,180.0,42.5371475219727,jump_peak,x_764.222412109375_y_-709.790832519531
404.437,move_left_pressed,769.055725097656,-668.041748046875,-15.0,449.944610595703,Move_Left,pressed
404.571,platform_landed,767.555725097656,-585.032348632812,0.0,0.0,land_on_platform,platform_scene-1/Tile Map/42_-32_layer_Tile Map_tile_42_-32_source_1_atlas_1_0
404.571,landed,767.555725097656,-585.032348632812,0.0,0.0,land,surface_wood_impact_1.49248193359375
404.605,musicking,767.555725097656,-585.032348632812,0.0,0.0,osc_received,"value_[1, ""platform_pan_nav""]"
404.621,move_right_pressed,767.555725097656,-585.032348632812,33.3333320617676,0.0,Move_Right,pressed
404.996,move_left_pressed,786.722351074219,-585.032348632812,-33.3333320617676,0.0,Move_Left,pressed
405.488,jump_input_pressed,770.555725097656,-585.070373535156,0.0,0.0,Jump,pressed
405.488,jump_executed,770.555725097656,-585.070373535156,0.0,-500.0,jump,x_770.555725097656_y_-585.070373535156
405.586,move_right_pressed,770.555725097656,-629.918762207031,15.0,-376.166595458984,Move_Right,pressed
405.919,jump_peak_reached,814.055725097656,-691.903930664062,180.0,39.8149261474609,jump_peak,x_814.055725097656_y_-691.903930664062
405.971,jump_input_released,823.055725097656,-688.061340332031,180.0,150.926040649414,Jump,released
406.086,move_left_pressed,827.889038085938,-657.490356445312,-15.0,410.185333251953,Move_Left,pressed
406.087,platform_landed,827.639038085938,-657.067077636719,-15.0,0.0,land_on_platform,platform_scene-1/Tile Map/45_-36_layer_Tile Map_tile_45_-36_source_1_atlas_0_0
406.087,landed,827.639038085938,-657.067077636719,-15.0,0.0,land,surface_wood_impact_0.82037066650391
406.662,jump_input_pressed,820.000183105469,-657.067077636719,0.0,0.0,Jump,pressed
406.662,jump_executed,820.000183105469,-657.067077636719,0.0,-500.0,jump,x_820.000183105469_y_-657.067077636719
406.695,move_left_pressed,820.000183105469,-673.398071289062,-15.0,-458.499969482422,Move_Left,pressed
407.086,jump_peak_reached,764.500183105469,-763.903564453125,-180.0,39.8149261474609,jump_peak,x_764.500183105469_y_-763.903564453125
407.195,platform_landed,743.500183105469,-747.066345214844,-180.0,0.0,land_on_platform,platform_scene-1/Tile Map/41_-41_layer_Tile Map_tile_41_-41_source_1_atlas_3_0
407.195,landed,743.500183105469,-747.066345214844,-180.0,0.0,land,surface_wood_impact_0.52407427978516
407.295,jump_input_released,729.889099121094,-747.066345214844,-13.3333311080933,0.0,Jump,released
407.638,move_right_pressed,729.666870117188,-747.066345214844,33.3333320617676,0.0,Move_Right,pressed
407.655,jump_input_pressed,730.222412109375,-747.066345214844,66.6666641235352,0.0,Jump,pressed
407.656,jump_executed,730.222412109375,-747.066345214844,66.6666641235352,-500.0,jump,x_730.222412109375_y_-747.066345214844
407.937,jump_input_released,773.112243652344,-842.416259765625,180.0,-154.333221435547,Jump,released
408.037,jump_peak_reached,777.945556640625,-847.207946777344,0.0,41.2037048339844,jump_peak,x_777.945556640625_y_-847.207946777344
408.103,move_left_pressed,777.945556640625,-840.75732421875,-15.0,189.351852416992,Move_Left,pressed
408.22,platform_landed,772.58447265625,-801.001098632812,0.0,0.0,land_on_platform,platform_scene-1/Tile Map/42_-44_layer_Tile Map_tile_42_-44_source_1_atlas_1_0
408.22,landed,772.58447265625,-801.001098632812,0.0,0.0,land,surface_wood_impact_0.89722235107422
408.571,jump_input_pressed,772.58447265625,-801.001098632812,0.0,0.0,Jump,pressed
408.571,jump_executed,772.58447265625,-801.001098632812,0.0,-500.0,jump,x_772.58447265625_y_-801.001098632812
408.603,move_left_pressed,772.58447265625,-817.389526367188,-15.0,-458.499969482422,Move_Left,pressed
409.013,jump_peak_reached,717.08447265625,-907.89501953125,-180.0,39.8149261474609,jump_peak,x_717.08447265625_y_-907.89501953125
409.063,jump_input_released,709.473388671875,-904.052429199219,-13.3333311080933,150.926040649414,Jump,released
409.103,platform_landed,709.251159667969,-891.020568847656,0.0,0.0,land_on_platform,platform_scene-1/Tile Map/39_-49_layer_Tile Map_tile_39_-49_source_1_atlas_1_0
409.103,landed,709.251159667969,-891.020568847656,0.0,0.0,land,surface_wood_impact_0.52407427978516
409.237,move_right_pressed,709.251159667969,-891.020568847656,33.3333320617676,0.0,Move_Right,pressed
409.629,move_right_pressed,722.417785644531,-891.06884765625,33.3333320617676,0.0,Move_Right,pressed
409.629,jump_input_pressed,722.417785644531,-891.06884765625,33.3333320617676,0.0,Jump,pressed
409.629,jump_executed,722.417785644531,-891.06884765625,33.3333320617676,-500.0,jump,x_722.417785644531_y_-891.06884765625
410.055,jump_peak_reached,787.2236328125,-997.903686523438,180.0,39.8149261474609,jump_peak,x_787.2236328125_y_-997.903686523438
410.138,jump_input_released,802.2236328125,-988.412963867188,96.6666641235352,225.000106811523,Jump,released
410.22,platform_landed,804.056945800781,-963.022766113281,0.0,0.0,land_on_platform,platform_scene-1/Tile Map/44_-53_layer_Tile Map_tile_44_-53_source_1_atlas_13_7
410.22,landed,804.056945800781,-963.022766113281,0.0,0.0,land,surface_wood_impact_0.82037066650391
410.221,musicking,804.056945800781,-963.022766113281,0.0,0.0,osc_received,"value_[1, ""cloud""]"
410.221,sonification,804.056945800781,-963.022766113281,0.0,0.0,osc_received,"value_[1, ""cloud""]"
410.228,sonification,804.056945800781,-963.022766113281,0.0,0.0,osc_received,"value_[1, ""leadr-mel""]"
411.72,move_right_pressed,804.056945800781,-963.022766113281,33.3333320617676,0.0,Move_Right,pressed
412.122,platform_landed,836.2685546875,-909.002990722656,0.0,0.0,land_on_platform,platform_scene-1/Tile Map/46_-50_layer_Tile Map_tile_46_-50_source_1_atlas_1_0
412.122,landed,836.2685546875,-909.002990722656,0.0,0.0,land,surface_wood_impact_0.96296307373047
412.128,sonification,836.2685546875,-909.002990722656,0.0,0.0,osc_received,"value_[1, ""leadr-mel""]"
412.604,move_right_pressed,836.2685546875,-909.002990722656,33.3333320617676,0.0,Move_Right,pressed
413.104,move_right_pressed,849.435180664062,-909.066528320312,33.3333320617676,0.0,Move_Right,pressed
413.707,move_left_pressed,868.650390625,-907.976684570312,-33.3333320617676,0.0,Move_Left,pressed
414.172,move_left_pressed,846.966979980469,-909.07470703125,-33.3333320617676,0.0,Move_Left,pressed
414.854,move_right_pressed,833.800354003906,-909.07470703125,33.3333320617676,0.0,Move_Right,pressed
414.92,jump_input_pressed,839.355895996094,-909.07470703125,166.666656494141,0.0,Jump,pressed
414.92,jump_executed,839.355895996094,-909.07470703125,166.666656494141,-500.0,jump,x_839.355895996094_y_-909.07470703125
415.337,platform_landed,916.5888671875,-1016.80200195312,180.0,0.0,land_on_platform,platform_scene-1/Tile Map/51_-56_layer_Tile Map_tile_51_-56_source_1_atlas_0_0
415.338,landed,916.5888671875,-1016.80200195312,180.0,0.0,land,surface_wood_impact_0.00555577707291
415.338,sonification,916.5888671875,-1016.80200195312,180.0,0.0,osc_received,"value_[1, ""leadr-mel""]"
415.52,jump_peak_reached,946.522766113281,-1015.45159912109,96.6666641235352,74.0740737915039,jump_peak,x_946.522766113281_y_-1015.45159912109
415.536,jump_input_released,948.133850097656,-1014.21704101562,13.3333311080933,111.111114501953,Jump,released
415.603,platform_landed,948.356079101562,-999.00439453125,0.0,0.0,land_on_platform,platform_scene-1/Tile Map/52_-55_layer_Tile Map_tile_52_-55_source_1_atlas_1_0
415.604,landed,948.356079101562,-999.00439453125,0.0,0.0,land,surface_wood_impact_0.51851849365234
415.605,sonification,948.356079101562,-999.00439453125,0.0,0.0,osc_received,"value_[1, ""leadr-mel""]"
415.62,musicking,948.356079101562,-999.00439453125,0.0,0.0,osc_received,"value_[1, ""platform_pan_nav""]"
415.903,jump_input_pressed,948.356079101562,-999.00439453125,0.0,0.0,Jump,pressed
415.903,jump_executed,948.356079101562,-999.00439453125,0.0,-500.0,jump,x_948.356079101562_y_-999.00439453125
415.929,move_left_pressed,948.356079101562,-1007.40100097656,-15.0,-479.222198486328,Move_Left,pressed
416.337,jump_peak_reached,890.930603027344,-1105.19934082031,-180.0,39.8149261474609,jump_peak,x_890.930603027344_y_-1105.19934082031
416.355,jump_input_released,887.930603027344,-1104.53576660156,-96.6666641235352,76.8519668579102,Jump,released
416.438,move_right_pressed,886.097290039062,-1091.95861816406,15.0,262.037139892578,Move_Right,pressed
416.438,platform_landed,886.347290039062,-1089.06652832031,15.0,0.0,land_on_platform,platform_scene-1/Tile Map/49_-60_layer_Tile Map_tile_49_-60_source_1_atlas_1_0
416.438,landed,886.347290039062,-1089.06652832031,15.0,0.0,land,surface_wood_impact_0.52407427978516
416.439,sonification,886.347290039062,-1089.06652832031,15.0,0.0,osc_received,"value_[1, ""leadr-mel""]"
416.904,jump_input_pressed,906.736145019531,-1089.06652832031,0.0,0.0,Jump,pressed
416.904,jump_executed,906.736145019531,-1089.06652832031,0.0,-500.0,jump,x_906.736145019531_y_-1089.06652832031
416.971,move_right_pressed,906.736145019531,-1120.34313964844,15.0,-417.22216796875,Move_Right,pressed
417.338,jump_peak_reached,956.236145019531,-1195.9033203125,180.0,39.8149261474609,jump_peak,x_956.236145019531_y_-1195.9033203125
417.338,jump_input_released,956.236145019531,-1195.9033203125,180.0,39.8149261474609,Jump,released
417.437,platform_landed,961.069458007812,-1179.00329589844,0.0,0.0,land_on_platform,platform_scene-1/Tile Map/53_-65_layer_Tile Map_tile_53_-65_source_1_atlas_3_0
417.437,landed,961.069458007812,-1179.00329589844,0.0,0.0,land,surface_wood_impact_0.52407427978516
417.438,sonification,961.069458007812,-1179.00329589844,0.0,0.0,osc_received,"value_[1, ""leadr-mel""]"
417.456,musicking,961.069458007812,-1179.00329589844,0.0,0.0,osc_received,"value_[1, ""platform_pan_nav""]"
417.52,move_left_pressed,961.069458007812,-1179.00329589844,-33.3333320617676,0.0,Move_Left,pressed
418.029,move_left_pressed,935.894592285156,-1178.94543457031,-33.3333320617676,0.0,Move_Left,pressed
418.029,jump_input_pressed,935.894592285156,-1178.94543457031,-33.3333320617676,0.0,Jump,pressed
418.03,jump_executed,935.894592285156,-1178.94543457031,-33.3333320617676,-500.0,jump,x_935.894592285156_y_-1178.94543457031
418.454,jump_peak_reached,871.086669921875,-1285.81127929688,-180.0,39.8149261474609,jump_peak,x_871.086669921875_y_-1285.81127929688
418.529,jump_input_released,859.086669921875,-1279.45324707031,-96.6666641235352,187.963073730469,Jump,released
418.754,platform_landed,857.253356933594,-1179.03125,0.0,0.0,land_on_platform,platform_scene-1/Tile Map/47_-65_layer_Tile Map_tile_47_-65_source_1_atlas_15_7
418.754,landed,857.253356933594,-1179.03125,0.0,0.0,land,surface_wood_impact_1.41296337890625
418.754,musicking,857.253356933594,-1179.03125,0.0,0.0,osc_received,"value_[1, ""cloud""]"
418.754,sonification,857.253356933594,-1179.03125,0.0,0.0,osc_received,"value_[1, ""cloud""]"
419.229,move_left_pressed,857.253356933594,-1179.03125,-33.3333320617676,0.0,Move_Left,pressed
419.271,jump_input_pressed,853.920043945312,-1179.03125,-133.33332824707,0.0,Jump,pressed
419.271,jump_executed,853.920043945312,-1179.03125,-133.33332824707,-500.0,jump,x_853.920043945312_y_-1179.03125
419.703,jump_peak_reached,777.521423339844,-1285.89624023438,-180.0,39.8149261474609,jump_peak,x_777.521423339844_y_-1285.89624023438
419.796,jump_input_released,762.521423339844,-1276.40551757812,-180.0,225.000106811523,Jump,released
420.003,platform_landed,749.713806152344,-1179.00891113281,0.0,0.0,land_on_platform,platform_scene-1/Tile Map/41_-65_layer_Tile Map_tile_41_-65_source_1_atlas_3_0
420.003,landed,749.713806152344,-1179.00891113281,0.0,0.0,land,surface_wood_impact_1.41296337890625
420.338,move_left_pressed,749.713806152344,-1179.00891113281,-33.3333320617676,0.0,Move_Left,pressed
420.771,move_left_pressed,736.547180175781,-1179.06726074219,-33.3333320617676,0.0,Move_Left,pressed
420.771,jump_input_pressed,736.547180175781,-1179.06726074219,-33.3333320617676,0.0,Jump,pressed
420.772,jump_executed,736.547180175781,-1179.06726074219,-33.3333320617676,-500.0,jump,x_736.547180175781_y_-1179.06726074219
420.937,jump_input_released,721.380126953125,-1246.98669433594,0.0,-294.722106933594,Jump,released
421.037,jump_peak_reached,721.380126953125,-1251.7783203125,0.0,41.2037048339844,jump_peak,x_721.380126953125_y_-1251.7783203125
421.103,move_left_pressed,721.380126953125,-1245.32775878906,-15.0,189.351852416992,Move_Left,pressed
421.237,platform_landed,710.130126953125,-1197.06665039062,-135.0,0.0,land_on_platform,platform_scene-1/Tile Map/39_-66_layer_Tile Map_tile_39_-66_source_1_atlas_0_0
421.237,landed,710.130126953125,-1197.06665039062,-135.0,0.0,land,surface_wood_impact_0.97129644775391
421.805,move_right_pressed,709.26904296875,-1197.06665039062,33.3333320617676,0.0,Move_Right,pressed
421.838,jump_input_pressed,710.935668945312,-1197.06665039062,100.0,0.0,Jump,pressed
421.838,jump_executed,710.935668945312,-1197.06665039062,100.0,-500.0,jump,x_710.935668945312_y_-1197.06665039062
422.037,jump_input_released,742.687316894531,-1274.49475097656,180.0,-254.333206176758,Jump,released
422.137,jump_peak_reached,750.520629882812,-1279.28637695312,0.0,41.2037048339844,jump_peak,x_750.520629882812_y_-1279.28637695312
422.428,platform_landed,747.321960449219,-1179.02233886719,0.0,0.0,land_on_platform,platform_scene-1/Tile Map/41_-65_layer_Tile Map_tile_41_-65_source_1_atlas_3_0
422.428,landed,747.321960449219,-1179.02233886719,0.0,0.0,land,surface_wood_impact_1.34166687011719
422.47,move_right_pressed,747.321960449219,-1179.02233886719,33.3333320617676,0.0,Move_Right,pressed
422.788,jump_input_pressed,749.925231933594,-1179.06896972656,0.0,0.0,Jump,pressed
422.788,jump_executed,749.925231933594,-1179.06896972656,0.0,-500.0,jump,x_749.925231933594_y_-1179.06896972656
422.888,move_right_pressed,749.924011230469,-1223.91247558594,15.0,-376.166595458984,Move_Right,pressed
422.92,jump_input_released,750.674011230469,-1236.12451171875,45.0,-335.333251953125,Jump,released
423.02,jump_peak_reached,758.924011230469,-1240.91613769531,36.6666679382324,41.2037048339844,jump_peak,x_758.924011230469_y_-1240.91613769531
423.204,platform_landed,759.535095214844,-1197.0166015625,0.0,0.0,land_on_platform,platform_scene-1/Tile Map/42_-66_layer_Tile Map_tile_42_-66_source_1_atlas_0_0
423.204,landed,759.535095214844,-1197.0166015625,0.0,0.0,land,surface_wood_impact_0.89722235107422
423.403,move_right_pressed,759.535095214844,-1197.0166015625,33.3333320617676,0.0,Move_Right,pressed
423.428,jump_input_pressed,760.090637207031,-1197.0166015625,66.6666641235352,0.0,Jump,pressed
423.428,jump_executed,760.090637207031,-1197.0166015625,66.6666641235352,-500.0,jump,x_760.090637207031_y_-1197.0166015625
423.82,jump_input_released,823.986083984375,-1303.64135742188,180.0,-16.6665554046631,Jump,released
423.854,jump_peak_reached,829.986083984375,-1303.84973144531,180.0,41.2038154602051,jump_peak,x_829.986083984375_y_-1303.84973144531
424.171,platform_landed,837.819396972656,-1179.03881835938,0.0,0.0,land_on_platform,platform_scene-1/Tile Map/46_-65_layer_Tile Map_tile_46_-65_source_1_atlas_13_7
424.171,landed,837.819396972656,-1179.03881835938,0.0,0.0,land,surface_wood_impact_1.48981530761719
424.171,musicking,837.819396972656,-1179.03881835938,0.0,0.0,osc_received,"value_[1, ""cloud""]"
424.171,sonification,837.819396972656,-1179.03881835938,0.0,0.0,osc_received,"value_[1, ""cloud""]"
424.171,sonification,837.819396972656,-1179.03881835938,0.0,0.0,osc_received,"value_[1, ""leadr-mel""]"
424.205,musicking,837.819396972656,-1179.03881835938,0.0,0.0,osc_received,"value_[1, ""platform_pan_nav""]"
424.371,move_right_pressed,837.819396972656,-1179.03881835938,33.3333320617676,0.0,Move_Right,pressed
424.371,jump_input_pressed,837.819396972656,-1179.03881835938,33.3333320617676,0.0,Jump,pressed
424.371,jump_executed,837.819396972656,-1179.03881835938,33.3333320617676,-500.0,jump,x_837.819396972656_y_-1179.03881835938
424.803,jump_peak_reached,902.626953125,-1285.89965820312,180.0,39.8149261474609,jump_peak,x_902.626953125_y_-1285.89965820312
425.02,jump_input_released,941.626953125,-1229.12487792969,180.0,521.296447753906,Jump,released
425.104,platform_landed,959.626953125,-1179.06701660156,180.0,0.0,land_on_platform,platform_scene-1/Tile Map/53_-65_layer_Tile Map_tile_53_-65_source_1_atlas_3_0
425.104,landed,959.626953125,-1179.06701660156,180.0,0.0,land,surface_wood_impact_1.41296337890625
425.105,sonification,959.626953125,-1179.06701660156,180.0,0.0,osc_received,"value_[1, ""leadr-mel""]"
426.088,move_left_pressed,961.460266113281,-1179.06701660156,-33.3333320617676,0.0,Move_Left,pressed
426.121,jump_input_pressed,959.793640136719,-1179.06701660156,-100.0,0.0,Jump,pressed
426.121,jump_executed,959.793640136719,-1179.06701660156,-100.0,-500.0,jump,x_959.793640136719_y_-1179.06701660156
426.555,jump_peak_reached,886.042053222656,-1285.90307617188,-180.0,39.8149261474609,jump_peak,x_886.042053222656_y_-1285.90307617188
426.571,jump_input_released,883.042053222656,-1285.23950195312,-180.0,76.8519668579102,Jump,released
426.787,move_left_pressed,878.208740234375,-1220.44006347656,-15.0,558.33349609375,Move_Left,pressed
427.12,platform_landed,850.875427246094,-909.01025390625,0.0,0.0,land_on_platform,platform_scene-1/Tile Map/47_-50_layer_Tile Map_tile_47_-50_source_1_atlas_3_0
427.12,landed,850.875427246094,-909.01025390625,0.0,0.0,land,surface_wood_impact_2.59814794921875
427.121,sonification,850.875427246094,-909.01025390625,0.0,0.0,osc_received,"value_[1, ""leadr-mel""]"
427.155,musicking,850.875427246094,-909.01025390625,0.0,0.0,osc_received,"value_[1, ""far-fall""]"
427.638,jump_input_pressed,850.875427246094,-909.01025390625,0.0,0.0,Jump,pressed
427.638,jump_executed,850.875427246094,-909.01025390625,0.0,-500.0,jump,x_850.875427246094_y_-909.01025390625
427.655,move_left_pressed,850.875427246094,-917.401733398438,-15.0,-479.222198486328,Move_Left,pressed
428.029,jump_input_released,801.375427246094,-1015.01654052734,-96.6666641235352,-36.1665573120117,Jump,released
428.07,jump_peak_reached,799.542114257812,-1015.783203125,0.0,42.5371475219727,jump_peak,x_799.542114257812_y_-1015.783203125
428.171,move_right_pressed,799.542114257812,-1002.27026367188,15.0,264.759368896484,Move_Right,pressed
428.271,platform_landed,806.542114257812,-963.066589355469,105.0,0.0,land_on_platform,platform_scene-1/Tile Map/44_-53_layer_Tile Map_tile_44_-53_source_1_atlas_13_7
428.271,landed,806.542114257812,-963.066589355469,105.0,0.0,land,surface_wood_impact_0.97396331787109
428.272,musicking,806.542114257812,-963.066589355469,105.0,0.0,osc_received,"value_[1, ""cloud""]"
428.272,sonification,806.542114257812,-963.066589355469,105.0,0.0,osc_received,"value_[1, ""cloud""]"
428.288,musicking,806.903198242188,-963.066589355469,21.6666660308838,0.0,osc_received,"value_[1, ""platform_pan_nav""]"
428.488,move_right_pressed,806.903198242188,-963.066589355469,33.3333320617676,0.0,Move_Right,pressed
428.488,jump_input_pressed,806.903198242188,-963.066589355469,33.3333320617676,0.0,Jump,pressed
428.489,jump_executed,806.903198242188,-963.066589355469,33.3333320617676,-500.0,jump,x_806.903198242188_y_-963.066589355469
428.92,jump_peak_reached,871.709167480469,-1069.9033203125,180.0,39.8149261474609,jump_peak,x_871.709167480469_y_-1069.9033203125
429.054,move_left_pressed,876.675231933594,-1047.31066894531,-15.0,336.111236572266,Move_Left,pressed
429.104,jump_input_released,875.175231933594,-1028.6533203125,-60.0,447.222381591797,Jump,released
429.303,platform_landed,848.175231933594,-909.068054199219,-180.0,0.0,land_on_platform,platform_scene-1/Tile Map/47_-50_layer_Tile Map_tile_47_-50_source_1_atlas_3_0
429.303,landed,848.175231933594,-909.068054199219,-180.0,0.0,land,surface_wood_impact_1.709259765625
429.613,move_right_pressed,840.341918945312,-909.068054199219,33.3333320617676,0.0,Move_Right,pressed
429.662,jump_input_pressed,843.675231933594,-909.068054199219,133.33332824707,0.0,Jump,pressed
429.662,jump_executed,843.675231933594,-909.068054199219,133.33332824707,-500.0,jump,x_843.675231933594_y_-909.068054199219
430.062,platform_landed,916.479614257812,-1016.82000732422,180.0,-18.0554447174072,land_on_platform,platform_scene-1/Tile Map/51_-56_layer_Tile Map_tile_51_-56_source_1_atlas_0_0
430.062,landed,916.479614257812,-1016.82000732422,180.0,-18.0554447174072,land,surface_wood_impact_0.03611088943481
430.113,jump_peak_reached,922.479614257812,-1017.07458496094,180.0,39.8149261474609,jump_peak,x_922.479614257812_y_-1017.07458496094
430.113,platform_landed,925.479614257812,-1017.06640625,180.0,0.0,land_on_platform,platform_scene-1/Tile Map/51_-56_layer_Tile Map_tile_51_-56_source_1_atlas_0_0
430.113,landed,925.479614257812,-1017.06640625,180.0,0.0,land,surface_wood_impact_0.07962985229492
430.196,jump_input_released,937.479614257812,-1016.986328125,96.6666641235352,0.0,Jump,released
430.43,move_left_pressed,939.336486816406,-1016.6015625,-33.3333320617676,0.0,Move_Left,pressed
430.856,move_right_pressed,923.280151367188,-1017.03845214844,33.3333320617676,0.0,Move_Right,pressed
431.229,jump_input_pressed,929.669006347656,-1017.03845214844,0.0,0.0,Jump,pressed
431.229,jump_executed,929.669006347656,-1017.03845214844,0.0,-500.0,jump,x_929.669006347656_y_-1017.03845214844
431.457,move_left_pressed,929.669006347656,-1102.65905761719,-15.0,-214.166549682617,Move_Left,pressed
431.656,jump_peak_reached,910.169006347656,-1123.89978027344,-180.0,39.8149261474609,jump_peak,x_910.169006347656_y_-1123.89978027344
431.729,jump_input_released,898.169006347656,-1117.54174804688,-96.6666641235352,187.963073730469,Jump,released
431.82,platform_landed,896.335693359375,-1089.01892089844,0.0,0.0,land_on_platform,platform_scene-1/Tile Map/49_-60_layer_Tile Map_tile_49_-60_source_1_atlas_1_0
431.82,landed,896.335693359375,-1089.01892089844,0.0,0.0,land,surface_wood_impact_0.82037066650391
431.838,musicking,896.335693359375,-1089.01892089844,0.0,0.0,osc_received,"value_[1, ""platform_pan_nav""]"
432.07,jump_input_pressed,896.335693359375,-1089.01892089844,0.0,0.0,Jump,pressed
432.07,jump_executed,896.335693359375,-1089.01892089844,0.0,-500.0,jump,x_896.335693359375_y_-1089.01892089844
432.095,move_left_pressed,896.335693359375,-1097.40270996094,-15.0,-479.222198486328,Move_Left,pressed
432.504,jump_peak_reached,839.224609375,-1195.89709472656,-13.3333311080933,39.8149261474609,jump_peak,x_839.224609375_y_-1195.89709472656
432.504,jump_input_released,839.224609375,-1195.89709472656,-13.3333311080933,39.8149261474609,Jump,released
432.595,move_right_pressed,839.002380371094,-1186.40637207031,15.0,225.000106811523,Move_Right,pressed
432.604,platform_landed,839.752380371094,-1179.06628417969,30.0,0.0,land_on_platform,platform_scene-1/Tile Map/46_-65_layer_Tile Map_tile_46_-65_source_1_atlas_13_7
432.604,landed,839.752380371094,-1179.06628417969,30.0,0.0,land,surface_wood_impact_0.52407427978516
432.605,musicking,839.752380371094,-1179.06628417969,30.0,0.0,osc_received,"value_[1, ""cloud""]"
432.605,sonification,839.752380371094,-1179.06628417969,30.0,0.0,osc_received,"value_[1, ""cloud""]"
432.605,sonification,839.752380371094,-1179.06628417969,30.0,0.0,osc_received,"value_[1, ""leadr-mel""]"
432.929,move_left_pressed,861.141235351562,-1179.06628417969,-33.3333320617676,0.0,Move_Left,pressed
433.004,jump_input_pressed,852.807922363281,-1179.06628417969,-180.0,0.0,Jump,pressed
433.004,jump_executed,852.807922363281,-1179.06628417969,-180.0,-500.0,jump,x_852.807922363281_y_-1179.06628417969
433.437,jump_peak_reached,774.805236816406,-1285.90234375,-180.0,39.8149261474609,jump_peak,x_774.805236816406_y_-1285.90234375
433.571,jump_input_released,754.971923828125,-1263.30969238281,0.0,336.111236572266,Jump,released
433.703,platform_landed,754.971923828125,-1196.72314453125,0.0,0.0,land_on_platform,platform_scene-1/Tile Map/42_-66_layer_Tile Map_tile_42_-66_source_1_atlas_0_0
433.704,landed,754.971923828125,-1196.72314453125,0.0,0.0,land,surface_wood_impact_1.26481518554687
433.705,sonification,754.971923828125,-1196.72314453125,0.0,0.0,osc_received,"value_[1, ""leadr-mel""]"
433.772,move_left_pressed,754.971923828125,-1196.72314453125,-33.3333320617676,0.0,Move_Left,pressed
433.921,platform_landed,733.483337402344,-1179.06616210938,-180.0,0.0,land_on_platform,platform_scene-1/Tile Map/40_-65_layer_Tile Map_tile_40_-65_source_1_atlas_1_0
433.921,landed,733.483337402344,-1179.06616210938,-180.0,0.0,land,surface_wood_impact_0.51851849365234
433.921,sonification,733.483337402344,-1179.06616210938,-180.0,0.0,osc_received,"value_[1, ""leadr-mel""]"
433.938,musicking,730.483337402344,-1179.06616210938,-180.0,0.0,osc_received,"value_[1, ""platform_pan_nav""]"
434.271,jump_input_pressed,728.074829101562,-1179.06616210938,0.0,0.0,Jump,pressed
434.271,jump_executed,728.074829101562,-1179.06616210938,0.0,-500.0,jump,x_728.074829101562_y_-1179.06616210938
434.371,move_left_pressed,728.075988769531,-1223.90966796875,-15.0,-376.166595458984,Move_Left,pressed
434.42,jump_input_released,726.575988769531,-1241.71887207031,-60.0,-314.999908447266,Jump,released
434.522,jump_peak_reached,716.825988769531,-1246.51049804688,-51.6666679382324,41.2037048339844,jump_peak,x_716.825988769531_y_-1246.51049804688
434.722,platform_landed,715.964904785156,-1197.02319335938,0.0,0.0,land_on_platform,platform_scene-1/Tile Map/39_-66_layer_Tile Map_tile_39_-66_source_1_atlas_0_0
434.722,landed,715.964904785156,-1197.02319335938,0.0,0.0,land,surface_wood_impact_0.97129644775391
434.723,sonification,715.964904785156,-1197.02319335938,0.0,0.0,osc_received,"value_[1, ""leadr-mel""]"
435.188,move_left_pressed,715.964904785156,-1197.02319335938,-33.3333320617676,0.0,Move_Left,pressed
435.295,jump_input_pressed,704.631591796875,-1197.02319335938,-180.0,0.0,Jump,pressed
435.295,jump_executed,704.631591796875,-1197.02319335938,-180.0,-500.0,jump,x_704.631591796875_y_-1197.02319335938
435.728,jump_peak_reached,626.616943359375,-1303.89245605469,-180.0,39.8149261474609,jump_peak,x_626.616943359375_y_-1303.89245605469
436.087,platform_landed,557.616943359375,-1143.06774902344,-180.0,0.0,land_on_platform,platform_scene-1/Tile Map/30_-63_layer_Tile Map_tile_30_-63_source_1_atlas_1_0
436.087,landed,557.616943359375,-1143.06774902344,-180.0,0.0,land,surface_wood_impact_1.709259765625
436.088,sonification,557.616943359375,-1143.06774902344,-180.0,0.0,osc_received,"value_[1, ""leadr-mel""]"
436.138,jump_input_released,551.616943359375,-1143.06774902344,-180.0,0.0,Jump,released
436.454,move_right_pressed,546.783630371094,-1143.06774902344,33.3333320617676,0.0,Move_Right,pressed
436.797,move_left_pressed,559.950256347656,-1143.06774902344,-33.3333320617676,0.0,Move_Left,pressed
436.797,jump_input_pressed,559.950256347656,-1143.06774902344,-33.3333320617676,0.0,Jump,pressed
436.797,jump_executed,559.950256347656,-1143.06774902344,-33.3333320617676,-500.0,jump,x_559.950256347656_y_-1143.06774902344
437.221,jump_peak_reached,495.144348144531,-1249.90356445312,-96.6666641235352,39.8149261474609,jump_peak,x_495.144348144531_y_-1249.90356445312
437.238,jump_input_released,493.533233642578,-1249.23999023438,-13.3333311080933,76.8519668579102,Jump,released
437.42,platform_landed,493.311004638672,-1197.00671386719,0.0,0.0,land_on_platform,platform_scene-1/Tile Map/27_-66_layer_Tile Map_tile_27_-66_source_1_atlas_3_0
437.42,landed,493.311004638672,-1197.00671386719,0.0,0.0,land,surface_wood_impact_0.96851885986328
437.421,sonification,493.311004638672,-1197.00671386719,0.0,0.0,osc_received,"value_[1, ""leadr-mel""]"
437.604,move_left_pressed,493.311004638672,-1197.00671386719,-33.3333320617676,0.0,Move_Left,pressed
437.737,jump_input_pressed,476.002593994141,-1197.00048828125,-33.3333320617676,0.0,Jump,pressed
437.737,jump_executed,476.002593994141,-1197.00048828125,-33.3333320617676,-500.0,jump,x_476.002593994141_y_-1197.00048828125
437.871,jump_input_released,472.324676513672,-1254.05603027344,0.0,-335.333251953125,Jump,released
437.97,jump_peak_reached,472.324676513672,-1258.84765625,0.0,41.2037048339844,jump_peak,x_472.324676513672_y_-1258.84765625
438.004,move_right_pressed,472.324676513672,-1256.85693359375,15.0,115.277786254883,Move_Right,pressed
438.154,platform_landed,473.074676513672,-1213.69226074219,0.0,0.0,land_on_platform,platform_scene-1/Tile Map/25_-67_layer_Tile Map_tile_25_-67_source_1_atlas_0_0
438.154,landed,473.074676513672,-1213.69226074219,0.0,0.0,land,surface_wood_impact_0.89722235107422
438.162,sonification,473.074676513672,-1213.69226074219,0.0,0.0,osc_received,"value_[1, ""leadr-mel""]"
438.187,move_left_pressed,473.074676513672,-1213.69226074219,-33.3333320617676,0.0,Move_Left,pressed
438.804,move_left_pressed,454.602630615234,-1215.01208496094,-33.3333320617676,0.0,Move_Left,pressed
438.804,jump_input_pressed,454.602630615234,-1215.01208496094,-33.3333320617676,0.0,Jump,pressed
438.804,jump_executed,454.602630615234,-1215.01208496094,-33.3333320617676,-500.0,jump,x_454.602630615234_y_-1215.01208496094
439.104,jump_peak_reached,413.792205810547,-1309.38659667969,-180.0,74.0740737915039,jump_peak,x_413.792205810547_y_-1309.38659667969
439.447,platform_landed,350.792205810547,-1161.06628417969,-180.0,0.0,land_on_platform,platform_scene-1/Tile Map/19_-64_layer_Tile Map_tile_19_-64_source_1_atlas_13_7
439.447,landed,350.792205810547,-1161.06628417969,-180.0,0.0,land,surface_wood_impact_1.6296298828125
439.455,musicking,350.792205810547,-1161.06628417969,-180.0,0.0,osc_received,"value_[1, ""cloud""]"
439.455,sonification,350.792205810547,-1161.06628417969,-180.0,0.0,osc_received,"value_[1, ""cloud""]"
439.479,musicking,350.007049560547,-1161.00048828125,0.0,0.0,osc_received,"value_[1, ""platform_pan_nav""]"
439.561,jump_input_released,350.007049560547,-1161.00048828125,-33.3333320617676,0.0,Jump,released
439.846,jump_input_pressed,350.074829101562,-1161.06616210938,0.0,0.0,Jump,pressed
439.846,jump_executed,350.074829101562,-1161.06616210938,0.0,-500.0,jump,x_350.074829101562_y_-1161.06616210938
439.862,move_left_pressed,350.075958251953,-1169.400390625,-15.0,-479.222198486328,Move_Left,pressed
440.045,jump_input_released,336.324737548828,-1238.48645019531,-165.0,-254.333206176758,Jump,released
440.145,jump_peak_reached,332.213623046875,-1243.27807617188,0.0,41.2037048339844,jump_peak,x_332.213623046875_y_-1243.27807617188
440.362,platform_landed,332.213623046875,-1179.00537109375,0.0,0.0,land_on_platform,platform_scene-1/Tile Map/18_-65_layer_Tile Map_tile_18_-65_source_1_atlas_3_0
440.362,landed,332.213623046875,-1179.00537109375,0.0,0.0,land,surface_wood_impact_1.04537048339844
440.545,move_left_pressed,332.213623046875,-1179.00537109375,-33.3333320617676,0.0,Move_Left,pressed
440.828,jump_input_pressed,287.870208740234,-1169.654296875,-180.0,222.222213745117,Jump,pressed
441.128,jump_input_released,235.259094238281,-1008.54315185547,-13.3333311080933,888.889038085938,Jump,released
441.296,platform_landed,235.036865234375,-819.007995605469,0.0,0.0,land_on_platform,platform_scene-1/Tile Map/13_-45_layer_Tile Map_tile_13_-45_source_-1_atlas_-1_-1
441.296,landed,235.036865234375,-819.007995605469,0.0,0.0,land,surface_wood_impact_2.51851831054688
441.296,musicking,235.036865234375,-819.007995605469,0.0,0.0,osc_received,"value_[1, ""cloud""]"
441.297,sonification,235.036865234375,-819.007995605469,0.0,0.0,osc_received,"value_[1, ""cloud""]"
441.297,sonification,235.036865234375,-819.007995605469,0.0,0.0,osc_received,"value_[1, ""leadr-mel""]"
441.328,musicking,235.036865234375,-819.007995605469,0.0,0.0,osc_received,"value_[1, ""far-fall""]"
442.163,jump_input_pressed,235.036865234375,-819.007995605469,0.0,0.0,Jump,pressed
442.164,jump_executed,235.036865234375,-819.007995605469,0.0,-500.0,jump,x_235.036865234375_y_-819.007995605469
442.179,jump_peak_reached,235.036865234375,-827.4013671875,0.0,-479.222198486328,jump_peak,x_235.036865234375_y_-827.4013671875
442.197,move_right_pressed,235.036865234375,-835.390258789062,15.0,-458.499969482422,Move_Right,pressed
442.746,jump_input_released,317.536865234375,-897.701293945312,180.0,373.148284912109,Jump,released
442.896,platform_landed,322.370208740234,-816.057189941406,0.0,0.0,land_on_platform,platform_scene-1/Tile Map/17_-45_layer_Tile Map_tile_17_-45_source_1_atlas_14_6
442.896,landed,322.370208740234,-816.057189941406,0.0,0.0,land,surface_wood_impact_1.41296337890625
442.896,sonification,322.370208740234,-816.057189941406,0.0,0.0,osc_received,"value_[1, ""water-tube""]"
442.897,musicking,322.370208740234,-816.057189941406,0.0,0.0,osc_received,"value_[1, ""water-tube""]"
442.903,sonification,322.370208740234,-816.057189941406,0.0,0.0,osc_received,"value_[1, ""leadr-mel""]"
443.097,move_right_pressed,322.370208740234,-816.057189941406,33.3333320617676,0.0,Move_Right,pressed
443.097,jump_input_pressed,322.370208740234,-816.057189941406,33.3333320617676,0.0,Jump,pressed
443.097,jump_executed,322.370208740234,-816.057189941406,33.3333320617676,-500.0,jump,x_322.370208740234_y_-816.057189941406
443.529,jump_peak_reached,387.177703857422,-922.9169921875,180.0,39.8149261474609,jump_peak,x_387.177703857422_y_-922.9169921875
443.612,jump_input_released,402.177703857422,-913.42626953125,180.0,225.000106811523,Jump,released
443.679,platform_landed,407.011047363281,-891.005615234375,0.0,0.0,land_on_platform,platform_scene-1/Tile Map/22_-49_layer_Tile Map_tile_22_-49_source_1_atlas_2_0
443.679,landed,407.011047363281,-891.005615234375,0.0,0.0,land,surface_wood_impact_0.74629656982422
443.687,sonification,407.011047363281,-891.005615234375,0.0,0.0,osc_received,"value_[1, ""leadr-mel""]"
443.697,musicking,407.011047363281,-891.005615234375,0.0,0.0,osc_received,"value_[1, ""platform_pan_nav""]"
443.812,move_left_pressed,407.011047363281,-891.005615234375,-33.3333320617676,0.0,Move_Left,pressed
443.847,jump_input_pressed,405.344390869141,-891.005615234375,-100.0,0.0,Jump,pressed
443.847,jump_executed,405.344390869141,-891.005615234375,-100.0,-500.0,jump,x_405.344390869141_y_-891.005615234375
444.246,jump_input_released,366.298919677734,-997.638244628906,0.0,-16.6665554046631,Jump,released
444.279,jump_peak_reached,366.298919677734,-997.846557617188,0.0,41.2038154602051,jump_peak,x_366.298919677734_y_-997.846557617188
444.445,platform_landed,366.298919677734,-960.039672851562,0.0,0.0,land_on_platform,platform_scene-1/Tile Map/20_-53_layer_Tile Map_tile_20_-53_source_1_atlas_14_6
444.446,landed,366.298919677734,-960.039672851562,0.0,0.0,land,surface_wood_impact_0.8231484375
444.446,sonification,366.298919677734,-960.039672851562,0.0,0.0,osc_received,"value_[1, ""leadr-mel""]"
444.446,sonification,366.298919677734,-960.039672851562,0.0,0.0,osc_received,"value_[1, ""water-tube""]"
444.446,musicking,366.298919677734,-960.039672851562,0.0,0.0,osc_received,"value_[1, ""water-tube""]"
444.596,move_right_pressed,366.298919677734,-960.039672851562,33.3333320617676,0.0,Move_Right,pressed
444.596,jump_input_pressed,366.298919677734,-960.039672851562,33.3333320617676,0.0,Jump,pressed
444.596,jump_executed,366.298919677734,-960.039672851562,33.3333320617676,-500.0,jump,x_366.298919677734_y_-960.039672851562
445.028,jump_peak_reached,431.108642578125,-1066.93286132812,180.0,39.8149261474609,jump_peak,x_431.108642578125_y_-1066.93286132812
445.229,jump_input_released,467.108642578125,-1018.22912597656,180.0,484.259429931641,Jump,released
445.262,coin_collected,473.108642578125,-1001.46984863281,180.0,521.296447753906,collect_coin,coin_coin21_score_24
445.263,sonification,474.719757080078,-992.164306640625,96.6666641235352,558.33349609375,osc_received,"value_[1, ""coins-with-pitch""]"
445.297,platform_landed,474.941986083984,-981.02685546875,0.0,0.0,land_on_platform,platform_scene-1/Tile Map/26_-54_layer_Tile Map_tile_26_-54_source_1_atlas_2_0
445.297,landed,474.941986083984,-981.02685546875,0.0,0.0,land,surface_wood_impact_1.26481518554687
445.298,sonification,474.941986083984,-981.02685546875,0.0,0.0,osc_received,"value_[1, ""leadr-mel""]"
445.313,musicking,474.941986083984,-981.02685546875,0.0,0.0,osc_received,"value_[1, ""platform_pan_nav""]"
445.831,move_right_pressed,474.941986083984,-981.02685546875,33.3333320617676,0.0,Move_Right,pressed
445.831,jump_input_pressed,474.941986083984,-981.02685546875,33.3333320617676,0.0,Jump,pressed
445.831,jump_executed,474.941986083984,-981.02685546875,33.3333320617676,-500.0,jump,x_474.941986083984_y_-981.02685546875
446.045,jump_input_released,500.750244140625,-1062.74072265625,180.0,-234.222106933594,Jump,released
446.147,jump_peak_reached,505.583587646484,-1067.53234863281,0.0,41.2037048339844,jump_peak,x_505.583587646484_y_-1067.53234863281
446.379,platform_landed,505.583587646484,-999.012268066406,0.0,0.0,land_on_platform,platform_scene-1/Tile Map/28_-55_layer_Tile Map_tile_28_-55_source_1_atlas_0_0
446.379,landed,505.583587646484,-999.012268066406,0.0,0.0,land,surface_wood_impact_1.11944458007812
446.395,sonification,505.583587646484,-999.012268066406,0.0,0.0,osc_received,"value_[1, ""leadr-mel""]"
446.713,move_right_pressed,505.583587646484,-999.012268066406,33.3333320617676,0.0,Move_Right,pressed
446.798,jump_input_pressed,513.916931152344,-999.012268066406,180.0,0.0,Jump,pressed
446.798,jump_executed,513.916931152344,-999.012268066406,180.0,-500.0,jump,x_513.916931152344_y_-999.012268066406
447.046,jump_input_released,558.934631347656,-1088.23278808594,180.0,-194.166549682617,Jump,released
447.146,jump_peak_reached,563.767944335938,-1093.0244140625,0.0,41.2037048339844,jump_peak,x_563.767944335938_y_-1093.0244140625
447.347,move_right_pressed,563.767944335938,-1044.04296875,15.0,485.648223876953,Move_Right,pressed
447.362,platform_landed,564.501281738281,-1033.04333496094,30.0,0.0,land_on_platform,platform_scene-1/Tile Map/31_-57_layer_Tile Map_tile_31_-57_source_1_atlas_14_6
447.362,landed,564.501281738281,-1033.04333496094,30.0,0.0,land,surface_wood_impact_1.04537048339844
447.363,sonification,564.501281738281,-1033.04333496094,30.0,0.0,osc_received,"value_[1, ""leadr-mel""]"
447.363,sonification,564.501281738281,-1033.04333496094,30.0,0.0,osc_received,"value_[1, ""water-tube""]"
447.363,musicking,564.501281738281,-1033.04333496094,30.0,0.0,osc_received,"value_[1, ""water-tube""]"
447.639,jump_input_pressed,585.897827148438,-1032.03552246094,0.0,0.0,Jump,pressed
447.639,jump_executed,585.897827148438,-1032.03552246094,0.0,-500.0,jump,x_585.897827148438_y_-1032.03552246094
447.662,move_right_pressed,585.897827148438,-1040.39599609375,15.0,-479.222198486328,Move_Right,pressed
448.039,jump_input_released,638.397827148438,-1138.6357421875,180.0,-16.6665554046631,Jump,released
448.071,jump_peak_reached,644.397827148438,-1138.84411621094,96.6666641235352,41.2038154602051,jump_peak,x_644.397827148438_y_-1138.84411621094
448.271,platform_landed,646.231140136719,-1089.02478027344,0.0,0.0,land_on_platform,platform_scene-1/Tile Map/35_-60_layer_Tile Map_tile_35_-60_source_1_atlas_1_0
448.271,landed,646.231140136719,-1089.02478027344,0.0,0.0,land,surface_wood_impact_0.97129663085938
448.272,sonification,646.231140136719,-1089.02478027344,0.0,0.0,osc_received,"value_[1, ""leadr-mel""]"
448.463,move_left_pressed,646.231140136719,-1089.02478027344,-33.3333320617676,0.0,Move_Left,pressed
448.487,jump_input_pressed,644.564514160156,-1089.02478027344,-100.0,0.0,Jump,pressed
448.487,jump_executed,644.564514160156,-1089.02478027344,-100.0,-500.0,jump,x_644.564514160156_y_-1089.02478027344
448.929,jump_peak_reached,570.805847167969,-1195.89611816406,-180.0,39.8149261474609,jump_peak,x_570.805847167969_y_-1195.89611816406
448.962,jump_input_released,564.805847167969,-1193.95166015625,-96.6666641235352,113.889007568359,Jump,released
449.129,platform_landed,562.972534179688,-1143.03076171875,0.0,0.0,land_on_platform,platform_scene-1/Tile Map/31_-63_layer_Tile Map_tile_31_-63_source_1_atlas_3_0
449.129,landed,562.972534179688,-1143.03076171875,0.0,0.0,land,surface_wood_impact_0.96851885986328
449.13,sonification,562.972534179688,-1143.03076171875,0.0,0.0,osc_received,"value_[1, ""leadr-mel""]"
449.287,move_left_pressed,562.972534179688,-1143.03076171875,-33.3333320617676,0.0,Move_Left,pressed
449.287,jump_input_pressed,562.972534179688,-1143.03076171875,-33.3333320617676,0.0,Jump,pressed
449.287,jump_executed,562.972534179688,-1143.03076171875,-33.3333320617676,-500.0,jump,x_562.972534179688_y_-1143.03076171875
449.73,jump_peak_reached,498.164489746094,-1249.89855957031,-180.0,39.8149261474609,jump_peak,x_498.164489746094_y_-1249.89855957031
449.78,jump_input_released,489.164489746094,-1246.05590820312,-96.6666641235352,150.926040649414,Jump,released
449.929,platform_landed,487.331146240234,-1197.00170898438,0.0,0.0,land_on_platform,platform_scene-1/Tile Map/27_-66_layer_Tile Map_tile_27_-66_source_1_atlas_3_0
449.929,landed,487.331146240234,-1197.00170898438,0.0,0.0,land,surface_wood_impact_0.96851885986328
449.93,sonification,487.331146240234,-1197.00170898438,0.0,0.0,osc_received,"value_[1, ""leadr-mel""]"
449.946,musicking,487.331146240234,-1197.00170898438,0.0,0.0,osc_received,"value_[1, ""platform_pan_nav""]"
450.13,move_left_pressed,487.331146240234,-1197.00170898438,-33.3333320617676,0.0,Move_Left,pressed
450.13,jump_input_pressed,487.331146240234,-1197.00170898438,-33.3333320617676,0.0,Jump,pressed
450.13,jump_executed,487.331146240234,-1197.00170898438,-33.3333320617676,-500.0,jump,x_487.331146240234_y_-1197.00170898438
450.271,jump_input_released,473.326599121094,-1259.72448730469,-168.33332824707,-314.999908447266,Jump,released
450.378,jump_peak_reached,465.687713623047,-1264.51611328125,0.0,41.2037048339844,jump_peak,x_465.687713623047_y_-1264.51611328125
450.461,move_left_pressed,465.687713623047,-1254.90966796875,-15.0,226.388885498047,Move_Left,pressed
450.578,platform_landed,463.187713623047,-1215.02880859375,0.0,0.0,land_on_platform,platform_scene-1/Tile Map/25_-67_layer_Tile Map_tile_25_-67_source_1_atlas_0_0
450.578,landed,463.187713623047,-1215.02880859375,0.0,0.0,land,surface_wood_impact_0.97129644775391
450.587,sonification,463.187713623047,-1215.02880859375,0.0,0.0,osc_received,"value_[1, ""leadr-mel""]"
450.903,move_left_pressed,463.187713623047,-1215.02880859375,-33.3333320617676,0.0,Move_Left,pressed
450.955,jump_input_pressed,459.854400634766,-1215.02880859375,-133.33332824707,0.0,Jump,pressed
450.955,jump_executed,459.854400634766,-1215.02880859375,-133.33332824707,-500.0,jump,x_459.854400634766_y_-1215.02880859375
451.262,jump_peak_reached,407.45361328125,-1309.388671875,-180.0,74.0740737915039,jump_peak,x_407.45361328125_y_-1309.388671875
451.597,platform_landed,352.152893066406,-1161.06701660156,-15.0,0.0,land_on_platform,platform_scene-1/Tile Map/19_-64_layer_Tile Map_tile_19_-64_source_1_atlas_13_7
451.597,landed,352.152893066406,-1161.06701660156,-15.0,0.0,land,surface_wood_impact_1.6296298828125
451.598,musicking,352.152893066406,-1161.06701660156,-15.0,0.0,osc_received,"value_[1, ""cloud""]"
451.598,sonification,352.152893066406,-1161.06701660156,-15.0,0.0,osc_received,"value_[1, ""cloud""]"
451.664,jump_input_released,350.074737548828,-1161.06616210938,0.0,0.0,Jump,released
451.921,move_left_pressed,350.074737548828,-1161.06616210938,-33.3333320617676,0.0,Move_Left,pressed
451.921,jump_input_pressed,350.074737548828,-1161.06616210938,-33.3333320617676,0.0,Jump,pressed
451.921,jump_executed,350.074737548828,-1161.06616210938,-33.3333320617676,-500.0,jump,x_350.074737548828_y_-1161.06616210938
452.095,jump_input_released,341.07470703125,-1228.97827148438,-135.0,-294.722106933594,Jump,released
452.196,jump_peak_reached,335.213592529297,-1233.76989746094,0.0,41.2037048339844,jump_peak,x_335.213592529297_y_-1233.76989746094
452.387,platform_landed,335.213592529297,-1179.00244140625,0.0,0.0,land_on_platform,platform_scene-1/Tile Map/18_-65_layer_Tile Map_tile_18_-65_source_1_atlas_3_0
452.387,landed,335.213592529297,-1179.00244140625,0.0,0.0,land,surface_wood_impact_0.97129644775391
452.771,move_left_pressed,335.213592529297,-1179.00244140625,-33.3333320617676,0.0,Move_Left,pressed
453.003,jump_input_pressed,299.869812011719,-1178.29333496094,-180.0,74.0740737915039,Jump,pressed
453.003,jump_executed,299.869812011719,-1178.29333496094,-180.0,-500.0,jump,x_299.869812011719_y_-1178.29333496094
453.436,jump_peak_reached,221.869812011719,-1285.12194824219,-180.0,39.8149261474609,jump_peak,x_221.869812011719_y_-1285.12194824219
453.701,platform_landed,170.869812011719,-1197.06726074219,-180.0,0.0,land_on_platform,platform_scene-1/Tile Map/9_-66_layer_Tile Map_tile_9_-66_source_1_atlas_1_0
453.701,landed,170.869812011719,-1197.06726074219,-180.0,0.0,land,surface_wood_impact_1.26481518554687
453.712,musicking,170.002624511719,-1197.00048828125,0.0,0.0,osc_received,"value_[1, ""platform_pan_nav""]"
453.728,jump_input_released,170.002624511719,-1197.00048828125,-33.3333320617676,0.0,Jump,released
454.08,jump_input_pressed,170.074768066406,-1197.06616210938,0.0,0.0,Jump,pressed
454.08,jump_executed,170.074768066406,-1197.06616210938,0.0,-500.0,jump,x_170.074768066406_y_-1197.06616210938
454.113,move_left_pressed,170.075973510742,-1213.38928222656,-15.0,-458.499969482422,Move_Left,pressed
454.462,jump_input_released,123.575973510742,-1303.01513671875,-180.0,-36.1665573120117,Jump,released
454.512,jump_peak_reached,118.742637634277,-1303.78173828125,0.0,42.5371475219727,jump_peak,x_118.742637634277_y_-1303.78173828125
454.598,move_right_pressed,118.742637634277,-1294.06408691406,15.0,227.72233581543,Move_Right,pressed
454.662,platform_landed,122.492637634277,-1269.06616210938,75.0,0.0,land_on_platform,platform_scene-1/Tile Map/6_-70_layer_Tile Map_tile_6_-70_source_1_atlas_1_0
454.662,landed,122.492637634277,-1269.06616210938,75.0,0.0,land,surface_wood_impact_0.75174102783203
455.0,jump_input_pressed,127.631530761719,-1269.07470703125,0.0,0.0,Jump,pressed
455.0,jump_executed,127.631530761719,-1269.07470703125,0.0,-500.0,jump,x_127.631530761719_y_-1269.07470703125
455.012,move_left_pressed,127.631530761719,-1277.41003417969,-15.0,-479.222198486328,Move_Left,pressed
455.421,jump_peak_reached,69.1315307617188,-1375.90441894531,-180.0,39.8149261474609,jump_peak,x_69.1315307617188_y_-1375.90441894531
455.421,jump_input_released,69.1315307617188,-1375.90441894531,-180.0,39.8149261474609,Jump,released
455.587,platform_landed,58.2981986999512,-1338.01916503906,0.0,0.0,land_on_platform,platform_scene-1/Tile Map/3_-74_layer_Tile Map_tile_3_-74_source_1_atlas_13_6
455.587,landed,58.2981986999512,-1338.01916503906,0.0,0.0,land,surface_wood_impact_0.82037066650391
455.588,sonification,58.2981986999512,-1338.01916503906,0.0,0.0,osc_received,"value_[1, ""water-tube""]"
455.588,musicking,58.2981986999512,-1338.01916503906,0.0,0.0,osc_received,"value_[1, ""water-tube""]"
455.738,move_right_pressed,58.2981986999512,-1338.01916503906,33.3333320617676,0.0,Move_Right,pressed
455.87,coin_collected,75.6295471191406,-1338.07202148438,180.0,0.0,collect_coin,coin_coin23_score_26
455.872,sonification,78.6295471191406,-1338.07202148438,180.0,0.0,osc_received,"value_[1, ""coins-with-pitch""]"
456.42,move_right_pressed,89.4629745483398,-1338.05310058594,33.3333320617676,0.0,Move_Right,pressed
456.52,jump_input_pressed,100.161331176758,-1339.40734863281,180.0,0.0,Jump,pressed
456.52,jump_executed,100.161331176758,-1339.40734863281,180.0,-500.0,jump,x_100.161331176758_y_-1339.40734863281
456.962,jump_peak_reached,178.161331176758,-1446.23596191406,180.0,39.8149261474609,jump_peak,x_178.161331176758_y_-1446.23596191406
457.262,coin_collected,232.161331176758,-1339.84692382812,180.0,669.444641113281,collect_coin,coin_coin22_score_28
457.263,platform_landed,235.174392700195,-1338.04431152344,180.0,0.0,land_on_platform,platform_scene-1/Tile Map/13_-74_layer_Tile Map_tile_13_-74_source_1_atlas_13_6
457.263,landed,235.174392700195,-1338.04431152344,180.0,0.0,land,surface_wood_impact_1.41296337890625
457.264,sonification,235.174392700195,-1338.04431152344,180.0,0.0,osc_received,"value_[1, ""coins-with-pitch""]"
457.264,sonification,235.174392700195,-1338.04431152344,180.0,0.0,osc_received,"value_[1, ""water-tube""]"
457.264,musicking,235.174392700195,-1338.04431152344,180.0,0.0,osc_received,"value_[1, ""water-tube""]"
457.296,jump_input_released,238.174423217773,-1338.06921386719,180.0,0.0,Jump,released
457.564,move_right_pressed,249.007843017578,-1338.05041503906,33.3333320617676,0.0,Move_Right,pressed
457.603,jump_input_pressed,252.341186523438,-1338.05041503906,133.33332824707,0.0,Jump,pressed
457.604,jump_executed,252.341186523438,-1338.05041503906,133.33332824707,-500.0,jump,x_252.341186523438_y_-1338.05041503906
458.036,jump_peak_reached,328.731109619141,-1444.88293457031,180.0,39.8149261474609,jump_peak,x_328.731109619141_y_-1444.88293457031
458.062,jump_input_released,331.731109619141,-1444.21936035156,96.6666641235352,76.8519668579102,Jump,released
458.137,platform_landed,333.564453125,-1428.9638671875,0.0,0.0,land_on_platform,platform_scene-1/Tile Map/18_-79_layer_Tile Map_tile_18_-79_source_1_atlas_14_6
458.137,landed,333.564453125,-1428.9638671875,0.0,0.0,land,surface_wood_impact_0.52407427978516
458.137,sonification,333.564453125,-1428.9638671875,0.0,0.0,osc_received,"value_[1, ""water-tube""]"
458.137,musicking,333.564453125,-1428.9638671875,0.0,0.0,osc_received,"value_[1, ""water-tube""]"
458.229,move_left_pressed,333.564453125,-1428.9638671875,-33.3333320617676,0.0,Move_Left,pressed
458.27,jump_input_pressed,330.231018066406,-1429.04821777344,-133.33332824707,0.0,Jump,pressed
458.27,jump_executed,330.231018066406,-1429.04821777344,-133.33332824707,-500.0,jump,x_330.231018066406_y_-1429.04821777344
458.703,jump_peak_reached,253.841278076172,-1535.8798828125,-180.0,39.8149261474609,jump_peak,x_253.841278076172_y_-1535.8798828125
458.737,jump_input_released,249.230163574219,-1533.93542480469,-13.3333311080933,113.889007568359,Jump,released
458.904,platform_landed,249.007934570312,-1482.98303222656,0.0,0.0,land_on_platform,platform_scene-1/Tile Map/13_-82_layer_Tile Map_tile_13_-82_source_1_atlas_14_6
458.904,landed,249.007934570312,-1482.98303222656,0.0,0.0,land,surface_wood_impact_0.96851885986328
458.912,sonification,249.007934570312,-1482.98303222656,0.0,0.0,osc_received,"value_[1, ""water-tube""]"
458.912,musicking,249.007934570312,-1482.98303222656,0.0,0.0,osc_received,"value_[1, ""water-tube""]"
459.221,move_right_pressed,249.007934570312,-1482.98303222656,33.3333320617676,0.0,Move_Right,pressed
459.221,jump_input_pressed,249.007934570312,-1482.98303222656,33.3333320617676,0.0,Jump,pressed
459.221,jump_executed,249.007934570312,-1482.98303222656,33.3333320617676,-500.0,jump,x_249.007934570312_y_-1482.98303222656
459.662,jump_peak_reached,313.817199707031,-1589.86804199219,180.0,39.8149261474609,jump_peak,x_313.817199707031_y_-1589.86804199219
459.729,jump_input_released,325.817199707031,-1583.51000976562,180.0,187.963073730469,Jump,released
459.861,platform_landed,330.650543212891,-1537.00268554688,0.0,0.0,land_on_platform,platform_scene-1/Tile Map/18_-85_layer_Tile Map_tile_18_-85_source_1_atlas_14_6
459.861,landed,330.650543212891,-1537.00268554688,0.0,0.0,land,surface_wood_impact_0.96851885986328
459.862,sonification,330.650543212891,-1537.00268554688,0.0,0.0,osc_received,"value_[1, ""water-tube""]"
459.862,musicking,330.650543212891,-1537.00268554688,0.0,0.0,osc_received,"value_[1, ""water-tube""]"
460.031,move_left_pressed,330.650543212891,-1537.00268554688,-33.3333320617676,0.0,Move_Left,pressed
460.046,jump_input_pressed,330.094848632812,-1537.04516601562,-66.6666641235352,0.0,Jump,pressed
460.046,jump_executed,330.094848632812,-1537.04516601562,-66.6666641235352,-500.0,jump,x_330.094848632812_y_-1537.04516601562
460.479,jump_peak_reached,260.205230712891,-1643.87915039062,-180.0,39.8149261474609,jump_peak,x_260.205230712891_y_-1643.87915039062
460.613,jump_input_released,237.594116210938,-1621.28649902344,-13.3333311080933,336.111236572266,Jump,released
460.679,platform_landed,237.371887207031,-1590.03649902344,0.0,0.0,land_on_platform,platform_scene-1/Tile Map/13_-88_layer_Tile Map_tile_13_-88_source_1_atlas_14_6
460.679,landed,237.371887207031,-1590.03649902344,0.0,0.0,land,surface_wood_impact_0.96851885986328
460.68,sonification,237.371887207031,-1590.03649902344,0.0,0.0,osc_received,"value_[1, ""water-tube""]"
460.68,musicking,237.371887207031,-1590.03649902344,0.0,0.0,osc_received,"value_[1, ""water-tube""]"
460.83,move_right_pressed,237.371887207031,-1590.03649902344,33.3333320617676,0.0,Move_Right,pressed
460.88,jump_input_pressed,240.704711914062,-1590.10205078125,133.33332824707,0.0,Jump,pressed
460.88,jump_executed,240.704711914062,-1590.10205078125,133.33332824707,-500.0,jump,x_240.704711914062_y_-1590.10205078125
461.312,jump_peak_reached,317.096923828125,-1696.94311523438,180.0,39.8149261474609,jump_peak,x_317.096923828125_y_-1696.94311523438
461.379,jump_input_released,329.096923828125,-1690.58508300781,180.0,187.963073730469,Jump,released
461.504,platform_landed,333.930267333984,-1644.92895507812,0.0,0.0,land_on_platform,platform_scene-1/Tile Map/18_-91_layer_Tile Map_tile_18_-91_source_1_atlas_14_6
461.504,landed,333.930267333984,-1644.92895507812,0.0,0.0,land,surface_wood_impact_0.96851885986328
461.513,sonification,333.930267333984,-1644.92895507812,0.0,0.0,osc_received,"value_[1, ""water-tube""]"
461.513,musicking,333.930267333984,-1644.92895507812,0.0,0.0,osc_received,"value_[1, ""water-tube""]"
461.628,move_left_pressed,333.930267333984,-1644.92895507812,-33.3333320617676,0.0,Move_Left,pressed
461.638,jump_input_pressed,333.380706787109,-1645.03356933594,-66.6666641235352,0.0,Jump,pressed
461.638,jump_executed,333.380706787109,-1645.03356933594,-66.6666641235352,-500.0,jump,x_333.380706787109_y_-1645.03356933594
462.07,jump_peak_reached,263.489990234375,-1751.87561035156,-180.0,39.8149261474609,jump_peak,x_263.489990234375_y_-1751.87561035156
462.229,jump_input_released,236.489990234375,-1723.68115234375,-96.6666641235352,373.148284912109,Jump,released
462.271,platform_landed,234.656646728516,-1698.00134277344,0.0,0.0,land_on_platform,platform_scene-1/Tile Map/12_-94_layer_Tile Map_tile_12_-94_source_1_atlas_14_6
462.271,landed,234.656646728516,-1698.00134277344,0.0,0.0,land,surface_wood_impact_0.96851885986328
462.272,sonification,234.656646728516,-1698.00134277344,0.0,0.0,osc_received,"value_[1, ""water-tube""]"
462.272,musicking,234.656646728516,-1698.00134277344,0.0,0.0,osc_received,"value_[1, ""water-tube""]"
462.396,move_right_pressed,234.656646728516,-1698.00134277344,33.3333320617676,0.0,Move_Right,pressed
462.428,jump_input_pressed,236.324157714844,-1698.0810546875,100.0,0.0,Jump,pressed
462.429,jump_executed,236.324157714844,-1698.0810546875,100.0,-500.0,jump,x_236.324157714844_y_-1698.0810546875
462.854,jump_peak_reached,310.074462890625,-1804.91101074219,180.0,39.8149261474609,jump_peak,x_310.074462890625_y_-1804.91101074219
462.987,jump_input_released,334.074462890625,-1782.318359375,180.0,336.111236572266,Jump,released
463.054,platform_landed,341.907806396484,-1752.01416015625,0.0,0.0,land_on_platform,platform_scene-1/Tile Map/18_-97_layer_Tile Map_tile_18_-97_source_1_atlas_14_6
463.054,landed,341.907806396484,-1752.01416015625,0.0,0.0,land,surface_wood_impact_0.96851885986328
463.055,sonification,341.907806396484,-1752.01416015625,0.0,0.0,osc_received,"value_[1, ""water-tube""]"
463.055,musicking,341.907806396484,-1752.01416015625,0.0,0.0,osc_received,"value_[1, ""water-tube""]"
463.329,move_left_pressed,341.907806396484,-1752.01416015625,-33.3333320617676,0.0,Move_Left,pressed
463.828,jump_input_pressed,326.343475341797,-1752.95678710938,0.0,0.0,Jump,pressed
463.828,jump_executed,326.343475341797,-1752.95678710938,0.0,-500.0,jump,x_326.343475341797_y_-1752.95678710938
463.905,move_right_pressed,326.343475341797,-1791.24328613281,15.0,-396.666595458984,Move_Right,pressed
464.204,jump_input_released,363.843475341797,-1858.96545410156,180.0,-36.1665573120117,Jump,released
464.262,jump_peak_reached,368.676818847656,-1859.73205566406,0.0,42.5371475219727,jump_peak,x_368.676818847656_y_-1859.73205566406
464.363,move_left_pressed,368.676818847656,-1846.21899414062,-15.0,264.759368896484,Move_Left,pressed
464.404,platform_landed,366.176818847656,-1827.06652832031,-60.0,0.0,land_on_platform,platform_scene-1/Tile Map/20_-101_layer_Tile Map_tile_20_-101_source_1_atlas_3_4
464.404,landed,366.176818847656,-1827.06652832031,-60.0,0.0,land,surface_wood_impact_0.75174102783203
464.421,musicking,364.621276855469,-1827.06652832031,-93.3333358764648,0.0,osc_received,"value_[1, ""platform_pan_nav""]"
464.795,move_left_pressed,361.787933349609,-1827.06652832031,-33.3333320617676,0.0,Move_Left,pressed
464.828,jump_input_pressed,360.121276855469,-1827.07470703125,-100.0,0.0,Jump,pressed
464.829,jump_executed,360.121276855469,-1827.07470703125,-100.0,-500.0,jump,x_360.121276855469_y_-1827.07470703125
465.256,jump_peak_reached,286.371124267578,-1933.90441894531,-180.0,39.8149261474609,jump_peak,x_286.371124267578_y_-1933.90441894531
465.372,jump_input_released,266.760009765625,-1916.29638671875,-13.3333311080933,299.074188232422,Jump,released
465.47,coin_collected,266.537780761719,-1877.12963867188,0.0,484.259429931641,collect_coin,coin_coin25_score_30
465.472,sonification,266.537780761719,-1868.44140625,0.0,521.296447753906,osc_received,"value_[1, ""coins-with-pitch""]"
465.488,platform_landed,266.537780761719,-1863.02526855469,0.0,0.0,land_on_platform,platform_scene-1/Tile Map/14_-103_layer_Tile Map_tile_14_-103_source_1_atlas_3_4
465.488,landed,266.537780761719,-1863.02526855469,0.0,0.0,land,surface_wood_impact_1.1166669921875
465.82,move_left_pressed,266.537780761719,-1863.02526855469,-33.3333320617676,0.0,Move_Left,pressed
466.196,jump_input_pressed,250.371124267578,-1863.02526855469,0.0,0.0,Jump,pressed
466.196,jump_executed,250.371124267578,-1863.02526855469,0.0,-500.0,jump,x_250.371124267578_y_-1863.02526855469
466.255,move_left_pressed,250.371124267578,-1894.337890625,-15.0,-417.22216796875,Move_Left,pressed
466.628,jump_peak_reached,200.871124267578,-1969.89807128906,-180.0,39.8149261474609,jump_peak,x_200.871124267578_y_-1969.89807128906
466.654,jump_input_released,194.871124267578,-1967.95361328125,-180.0,113.889007568359,Jump,released
466.77,move_right_pressed,190.037780761719,-1941.70361328125,15.0,373.148284912109,Move_Right,pressed
466.829,platform_landed,192.537780761719,-1917.06689453125,60.0,0.0,land_on_platform,platform_scene-1/Tile Map/10_-106_layer_Tile Map_tile_10_-106_source_1_atlas_13_7
466.829,landed,192.537780761719,-1917.06689453125,60.0,0.0,land,surface_wood_impact_0.96851885986328
466.829,musicking,192.537780761719,-1917.06689453125,60.0,0.0,osc_received,"value_[1, ""cloud""]"
466.83,sonification,192.537780761719,-1917.06689453125,60.0,0.0,osc_received,"value_[1, ""cloud""]"
466.83,sonification,192.537780761719,-1917.06689453125,60.0,0.0,osc_received,"value_[1, ""leadr-mel""]"
467.121,move_right_pressed,194.260009765625,-1917.06689453125,33.3333320617676,0.0,Move_Right,pressed
467.163,jump_input_pressed,195.926681518555,-1917.06689453125,100.0,0.0,Jump,pressed
467.163,jump_executed,195.926681518555,-1917.06689453125,100.0,-500.0,jump,x_195.926681518555_y_-1917.06689453125
467.296,top/checkpoint reached,215.678207397461,-1974.13000488281,180.0,-335.833251953125,top/checkpoint,coins collected: 30
467.562,jump_input_released,263.67822265625,-2023.6484375,96.6666641235352,-16.6665554046631,Jump,released
467.595,jump_peak_reached,265.511566162109,-2023.85681152344,0.0,41.2038154602051,jump_peak,x_265.511566162109_y_-2023.85681152344
467.762,platform_landed,265.511566162109,-1989.00415039062,0.0,0.0,land_on_platform,platform_scene-1/Tile Map/14_-110_layer_Tile Map_tile_14_-110_source_1_atlas_2_4
467.762,landed,265.511566162109,-1989.00415039062,0.0,0.0,land,surface_wood_impact_0.8231484375
467.772,sonification,265.511566162109,-1989.00415039062,0.0,0.0,osc_received,"value_[1, ""leadr-mel""]"
467.821,move_left_pressed,265.511566162109,-1989.00415039062,-33.3333320617676,0.0,Move_Left,pressed
468.029,jump_input_pressed,259.122680664062,-1989.00415039062,0.0,0.0,Jump,pressed
468.029,jump_executed,259.122680664062,-1989.00415039062,0.0,-500.0,jump,x_259.122680664062_y_-1989.00415039062
468.037,move_right_pressed,259.122680664062,-1997.40087890625,15.0,-479.222198486328,Move_Right,pressed
468.454,jump_peak_reached,317.622680664062,-2095.8955078125,180.0,39.8149261474609,jump_peak,x_317.622680664062_y_-2095.8955078125
468.504,jump_input_released,326.622680664062,-2092.05297851562,96.6666641235352,150.926040649414,Jump,released
468.571,platform_landed,328.456024169922,-2078.0927734375,0.0,0.0,land_on_platform,platform_scene-1/Tile Map/17_-115_layer_Tile Map_tile_17_-115_source_1_atlas_15_0
468.571,landed,328.456024169922,-2078.0927734375,0.0,0.0,land,surface_wood_impact_0.59814837646484
468.572,sonification,328.456024169922,-2078.0927734375,0.0,0.0,osc_received,"value_[1, ""leadr-mel""]"
468.838,jump_input_pressed,328.456024169922,-2078.0927734375,0.0,0.0,Jump,pressed
468.838,jump_executed,328.456024169922,-2078.0927734375,0.0,-500.0,jump,x_328.456024169922_y_-2078.0927734375
468.862,move_right_pressed,328.456024169922,-2086.48095703125,15.0,-479.222198486328,Move_Right,pressed
469.271,jump_peak_reached,386.956024169922,-2184.97534179688,180.0,39.8149261474609,jump_peak,x_386.956024169922_y_-2184.97534179688
469.671,platform_landed,447.67578125,-1989.06628417969,75.0,0.0,land_on_platform,platform_scene-1/Tile Map/24_-110_layer_Tile Map_tile_24_-110_source_1_atlas_2_4
469.671,landed,447.67578125,-1989.06628417969,75.0,0.0,land,surface_wood_impact_1.85740795898438
469.672,sonification,447.67578125,-1989.06628417969,75.0,0.0,osc_received,"value_[1, ""leadr-mel""]"
469.739,jump_input_released,454.759094238281,-1989.06628417969,91.6666641235352,0.0,Jump,released
470.254,move_left_pressed,456.425750732422,-1989.06628417969,-33.3333320617676,0.0,Move_Left,pressed
470.529,jump_input_pressed,431.252563476562,-1989.07470703125,0.0,0.0,Jump,pressed
470.529,jump_executed,431.252563476562,-1989.07470703125,0.0,-500.0,jump,x_431.252563476562_y_-1989.07470703125
470.545,jump_peak_reached,431.252563476562,-1997.41003417969,0.0,-479.222198486328,jump_peak,x_431.252563476562_y_-1997.41003417969
470.563,move_right_pressed,431.252563476562,-2005.39892578125,15.0,-458.499969482422,Move_Right,pressed
471.114,jump_input_released,490.42529296875,-2067.71020507812,96.6666641235352,373.148284912109,Jump,released
471.129,platform_landed,492.258636474609,-2061.06713867188,13.3333311080933,0.0,land_on_platform,platform_scene-1/Tile Map/27_-114_layer_Tile Map_tile_27_-114_source_1_atlas_2_0
471.129,landed,492.258636474609,-2061.06713867188,13.3333311080933,0.0,land,surface_wood_impact_0.82037066650391
471.137,sonification,492.258636474609,-2061.06713867188,13.3333311080933,0.0,osc_received,"value_[1, ""leadr-mel""]"
471.28,move_right_pressed,492.258636474609,-2061.06713867188,33.3333320617676,0.0,Move_Right,pressed
471.331,jump_input_pressed,495.591949462891,-2061.06713867188,133.33332824707,0.0,Jump,pressed
471.331,jump_executed,495.591949462891,-2061.06713867188,133.33332824707,-500.0,jump,x_495.591949462891_y_-2061.06713867188
471.479,move_left_pressed,519.593933105469,-2123.72705078125,0.0,-314.999908447266,Move_Left,pressed
471.762,jump_peak_reached,495.260589599609,-2167.90307617188,0.0,39.8149261474609,jump_peak,x_495.260589599609_y_-2167.90307617188
471.879,move_right_pressed,495.260589599609,-2150.29516601562,15.0,299.074188232422,Move_Right,pressed
472.03,jump_input_released,502.621704101562,-2083.21166992188,0.0,632.407592773438,Jump,released
472.062,platform_landed,502.621704101562,-2061.01977539062,0.0,0.0,land_on_platform,platform_scene-1/Tile Map/27_-114_layer_Tile Map_tile_27_-114_source_1_atlas_2_0
472.062,landed,502.621704101562,-2061.01977539062,0.0,0.0,land,surface_wood_impact_1.41296337890625
472.071,sonification,502.621704101562,-2061.01977539062,0.0,0.0,osc_received,"value_[1, ""leadr-mel""]"
472.397,move_right_pressed,502.621704101562,-2061.01977539062,33.3333320617676,0.0,Move_Right,pressed
472.534,jump_input_pressed,515.994079589844,-2061.01977539062,33.3333320617676,0.0,Jump,pressed
472.534,jump_executed,515.994079589844,-2061.01977539062,33.3333320617676,-500.0,jump,x_515.994079589844_y_-2061.01977539062
472.578,jump_input_released,515.926452636719,-2084.9873046875,0.0,-437.833282470703,Jump,released
472.679,jump_peak_reached,515.926452636719,-2089.77905273438,0.0,41.2037048339844,jump_peak,x_515.926452636719_y_-2089.77905273438
472.829,move_left_pressed,515.926452636719,-2061.37622070312,-15.0,374.537078857422,Move_Left,pressed
472.831,platform_landed,515.676452636719,-2061.06640625,-15.0,0.0,land_on_platform,platform_scene-1/Tile Map/28_-114_layer_Tile Map_tile_28_-114_source_1_atlas_3_0
472.831,landed,515.676452636719,-2061.06640625,-15.0,0.0,land,surface_wood_impact_0.74907415771484
472.832,sonification,515.676452636719,-2061.06640625,-15.0,0.0,osc_received,"value_[1, ""leadr-mel""]"
473.079,move_right_pressed,501.28759765625,-2061.06640625,33.3333320617676,0.0,Move_Right,pressed
473.101,jump_input_pressed,501.843139648438,-2061.06640625,66.6666641235352,0.0,Jump,pressed
473.101,jump_executed,501.843139648438,-2061.06640625,66.6666641235352,-500.0,jump,x_501.843139648438_y_-2061.06640625
473.245,move_left_pressed,516.09423828125,-2123.72729492188,-15.0,-314.999908447266,Move_Left,pressed
473.396,jump_input_released,504.84423828125,-2159.00512695312,-150.0,-134.499893188477,Jump,released
473.487,jump_peak_reached,498.233123779297,-2163.796875,0.0,41.2037048339844,jump_peak,x_498.233123779297_y_-2163.796875
473.521,move_left_pressed,498.233123779297,-2161.80615234375,-15.0,115.277786254883,Move_Left,pressed
473.766,platform_landed,474.798004150391,-2076.78881835938,-180.0,0.0,land_on_platform,platform_scene-1/Tile Map/25_-115_layer_Tile Map_tile_25_-115_source_1_atlas_0_0
473.766,landed,474.798004150391,-2076.78881835938,-180.0,0.0,land,surface_wood_impact_1.2675927734375
473.768,sonification,474.798004150391,-2076.78881835938,-180.0,0.0,osc_received,"value_[1, ""leadr-mel""]"
474.203,platform_landed,476.260772705078,-2061.00805664062,0.0,0.0,land_on_platform,platform_scene-1/Tile Map/26_-114_layer_Tile Map_tile_26_-114_source_1_atlas_1_0
474.203,landed,476.260772705078,-2061.00805664062,0.0,0.0,land,surface_wood_impact_0.51851849365234
474.212,sonification,476.260772705078,-2061.00805664062,0.0,0.0,osc_received,"value_[1, ""leadr-mel""]"
474.22,move_right_pressed,476.260772705078,-2061.00805664062,33.3333320617676,0.0,Move_Right,pressed
474.454,jump_input_pressed,511.594085693359,-2061.06713867188,180.0,0.0,Jump,pressed
474.454,jump_executed,511.594085693359,-2061.06713867188,180.0,-500.0,jump,x_511.594085693359_y_-2061.06713867188
474.598,jump_input_released,529.521606445312,-2117.92602539062,0.0,-335.333251953125,Jump,released
474.699,jump_peak_reached,529.521606445312,-2122.7177734375,0.0,41.2037048339844,jump_peak,x_529.521606445312_y_-2122.7177734375
474.796,move_right_pressed,529.521606445312,-2109.33813476562,15.0,263.425933837891,Move_Right,pressed
474.87,platform_landed,534.771606445312,-2079.06640625,90.0,0.0,land_on_platform,platform_scene-1/Tile Map/29_-115_layer_Tile Map_tile_29_-115_source_1_atlas_0_0
474.87,landed,534.771606445312,-2079.06640625,90.0,0.0,land,surface_wood_impact_0.89722235107422
474.879,sonification,534.771606445312,-2079.06640625,90.0,0.0,osc_received,"value_[1, ""leadr-mel""]"
475.329,move_right_pressed,544.313049316406,-2078.169921875,33.3333320617676,0.0,Move_Right,pressed
475.5,move_left_pressed,551.351806640625,-2055.59228515625,-15.0,333.333343505859,Move_Left,pressed
475.631,platform_landed,540.103149414062,-1989.07165527344,-135.0,0.0,land_on_platform,platform_scene-1/Tile Map/29_-110_layer_Tile Map_tile_29_-110_source_1_atlas_2_4
475.631,landed,540.103149414062,-1989.07165527344,-135.0,0.0,land,surface_wood_impact_1.25925939941406
475.632,sonification,540.103149414062,-1989.07165527344,-135.0,0.0,osc_received,"value_[1, ""leadr-mel""]"
475.962,move_right_pressed,511.464263916016,-1989.07165527344,33.3333320617676,0.0,Move_Right,pressed
476.396,jump_input_pressed,582.813842773438,-1989.07165527344,180.0,0.0,Jump,pressed
476.397,jump_executed,582.813842773438,-1989.07165527344,180.0,-500.0,jump,x_582.813842773438_y_-1989.07165527344
476.831,jump_peak_reached,660.815002441406,-2095.90380859375,180.0,39.8149261474609,jump_peak,x_660.815002441406_y_-2095.90380859375
477.121,platform_landed,717.815002441406,-1989.06713867188,180.0,0.0,land_on_platform,platform_scene-1/Tile Map/39_-110_layer_Tile Map_tile_39_-110_source_1_atlas_2_4
477.121,landed,717.815002441406,-1989.06713867188,180.0,0.0,land,surface_wood_impact_1.41296337890625
477.121,sonification,717.815002441406,-1989.06713867188,180.0,0.0,osc_received,"value_[1, ""leadr-mel""]"
477.23,jump_input_released,732.815002441406,-1989.07470703125,180.0,0.0,Jump,released
477.271,scene_transition,741.815002441406,-1989.07470703125,180.0,0.0,switch,from_res://Scenes/Main/scene-1.tscn_to_res://Scenes/Main/menu.tscn
477.271,session_end,741.815002441406,-1989.07470703125,180.0,0.0,,
