timestamp_seconds,event,x,y,velocity_x,velocity_y,action,info
1.893,session_start,392.0,624.0,0.0,0.0,,
1.941,jump_peak_reached,392.0,624.0,0.0,37.037036895752,jump_peak,x_392.0_y_624.0
1.992,platform_landed,392.0,638.988403320312,0.0,0.0,land_on_platform,platform_scene-1/Tile Map/21_36_layer_Tile Map_tile_21_36_source_1_atlas_2_0
1.992,landed,392.0,638.988403320312,0.0,0.0,land,surface_wood_impact_0.51851849365234
39.326,move_left_pressed,392.0,638.988403320312,-33.3333320617676,0.0,Move_Left,pressed
40.042,jump_input_pressed,369.833343505859,638.988403320312,0.0,0.0,Jump,pressed
40.042,jump_executed,369.833343505859,638.988403320312,0.0,-500.0,jump,x_369.833343505859_y_638.988403320312
40.076,move_right_pressed,369.833343505859,622.609252929688,15.0,-458.499969482422,Move_Right,pressed
40.326,jump_input_released,398.333343505859,543.590759277344,180.0,-154.333221435547,Jump,released
40.426,jump_peak_reached,412.166687011719,538.799072265625,0.0,41.2037048339844,jump_peak,x_412.166687011719_y_538.799072265625
40.61,platform_landed,412.166687011719,584.976745605469,0.0,0.0,land_on_platform,platform_scene-1/Tile Map/22_33_layer_Tile Map_tile_22_33_source_1_atlas_1_0
40.61,landed,412.166687011719,584.976745605469,0.0,0.0,land,surface_wood_impact_0.89722235107422
41.509,jump_input_pressed,412.166687011719,584.976745605469,0.0,0.0,Jump,pressed
41.509,jump_executed,412.166687011719,584.976745605469,0.0,-500.0,jump,x_412.166687011719_y_584.976745605469
41.577,move_right_pressed,412.166687011719,553.662292480469,15.0,-417.22216796875,Move_Right,pressed
41.784,musicking,434.667999267578,493.685821533203,180.0,37.037036895752,osc_received,"value_[1, ""head-bump""]"
41.793,jump_peak_reached,434.667999267578,493.685821533203,180.0,74.0740737915039,jump_peak,x_434.667999267578_y_493.685821533203
41.843,jump_input_released,443.667999267578,499.241363525391,180.0,185.185180664062,Jump,released
41.976,coin_collected,467.667999267578,541.216674804688,180.0,444.444488525391,collect_coin,coin_coin_score_1
41.977,platform_landed,470.667999267578,548.933715820312,180.0,0.0,land_on_platform,platform_scene-1/Tile Map/26_31_layer_Tile Map_tile_26_31_source_1_atlas_2_0
41.978,landed,470.667999267578,548.933715820312,180.0,0.0,land,surface_wood_impact_0.96296307373047
41.984,musicking,470.667999267578,548.933715820312,180.0,0.0,osc_received,"value_[1, ""coins""]"
43.126,jump_input_pressed,484.501342773438,548.933715820312,0.0,0.0,Jump,pressed
43.126,jump_executed,484.501342773438,548.933715820312,0.0,-500.0,jump,x_484.501342773438_y_548.933715820312
43.327,move_right_pressed,484.501342773438,471.504821777344,15.0,-254.333206176758,Move_Right,pressed
43.559,jump_peak_reached,510.001342773438,442.096527099609,180.0,39.8149261474609,jump_peak,x_510.001342773438_y_442.096527099609
43.643,jump_input_released,520.834655761719,451.587280273438,0.0,225.000106811523,Jump,released
43.76,platform_landed,520.834655761719,494.993408203125,0.0,0.0,land_on_platform,platform_scene-1/Tile Map/28_28_layer_Tile Map_tile_28_28_source_1_atlas_1_0
43.76,landed,520.834655761719,494.993408203125,0.0,0.0,land,surface_wood_impact_0.96851885986328
43.927,jump_input_pressed,520.834655761719,494.993408203125,0.0,0.0,Jump,pressed
43.927,jump_executed,520.834655761719,494.993408203125,0.0,-500.0,jump,x_520.834655761719_y_494.993408203125
43.942,move_left_pressed,520.834655761719,486.598754882812,-15.0,-479.222198486328,Move_Left,pressed
44.059,move_right_pressed,515.473571777344,437.87744140625,8.33333396911621,-335.333251953125,Move_Right,pressed
44.311,jump_input_released,542.640563964844,388.983978271484,180.0,-36.1665573120117,Jump,released
44.361,jump_peak_reached,551.640563964844,388.217315673828,96.6666641235352,42.5371475219727,jump_peak,x_551.640563964844_y_388.217315673828
44.51,platform_landed,553.473876953125,422.995910644531,0.0,0.0,land_on_platform,platform_scene-1/Tile Map/30_24_layer_Tile Map_tile_30_24_source_1_atlas_1_0
44.51,landed,553.473876953125,422.995910644531,0.0,0.0,land,surface_wood_impact_0.75174102783203
44.544,musicking,553.473876953125,422.995910644531,0.0,0.0,osc_received,"value_[1, ""platform_pan_nav""]"
44.661,move_left_pressed,553.473876953125,422.995910644531,-33.3333320617676,0.0,Move_Left,pressed
44.762,jump_input_pressed,542.140563964844,422.995910644531,-180.0,0.0,Jump,pressed
44.762,jump_executed,542.140563964844,422.995910644531,-180.0,-500.0,jump,x_542.140563964844_y_422.995910644531
44.86,move_right_pressed,525.509521484375,378.096954345703,0.0,-376.166595458984,Move_Right,pressed
45.193,jump_peak_reached,566.009521484375,316.11181640625,180.0,39.8149261474609,jump_peak,x_566.009521484375_y_316.11181640625
45.243,jump_input_released,575.009521484375,319.954406738281,180.0,150.926040649414,Jump,released
45.36,platform_landed,579.842834472656,353.997039794922,0.0,0.0,land_on_platform,platform_scene-1/Tile Map/32_20_layer_Tile Map_tile_32_20_source_1_atlas_18_3
45.36,landed,579.842834472656,353.997039794922,0.0,0.0,land,surface_wood_impact_0.82037066650391
45.369,musicking,579.842834472656,353.997039794922,0.0,0.0,osc_received,"value_[1, ""leaves""]"
46.994,jump_input_pressed,579.842834472656,353.997039794922,0.0,0.0,Jump,pressed
46.994,jump_executed,579.842834472656,353.997039794922,0.0,-500.0,jump,x_579.842834472656_y_353.997039794922
47.259,move_left_pressed,579.842834472656,261.522094726562,-15.0,-174.222106933594,Move_Left,pressed
47.444,jump_peak_reached,566.092834472656,247.115615844727,-165.0,39.8149261474609,jump_peak,x_566.092834472656_y_247.115615844727
47.528,platform_landed,545.342834472656,260.932647705078,-180.0,0.0,land_on_platform,platform_scene-1/Tile Map/30_15_layer_Tile Map_tile_30_15_source_1_atlas_3_0
47.528,landed,545.342834472656,260.932647705078,-180.0,0.0,land,surface_wood_impact_0.52407427978516
47.61,jump_input_released,543.509521484375,260.932647705078,0.0,0.0,Jump,released
47.851,move_left_pressed,543.509521484375,260.932647705078,-33.3333320617676,0.0,Move_Left,pressed
47.986,move_right_pressed,533.787292480469,260.932647705078,33.3333320617676,0.0,Move_Right,pressed
47.986,jump_input_pressed,533.787292480469,260.932647705078,33.3333320617676,0.0,Jump,pressed
47.986,jump_executed,533.787292480469,260.932647705078,33.3333320617676,-500.0,jump,x_533.787292480469_y_260.932647705078
48.101,jump_input_released,542.926574707031,209.805740356445,138.33332824707,-355.722137451172,Jump,released
48.201,jump_peak_reached,559.589538574219,205.097702026367,15.0,41.2037048339844,jump_peak,x_559.589538574219_y_205.097702026367
48.202,musicking,559.839538574219,205.784423828125,15.0,41.2037048339844,osc_received,"value_[1, ""head-bump""]"
48.552,platform_landed,583.9228515625,354.000701904297,0.0,0.0,land_on_platform,platform_scene-1/Tile Map/32_20_layer_Tile Map_tile_32_20_source_1_atlas_18_3
48.552,landed,583.9228515625,354.000701904297,0.0,0.0,land,surface_wood_impact_1.63796325683594
48.559,musicking,583.9228515625,354.000701904297,0.0,0.0,osc_received,"value_[1, ""leaves""]"
49.751,move_left_pressed,583.9228515625,354.000701904297,-33.3333320617676,0.0,Move_Left,pressed
49.868,jump_input_pressed,569.589660644531,353.953765869141,-180.0,0.0,Jump,pressed
49.868,jump_executed,569.589660644531,353.953765869141,-180.0,-500.0,jump,x_569.589660644531_y_353.953765869141
49.988,move_right_pressed,549.971313476562,302.814147949219,0.0,-355.722137451172,Move_Right,pressed
50.026,musicking,550.724426269531,295.689819335938,30.0,37.037036895752,osc_received,"value_[1, ""head-bump""]"
50.035,jump_peak_reached,550.724426269531,295.689819335938,45.0,74.0740737915039,jump_peak,x_550.724426269531_y_295.689819335938
50.236,platform_landed,578.48193359375,353.950744628906,180.0,0.0,land_on_platform,platform_scene-1/Tile Map/32_20_layer_Tile Map_tile_32_20_source_1_atlas_18_3
50.236,landed,578.48193359375,353.950744628906,180.0,0.0,land,surface_wood_impact_1.037037109375
50.238,musicking,578.48193359375,353.950744628906,180.0,0.0,osc_received,"value_[1, ""leaves""]"
50.301,jump_input_released,586.093017578125,353.950744628906,13.3333311080933,0.0,Jump,released
50.434,move_left_pressed,586.315246582031,354.030822753906,-33.3333320617676,0.0,Move_Left,pressed
50.451,jump_input_pressed,585.759948730469,353.963745117188,-66.6666641235352,0.0,Jump,pressed
50.451,jump_executed,585.759948730469,353.963745117188,-66.6666641235352,-500.0,jump,x_585.759948730469_y_353.963745117188
50.62,musicking,566.364562988281,281.288452148438,-15.0,-295.333221435547,osc_received,"value_[1, ""head-bump""]"
50.668,move_right_pressed,566.364562988281,272.451416015625,15.0,-234.222106933594,Move_Right,pressed
50.886,jump_peak_reached,588.864562988281,247.294021606445,96.6666641235352,39.8149261474609,jump_peak,x_588.864562988281_y_247.294021606445
50.886,jump_input_released,588.864562988281,247.294021606445,96.6666641235352,39.8149261474609,Jump,released
51.185,platform_landed,590.697875976562,354.039398193359,0.0,0.0,land_on_platform,platform_scene-1/Tile Map/32_20_layer_Tile Map_tile_32_20_source_1_atlas_18_3
51.185,landed,590.697875976562,354.039398193359,0.0,0.0,land,surface_wood_impact_1.41296337890625
51.193,musicking,590.697875976562,354.039398193359,0.0,0.0,osc_received,"value_[1, ""leaves""]"
51.368,jump_input_pressed,590.697875976562,354.039398193359,0.0,0.0,Jump,pressed
51.368,jump_executed,590.697875976562,354.039398193359,0.0,-500.0,jump,x_590.697875976562_y_354.039398193359
51.536,move_left_pressed,590.697875976562,286.065368652344,-15.0,-294.722106933594,Move_Left,pressed
51.802,jump_peak_reached,559.197875976562,247.148727416992,-180.0,39.8149261474609,jump_peak,x_559.197875976562_y_247.148727416992
51.902,platform_landed,539.586730957031,260.925262451172,-96.6666641235352,0.0,land_on_platform,platform_scene-1/Tile Map/29_15_layer_Tile Map_tile_29_15_source_1_atlas_2_0
51.902,landed,539.586730957031,260.925262451172,-96.6666641235352,0.0,land,surface_wood_impact_0.52407427978516
51.92,jump_input_released,539.586730957031,260.925262451172,-13.3333311080933,0.0,Jump,released
52.518,move_left_pressed,539.364501953125,260.925262451172,-33.3333320617676,0.0,Move_Left,pressed
52.784,move_right_pressed,526.197875976562,260.925262451172,33.3333320617676,0.0,Move_Right,pressed
53.087,move_left_pressed,539.364501953125,260.925262451172,-33.3333320617676,0.0,Move_Left,pressed
53.67,move_right_pressed,523.197875976562,260.925262451172,33.3333320617676,0.0,Move_Right,pressed
53.952,move_right_pressed,532.920104980469,260.925262451172,33.3333320617676,0.0,Move_Right,pressed
54.286,move_left_pressed,542.642333984375,260.925262451172,-33.3333320617676,0.0,Move_Left,pressed
54.901,move_right_pressed,523.475708007812,260.925262451172,33.3333320617676,0.0,Move_Right,pressed
55.154,move_right_pressed,529.864562988281,260.925262451172,33.3333320617676,0.0,Move_Right,pressed
55.451,move_right_pressed,539.586791992188,260.925262451172,33.3333320617676,0.0,Move_Right,pressed
56.052,move_left_pressed,545.975646972656,260.925262451172,-33.3333320617676,0.0,Move_Left,pressed
56.304,move_left_pressed,539.586791992188,260.925262451172,-33.3333320617676,0.0,Move_Left,pressed
57.103,move_left_pressed,529.864562988281,260.925262451172,-33.3333320617676,0.0,Move_Left,pressed
57.368,move_left_pressed,523.475708007812,260.925262451172,-33.3333320617676,0.0,Move_Left,pressed
57.643,move_right_pressed,513.753479003906,260.925262451172,33.3333320617676,0.0,Move_Right,pressed
58.209,move_right_pressed,523.475708007812,260.925262451172,33.3333320617676,0.0,Move_Right,pressed
58.476,move_right_pressed,533.197937011719,260.925262451172,33.3333320617676,0.0,Move_Right,pressed
58.743,move_right_pressed,539.586791992188,260.925262451172,33.3333320617676,0.0,Move_Right,pressed
59.409,move_left_pressed,543.197875976562,260.925262451172,-33.3333320617676,0.0,Move_Left,pressed
59.676,move_left_pressed,539.586791992188,260.925262451172,-33.3333320617676,0.0,Move_Left,pressed
59.928,move_left_pressed,533.197937011719,260.925262451172,-33.3333320617676,0.0,Move_Left,pressed
60.526,move_right_pressed,526.80908203125,260.925262451172,33.3333320617676,0.0,Move_Right,pressed
60.761,move_right_pressed,533.197937011719,260.925262451172,33.3333320617676,0.0,Move_Right,pressed
61.509,move_right_pressed,539.586791992188,260.925262451172,33.3333320617676,0.0,Move_Right,pressed
62.159,move_left_pressed,549.309020996094,260.925262451172,-33.3333320617676,0.0,Move_Left,pressed
62.577,move_left_pressed,545.697937011719,260.925262451172,-33.3333320617676,0.0,Move_Left,pressed
63.06,move_left_pressed,539.30908203125,260.925262451172,-33.3333320617676,0.0,Move_Left,pressed
63.428,move_left_pressed,535.697998046875,260.925262451172,-33.3333320617676,0.0,Move_Left,pressed
63.876,move_left_pressed,529.309143066406,260.925262451172,-33.3333320617676,0.0,Move_Left,pressed
64.276,move_left_pressed,525.698059082031,260.925262451172,-33.3333320617676,0.0,Move_Left,pressed
64.692,move_left_pressed,522.086975097656,260.925262451172,-33.3333320617676,0.0,Move_Left,pressed
65.011,move_left_pressed,520.420349121094,260.925262451172,-33.3333320617676,0.0,Move_Left,pressed
65.493,move_left_pressed,516.809265136719,260.925262451172,-33.3333320617676,0.0,Move_Left,pressed
66.06,move_left_pressed,507.087066650391,260.925262451172,-33.3333320617676,0.0,Move_Left,pressed
66.345,platform_landed,472.876342773438,314.994781494141,0.0,0.0,land_on_platform,platform_scene-1/Tile Map/26_18_layer_Tile Map_tile_26_18_source_1_atlas_2_0
66.346,landed,472.876342773438,314.994781494141,0.0,0.0,land,surface_wood_impact_0.96296307373047
66.575,move_left_pressed,472.876342773438,314.994781494141,-33.3333320617676,0.0,Move_Left,pressed
66.576,jump_input_pressed,472.876342773438,314.994781494141,-33.3333320617676,0.0,Jump,pressed
66.576,jump_executed,472.876342773438,314.994781494141,-33.3333320617676,-500.0,jump,x_472.876342773438_y_314.994781494141
66.961,jump_input_released,417.066833496094,208.984405517578,-180.0,-36.1665573120117,Jump,released
67.01,jump_peak_reached,408.066833496094,208.217742919922,-96.6666641235352,42.5371475219727,jump_peak,x_408.066833496094_y_208.217742919922
67.21,platform_landed,406.233489990234,263.981231689453,0.0,0.0,land_on_platform,platform_scene-1/Tile Map/22_15_layer_Tile Map_tile_22_15_source_1_atlas_13_6
67.21,landed,406.233489990234,263.981231689453,0.0,0.0,land,surface_wood_impact_0.97396331787109
67.218,musicking,406.233489990234,263.981231689453,0.0,0.0,osc_received,"value_[1, ""water-tube""]"
67.245,musicking,406.233489990234,263.981231689453,0.0,0.0,osc_received,"value_[1, ""platform_pan_nav""]"
69.118,move_left_pressed,406.233489990234,263.981231689453,-33.3333320617676,0.0,Move_Left,pressed
69.152,jump_input_pressed,404.566864013672,263.940093994141,-100.0,0.0,Jump,pressed
69.152,jump_executed,404.566864013672,263.940093994141,-100.0,-500.0,jump,x_404.566864013672_y_263.940093994141
69.568,jump_input_released,337.982330322266,157.058807373047,0.0,2.77788853645325,Jump,released
69.585,jump_peak_reached,337.982330322266,157.105102539062,0.0,39.8149261474609,jump_peak,x_337.982330322266_y_157.105102539062
69.668,move_right_pressed,337.982330322266,166.595855712891,15.0,225.000106811523,Move_Right,pressed
69.736,platform_landed,341.732330322266,188.933135986328,75.0,0.0,land_on_platform,platform_scene-1/Tile Map/18_11_layer_Tile Map_tile_18_11_source_1_atlas_1_0
69.736,landed,341.732330322266,188.933135986328,75.0,0.0,land,surface_wood_impact_0.74629656982422
70.421,jump_input_pressed,341.732330322266,188.933135986328,0.0,0.0,Jump,pressed
70.421,jump_executed,341.732330322266,188.933135986328,0.0,-500.0,jump,x_341.732330322266_y_188.933135986328
70.628,musicking,341.734832763672,112.416374206543,0.0,20.8277187347412,osc_received,"value_[1, ""head-bump""]"
70.634,jump_peak_reached,341.734832763672,112.416374206543,0.0,57.8647575378418,jump_peak,x_341.734832763672_y_112.416374206543
70.868,platform_landed,341.734832763672,188.995574951172,0.0,0.0,land_on_platform,platform_scene-1/Tile Map/18_11_layer_Tile Map_tile_18_11_source_1_atlas_1_0
70.869,landed,341.734832763672,188.995574951172,0.0,0.0,land,surface_wood_impact_1.15276672363281
71.419,jump_input_released,341.734832763672,188.995574951172,0.0,0.0,Jump,released
71.652,jump_input_pressed,341.734832763672,188.995574951172,0.0,0.0,Jump,pressed
71.652,jump_executed,341.734832763672,188.995574951172,0.0,-500.0,jump,x_341.734832763672_y_188.995574951172
71.859,musicking,341.737335205078,112.416488647461,0.0,20.8275356292725,osc_received,"value_[1, ""head-bump""]"
71.868,jump_peak_reached,341.737335205078,112.416488647461,0.0,57.864574432373,jump_peak,x_341.737335205078_y_112.416488647461
72.104,platform_landed,341.737335205078,188.995651245117,0.0,0.0,land_on_platform,platform_scene-1/Tile Map/18_11_layer_Tile Map_tile_18_11_source_1_atlas_1_0
72.104,landed,341.737335205078,188.995651245117,0.0,0.0,land,surface_wood_impact_1.15276635742187
72.551,move_right_pressed,341.737335205078,188.995651245117,33.3333320617676,0.0,Move_Right,pressed
72.551,jump_input_released,341.737335205078,188.995651245117,33.3333320617676,0.0,Jump,released
72.719,jump_input_pressed,365.081329345703,189.079986572266,180.0,37.037036895752,Jump,pressed
72.719,jump_executed,365.081329345703,189.079986572266,180.0,-500.0,jump,x_365.081329345703_y_189.079986572266
73.153,jump_peak_reached,443.081329345703,82.2513275146484,96.6666641235352,39.8149261474609,jump_peak,x_443.081329345703_y_82.2513275146484
73.185,jump_input_released,444.914672851562,84.1957778930664,0.0,113.889007568359,Jump,released
73.385,coin_collected,444.914672851562,147.714324951172,0.0,521.296447753906,collect_coin,coin_coin5_score_2
73.386,platform_landed,444.914672851562,152.985046386719,0.0,0.0,land_on_platform,platform_scene-1/Tile Map/24_9_layer_Tile Map_tile_24_9_source_1_atlas_1_0
73.386,landed,444.914672851562,152.985046386719,0.0,0.0,land,surface_wood_impact_1.1166669921875
73.387,musicking,444.914672851562,152.985046386719,0.0,0.0,osc_received,"value_[1, ""coins""]"
74.553,move_right_pressed,444.914672851562,152.985046386719,33.3333320617676,0.0,Move_Right,pressed
74.584,jump_input_pressed,446.581329345703,152.985046386719,100.0,0.0,Jump,pressed
74.584,jump_executed,446.581329345703,152.985046386719,100.0,-500.0,jump,x_446.581329345703_y_152.985046386719
74.97,jump_input_released,511.341491699219,46.9849166870117,180.0,-36.1665573120117,Jump,released
75.019,jump_peak_reached,520.341491699219,46.2182540893555,180.0,42.5371475219727,jump_peak,x_520.341491699219_y_46.2182540893555
75.168,platform_landed,550.341491699219,80.9338455200195,180.0,0.0,land_on_platform,platform_scene-1/Tile Map/30_5_layer_Tile Map_tile_30_5_source_1_atlas_3_0
75.168,landed,550.341491699219,80.9338455200195,180.0,0.0,land,surface_wood_impact_0.75174102783203
75.436,move_left_pressed,585.2060546875,115.798538208008,-15.0,407.407440185547,Move_Left,pressed
75.535,platform_landed,578.2060546875,170.93342590332,-105.0,0.0,land_on_platform,platform_scene-1/Tile Map/32_10_layer_Tile Map_tile_32_10_source_1_atlas_2_0
75.535,landed,578.2060546875,170.93342590332,-105.0,0.0,land,surface_wood_impact_1.25925939941406
75.573,musicking,574.983825683594,170.93342590332,-54.9999961853027,0.0,osc_received,"value_[1, ""platform_pan_nav""]"
76.122,jump_input_pressed,574.983825683594,170.93342590332,0.0,0.0,Jump,pressed
76.122,jump_executed,574.983825683594,170.93342590332,0.0,-500.0,jump,x_574.983825683594_y_170.93342590332
76.302,move_left_pressed,574.983825683594,98.0909805297852,-15.0,-274.499877929688,Move_Left,pressed
76.551,jump_peak_reached,546.483825683594,64.0965576171875,-180.0,39.8149261474609,jump_peak,x_546.483825683594_y_64.0965576171875
76.551,jump_input_released,546.483825683594,64.0965576171875,-180.0,39.8149261474609,Jump,released
76.652,platform_landed,538.650512695312,80.9966201782227,0.0,0.0,land_on_platform,platform_scene-1/Tile Map/29_5_layer_Tile Map_tile_29_5_source_1_atlas_2_0
76.652,landed,538.650512695312,80.9966201782227,0.0,0.0,land,surface_wood_impact_0.52407427978516
76.718,move_right_pressed,538.650512695312,80.9966201782227,33.3333320617676,0.0,Move_Right,pressed
76.752,jump_input_pressed,540.317138671875,80.9966201782227,100.0,0.0,Jump,pressed
76.752,jump_executed,540.317138671875,80.9966201782227,100.0,-500.0,jump,x_540.317138671875_y_80.9966201782227
76.753,musicking,541.99609375,72.6007995605469,100.0,-500.055541992188,osc_received,"value_[1, ""chain-jumps""]"
77.185,jump_peak_reached,614.079528808594,-25.8936100006104,180.0,39.8149261474609,jump_peak,x_614.079528808594_y_-25.8936100006104
77.202,jump_input_released,617.079528808594,-25.2300281524658,180.0,76.8519668579102,Jump,released
77.419,platform_landed,657.695861816406,47.0657501220703,96.6666641235352,0.0,land_on_platform,platform_scene-1/Tile Map/36_3_layer_Tile Map_tile_36_3_source_1_atlas_13_0
77.42,landed,657.695861816406,47.0657501220703,96.6666641235352,0.0,land,surface_wood_impact_1.1166669921875
77.635,move_left_pressed,657.918090820312,47.0657501220703,-33.3333320617676,0.0,Move_Left,pressed
77.77,jump_input_pressed,640.585083007812,47.0785026550293,-180.0,0.0,Jump,pressed
77.77,jump_executed,640.585083007812,47.0785026550293,-180.0,-500.0,jump,x_640.585083007812_y_47.0785026550293
77.844,move_right_pressed,628.57958984375,15.7947521209717,-81.6666641235352,-417.22216796875,Move_Right,pressed
78.119,jump_input_released,655.718505859375,-56.6598472595215,180.0,-75.3332214355469,Jump,released
78.201,jump_peak_reached,666.551818847656,-59.4653930664062,0.0,45.0371475219727,jump_peak,x_666.551818847656_y_-59.4653930664062
78.317,move_left_pressed,666.551818847656,-41.2480964660645,-15.0,304.296417236328,Move_Left,pressed
78.353,platform_landed,665.051818847656,-27.0670757293701,-45.0,0.0,land_on_platform,platform_scene-1/Tile Map/36_-1_layer_Tile Map_tile_36_-1_source_1_atlas_13_7
78.353,landed,665.051818847656,-27.0670757293701,-45.0,0.0,land,surface_wood_impact_0.75674102783203
78.361,musicking,665.051818847656,-27.0670757293701,-45.0,0.0,osc_received,"value_[1, ""cloud""]"
78.42,jump_input_pressed,659.468505859375,-27.0670757293701,-178.33332824707,0.0,Jump,pressed
78.42,jump_executed,659.468505859375,-27.0670757293701,-178.33332824707,-500.0,jump,x_659.468505859375_y_-27.0670757293701
78.421,musicking,656.493835449219,-35.4082260131836,-178.33332824707,-500.055541992188,osc_received,"value_[1, ""chain-jumps""]"
78.835,jump_input_released,584.493835449219,-133.948928833008,-180.0,2.77788853645325,Jump,released
78.852,jump_peak_reached,581.493835449219,-133.902633666992,-180.0,39.8149261474609,jump_peak,x_581.493835449219_y_-133.902633666992
79.088,move_left_pressed,567.660522460938,-68.4396209716797,-15.0,558.33349609375,Move_Left,pressed
79.088,platform_landed,567.410522460938,-63.0672454833984,-15.0,0.0,land_on_platform,platform_scene-1/Tile Map/31_-3_layer_Tile Map_tile_31_-3_source_1_atlas_2_0
79.088,landed,567.410522460938,-63.0672454833984,-15.0,0.0,land,surface_wood_impact_1.1166669921875
79.119,jump_input_pressed,566.60498046875,-63.0672454833984,-81.6666641235352,0.0,Jump,pressed
79.12,jump_executed,566.60498046875,-63.0672454833984,-81.6666641235352,-500.0,jump,x_566.60498046875_y_-63.0672454833984
79.12,musicking,565.24267578125,-71.4089279174805,-81.6666641235352,-500.055541992188,osc_received,"value_[1, ""chain-jumps""]"
79.371,jump_input_released,527.826171875,-152.245971679688,-180.0,-194.166549682617,Jump,released
79.468,jump_peak_reached,509.826171875,-157.037643432617,-180.0,41.2037048339844,jump_peak,x_509.826171875_y_-157.037643432617
79.585,coin_collected,498.992828369141,-139.267593383789,0.0,263.425933837891,collect_coin,coin_coin9_score_3
79.593,musicking,498.992828369141,-134.259872436523,0.0,300.462982177734,osc_received,"value_[1, ""coins""]"
79.635,platform_landed,498.992828369141,-117.00675201416,0.0,0.0,land_on_platform,platform_scene-1/Tile Map/27_-6_layer_Tile Map_tile_27_-6_source_1_atlas_2_0
79.636,landed,498.992828369141,-117.00675201416,0.0,0.0,land,surface_wood_impact_0.82314825439453
79.668,musicking,498.992828369141,-117.00675201416,0.0,0.0,osc_received,"value_[1, ""platform_pan_nav""]"
84.82,move_right_pressed,498.992828369141,-117.00675201416,33.3333320617676,0.0,Move_Right,pressed
84.976,musicking,522.326171875,-117.067024230957,180.0,0.0,osc_received,"value_[1, ""chain-jumps-combo""]"
84.985,jump_input_pressed,522.326171875,-117.067024230957,180.0,0.0,Jump,pressed
84.985,jump_executed,522.326171875,-117.067024230957,180.0,-500.0,jump,x_522.326171875_y_-117.067024230957
85.303,jump_input_released,579.328674316406,-217.263763427734,180.0,-114.722114562988,Jump,released
85.401,jump_peak_reached,597.328674316406,-222.055435180664,180.0,41.2037048339844,jump_peak,x_597.328674316406_y_-222.055435180664
85.602,platform_landed,634.939758300781,-171.066253662109,96.6666641235352,0.0,land_on_platform,platform_scene-1/Tile Map/35_-9_layer_Tile Map_tile_35_-9_source_1_atlas_2_0
85.602,landed,634.939758300781,-171.066253662109,96.6666641235352,0.0,land,surface_wood_impact_0.97129644775391
85.652,jump_input_pressed,635.161987304688,-171.066253662109,0.0,0.0,Jump,pressed
85.652,jump_executed,635.161987304688,-171.066253662109,0.0,-500.0,jump,x_635.161987304688_y_-171.066253662109
85.659,musicking,635.161987304688,-179.408996582031,0.0,-500.055541992188,osc_received,"value_[1, ""chain-jumps""]"
85.688,move_left_pressed,635.161987304688,-187.397888183594,-15.0,-458.499969482422,Move_Left,pressed
86.071,jump_input_released,582.661987304688,-277.94970703125,-180.0,2.77788853645325,Jump,released
86.084,jump_peak_reached,579.661987304688,-277.903411865234,-180.0,39.8149261474609,jump_peak,x_579.661987304688_y_-277.903411865234
86.202,platform_landed,568.828674316406,-257.978332519531,0.0,0.0,land_on_platform,platform_scene-1/Tile Map/31_-14_layer_Tile Map_tile_31_-14_source_1_atlas_18_3
86.202,landed,568.828674316406,-257.978332519531,0.0,0.0,land,surface_wood_impact_0.59814837646484
86.203,musicking,568.828674316406,-257.978332519531,0.0,0.0,osc_received,"value_[1, ""leaves""]"
87.826,jump_input_pressed,568.828674316406,-257.978332519531,0.0,0.0,Jump,pressed
87.826,jump_executed,568.828674316406,-257.978332519531,0.0,-500.0,jump,x_568.828674316406_y_-257.978332519531
88.269,jump_peak_reached,568.828674316406,-364.863403320312,0.0,39.8149261474609,jump_peak,x_568.828674316406_y_-364.863403320312
88.569,platform_landed,568.828674316406,-257.980010986328,0.0,0.0,land_on_platform,platform_scene-1/Tile Map/31_-14_layer_Tile Map_tile_31_-14_source_1_atlas_18_3
88.569,landed,568.828674316406,-257.980010986328,0.0,0.0,land,surface_wood_impact_1.41296337890625
88.57,musicking,568.828674316406,-257.980010986328,0.0,0.0,osc_received,"value_[1, ""leaves""]"
89.185,jump_input_released,568.828674316406,-257.980010986328,0.0,0.0,Jump,released
89.787,jump_input_pressed,568.828674316406,-257.980010986328,0.0,0.0,Jump,pressed
89.787,jump_executed,568.828674316406,-257.980010986328,0.0,-500.0,jump,x_568.828674316406_y_-257.980010986328
90.218,jump_peak_reached,568.828674316406,-364.863647460938,0.0,39.8149261474609,jump_peak,x_568.828674316406_y_-364.863647460938
90.518,jump_input_released,568.828674316406,-258.474700927734,0.0,706.481689453125,Jump,released
90.518,platform_landed,568.828674316406,-257.980255126953,0.0,0.0,land_on_platform,platform_scene-1/Tile Map/31_-14_layer_Tile Map_tile_31_-14_source_1_atlas_18_3
90.518,landed,568.828674316406,-257.980255126953,0.0,0.0,land,surface_wood_impact_1.41296337890625
90.526,musicking,568.828674316406,-257.980255126953,0.0,0.0,osc_received,"value_[1, ""leaves""]"
90.535,move_left_pressed,568.828674316406,-257.980255126953,-33.3333320617676,0.0,Move_Left,pressed
91.151,jump_input_pressed,546.662292480469,-258.076843261719,0.0,0.0,Jump,pressed
91.151,jump_executed,546.662292480469,-258.076843261719,0.0,-500.0,jump,x_546.662292480469_y_-258.076843261719
91.301,musicking,546.663757324219,-319.583984375,0.0,20.8321743011475,osc_received,"value_[1, ""head-bump""]"
91.318,jump_peak_reached,546.663757324219,-319.583984375,0.0,57.869213104248,jump_peak,x_546.663757324219_y_-319.583984375
91.534,platform_landed,546.663757324219,-258.019683837891,0.0,0.0,land_on_platform,platform_scene-1/Tile Map/30_-14_layer_Tile Map_tile_30_-14_source_1_atlas_17_3
91.534,landed,546.663757324219,-258.019683837891,0.0,0.0,land,surface_wood_impact_1.07870153808594
91.535,musicking,546.663757324219,-258.019683837891,0.0,0.0,osc_received,"value_[1, ""leaves""]"
91.769,jump_input_released,546.663757324219,-258.019683837891,0.0,0.0,Jump,released
92.285,jump_input_pressed,546.663757324219,-258.019683837891,0.0,0.0,Jump,pressed
92.285,jump_executed,546.663757324219,-258.019683837891,0.0,-500.0,jump,x_546.663757324219_y_-258.019683837891
92.444,musicking,546.665283203125,-319.583892822266,0.0,20.8319911956787,osc_received,"value_[1, ""head-bump""]"
92.451,jump_peak_reached,546.665283203125,-319.583892822266,0.0,57.8690299987793,jump_peak,x_546.665283203125_y_-319.583892822266
92.669,platform_landed,546.665283203125,-258.019592285156,0.0,0.0,land_on_platform,platform_scene-1/Tile Map/30_-14_layer_Tile Map_tile_30_-14_source_1_atlas_17_3
92.669,landed,546.665283203125,-258.019592285156,0.0,0.0,land,surface_wood_impact_1.078701171875
92.67,musicking,546.665283203125,-258.019592285156,0.0,0.0,osc_received,"value_[1, ""leaves""]"
92.968,jump_input_released,546.665283203125,-258.019592285156,0.0,0.0,Jump,released
94.32,move_right_pressed,546.665283203125,-258.019592285156,33.3333320617676,0.0,Move_Right,pressed
97.368,move_left_pressed,580.832397460938,-258.090209960938,-33.3333320617676,0.0,Move_Left,pressed
97.635,move_right_pressed,555.666198730469,-258.053955078125,33.3333320617676,0.0,Move_Right,pressed
97.868,move_left_pressed,586.83447265625,-258.038208007812,-20.0000019073486,0.0,Move_Left,pressed
98.185,move_right_pressed,544.778991699219,-258.062927246094,33.3333320617676,0.0,Move_Right,pressed
98.443,move_left_pressed,578.937255859375,-258.09765625,-33.3333320617676,0.0,Move_Left,pressed
98.676,move_right_pressed,550.771057128906,-258.062835693359,33.3333320617676,0.0,Move_Right,pressed
98.876,move_left_pressed,578.706848144531,-258.076446533203,0.0,0.0,Move_Left,pressed
99.076,move_right_pressed,553.763000488281,-258.059112548828,0.0,0.0,Move_Right,pressed
99.243,move_left_pressed,574.096435546875,-257.956604003906,63.3333396911621,0.0,Move_Left,pressed
99.411,move_right_pressed,557.81884765625,-258.052337646484,-96.6666641235352,0.0,Move_Right,pressed
99.593,move_left_pressed,575.152282714844,-257.949523925781,0.0,0.0,Move_Left,pressed
99.776,move_right_pressed,551.819274902344,-258.052398681641,-63.3333396911621,0.0,Move_Right,pressed
99.945,move_left_pressed,566.708129882812,-258.052398681641,0.0,0.0,Move_Left,pressed
100.11,move_right_pressed,550.54150390625,-258.052398681641,20.0000019073486,0.0,Move_Right,pressed
100.293,move_left_pressed,574.374938964844,-258.023193359375,0.0,0.0,Move_Left,pressed
100.493,move_right_pressed,555.208374023438,-258.055267333984,33.3333320617676,0.0,Move_Right,pressed
100.643,move_left_pressed,571.375305175781,-258.026062011719,-20.0000019073486,0.0,Move_Left,pressed
100.794,move_right_pressed,553.542053222656,-258.060455322266,0.0,0.0,Move_Right,pressed
100.945,move_left_pressed,566.708862304688,-258.040954589844,-20.0000019073486,0.0,Move_Left,pressed
101.126,move_right_pressed,551.653381347656,-258.040954589844,33.3333320617676,0.0,Move_Right,pressed
101.361,jump_input_pressed,570.820068359375,-258.040954589844,0.0,0.0,Jump,pressed
101.361,jump_executed,570.820068359375,-258.040954589844,0.0,-500.0,jump,x_570.820068359375_y_-258.040954589844
101.379,move_right_pressed,570.820068359375,-266.375213623047,15.0,-479.222198486328,Move_Right,pressed
101.459,move_left_pressed,574.570068359375,-302.884490966797,0.0,-376.166595458984,Move_Left,pressed
101.793,jump_peak_reached,534.070068359375,-364.86962890625,-180.0,39.8149261474609,jump_peak,x_534.070068359375_y_-364.86962890625
101.844,jump_input_released,526.458984375,-361.027038574219,-13.3333311080933,150.926040649414,Jump,released
101.878,move_right_pressed,526.236755371094,-355.378875732422,15.0,225.000106811523,Move_Right,pressed
101.895,platform_landed,526.991638183594,-348.871398925781,30.0,0.0,land_on_platform,platform_scene-1/Tile Map/29_-19_layer_Tile Map_tile_29_-19_source_1_atlas_12_0
101.895,landed,526.991638183594,-348.871398925781,30.0,0.0,land,surface_wood_impact_0.52407427978516
102.262,move_left_pressed,542.363037109375,-349.014526367188,-33.3333320617676,0.0,Move_Left,pressed
102.629,move_right_pressed,484.416656494141,-348.983184814453,0.0,0.0,Move_Right,pressed
102.977,move_left_pressed,537.751098632812,-348.799926757812,96.6666641235352,0.0,Move_Left,pressed
103.445,move_right_pressed,468.027709960938,-348.1484375,-63.3333396911621,0.0,Move_Right,pressed
103.993,move_left_pressed,536.338317871094,-348.844970703125,-33.3333320617676,0.0,Move_Left,pressed
104.26,jump_input_pressed,495.005676269531,-348.933990478516,-180.0,0.0,Jump,pressed
104.26,jump_executed,495.005676269531,-348.933990478516,-180.0,-500.0,jump,x_495.005676269531_y_-348.933990478516
104.418,musicking,465.001037597656,-409.381103515625,-180.0,37.037036895752,osc_received,"value_[1, ""head-bump""]"
104.427,jump_peak_reached,465.001037597656,-409.381103515625,-180.0,74.0740737915039,jump_peak,x_465.001037597656_y_-409.381103515625
104.677,jump_input_released,420.001037597656,-326.047790527344,-180.0,629.629699707031,Jump,released
104.711,platform_landed,412.389923095703,-297.066345214844,-96.6666641235352,0.0,land_on_platform,platform_scene-1/Tile Map/22_-16_layer_Tile Map_tile_22_-16_source_1_atlas_1_0
104.711,landed,412.389923095703,-297.066345214844,-96.6666641235352,0.0,land,surface_wood_impact_1.40740759277344
104.943,move_right_pressed,412.167694091797,-297.066345214844,33.3333320617676,0.0,Move_Right,pressed
104.995,jump_input_pressed,415.501007080078,-297.066345214844,133.33332824707,0.0,Jump,pressed
104.995,jump_executed,415.501007080078,-297.066345214844,133.33332824707,-500.0,jump,x_415.501007080078_y_-297.066345214844
105.244,jump_input_released,458.891998291016,-386.245483398438,180.0,-194.166549682617,Jump,released
105.344,jump_peak_reached,476.891998291016,-391.037139892578,180.0,41.2037048339844,jump_peak,x_476.891998291016_y_-391.037139892578
105.529,platform_landed,512.915222167969,-348.857940673828,180.0,0.0,land_on_platform,platform_scene-1/Tile Map/28_-19_layer_Tile Map_tile_28_-19_source_1_atlas_12_0
105.529,landed,512.915222167969,-348.857940673828,180.0,0.0,land,surface_wood_impact_0.89722235107422
105.71,move_left_pressed,541.506469726562,-348.988311767578,0.0,0.0,Move_Left,pressed
106.11,move_right_pressed,483.329559326172,-348.981781005859,20.0000019073486,0.0,Move_Right,pressed
106.511,move_left_pressed,547.524230957031,-349.016967773438,63.3333396911621,0.0,Move_Left,pressed
107.027,move_right_pressed,469.629028320312,-348.717224121094,0.0,0.0,Move_Right,pressed
107.493,move_left_pressed,543.920837402344,-348.950958251953,63.3333396911621,0.0,Move_Left,pressed
107.96,move_right_pressed,475.032623291016,-348.958129882812,0.0,0.0,Move_Right,pressed
108.437,move_left_pressed,549.342102050781,-349.014312744141,63.3333396911621,0.0,Move_Left,pressed
108.92,move_right_pressed,477.453948974609,-348.959594726562,0.0,0.0,Move_Right,pressed
109.353,move_left_pressed,545.768981933594,-349.017456054688,96.6666641235352,0.0,Move_Left,pressed
109.851,move_right_pressed,475.537689208984,-348.959899902344,20.0000019073486,0.0,Move_Right,pressed
110.27,move_left_pressed,541.352905273438,-348.966979980469,0.0,0.0,Move_Left,pressed
110.719,move_right_pressed,480.174743652344,-348.964996337891,33.3333320617676,0.0,Move_Right,pressed
111.102,jump_input_pressed,542.476806640625,-349.139251708984,180.0,0.0,Jump,pressed
111.102,jump_executed,542.476806640625,-349.139251708984,180.0,-500.0,jump,x_542.476806640625_y_-349.139251708984
111.536,jump_peak_reached,620.476806640625,-455.967926025391,180.0,39.8149261474609,jump_peak,x_620.476806640625_y_-455.967926025391
111.551,jump_input_released,623.476806640625,-455.304351806641,180.0,76.8519668579102,Jump,released
111.618,coin_collected,631.310119628906,-446.477172851562,13.3333311080933,187.963073730469,collect_coin,coin_coin11_score_4
111.619,musicking,631.310119628906,-442.727172851562,0.0,225.000106811523,osc_received,"value_[1, ""coins""]"
111.654,move_left_pressed,631.310119628906,-438.359893798828,-15.0,299.074188232422,Move_Left,pressed
111.702,platform_landed,628.821411132812,-420.051116943359,-60.0,0.0,land_on_platform,platform_scene-1/Tile Map/34_-23_layer_Tile Map_tile_34_-23_source_1_atlas_17_3
111.703,landed,628.821411132812,-420.051116943359,-60.0,0.0,land,surface_wood_impact_0.82037066650391
111.705,musicking,628.821411132812,-420.051116943359,-60.0,0.0,osc_received,"value_[1, ""leaves""]"
111.726,musicking,627.265869140625,-420.051116943359,-93.3333358764648,0.0,osc_received,"value_[1, ""platform_pan_nav""]"
111.835,jump_input_pressed,610.464721679688,-419.539398193359,-180.0,37.037036895752,Jump,pressed
112.112,musicking,564.128723144531,-325.095855712891,0.0,629.629699707031,osc_received,"value_[1, ""head-bump""]"
112.118,musicking,563.878723144531,-313.984741210938,-15.0,666.666748046875,osc_received,"value_[1, ""head-bump""]"
112.168,jump_input_released,562.628723144531,-289.910675048828,-60.0,777.777893066406,Jump,released
112.202,platform_landed,558.905395507812,-258.063903808594,-90.0,0.0,land_on_platform,platform_scene-1/Tile Map/31_-14_layer_Tile Map_tile_31_-14_source_1_atlas_18_3
112.203,landed,558.905395507812,-258.063903808594,-90.0,0.0,land,surface_wood_impact_1.70370397949219
112.21,musicking,558.905395507812,-258.063903808594,-90.0,0.0,osc_received,"value_[1, ""leaves""]"
112.352,move_right_pressed,540.357360839844,-256.976013183594,20.0000019073486,0.0,Move_Right,pressed
115.453,jump_input_pressed,578.928894042969,-258.097625732422,0.0,0.0,Jump,pressed
115.454,jump_executed,578.928894042969,-258.097625732422,0.0,-500.0,jump,x_578.928894042969_y_-258.097625732422
115.47,move_left_pressed,578.928894042969,-266.434661865234,-15.0,-479.222198486328,Move_Left,pressed
115.66,musicking,564.062438964844,-339.772186279297,-1.16406345367432,-255.055435180664,osc_received,"value_[1, ""head-bump""]"
115.676,musicking,564.049255371094,-343.689117431641,-1.06687831878662,-234.999877929688,osc_received,"value_[1, ""head-bump""]"
115.693,musicking,563.781494140625,-347.2724609375,-16.0668792724609,-214.999877929688,osc_received,"value_[1, ""head-bump""]"
115.784,jump_input_released,558.692687988281,-360.221496582031,-106.066879272461,-94.9998931884766,Jump,released
115.886,jump_peak_reached,548.992736816406,-364.513153076172,0.0,46.2038116455078,jump_peak,x_548.992736816406_y_-364.513153076172
115.985,jump_input_pressed,548.992736816406,-350.633514404297,0.0,268.426025390625,Jump,pressed
115.986,platform_landed,548.992736816406,-348.955841064453,0.0,0.0,land_on_platform,platform_scene-1/Tile Map/30_-19_layer_Tile Map_tile_30_-19_source_1_atlas_15_0
115.986,landed,548.992736816406,-348.955841064453,0.0,0.0,land,surface_wood_impact_0.53685205078125
116.003,jump_executed,548.992736816406,-348.955841064453,0.0,-500.0,jump,x_548.992736816406_y_-348.955841064453
116.003,move_right_pressed,548.992736816406,-348.955841064453,33.3333320617676,-500.0,Move_Right,pressed
116.004,musicking,549.552551269531,-357.354461669922,33.3333320617676,-500.055541992188,osc_received,"value_[1, ""chain-jumps""]"
116.187,move_left_pressed,568.802429199219,-421.854431152344,81.6666641235352,-274.499877929688,Move_Left,pressed
116.435,jump_peak_reached,547.663513183594,-455.848846435547,-180.0,39.8149261474609,jump_peak,x_547.663513183594_y_-455.848846435547
116.537,jump_input_released,529.663513183594,-442.608093261719,-180.0,262.037139892578,Jump,released
116.553,platform_landed,523.626953125,-438.069183349609,-180.0,0.0,land_on_platform,platform_scene-1/Tile Map/29_-24_layer_Tile Map_tile_29_-24_source_1_atlas_14_6
116.553,landed,523.626953125,-438.069183349609,-180.0,0.0,land,surface_wood_impact_0.59814837646484
116.555,musicking,523.626953125,-438.069183349609,-180.0,0.0,osc_received,"value_[1, ""water-tube""]"
118.054,move_left_pressed,518.793640136719,-438.049530029297,-33.3333320617676,0.0,Move_Left,pressed
118.085,jump_input_pressed,517.127014160156,-438.049530029297,-100.0,0.0,Jump,pressed
118.085,jump_executed,517.127014160156,-438.049530029297,-100.0,-500.0,jump,x_517.127014160156_y_-438.049530029297
118.402,jump_input_released,464.375,-538.24951171875,-180.0,-114.722114562988,Jump,released
118.493,jump_peak_reached,446.375,-543.041198730469,-180.0,41.2037048339844,jump_peak,x_446.375_y_-543.041198730469
118.778,platform_landed,392.377014160156,-438.050750732422,-180.0,0.0,land_on_platform,platform_scene-1/Tile Map/21_-24_layer_Tile Map_tile_21_-24_source_1_atlas_13_6
118.778,landed,392.377014160156,-438.050750732422,-180.0,0.0,land,surface_wood_impact_1.34166687011719
118.785,musicking,392.377014160156,-438.050750732422,-180.0,0.0,osc_received,"value_[1, ""water-tube""]"
118.827,move_right_pressed,387.765899658203,-438.050750732422,0.0,0.0,Move_Right,pressed
118.827,jump_input_pressed,387.765899658203,-438.050750732422,0.0,0.0,Jump,pressed
118.827,jump_executed,387.765899658203,-438.050750732422,0.0,-500.0,jump,x_387.765899658203_y_-438.050750732422
118.835,musicking,387.765899658203,-446.398223876953,0.0,-500.055541992188,osc_received,"value_[1, ""chain-jumps""]"
118.843,jump_peak_reached,387.765899658203,-446.398223876953,15.0,-479.222198486328,jump_peak,x_387.765899658203_y_-446.398223876953
119.11,jump_input_released,419.265899658203,-533.405578613281,180.0,-154.333221435547,Jump,released
119.461,move_left_pressed,480.877014160156,-463.081512451172,0.0,596.759338378906,Move_Left,pressed
119.496,platform_landed,480.134368896484,-438.053985595703,-30.0,0.0,land_on_platform,platform_scene-1/Tile Map/26_-24_layer_Tile Map_tile_26_-24_source_1_atlas_13_6
119.496,landed,480.134368896484,-438.053985595703,-30.0,0.0,land,surface_wood_impact_1.34166687011719
119.501,musicking,480.134368896484,-438.053985595703,-30.0,0.0,osc_received,"value_[1, ""water-tube""]"
119.51,jump_input_pressed,480.134368896484,-438.053985595703,-63.3333320617676,0.0,Jump,pressed
119.51,jump_executed,480.134368896484,-438.053985595703,-63.3333320617676,-500.0,jump,x_480.134368896484_y_-438.053985595703
119.511,musicking,479.077850341797,-446.395935058594,-63.3333320617676,-500.055541992188,osc_received,"value_[1, ""chain-jumps""]"
119.944,jump_peak_reached,410.689056396484,-544.890319824219,-180.0,39.8149261474609,jump_peak,x_410.689056396484_y_-544.890319824219
119.961,jump_input_released,407.689056396484,-544.226745605469,-180.0,76.8519668579102,Jump,released
120.244,move_right_pressed,360.855712890625,-438.501373291016,1.66666889190674,706.481689453125,Move_Right,pressed
120.244,platform_landed,360.856872558594,-438.006927490234,0.0,0.0,land_on_platform,platform_scene-1/Tile Map/20_-24_layer_Tile Map_tile_20_-24_source_1_atlas_13_6
120.245,landed,360.856872558594,-438.006927490234,0.0,0.0,land,surface_wood_impact_1.41296337890625
120.245,musicking,360.856872558594,-438.006927490234,0.0,0.0,osc_received,"value_[1, ""water-tube""]"
120.262,jump_input_pressed,360.856872558594,-438.006927490234,33.3333320617676,0.0,Jump,pressed
120.262,jump_executed,360.856872558594,-438.006927490234,33.3333320617676,-500.0,jump,x_360.856872558594_y_-438.006927490234
120.263,musicking,361.416595458984,-446.403625488281,33.3333320617676,-500.055541992188,osc_received,"value_[1, ""chain-jumps""]"
120.694,jump_peak_reached,425.666473388672,-544.898010253906,180.0,39.8149261474609,jump_peak,x_425.666473388672_y_-544.898010253906
120.86,jump_input_released,455.666473388672,-510.484405517578,180.0,410.185333251953,Jump,released
120.995,platform_landed,482.682220458984,-438.050720214844,180.0,0.0,land_on_platform,platform_scene-1/Tile Map/26_-24_layer_Tile Map_tile_26_-24_source_1_atlas_13_6
120.995,landed,482.682220458984,-438.050720214844,180.0,0.0,land,surface_wood_impact_1.41296337890625
121.001,musicking,482.682220458984,-438.050720214844,180.0,0.0,osc_received,"value_[1, ""water-tube""]"
121.012,jump_input_pressed,482.682220458984,-438.050720214844,180.0,0.0,Jump,pressed
121.012,jump_executed,482.682220458984,-438.050720214844,180.0,-500.0,jump,x_482.682220458984_y_-438.050720214844
121.013,musicking,485.684753417969,-446.391967773438,180.0,-500.055541992188,osc_received,"value_[1, ""chain-jumps""]"
121.029,move_left_pressed,485.684753417969,-446.391967773438,81.6666641235352,-479.222198486328,Move_Left,pressed
121.443,jump_peak_reached,434.545867919922,-544.886352539062,-180.0,39.8149261474609,jump_peak,x_434.545867919922_y_-544.886352539062
121.645,jump_input_released,398.545867919922,-496.1826171875,-180.0,484.259429931641,Jump,released
121.743,move_right_pressed,381.934753417969,-438.497406005859,0.0,706.481689453125,Move_Right,pressed
121.744,platform_landed,381.934753417969,-438.002960205078,0.0,0.0,land_on_platform,platform_scene-1/Tile Map/21_-24_layer_Tile Map_tile_21_-24_source_1_atlas_13_6
121.744,landed,381.934753417969,-438.002960205078,0.0,0.0,land,surface_wood_impact_1.41296337890625
121.751,musicking,381.934753417969,-438.002960205078,0.0,0.0,osc_received,"value_[1, ""water-tube""]"
121.776,jump_input_pressed,382.490356445312,-438.0634765625,66.6666641235352,0.0,Jump,pressed
121.776,jump_executed,382.490356445312,-438.0634765625,66.6666641235352,-500.0,jump,x_382.490356445312_y_-438.0634765625
121.777,musicking,383.602508544922,-446.405426025391,66.6666641235352,-500.055541992188,osc_received,"value_[1, ""chain-jumps""]"
122.21,jump_peak_reached,452.380310058594,-544.899780273438,180.0,39.8149261474609,jump_peak,x_452.380310058594_y_-544.899780273438
122.311,jump_input_released,470.380310058594,-531.659057617188,180.0,262.037139892578,Jump,released
122.512,move_left_pressed,506.380310058594,-438.510833740234,81.6666641235352,706.481689453125,Move_Left,pressed
122.514,platform_landed,507.756958007812,-438.064392089844,81.6666641235352,0.0,land_on_platform,platform_scene-1/Tile Map/28_-24_layer_Tile Map_tile_28_-24_source_1_atlas_13_6
122.514,landed,507.756958007812,-438.064392089844,81.6666641235352,0.0,land,surface_wood_impact_1.41296337890625
122.515,musicking,507.756958007812,-438.064392089844,81.6666641235352,0.0,osc_received,"value_[1, ""water-tube""]"
122.528,jump_input_pressed,507.756958007812,-438.064392089844,0.0,0.0,Jump,pressed
122.529,jump_executed,507.756958007812,-438.064392089844,0.0,-500.0,jump,x_507.756958007812_y_-438.064392089844
122.535,musicking,507.756958007812,-446.406494140625,0.0,-500.055541992188,osc_received,"value_[1, ""chain-jumps""]"
122.96,jump_peak_reached,449.256958007812,-544.90087890625,-180.0,39.8149261474609,jump_peak,x_449.256958007812_y_-544.90087890625
123.113,jump_input_released,422.256958007812,-516.706420898438,-180.0,373.148284912109,Jump,released
123.227,move_right_pressed,408.423614501953,-460.20947265625,15.0,632.407592773438,Move_Right,pressed
123.261,platform_landed,409.939453125,-438.052001953125,45.0,0.0,land_on_platform,platform_scene-1/Tile Map/22_-24_layer_Tile Map_tile_22_-24_source_1_atlas_13_6
123.261,landed,409.939453125,-438.052001953125,45.0,0.0,land,surface_wood_impact_1.41296337890625
123.262,musicking,409.939453125,-438.052001953125,45.0,0.0,osc_received,"value_[1, ""water-tube""]"
123.276,jump_input_pressed,409.939453125,-438.052001953125,78.3333358764648,0.0,Jump,pressed
123.277,jump_executed,409.939453125,-438.052001953125,78.3333358764648,-500.0,jump,x_409.939453125_y_-438.052001953125
123.278,musicking,411.246185302734,-446.393676757812,78.3333358764648,-500.055541992188,osc_received,"value_[1, ""chain-jumps""]"
123.71,jump_peak_reached,481.329437255859,-544.888061523438,180.0,39.8149261474609,jump_peak,x_481.329437255859_y_-544.888061523438
123.878,jump_input_released,511.329437255859,-510.474456787109,180.0,410.185333251953,Jump,released
123.995,platform_landed,535.331115722656,-439.043884277344,180.0,0.0,land_on_platform,platform_scene-1/Tile Map/29_-24_layer_Tile Map_tile_29_-24_source_1_atlas_14_6
123.995,landed,535.331115722656,-439.043884277344,180.0,0.0,land,surface_wood_impact_1.33888928222656
124.002,musicking,535.331115722656,-439.043884277344,180.0,0.0,osc_received,"value_[1, ""water-tube""]"
124.227,move_left_pressed,570.188171386719,-404.644073486328,-1.66666889190674,407.407440185547,Move_Left,pressed
124.368,musicking,564.145690917969,-321.311676025391,0.0,703.703796386719,osc_received,"value_[1, ""head-bump""]"
124.378,musicking,563.895690917969,-308.966003417969,-15.0,740.740844726562,osc_received,"value_[1, ""head-bump""]"
124.443,platform_landed,560.407775878906,-258.057800292969,-75.0,0.0,land_on_platform,platform_scene-1/Tile Map/31_-14_layer_Tile Map_tile_31_-14_source_1_atlas_18_3
124.443,landed,560.407775878906,-258.057800292969,-75.0,0.0,land,surface_wood_impact_1.77777807617188
124.444,musicking,560.407775878906,-258.057800292969,-75.0,0.0,osc_received,"value_[1, ""leaves""]"
124.711,move_right_pressed,542.479431152344,-257.893524169922,33.3333320617676,0.0,Move_Right,pressed
124.944,move_left_pressed,576.407775878906,-258.0263671875,0.0,0.0,Move_Left,pressed
125.178,move_right_pressed,544.06982421875,-258.058135986328,-63.3333396911621,0.0,Move_Right,pressed
125.461,move_left_pressed,581.330993652344,-258.073272705078,96.6666641235352,0.0,Move_Left,pressed
125.695,move_right_pressed,554.998291015625,-258.056549072266,0.0,0.0,Move_Right,pressed
125.876,move_left_pressed,578.322143554688,-258.073486328125,63.3333396911621,0.0,Move_Left,pressed
126.061,move_right_pressed,559.037048339844,-258.06787109375,-63.3333396911621,0.0,Move_Right,pressed
126.41,move_left_pressed,606.928161621094,-251.628677368164,0.0,185.185180664062,Move_Left,pressed
126.578,move_right_pressed,597.317077636719,-192.986694335938,0.0,555.555603027344,Move_Right,pressed
126.613,platform_landed,598.067077636719,-171.066864013672,30.0,0.0,land_on_platform,platform_scene-1/Tile Map/33_-9_layer_Tile Map_tile_33_-9_source_1_atlas_1_0
126.613,landed,598.067077636719,-171.066864013672,30.0,0.0,land,surface_wood_impact_1.25925939941406
126.695,musicking,608.622619628906,-171.066864013672,180.0,0.0,osc_received,"value_[1, ""chain-jumps-combo""]"
126.943,musicking,653.622619628906,-171.066864013672,180.0,0.0,osc_received,"value_[1, ""chain-jumps-combo""]"
126.994,move_left_pressed,659.622619628906,-171.066864013672,63.3333396911621,0.0,Move_Left,pressed
127.095,musicking,652.344848632812,-171.066864013672,-166.666656494141,0.0,osc_received,"value_[1, ""chain-jumps-combo""]"
127.344,move_right_pressed,611.733764648438,-171.066864013672,0.0,0.0,Move_Right,pressed
127.435,musicking,620.067077636719,-171.066864013672,166.666656494141,0.0,osc_received,"value_[1, ""chain-jumps-combo""]"
127.518,musicking,635.067077636719,-171.066864013672,180.0,0.0,osc_received,"value_[1, ""chain-jumps-combo""]"
127.762,musicking,678.678161621094,-171.066864013672,96.6666641235352,0.0,osc_received,"value_[1, ""chain-jumps-combo""]"
127.777,move_left_pressed,678.678161621094,-171.066864013672,0.0,0.0,Move_Left,pressed
127.868,musicking,670.344848632812,-171.066864013672,-166.666656494141,0.0,osc_received,"value_[1, ""chain-jumps-combo""]"
128.227,move_right_pressed,607.344848632812,-171.066864013672,-63.3333396911621,0.0,Move_Right,pressed
128.645,move_left_pressed,665.622619628906,-171.066864013672,63.3333396911621,0.0,Move_Left,pressed
129.102,move_right_pressed,599.511535644531,-171.074829101562,20.0000019073486,0.0,Move_Right,pressed
129.719,jump_input_pressed,629.567077636719,-171.074829101562,0.0,0.0,Jump,pressed
129.719,jump_executed,629.567077636719,-171.074829101562,0.0,-500.0,jump,x_629.567077636719_y_-171.074829101562
129.736,move_left_pressed,629.567077636719,-179.410110473633,-15.0,-479.222198486328,Move_Left,pressed
130.12,jump_input_released,577.067077636719,-277.649871826172,-180.0,-16.6665554046631,Jump,released
130.154,jump_peak_reached,571.067077636719,-277.858184814453,-96.6666641235352,41.2038154602051,jump_peak,x_571.067077636719_y_-277.858184814453
130.272,platform_landed,569.233764648438,-257.975463867188,0.0,0.0,land_on_platform,platform_scene-1/Tile Map/31_-14_layer_Tile Map_tile_31_-14_source_1_atlas_18_3
130.272,landed,569.233764648438,-257.975463867188,0.0,0.0,land,surface_wood_impact_0.60092614746094
130.273,musicking,569.233764648438,-257.975463867188,0.0,0.0,osc_received,"value_[1, ""leaves""]"
130.319,move_right_pressed,569.233764648438,-257.975463867188,33.3333320617676,0.0,Move_Right,pressed
130.351,jump_input_pressed,570.900512695312,-258.031921386719,100.0,0.0,Jump,pressed
130.352,jump_executed,570.900512695312,-258.031921386719,100.0,-500.0,jump,x_570.900512695312_y_-258.031921386719
130.353,musicking,572.568054199219,-266.370483398438,100.0,-500.055541992188,osc_received,"value_[1, ""chain-jumps""]"
130.452,move_left_pressed,584.651489257812,-302.879760742188,76.6666641235352,-376.166595458984,Move_Left,pressed
130.77,jump_input_released,551.429260253906,-364.911193847656,-180.0,2.77788853645325,Jump,released
130.785,jump_peak_reached,548.429260253906,-364.864898681641,-180.0,39.8149261474609,jump_peak,x_548.429260253906_y_-364.864898681641
130.887,move_right_pressed,543.595947265625,-351.624145507812,15.0,262.037139892578,Move_Right,pressed
130.887,platform_landed,543.843505859375,-349.011077880859,15.0,0.0,land_on_platform,platform_scene-1/Tile Map/30_-19_layer_Tile Map_tile_30_-19_source_1_atlas_15_0
130.887,landed,543.843505859375,-349.011077880859,15.0,0.0,land,surface_wood_impact_0.52407427978516
130.902,musicking,544.649047851562,-349.011077880859,48.3333320617676,0.0,osc_received,"value_[1, ""platform_pan_nav""]"
130.968,jump_input_pressed,550.399047851562,-349.011077880859,180.0,0.0,Jump,pressed
130.968,jump_executed,550.399047851562,-349.011077880859,180.0,-500.0,jump,x_550.399047851562_y_-349.011077880859
130.978,musicking,553.405029296875,-357.361938476562,180.0,-500.055541992188,osc_received,"value_[1, ""chain-jumps""]"
131.304,jump_input_released,610.405029296875,-451.148010253906,180.0,-94.9998931884766,Jump,released
131.401,jump_peak_reached,628.405029296875,-455.439666748047,180.0,46.2038116455078,jump_peak,x_628.405029296875_y_-455.439666748047
131.469,move_left_pressed,639.01611328125,-448.655700683594,0.0,194.351959228516,Move_Left,pressed
131.553,platform_landed,635.266540527344,-420.022094726562,-75.0,0.0,land_on_platform,platform_scene-1/Tile Map/35_-23_layer_Tile Map_tile_35_-23_source_1_atlas_19_3
131.553,landed,635.266540527344,-420.022094726562,-75.0,0.0,land,surface_wood_impact_0.75907434082031
131.554,musicking,635.266540527344,-420.022094726562,-75.0,0.0,osc_received,"value_[1, ""leaves""]"
131.605,jump_input_pressed,631.100524902344,-420.110626220703,-175.0,0.0,Jump,pressed
131.605,jump_executed,631.100524902344,-420.110626220703,-175.0,-500.0,jump,x_631.100524902344_y_-420.110626220703
131.61,musicking,628.182922363281,-428.447601318359,-175.0,-500.055541992188,osc_received,"value_[1, ""chain-jumps""]"
131.635,move_right_pressed,625.182922363281,-436.436492919922,-81.6666641235352,-458.499969482422,Move_Right,pressed
132.035,jump_peak_reached,673.321838378906,-526.942016601562,180.0,39.8149261474609,jump_peak,x_673.321838378906_y_-526.942016601562
132.051,jump_input_released,676.321838378906,-526.278442382812,180.0,76.8519668579102,Jump,released
132.189,platform_landed,703.319946289062,-495.067443847656,180.0,0.0,land_on_platform,platform_scene-1/Tile Map/39_-27_layer_Tile Map_tile_39_-27_source_1_atlas_2_0
132.189,landed,703.319946289062,-495.067443847656,180.0,0.0,land,surface_wood_impact_0.74629656982422
132.288,move_left_pressed,708.153259277344,-495.067443847656,-33.3333320617676,0.0,Move_Left,pressed
132.288,jump_input_pressed,708.153259277344,-495.067443847656,-33.3333320617676,0.0,Jump,pressed
132.288,jump_executed,708.153259277344,-495.067443847656,-33.3333320617676,-500.0,jump,x_708.153259277344_y_-495.067443847656
132.47,move_left_pressed,692.986206054688,-567.909057617188,-15.0,-274.499877929688,Move_Left,pressed
132.519,musicking,691.824768066406,-584.246032714844,-15.0,-214.999877929688,osc_received,"value_[1, ""head-bump""]"
132.72,jump_peak_reached,672.574768066406,-601.903381347656,-180.0,39.8149261474609,jump_peak,x_672.574768066406_y_-601.903381347656
132.752,coin_collected,666.574768066406,-599.958923339844,-180.0,76.8519668579102,collect_coin,coin_coin15_score_5
132.752,jump_input_released,666.574768066406,-599.958923339844,-180.0,113.889007568359,Jump,released
132.752,musicking,663.574768066406,-598.060791015625,-180.0,113.889007568359,osc_received,"value_[1, ""coins""]"
132.818,platform_landed,652.963684082031,-585.066345214844,-96.6666641235352,0.0,land_on_platform,platform_scene-1/Tile Map/36_-32_layer_Tile Map_tile_36_-32_source_1_atlas_2_0
132.818,landed,652.963684082031,-585.066345214844,-96.6666641235352,0.0,land,surface_wood_impact_0.52407427978516
132.868,move_right_pressed,652.741455078125,-585.066345214844,33.3333320617676,0.0,Move_Right,pressed
133.022,move_left_pressed,673.069885253906,-585.066345214844,63.3333396911621,0.0,Move_Left,pressed
133.127,musicking,665.792114257812,-585.066345214844,-166.666656494141,0.0,osc_received,"value_[1, ""chain-jumps-combo""]"
133.202,musicking,650.792114257812,-585.066345214844,-180.0,0.0,osc_received,"value_[1, ""chain-jumps-combo""]"
133.27,move_right_pressed,645.958801269531,-585.066345214844,20.0000019073486,0.0,Move_Right,pressed
134.118,move_right_pressed,667.014343261719,-585.075866699219,33.3333320617676,0.0,Move_Right,pressed
134.554,platform_landed,719.203063964844,-495.028930664062,0.0,0.0,land_on_platform,platform_scene-1/Tile Map/39_-27_layer_Tile Map_tile_39_-27_source_1_atlas_2_0
134.554,landed,719.203063964844,-495.028930664062,0.0,0.0,land,surface_wood_impact_1.25925939941406
135.202,jump_input_pressed,719.203063964844,-495.028930664062,0.0,0.0,Jump,pressed
135.202,jump_executed,719.203063964844,-495.028930664062,0.0,-500.0,jump,x_719.203063964844_y_-495.028930664062
135.235,move_right_pressed,719.203063964844,-511.393035888672,15.0,-458.499969482422,Move_Right,pressed
135.503,jump_input_released,750.703063964844,-593.000366210938,180.0,-134.499893188477,Jump,released
135.602,jump_peak_reached,768.703063964844,-597.792053222656,180.0,41.2037048339844,jump_peak,x_768.703063964844_y_-597.792053222656
135.686,platform_landed,782.536376953125,-585.06640625,13.3333311080933,0.0,land_on_platform,platform_scene-1/Tile Map/43_-32_layer_Tile Map_tile_43_-32_source_1_atlas_2_0
135.686,landed,782.536376953125,-585.06640625,13.3333311080933,0.0,land,surface_wood_impact_0.45277777099609
135.704,musicking,782.536376953125,-585.06640625,0.0,0.0,osc_received,"value_[1, ""platform_pan_nav""]"
138.318,jump_input_pressed,782.536376953125,-585.06640625,0.0,0.0,Jump,pressed
138.318,jump_executed,782.536376953125,-585.06640625,0.0,-500.0,jump,x_782.536376953125_y_-585.06640625
138.369,move_right_pressed,782.536376953125,-609.042419433594,15.0,-437.833282470703,Move_Right,pressed
138.571,jump_input_released,802.036376953125,-674.24609375,180.0,-194.166549682617,Jump,released
138.668,jump_peak_reached,820.036376953125,-679.037780761719,180.0,41.2037048339844,jump_peak,x_820.036376953125_y_-679.037780761719
138.794,platform_landed,824.869689941406,-657.013122558594,0.0,0.0,land_on_platform,platform_scene-1/Tile Map/45_-36_layer_Tile Map_tile_45_-36_source_1_atlas_0_0
138.794,landed,824.869689941406,-657.013122558594,0.0,0.0,land,surface_wood_impact_0.60092596435547
139.569,move_left_pressed,824.869689941406,-657.013122558594,-33.3333320617676,0.0,Move_Left,pressed
139.954,platform_landed,778.669860839844,-585.015258789062,0.0,0.0,land_on_platform,platform_scene-1/Tile Map/43_-32_layer_Tile Map_tile_43_-32_source_1_atlas_2_0
139.954,landed,778.669860839844,-585.015258789062,0.0,0.0,land,surface_wood_impact_1.11111120605469
140.553,jump_input_pressed,778.669860839844,-585.015258789062,0.0,0.0,Jump,pressed
140.553,jump_executed,778.669860839844,-585.015258789062,0.0,-500.0,jump,x_778.669860839844_y_-585.015258789062
140.603,move_right_pressed,778.669860839844,-609.035705566406,15.0,-437.833282470703,Move_Right,pressed
140.77,jump_input_released,792.419860839844,-666.739379882812,165.0,-234.222106933594,Jump,released
140.87,jump_peak_reached,810.169860839844,-671.531066894531,180.0,41.2037048339844,jump_peak,x_810.169860839844_y_-671.531066894531
140.97,platform_landed,821.003173828125,-657.002380371094,0.0,0.0,land_on_platform,platform_scene-1/Tile Map/45_-36_layer_Tile Map_tile_45_-36_source_1_atlas_0_0
140.97,landed,821.003173828125,-657.002380371094,0.0,0.0,land,surface_wood_impact_0.52685186767578
141.02,move_left_pressed,821.003173828125,-657.002380371094,-33.3333320617676,0.0,Move_Left,pressed
141.37,move_right_pressed,764.65771484375,-592.060607910156,-81.6666641235352,555.555603027344,Move_Right,pressed
141.371,platform_landed,763.296569824219,-585.066223144531,-81.6666641235352,0.0,land_on_platform,platform_scene-1/Tile Map/42_-32_layer_Tile Map_tile_42_-32_source_1_atlas_1_0
141.371,landed,763.296569824219,-585.066223144531,-81.6666641235352,0.0,land,surface_wood_impact_1.11111120605469
142.253,move_left_pressed,779.463195800781,-585.066223144531,-33.3333320617676,0.0,Move_Left,pressed
142.703,platform_landed,730.288879394531,-495.015594482422,0.0,0.0,land_on_platform,platform_scene-1/Tile Map/40_-27_layer_Tile Map_tile_40_-27_source_1_atlas_3_0
142.704,landed,730.288879394531,-495.015594482422,0.0,0.0,land,surface_wood_impact_1.25925939941406
142.736,musicking,730.288879394531,-495.015594482422,0.0,0.0,osc_received,"value_[1, ""platform_pan_nav""]"
142.802,jump_input_pressed,730.288879394531,-495.015594482422,0.0,0.0,Jump,pressed
142.803,jump_executed,730.288879394531,-495.015594482422,0.0,-500.0,jump,x_730.288879394531_y_-495.015594482422
142.81,musicking,730.288879394531,-503.402435302734,0.0,-500.055541992188,osc_received,"value_[1, ""chain-jumps""]"
142.852,move_left_pressed,730.288879394531,-519.035766601562,-15.0,-437.833282470703,Move_Left,pressed
143.136,jump_input_released,695.788879394531,-597.1884765625,-180.0,-94.9998931884766,Jump,released
143.235,jump_peak_reached,677.788879394531,-601.480163574219,-180.0,46.2038116455078,jump_peak,x_677.788879394531_y_-601.480163574219
143.337,platform_landed,672.95556640625,-585.014099121094,0.0,0.0,land_on_platform,platform_scene-1/Tile Map/37_-32_layer_Tile Map_tile_37_-32_source_1_atlas_3_0
143.337,landed,672.95556640625,-585.014099121094,0.0,0.0,land,surface_wood_impact_0.53685205078125
147.719,move_right_pressed,672.95556640625,-585.014099121094,33.3333320617676,0.0,Move_Right,pressed
148.119,platform_landed,707.143737792969,-495.008209228516,0.0,0.0,land_on_platform,platform_scene-1/Tile Map/39_-27_layer_Tile Map_tile_39_-27_source_1_atlas_2_0
148.119,landed,707.143737792969,-495.008209228516,0.0,0.0,land,surface_wood_impact_1.25925939941406
148.235,move_right_pressed,707.143737792969,-495.008209228516,33.3333320617676,0.0,Move_Right,pressed
148.235,jump_input_pressed,707.143737792969,-495.008209228516,33.3333320617676,0.0,Jump,pressed
148.235,jump_executed,707.143737792969,-495.008209228516,33.3333320617676,-500.0,jump,x_707.143737792969_y_-495.008209228516
148.552,jump_input_released,750.953063964844,-595.256713867188,180.0,-114.722114562988,Jump,released
148.652,jump_peak_reached,767.564147949219,-600.048400878906,13.3333311080933,41.2037048339844,jump_peak,x_767.564147949219_y_-600.048400878906
148.754,platform_landed,767.786376953125,-585.005187988281,0.0,0.0,land_on_platform,platform_scene-1/Tile Map/42_-32_layer_Tile Map_tile_42_-32_source_1_atlas_1_0
148.754,landed,767.786376953125,-585.005187988281,0.0,0.0,land,surface_wood_impact_0.52685186767578
148.911,move_left_pressed,767.786376953125,-585.005187988281,-33.3333320617676,0.0,Move_Left,pressed
148.927,jump_input_pressed,767.230834960938,-585.005187988281,-66.6666641235352,0.0,Jump,pressed
148.927,jump_executed,767.230834960938,-585.005187988281,-66.6666641235352,-500.0,jump,x_767.230834960938_y_-585.005187988281
149.244,jump_input_released,718.334045410156,-685.255554199219,-180.0,-114.722114562988,Jump,released
149.346,jump_peak_reached,700.334045410156,-690.047241210938,-180.0,41.2037048339844,jump_peak,x_700.334045410156_y_-690.047241210938
149.627,platform_landed,653.500732421875,-585.054077148438,0.0,0.0,land_on_platform,platform_scene-1/Tile Map/36_-32_layer_Tile Map_tile_36_-32_source_1_atlas_2_0
149.628,landed,653.500732421875,-585.054077148438,0.0,0.0,land,surface_wood_impact_1.34166687011719
150.146,move_left_pressed,653.500732421875,-585.054077148438,-33.3333320617676,0.0,Move_Left,pressed
150.229,jump_input_pressed,645.167419433594,-585.054077148438,-180.0,0.0,Jump,pressed
150.229,jump_executed,645.167419433594,-585.054077148438,-180.0,-500.0,jump,x_645.167419433594_y_-585.054077148438
150.244,jump_peak_reached,642.161315917969,-593.4052734375,-180.0,-479.222198486328,jump_peak,x_642.161315917969_y_-593.4052734375
150.395,jump_input_released,615.161315917969,-652.983032226562,-180.0,-294.722106933594,Jump,released
150.728,platform_landed,552.161315917969,-585.066833496094,-180.0,0.0,land_on_platform,platform_scene-1/Tile Map/30_-32_layer_Tile Map_tile_30_-32_source_1_atlas_2_0
150.728,landed,552.161315917969,-585.066833496094,-180.0,0.0,land,surface_wood_impact_1.11944458007812
150.769,musicking,546.161315917969,-585.066833496094,-180.0,0.0,osc_received,"value_[1, ""platform_pan_nav""]"
155.012,move_right_pressed,544.328002929688,-585.066833496094,33.3333320617676,0.0,Move_Right,pressed
155.193,jump_input_pressed,570.661315917969,-585.066833496094,180.0,0.0,Jump,pressed
155.194,jump_executed,570.661315917969,-585.066833496094,180.0,-500.0,jump,x_570.661315917969_y_-585.066833496094
155.377,jump_input_released,603.663879394531,-657.908142089844,180.0,-274.499877929688,Jump,released
155.477,jump_peak_reached,621.663879394531,-662.699829101562,180.0,41.2037048339844,jump_peak,x_621.663879394531_y_-662.699829101562
155.731,move_right_pressed,635.497192382812,-587.584045410156,15.0,596.759338378906,Move_Right,pressed
155.731,platform_landed,635.747192382812,-585.067138671875,15.0,0.0,land_on_platform,platform_scene-1/Tile Map/35_-32_layer_Tile Map_tile_35_-32_source_1_atlas_1_0
155.731,landed,635.747192382812,-585.067138671875,15.0,0.0,land,surface_wood_impact_1.19351867675781
156.346,platform_landed,704.156860351562,-495.006561279297,0.0,0.0,land_on_platform,platform_scene-1/Tile Map/39_-27_layer_Tile Map_tile_39_-27_source_1_atlas_2_0
156.346,landed,704.156860351562,-495.006561279297,0.0,0.0,land,surface_wood_impact_1.25925939941406
156.36,move_right_pressed,704.156860351562,-495.006561279297,33.3333320617676,0.0,Move_Right,pressed
156.394,jump_input_pressed,705.823486328125,-495.006561279297,100.0,0.0,Jump,pressed
156.395,jump_executed,705.823486328125,-495.006561279297,100.0,-500.0,jump,x_705.823486328125_y_-495.006561279297
156.396,musicking,707.501770019531,-503.39892578125,100.0,-500.055541992188,osc_received,"value_[1, ""chain-jumps""]"
156.744,jump_input_released,764.585205078125,-598.787780761719,180.0,-75.3332214355469,Jump,released
156.827,jump_peak_reached,769.418518066406,-601.59326171875,0.0,45.0371475219727,jump_peak,x_769.418518066406_y_-601.59326171875
156.928,platform_landed,769.418518066406,-585.011596679688,0.0,0.0,land_on_platform,platform_scene-1/Tile Map/42_-32_layer_Tile Map_tile_42_-32_source_1_atlas_1_0
156.929,landed,769.418518066406,-585.011596679688,0.0,0.0,land,surface_wood_impact_0.53451873779297
156.996,move_left_pressed,769.418518066406,-585.011596679688,-33.3333320617676,0.0,Move_Left,pressed
157.01,jump_input_pressed,768.862976074219,-585.011596679688,-66.6666641235352,0.0,Jump,pressed
157.01,jump_executed,768.862976074219,-585.011596679688,-66.6666641235352,-500.0,jump,x_768.862976074219_y_-585.011596679688
157.012,musicking,767.744506835938,-593.40087890625,-66.6666641235352,-500.055541992188,osc_received,"value_[1, ""chain-jumps""]"
157.394,jump_input_released,707.966918945312,-691.015686035156,-180.0,-36.1665573120117,Jump,released
157.443,jump_peak_reached,698.966918945312,-691.782348632812,-180.0,42.5371475219727,jump_peak,x_698.966918945312_y_-691.782348632812
157.728,platform_landed,646.355834960938,-585.066467285156,-96.6666641235352,0.0,land_on_platform,platform_scene-1/Tile Map/35_-32_layer_Tile Map_tile_35_-32_source_1_atlas_1_0
157.728,landed,646.355834960938,-585.066467285156,-96.6666641235352,0.0,land,surface_wood_impact_1.34433374023437
158.177,move_left_pressed,646.133605957031,-585.066467285156,-33.3333320617676,0.0,Move_Left,pressed
158.193,jump_input_pressed,645.578063964844,-585.066467285156,-66.6666641235352,0.0,Jump,pressed
158.194,jump_executed,645.578063964844,-585.066467285156,-66.6666641235352,-500.0,jump,x_645.578063964844_y_-585.066467285156
158.211,jump_peak_reached,644.465881347656,-593.408874511719,-81.6666641235352,-479.222198486328,jump_peak,x_644.465881347656_y_-593.408874511719
158.445,jump_input_released,608.688293457031,-674.245910644531,-180.0,-194.166549682617,Jump,released
158.81,platform_landed,549.85498046875,-585.001159667969,0.0,0.0,land_on_platform,platform_scene-1/Tile Map/30_-32_layer_Tile Map_tile_30_-32_source_1_atlas_2_0
158.81,landed,549.85498046875,-585.001159667969,0.0,0.0,land,surface_wood_impact_1.2675927734375
158.854,musicking,549.85498046875,-585.001159667969,0.0,0.0,osc_received,"value_[1, ""platform_pan_nav""]"
160.927,move_left_pressed,549.85498046875,-585.001159667969,-33.3333320617676,0.0,Move_Left,pressed
161.043,move_right_pressed,535.521667480469,-585.066345214844,-63.3333396911621,0.0,Move_Right,pressed
161.145,musicking,542.799438476562,-585.066345214844,166.666656494141,0.0,osc_received,"value_[1, ""chain-jumps-combo""]"
161.394,move_left_pressed,550.632751464844,-585.066345214844,-33.3333320617676,0.0,Move_Left,pressed
161.629,move_right_pressed,528.466125488281,-585.066345214844,33.3333320617676,0.0,Move_Right,pressed
162.927,move_right_pressed,538.188354492188,-585.066345214844,33.3333320617676,0.0,Move_Right,pressed
163.077,move_left_pressed,558.521667480469,-585.066345214844,96.6666641235352,0.0,Move_Left,pressed
163.327,move_right_pressed,529.188354492188,-585.066345214844,0.0,0.0,Move_Right,pressed
163.578,move_left_pressed,564.521667480469,-585.066345214844,63.3333396911621,0.0,Move_Left,pressed
163.945,move_right_pressed,531.410583496094,-585.066345214844,33.3333320617676,0.0,Move_Right,pressed
164.128,jump_input_pressed,557.743896484375,-585.066345214844,180.0,0.0,Jump,pressed
164.128,jump_executed,557.743896484375,-585.066345214844,180.0,-500.0,jump,x_557.743896484375_y_-585.066345214844
164.144,jump_peak_reached,560.74658203125,-593.408081054688,180.0,-479.222198486328,jump_peak,x_560.74658203125_y_-593.408081054688
164.327,jump_input_released,593.74658203125,-662.494201660156,180.0,-254.333206176758,Jump,released
164.677,platform_landed,659.746520996094,-585.066284179688,180.0,0.0,land_on_platform,platform_scene-1/Tile Map/36_-32_layer_Tile Map_tile_36_-32_source_1_atlas_2_0
164.678,landed,659.746520996094,-585.066284179688,180.0,0.0,land,surface_wood_impact_1.19351867675781
165.128,platform_landed,712.595764160156,-495.009704589844,0.0,0.0,land_on_platform,platform_scene-1/Tile Map/39_-27_layer_Tile Map_tile_39_-27_source_1_atlas_2_0
165.128,landed,712.595764160156,-495.009704589844,0.0,0.0,land,surface_wood_impact_1.25925939941406
165.179,jump_input_pressed,712.595764160156,-495.009704589844,0.0,0.0,Jump,pressed
165.179,jump_executed,712.595764160156,-495.009704589844,0.0,-500.0,jump,x_712.595764160156_y_-495.009704589844
165.186,musicking,712.595764160156,-503.401672363281,0.0,-500.055541992188,osc_received,"value_[1, ""chain-jumps""]"
165.194,move_right_pressed,712.595764160156,-503.401672363281,15.0,-479.222198486328,Move_Right,pressed
165.495,jump_input_released,750.095764160156,-595.257202148438,180.0,-114.722114562988,Jump,released
165.594,jump_peak_reached,768.095764160156,-600.048889160156,180.0,41.2037048339844,jump_peak,x_768.095764160156_y_-600.048889160156
165.66,move_left_pressed,775.929077148438,-593.598266601562,-1.66666889190674,189.351852416992,Move_Left,pressed
165.693,platform_landed,775.097473144531,-585.070190429688,-31.6666679382324,0.0,land_on_platform,platform_scene-1/Tile Map/43_-32_layer_Tile Map_tile_43_-32_source_1_atlas_2_0
165.694,landed,775.097473144531,-585.070190429688,-31.6666679382324,0.0,land,surface_wood_impact_0.52685186767578
165.711,jump_input_pressed,775.097473144531,-585.070190429688,-65.0,0.0,Jump,pressed
165.711,jump_executed,775.097473144531,-585.070190429688,-65.0,-500.0,jump,x_775.097473144531_y_-585.070190429688
165.712,musicking,774.013427734375,-593.409790039062,-65.0,-500.055541992188,osc_received,"value_[1, ""chain-jumps""]"
166.127,jump_input_released,708.430236816406,-691.950500488281,-180.0,2.77788853645325,Jump,released
166.146,jump_peak_reached,705.430236816406,-691.904174804688,-180.0,39.8149261474609,jump_peak,x_705.430236816406_y_-691.904174804688
166.411,jump_input_pressed,657.430236816406,-607.212768554688,-180.0,632.407592773438,Jump,pressed
166.445,platform_landed,648.430236816406,-585.067260742188,-180.0,0.0,land_on_platform,platform_scene-1/Tile Map/35_-32_layer_Tile Map_tile_35_-32_source_1_atlas_1_0
166.445,landed,648.430236816406,-585.067260742188,-180.0,0.0,land,surface_wood_impact_1.41296337890625
166.461,jump_executed,648.430236816406,-585.067260742188,-180.0,-500.0,jump,x_648.430236816406_y_-585.067260742188
166.47,musicking,645.427795410156,-593.408264160156,-180.0,-500.055541992188,osc_received,"value_[1, ""chain-jumps""]"
166.779,jump_input_released,591.427795410156,-685.263793945312,-180.0,-114.722114562988,Jump,released
166.877,jump_peak_reached,573.427795410156,-690.055480957031,-180.0,41.2037048339844,jump_peak,x_573.427795410156_y_-690.055480957031
167.161,platform_landed,541.594482421875,-585.062316894531,0.0,0.0,land_on_platform,platform_scene-1/Tile Map/30_-32_layer_Tile Map_tile_30_-32_source_1_atlas_2_0
167.161,landed,541.594482421875,-585.062316894531,0.0,0.0,land,surface_wood_impact_1.34166687011719
167.194,move_right_pressed,541.594482421875,-585.062316894531,33.3333320617676,0.0,Move_Right,pressed
167.195,musicking,542.150024414062,-585.062316894531,33.3333320617676,0.0,osc_received,"value_[1, ""platform_pan_nav""]"
167.395,move_left_pressed,569.538879394531,-585.07421875,0.0,0.0,Move_Left,pressed
167.485,musicking,561.20556640625,-585.07421875,-166.666656494141,0.0,osc_received,"value_[1, ""chain-jumps-combo""]"
167.56,musicking,546.20556640625,-585.07421875,-180.0,0.0,osc_received,"value_[1, ""chain-jumps-combo""]"
167.645,move_right_pressed,538.372253417969,-585.07421875,20.0000019073486,0.0,Move_Right,pressed
167.811,musicking,563.594482421875,-585.07421875,180.0,0.0,osc_received,"value_[1, ""chain-jumps-combo""]"
167.894,move_left_pressed,574.20556640625,-585.07421875,0.0,0.0,Move_Left,pressed
168.212,move_right_pressed,528.261169433594,-585.07421875,0.0,0.0,Move_Right,pressed
168.461,move_left_pressed,563.594482421875,-585.07421875,63.3333396911621,0.0,Move_Left,pressed
168.727,move_right_pressed,533.476745605469,-585.07421875,20.0000019073486,0.0,Move_Right,pressed
169.013,move_left_pressed,563.532287597656,-585.07421875,-33.3333320617676,0.0,Move_Left,pressed
171.144,move_right_pressed,532.365661621094,-585.07421875,33.3333320617676,0.0,Move_Right,pressed
171.277,jump_input_pressed,549.698974609375,-585.07421875,180.0,0.0,Jump,pressed
171.277,jump_executed,549.698974609375,-585.07421875,180.0,-500.0,jump,x_549.698974609375_y_-585.07421875
171.294,jump_peak_reached,552.699462890625,-593.409912109375,180.0,-479.222198486328,jump_peak,x_552.699462890625_y_-593.409912109375
171.561,jump_input_released,600.699462890625,-680.417297363281,180.0,-154.333221435547,Jump,released
171.945,platform_landed,653.532775878906,-585.041809082031,0.0,0.0,land_on_platform,platform_scene-1/Tile Map/36_-32_layer_Tile Map_tile_36_-32_source_1_atlas_2_0
171.946,landed,653.532775878906,-585.041809082031,0.0,0.0,land,surface_wood_impact_1.34166687011719
171.977,jump_input_pressed,653.532775878906,-585.041809082031,0.0,0.0,Jump,pressed
171.977,jump_executed,653.532775878906,-585.041809082031,0.0,-500.0,jump,x_653.532775878906_y_-585.041809082031
171.985,musicking,653.532775878906,-593.405883789062,0.0,-500.055541992188,osc_received,"value_[1, ""chain-jumps""]"
171.994,move_right_pressed,653.532775878906,-593.405883789062,15.0,-479.222198486328,Move_Right,pressed
172.245,jump_input_released,682.032775878906,-677.493835449219,180.0,-174.222106933594,Jump,released
172.345,jump_peak_reached,700.032775878906,-682.285522460938,180.0,41.2037048339844,jump_peak,x_700.032775878906_y_-682.285522460938
172.745,platform_landed,719.866088867188,-495.009735107422,0.0,0.0,land_on_platform,platform_scene-1/Tile Map/39_-27_layer_Tile Map_tile_39_-27_source_1_atlas_2_0
172.745,landed,719.866088867188,-495.009735107422,0.0,0.0,land,surface_wood_impact_1.860185546875
172.766,move_right_pressed,719.866088867188,-495.009735107422,33.3333320617676,0.0,Move_Right,pressed
172.766,jump_input_pressed,719.866088867188,-495.009735107422,33.3333320617676,0.0,Jump,pressed
172.766,jump_executed,719.866088867188,-495.009735107422,33.3333320617676,-500.0,jump,x_719.866088867188_y_-495.009735107422
172.768,musicking,720.425476074219,-503.401428222656,33.3333320617676,-500.055541992188,osc_received,"value_[1, ""chain-jumps""]"
173.146,jump_input_released,775.675354003906,-601.016235351562,180.0,-36.1665573120117,Jump,released
173.195,jump_peak_reached,784.675354003906,-601.782897949219,96.6666641235352,42.5371475219727,jump_peak,x_784.675354003906_y_-601.782897949219
173.23,move_left_pressed,786.508666992188,-599.747741699219,-1.66666889190674,116.611228942871,Move_Left,pressed
173.26,jump_input_pressed,786.203125,-595.243408203125,-31.6666679382324,190.685302734375,Jump,pressed
173.297,platform_landed,783.869812011719,-585.066467285156,-61.6666679382324,0.0,land_on_platform,platform_scene-1/Tile Map/43_-32_layer_Tile Map_tile_43_-32_source_1_atlas_2_0
173.297,landed,783.869812011719,-585.066467285156,-61.6666679382324,0.0,land,surface_wood_impact_0.52951873779297
173.31,jump_executed,783.869812011719,-585.066467285156,-61.6666679382324,-500.0,jump,x_783.869812011719_y_-585.066467285156
173.31,musicking,782.284973144531,-593.408752441406,-95.0,-500.055541992188,osc_received,"value_[1, ""chain-jumps""]"
173.745,jump_peak_reached,710.618408203125,-691.903137207031,-180.0,39.8149261474609,jump_peak,x_710.618408203125_y_-691.903137207031
173.81,jump_input_released,698.618408203125,-685.545104980469,-180.0,187.963073730469,Jump,released
174.045,platform_landed,653.618408203125,-585.067199707031,-180.0,0.0,land_on_platform,platform_scene-1/Tile Map/36_-32_layer_Tile Map_tile_36_-32_source_1_atlas_2_0
174.045,landed,653.618408203125,-585.067199707031,-180.0,0.0,land,surface_wood_impact_1.41296337890625
174.062,jump_input_pressed,653.618408203125,-585.067199707031,-180.0,0.0,Jump,pressed
174.062,jump_executed,653.618408203125,-585.067199707031,-180.0,-500.0,jump,x_653.618408203125_y_-585.067199707031
174.063,musicking,650.615966796875,-593.408264160156,-180.0,-500.055541992188,osc_received,"value_[1, ""chain-jumps""]"
174.345,jump_input_released,602.615966796875,-680.415649414062,-180.0,-154.333221435547,Jump,released
174.445,jump_peak_reached,584.615966796875,-685.207336425781,-180.0,41.2037048339844,jump_peak,x_584.615966796875_y_-685.207336425781
174.728,platform_landed,543.782653808594,-585.040161132812,0.0,0.0,land_on_platform,platform_scene-1/Tile Map/30_-32_layer_Tile Map_tile_30_-32_source_1_atlas_2_0
174.728,landed,543.782653808594,-585.040161132812,0.0,0.0,land,surface_wood_impact_1.34166687011719
175.713,jump_input_pressed,543.782653808594,-585.040161132812,0.0,0.0,Jump,pressed
175.713,jump_executed,543.782653808594,-585.040161132812,0.0,-500.0,jump,x_543.782653808594_y_-585.040161132812
176.027,jump_input_released,543.782653808594,-685.261169433594,0.0,-114.722114562988,Jump,released
176.128,jump_peak_reached,543.782653808594,-690.052856445312,0.0,41.2037048339844,jump_peak,x_543.782653808594_y_-690.052856445312
176.377,jump_input_pressed,543.782653808594,-614.937072753906,0.0,596.759338378906,Jump,pressed
176.41,platform_landed,543.782653808594,-585.059692382812,0.0,0.0,land_on_platform,platform_scene-1/Tile Map/30_-32_layer_Tile Map_tile_30_-32_source_1_atlas_2_0
176.41,landed,543.782653808594,-585.059692382812,0.0,0.0,land,surface_wood_impact_1.34166687011719
176.427,jump_executed,543.782653808594,-585.059692382812,0.0,-500.0,jump,x_543.782653808594_y_-585.059692382812
176.435,musicking,543.782653808594,-593.408203125,0.0,-500.055541992188,osc_received,"value_[1, ""chain-jumps""]"
176.444,jump_peak_reached,543.782653808594,-593.408203125,0.0,-479.222198486328,jump_peak,x_543.782653808594_y_-593.408203125
176.745,jump_input_released,543.782653808594,-685.263732910156,0.0,-114.722114562988,Jump,released
177.13,platform_landed,543.782653808594,-585.062255859375,0.0,0.0,land_on_platform,platform_scene-1/Tile Map/30_-32_layer_Tile Map_tile_30_-32_source_1_atlas_2_0
177.13,landed,543.782653808594,-585.062255859375,0.0,0.0,land,surface_wood_impact_1.34166687011719
177.344,move_right_pressed,543.782653808594,-585.062255859375,33.3333320617676,0.0,Move_Right,pressed
177.504,musicking,567.115966796875,-585.062255859375,180.0,0.0,osc_received,"value_[1, ""chain-jumps-combo""]"
177.512,move_left_pressed,567.115966796875,-585.062255859375,63.3333396911621,0.0,Move_Left,pressed
177.611,musicking,559.838195800781,-585.062255859375,-166.666656494141,0.0,osc_received,"value_[1, ""chain-jumps-combo""]"
177.813,move_right_pressed,528.227111816406,-585.062255859375,0.0,0.0,Move_Right,pressed
177.902,musicking,536.560424804688,-585.062255859375,166.666656494141,0.0,osc_received,"value_[1, ""chain-jumps-combo""]"
177.986,musicking,551.560424804688,-585.062255859375,180.0,0.0,osc_received,"value_[1, ""chain-jumps-combo""]"
178.127,move_left_pressed,571.393737792969,-585.062255859375,-20.0000019073486,0.0,Move_Left,pressed
179.06,move_left_pressed,541.338195800781,-585.062255859375,-33.3333320617676,0.0,Move_Left,pressed
179.129,jump_input_pressed,535.782653808594,-585.07421875,-166.666656494141,0.0,Jump,pressed
179.129,jump_executed,535.782653808594,-585.07421875,-166.666656494141,-500.0,jump,x_535.782653808594_y_-585.07421875
179.144,jump_peak_reached,533.00439453125,-593.409912109375,-180.0,-479.222198486328,jump_peak,x_533.00439453125_y_-593.409912109375
179.369,jump_input_released,494.00439453125,-670.663635253906,-180.0,-214.166549682617,Jump,released
179.711,platform_landed,435.171051025391,-600.00927734375,0.0,0.0,land_on_platform,platform_scene-1/Tile Map/24_-33_layer_Tile Map_tile_24_-33_source_1_atlas_13_6
179.711,landed,435.171051025391,-600.00927734375,0.0,0.0,land,surface_wood_impact_1.19351867675781
179.719,musicking,435.171051025391,-600.00927734375,0.0,0.0,osc_received,"value_[1, ""water-tube""]"
180.23,move_left_pressed,435.171051025391,-600.00927734375,-33.3333320617676,0.0,Move_Left,pressed
180.293,jump_input_pressed,429.615814208984,-600.094848632812,-166.666656494141,0.0,Jump,pressed
180.293,jump_executed,429.615814208984,-600.094848632812,-166.666656494141,-500.0,jump,x_429.615814208984_y_-600.094848632812
180.728,jump_peak_reached,351.8369140625,-706.926818847656,-180.0,39.8149261474609,jump_peak,x_351.8369140625_y_-706.926818847656
180.728,jump_input_released,351.8369140625,-706.926818847656,-180.0,39.8149261474609,Jump,released
180.994,jump_input_pressed,303.8369140625,-622.235412597656,-180.0,632.407592773438,Jump,pressed
180.995,platform_landed,300.887817382812,-618.111511230469,-180.0,0.0,land_on_platform,platform_scene-1/Tile Map/16_-34_layer_Tile Map_tile_16_-34_source_1_atlas_14_6
180.995,landed,300.887817382812,-618.111511230469,-180.0,0.0,land,surface_wood_impact_1.26481518554687
180.996,musicking,300.887817382812,-618.111511230469,-180.0,0.0,osc_received,"value_[1, ""water-tube""]"
181.01,jump_executed,300.887817382812,-618.111511230469,-180.0,-500.0,jump,x_300.887817382812_y_-618.111511230469
181.019,musicking,297.885284423828,-626.452758789062,-180.0,-500.055541992188,osc_received,"value_[1, ""chain-jumps""]"
181.294,jump_input_released,249.885284423828,-713.460144042969,-180.0,-154.333221435547,Jump,released
181.394,jump_peak_reached,231.885284423828,-718.251831054688,-180.0,41.2037048339844,jump_peak,x_231.885284423828_y_-718.251831054688
181.677,jump_input_pressed,180.885284423828,-622.626770019531,-180.0,670.833435058594,Jump,pressed
181.679,platform_landed,177.937347412109,-618.08740234375,-180.0,0.0,land_on_platform,platform_scene-1/Tile Map/9_-34_layer_Tile Map_tile_9_-34_source_1_atlas_14_6
181.679,landed,177.937347412109,-618.08740234375,-180.0,0.0,land,surface_wood_impact_1.34166687011719
181.685,musicking,177.937347412109,-618.08740234375,-180.0,0.0,osc_received,"value_[1, ""water-tube""]"
181.694,jump_executed,177.937347412109,-618.08740234375,-180.0,-500.0,jump,x_177.937347412109_y_-618.08740234375
181.695,musicking,174.934829711914,-626.428649902344,-180.0,-500.055541992188,osc_received,"value_[1, ""platform_pan_nav""]"
181.695,musicking,174.934829711914,-626.428649902344,-180.0,-500.055541992188,osc_received,"value_[1, ""chain-jumps""]"
181.895,jump_input_released,141.934829711914,-695.514770507812,-180.0,-254.333206176758,Jump,released
181.994,jump_peak_reached,123.934829711914,-700.306457519531,-180.0,41.2037048339844,jump_peak,x_123.934829711914_y_-700.306457519531
182.26,coin_collected,75.9348297119141,-615.244689941406,-180.0,596.759338378906,collect_coin,coin_coin20_score_6
182.269,musicking,72.9348297119141,-604.681396484375,-180.0,633.79638671875,osc_received,"value_[1, ""coins""]"
182.278,platform_landed,69.9331359863281,-603.070678710938,-180.0,0.0,land_on_platform,platform_scene-1/Tile Map/3_-33_layer_Tile Map_tile_3_-33_source_1_atlas_1_0
182.278,landed,69.9331359863281,-603.070678710938,-180.0,0.0,land,surface_wood_impact_1.34166687011719
182.462,move_left_pressed,62.0998039245605,-603.070678710938,-33.3333320617676,0.0,Move_Left,pressed
182.462,jump_input_pressed,62.0998039245605,-603.070678710938,-33.3333320617676,0.0,Jump,pressed
182.463,jump_executed,62.0998039245605,-603.070678710938,-33.3333320617676,-500.0,jump,x_62.0998039245605_y_-603.070678710938
182.66,musicking,36.2927856445312,-676.313171386719,-180.0,37.037036895752,osc_received,"value_[1, ""head-bump""]"
182.679,jump_peak_reached,36.2927856445312,-676.313171386719,-180.0,74.0740737915039,jump_peak,x_36.2927856445312_y_-676.313171386719
182.679,jump_input_released,36.2927856445312,-676.313171386719,-180.0,74.0740737915039,Jump,released
182.845,platform_landed,3.23513174057007,-636.081176757812,-180.0,0.0,land_on_platform,platform_scene-1/Tile Map/0_-35_layer_Tile Map_tile_0_-35_source_1_atlas_14_6
182.845,landed,3.23513174057007,-636.081176757812,-180.0,0.0,land,surface_wood_impact_0.88888897705078
182.852,musicking,3.23513174057007,-636.081176757812,-180.0,0.0,osc_received,"value_[1, ""water-tube""]"
182.947,jump_input_pressed,-7.59815835952759,-636.061157226562,0.0,0.0,Jump,pressed
182.947,jump_executed,-7.59815835952759,-636.061157226562,0.0,-500.0,jump,x_-7.59815835952759_y_-636.061157226562
182.948,musicking,-7.59815835952759,-644.39892578125,0.0,-500.055541992188,osc_received,"value_[1, ""chain-jumps""]"
183.01,move_right_pressed,-7.59815835952759,-667.333190917969,15.0,-417.22216796875,Move_Right,pressed
183.212,jump_input_released,11.9018421173096,-728.486877441406,180.0,-174.222106933594,Jump,released
183.31,jump_peak_reached,29.9018421173096,-733.278564453125,180.0,41.2037048339844,jump_peak,x_29.9018421173096_y_-733.278564453125
183.427,platform_landed,46.7351722717285,-711.019165039062,0.0,0.0,land_on_platform,platform_scene-1/Tile Map/2_-39_layer_Tile Map_tile_2_-39_source_1_atlas_2_0
183.427,landed,46.7351722717285,-711.019165039062,0.0,0.0,land,surface_wood_impact_0.60092596435547
183.494,jump_input_pressed,46.7351722717285,-711.019165039062,0.0,0.0,Jump,pressed
183.494,jump_executed,46.7351722717285,-711.019165039062,0.0,-500.0,jump,x_46.7351722717285_y_-711.019165039062
183.496,musicking,46.7351722717285,-719.402954101562,0.0,-500.055541992188,osc_received,"value_[1, ""chain-jumps""]"
183.529,move_left_pressed,46.7351722717285,-727.391845703125,-15.0,-458.499969482422,Move_Left,pressed
183.844,jump_input_released,6.23517227172852,-814.791809082031,-180.0,-75.3332214355469,Jump,released
183.927,jump_peak_reached,-8.76482772827148,-817.597290039062,-96.6666641235352,45.0371475219727,jump_peak,x_-8.76482772827148_y_-817.597290039062
183.993,move_right_pressed,-10.5981607437134,-810.89111328125,15.0,193.185302734375,Move_Right,pressed
184.028,jump_input_pressed,-9.84816074371338,-803.834350585938,45.0,267.259368896484,Jump,pressed
184.029,platform_landed,-9.09814167022705,-801.066711425781,45.0,0.0,land_on_platform,platform_scene-1/Tile Map/-1_-44_layer_Tile Map_tile_-1_-44_source_1_atlas_3_0
184.03,landed,-9.09814167022705,-801.066711425781,45.0,0.0,land,surface_wood_impact_0.53451873779297
184.045,jump_executed,-9.09814167022705,-801.066711425781,45.0,-500.0,jump,x_-9.09814167022705_y_-801.066711425781
184.048,musicking,-7.79134464263916,-809.408874511719,78.3333358764648,-500.055541992188,osc_received,"value_[1, ""chain-jumps""]"
184.344,jump_input_released,38.2919921875,-899.005126953125,180.0,-134.499893188477,Jump,released
184.444,jump_peak_reached,56.2919921875,-903.796813964844,180.0,41.2037048339844,jump_peak,x_56.2919921875_y_-903.796813964844
184.711,jump_input_pressed,104.2919921875,-818.735046386719,180.0,633.79638671875,Jump,pressed
184.712,platform_landed,107.301704406738,-816.04736328125,180.0,0.0,land_on_platform,platform_scene-1/Tile Map/5_-45_layer_Tile Map_tile_5_-45_source_1_atlas_13_6
184.712,landed,107.301704406738,-816.04736328125,180.0,0.0,land,surface_wood_impact_1.2675927734375
184.713,musicking,107.301704406738,-816.04736328125,180.0,0.0,osc_received,"value_[1, ""water-tube""]"
184.727,jump_executed,107.301704406738,-816.04736328125,180.0,-500.0,jump,x_107.301704406738_y_-816.04736328125
184.735,musicking,110.304275512695,-824.388732910156,180.0,-500.055541992188,osc_received,"value_[1, ""chain-jumps""]"
184.994,jump_input_released,155.304275512695,-908.476684570312,180.0,-174.222106933594,Jump,released
185.094,jump_peak_reached,173.304275512695,-913.268371582031,180.0,41.2037048339844,jump_peak,x_173.304275512695_y_-913.268371582031
185.361,jump_input_pressed,221.304275512695,-828.206604003906,180.0,633.79638671875,Jump,pressed
185.362,platform_landed,224.304275512695,-819.066284179688,180.0,0.0,land_on_platform,platform_scene-1/Tile Map/12_-45_layer_Tile Map_tile_12_-45_source_1_atlas_15_7
185.362,landed,224.304275512695,-819.066284179688,180.0,0.0,land,surface_wood_impact_1.2675927734375
185.368,musicking,224.304275512695,-819.066284179688,180.0,0.0,osc_received,"value_[1, ""cloud""]"
185.377,jump_executed,224.304275512695,-819.066284179688,180.0,-500.0,jump,x_224.304275512695_y_-819.066284179688
185.377,musicking,227.306976318359,-827.408081054688,180.0,-500.055541992188,osc_received,"value_[1, ""chain-jumps""]"
185.395,jump_peak_reached,227.306976318359,-827.408081054688,180.0,-479.222198486328,jump_peak,x_227.306976318359_y_-827.408081054688
185.396,musicking,230.306976318359,-835.39697265625,180.0,-479.333312988281,osc_received,"value_[1, ""platform_pan_nav""]"
185.662,jump_input_released,275.306976318359,-914.415466308594,180.0,-154.333221435547,Jump,released
185.962,move_left_pressed,327.918090820312,-870.225646972656,0.0,485.648223876953,Move_Left,pressed
186.046,platform_landed,324.195007324219,-816.072814941406,-75.0,0.0,land_on_platform,platform_scene-1/Tile Map/17_-45_layer_Tile Map_tile_17_-45_source_1_atlas_14_6
186.046,landed,324.195007324219,-816.072814941406,-75.0,0.0,land,surface_wood_impact_1.34166687011719
186.046,musicking,324.195007324219,-816.072814941406,-75.0,0.0,osc_received,"value_[1, ""water-tube""]"
186.094,move_right_pressed,324.195007324219,-816.072814941406,33.3333320617676,0.0,Move_Right,pressed
186.094,jump_input_pressed,324.195007324219,-816.072814941406,33.3333320617676,0.0,Jump,pressed
186.094,jump_executed,324.195007324219,-816.072814941406,33.3333320617676,-500.0,jump,x_324.195007324219_y_-816.072814941406
186.094,musicking,324.750915527344,-824.412170410156,33.3333320617676,-500.055541992188,osc_received,"value_[1, ""chain-jumps""]"
186.378,jump_input_released,362.000793457031,-911.419555664062,180.0,-154.333221435547,Jump,released
186.477,jump_peak_reached,380.000793457031,-916.211242675781,180.0,41.2037048339844,jump_peak,x_380.000793457031_y_-916.211242675781
186.614,platform_landed,407.000793457031,-891.067321777344,180.0,0.0,land_on_platform,platform_scene-1/Tile Map/22_-49_layer_Tile Map_tile_22_-49_source_1_atlas_2_0
186.614,landed,407.000793457031,-891.067321777344,180.0,0.0,land,surface_wood_impact_0.67500006103516
186.677,move_left_pressed,414.611907958984,-891.067321777344,0.0,0.0,Move_Left,pressed
186.677,jump_input_pressed,414.611907958984,-891.067321777344,0.0,0.0,Jump,pressed
186.677,jump_executed,414.611907958984,-891.067321777344,0.0,-500.0,jump,x_414.611907958984_y_-891.067321777344
186.678,musicking,414.611907958984,-899.4091796875,0.0,-500.055541992188,osc_received,"value_[1, ""chain-jumps""]"
187.01,jump_input_released,374.111907958984,-993.195251464844,-180.0,-94.9998931884766,Jump,released
187.111,jump_peak_reached,360.278564453125,-997.486938476562,0.0,46.2038116455078,jump_peak,x_360.278564453125_y_-997.486938476562
187.194,move_right_pressed,360.278564453125,-987.463806152344,15.0,231.38899230957,Move_Right,pressed
187.244,jump_input_pressed,361.778564453125,-974.04248046875,60.0,342.500122070312,Jump,pressed
187.278,platform_landed,365.488128662109,-960.098571777344,90.0,0.0,land_on_platform,platform_scene-1/Tile Map/20_-53_layer_Tile Map_tile_20_-53_source_1_atlas_14_6
187.279,landed,365.488128662109,-960.098571777344,90.0,0.0,land,surface_wood_impact_0.8331484375
187.286,musicking,365.488128662109,-960.098571777344,90.0,0.0,osc_received,"value_[1, ""water-tube""]"
187.294,jump_executed,365.488128662109,-960.098571777344,90.0,-500.0,jump,x_365.488128662109_y_-960.098571777344
187.295,musicking,367.545562744141,-968.4404296875,123.333335876465,-500.055541992188,osc_received,"value_[1, ""chain-jumps""]"
187.694,jump_input_released,435.212188720703,-1066.68017578125,180.0,-16.6665554046631,Jump,released
187.729,jump_peak_reached,441.212188720703,-1066.88854980469,180.0,41.2038154602051,jump_peak,x_441.212188720703_y_-1066.88854980469
187.961,coin_collected,483.212188720703,-1001.10150146484,180.0,522.685363769531,collect_coin,coin_coin21_score_7
187.969,musicking,486.212188720703,-991.772766113281,180.0,559.722412109375,osc_received,"value_[1, ""coins""]"
187.996,jump_input_pressed,489.212188720703,-981.826782226562,180.0,633.796508789062,Jump,pressed
187.997,platform_landed,492.212188720703,-981.066833496094,180.0,0.0,land_on_platform,platform_scene-1/Tile Map/27_-54_layer_Tile Map_tile_27_-54_source_1_atlas_3_0
187.997,landed,492.212188720703,-981.066833496094,180.0,0.0,land,surface_wood_impact_1.26759301757812
188.01,jump_executed,492.212188720703,-981.066833496094,180.0,-500.0,jump,x_492.212188720703_y_-981.066833496094
188.019,musicking,495.214752197266,-989.408142089844,180.0,-500.055541992188,osc_received,"value_[1, ""chain-jumps""]"
188.344,jump_input_released,552.214782714844,-1083.19421386719,180.0,-94.9998931884766,Jump,released
188.444,jump_peak_reached,570.214782714844,-1087.48583984375,180.0,46.2038116455078,jump_peak,x_570.214782714844_y_-1087.48583984375
188.629,jump_input_pressed,603.214782714844,-1045.06457519531,180.0,453.611267089844,Jump,pressed
188.646,platform_landed,609.227416992188,-1033.03747558594,180.0,0.0,land_on_platform,platform_scene-1/Tile Map/33_-57_layer_Tile Map_tile_33_-57_source_1_atlas_14_6
188.646,landed,609.227416992188,-1033.03747558594,180.0,0.0,land,surface_wood_impact_0.98129663085938
188.652,musicking,609.227416992188,-1033.03747558594,180.0,0.0,osc_received,"value_[1, ""water-tube""]"
188.662,jump_executed,609.227416992188,-1033.03747558594,180.0,-500.0,jump,x_609.227416992188_y_-1033.03747558594
188.669,musicking,610.840148925781,-1041.38012695312,96.6666641235352,-500.055541992188,osc_received,"value_[1, ""platform_pan_nav""]"
188.669,musicking,610.840148925781,-1041.38012695312,96.6666641235352,-500.055541992188,osc_received,"value_[1, ""chain-jumps""]"
188.71,move_left_pressed,611.062377929688,-1057.01342773438,-15.0,-437.833282470703,Move_Left,pressed
188.827,move_right_pressed,605.701293945312,-1100.95788574219,8.33333396911621,-294.722106933594,Move_Right,pressed
189.094,jump_peak_reached,635.868286132812,-1139.87451171875,180.0,39.8149261474609,jump_peak,x_635.868286132812_y_-1139.87451171875
189.111,jump_input_released,638.868286132812,-1139.2109375,180.0,76.8519668579102,Jump,released
189.296,platform_landed,643.701599121094,-1089.02697753906,0.0,0.0,land_on_platform,platform_scene-1/Tile Map/35_-60_layer_Tile Map_tile_35_-60_source_1_atlas_1_0
189.296,landed,643.701599121094,-1089.02697753906,0.0,0.0,land,surface_wood_impact_0.96851885986328
189.311,move_left_pressed,643.701599121094,-1089.02697753906,-33.3333320617676,0.0,Move_Left,pressed
189.327,jump_input_pressed,643.146057128906,-1089.02697753906,-66.6666641235352,0.0,Jump,pressed
189.327,jump_executed,643.146057128906,-1089.02697753906,-66.6666641235352,-500.0,jump,x_643.146057128906_y_-1089.02697753906
189.328,musicking,642.029357910156,-1097.40307617188,-66.6666641235352,-500.055541992188,osc_received,"value_[1, ""chain-jumps""]"
189.737,jump_input_released,579.251770019531,-1195.64282226562,-180.0,-16.6665554046631,Jump,released
189.769,jump_peak_reached,573.251770019531,-1195.85119628906,-180.0,41.2038154602051,jump_peak,x_573.251770019531_y_-1195.85119628906
189.97,platform_landed,562.41845703125,-1143.01232910156,0.0,0.0,land_on_platform,platform_scene-1/Tile Map/31_-63_layer_Tile Map_tile_31_-63_source_1_atlas_3_0
189.97,landed,562.41845703125,-1143.01232910156,0.0,0.0,land,surface_wood_impact_0.97129663085938
190.41,move_right_pressed,562.41845703125,-1143.01232910156,33.3333320617676,0.0,Move_Right,pressed
190.861,platform_landed,593.610595703125,-1031.98046875,0.0,0.0,land_on_platform,platform_scene-1/Tile Map/32_-57_layer_Tile Map_tile_32_-57_source_1_atlas_13_6
190.863,landed,593.610595703125,-1031.98046875,0.0,0.0,land,surface_wood_impact_1.40740759277344
190.869,musicking,593.610595703125,-1031.98046875,0.0,0.0,osc_received,"value_[1, ""water-tube""]"
191.328,move_right_pressed,593.610595703125,-1031.98046875,33.3333320617676,0.0,Move_Right,pressed
191.328,jump_input_pressed,593.610595703125,-1031.98046875,33.3333320617676,0.0,Jump,pressed
191.328,jump_executed,593.610595703125,-1031.98046875,33.3333320617676,-500.0,jump,x_593.610595703125_y_-1031.98046875
191.596,jump_input_released,628.42041015625,-1124.46838378906,180.0,-174.222106933594,Jump,released
191.694,jump_peak_reached,646.42041015625,-1129.26000976562,180.0,41.2037048339844,jump_peak,x_646.42041015625_y_-1129.26000976562
191.862,platform_landed,654.253723144531,-1089.02819824219,0.0,0.0,land_on_platform,platform_scene-1/Tile Map/36_-60_layer_Tile Map_tile_36_-60_source_1_atlas_3_0
191.862,landed,654.253723144531,-1089.02819824219,0.0,0.0,land,surface_wood_impact_0.82314825439453
191.902,musicking,654.253723144531,-1089.02819824219,0.0,0.0,osc_received,"value_[1, ""platform_pan_nav""]"
193.094,move_left_pressed,654.253723144531,-1089.02819824219,-33.3333320617676,0.0,Move_Left,pressed
193.112,jump_input_pressed,653.698181152344,-1089.02819824219,-66.6666641235352,0.0,Jump,pressed
193.112,jump_executed,653.698181152344,-1089.02819824219,-66.6666641235352,-500.0,jump,x_653.698181152344_y_-1089.02819824219
193.545,jump_peak_reached,583.804016113281,-1195.89758300781,-180.0,39.8149261474609,jump_peak,x_583.804016113281_y_-1195.89758300781
193.594,jump_input_released,574.804016113281,-1192.05493164062,-180.0,150.926040649414,Jump,released
193.745,platform_landed,566.970703125,-1143.00073242188,0.0,0.0,land_on_platform,platform_scene-1/Tile Map/31_-63_layer_Tile Map_tile_31_-63_source_1_atlas_3_0
193.745,landed,566.970703125,-1143.00073242188,0.0,0.0,land,surface_wood_impact_0.96851885986328
194.378,move_right_pressed,566.970703125,-1143.00073242188,33.3333320617676,0.0,Move_Right,pressed
194.452,musicking,575.304016113281,-1143.00073242188,166.666656494141,0.0,osc_received,"value_[1, ""chain-jumps-combo""]"
194.794,platform_landed,598.149230957031,-1032.05541992188,0.0,0.0,land_on_platform,platform_scene-1/Tile Map/33_-57_layer_Tile Map_tile_33_-57_source_1_atlas_14_6
194.794,landed,598.149230957031,-1032.05541992188,0.0,0.0,land,surface_wood_impact_1.40740759277344
194.795,musicking,598.149230957031,-1032.05541992188,0.0,0.0,osc_received,"value_[1, ""water-tube""]"
195.228,jump_input_pressed,598.149230957031,-1032.05541992188,0.0,0.0,Jump,pressed
195.228,jump_executed,598.149230957031,-1032.05541992188,0.0,-500.0,jump,x_598.149230957031_y_-1032.05541992188
195.245,move_right_pressed,598.149230957031,-1040.42602539062,15.0,-479.222198486328,Move_Right,pressed
195.444,jump_input_released,617.649230957031,-1113.76306152344,180.0,-234.222106933594,Jump,released
195.544,jump_peak_reached,635.649230957031,-1118.5546875,180.0,41.2037048339844,jump_peak,x_635.649230957031_y_-1118.5546875
195.695,platform_landed,649.482543945312,-1089.0302734375,0.0,0.0,land_on_platform,platform_scene-1/Tile Map/36_-60_layer_Tile Map_tile_36_-60_source_1_atlas_3_0
195.695,landed,649.482543945312,-1089.0302734375,0.0,0.0,land,surface_wood_impact_0.74907415771484
195.995,move_right_pressed,649.482543945312,-1089.0302734375,33.3333320617676,0.0,Move_Right,pressed
196.065,musicking,657.815856933594,-1089.07006835938,166.666656494141,0.0,osc_received,"value_[1, ""chain-jumps-combo""]"
196.195,move_left_pressed,678.842102050781,-1086.55798339844,81.6666641235352,111.111114501953,Move_Left,pressed
196.611,platform_landed,668.092102050781,-855.076538085938,0.0,0.0,land_on_platform,platform_scene-1/Tile Map/37_-47_layer_Tile Map_tile_37_-47_source_1_atlas_15_7
196.611,landed,668.092102050781,-855.076538085938,0.0,0.0,land,surface_wood_impact_2.07407446289062
196.619,musicking,668.092102050781,-855.076538085938,0.0,0.0,osc_received,"value_[1, ""cloud""]"
196.635,musicking,668.092102050781,-855.076538085938,0.0,0.0,osc_received,"value_[1, ""platform_pan_nav""]"
198.46,move_left_pressed,668.092102050781,-855.076538085938,-33.3333320617676,0.0,Move_Left,pressed
198.619,musicking,644.747375488281,-854.890991210938,-180.0,0.0,osc_received,"value_[1, ""chain-jumps-combo""]"
199.246,platform_landed,615.9140625,-420.024047851562,0.0,0.0,land_on_platform,platform_scene-1/Tile Map/34_-23_layer_Tile Map_tile_34_-23_source_1_atlas_17_3
199.246,landed,615.9140625,-420.024047851562,0.0,0.0,land,surface_wood_impact_2.81481420898437
199.252,musicking,615.9140625,-420.024047851562,0.0,0.0,osc_received,"value_[1, ""leaves""]"
201.511,move_right_pressed,615.9140625,-420.024047851562,33.3333320617676,0.0,Move_Right,pressed
201.562,jump_input_pressed,619.247497558594,-420.079925537109,133.33332824707,0.0,Jump,pressed
201.562,jump_executed,619.247497558594,-420.079925537109,133.33332824707,-500.0,jump,x_619.247497558594_y_-420.079925537109
201.978,jump_input_released,692.636840820312,-526.956604003906,180.0,2.77788853645325,Jump,released
201.996,jump_peak_reached,695.636840820312,-526.910278320312,180.0,39.8149261474609,jump_peak,x_695.636840820312_y_-526.910278320312
202.144,platform_landed,715.470153808594,-495.023223876953,0.0,0.0,land_on_platform,platform_scene-1/Tile Map/39_-27_layer_Tile Map_tile_39_-27_source_1_atlas_2_0
202.144,landed,715.470153808594,-495.023223876953,0.0,0.0,land,surface_wood_impact_0.74629656982422
202.613,jump_input_pressed,715.470153808594,-495.023223876953,0.0,0.0,Jump,pressed
202.613,jump_executed,715.470153808594,-495.023223876953,0.0,-500.0,jump,x_715.470153808594_y_-495.023223876953
202.648,move_right_pressed,715.470153808594,-511.392303466797,15.0,-458.499969482422,Move_Right,pressed
202.978,jump_input_released,758.970153808594,-600.068176269531,180.0,-55.722110748291,Jump,released
203.045,jump_peak_reached,770.970153808594,-601.699645996094,180.0,43.8149261474609,jump_peak,x_770.970153808594_y_-601.699645996094
203.144,platform_landed,781.803466796875,-585.010559082031,0.0,0.0,land_on_platform,platform_scene-1/Tile Map/43_-32_layer_Tile Map_tile_43_-32_source_1_atlas_2_0
203.145,landed,781.803466796875,-585.010559082031,0.0,0.0,land,surface_wood_impact_0.53207427978516
204.179,move_left_pressed,781.803466796875,-585.010559082031,-33.3333320617676,0.0,Move_Left,pressed
204.244,jump_input_pressed,776.247924804688,-585.010559082031,-166.666656494141,0.0,Jump,pressed
204.244,jump_executed,776.247924804688,-585.010559082031,-166.666656494141,-500.0,jump,x_776.247924804688_y_-585.010559082031
204.252,musicking,773.453063964844,-593.396118164062,-166.666656494141,-500.055541992188,osc_received,"value_[1, ""chain-jumps-combo""]"
204.68,jump_peak_reached,698.453063964844,-691.890502929688,-180.0,39.8149261474609,jump_peak,x_698.453063964844_y_-691.890502929688
204.762,jump_input_released,683.453063964844,-682.399780273438,-180.0,225.000106811523,Jump,released
204.977,platform_landed,645.619750976562,-585.067016601562,-13.3333311080933,0.0,land_on_platform,platform_scene-1/Tile Map/35_-32_layer_Tile Map_tile_35_-32_source_1_atlas_1_0
204.977,landed,645.619750976562,-585.067016601562,-13.3333311080933,0.0,land,surface_wood_impact_1.41296337890625
205.863,move_left_pressed,645.619750976562,-585.067016601562,-33.3333320617676,0.0,Move_Left,pressed
205.927,jump_input_pressed,640.064208984375,-585.067016601562,-166.666656494141,0.0,Jump,pressed
205.927,jump_executed,640.064208984375,-585.067016601562,-166.666656494141,-500.0,jump,x_640.064208984375_y_-585.067016601562
206.344,jump_input_released,565.284057617188,-691.949035644531,-180.0,2.77788853645325,Jump,released
206.36,jump_peak_reached,562.284057617188,-691.902709960938,-96.6666641235352,39.8149261474609,jump_peak,x_562.284057617188_y_-691.902709960938
206.611,move_left_pressed,560.450744628906,-617.134155273438,-15.0,595.370544433594,Move_Left,pressed
206.664,platform_landed,559.194213867188,-585.000244140625,-60.0,0.0,land_on_platform,platform_scene-1/Tile Map/31_-32_layer_Tile Map_tile_31_-32_source_1_atlas_3_0
206.664,landed,559.194213867188,-585.000244140625,-60.0,0.0,land,surface_wood_impact_1.41296337890625
206.678,jump_input_pressed,559.194213867188,-585.000244140625,-93.3333358764648,0.0,Jump,pressed
206.678,jump_executed,559.194213867188,-585.000244140625,-93.3333358764648,-500.0,jump,x_559.194213867188_y_-585.000244140625
206.679,musicking,557.625427246094,-593.405334472656,-93.3333358764648,-500.055541992188,osc_received,"value_[1, ""platform_pan_nav""]"
206.679,musicking,557.625427246094,-593.405334472656,-93.3333358764648,-500.055541992188,osc_received,"value_[1, ""chain-jumps""]"
207.06,jump_input_released,495.097717285156,-691.020141601562,-180.0,-36.1665573120117,Jump,released
207.111,jump_peak_reached,486.097717285156,-691.786804199219,-180.0,42.5371475219727,jump_peak,x_486.097717285156_y_-691.786804199219
207.362,jump_input_pressed,441.097717285156,-616.337707519531,-180.0,598.0927734375,Jump,pressed
207.379,platform_landed,435.103393554688,-600.064636230469,-180.0,0.0,land_on_platform,platform_scene-1/Tile Map/24_-33_layer_Tile Map_tile_24_-33_source_1_atlas_13_6
207.379,landed,435.103393554688,-600.064636230469,-180.0,0.0,land,surface_wood_impact_1.27025964355469
207.38,musicking,435.103393554688,-600.064636230469,-180.0,0.0,osc_received,"value_[1, ""water-tube""]"
207.395,jump_executed,435.103393554688,-600.064636230469,-180.0,-500.0,jump,x_435.103393554688_y_-600.064636230469
207.402,musicking,432.100738525391,-608.40625,-180.0,-500.055541992188,osc_received,"value_[1, ""chain-jumps""]"
207.779,jump_input_released,366.100738525391,-706.021057128906,-180.0,-36.1665573120117,Jump,released
207.827,jump_peak_reached,357.100738525391,-706.787719726562,-180.0,42.5371475219727,jump_peak,x_357.100738525391_y_-706.787719726562
208.078,jump_input_pressed,312.100738525391,-631.338623046875,-180.0,598.0927734375,Jump,pressed
208.096,platform_landed,306.108856201172,-618.068969726562,-180.0,0.0,land_on_platform,platform_scene-1/Tile Map/16_-34_layer_Tile Map_tile_16_-34_source_1_atlas_14_6
208.097,landed,306.108856201172,-618.068969726562,-180.0,0.0,land,surface_wood_impact_1.27025964355469
208.103,musicking,306.108856201172,-618.068969726562,-180.0,0.0,osc_received,"value_[1, ""water-tube""]"
208.111,jump_executed,306.108856201172,-618.068969726562,-180.0,-500.0,jump,x_306.108856201172_y_-618.068969726562
208.112,musicking,303.10595703125,-626.411315917969,-180.0,-500.055541992188,osc_received,"value_[1, ""chain-jumps""]"
208.41,jump_input_released,252.10595703125,-716.007568359375,-180.0,-134.499893188477,Jump,released
208.511,jump_peak_reached,234.10595703125,-720.799255371094,-180.0,41.2037048339844,jump_peak,x_234.10595703125_y_-720.799255371094
208.779,jump_input_pressed,186.10595703125,-635.737487792969,-180.0,633.79638671875,Jump,pressed
208.796,platform_landed,180.112808227539,-618.074768066406,-180.0,0.0,land_on_platform,platform_scene-1/Tile Map/9_-34_layer_Tile Map_tile_9_-34_source_1_atlas_14_6
208.796,landed,180.112808227539,-618.074768066406,-180.0,0.0,land,surface_wood_impact_1.34166687011719
208.797,musicking,180.112808227539,-618.074768066406,-180.0,0.0,osc_received,"value_[1, ""water-tube""]"
208.812,jump_executed,180.112808227539,-618.074768066406,-180.0,-500.0,jump,x_180.112808227539_y_-618.074768066406
208.819,musicking,177.111541748047,-626.412536621094,-180.0,-500.055541992188,osc_received,"value_[1, ""chain-jumps""]"
209.244,jump_peak_reached,102.111541748047,-724.906921386719,-180.0,39.8149261474609,jump_peak,x_102.111541748047_y_-724.906921386719
209.444,jump_input_released,88.278205871582,-676.203186035156,0.0,484.259429931641,Jump,released
209.562,platform_landed,88.278205871582,-603.015991210938,0.0,0.0,land_on_platform,platform_scene-1/Tile Map/4_-33_layer_Tile Map_tile_4_-33_source_1_atlas_2_0
209.562,landed,88.278205871582,-603.015991210938,0.0,0.0,land,surface_wood_impact_1.48703747558594
209.586,musicking,88.278205871582,-603.015991210938,0.0,0.0,osc_received,"value_[1, ""platform_pan_nav""]"
209.677,jump_input_pressed,88.278205871582,-603.015991210938,0.0,0.0,Jump,pressed
209.677,jump_executed,88.278205871582,-603.015991210938,0.0,-500.0,jump,x_88.278205871582_y_-603.015991210938
209.837,move_left_pressed,88.278205871582,-665.720947265625,-15.0,-314.999908447266,Move_Left,pressed
209.93,jump_input_released,83.028205871582,-692.239501953125,-6.66666650772095,-194.166549682617,Jump,released
210.027,jump_peak_reached,82.9170913696289,-697.031188964844,0.0,41.2037048339844,jump_peak,x_82.9170913696289_y_-697.031188964844
210.294,move_left_pressed,82.9170913696289,-611.969421386719,-15.0,633.79638671875,Move_Left,pressed
210.295,platform_landed,82.6670913696289,-603.066711425781,-15.0,0.0,land_on_platform,platform_scene-1/Tile Map/4_-33_layer_Tile Map_tile_4_-33_source_1_atlas_2_0
210.295,landed,82.6670913696289,-603.066711425781,-15.0,0.0,land,surface_wood_impact_1.2675927734375
210.428,jump_input_pressed,67.103385925293,-603.066711425781,-180.0,0.0,Jump,pressed
210.429,jump_executed,67.103385925293,-603.066711425781,-180.0,-500.0,jump,x_67.103385925293_y_-603.066711425781
210.444,jump_peak_reached,64.1007995605469,-611.408142089844,-180.0,-479.222198486328,jump_peak,x_64.1007995605469_y_-611.408142089844
210.629,musicking,28.0996913909912,-676.31298828125,-180.0,37.037036895752,osc_received,"value_[1, ""head-bump""]"
210.729,jump_input_released,13.0996913909912,-663.967346191406,-180.0,259.259246826172,Jump,released
210.813,platform_landed,-4.89118146896362,-636.052856445312,-180.0,0.0,land_on_platform,platform_scene-1/Tile Map/-1_-35_layer_Tile Map_tile_-1_-35_source_1_atlas_13_6
210.813,landed,-4.89118146896362,-636.052856445312,-180.0,0.0,land,surface_wood_impact_0.88888897705078
210.814,musicking,-4.89118146896362,-636.052856445312,-180.0,0.0,osc_received,"value_[1, ""water-tube""]"
210.894,jump_input_pressed,-16.8911476135254,-636.067138671875,-180.0,0.0,Jump,pressed
210.894,jump_executed,-16.8911476135254,-636.067138671875,-180.0,-500.0,jump,x_-16.8911476135254_y_-636.067138671875
210.903,musicking,-19.8938102722168,-644.408813476562,-180.0,-500.055541992188,osc_received,"value_[1, ""chain-jumps""]"
210.929,move_right_pressed,-21.5049209594727,-652.397705078125,0.0,-458.499969482422,Move_Right,pressed
211.245,jump_input_released,15.995080947876,-739.797668457031,180.0,-75.3332214355469,Jump,released
211.327,jump_peak_reached,30.995080947876,-742.603149414062,180.0,45.0371475219727,jump_peak,x_30.995080947876_y_-742.603149414062
211.445,move_left_pressed,50.6061935424805,-724.385864257812,0.0,304.296417236328,Move_Left,pressed
211.477,jump_input_pressed,50.3561935424805,-713.625366210938,-30.0,378.370513916016,Jump,pressed
211.478,platform_landed,49.8561935424805,-711.067504882812,-30.0,0.0,land_on_platform,platform_scene-1/Tile Map/2_-39_layer_Tile Map_tile_2_-39_source_1_atlas_2_0
211.478,landed,49.8561935424805,-711.067504882812,-30.0,0.0,land,surface_wood_impact_0.75674102783203
211.495,jump_executed,49.8561935424805,-711.067504882812,-30.0,-500.0,jump,x_49.8561935424805_y_-711.067504882812
211.502,musicking,48.7997169494629,-719.409057617188,-63.3333320617676,-500.055541992188,osc_received,"value_[1, ""chain-jumps""]"
211.894,jump_input_released,-13.5891799926758,-817.648864746094,-180.0,-16.6665554046631,Jump,released
211.928,jump_peak_reached,-19.5891799926758,-817.857177734375,-180.0,41.2038154602051,jump_peak,x_-19.5891799926758_y_-817.857177734375
211.995,move_right_pressed,-24.4225120544434,-811.406555175781,15.0,189.351959228516,Move_Right,pressed
212.029,platform_landed,-22.9225311279297,-801.066711425781,45.0,0.0,land_on_platform,platform_scene-1/Tile Map/-2_-44_layer_Tile Map_tile_-2_-44_source_1_atlas_2_0
212.029,landed,-22.9225311279297,-801.066711425781,45.0,0.0,land,surface_wood_impact_0.52685205078125
212.077,jump_input_pressed,-19.7558650970459,-801.066711425781,145.0,0.0,Jump,pressed
212.078,jump_executed,-19.7558650970459,-801.066711425781,145.0,-500.0,jump,x_-19.7558650970459_y_-801.066711425781
212.086,musicking,-17.3370265960693,-809.408447265625,145.0,-500.055541992188,osc_received,"value_[1, ""chain-jumps""]"
212.428,jump_input_released,42.2463073730469,-904.797302246094,180.0,-75.3332214355469,Jump,released
212.51,jump_peak_reached,57.2463073730469,-907.602783203125,180.0,45.0371475219727,jump_peak,x_57.2463073730469_y_-907.602783203125
212.778,jump_input_pressed,105.246307373047,-821.518798828125,180.0,637.629821777344,Jump,pressed
212.779,platform_landed,108.252861022949,-816.045959472656,180.0,0.0,land_on_platform,platform_scene-1/Tile Map/5_-45_layer_Tile Map_tile_5_-45_source_1_atlas_13_6
212.779,landed,108.252861022949,-816.045959472656,180.0,0.0,land,surface_wood_impact_1.27525964355469
212.78,musicking,108.252861022949,-816.045959472656,180.0,0.0,osc_received,"value_[1, ""water-tube""]"
212.794,jump_executed,108.252861022949,-816.045959472656,180.0,-500.0,jump,x_108.252861022949_y_-816.045959472656
212.802,musicking,111.255470275879,-824.387451171875,180.0,-500.055541992188,osc_received,"value_[1, ""chain-jumps""]"
213.195,jump_input_released,180.255477905273,-922.627258300781,180.0,-16.6665554046631,Jump,released
213.228,jump_peak_reached,186.255477905273,-922.835571289062,180.0,41.2038154602051,jump_peak,x_186.255477905273_y_-922.835571289062
213.446,move_right_pressed,200.088821411133,-865.759948730469,15.0,522.685363769531,Move_Right,pressed
213.494,jump_input_pressed,201.588821411133,-837.773803710938,60.0,633.796508789062,Jump,pressed
213.512,platform_landed,203.838821411133,-819.067077636719,75.0,0.0,land_on_platform,platform_scene-1/Tile Map/11_-45_layer_Tile Map_tile_11_-45_source_1_atlas_14_7
213.512,landed,203.838821411133,-819.067077636719,75.0,0.0,land,surface_wood_impact_1.34166711425781
213.514,musicking,203.838821411133,-819.067077636719,75.0,0.0,osc_received,"value_[1, ""cloud""]"
213.528,jump_executed,203.838821411133,-819.067077636719,75.0,-500.0,jump,x_203.838821411133_y_-819.067077636719
213.537,musicking,205.64599609375,-827.408813476562,108.333335876465,-500.055541992188,osc_received,"value_[1, ""chain-jumps""]"
213.544,musicking,207.701553344727,-835.397705078125,123.333335876465,-479.333312988281,osc_received,"value_[1, ""platform_pan_nav""]"
213.946,jump_input_released,275.368225097656,-925.949523925781,180.0,2.77788853645325,Jump,released
213.961,jump_peak_reached,278.368225097656,-925.903198242188,180.0,39.8149261474609,jump_peak,x_278.368225097656_y_-925.903198242188
214.261,jump_input_pressed,316.201568603516,-819.514282226562,0.0,706.481689453125,Jump,pressed
214.261,platform_landed,316.201568603516,-816.915588378906,0.0,0.0,land_on_platform,platform_scene-1/Tile Map/17_-45_layer_Tile Map_tile_17_-45_source_1_atlas_14_6
214.261,landed,316.201568603516,-816.915588378906,0.0,0.0,land,surface_wood_impact_1.41296337890625
214.261,musicking,316.201568603516,-816.915588378906,0.0,0.0,osc_received,"value_[1, ""water-tube""]"
214.28,jump_executed,316.201568603516,-816.915588378906,0.0,-500.0,jump,x_316.201568603516_y_-816.915588378906
214.28,move_right_pressed,316.201568603516,-816.915588378906,33.3333320617676,-500.0,Move_Right,pressed
214.285,musicking,316.759368896484,-825.283569335938,33.3333320617676,-500.055541992188,osc_received,"value_[1, ""chain-jumps""]"
214.663,jump_input_released,372.009246826172,-922.898376464844,180.0,-36.1665573120117,Jump,released
214.711,jump_peak_reached,381.009246826172,-923.6650390625,180.0,42.5371475219727,jump_peak,x_381.009246826172_y_-923.6650390625
214.862,platform_landed,411.009246826172,-891.06689453125,180.0,0.0,land_on_platform,platform_scene-1/Tile Map/22_-49_layer_Tile Map_tile_22_-49_source_1_atlas_2_0
214.862,landed,411.009246826172,-891.06689453125,180.0,0.0,land,surface_wood_impact_0.75174102783203
214.896,jump_input_pressed,414.009246826172,-891.06689453125,96.6666641235352,0.0,Jump,pressed
214.896,jump_executed,414.009246826172,-891.06689453125,96.6666641235352,-500.0,jump,x_414.009246826172_y_-891.06689453125
214.903,musicking,415.621826171875,-899.408813476562,96.6666641235352,-500.055541992188,osc_received,"value_[1, ""chain-jumps""]"
214.962,move_left_pressed,415.844055175781,-922.343078613281,-15.0,-417.22216796875,Move_Left,pressed
215.31,jump_input_released,369.344055175781,-997.949523925781,-180.0,2.77788853645325,Jump,released
215.328,jump_peak_reached,366.344055175781,-997.903198242188,-180.0,39.8149261474609,jump_peak,x_366.344055175781_y_-997.903198242188
215.43,move_right_pressed,361.510711669922,-984.662475585938,15.0,262.037139892578,Move_Right,pressed
215.494,jump_input_pressed,364.010711669922,-963.489624023438,75.0,410.185333251953,Jump,pressed
215.495,platform_landed,365.233276367188,-960.096740722656,75.0,0.0,land_on_platform,platform_scene-1/Tile Map/20_-53_layer_Tile Map_tile_20_-53_source_1_atlas_14_6
215.495,landed,365.233276367188,-960.096740722656,75.0,0.0,land,surface_wood_impact_0.82037066650391
215.495,musicking,365.233276367188,-960.096740722656,75.0,0.0,osc_received,"value_[1, ""water-tube""]"
215.511,jump_executed,365.233276367188,-960.096740722656,75.0,-500.0,jump,x_365.233276367188_y_-960.096740722656
215.519,musicking,367.040466308594,-968.438537597656,108.333335876465,-500.055541992188,osc_received,"value_[1, ""chain-jumps""]"
215.944,jump_peak_reached,439.762634277344,-1066.93286132812,180.0,39.8149261474609,jump_peak,x_439.762634277344_y_-1066.93286132812
215.944,jump_input_released,439.762634277344,-1066.93286132812,180.0,39.8149261474609,Jump,released
216.196,move_right_pressed,468.595977783203,-992.164306640625,15.0,595.370544433594,Move_Right,pressed
216.212,platform_landed,469.352233886719,-981.074768066406,30.0,0.0,land_on_platform,platform_scene-1/Tile Map/26_-54_layer_Tile Map_tile_26_-54_source_1_atlas_2_0
216.212,landed,469.352233886719,-981.074768066406,30.0,0.0,land,surface_wood_impact_1.26481518554687
216.278,jump_input_pressed,474.185546875,-981.074768066406,163.33332824707,0.0,Jump,pressed
216.278,jump_executed,474.185546875,-981.074768066406,163.33332824707,-500.0,jump,x_474.185546875_y_-981.074768066406
216.286,musicking,476.908081054688,-989.410034179688,163.33332824707,-500.055541992188,osc_received,"value_[1, ""chain-jumps""]"
216.661,jump_input_released,542.880310058594,-1087.02478027344,180.0,-36.1665573120117,Jump,released
216.711,jump_peak_reached,551.880310058594,-1087.79138183594,180.0,42.5371475219727,jump_peak,x_551.880310058594_y_-1087.79138183594
216.911,platform_landed,590.882690429688,-1032.05017089844,180.0,0.0,land_on_platform,platform_scene-1/Tile Map/32_-57_layer_Tile Map_tile_32_-57_source_1_atlas_13_6
216.911,landed,590.882690429688,-1032.05017089844,180.0,0.0,land,surface_wood_impact_0.97396331787109
216.911,musicking,590.882690429688,-1032.05017089844,180.0,0.0,osc_received,"value_[1, ""water-tube""]"
216.93,jump_input_pressed,590.882690429688,-1032.05017089844,180.0,0.0,Jump,pressed
216.93,jump_executed,590.882690429688,-1032.05017089844,180.0,-500.0,jump,x_590.882690429688_y_-1032.05017089844
216.931,musicking,593.885314941406,-1040.39172363281,180.0,-500.055541992188,osc_received,"value_[1, ""chain-jumps""]"
216.952,musicking,596.885314941406,-1048.38061523438,180.0,-479.333312988281,osc_received,"value_[1, ""platform_pan_nav""]"
217.327,jump_input_released,661.496398925781,-1138.63146972656,13.3333311080933,-16.6665554046631,Jump,released
217.347,move_left_pressed,661.718627929688,-1138.90930175781,-1.66666889190674,4.16677808761597,Move_Left,pressed
217.361,jump_peak_reached,661.690856933594,-1138.83984375,-16.6666679382324,41.2038154602051,jump_peak,x_661.690856933594_y_-1138.83984375
217.561,platform_landed,638.885375976562,-1089.06726074219,-180.0,0.0,land_on_platform,platform_scene-1/Tile Map/35_-60_layer_Tile Map_tile_35_-60_source_1_atlas_1_0
217.561,landed,638.885375976562,-1089.06726074219,-180.0,0.0,land,surface_wood_impact_0.97129663085938
217.577,jump_input_pressed,638.885375976562,-1089.06726074219,-180.0,0.0,Jump,pressed
217.578,jump_executed,638.885375976562,-1089.06726074219,-180.0,-500.0,jump,x_638.885375976562_y_-1089.06726074219
217.579,musicking,635.882995605469,-1097.40808105469,-180.0,-500.055541992188,osc_received,"value_[1, ""chain-jumps""]"
217.945,jump_input_released,572.882995605469,-1194.07287597656,-180.0,-55.722110748291,Jump,released
218.011,jump_peak_reached,560.882995605469,-1195.70434570312,-180.0,43.8149261474609,jump_peak,x_560.882995605469_y_-1195.70434570312
218.213,platform_landed,553.049682617188,-1143.02172851562,0.0,0.0,land_on_platform,platform_scene-1/Tile Map/30_-63_layer_Tile Map_tile_30_-63_source_1_atlas_1_0
218.213,landed,553.049682617188,-1143.02172851562,0.0,0.0,land,surface_wood_impact_0.97651885986328
223.086,move_right_pressed,553.049682617188,-1143.02172851562,33.3333320617676,0.0,Move_Right,pressed
223.162,musicking,561.382995605469,-1143.06884765625,166.666656494141,0.0,osc_received,"value_[1, ""chain-jumps-combo""]"
223.202,jump_input_pressed,567.382995605469,-1143.06884765625,180.0,0.0,Jump,pressed
223.202,jump_executed,567.382995605469,-1143.06884765625,180.0,-500.0,jump,x_567.382995605469_y_-1143.06884765625
223.638,jump_peak_reached,645.384948730469,-1249.90295410156,96.6666641235352,39.8149261474609,jump_peak,x_645.384948730469_y_-1249.90295410156
223.769,jump_input_released,647.21826171875,-1227.31030273438,0.0,336.111236572266,Jump,released
224.003,platform_landed,647.21826171875,-1089.03918457031,0.0,0.0,land_on_platform,platform_scene-1/Tile Map/35_-60_layer_Tile Map_tile_35_-60_source_1_atlas_1_0
224.003,landed,647.21826171875,-1089.03918457031,0.0,0.0,land,surface_wood_impact_1.709259765625
224.436,move_left_pressed,647.21826171875,-1089.03918457031,-33.3333320617676,0.0,Move_Left,pressed
224.452,jump_input_pressed,646.662719726562,-1089.03918457031,-66.6666641235352,0.0,Jump,pressed
224.452,jump_executed,646.662719726562,-1089.03918457031,-66.6666641235352,-500.0,jump,x_646.662719726562_y_-1089.03918457031
224.736,jump_input_released,603.769836425781,-1184.41235351562,-180.0,-154.333221435547,Jump,released
224.836,jump_peak_reached,585.769836425781,-1189.20397949219,-180.0,41.2037048339844,jump_peak,x_585.769836425781_y_-1189.20397949219
225.022,platform_landed,553.9365234375,-1143.06616210938,-13.3333311080933,0.0,land_on_platform,platform_scene-1/Tile Map/30_-63_layer_Tile Map_tile_30_-63_source_1_atlas_1_0
225.022,landed,553.9365234375,-1143.06616210938,-13.3333311080933,0.0,land,surface_wood_impact_0.89722235107422
225.038,move_right_pressed,553.9365234375,-1143.06616210938,20.0000019073486,0.0,Move_Right,pressed
225.112,musicking,561.158752441406,-1143.06616210938,153.333343505859,0.0,osc_received,"value_[1, ""chain-jumps-combo""]"
225.205,move_left_pressed,576.158752441406,-1143.06616210938,63.3333396911621,0.0,Move_Left,pressed
225.388,musicking,555.269897460938,-1143.07470703125,-96.6666641235352,0.0,osc_received,"value_[1, ""chain-jumps-combo""]"
225.421,move_right_pressed,555.047668457031,-1143.07470703125,20.0000019073486,0.0,Move_Right,pressed
225.471,musicking,559.71435546875,-1143.07470703125,120.000007629395,0.0,osc_received,"value_[1, ""chain-jumps-combo""]"
225.586,move_left_pressed,575.880981445312,-1143.07470703125,0.0,0.0,Move_Left,pressed
225.755,musicking,552.547668457031,-1143.07470703125,-180.0,0.0,osc_received,"value_[1, ""chain-jumps-combo""]"
226.503,move_left_pressed,550.71435546875,-1143.07470703125,-33.3333320617676,0.0,Move_Left,pressed
226.536,jump_input_pressed,549.047729492188,-1143.07470703125,-100.0,0.0,Jump,pressed
226.536,jump_executed,549.047729492188,-1143.07470703125,-100.0,-500.0,jump,x_549.047729492188_y_-1143.07470703125
226.836,jump_input_released,499.297424316406,-1241.00634765625,-180.0,-134.499893188477,Jump,released
226.936,jump_peak_reached,482.686309814453,-1245.79797363281,-13.3333311080933,41.2037048339844,jump_peak,x_482.686309814453_y_-1245.79797363281
227.104,move_left_pressed,482.464080810547,-1211.15295410156,-15.0,411.574127197266,Move_Left,pressed
227.121,platform_landed,481.714080810547,-1197.06616210938,-30.0,0.0,land_on_platform,platform_scene-1/Tile Map/26_-66_layer_Tile Map_tile_26_-66_source_1_atlas_1_0
227.122,landed,481.714080810547,-1197.06616210938,-30.0,0.0,land,surface_wood_impact_0.89722235107422
227.161,musicking,479.047424316406,-1197.06616210938,-96.6666641235352,0.0,osc_received,"value_[1, ""platform_pan_nav""]"
227.186,jump_input_pressed,476.880767822266,-1197.06616210938,-163.33332824707,0.0,Jump,pressed
227.186,jump_executed,476.880767822266,-1197.06616210938,-163.33332824707,-500.0,jump,x_476.880767822266_y_-1197.06616210938
227.194,musicking,474.156036376953,-1205.408203125,-163.33332824707,-500.055541992188,osc_received,"value_[1, ""chain-jumps""]"
227.504,jump_input_released,420.183807373047,-1297.26379394531,-180.0,-114.722114562988,Jump,released
227.603,jump_peak_reached,402.183807373047,-1302.05541992188,-180.0,41.2037048339844,jump_peak,x_402.183807373047_y_-1302.05541992188
227.836,platform_landed,382.350463867188,-1233.02526855469,0.0,0.0,land_on_platform,platform_scene-1/Tile Map/21_-68_layer_Tile Map_tile_21_-68_source_1_atlas_15_7
227.836,landed,382.350463867188,-1233.02526855469,0.0,0.0,land,surface_wood_impact_1.11944458007812
227.837,musicking,382.350463867188,-1233.02526855469,0.0,0.0,osc_received,"value_[1, ""cloud""]"
228.003,move_left_pressed,382.350463867188,-1233.02526855469,-33.3333320617676,0.0,Move_Left,pressed
228.069,musicking,374.007019042969,-1233.02526855469,-166.666656494141,0.0,osc_received,"value_[1, ""chain-jumps-combo""]"
228.085,jump_input_pressed,374.007019042969,-1233.02526855469,-180.0,0.0,Jump,pressed
228.085,jump_executed,374.007019042969,-1233.02526855469,-180.0,-500.0,jump,x_374.007019042969_y_-1233.02526855469
228.287,musicking,334.991485595703,-1309.3876953125,-180.0,37.037036895752,osc_received,"value_[1, ""head-bump""]"
228.303,jump_peak_reached,334.991485595703,-1309.3876953125,-180.0,74.0740737915039,jump_peak,x_334.991485595703_y_-1309.3876953125
228.539,platform_landed,292.743041992188,-1232.05810546875,-180.0,0.0,land_on_platform,platform_scene-1/Tile Map/15_-68_layer_Tile Map_tile_15_-68_source_1_atlas_3_0
228.539,landed,292.743041992188,-1232.05810546875,-180.0,0.0,land,surface_wood_impact_1.18518530273438
228.702,jump_input_released,273.599304199219,-1233.00317382812,0.0,0.0,Jump,released
229.02,move_left_pressed,273.599304199219,-1233.00317382812,-33.3333320617676,0.0,Move_Left,pressed
229.136,jump_input_pressed,259.265991210938,-1233.06652832031,-180.0,0.0,Jump,pressed
229.136,jump_executed,259.265991210938,-1233.06652832031,-180.0,-500.0,jump,x_259.265991210938_y_-1233.06652832031
229.345,musicking,220.262283325195,-1309.38549804688,-180.0,37.037036895752,osc_received,"value_[1, ""head-bump""]"
229.352,jump_peak_reached,220.262283325195,-1309.38549804688,-180.0,74.0740737915039,jump_peak,x_220.262283325195_y_-1309.38549804688
229.586,jump_input_released,178.262283325195,-1235.9287109375,-180.0,592.592651367188,Jump,released
229.636,platform_landed,173.428939819336,-1197.025390625,0.0,0.0,land_on_platform,platform_scene-1/Tile Map/9_-66_layer_Tile Map_tile_9_-66_source_1_atlas_1_0
229.636,landed,173.428939819336,-1197.025390625,0.0,0.0,land,surface_wood_impact_1.40740759277344
229.919,jump_input_pressed,173.428939819336,-1197.025390625,0.0,0.0,Jump,pressed
229.919,jump_executed,173.428939819336,-1197.025390625,0.0,-500.0,jump,x_173.428939819336_y_-1197.025390625
229.969,move_left_pressed,173.428939819336,-1221.03698730469,-15.0,-437.833282470703,Move_Left,pressed
230.362,jump_peak_reached,120.928939819336,-1303.89807128906,-96.6666641235352,39.8149261474609,jump_peak,x_120.928939819336_y_-1303.89807128906
230.362,jump_input_released,120.928939819336,-1303.89807128906,-96.6666641235352,39.8149261474609,Jump,released
230.528,platform_landed,119.095603942871,-1269.01721191406,0.0,0.0,land_on_platform,platform_scene-1/Tile Map/6_-70_layer_Tile Map_tile_6_-70_source_1_atlas_1_0
230.529,landed,119.095603942871,-1269.01721191406,0.0,0.0,land,surface_wood_impact_0.82037066650391
230.553,musicking,119.095603942871,-1269.01721191406,0.0,0.0,osc_received,"value_[1, ""platform_pan_nav""]"
230.627,move_left_pressed,119.095603942871,-1269.01721191406,-33.3333320617676,0.0,Move_Left,pressed
230.697,musicking,110.762268066406,-1269.01721191406,-166.666656494141,0.0,osc_received,"value_[1, ""chain-jumps-combo""]"
230.713,jump_input_pressed,110.762268066406,-1269.01721191406,-180.0,0.0,Jump,pressed
230.713,jump_executed,110.762268066406,-1269.01721191406,-180.0,-500.0,jump,x_110.762268066406_y_-1269.01721191406
230.761,move_right_pressed,105.912635803223,-1293.03002929688,1.66666889190674,-437.833282470703,Move_Right,pressed
230.819,musicking,107.384323120117,-1308.22351074219,41.8132247924805,37.3645210266113,osc_received,"value_[1, ""head-bump""]"
230.827,jump_peak_reached,107.384323120117,-1308.22351074219,56.8132247924805,74.4015579223633,jump_peak,x_107.384323120117_y_-1308.22351074219
230.977,platform_landed,120.320510864258,-1269.02770996094,0.0,0.0,land_on_platform,platform_scene-1/Tile Map/6_-70_layer_Tile Map_tile_6_-70_source_1_atlas_1_0
230.977,landed,120.320510864258,-1269.02770996094,0.0,0.0,land,surface_wood_impact_0.81546984863281
231.045,jump_input_released,120.320510864258,-1269.02770996094,0.0,0.0,Jump,released
231.129,move_left_pressed,120.320510864258,-1269.02770996094,-33.3333320617676,0.0,Move_Left,pressed
231.196,musicking,111.987174987793,-1269.02770996094,-166.666656494141,0.0,osc_received,"value_[1, ""chain-jumps-combo""]"
231.228,jump_input_pressed,108.987174987793,-1269.02770996094,-180.0,0.0,Jump,pressed
231.229,jump_executed,108.987174987793,-1269.02770996094,-180.0,-500.0,jump,x_108.987174987793_y_-1269.02770996094
231.246,move_right_pressed,105.973793029785,-1277.39916992188,-96.6666641235352,-479.222198486328,Move_Right,pressed
231.336,musicking,106.721984863281,-1308.23156738281,55.1242218017578,37.5291938781738,osc_received,"value_[1, ""head-bump""]"
231.345,jump_peak_reached,106.721984863281,-1308.23156738281,70.1242218017578,74.5662307739258,jump_peak,x_106.721984863281_y_-1308.23156738281
231.464,jump_input_released,120.153160095215,-1286.56909179688,175.124221801758,333.825500488281,Jump,released
231.494,platform_landed,127.68660736084,-1269.07067871094,96.6666641235352,0.0,land_on_platform,platform_scene-1/Tile Map/7_-70_layer_Tile Map_tile_7_-70_source_1_atlas_3_0
231.494,landed,127.68660736084,-1269.07067871094,96.6666641235352,0.0,land,surface_wood_impact_0.81579919433594
231.56,move_left_pressed,127.908828735352,-1269.07067871094,-33.3333320617676,0.0,Move_Left,pressed
231.645,jump_input_pressed,119.575492858887,-1269.07067871094,-180.0,0.0,Jump,pressed
231.645,jump_executed,119.575492858887,-1269.07067871094,-180.0,-500.0,jump,x_119.575492858887_y_-1269.07067871094
231.711,move_right_pressed,107.57405090332,-1300.34313964844,-81.6666641235352,-417.22216796875,Move_Right,pressed
231.753,musicking,106.323204040527,-1308.50463867188,10.1461067199707,20.7740077972412,osc_received,"value_[1, ""head-bump""]"
231.761,jump_peak_reached,106.323204040527,-1308.50463867188,25.1461067199707,57.8110466003418,jump_peak,x_106.323204040527_y_-1308.50463867188
231.91,jump_input_released,119.095146179199,-1277.61071777344,160.146102905273,391.144409179688,Jump,released
231.93,platform_landed,124.68335723877,-1269.06628417969,175.146102905273,0.0,land_on_platform,platform_scene-1/Tile Map/6_-70_layer_Tile Map_tile_6_-70_source_1_atlas_1_0
231.93,landed,124.68335723877,-1269.06628417969,175.146102905273,0.0,land,surface_wood_impact_0.85636291503906
232.011,move_left_pressed,132.516708374023,-1269.06628417969,-20.0000019073486,0.0,Move_Left,pressed
232.128,jump_input_pressed,119.294494628906,-1269.06628417969,-180.0,0.0,Jump,pressed
232.128,jump_executed,119.294494628906,-1269.06628417969,-180.0,-500.0,jump,x_119.294494628906_y_-1269.06628417969
232.178,move_right_pressed,110.291809082031,-1293.04125976562,-96.6666641235352,-437.833282470703,Move_Right,pressed
232.236,musicking,112.172348022461,-1309.53930664062,124.889129638672,-7.8351879119873,osc_received,"value_[1, ""head-bump""]"
232.261,jump_peak_reached,114.503829956055,-1309.32263183594,154.889129638672,50.0351829528809,jump_peak,x_114.503829956055_y_-1309.32263183594
232.379,jump_input_released,134.916793823242,-1290.52233886719,180.0,309.294464111328,Jump,released
232.429,platform_landed,145.527908325195,-1269.06713867188,96.6666641235352,0.0,land_on_platform,platform_scene-1/Tile Map/7_-70_layer_Tile Map_tile_7_-70_source_1_atlas_3_0
232.429,landed,145.527908325195,-1269.06713867188,96.6666641235352,0.0,land,surface_wood_impact_0.84081121826172
232.446,move_left_pressed,145.527908325195,-1269.06713867188,0.0,0.0,Move_Left,pressed
232.562,jump_input_pressed,134.194564819336,-1269.06359863281,-180.0,0.0,Jump,pressed
232.562,jump_executed,134.194564819336,-1269.06359863281,-180.0,-500.0,jump,x_134.194564819336_y_-1269.06359863281
232.678,musicking,114.127212524414,-1326.12768554688,0.0,-356.166595458984,osc_received,"value_[1, ""head-bump""]"
232.696,move_right_pressed,114.127212524414,-1326.12768554688,0.0,-335.333251953125,Move_Right,pressed
232.702,musicking,114.127212524414,-1331.72485351562,0.0,-335.833251953125,osc_received,"value_[1, ""head-bump""]"
232.713,musicking,114.37727355957,-1336.98547363281,15.0,-315.555450439453,osc_received,"value_[1, ""head-bump""]"
232.895,jump_input_released,130.62727355957,-1371.19384765625,180.0,-94.9998931884766,Jump,released
232.996,jump_peak_reached,144.46061706543,-1375.48547363281,0.0,46.2038116455078,jump_peak,x_144.46061706543_y_-1375.48547363281
233.145,move_left_pressed,144.46061706543,-1346.33264160156,-15.0,379.537170410156,Move_Left,pressed
233.279,platform_landed,134.849502563477,-1269.06616210938,-36.6666679382324,0.0,land_on_platform,platform_scene-1/Tile Map/7_-70_layer_Tile Map_tile_7_-70_source_1_atlas_3_0
233.279,landed,134.849502563477,-1269.06616210938,-36.6666679382324,0.0,land,surface_wood_impact_1.35166711425781
233.378,jump_input_pressed,134.849502563477,-1269.06616210938,0.0,0.0,Jump,pressed
233.379,jump_executed,134.849502563477,-1269.06616210938,0.0,-500.0,jump,x_134.849502563477_y_-1269.06616210938
233.394,jump_peak_reached,134.849502563477,-1277.40893554688,0.0,-479.222198486328,jump_peak,x_134.849502563477_y_-1277.40893554688
233.462,move_left_pressed,134.849502563477,-1307.30151367188,-15.0,-396.666595458984,Move_Left,pressed
233.711,jump_input_released,106.349502563477,-1371.19506835938,-180.0,-94.9998931884766,Jump,released
233.977,platform_landed,83.5161666870117,-1338.00134277344,0.0,0.0,land_on_platform,platform_scene-1/Tile Map/4_-74_layer_Tile Map_tile_4_-74_source_1_atlas_13_6
233.977,landed,83.5161666870117,-1338.00134277344,0.0,0.0,land,surface_wood_impact_0.8331484375
233.986,musicking,83.5161666870117,-1338.00134277344,0.0,0.0,osc_received,"value_[1, ""water-tube""]"
234.128,move_left_pressed,83.5161666870117,-1338.00134277344,-33.3333320617676,0.0,Move_Left,pressed
234.262,move_right_pressed,70.3496856689453,-1338.04772949219,20.0000019073486,0.0,Move_Right,pressed
234.477,jump_input_pressed,101.025970458984,-1339.44494628906,180.0,0.0,Jump,pressed
234.477,jump_executed,101.025970458984,-1339.44494628906,180.0,-500.0,jump,x_101.025970458984_y_-1339.44494628906
234.846,jump_input_released,167.025970458984,-1444.44396972656,180.0,-55.722110748291,Jump,released
234.912,jump_peak_reached,179.025970458984,-1446.07543945312,180.0,43.8149261474609,jump_peak,x_179.025970458984_y_-1446.07543945312
235.197,jump_input_pressed,230.025970458984,-1349.71057128906,180.0,673.444641113281,Jump,pressed
235.215,platform_landed,236.039459228516,-1338.04418945312,180.0,0.0,land_on_platform,platform_scene-1/Tile Map/13_-74_layer_Tile Map_tile_13_-74_source_1_atlas_13_6
235.215,landed,236.039459228516,-1338.04418945312,180.0,0.0,land,surface_wood_impact_1.42096337890625
235.219,musicking,236.039459228516,-1338.04418945312,180.0,0.0,osc_received,"value_[1, ""water-tube""]"
235.227,jump_executed,236.039459228516,-1338.04418945312,180.0,-500.0,jump,x_236.039459228516_y_-1338.04418945312
235.227,musicking,239.048141479492,-1346.40258789062,180.0,-500.055541992188,osc_received,"value_[1, ""chain-jumps""]"
235.579,jump_input_released,299.048156738281,-1441.79150390625,180.0,-75.3332214355469,Jump,released
235.661,jump_peak_reached,314.048156738281,-1444.59704589844,180.0,45.0371475219727,jump_peak,x_314.048156738281_y_-1444.59704589844
235.761,platform_landed,335.178863525391,-1428.94885253906,180.0,0.0,land_on_platform,platform_scene-1/Tile Map/18_-79_layer_Tile Map_tile_18_-79_source_1_atlas_14_6
235.761,landed,335.178863525391,-1428.94885253906,180.0,0.0,land,surface_wood_impact_0.53451873779297
235.762,musicking,335.178863525391,-1428.94885253906,180.0,0.0,osc_received,"value_[1, ""water-tube""]"
235.796,move_left_pressed,336.789978027344,-1428.04650878906,0.0,0.0,Move_Left,pressed
235.796,jump_input_pressed,336.789978027344,-1428.04650878906,0.0,0.0,Jump,pressed
235.796,jump_executed,336.789978027344,-1428.04650878906,0.0,-500.0,jump,x_336.789978027344_y_-1428.04650878906
235.802,musicking,336.789978027344,-1436.44580078125,0.0,-500.055541992188,osc_received,"value_[1, ""chain-jumps""]"
236.228,jump_peak_reached,278.289978027344,-1534.94018554688,-180.0,39.8149261474609,jump_peak,x_278.289978027344_y_-1534.94018554688
236.379,jump_input_released,251.289978027344,-1506.74572753906,-180.0,373.148284912109,Jump,released
236.429,platform_landed,239.259033203125,-1482.09692382812,-180.0,0.0,land_on_platform,platform_scene-1/Tile Map/13_-82_layer_Tile Map_tile_13_-82_source_1_atlas_14_6
236.429,landed,239.259033203125,-1482.09692382812,-180.0,0.0,land,surface_wood_impact_0.96851885986328
236.437,musicking,239.259033203125,-1482.09692382812,-180.0,0.0,osc_received,"value_[1, ""water-tube""]"
236.445,move_right_pressed,239.259033203125,-1482.09692382812,-63.3333396911621,0.0,Move_Right,pressed
236.48,jump_input_pressed,238.203414916992,-1482.09692382812,33.3333320617676,0.0,Jump,pressed
236.48,jump_executed,238.203414916992,-1482.09692382812,33.3333320617676,-500.0,jump,x_238.203414916992_y_-1482.09692382812
236.486,musicking,238.759002685547,-1490.431640625,33.3333320617676,-500.055541992188,osc_received,"value_[1, ""chain-jumps""]"
236.911,jump_peak_reached,303.009033203125,-1588.92602539062,180.0,39.8149261474609,jump_peak,x_303.009033203125_y_-1588.92602539062
237.062,jump_input_released,330.009033203125,-1560.73156738281,180.0,373.148284912109,Jump,released
237.113,platform_landed,342.040435791016,-1536.07080078125,180.0,0.0,land_on_platform,platform_scene-1/Tile Map/18_-85_layer_Tile Map_tile_18_-85_source_1_atlas_14_6
237.113,landed,342.040435791016,-1536.07080078125,180.0,0.0,land,surface_wood_impact_0.96851885986328
237.121,musicking,342.040435791016,-1536.07080078125,180.0,0.0,osc_received,"value_[1, ""water-tube""]"
237.131,move_left_pressed,342.040435791016,-1536.07080078125,63.3333396911621,0.0,Move_Left,pressed
237.163,jump_input_pressed,343.096008300781,-1536.07080078125,-33.3333320617676,0.0,Jump,pressed
237.163,jump_executed,343.096008300781,-1536.07080078125,-33.3333320617676,-500.0,jump,x_343.096008300781_y_-1536.07080078125
237.169,musicking,342.540313720703,-1544.40698242188,-33.3333320617676,-500.055541992188,osc_received,"value_[1, ""chain-jumps""]"
237.595,jump_peak_reached,278.290435791016,-1642.9013671875,-180.0,39.8149261474609,jump_peak,x_278.290435791016_y_-1642.9013671875
237.713,jump_input_released,257.290435791016,-1625.29333496094,-180.0,299.074188232422,Jump,released
237.796,platform_landed,242.498718261719,-1590.67590332031,-13.3333311080933,0.0,land_on_platform,platform_scene-1/Tile Map/13_-88_layer_Tile Map_tile_13_-88_source_1_atlas_14_6
237.796,landed,242.498718261719,-1590.67590332031,-13.3333311080933,0.0,land,surface_wood_impact_0.96851885986328
237.797,musicking,242.498718261719,-1590.67590332031,-13.3333311080933,0.0,osc_received,"value_[1, ""water-tube""]"
237.811,move_right_pressed,242.498718261719,-1590.67590332031,20.0000019073486,0.0,Move_Right,pressed
237.828,jump_input_pressed,242.832046508789,-1590.67590332031,53.3333358764648,0.0,Jump,pressed
237.828,jump_executed,242.832046508789,-1590.67590332031,53.3333358764648,-500.0,jump,x_242.832046508789_y_-1590.67590332031
237.828,musicking,243.724075317383,-1599.03967285156,53.3333358764648,-500.055541992188,osc_received,"value_[1, ""chain-jumps""]"
238.262,jump_peak_reached,310.835174560547,-1697.53405761719,180.0,39.8149261474609,jump_peak,x_310.835174560547_y_-1697.53405761719
238.377,jump_input_released,331.835174560547,-1679.92602539062,180.0,299.074188232422,Jump,released
238.465,platform_landed,339.668518066406,-1644.03820800781,0.0,0.0,land_on_platform,platform_scene-1/Tile Map/18_-91_layer_Tile Map_tile_18_-91_source_1_atlas_14_6
238.465,landed,339.668518066406,-1644.03820800781,0.0,0.0,land,surface_wood_impact_0.96851885986328
238.469,musicking,339.668518066406,-1644.03820800781,0.0,0.0,osc_received,"value_[1, ""water-tube""]"
238.478,move_left_pressed,339.668518066406,-1644.03820800781,-33.3333320617676,0.0,Move_Left,pressed
238.527,jump_input_pressed,336.365936279297,-1644.17004394531,-133.33332824707,0.0,Jump,pressed
238.527,jump_executed,336.365936279297,-1644.17004394531,-133.33332824707,-500.0,jump,x_336.365936279297_y_-1644.17004394531
238.528,musicking,334.139434814453,-1652.52038574219,-133.33332824707,-500.055541992188,osc_received,"value_[1, ""chain-jumps""]"
238.961,jump_peak_reached,259.972747802734,-1751.01477050781,-180.0,39.8149261474609,jump_peak,x_259.972747802734_y_-1751.01477050781
239.047,jump_input_released,244.972747802734,-1741.52404785156,-180.0,225.000106811523,Jump,released
239.13,move_right_pressed,234.139404296875,-1716.60119628906,1.66666889190674,410.185333251953,Move_Right,pressed
239.162,platform_landed,235.000335693359,-1698.06860351562,31.6666679382324,0.0,land_on_platform,platform_scene-1/Tile Map/13_-94_layer_Tile Map_tile_13_-94_source_1_atlas_14_6
239.162,landed,235.000335693359,-1698.06860351562,31.6666679382324,0.0,land,surface_wood_impact_0.96851885986328
239.169,musicking,235.000335693359,-1698.06860351562,31.6666679382324,0.0,osc_received,"value_[1, ""water-tube""]"
239.179,jump_input_pressed,235.000335693359,-1698.06860351562,65.0,0.0,Jump,pressed
239.179,jump_executed,235.000335693359,-1698.06860351562,65.0,-500.0,jump,x_235.000335693359_y_-1698.06860351562
239.186,musicking,236.084136962891,-1706.40649414062,65.0,-500.055541992188,osc_received,"value_[1, ""chain-jumps""]"
239.611,jump_peak_reached,304.667449951172,-1804.90087890625,180.0,39.8149261474609,jump_peak,x_304.667449951172_y_-1804.90087890625
239.761,jump_input_released,331.667449951172,-1776.70642089844,180.0,373.148284912109,Jump,released
239.794,move_left_pressed,337.667449951172,-1763.65087890625,81.6666641235352,447.222381591797,Move_Left,pressed
239.812,platform_landed,339.028564453125,-1752.03552246094,0.0,0.0,land_on_platform,platform_scene-1/Tile Map/18_-97_layer_Tile Map_tile_18_-97_source_1_atlas_14_6
239.812,landed,339.028564453125,-1752.03552246094,0.0,0.0,land,surface_wood_impact_0.96851885986328
239.819,musicking,339.028564453125,-1752.03552246094,0.0,0.0,osc_received,"value_[1, ""water-tube""]"
239.879,jump_input_pressed,335.874664306641,-1752.44970703125,-133.33332824707,0.0,Jump,pressed
239.879,jump_executed,335.874664306641,-1752.44970703125,-133.33332824707,-500.0,jump,x_335.874664306641_y_-1752.44970703125
239.886,musicking,333.652435302734,-1760.78393554688,-133.33332824707,-500.055541992188,osc_received,"value_[1, ""chain-jumps""]"
239.961,move_right_pressed,322.485748291016,-1790.67651367188,-96.6666641235352,-396.666595458984,Move_Right,pressed
240.288,jump_input_released,358.374633789062,-1859.32458496094,180.0,2.77788853645325,Jump,released
240.303,jump_peak_reached,361.374633789062,-1859.2783203125,96.6666641235352,39.8149261474609,jump_peak,x_361.374633789062_y_-1859.2783203125
240.336,move_left_pressed,363.207977294922,-1857.33386230469,-1.66666889190674,113.889007568359,Move_Left,pressed
240.455,platform_landed,355.985809326172,-1827.06628417969,-106.66667175293,0.0,land_on_platform,platform_scene-1/Tile Map/19_-101_layer_Tile Map_tile_19_-101_source_1_atlas_1_4
240.456,landed,355.985809326172,-1827.06628417969,-106.66667175293,0.0,land,surface_wood_impact_0.74629656982422
240.471,musicking,353.652465820312,-1827.06628417969,-140.0,0.0,osc_received,"value_[1, ""platform_pan_nav""]"
240.486,jump_input_pressed,353.652465820312,-1827.06628417969,-173.33332824707,0.0,Jump,pressed
240.486,jump_executed,353.652465820312,-1827.06628417969,-173.33332824707,-500.0,jump,x_353.652465820312_y_-1827.06628417969
240.496,musicking,350.760955810547,-1835.40808105469,-173.33332824707,-500.055541992188,osc_received,"value_[1, ""chain-jumps""]"
240.919,jump_peak_reached,275.760955810547,-1933.90246582031,-180.0,39.8149261474609,jump_peak,x_275.760955810547_y_-1933.90246582031
240.953,jump_input_released,269.760955810547,-1931.9580078125,-180.0,113.889007568359,Jump,released
241.069,move_right_pressed,252.927612304688,-1905.7080078125,1.66666889190674,373.148284912109,Move_Right,pressed
241.153,platform_landed,254.538696289062,-1863.02331542969,0.0,0.0,land_on_platform,platform_scene-1/Tile Map/14_-103_layer_Tile Map_tile_14_-103_source_1_atlas_3_4
241.153,landed,254.538696289062,-1863.02331542969,0.0,0.0,land,surface_wood_impact_1.1166669921875
241.171,move_left_pressed,254.538696289062,-1863.02331542969,-33.3333320617676,0.0,Move_Left,pressed
241.171,jump_input_pressed,254.538696289062,-1863.02331542969,-33.3333320617676,0.0,Jump,pressed
241.171,jump_executed,254.538696289062,-1863.02331542969,-33.3333320617676,-500.0,jump,x_254.538696289062_y_-1863.02331542969
241.177,musicking,253.980102539062,-1871.40319824219,-33.3333320617676,-500.055541992188,osc_received,"value_[1, ""chain-jumps""]"
241.603,jump_peak_reached,199.896743774414,-1969.89758300781,15.0,39.8149261474609,jump_peak,x_199.896743774414_y_-1969.89758300781
241.603,move_right_pressed,199.896743774414,-1969.89758300781,15.0,39.8149261474609,Move_Right,pressed
241.619,jump_input_released,200.146743774414,-1969.23400878906,30.0,76.8519668579102,Jump,released
241.753,move_left_pressed,209.507858276367,-1941.703125,0.0,373.148284912109,Move_Left,pressed
241.803,platform_landed,208.007858276367,-1917.06677246094,-45.0,0.0,land_on_platform,platform_scene-1/Tile Map/11_-106_layer_Tile Map_tile_11_-106_source_1_atlas_15_7
241.803,landed,208.007858276367,-1917.06677246094,-45.0,0.0,land,surface_wood_impact_0.96851885986328
241.804,musicking,208.007858276367,-1917.06677246094,-45.0,0.0,osc_received,"value_[1, ""cloud""]"
241.821,jump_input_pressed,208.007858276367,-1917.06677246094,-78.3333358764648,0.0,Jump,pressed
241.821,jump_executed,208.007858276367,-1917.06677246094,-78.3333358764648,-500.0,jump,x_208.007858276367_y_-1917.06677246094
241.822,musicking,206.701095581055,-1925.40881347656,-78.3333358764648,-500.055541992188,osc_received,"value_[1, ""chain-jumps""]"
241.888,move_right_pressed,202.923309326172,-1948.34301757812,0.0,-417.22216796875,Move_Right,pressed
242.035,move_left_pressed,211.923309326172,-1998.74584960938,21.6666660308838,-234.222106933594,Move_Left,pressed
242.253,jump_peak_reached,195.784423828125,-2023.90319824219,-180.0,39.8149261474609,jump_peak,x_195.784423828125_y_-2023.90319824219
242.42,platform_landed,162.784423828125,-1989.06701660156,-180.0,0.0,land_on_platform,platform_scene-1/Tile Map/8_-110_layer_Tile Map_tile_8_-110_source_1_atlas_2_4
242.42,landed,162.784423828125,-1989.06701660156,-180.0,0.0,land,surface_wood_impact_0.82037066650391
242.437,jump_input_released,162.784423828125,-1989.06701660156,-180.0,0.0,Jump,released
243.02,move_left_pressed,151.951080322266,-1989.07470703125,-33.3333320617676,0.0,Move_Left,pressed
244.154,move_right_pressed,-45.382266998291,-1989.07470703125,-63.3333396911621,0.0,Move_Right,pressed
245.369,jump_input_pressed,159.932250976562,-1989.07470703125,180.0,0.0,Jump,pressed
245.369,jump_executed,159.932250976562,-1989.07470703125,180.0,-500.0,jump,x_159.932250976562_y_-1989.07470703125
245.803,jump_peak_reached,237.932601928711,-2095.90454101562,180.0,39.8149261474609,jump_peak,x_237.932601928711_y_-2095.90454101562
246.105,platform_landed,294.9326171875,-1989.06726074219,180.0,0.0,land_on_platform,platform_scene-1/Tile Map/16_-110_layer_Tile Map_tile_16_-110_source_1_atlas_2_4
246.105,landed,294.9326171875,-1989.06726074219,180.0,0.0,land,surface_wood_impact_1.41296337890625
246.488,jump_input_released,360.936981201172,-1989.07470703125,180.0,0.0,Jump,released
247.921,move_right_pressed,587.778015136719,-1989.07470703125,33.3333320617676,0.0,Move_Right,pressed
248.269,platform_landed,627.954956054688,-1914.04760742188,0.0,0.0,land_on_platform,platform_scene-1/Tile Map/34_-106_layer_Tile Map_tile_34_-106_source_1_atlas_14_6
248.27,landed,627.954956054688,-1914.04760742188,0.0,0.0,land,surface_wood_impact_1.18518530273438
248.27,musicking,627.954956054688,-1914.04760742188,0.0,0.0,osc_received,"value_[1, ""water-tube""]"
248.453,move_right_pressed,627.954956054688,-1914.04760742188,33.3333320617676,0.0,Move_Right,pressed
248.469,jump_input_pressed,628.510803222656,-1914.08618164062,66.6666641235352,0.0,Jump,pressed
248.469,jump_executed,628.510803222656,-1914.08618164062,66.6666641235352,-500.0,jump,x_628.510803222656_y_-1914.08618164062
248.804,jump_input_released,680.400146484375,-2016.21154785156,180.0,-94.9998931884766,Jump,released
248.904,jump_peak_reached,698.400146484375,-2020.50317382812,180.0,46.2038116455078,jump_peak,x_698.400146484375_y_-2020.50317382812
249.054,platform_landed,728.400146484375,-1989.06665039062,180.0,0.0,land_on_platform,platform_scene-1/Tile Map/40_-110_layer_Tile Map_tile_40_-110_source_1_atlas_2_4
249.054,landed,728.400146484375,-1989.06665039062,180.0,0.0,land,surface_wood_impact_0.75907434082031
250.32,move_left_pressed,949.233459472656,-1989.06665039062,-20.0000019073486,0.0,Move_Left,pressed
251.546,jump_input_pressed,738.01123046875,-1989.06665039062,-180.0,0.0,Jump,pressed
251.546,jump_executed,738.01123046875,-1989.06665039062,-180.0,-500.0,jump,x_738.01123046875_y_-1989.06665039062
251.978,jump_peak_reached,660.008666992188,-2095.90258789062,-180.0,39.8149261474609,jump_peak,x_660.008666992188_y_-2095.90258789062
252.194,move_left_pressed,649.175354003906,-2039.12780761719,-15.0,521.296447753906,Move_Left,pressed
252.363,platform_landed,632.639099121094,-1914.07568359375,-165.0,0.0,land_on_platform,platform_scene-1/Tile Map/35_-106_layer_Tile Map_tile_35_-106_source_1_atlas_14_6
252.363,landed,632.639099121094,-1914.07568359375,-165.0,0.0,land,surface_wood_impact_1.78333386230469
252.369,musicking,632.639099121094,-1914.07568359375,-165.0,0.0,osc_received,"value_[1, ""water-tube""]"
252.529,jump_input_released,624.806030273438,-1914.11376953125,0.0,0.0,Jump,released
252.678,move_left_pressed,624.806030273438,-1914.11376953125,-33.3333320617676,0.0,Move_Left,pressed
252.713,jump_input_pressed,623.413879394531,-1914.66479492188,-100.0,0.0,Jump,pressed
252.713,jump_executed,623.413879394531,-1914.66479492188,-100.0,-500.0,jump,x_623.413879394531_y_-1914.66479492188
252.728,jump_peak_reached,621.747192382812,-1922.9990234375,-115.0,-479.222198486328,jump_peak,x_621.747192382812_y_-1922.9990234375
252.869,musicking,602.074768066406,-1982.57678222656,0.0,-315.555450439453,osc_received,"value_[1, ""head-bump""]"
252.886,musicking,601.824768066406,-1987.4990234375,-15.0,-295.333221435547,osc_received,"value_[1, ""head-bump""]"
253.078,jump_input_released,582.574768066406,-2019.66381835938,-180.0,-55.722110748291,Jump,released
253.296,platform_landed,540.575622558594,-1989.06774902344,-180.0,0.0,land_on_platform,platform_scene-1/Tile Map/29_-110_layer_Tile Map_tile_29_-110_source_1_atlas_2_4
253.296,landed,540.575622558594,-1989.06774902344,-180.0,0.0,land,surface_wood_impact_0.75429656982422
254.862,jump_input_pressed,261.575622558594,-1989.06774902344,-180.0,0.0,Jump,pressed
254.862,jump_executed,261.575622558594,-1989.06774902344,-180.0,-500.0,jump,x_261.575622558594_y_-1989.06774902344
255.295,jump_peak_reached,183.573333740234,-2095.90283203125,-180.0,39.8149261474609,jump_peak,x_183.573333740234_y_-2095.90283203125
255.595,platform_landed,133.739990234375,-1989.01940917969,0.0,0.0,land_on_platform,platform_scene-1/Tile Map/7_-110_layer_Tile Map_tile_7_-110_source_1_atlas_2_4
255.595,landed,133.739990234375,-1989.01940917969,0.0,0.0,land,surface_wood_impact_1.41296337890625
255.628,jump_input_released,133.739990234375,-1989.01940917969,0.0,0.0,Jump,released
259.847,scene_transition,133.739990234375,-1989.01940917969,0.0,0.0,switch,from_res://Scenes/Main/scene-1.tscn_to_res://Scenes/Main/scene-2.tscn
259.847,session_end,133.739990234375,-1989.01940917969,0.0,0.0,,
