timestamp_seconds,event,x,y,velocity_x,velocity_y,action,info
148.535,session_start,392.0,624.0,0.0,0.0,,
148.581,jump_peak_reached,392.0,624.0,0.0,37.037036895752,jump_peak,x_392.0_y_624.0
148.612,platform_landed,392.0,638.988403320312,0.0,0.0,land_on_platform,platform_scene-1/Tile Map/21_36_layer_Tile Map_tile_21_36_source_1_atlas_2_0
148.612,landed,392.0,638.988403320312,0.0,0.0,land,surface_wood_impact_0.51851849365234
149.363,move_left_pressed,392.0,638.988403320312,-33.3333320617676,0.0,Move_Left,pressed
149.414,jump_input_pressed,388.666687011719,638.988403320312,-133.33332824707,0.0,Jump,pressed
149.414,jump_executed,388.666687011719,638.988403320312,-133.33332824707,-500.0,jump,x_388.666687011719_y_638.988403320312
149.498,move_right_pressed,375.263824462891,600.709228515625,-96.6666641235352,-396.666595458984,Move_Right,pressed
149.698,jump_input_released,387.402709960938,543.594421386719,165.0,-154.333221435547,Jump,released
149.797,jump_peak_reached,405.152709960938,538.802734375,180.0,41.2037048339844,jump_peak,x_405.152709960938_y_538.802734375
149.981,platform_landed,412.986053466797,584.980407714844,0.0,0.0,land_on_platform,platform_scene-1/Tile Map/22_33_layer_Tile Map_tile_22_33_source_1_atlas_1_0
149.981,landed,412.986053466797,584.980407714844,0.0,0.0,land,surface_wood_impact_0.89722235107422
150.029,move_right_pressed,412.986053466797,584.980407714844,33.3333320617676,0.0,Move_Right,pressed
150.046,jump_input_pressed,413.541595458984,584.980407714844,66.6666641235352,0.0,Jump,pressed
150.046,jump_executed,413.541595458984,584.980407714844,66.6666641235352,-500.0,jump,x_413.541595458984_y_584.980407714844
150.055,musicking,414.659149169922,576.597900390625,66.6666641235352,-500.055541992188,osc_received,"value_[1, ""chain-jumps""]"
150.313,jump_input_released,453.476043701172,492.618682861328,180.0,-59.0592994689941,Jump,released
150.314,musicking,456.476379394531,491.634246826172,180.0,-59.0592994689941,osc_received,"value_[1, ""head-bump""]"
150.38,jump_peak_reached,465.476379394531,490.764617919922,180.0,40.4777374267578,jump_peak,x_465.476379394531_y_490.764617919922
150.58,coin_collected,485.309722900391,539.600952148438,0.0,447.885192871094,collect_coin,coin_coin_score_1
150.588,musicking,485.309722900391,547.682983398438,0.0,484.922241210938,osc_received,"value_[1, ""coins""]"
150.598,platform_landed,485.309722900391,548.991271972656,0.0,0.0,land_on_platform,platform_scene-1/Tile Map/26_31_layer_Tile Map_tile_26_31_source_1_atlas_2_0
150.598,landed,485.309722900391,548.991271972656,0.0,0.0,land,surface_wood_impact_1.04391857910156
150.797,jump_input_pressed,485.309722900391,548.991271972656,0.0,0.0,Jump,pressed
150.797,jump_executed,485.309722900391,548.991271972656,0.0,-500.0,jump,x_485.309722900391_y_548.991271972656
150.864,move_right_pressed,485.309722900391,517.664123535156,15.0,-417.22216796875,Move_Right,pressed
151.097,jump_input_released,510.809722900391,451.002105712891,180.0,-134.499893188477,Jump,released
151.198,jump_peak_reached,528.809692382812,446.21044921875,180.0,41.2037048339844,jump_peak,x_528.809692382812_y_446.21044921875
151.238,musicking,533.925231933594,450.122497558594,0.0,115.277786254883,osc_received,"value_[1, ""head-bump""]"
151.257,musicking,534.175231933594,452.661071777344,15.0,152.314819335938,osc_received,"value_[1, ""head-bump""]"
151.381,move_left_pressed,534.175231933594,487.715087890625,-15.0,448.611175537109,Move_Left,pressed
151.382,platform_landed,533.925231933594,494.933776855469,-15.0,0.0,land_on_platform,platform_scene-1/Tile Map/29_28_layer_Tile Map_tile_29_28_source_1_atlas_2_0
151.383,landed,533.925231933594,494.933776855469,-15.0,0.0,land,surface_wood_impact_0.89722235107422
151.464,musicking,524.369689941406,494.933776855469,-180.0,0.0,osc_received,"value_[1, ""chain-jumps-combo""]"
151.549,musicking,513.536376953125,494.933776855469,-13.3333311080933,0.0,osc_received,"value_[1, ""chain-jumps-combo""]"
151.78,jump_input_pressed,513.536376953125,494.933776855469,0.0,0.0,Jump,pressed
151.78,jump_executed,513.536376953125,494.933776855469,0.0,-500.0,jump,x_513.536376953125_y_494.933776855469
151.914,move_right_pressed,513.536376953125,437.869689941406,15.0,-335.333251953125,Move_Right,pressed
152.146,jump_input_released,539.036376953125,389.926239013672,180.0,-55.722110748291,Jump,released
152.213,jump_peak_reached,549.6474609375,388.294769287109,13.3333311080933,43.8149261474609,jump_peak,x_549.6474609375_y_388.294769287109
152.314,move_left_pressed,549.869689941406,401.935516357422,-15.0,266.037139892578,Move_Left,pressed
152.362,jump_input_pressed,548.369689941406,417.089233398438,-60.0,377.148284912109,Jump,pressed
152.363,platform_landed,547.369689941406,422.933837890625,-60.0,0.0,land_on_platform,platform_scene-1/Tile Map/30_24_layer_Tile Map_tile_30_24_source_1_atlas_1_0
152.363,landed,547.369689941406,422.933837890625,-60.0,0.0,land,surface_wood_impact_0.75429656982422
152.382,jump_executed,547.369689941406,422.933837890625,-60.0,-500.0,jump,x_547.369689941406_y_422.933837890625
152.388,musicking,545.812622070312,414.59130859375,-93.3333358764648,-500.055541992188,osc_received,"value_[1, ""chain-jumps""]"
152.497,move_right_pressed,532.868225097656,371.806091308594,0.0,-355.722137451172,Move_Right,pressed
152.772,jump_input_released,561.368225097656,316.976531982422,96.6666641235352,-36.1665573120117,Jump,released
152.823,jump_peak_reached,563.201538085938,316.209869384766,0.0,42.5371475219727,jump_peak,x_563.201538085938_y_316.209869384766
152.988,jump_input_pressed,563.201538085938,351.0771484375,0.0,412.907562255859,Jump,pressed
152.989,platform_landed,563.201538085938,353.980407714844,0.0,0.0,land_on_platform,platform_scene-1/Tile Map/31_20_layer_Tile Map_tile_31_20_source_1_atlas_17_3
152.989,landed,563.201538085938,353.980407714844,0.0,0.0,land,surface_wood_impact_0.82581512451172
152.991,musicking,563.201538085938,353.980407714844,0.0,0.0,osc_received,"value_[1, ""leaves""]"
153.005,jump_executed,563.201538085938,353.980407714844,0.0,-500.0,jump,x_563.201538085938_y_353.980407714844
153.013,musicking,563.201538085938,345.587829589844,0.0,-500.055541992188,osc_received,"value_[1, ""chain-jumps""]"
153.055,move_right_pressed,563.201538085938,329.954498291016,15.0,-437.833282470703,Move_Right,pressed
153.439,jump_peak_reached,587.534851074219,247.093414306641,0.0,39.8149261474609,jump_peak,x_587.534851074219_y_247.093414306641
153.505,jump_input_released,587.534851074219,253.451446533203,0.0,187.963073730469,Jump,released
153.741,platform_landed,587.534851074219,354.011291503906,0.0,0.0,land_on_platform,platform_scene-1/Tile Map/32_20_layer_Tile Map_tile_32_20_source_1_atlas_18_3
153.741,landed,587.534851074219,354.011291503906,0.0,0.0,land,surface_wood_impact_1.41296337890625
153.746,musicking,587.534851074219,354.011291503906,0.0,0.0,osc_received,"value_[1, ""leaves""]"
153.757,jump_input_pressed,587.534851074219,354.011291503906,0.0,0.0,Jump,pressed
153.757,jump_executed,587.534851074219,354.011291503906,0.0,-500.0,jump,x_587.534851074219_y_354.011291503906
153.758,musicking,587.534851074219,345.631469726562,0.0,-500.055541992188,osc_received,"value_[1, ""chain-jumps""]"
153.858,move_left_pressed,587.534851074219,309.122192382812,-15.0,-376.166595458984,Move_Left,pressed
154.138,jump_input_released,553.034851074219,248.016662597656,-180.0,-36.1665573120117,Jump,released
154.188,jump_peak_reached,544.034851074219,247.25,-180.0,42.5371475219727,jump_peak,x_544.034851074219_y_247.25
154.272,jump_input_pressed,529.034851074219,256.967620849609,-180.0,227.72233581543,Jump,pressed
154.289,platform_landed,523.034851074219,260.933563232422,-180.0,0.0,land_on_platform,platform_scene-1/Tile Map/29_15_layer_Tile Map_tile_29_15_source_1_atlas_2_0
154.289,landed,523.034851074219,260.933563232422,-180.0,0.0,land,surface_wood_impact_0.52951873779297
154.306,jump_executed,523.034851074219,260.933563232422,-180.0,-500.0,jump,x_523.034851074219_y_260.933563232422
154.306,move_right_pressed,523.034851074219,260.933563232422,-63.3333396911621,-500.0,Move_Right,pressed
154.307,musicking,521.978149414062,252.590118408203,-63.3333396911621,-500.055541992188,osc_received,"value_[1, ""chain-jumps""]"
154.671,jump_input_released,565.478149414062,155.92529296875,180.0,-55.722110748291,Jump,released
154.739,jump_peak_reached,577.478149414062,154.293823242188,96.6666641235352,43.8149261474609,jump_peak,x_577.478149414062_y_154.293823242188
154.84,platform_landed,579.311462402344,170.982925415039,0.0,0.0,land_on_platform,platform_scene-1/Tile Map/32_10_layer_Tile Map_tile_32_10_source_1_atlas_2_0
154.84,landed,579.311462402344,170.982925415039,0.0,0.0,land,surface_wood_impact_0.53207427978516
154.856,move_left_pressed,579.311462402344,170.982925415039,-33.3333320617676,0.0,Move_Left,pressed
154.872,jump_input_pressed,578.755920410156,170.982925415039,-66.6666641235352,0.0,Jump,pressed
154.872,jump_executed,578.755920410156,170.982925415039,-66.6666641235352,-500.0,jump,x_578.755920410156_y_170.982925415039
154.873,musicking,577.638061523438,162.598266601562,-66.6666641235352,-500.055541992188,osc_received,"value_[1, ""chain-jumps""]"
154.987,move_right_pressed,565.721557617188,119.813079833984,-73.3333206176758,-355.722137451172,Move_Right,pressed
155.029,musicking,566.770812988281,104.610343933105,15.0,-315.555450439453,osc_received,"value_[1, ""head-bump""]"
155.171,move_left_pressed,577.770812988281,74.5918426513672,36.6666679382324,-134.499893188477,Move_Left,pressed
155.304,jump_peak_reached,573.131896972656,65.6937026977539,-105.0,39.8149261474609,jump_peak,x_573.131896972656_y_65.6937026977539
155.322,jump_input_released,571.381896972656,66.3572845458984,-120.0,76.8519668579102,Jump,released
155.405,platform_landed,555.881896972656,80.9334182739258,-180.0,0.0,land_on_platform,platform_scene-1/Tile Map/30_5_layer_Tile Map_tile_30_5_source_1_atlas_3_0
155.405,landed,555.881896972656,80.9334182739258,-180.0,0.0,land,surface_wood_impact_0.52407427978516
155.488,move_right_pressed,545.270812988281,80.9334182739258,0.0,0.0,Move_Right,pressed
155.489,jump_input_pressed,545.270812988281,80.9334182739258,0.0,0.0,Jump,pressed
155.489,jump_executed,545.270812988281,80.9334182739258,0.0,-500.0,jump,x_545.270812988281_y_80.9334182739258
155.489,musicking,545.270812988281,72.5909576416016,0.0,-500.055541992188,osc_received,"value_[1, ""chain-jumps""]"
155.888,jump_input_released,597.770812988281,-25.6488265991211,180.0,-16.6665554046631,Jump,released
155.921,jump_peak_reached,603.770812988281,-25.85715675354,180.0,41.2038154602051,jump_peak,x_603.770812988281_y_-25.85715675354
156.139,move_left_pressed,635.604125976562,31.2184886932373,-15.0,522.685363769531,Move_Left,pressed
156.156,platform_landed,634.860656738281,47.0511207580566,-30.0,0.0,land_on_platform,platform_scene-1/Tile Map/35_3_layer_Tile Map_tile_35_3_source_1_atlas_13_0
156.157,landed,634.860656738281,47.0511207580566,-30.0,0.0,land,surface_wood_impact_1.11944482421875
156.188,jump_input_pressed,633.805114746094,47.0511207580566,-96.6666641235352,0.0,Jump,pressed
156.188,jump_executed,633.805114746094,47.0511207580566,-96.6666641235352,-500.0,jump,x_633.805114746094_y_47.0511207580566
156.197,musicking,632.192016601562,38.7064247131348,-96.6666641235352,-500.055541992188,osc_received,"value_[1, ""chain-jumps""]"
156.273,move_right_pressed,623.247680664062,8.81383419036865,-58.333324432373,-396.666595458984,Move_Right,pressed
156.588,jump_input_released,656.775451660156,-59.5333557128906,180.0,-16.6665554046631,Jump,released
156.629,jump_peak_reached,662.775451660156,-59.7416839599609,96.6666641235352,41.2038154602051,jump_peak,x_662.775451660156_y_-59.7416839599609
156.66,move_left_pressed,664.608764648438,-57.7509384155273,-1.66666889190674,115.277893066406,Move_Left,pressed
156.756,jump_input_pressed,660.692138671875,-36.9638900756836,-91.6666717529297,337.500122070312,Jump,pressed
156.772,platform_landed,657.386596679688,-27.0668201446533,-106.66667175293,0.0,land_on_platform,platform_scene-1/Tile Map/36_-1_layer_Tile Map_tile_36_-1_source_1_atlas_13_7
156.772,landed,657.386596679688,-27.0668201446533,-106.66667175293,0.0,land,surface_wood_impact_0.74907434082031
156.773,musicking,657.386596679688,-27.0668201446533,-106.66667175293,0.0,osc_received,"value_[1, ""cloud""]"
156.788,jump_executed,657.386596679688,-27.0668201446533,-106.66667175293,-500.0,jump,x_657.386596679688_y_-27.0668201446533
156.79,musicking,655.051208496094,-35.4084892272949,-140.0,-500.055541992188,osc_received,"value_[1, ""chain-jumps""]"
157.156,jump_input_released,592.634582519531,-132.073272705078,-180.0,-55.722110748291,Jump,released
157.224,jump_peak_reached,580.634582519531,-133.704742431641,-180.0,43.8149261474609,jump_peak,x_580.634582519531_y_-133.704742431641
157.422,move_left_pressed,575.80126953125,-84.2010116577148,-15.0,488.259429931641,Move_Left,pressed
157.44,jump_input_pressed,575.55126953125,-76.0633544921875,-30.0,525.296447753906,Jump,pressed
157.457,platform_landed,574.30126953125,-63.0667724609375,-45.0,0.0,land_on_platform,platform_scene-1/Tile Map/31_-3_layer_Tile Map_tile_31_-3_source_1_atlas_2_0
157.457,landed,574.30126953125,-63.0667724609375,-45.0,0.0,land,surface_wood_impact_1.1246669921875
157.471,jump_executed,574.30126953125,-63.0667724609375,-45.0,-500.0,jump,x_574.30126953125_y_-63.0667724609375
157.473,musicking,572.994506835938,-71.4088745117188,-78.3333358764648,-500.055541992188,osc_received,"value_[1, ""chain-jumps""]"
157.823,jump_input_released,517.911254882812,-166.797790527344,-180.0,-75.3332214355469,Jump,released
157.905,jump_peak_reached,502.911254882812,-169.603332519531,-96.6666641235352,45.0371475219727,jump_peak,x_502.911254882812_y_-169.603332519531
158.072,coin_collected,501.077911376953,-134.3193359375,0.0,378.370513916016,collect_coin,coin_coin9_score_2
158.073,move_right_pressed,501.077911376953,-134.3193359375,15.0,415.407562255859,Move_Right,pressed
158.073,musicking,501.327911376953,-127.395874023438,15.0,415.407562255859,osc_received,"value_[1, ""coins""]"
158.104,jump_input_pressed,501.827911376953,-119.855133056641,45.0,489.481658935547,Jump,pressed
158.104,platform_landed,502.577911376953,-117.066284179688,45.0,0.0,land_on_platform,platform_scene-1/Tile Map/27_-6_layer_Tile Map_tile_27_-6_source_1_atlas_2_0
158.104,landed,502.577911376953,-117.066284179688,45.0,0.0,land,surface_wood_impact_0.97896331787109
158.12,jump_executed,502.577911376953,-117.066284179688,45.0,-500.0,jump,x_502.577911376953_y_-117.066284179688
158.13,musicking,503.884765625,-125.408790588379,78.3333358764648,-500.055541992188,osc_received,"value_[1, ""chain-jumps""]"
158.54,jump_input_released,570.968017578125,-223.949523925781,180.0,2.77788853645325,Jump,released
158.556,jump_peak_reached,573.968017578125,-223.903228759766,180.0,39.8149261474609,jump_peak,x_573.968017578125_y_-223.903228759766
158.758,platform_landed,612.968017578125,-171.066970825195,180.0,0.0,land_on_platform,platform_scene-1/Tile Map/33_-9_layer_Tile Map_tile_33_-9_source_1_atlas_1_0
158.758,landed,612.968017578125,-171.066970825195,180.0,0.0,land,surface_wood_impact_0.96851885986328
158.788,jump_input_pressed,615.968017578125,-171.066970825195,180.0,0.0,Jump,pressed
158.788,jump_executed,615.968017578125,-171.066970825195,180.0,-500.0,jump,x_615.968017578125_y_-171.066970825195
158.788,musicking,618.970520019531,-179.408187866211,180.0,-500.055541992188,osc_received,"value_[1, ""chain-jumps""]"
158.875,move_left_pressed,629.581604003906,-209.300765991211,0.0,-396.666595458984,Move_Left,pressed
159.175,jump_input_released,595.081604003906,-277.02294921875,-180.0,-36.1665573120117,Jump,released
159.222,jump_peak_reached,586.081604003906,-277.789611816406,-180.0,42.5371475219727,jump_peak,x_586.081604003906_y_-277.789611816406
159.341,move_right_pressed,565.081604003906,-259.863983154297,-81.6666641235352,301.796417236328,Move_Right,pressed
159.342,platform_landed,563.729370117188,-258.048126220703,-81.6666641235352,0.0,land_on_platform,platform_scene-1/Tile Map/31_-14_layer_Tile Map_tile_31_-14_source_1_atlas_18_3
159.342,landed,563.729370117188,-258.048126220703,-81.6666641235352,0.0,land,surface_wood_impact_0.60359283447266
159.343,musicking,563.729370117188,-258.048126220703,-81.6666641235352,0.0,osc_received,"value_[1, ""leaves""]"
159.371,jump_input_pressed,563.729370117188,-258.048126220703,33.3333320617676,0.0,Jump,pressed
159.372,jump_executed,563.729370117188,-258.048126220703,33.3333320617676,-500.0,jump,x_563.729370117188_y_-258.048126220703
159.38,musicking,564.285522460938,-266.390991210938,33.3333320617676,-500.055541992188,osc_received,"value_[1, ""chain-jumps""]"
159.504,move_left_pressed,575.17431640625,-315.1123046875,39.9999961853027,-335.333251953125,Move_Left,pressed
159.79,jump_input_released,547.341003417969,-364.931701660156,-180.0,2.77788853645325,Jump,released
159.804,jump_peak_reached,544.341003417969,-364.885406494141,-180.0,39.8149261474609,jump_peak,x_544.341003417969_y_-364.885406494141
159.856,move_right_pressed,536.729919433594,-361.042816162109,0.0,150.926040649414,Move_Right,pressed
159.905,platform_landed,538.234741210938,-348.834991455078,45.0,0.0,land_on_platform,platform_scene-1/Tile Map/29_-19_layer_Tile Map_tile_29_-19_source_1_atlas_12_0
159.905,landed,538.234741210938,-348.834991455078,45.0,0.0,land,surface_wood_impact_0.52407427978516
159.955,jump_input_pressed,541.378479003906,-349.053344726562,145.0,0.0,Jump,pressed
159.955,jump_executed,541.378479003906,-349.053344726562,145.0,-500.0,jump,x_541.378479003906_y_-349.053344726562
159.963,musicking,543.795166015625,-357.387603759766,145.0,-500.055541992188,osc_received,"value_[1, ""chain-jumps""]"
160.289,jump_input_released,600.378540039062,-451.173675537109,180.0,-94.9998931884766,Jump,released
160.387,jump_peak_reached,618.378540039062,-455.46533203125,180.0,46.2038116455078,jump_peak,x_618.378540039062_y_-455.46533203125
160.456,coin_collected,630.378540039062,-448.681365966797,180.0,157.314926147461,collect_coin,coin_coin11_score_3
160.462,musicking,633.378540039062,-445.442169189453,180.0,194.351959228516,osc_received,"value_[1, ""coins""]"
160.504,move_left_pressed,637.989624023438,-437.111938476562,0.0,305.463073730469,Move_Left,pressed
160.539,platform_landed,637.240051269531,-420.049224853516,-30.0,0.0,land_on_platform,platform_scene-1/Tile Map/35_-23_layer_Tile Map_tile_35_-23_source_1_atlas_19_3
160.54,landed,637.240051269531,-420.049224853516,-30.0,0.0,land,surface_wood_impact_0.75907434082031
160.541,musicking,637.240051269531,-420.049224853516,-30.0,0.0,osc_received,"value_[1, ""leaves""]"
160.558,jump_input_pressed,637.240051269531,-420.049224853516,-63.3333320617676,0.0,Jump,pressed
160.558,jump_executed,637.240051269531,-420.049224853516,-63.3333320617676,-500.0,jump,x_637.240051269531_y_-420.049224853516
160.558,musicking,636.182312011719,-428.400665283203,-63.3333320617676,-500.055541992188,osc_received,"value_[1, ""chain-jumps""]"
160.622,move_right_pressed,631.515686035156,-451.334930419922,-9.99999523162842,-417.22216796875,Move_Right,pressed
160.973,jump_input_released,672.848754882812,-526.94140625,180.0,2.77788853645325,Jump,released
160.988,jump_peak_reached,675.848754882812,-526.895080566406,180.0,39.8149261474609,jump_peak,x_675.848754882812_y_-526.895080566406
161.139,platform_landed,705.848815917969,-495.066864013672,180.0,0.0,land_on_platform,platform_scene-1/Tile Map/39_-27_layer_Tile Map_tile_39_-27_source_1_atlas_2_0
161.139,landed,705.848815917969,-495.066864013672,180.0,0.0,land,surface_wood_impact_0.74629656982422
161.189,jump_input_pressed,711.848815917969,-495.066864013672,180.0,0.0,Jump,pressed
161.189,jump_executed,711.848815917969,-495.066864013672,180.0,-500.0,jump,x_711.848815917969_y_-495.066864013672
161.19,musicking,714.851379394531,-503.408172607422,180.0,-500.055541992188,osc_received,"value_[1, ""chain-jumps""]"
161.255,move_left_pressed,722.462463378906,-526.342407226562,0.0,-417.22216796875,Move_Left,pressed
161.589,jump_input_released,681.962463378906,-601.64794921875,-180.0,-16.6665554046631,Jump,released
161.624,jump_peak_reached,675.962463378906,-601.856262207031,-180.0,41.2038154602051,jump_peak,x_675.962463378906_y_-601.856262207031
161.671,coin_collected,666.962463378906,-597.944213867188,-180.0,115.277893066406,collect_coin,coin_coin15_score_4
161.681,musicking,663.962463378906,-595.405639648438,-180.0,152.314926147461,osc_received,"value_[1, ""coins""]"
161.723,platform_landed,654.962463378906,-585.066650390625,-180.0,0.0,land_on_platform,platform_scene-1/Tile Map/36_-32_layer_Tile Map_tile_36_-32_source_1_atlas_2_0
161.723,landed,654.962463378906,-585.066650390625,-180.0,0.0,land,surface_wood_impact_0.52685205078125
161.773,jump_input_pressed,648.962463378906,-585.066650390625,-180.0,0.0,Jump,pressed
161.773,jump_executed,648.962463378906,-585.066650390625,-180.0,-500.0,jump,x_648.962463378906_y_-585.066650390625
161.78,musicking,645.959533691406,-593.408996582031,-180.0,-500.055541992188,osc_received,"value_[1, ""chain-jumps""]"
161.824,move_right_pressed,639.959533691406,-609.042358398438,-96.6666641235352,-437.833282470703,Move_Right,pressed
162.088,move_left_pressed,662.459533691406,-685.264526367188,0.0,-114.722114562988,Move_Left,pressed
162.139,jump_input_released,661.709533691406,-690.073791503906,-45.0,-55.722110748291,Jump,released
162.205,jump_peak_reached,657.209533691406,-691.705261230469,-105.0,43.8149261474609,jump_peak,x_657.209533691406_y_-691.705261230469
162.304,move_right_pressed,650.348449707031,-678.064514160156,15.0,266.037139892578,Move_Right,pressed
162.488,jump_input_pressed,666.848449707031,-595.340393066406,180.0,673.444641113281,Jump,pressed
162.489,platform_landed,669.848449707031,-585.066345214844,180.0,0.0,land_on_platform,platform_scene-1/Tile Map/37_-32_layer_Tile Map_tile_37_-32_source_1_atlas_3_0
162.489,landed,669.848449707031,-585.066345214844,180.0,0.0,land,surface_wood_impact_1.34688928222656
162.505,jump_executed,669.848449707031,-585.066345214844,180.0,-500.0,jump,x_669.848449707031_y_-585.066345214844
162.506,musicking,672.851135253906,-593.408081054688,180.0,-500.055541992188,osc_received,"value_[1, ""chain-jumps""]"
162.523,jump_peak_reached,672.851135253906,-593.408081054688,180.0,-479.222198486328,jump_peak,x_672.851135253906_y_-593.408081054688
162.855,jump_input_released,732.851135253906,-688.796936035156,180.0,-75.3332214355469,Jump,released
163.074,move_left_pressed,764.684448242188,-668.313537597656,-15.0,341.333465576172,Move_Left,pressed
163.206,move_right_pressed,760.934448242188,-605.518432617188,15.0,637.629821777344,Move_Right,pressed
163.222,platform_landed,761.684448242188,-585.066467285156,30.0,0.0,land_on_platform,platform_scene-1/Tile Map/42_-32_layer_Tile Map_tile_42_-32_source_1_atlas_1_0
163.222,landed,761.684448242188,-585.066467285156,30.0,0.0,land,surface_wood_impact_1.34933374023438
163.255,jump_input_pressed,762.739990234375,-585.066467285156,96.6666641235352,0.0,Jump,pressed
163.255,jump_executed,762.739990234375,-585.066467285156,96.6666641235352,-500.0,jump,x_762.739990234375_y_-585.066467285156
163.262,musicking,764.352661132812,-593.408752441406,96.6666641235352,-500.055541992188,osc_received,"value_[1, ""chain-jumps""]"
163.271,jump_peak_reached,764.352661132812,-593.408752441406,111.666664123535,-479.222198486328,jump_peak,x_764.352661132812_y_-593.408752441406
163.622,jump_input_released,824.158081054688,-690.073547363281,96.6666641235352,-55.722110748291,Jump,released
163.639,move_left_pressed,825.769165039062,-691.002258300781,0.0,-34.8887786865234,Move_Left,pressed
163.822,jump_input_pressed,812.019165039062,-668.5791015625,-165.0,340.111236572266,Jump,pressed
163.88,musicking,799.959106445312,-642.364318847656,-180.0,451.222381591797,osc_received,"value_[1, ""head-bump""]"
163.972,platform_landed,781.959106445312,-585.06640625,-180.0,0.0,land_on_platform,platform_scene-1/Tile Map/43_-32_layer_Tile Map_tile_43_-32_source_1_atlas_2_0
163.972,landed,781.959106445312,-585.06640625,-180.0,0.0,land,surface_wood_impact_1.34688928222656
164.189,move_right_pressed,747.329528808594,-582.847351074219,0.0,111.111114501953,Move_Right,pressed
164.205,jump_input_released,747.329528808594,-580.995483398438,15.0,148.148147583008,Jump,released
164.272,jump_input_pressed,749.829528808594,-567.415283203125,75.0,296.296295166016,Jump,pressed
164.29,musicking,749.925231933594,-556.921447753906,0.0,333.333343505859,osc_received,"value_[1, ""head-bump""]"
164.313,musicking,750.175231933594,-550.748596191406,15.0,370.370391845703,osc_received,"value_[1, ""head-bump""]"
164.605,jump_input_released,774.258544921875,-351.365875244141,0.0,1037.03723144531,Jump,released
164.889,platform_landed,774.258544921875,47.1366996765137,0.0,0.0,land_on_platform,platform_scene-1/Tile Map/43_3_layer_Tile Map_tile_43_3_source_1_atlas_13_0
164.889,landed,774.258544921875,47.1366996765137,0.0,0.0,land,surface_wood_impact_3.33333203125
165.321,jump_input_pressed,774.258544921875,47.1366996765137,0.0,0.0,Jump,pressed
165.321,jump_executed,774.258544921875,47.1366996765137,0.0,-500.0,jump,x_774.258544921875_y_47.1366996765137
165.339,jump_peak_reached,774.258544921875,38.7399024963379,-15.0,-479.222198486328,jump_peak,x_774.258544921875_y_38.7399024963379
165.339,move_left_pressed,774.258544921875,38.7399024963379,-15.0,-479.222198486328,Move_Left,pressed
165.839,move_right_pressed,700.758544921875,-50.2637557983398,-81.6666641235352,225.000106811523,Move_Right,pressed
165.888,jump_input_released,699.6474609375,-37.1618995666504,30.0,336.111236572266,Jump,released
166.056,platform_landed,714.258544921875,47.1288757324219,0.0,0.0,land_on_platform,platform_scene-1/Tile Map/39_3_layer_Tile Map_tile_39_3_source_1_atlas_13_0
166.056,landed,714.258544921875,47.1288757324219,0.0,0.0,land,surface_wood_impact_1.41296337890625
166.105,jump_input_pressed,714.258544921875,47.1288757324219,0.0,0.0,Jump,pressed
166.105,jump_executed,714.258544921875,47.1288757324219,0.0,-500.0,jump,x_714.258544921875_y_47.1288757324219
166.107,musicking,714.258544921875,38.7378730773926,0.0,-500.055541992188,osc_received,"value_[1, ""chain-jumps""]"
166.188,move_left_pressed,714.258544921875,8.84528350830078,-15.0,-396.666595458984,Move_Left,pressed
166.456,jump_input_released,682.758544921875,-56.6509857177734,-180.0,-75.3332214355469,Jump,released
166.539,jump_peak_reached,667.758544921875,-59.4565315246582,-180.0,45.0371475219727,jump_peak,x_667.758544921875_y_-59.4565315246582
166.573,move_right_pressed,661.758544921875,-57.3380088806152,-81.6666641235352,119.111228942871,Move_Right,pressed
166.688,move_left_pressed,664.1474609375,-30.4787349700928,0.0,378.370513916016,Move_Left,pressed
166.689,platform_landed,664.1474609375,-27.0054111480713,0.0,0.0,land_on_platform,platform_scene-1/Tile Map/36_-1_layer_Tile Map_tile_36_-1_source_1_atlas_13_7
166.689,landed,664.1474609375,-27.0054111480713,0.0,0.0,land,surface_wood_impact_0.75674102783203
166.691,musicking,664.1474609375,-27.0054111480713,0.0,0.0,osc_received,"value_[1, ""cloud""]"
166.704,jump_input_pressed,664.1474609375,-27.0054111480713,-33.3333320617676,0.0,Jump,pressed
166.704,jump_executed,664.1474609375,-27.0054111480713,-33.3333320617676,-500.0,jump,x_664.1474609375_y_-27.0054111480713
166.705,musicking,663.587829589844,-35.4008407592773,-33.3333320617676,-500.055541992188,osc_received,"value_[1, ""chain-jumps""]"
167.105,jump_input_released,605.337951660156,-133.640640258789,-180.0,-16.6665554046631,Jump,released
167.139,jump_peak_reached,599.337951660156,-133.848968505859,-180.0,41.2038154602051,jump_peak,x_599.337951660156_y_-133.848968505859
167.356,jump_input_pressed,560.337951660156,-76.7733154296875,-180.0,522.685363769531,Jump,pressed
167.372,platform_landed,554.337951660156,-63.0665740966797,-180.0,0.0,land_on_platform,platform_scene-1/Tile Map/30_-3_layer_Tile Map_tile_30_-3_source_1_atlas_1_0
167.372,landed,554.337951660156,-63.0665740966797,-180.0,0.0,land,surface_wood_impact_1.11944482421875
167.388,jump_executed,554.337951660156,-63.0665740966797,-180.0,-500.0,jump,x_554.337951660156_y_-63.0665740966797
167.389,musicking,551.335327148438,-71.4080963134766,-180.0,-500.055541992188,osc_received,"value_[1, ""chain-jumps""]"
167.524,move_right_pressed,530.335327148438,-120.12939453125,-81.6666641235352,-335.333251953125,Move_Right,pressed
167.674,move_left_pressed,535.974243164062,-158.415512084961,6.66666650772095,-154.333221435547,Move_Left,pressed
167.824,jump_peak_reached,527.973999023438,-169.902542114258,-128.333343505859,39.8149261474609,jump_peak,x_527.973999023438_y_-169.902542114258
167.939,jump_input_released,513.085021972656,-152.294509887695,0.0,299.074188232422,Jump,released
168.023,platform_landed,513.085021972656,-117.00569152832,0.0,0.0,land_on_platform,platform_scene-1/Tile Map/28_-6_layer_Tile Map_tile_28_-6_source_1_atlas_3_0
168.023,landed,513.085021972656,-117.00569152832,0.0,0.0,land,surface_wood_impact_0.96851885986328
168.29,jump_input_pressed,513.085021972656,-117.00569152832,0.0,0.0,Jump,pressed
168.29,jump_executed,513.085021972656,-117.00569152832,0.0,-500.0,jump,x_513.085021972656_y_-117.00569152832
168.338,move_left_pressed,513.085021972656,-141.034469604492,-15.0,-437.833282470703,Move_Left,pressed
168.688,jump_input_released,466.585021972656,-223.64094543457,-180.0,-16.6665554046631,Jump,released
168.722,jump_peak_reached,460.585021972656,-223.849273681641,-96.6666641235352,41.2038154602051,jump_peak,x_460.585021972656_y_-223.849273681641
168.823,platform_landed,458.751678466797,-207.022445678711,0.0,0.0,land_on_platform,platform_scene-1/Tile Map/25_-11_layer_Tile Map_tile_25_-11_source_1_atlas_2_0
168.823,landed,458.751678466797,-207.022445678711,0.0,0.0,land,surface_wood_impact_0.52685205078125
169.207,move_right_pressed,458.751678466797,-207.022445678711,33.3333320617676,0.0,Move_Right,pressed
169.272,musicking,467.084991455078,-207.022445678711,166.666656494141,0.0,osc_received,"value_[1, ""chain-jumps-combo""]"
169.304,jump_input_pressed,470.084991455078,-207.022445678711,180.0,0.0,Jump,pressed
169.304,jump_executed,470.084991455078,-207.022445678711,180.0,-500.0,jump,x_470.084991455078_y_-207.022445678711
169.604,jump_input_released,524.099853515625,-304.994232177734,180.0,-134.499893188477,Jump,released
169.706,jump_peak_reached,542.099853515625,-309.785888671875,180.0,41.2037048339844,jump_peak,x_542.099853515625_y_-309.785888671875
169.904,platform_landed,564.933166503906,-257.990417480469,0.0,0.0,land_on_platform,platform_scene-1/Tile Map/31_-14_layer_Tile Map_tile_31_-14_source_1_atlas_18_3
169.904,landed,564.933166503906,-257.990417480469,0.0,0.0,land,surface_wood_impact_0.97129644775391
169.905,musicking,564.933166503906,-257.990417480469,0.0,0.0,osc_received,"value_[1, ""leaves""]"
170.506,move_right_pressed,564.933166503906,-257.990417480469,33.3333320617676,0.0,Move_Right,pressed
170.604,jump_input_pressed,576.266723632812,-258.021697998047,180.0,0.0,Jump,pressed
170.604,jump_executed,576.266723632812,-258.021697998047,180.0,-500.0,jump,x_576.266723632812_y_-258.021697998047
170.955,jump_input_released,639.28125,-361.785095214844,180.0,-75.3332214355469,Jump,released
171.04,jump_peak_reached,654.28125,-364.590637207031,180.0,45.0371475219727,jump_peak,x_654.28125_y_-364.590637207031
171.139,platform_landed,659.114562988281,-348.008911132812,0.0,0.0,land_on_platform,platform_scene-1/Tile Map/36_-19_layer_Tile Map_tile_36_-19_source_1_atlas_17_3
171.139,landed,659.114562988281,-348.008911132812,0.0,0.0,land,surface_wood_impact_0.53451873779297
171.14,musicking,659.114562988281,-348.008911132812,0.0,0.0,osc_received,"value_[1, ""leaves""]"
171.239,move_left_pressed,659.114562988281,-348.008911132812,-33.3333320617676,0.0,Move_Left,pressed
171.371,jump_input_pressed,641.769897460938,-346.052185058594,-180.0,111.111114501953,Jump,pressed
171.371,jump_executed,641.769897460938,-346.052185058594,-180.0,-500.0,jump,x_641.769897460938_y_-346.052185058594
171.489,musicking,617.791931152344,-391.185302734375,-180.0,37.816333770752,osc_received,"value_[1, ""head-bump""]"
171.505,jump_peak_reached,617.791931152344,-391.185302734375,-180.0,74.8533706665039,jump_peak,x_617.791931152344_y_-391.185302734375
171.706,jump_input_released,581.791931152344,-335.473907470703,-180.0,519.2978515625,Jump,released
171.821,platform_landed,576.958618164062,-258.073944091797,0.0,0.0,land_on_platform,platform_scene-1/Tile Map/32_-14_layer_Tile Map_tile_32_-14_source_1_atlas_19_3
171.821,landed,576.958618164062,-258.073944091797,0.0,0.0,land,surface_wood_impact_1.55711437988281
171.829,musicking,576.958618164062,-258.073944091797,0.0,0.0,osc_received,"value_[1, ""leaves""]"
172.077,move_right_pressed,576.958618164062,-258.073944091797,33.3333320617676,0.0,Move_Right,pressed
172.155,jump_input_pressed,585.29296875,-258.020355224609,180.0,0.0,Jump,pressed
172.156,jump_executed,585.29296875,-258.020355224609,180.0,-500.0,jump,x_585.29296875_y_-258.020355224609
172.538,jump_input_released,654.302429199219,-363.995635986328,180.0,-36.1665573120117,Jump,released
172.588,jump_peak_reached,663.302429199219,-364.762298583984,180.0,42.5371475219727,jump_peak,x_663.302429199219_y_-364.762298583984
172.671,move_left_pressed,671.1357421875,-355.044708251953,-15.0,227.72233581543,Move_Left,pressed
172.688,platform_landed,670.394897460938,-348.080322265625,-30.0,0.0,land_on_platform,platform_scene-1/Tile Map/37_-19_layer_Tile Map_tile_37_-19_source_1_atlas_19_3
172.688,landed,670.394897460938,-348.080322265625,-30.0,0.0,land,surface_wood_impact_0.52951873779297
172.689,musicking,670.394897460938,-348.080322265625,-30.0,0.0,osc_received,"value_[1, ""leaves""]"
172.757,jump_input_pressed,665.561767578125,-347.986175537109,-163.33332824707,0.0,Jump,pressed
172.758,jump_executed,665.561767578125,-347.986175537109,-163.33332824707,-500.0,jump,x_665.561767578125_y_-347.986175537109
172.762,musicking,662.82080078125,-356.377746582031,-163.33332824707,-500.055541992188,osc_received,"value_[1, ""chain-jumps""]"
172.863,musicking,646.898498535156,-391.403167724609,-67.8827667236328,53.3033332824707,osc_received,"value_[1, ""head-bump""]"
172.871,jump_peak_reached,646.898498535156,-391.403167724609,-82.8827667236328,90.3403701782227,jump_peak,x_646.898498535156_y_-391.403167724609
173.189,jump_input_released,595.978637695312,-257.239776611328,-180.0,794.044189453125,Jump,released
173.189,platform_landed,599.844787597656,-254.106048583984,-180.0,0.0,land_on_platform,platform_scene-1/Tile Map/32_-14_layer_Tile Map_tile_32_-14_source_1_atlas_19_3
173.19,landed,599.844787597656,-254.106048583984,-180.0,0.0,land,surface_wood_impact_1.58808837890625
173.19,musicking,599.844787597656,-254.106048583984,-180.0,0.0,osc_received,"value_[1, ""leaves""]"
173.297,musicking,598.633666992188,-253.245758056641,0.0,37.037036895752,osc_received,"value_[1, ""head-bump""]"
173.312,musicking,598.977478027344,-252.117813110352,0.0,74.0740737915039,osc_received,"value_[1, ""head-bump""]"
173.329,musicking,598.977478027344,-250.265960693359,0.0,111.111114501953,osc_received,"value_[1, ""head-bump""]"
173.363,musicking,599.058959960938,-244.710891723633,0.0,185.185180664062,osc_received,"value_[1, ""head-bump""]"
173.38,musicking,599.08154296875,-241.00732421875,0.0,222.222213745117,osc_received,"value_[1, ""head-bump""]"
173.39,musicking,599.085510253906,-236.686126708984,0.0,259.259246826172,osc_received,"value_[1, ""head-bump""]"
173.404,musicking,599.085510253906,-231.747833251953,0.0,296.296295166016,osc_received,"value_[1, ""head-bump""]"
173.539,platform_landed,599.085510253906,-171.041793823242,0.0,0.0,land_on_platform,platform_scene-1/Tile Map/33_-9_layer_Tile Map_tile_33_-9_source_1_atlas_1_0
173.539,landed,599.085510253906,-171.041793823242,0.0,0.0,land,surface_wood_impact_1.18518530273438
173.873,move_right_pressed,599.085510253906,-171.041793823242,33.3333320617676,0.0,Move_Right,pressed
173.946,musicking,607.418823242188,-171.041793823242,166.666656494141,0.0,osc_received,"value_[1, ""chain-jumps-combo""]"
173.988,jump_input_pressed,613.418823242188,-171.041793823242,180.0,0.0,Jump,pressed
173.988,jump_executed,613.418823242188,-171.041793823242,180.0,-500.0,jump,x_613.418823242188_y_-171.041793823242
174.005,jump_peak_reached,616.428527832031,-179.403091430664,180.0,-479.222198486328,jump_peak,x_616.428527832031_y_-179.403091430664
174.055,move_left_pressed,621.261840820312,-202.337341308594,-1.66666889190674,-417.22216796875,Move_Left,pressed
174.407,jump_input_released,577.428588867188,-277.943786621094,-96.6666641235352,2.77788853645325,Jump,released
174.539,platform_landed,575.595275878906,-257.952941894531,0.0,0.0,land_on_platform,platform_scene-1/Tile Map/31_-14_layer_Tile Map_tile_31_-14_source_1_atlas_18_3
174.539,landed,575.595275878906,-257.952941894531,0.0,0.0,land,surface_wood_impact_0.59814837646484
174.541,musicking,575.595275878906,-257.952941894531,0.0,0.0,osc_received,"value_[1, ""leaves""]"
174.572,move_right_pressed,575.595275878906,-257.952941894531,33.3333320617676,0.0,Move_Right,pressed
174.739,jump_input_pressed,598.928405761719,-257.245422363281,180.0,74.0740737915039,Jump,pressed
174.74,jump_executed,598.928405761719,-257.245422363281,180.0,-500.0,jump,x_598.928405761719_y_-257.245422363281
175.088,jump_input_released,661.928405761719,-360.968536376953,180.0,-75.3332214355469,Jump,released
175.172,jump_peak_reached,669.76171875,-363.774078369141,0.0,45.0371475219727,jump_peak,x_669.76171875_y_-363.774078369141
175.239,move_left_pressed,669.76171875,-357.067901611328,-15.0,193.185302734375,Move_Left,pressed
175.272,platform_landed,668.280700683594,-348.096496582031,-45.0,0.0,land_on_platform,platform_scene-1/Tile Map/37_-19_layer_Tile Map_tile_37_-19_source_1_atlas_19_3
175.272,landed,668.280700683594,-348.096496582031,-45.0,0.0,land,surface_wood_impact_0.53451873779297
175.28,musicking,668.280700683594,-348.096496582031,-45.0,0.0,osc_received,"value_[1, ""leaves""]"
175.457,jump_input_pressed,641.715942382812,-346.041137695312,-180.0,111.111114501953,Jump,pressed
175.457,jump_executed,641.715942382812,-346.041137695312,-180.0,-500.0,jump,x_641.715942382812_y_-346.041137695312
175.581,musicking,617.737243652344,-391.1845703125,-180.0,37.788257598877,osc_received,"value_[1, ""head-bump""]"
175.588,jump_peak_reached,617.737243652344,-391.1845703125,-180.0,74.8252944946289,jump_peak,x_617.737243652344_y_-391.1845703125
175.822,jump_input_released,579.903930664062,-317.552459716797,0.0,593.343872070312,Jump,released
175.907,platform_landed,579.903930664062,-258.031524658203,0.0,0.0,land_on_platform,platform_scene-1/Tile Map/32_-14_layer_Tile Map_tile_32_-14_source_1_atlas_19_3
175.907,landed,579.903930664062,-258.031524658203,0.0,0.0,land,surface_wood_impact_1.55705822753906
175.912,musicking,579.903930664062,-258.031524658203,0.0,0.0,osc_received,"value_[1, ""leaves""]"
176.121,move_right_pressed,579.903930664062,-258.031524658203,33.3333320617676,0.0,Move_Right,pressed
176.173,jump_input_pressed,583.237670898438,-257.996154785156,133.33332824707,0.0,Jump,pressed
176.173,jump_executed,583.237670898438,-257.996154785156,133.33332824707,-500.0,jump,x_583.237670898438_y_-257.996154785156
176.605,jump_peak_reached,659.642456054688,-364.884399414062,180.0,39.8149261474609,jump_peak,x_659.642456054688_y_-364.884399414062
176.625,jump_input_released,662.642456054688,-364.220825195312,180.0,76.8519668579102,Jump,released
176.705,platform_landed,667.475769042969,-348.035522460938,0.0,0.0,land_on_platform,platform_scene-1/Tile Map/37_-19_layer_Tile Map_tile_37_-19_source_1_atlas_19_3
176.705,landed,667.475769042969,-348.035522460938,0.0,0.0,land,surface_wood_impact_0.52407427978516
176.716,musicking,667.475769042969,-348.035522460938,0.0,0.0,osc_received,"value_[1, ""leaves""]"
176.721,move_left_pressed,667.475769042969,-348.035522460938,-33.3333320617676,0.0,Move_Left,pressed
176.889,jump_input_pressed,644.1240234375,-347.137969970703,-180.0,74.0740737915039,Jump,pressed
176.889,jump_executed,644.1240234375,-347.137969970703,-180.0,-500.0,jump,x_644.1240234375_y_-347.137969970703
176.997,musicking,623.122863769531,-391.211761474609,-180.0,37.7720832824707,osc_received,"value_[1, ""head-bump""]"
177.007,jump_peak_reached,623.122863769531,-391.211761474609,-180.0,74.8091201782227,jump_peak,x_623.122863769531_y_-391.211761474609
177.289,jump_input_released,579.28955078125,-286.065216064453,0.0,704.438842773438,Jump,released
177.323,platform_landed,579.28955078125,-258.063903808594,0.0,0.0,land_on_platform,platform_scene-1/Tile Map/32_-14_layer_Tile Map_tile_32_-14_source_1_atlas_19_3
177.323,landed,579.28955078125,-258.063903808594,0.0,0.0,land,surface_wood_impact_1.55702587890625
177.33,musicking,579.28955078125,-258.063903808594,0.0,0.0,osc_received,"value_[1, ""leaves""]"
177.473,move_right_pressed,579.28955078125,-258.063903808594,33.3333320617676,0.0,Move_Right,pressed
177.556,jump_input_pressed,587.624267578125,-258.010131835938,180.0,0.0,Jump,pressed
177.556,jump_executed,587.624267578125,-258.010131835938,180.0,-500.0,jump,x_587.624267578125_y_-258.010131835938
177.973,jump_input_released,662.6318359375,-364.906097412109,96.6666641235352,2.77788853645325,Jump,released
177.988,jump_peak_reached,664.242919921875,-364.859802246094,13.3333311080933,39.8149261474609,jump_peak,x_664.242919921875_y_-364.859802246094
178.071,move_left_pressed,664.465148925781,-355.369049072266,-15.0,225.000106811523,Move_Left,pressed
178.089,platform_landed,663.716918945312,-348.053894042969,-30.0,0.0,land_on_platform,platform_scene-1/Tile Map/36_-19_layer_Tile Map_tile_36_-19_source_1_atlas_17_3
178.089,landed,663.716918945312,-348.053894042969,-30.0,0.0,land,surface_wood_impact_0.52407427978516
178.098,musicking,663.716918945312,-348.053894042969,-30.0,0.0,osc_received,"value_[1, ""leaves""]"
178.221,jump_input_pressed,647.143859863281,-347.760925292969,-180.0,37.037036895752,Jump,pressed
178.489,platform_landed,597.848571777344,-255.024627685547,-180.0,0.0,land_on_platform,platform_scene-1/Tile Map/32_-14_layer_Tile Map_tile_32_-14_source_1_atlas_19_3
178.489,landed,597.848571777344,-255.024627685547,-180.0,0.0,land,surface_wood_impact_1.25925939941406
178.49,musicking,597.848571777344,-255.024627685547,-180.0,0.0,osc_received,"value_[1, ""leaves""]"
178.606,musicking,598.044799804688,-254.520477294922,0.0,37.037036895752,osc_received,"value_[1, ""head-bump""]"
178.623,musicking,598.5654296875,-253.579330444336,0.0,74.0740737915039,osc_received,"value_[1, ""head-bump""]"
178.639,musicking,599.083984375,-251.905715942383,0.0,111.111114501953,osc_received,"value_[1, ""head-bump""]"
178.656,jump_input_released,599.083984375,-251.905715942383,0.0,148.148147583008,Jump,released
178.657,musicking,599.083984375,-249.436584472656,0.0,148.148147583008,osc_received,"value_[1, ""head-bump""]"
178.842,jump_input_pressed,599.083984375,-190.794586181641,0.0,555.555603027344,Jump,pressed
178.871,platform_landed,599.083984375,-171.002914428711,0.0,0.0,land_on_platform,platform_scene-1/Tile Map/33_-9_layer_Tile Map_tile_33_-9_source_1_atlas_1_0
178.871,landed,599.083984375,-171.002914428711,0.0,0.0,land,surface_wood_impact_1.25925939941406
178.888,jump_executed,599.083984375,-171.002914428711,0.0,-500.0,jump,x_599.083984375_y_-171.002914428711
178.888,move_right_pressed,599.083984375,-171.002914428711,33.3333320617676,-500.0,Move_Right,pressed
178.897,musicking,599.643737792969,-179.400527954102,33.3333320617676,-500.055541992188,osc_received,"value_[1, ""chain-jumps""]"
179.239,jump_input_released,644.726928710938,-274.789367675781,0.0,-75.3332214355469,Jump,released
179.322,jump_peak_reached,644.726928710938,-277.594909667969,0.0,45.0371475219727,jump_peak,x_644.726928710938_y_-277.594909667969
179.589,jump_input_pressed,644.726928710938,-191.510925292969,0.0,637.629821777344,Jump,pressed
179.605,platform_landed,644.726928710938,-171.000946044922,0.0,0.0,land_on_platform,platform_scene-1/Tile Map/35_-9_layer_Tile Map_tile_35_-9_source_1_atlas_2_0
179.605,landed,644.726928710938,-171.000946044922,0.0,0.0,land,surface_wood_impact_1.34933374023438
179.622,jump_executed,644.726928710938,-171.000946044922,0.0,-500.0,jump,x_644.726928710938_y_-171.000946044922
179.631,musicking,644.726928710938,-179.400527954102,0.0,-500.055541992188,osc_received,"value_[1, ""chain-jumps""]"
179.639,jump_peak_reached,644.726928710938,-179.400527954102,0.0,-479.222198486328,jump_peak,x_644.726928710938_y_-179.400527954102
179.671,move_left_pressed,644.726928710938,-195.03385925293,-15.0,-437.833282470703,Move_Left,pressed
180.09,jump_input_released,586.226928710938,-275.950500488281,-180.0,113.889007568359,Jump,released
180.171,platform_landed,581.393615722656,-258.0087890625,0.0,0.0,land_on_platform,platform_scene-1/Tile Map/32_-14_layer_Tile Map_tile_32_-14_source_1_atlas_19_3
180.171,landed,581.393615722656,-258.0087890625,0.0,0.0,land,surface_wood_impact_0.59814837646484
180.172,musicking,581.393615722656,-258.0087890625,0.0,0.0,osc_received,"value_[1, ""leaves""]"
180.188,move_right_pressed,581.393615722656,-258.0087890625,33.3333320617676,0.0,Move_Right,pressed
180.188,jump_input_pressed,581.393615722656,-258.0087890625,33.3333320617676,0.0,Jump,pressed
180.188,jump_executed,581.393615722656,-258.0087890625,33.3333320617676,-500.0,jump,x_581.393615722656_y_-258.0087890625
180.197,musicking,581.953430175781,-266.4072265625,33.3333320617676,-500.055541992188,osc_received,"value_[1, ""chain-jumps""]"
180.622,jump_peak_reached,646.203308105469,-364.901641845703,180.0,39.8149261474609,jump_peak,x_646.203308105469_y_-364.901641845703
180.671,jump_input_released,655.203308105469,-361.059051513672,180.0,150.926040649414,Jump,released
180.723,platform_landed,665.816040039062,-348.049163818359,96.6666641235352,0.0,land_on_platform,platform_scene-1/Tile Map/36_-19_layer_Tile Map_tile_36_-19_source_1_atlas_17_3
180.723,landed,665.816040039062,-348.049163818359,96.6666641235352,0.0,land,surface_wood_impact_0.52407427978516
180.723,musicking,665.816040039062,-348.049163818359,96.6666641235352,0.0,osc_received,"value_[1, ""leaves""]"
180.773,move_left_pressed,666.038269042969,-348.049163818359,-33.3333320617676,0.0,Move_Left,pressed
180.789,jump_input_pressed,665.482727050781,-348.049163818359,-66.6666641235352,0.0,Jump,pressed
180.789,jump_executed,665.482727050781,-348.049163818359,-66.6666641235352,-500.0,jump,x_665.482727050781_y_-348.049163818359
180.792,musicking,664.370483398438,-356.39208984375,-66.6666641235352,-500.055541992188,osc_received,"value_[1, ""chain-jumps""]"
180.913,musicking,653.066101074219,-405.078674316406,-2.17554187774658,-356.166595458984,osc_received,"value_[1, ""head-bump""]"
180.929,musicking,653.031677246094,-410.676177978516,-2.03591060638428,-335.833251953125,osc_received,"value_[1, ""head-bump""]"
180.948,musicking,653.004150390625,-415.935791015625,-1.91591739654541,-315.555450439453,osc_received,"value_[1, ""head-bump""]"
180.956,musicking,652.722229003906,-420.858001708984,-16.9159164428711,-295.333221435547,osc_received,"value_[1, ""head-bump""]"
181.223,jump_peak_reached,621.153015136719,-454.852416992188,-180.0,39.8149261474609,jump_peak,x_621.153015136719_y_-454.852416992188
181.338,jump_input_released,600.153015136719,-437.244384765625,-180.0,299.074188232422,Jump,released
181.622,platform_landed,595.319702148438,-257.068145751953,0.0,0.0,land_on_platform,platform_scene-1/Tile Map/32_-14_layer_Tile Map_tile_32_-14_source_1_atlas_19_3
181.622,landed,595.319702148438,-257.068145751953,0.0,0.0,land,surface_wood_impact_1.85740795898438
181.629,musicking,595.319702148438,-257.068145751953,0.0,0.0,osc_received,"value_[1, ""leaves""]"
181.955,move_right_pressed,595.319702148438,-257.068145751953,33.3333320617676,0.0,Move_Right,pressed
181.971,jump_input_pressed,595.905517578125,-256.704864501953,66.6666641235352,0.0,Jump,pressed
181.971,jump_executed,595.905517578125,-256.704864501953,66.6666641235352,-500.0,jump,x_595.905517578125_y_-256.704864501953
181.988,jump_peak_reached,597.024291992188,-265.096618652344,81.6666641235352,-479.222198486328,jump_peak,x_597.024291992188_y_-265.096618652344
182.422,jump_input_released,667.412963867188,-362.927459716797,13.3333311080933,76.8519668579102,Jump,released
182.488,move_left_pressed,667.635192871094,-354.100280761719,-15.0,225.000106811523,Move_Left,pressed
182.506,platform_landed,666.901306152344,-348.107116699219,-30.0,0.0,land_on_platform,platform_scene-1/Tile Map/37_-19_layer_Tile Map_tile_37_-19_source_1_atlas_19_3
182.506,landed,666.901306152344,-348.107116699219,-30.0,0.0,land,surface_wood_impact_0.52407427978516
182.507,musicking,666.901306152344,-348.107116699219,-30.0,0.0,osc_received,"value_[1, ""leaves""]"
182.589,jump_input_pressed,659.345825195312,-348.052215576172,-180.0,0.0,Jump,pressed
182.591,jump_executed,659.345825195312,-348.052215576172,-180.0,-500.0,jump,x_659.345825195312_y_-348.052215576172
182.593,musicking,656.340087890625,-356.402435302734,-180.0,-500.055541992188,osc_received,"value_[1, ""chain-jumps""]"
182.697,musicking,638.339233398438,-391.381958007812,-180.0,37.037036895752,osc_received,"value_[1, ""head-bump""]"
182.705,jump_peak_reached,638.339233398438,-391.381958007812,-180.0,74.0740737915039,jump_peak,x_638.339233398438_y_-391.381958007812
183.023,platform_landed,578.4013671875,-258.095458984375,-180.0,0.0,land_on_platform,platform_scene-1/Tile Map/32_-14_layer_Tile Map_tile_32_-14_source_1_atlas_19_3
183.023,landed,578.4013671875,-258.095458984375,-180.0,0.0,land,surface_wood_impact_1.55555578613281
183.03,musicking,578.4013671875,-258.095458984375,-180.0,0.0,osc_received,"value_[1, ""leaves""]"
183.104,jump_input_released,573.568359375,-258.018585205078,0.0,0.0,Jump,released
183.297,move_right_pressed,573.568359375,-258.018585205078,33.3333320617676,0.0,Move_Right,pressed
183.389,jump_input_pressed,584.897277832031,-258.008453369141,180.0,0.0,Jump,pressed
183.389,jump_executed,584.897277832031,-258.008453369141,180.0,-500.0,jump,x_584.897277832031_y_-258.008453369141
183.826,jump_peak_reached,662.910827636719,-364.874816894531,180.0,39.8149261474609,jump_peak,x_662.910827636719_y_-364.874816894531
183.872,jump_input_released,671.910827636719,-361.0322265625,96.6666641235352,150.926040649414,Jump,released
183.921,platform_landed,673.744140625,-348.000335693359,0.0,0.0,land_on_platform,platform_scene-1/Tile Map/37_-19_layer_Tile Map_tile_37_-19_source_1_atlas_19_3
183.921,landed,673.744140625,-348.000335693359,0.0,0.0,land,surface_wood_impact_0.52407427978516
183.923,musicking,673.744140625,-348.000335693359,0.0,0.0,osc_received,"value_[1, ""leaves""]"
184.106,move_left_pressed,673.744140625,-348.000335693359,-33.3333320617676,0.0,Move_Left,pressed
184.222,jump_input_pressed,659.411682128906,-348.055847167969,-180.0,0.0,Jump,pressed
184.222,jump_executed,659.411682128906,-348.055847167969,-180.0,-500.0,jump,x_659.411682128906_y_-348.055847167969
184.329,musicking,638.406127929688,-391.382080078125,-180.0,37.037036895752,osc_received,"value_[1, ""head-bump""]"
184.338,jump_peak_reached,638.406127929688,-391.382080078125,-180.0,74.0740737915039,jump_peak,x_638.406127929688_y_-391.382080078125
184.655,platform_landed,578.46826171875,-258.095001220703,-180.0,0.0,land_on_platform,platform_scene-1/Tile Map/32_-14_layer_Tile Map_tile_32_-14_source_1_atlas_19_3
184.655,landed,578.46826171875,-258.095001220703,-180.0,0.0,land,surface_wood_impact_1.55555578613281
184.656,musicking,578.46826171875,-258.095001220703,-180.0,0.0,osc_received,"value_[1, ""leaves""]"
184.79,jump_input_released,570.63525390625,-258.021850585938,0.0,0.0,Jump,released
184.972,move_right_pressed,570.63525390625,-258.021850585938,33.3333320617676,0.0,Move_Right,pressed
185.105,jump_input_pressed,587.969909667969,-258.004425048828,180.0,0.0,Jump,pressed
185.105,jump_executed,587.969909667969,-258.004425048828,180.0,-500.0,jump,x_587.969909667969_y_-258.004425048828
185.541,jump_peak_reached,665.978332519531,-364.856567382812,180.0,39.8149261474609,jump_peak,x_665.978332519531_y_-364.856567382812
185.541,jump_input_released,665.978332519531,-364.856567382812,180.0,39.8149261474609,Jump,released
185.64,platform_landed,673.811645507812,-348.007690429688,0.0,0.0,land_on_platform,platform_scene-1/Tile Map/37_-19_layer_Tile Map_tile_37_-19_source_1_atlas_19_3
185.64,landed,673.811645507812,-348.007690429688,0.0,0.0,land,surface_wood_impact_0.52407427978516
185.646,musicking,673.811645507812,-348.007690429688,0.0,0.0,osc_received,"value_[1, ""leaves""]"
185.757,move_left_pressed,673.811645507812,-348.007690429688,-33.3333320617676,0.0,Move_Left,pressed
185.905,jump_input_pressed,653.479187011719,-348.055877685547,-180.0,0.0,Jump,pressed
185.905,jump_executed,653.479187011719,-348.055877685547,-180.0,-500.0,jump,x_653.479187011719_y_-348.055877685547
186.006,musicking,632.4697265625,-391.383331298828,-180.0,37.037036895752,osc_received,"value_[1, ""head-bump""]"
186.025,jump_peak_reached,632.4697265625,-391.383331298828,-180.0,74.0740737915039,jump_peak,x_632.4697265625_y_-391.383331298828
186.341,platform_landed,579.636413574219,-258.06689453125,0.0,0.0,land_on_platform,platform_scene-1/Tile Map/32_-14_layer_Tile Map_tile_32_-14_source_1_atlas_19_3
186.342,landed,579.636413574219,-258.06689453125,0.0,0.0,land,surface_wood_impact_1.55555578613281
186.346,musicking,579.636413574219,-258.06689453125,0.0,0.0,osc_received,"value_[1, ""leaves""]"
186.439,jump_input_released,579.636413574219,-258.06689453125,0.0,0.0,Jump,released
186.576,move_right_pressed,579.636413574219,-258.06689453125,33.3333320617676,0.0,Move_Right,pressed
186.704,jump_input_pressed,596.989685058594,-257.63330078125,180.0,37.037036895752,Jump,pressed
186.972,platform_landed,647.989685058594,-171.066604614258,180.0,0.0,land_on_platform,platform_scene-1/Tile Map/35_-9_layer_Tile Map_tile_35_-9_source_1_atlas_2_0
186.972,landed,647.989685058594,-171.066604614258,180.0,0.0,land,surface_wood_impact_1.25925939941406
187.138,jump_input_released,667.822998046875,-171.066604614258,0.0,0.0,Jump,released
187.29,move_left_pressed,667.822998046875,-171.066604614258,-33.3333320617676,0.0,Move_Left,pressed
187.305,jump_input_pressed,667.267456054688,-171.066604614258,-66.6666641235352,0.0,Jump,pressed
187.305,jump_executed,667.267456054688,-171.066604614258,-66.6666641235352,-500.0,jump,x_667.267456054688_y_-171.066604614258
187.739,jump_peak_reached,597.377685546875,-277.903533935547,-180.0,39.8149261474609,jump_peak,x_597.377685546875_y_-277.903533935547
187.84,jump_input_released,580.7666015625,-264.662780761719,-13.3333311080933,262.037139892578,Jump,released
187.855,platform_landed,580.544372558594,-258.017395019531,0.0,0.0,land_on_platform,platform_scene-1/Tile Map/32_-14_layer_Tile Map_tile_32_-14_source_1_atlas_19_3
187.855,landed,580.544372558594,-258.017395019531,0.0,0.0,land,surface_wood_impact_0.59814837646484
187.866,musicking,580.544372558594,-258.017395019531,0.0,0.0,osc_received,"value_[1, ""leaves""]"
187.971,move_right_pressed,580.544372558594,-258.017395019531,33.3333320617676,0.0,Move_Right,pressed
188.039,jump_input_pressed,586.100830078125,-257.990264892578,166.666656494141,0.0,Jump,pressed
188.039,jump_executed,586.100830078125,-257.990264892578,166.666656494141,-500.0,jump,x_586.100830078125_y_-257.990264892578
188.471,jump_peak_reached,663.893859863281,-364.864654541016,180.0,39.8149261474609,jump_peak,x_663.893859863281_y_-364.864654541016
188.542,jump_input_released,674.504943847656,-358.506622314453,13.3333311080933,187.963073730469,Jump,released
188.572,platform_landed,674.727172851562,-347.990173339844,0.0,0.0,land_on_platform,platform_scene-1/Tile Map/37_-19_layer_Tile Map_tile_37_-19_source_1_atlas_19_3
188.572,landed,674.727172851562,-347.990173339844,0.0,0.0,land,surface_wood_impact_0.52407427978516
188.573,musicking,674.727172851562,-347.990173339844,0.0,0.0,osc_received,"value_[1, ""leaves""]"
188.622,move_left_pressed,674.727172851562,-347.990173339844,-33.3333320617676,0.0,Move_Left,pressed
188.788,jump_input_pressed,651.390502929688,-348.063415527344,-180.0,0.0,Jump,pressed
188.788,jump_executed,651.390502929688,-348.063415527344,-180.0,-500.0,jump,x_651.390502929688_y_-348.063415527344
188.89,musicking,630.388916015625,-391.38623046875,-180.0,37.037036895752,osc_received,"value_[1, ""head-bump""]"
188.905,jump_peak_reached,630.388916015625,-391.38623046875,-180.0,74.0740737915039,jump_peak,x_630.388916015625_y_-391.38623046875
189.224,platform_landed,571.802978515625,-258.025817871094,-96.6666641235352,0.0,land_on_platform,platform_scene-1/Tile Map/31_-14_layer_Tile Map_tile_31_-14_source_1_atlas_18_3
189.224,landed,571.802978515625,-258.025817871094,-96.6666641235352,0.0,land,surface_wood_impact_1.55555578613281
189.229,musicking,571.802978515625,-258.025817871094,-96.6666641235352,0.0,osc_received,"value_[1, ""leaves""]"
189.339,jump_input_released,571.580749511719,-258.025817871094,0.0,0.0,Jump,released
189.56,move_right_pressed,571.580749511719,-258.025817871094,33.3333320617676,0.0,Move_Right,pressed
189.671,jump_input_pressed,585.910583496094,-257.999877929688,180.0,0.0,Jump,pressed
189.671,jump_executed,585.910583496094,-257.999877929688,180.0,-500.0,jump,x_585.910583496094_y_-257.999877929688
190.107,jump_peak_reached,663.924499511719,-364.867156982422,180.0,39.8149261474609,jump_peak,x_663.924499511719_y_-364.867156982422
190.107,jump_input_released,663.924499511719,-364.867156982422,180.0,39.8149261474609,Jump,released
190.205,platform_landed,668.7578125,-348.043853759766,0.0,0.0,land_on_platform,platform_scene-1/Tile Map/37_-19_layer_Tile Map_tile_37_-19_source_1_atlas_19_3
190.205,landed,668.7578125,-348.043853759766,0.0,0.0,land,surface_wood_impact_0.52407427978516
190.207,musicking,668.7578125,-348.043853759766,0.0,0.0,osc_received,"value_[1, ""leaves""]"
190.873,jump_input_pressed,668.7578125,-348.043853759766,0.0,0.0,Jump,pressed
190.874,jump_executed,668.7578125,-348.043853759766,0.0,-500.0,jump,x_668.7578125_y_-348.043853759766
191.024,move_left_pressed,668.7578125,-410.747314453125,-15.0,-314.999908447266,Move_Left,pressed
191.288,jump_input_released,644.424499511719,-454.969482421875,0.0,2.77788853645325,Jump,released
191.304,jump_peak_reached,644.424499511719,-454.923187255859,0.0,39.8149261474609,jump_peak,x_644.424499511719_y_-454.923187255859
191.339,move_left_pressed,644.424499511719,-452.978759765625,-15.0,113.889007568359,Move_Left,pressed
191.474,platform_landed,640.674499511719,-420.002197265625,0.0,0.0,land_on_platform,platform_scene-1/Tile Map/35_-23_layer_Tile Map_tile_35_-23_source_1_atlas_19_3
191.474,landed,640.674499511719,-420.002197265625,0.0,0.0,land,surface_wood_impact_0.82037066650391
191.48,musicking,640.674499511719,-420.002197265625,0.0,0.0,osc_received,"value_[1, ""leaves""]"
191.589,move_left_pressed,640.674499511719,-420.002197265625,-33.3333320617676,0.0,Move_Left,pressed
192.155,platform_landed,576.493591308594,-258.037322998047,0.0,0.0,land_on_platform,platform_scene-1/Tile Map/32_-14_layer_Tile Map_tile_32_-14_source_1_atlas_19_3
192.155,landed,576.493591308594,-258.037322998047,0.0,0.0,land,surface_wood_impact_1.70370397949219
192.157,musicking,576.493591308594,-258.037322998047,0.0,0.0,osc_received,"value_[1, ""leaves""]"
192.441,move_right_pressed,576.493591308594,-258.037322998047,33.3333320617676,0.0,Move_Right,pressed
192.488,jump_input_pressed,579.827453613281,-258.018585205078,133.33332824707,0.0,Jump,pressed
192.488,jump_executed,579.827453613281,-258.018585205078,133.33332824707,-500.0,jump,x_579.827453613281_y_-258.018585205078
192.889,jump_input_released,650.232788085938,-364.654235839844,180.0,-16.6665554046631,Jump,released
192.922,jump_peak_reached,656.232788085938,-364.862548828125,180.0,41.2038154602051,jump_peak,x_656.232788085938_y_-364.862548828125
193.023,platform_landed,667.066101074219,-348.061462402344,0.0,0.0,land_on_platform,platform_scene-1/Tile Map/37_-19_layer_Tile Map_tile_37_-19_source_1_atlas_19_3
193.023,landed,667.066101074219,-348.061462402344,0.0,0.0,land,surface_wood_impact_0.52685205078125
193.025,musicking,667.066101074219,-348.061462402344,0.0,0.0,osc_received,"value_[1, ""leaves""]"
193.206,jump_input_pressed,667.066101074219,-348.061462402344,0.0,0.0,Jump,pressed
193.206,jump_executed,667.066101074219,-348.061462402344,0.0,-500.0,jump,x_667.066101074219_y_-348.061462402344
193.34,move_left_pressed,667.066101074219,-405.1630859375,-15.0,-335.333251953125,Move_Left,pressed
193.589,jump_input_released,638.566101074219,-454.056549072266,-180.0,-36.1665573120117,Jump,released
193.641,jump_peak_reached,629.566101074219,-454.823211669922,-96.6666641235352,42.5371475219727,jump_peak,x_629.566101074219_y_-454.823211669922
193.79,platform_landed,627.732788085938,-419.989562988281,0.0,0.0,land_on_platform,platform_scene-1/Tile Map/34_-23_layer_Tile Map_tile_34_-23_source_1_atlas_17_3
193.79,landed,627.732788085938,-419.989562988281,0.0,0.0,land,surface_wood_impact_0.75174102783203
193.797,musicking,627.732788085938,-419.989562988281,0.0,0.0,osc_received,"value_[1, ""leaves""]"
193.871,move_left_pressed,627.732788085938,-419.989562988281,-33.3333320617676,0.0,Move_Left,pressed
194.372,platform_landed,578.5419921875,-258.0625,0.0,0.0,land_on_platform,platform_scene-1/Tile Map/32_-14_layer_Tile Map_tile_32_-14_source_1_atlas_19_3
194.372,landed,578.5419921875,-258.0625,0.0,0.0,land,surface_wood_impact_1.70370397949219
194.375,musicking,578.5419921875,-258.0625,0.0,0.0,osc_received,"value_[1, ""leaves""]"
194.604,move_right_pressed,578.5419921875,-258.0625,33.3333320617676,0.0,Move_Right,pressed
194.69,jump_input_pressed,586.876342773438,-258.008850097656,180.0,0.0,Jump,pressed
194.691,jump_executed,586.876342773438,-258.008850097656,180.0,-500.0,jump,x_586.876342773438_y_-258.008850097656
195.107,jump_input_released,661.885803222656,-364.910064697266,96.6666641235352,2.77788853645325,Jump,released
195.122,jump_peak_reached,663.496887207031,-364.86376953125,13.3333311080933,39.8149261474609,jump_peak,x_663.496887207031_y_-364.86376953125
195.224,platform_landed,663.719116210938,-347.989288330078,0.0,0.0,land_on_platform,platform_scene-1/Tile Map/36_-19_layer_Tile Map_tile_36_-19_source_1_atlas_17_3
195.224,landed,663.719116210938,-347.989288330078,0.0,0.0,land,surface_wood_impact_0.52407427978516
195.225,musicking,663.719116210938,-347.989288330078,0.0,0.0,osc_received,"value_[1, ""leaves""]"
195.472,jump_input_pressed,663.719116210938,-347.989288330078,0.0,0.0,Jump,pressed
195.472,jump_executed,663.719116210938,-347.989288330078,0.0,-500.0,jump,x_663.719116210938_y_-347.989288330078
195.605,move_left_pressed,663.719116210938,-405.109191894531,-15.0,-335.333251953125,Move_Left,pressed
195.821,jump_input_released,641.219116210938,-451.776733398438,-180.0,-75.3332214355469,Jump,released
195.905,jump_peak_reached,630.385803222656,-454.582275390625,0.0,45.0371475219727,jump_peak,x_630.385803222656_y_-454.582275390625
196.055,platform_landed,630.385803222656,-420.024993896484,0.0,0.0,land_on_platform,platform_scene-1/Tile Map/35_-23_layer_Tile Map_tile_35_-23_source_1_atlas_19_3
196.055,landed,630.385803222656,-420.024993896484,0.0,0.0,land,surface_wood_impact_0.75674102783203
196.063,musicking,630.385803222656,-420.024993896484,0.0,0.0,osc_received,"value_[1, ""leaves""]"
196.19,move_left_pressed,630.385803222656,-420.024993896484,-33.3333320617676,0.0,Move_Left,pressed
196.706,platform_landed,572.188659667969,-257.966918945312,0.0,0.0,land_on_platform,platform_scene-1/Tile Map/31_-14_layer_Tile Map_tile_31_-14_source_1_atlas_18_3
196.706,landed,572.188659667969,-257.966918945312,0.0,0.0,land,surface_wood_impact_1.70370397949219
196.713,musicking,572.188659667969,-257.966918945312,0.0,0.0,osc_received,"value_[1, ""leaves""]"
196.888,move_right_pressed,572.188659667969,-257.966918945312,33.3333320617676,0.0,Move_Right,pressed
196.955,jump_input_pressed,577.739929199219,-258.089385986328,166.666656494141,0.0,Jump,pressed
196.956,jump_executed,577.739929199219,-258.089385986328,166.666656494141,-500.0,jump,x_577.739929199219_y_-258.089385986328
197.355,jump_input_released,649.52294921875,-364.679229736328,180.0,-16.6665554046631,Jump,released
197.388,jump_peak_reached,654.134033203125,-364.887542724609,13.3333311080933,41.2038154602051,jump_peak,x_654.134033203125_y_-364.887542724609
197.488,platform_landed,654.356262207031,-348.00927734375,0.0,0.0,land_on_platform,platform_scene-1/Tile Map/36_-19_layer_Tile Map_tile_36_-19_source_1_atlas_17_3
197.488,landed,654.356262207031,-348.00927734375,0.0,0.0,land,surface_wood_impact_0.52685205078125
197.498,musicking,654.356262207031,-348.00927734375,0.0,0.0,osc_received,"value_[1, ""leaves""]"
197.723,jump_input_pressed,654.356262207031,-348.00927734375,0.0,0.0,Jump,pressed
197.723,jump_executed,654.356262207031,-348.00927734375,0.0,-500.0,jump,x_654.356262207031_y_-348.00927734375
197.972,move_left_pressed,654.356262207031,-437.245635986328,-15.0,-194.166549682617,Move_Left,pressed
198.139,jump_input_released,640.606262207031,-454.949310302734,-165.0,2.77788853645325,Jump,released
198.155,jump_peak_reached,637.856262207031,-454.903015136719,-180.0,39.8149261474609,jump_peak,x_637.856262207031_y_-454.903015136719
198.324,platform_landed,633.02294921875,-420.062133789062,0.0,0.0,land_on_platform,platform_scene-1/Tile Map/35_-23_layer_Tile Map_tile_35_-23_source_1_atlas_19_3
198.325,landed,633.02294921875,-420.062133789062,0.0,0.0,land,surface_wood_impact_0.82037066650391
198.33,musicking,633.02294921875,-420.062133789062,0.0,0.0,osc_received,"value_[1, ""leaves""]"
198.391,move_left_pressed,633.02294921875,-420.062133789062,-33.3333320617676,0.0,Move_Left,pressed
198.922,platform_landed,577.824584960938,-258.059906005859,0.0,0.0,land_on_platform,platform_scene-1/Tile Map/32_-14_layer_Tile Map_tile_32_-14_source_1_atlas_19_3
198.922,landed,577.824584960938,-258.059906005859,0.0,0.0,land,surface_wood_impact_1.70370397949219
198.922,musicking,577.824584960938,-258.059906005859,0.0,0.0,osc_received,"value_[1, ""leaves""]"
199.055,move_right_pressed,577.824584960938,-258.059906005859,33.3333320617676,0.0,Move_Right,pressed
199.072,jump_input_pressed,578.380432128906,-258.098999023438,66.6666641235352,0.0,Jump,pressed
199.072,jump_executed,578.380432128906,-258.098999023438,66.6666641235352,-500.0,jump,x_578.380432128906_y_-258.098999023438
199.505,jump_peak_reached,648.269775390625,-364.932647705078,180.0,39.8149261474609,jump_peak,x_648.269775390625_y_-364.932647705078
199.607,jump_input_released,666.269775390625,-351.69189453125,96.6666641235352,262.037139892578,Jump,released
199.607,platform_landed,667.886657714844,-348.098785400391,96.6666641235352,0.0,land_on_platform,platform_scene-1/Tile Map/37_-19_layer_Tile Map_tile_37_-19_source_1_atlas_19_3
199.608,landed,667.886657714844,-348.098785400391,96.6666641235352,0.0,land,surface_wood_impact_0.52407427978516
199.608,musicking,667.886657714844,-348.098785400391,96.6666641235352,0.0,osc_received,"value_[1, ""leaves""]"
199.891,jump_input_pressed,668.108947753906,-348.098785400391,0.0,0.0,Jump,pressed
199.892,jump_executed,668.108947753906,-348.098785400391,0.0,-500.0,jump,x_668.108947753906_y_-348.098785400391
200.039,move_left_pressed,668.108947753906,-410.758544921875,-15.0,-314.999908447266,Move_Left,pressed
200.305,jump_input_released,637.997863769531,-454.980712890625,-13.3333311080933,2.77788853645325,Jump,released
200.321,jump_peak_reached,637.775634765625,-454.934417724609,0.0,39.8149261474609,jump_peak,x_637.775634765625_y_-454.934417724609
200.49,platform_landed,637.775634765625,-420.013427734375,0.0,0.0,land_on_platform,platform_scene-1/Tile Map/35_-23_layer_Tile Map_tile_35_-23_source_1_atlas_19_3
200.49,landed,637.775634765625,-420.013427734375,0.0,0.0,land,surface_wood_impact_0.82037066650391
200.492,musicking,637.775634765625,-420.013427734375,0.0,0.0,osc_received,"value_[1, ""leaves""]"
201.088,move_left_pressed,637.775634765625,-420.013427734375,-33.3333320617676,0.0,Move_Left,pressed
201.639,platform_landed,582.595458984375,-258.005645751953,0.0,0.0,land_on_platform,platform_scene-1/Tile Map/32_-14_layer_Tile Map_tile_32_-14_source_1_atlas_19_3
201.639,landed,582.595458984375,-258.005645751953,0.0,0.0,land,surface_wood_impact_1.70370397949219
201.646,musicking,582.595458984375,-258.005645751953,0.0,0.0,osc_received,"value_[1, ""leaves""]"
201.872,move_right_pressed,582.595458984375,-258.005645751953,33.3333320617676,0.0,Move_Right,pressed
201.957,jump_input_pressed,590.930053710938,-257.975708007812,180.0,0.0,Jump,pressed
201.957,jump_executed,590.930053710938,-257.975708007812,180.0,-500.0,jump,x_590.930053710938_y_-257.975708007812
202.388,jump_peak_reached,667.551574707031,-364.833343505859,13.3333311080933,39.8149261474609,jump_peak,x_667.551574707031_y_-364.833343505859
202.389,jump_input_released,667.551574707031,-364.833343505859,13.3333311080933,39.8149261474609,Jump,released
202.489,platform_landed,667.773803710938,-348.03564453125,0.0,0.0,land_on_platform,platform_scene-1/Tile Map/37_-19_layer_Tile Map_tile_37_-19_source_1_atlas_19_3
202.489,landed,667.773803710938,-348.03564453125,0.0,0.0,land,surface_wood_impact_0.52407427978516
202.496,musicking,667.773803710938,-348.03564453125,0.0,0.0,osc_received,"value_[1, ""leaves""]"
202.755,jump_input_pressed,667.773803710938,-348.03564453125,0.0,0.0,Jump,pressed
202.755,jump_executed,667.773803710938,-348.03564453125,0.0,-500.0,jump,x_667.773803710938_y_-348.03564453125
202.856,move_left_pressed,667.773803710938,-392.943206787109,-15.0,-376.166595458984,Move_Left,pressed
203.107,jump_input_released,639.273803710938,-451.822784423828,-180.0,-75.3332214355469,Jump,released
203.189,jump_peak_reached,631.440490722656,-454.628326416016,0.0,45.0371475219727,jump_peak,x_631.440490722656_y_-454.628326416016
203.341,platform_landed,631.440490722656,-420.071044921875,0.0,0.0,land_on_platform,platform_scene-1/Tile Map/35_-23_layer_Tile Map_tile_35_-23_source_1_atlas_19_3
203.341,landed,631.440490722656,-420.071044921875,0.0,0.0,land,surface_wood_impact_0.75674102783203
203.346,musicking,631.440490722656,-420.071044921875,0.0,0.0,osc_received,"value_[1, ""leaves""]"
203.764,move_left_pressed,631.440490722656,-420.071044921875,-33.3333320617676,0.0,Move_Left,pressed
204.298,platform_landed,581.694946289062,-258.012725830078,0.0,0.0,land_on_platform,platform_scene-1/Tile Map/32_-14_layer_Tile Map_tile_32_-14_source_1_atlas_19_3
204.299,landed,581.694946289062,-258.012725830078,0.0,0.0,land,surface_wood_impact_1.70370397949219
204.304,musicking,581.694946289062,-258.012725830078,0.0,0.0,osc_received,"value_[1, ""leaves""]"
204.5,move_right_pressed,581.694946289062,-258.012725830078,33.3333320617676,0.0,Move_Right,pressed
204.512,jump_input_pressed,582.250915527344,-258.068298339844,66.6666641235352,0.0,Jump,pressed
204.512,jump_executed,582.250915527344,-258.068298339844,66.6666641235352,-500.0,jump,x_582.250915527344_y_-258.068298339844
204.946,jump_peak_reached,652.140563964844,-364.904022216797,180.0,39.8149261474609,jump_peak,x_652.140563964844_y_-364.904022216797
205.013,jump_input_released,659.973876953125,-358.545989990234,0.0,187.963073730469,Jump,released
205.047,platform_landed,659.973876953125,-348.003967285156,0.0,0.0,land_on_platform,platform_scene-1/Tile Map/36_-19_layer_Tile Map_tile_36_-19_source_1_atlas_17_3
205.047,landed,659.973876953125,-348.003967285156,0.0,0.0,land,surface_wood_impact_0.52407427978516
205.057,musicking,659.973876953125,-348.003967285156,0.0,0.0,osc_received,"value_[1, ""leaves""]"
205.33,jump_input_pressed,659.973876953125,-348.003967285156,0.0,0.0,Jump,pressed
205.33,jump_executed,659.973876953125,-348.003967285156,0.0,-500.0,jump,x_659.973876953125_y_-348.003967285156
205.431,move_left_pressed,659.973876953125,-392.906311035156,-15.0,-376.166595458984,Move_Left,pressed
205.68,jump_input_released,631.473876953125,-451.785888671875,-180.0,-75.3332214355469,Jump,released
205.763,jump_peak_reached,626.640563964844,-454.591430664062,0.0,45.0371475219727,jump_peak,x_626.640563964844_y_-454.591430664062
205.913,platform_landed,626.640563964844,-419.997222900391,0.0,0.0,land_on_platform,platform_scene-1/Tile Map/34_-23_layer_Tile Map_tile_34_-23_source_1_atlas_17_3
205.914,landed,626.640563964844,-419.997222900391,0.0,0.0,land,surface_wood_impact_0.75674102783203
205.922,musicking,626.640563964844,-419.997222900391,0.0,0.0,osc_received,"value_[1, ""leaves""]"
206.113,move_left_pressed,626.640563964844,-419.997222900391,-33.3333320617676,0.0,Move_Left,pressed
206.598,platform_landed,574.467407226562,-257.981689453125,0.0,0.0,land_on_platform,platform_scene-1/Tile Map/31_-14_layer_Tile Map_tile_31_-14_source_1_atlas_18_3
206.598,landed,574.467407226562,-257.981689453125,0.0,0.0,land,surface_wood_impact_1.70370397949219
206.605,musicking,574.467407226562,-257.981689453125,0.0,0.0,osc_received,"value_[1, ""leaves""]"
209.597,move_right_pressed,574.467407226562,-257.981689453125,33.3333320617676,0.0,Move_Right,pressed
209.597,jump_input_pressed,574.467407226562,-257.981689453125,33.3333320617676,0.0,Jump,pressed
209.597,jump_executed,574.467407226562,-257.981689453125,33.3333320617676,-500.0,jump,x_574.467407226562_y_-257.981689453125
210.03,jump_peak_reached,639.275451660156,-364.849273681641,180.0,39.8149261474609,jump_peak,x_639.275451660156_y_-364.849273681641
210.131,platform_landed,660.277221679688,-348.061218261719,180.0,0.0,land_on_platform,platform_scene-1/Tile Map/36_-19_layer_Tile Map_tile_36_-19_source_1_atlas_17_3
210.131,landed,660.277221679688,-348.061218261719,180.0,0.0,land,surface_wood_impact_0.52407427978516
210.14,musicking,660.277221679688,-348.061218261719,180.0,0.0,osc_received,"value_[1, ""leaves""]"
210.18,jump_input_released,662.110534667969,-348.061218261719,0.0,0.0,Jump,released
212.913,jump_input_pressed,662.110534667969,-348.061218261719,0.0,0.0,Jump,pressed
212.914,jump_executed,662.110534667969,-348.061218261719,0.0,-500.0,jump,x_662.110534667969_y_-348.061218261719
213.065,move_left_pressed,662.110534667969,-410.718872070312,-15.0,-314.999908447266,Move_Left,pressed
213.347,jump_peak_reached,628.999450683594,-454.894744873047,-13.3333311080933,39.8149261474609,jump_peak,x_628.999450683594_y_-454.894744873047
213.416,jump_input_released,628.777221679688,-448.536712646484,0.0,187.963073730469,Jump,released
213.514,platform_landed,628.777221679688,-420.013793945312,0.0,0.0,land_on_platform,platform_scene-1/Tile Map/34_-23_layer_Tile Map_tile_34_-23_source_1_atlas_17_3
213.514,landed,628.777221679688,-420.013793945312,0.0,0.0,land,surface_wood_impact_0.82037066650391
213.516,musicking,628.777221679688,-420.013793945312,0.0,0.0,osc_received,"value_[1, ""leaves""]"
216.371,move_left_pressed,628.777221679688,-420.013793945312,-33.3333320617676,0.0,Move_Left,pressed
216.872,platform_landed,591.596313476562,-257.950042724609,0.0,0.0,land_on_platform,platform_scene-1/Tile Map/32_-14_layer_Tile Map_tile_32_-14_source_1_atlas_19_3
216.872,landed,591.596313476562,-257.950042724609,0.0,0.0,land,surface_wood_impact_1.70370397949219
216.881,musicking,591.596313476562,-257.950042724609,0.0,0.0,osc_received,"value_[1, ""leaves""]"
218.424,jump_input_pressed,591.596313476562,-257.950042724609,0.0,0.0,Jump,pressed
218.424,jump_executed,591.596313476562,-257.950042724609,0.0,-500.0,jump,x_591.596313476562_y_-257.950042724609
218.439,move_right_pressed,591.596313476562,-266.335021972656,15.0,-479.222198486328,Move_Right,pressed
218.857,jump_peak_reached,650.096313476562,-364.829437255859,180.0,39.8149261474609,jump_peak,x_650.096313476562_y_-364.829437255859
218.905,jump_input_released,659.096313476562,-360.986846923828,180.0,150.926040649414,Jump,released
218.956,platform_landed,663.929626464844,-348.006134033203,0.0,0.0,land_on_platform,platform_scene-1/Tile Map/36_-19_layer_Tile Map_tile_36_-19_source_1_atlas_17_3
218.956,landed,663.929626464844,-348.006134033203,0.0,0.0,land,surface_wood_impact_0.52407427978516
218.963,musicking,663.929626464844,-348.006134033203,0.0,0.0,osc_received,"value_[1, ""leaves""]"
220.821,jump_input_pressed,663.929626464844,-348.006134033203,0.0,0.0,Jump,pressed
220.821,jump_executed,663.929626464844,-348.006134033203,0.0,-500.0,jump,x_663.929626464844_y_-348.006134033203
220.974,move_left_pressed,663.929626464844,-410.708190917969,-15.0,-314.999908447266,Move_Left,pressed
221.206,jump_input_released,638.429626464844,-454.004425048828,-180.0,-36.1665573120117,Jump,released
221.255,jump_peak_reached,629.429626464844,-454.771087646484,-180.0,42.5371475219727,jump_peak,x_629.429626464844_y_-454.771087646484
221.405,platform_landed,624.596313476562,-420.001678466797,0.0,0.0,land_on_platform,platform_scene-1/Tile Map/34_-23_layer_Tile Map_tile_34_-23_source_1_atlas_17_3
221.405,landed,624.596313476562,-420.001678466797,0.0,0.0,land,surface_wood_impact_0.75174102783203
221.406,musicking,624.596313476562,-420.001678466797,0.0,0.0,osc_received,"value_[1, ""leaves""]"
223.291,jump_input_pressed,624.596313476562,-420.001678466797,0.0,0.0,Jump,pressed
223.291,jump_executed,624.596313476562,-420.001678466797,0.0,-500.0,jump,x_624.596313476562_y_-420.001678466797
223.323,move_left_pressed,624.596313476562,-436.384429931641,-15.0,-458.499969482422,Move_Left,pressed
223.722,jump_peak_reached,569.096313476562,-526.889953613281,-180.0,39.8149261474609,jump_peak,x_569.096313476562_y_-526.889953613281
223.722,jump_input_released,569.096313476562,-526.889953613281,-180.0,39.8149261474609,Jump,released
224.114,platform_landed,549.263000488281,-349.011016845703,0.0,0.0,land_on_platform,platform_scene-1/Tile Map/30_-19_layer_Tile Map_tile_30_-19_source_1_atlas_15_0
224.114,landed,549.263000488281,-349.011016845703,0.0,0.0,land,surface_wood_impact_1.78333386230469
225.63,move_right_pressed,549.263000488281,-349.011016845703,33.3333320617676,0.0,Move_Right,pressed
225.998,platform_landed,580.430114746094,-258.050872802734,0.0,0.0,land_on_platform,platform_scene-1/Tile Map/32_-14_layer_Tile Map_tile_32_-14_source_1_atlas_19_3
225.998,landed,580.430114746094,-258.050872802734,0.0,0.0,land,surface_wood_impact_1.25925939941406
225.999,musicking,580.430114746094,-258.050872802734,0.0,0.0,osc_received,"value_[1, ""leaves""]"
226.547,move_right_pressed,580.430114746094,-258.050872802734,33.3333320617676,0.0,Move_Right,pressed
226.631,jump_input_pressed,588.764465332031,-257.995330810547,180.0,0.0,Jump,pressed
226.631,jump_executed,588.764465332031,-257.995330810547,180.0,-500.0,jump,x_588.764465332031_y_-257.995330810547
226.981,jump_input_released,651.773803710938,-361.744445800781,180.0,-75.3332214355469,Jump,released
227.062,jump_peak_reached,659.607116699219,-364.549987792969,0.0,45.0371475219727,jump_peak,x_659.607116699219_y_-364.549987792969
227.165,platform_landed,659.607116699219,-348.003051757812,0.0,0.0,land_on_platform,platform_scene-1/Tile Map/36_-19_layer_Tile Map_tile_36_-19_source_1_atlas_17_3
227.165,landed,659.607116699219,-348.003051757812,0.0,0.0,land,surface_wood_impact_0.53451873779297
227.167,musicking,659.607116699219,-348.003051757812,0.0,0.0,osc_received,"value_[1, ""leaves""]"
228.083,jump_input_pressed,659.607116699219,-348.003051757812,0.0,0.0,Jump,pressed
228.083,jump_executed,659.607116699219,-348.003051757812,0.0,-500.0,jump,x_659.607116699219_y_-348.003051757812
228.314,move_left_pressed,659.607116699219,-433.651306152344,-15.0,-214.166549682617,Move_Left,pressed
228.498,jump_input_released,643.107116699219,-454.938323974609,-180.0,2.77788853645325,Jump,released
228.514,jump_peak_reached,640.107116699219,-454.892028808594,-180.0,39.8149261474609,jump_peak,x_640.107116699219_y_-454.892028808594
228.681,platform_landed,623.273803710938,-420.011077880859,0.0,0.0,land_on_platform,platform_scene-1/Tile Map/34_-23_layer_Tile Map_tile_34_-23_source_1_atlas_17_3
228.681,landed,623.273803710938,-420.011077880859,0.0,0.0,land,surface_wood_impact_0.82037066650391
228.688,musicking,623.273803710938,-420.011077880859,0.0,0.0,osc_received,"value_[1, ""leaves""]"
230.463,move_right_pressed,623.273803710938,-420.011077880859,33.3333320617676,0.0,Move_Right,pressed
231.08,move_right_pressed,648.462341308594,-419.462432861328,33.3333320617676,0.0,Move_Right,pressed
231.281,move_left_pressed,659.414978027344,-390.727661132812,-15.0,370.370391845703,Move_Left,pressed
231.366,platform_landed,656.914978027344,-348.012084960938,0.0,0.0,land_on_platform,platform_scene-1/Tile Map/36_-19_layer_Tile Map_tile_36_-19_source_1_atlas_17_3
231.366,landed,656.914978027344,-348.012084960938,0.0,0.0,land,surface_wood_impact_1.11111120605469
231.371,musicking,656.914978027344,-348.012084960938,0.0,0.0,osc_received,"value_[1, ""leaves""]"
233.732,move_right_pressed,656.914978027344,-348.012084960938,33.3333320617676,0.0,Move_Right,pressed
234.397,move_left_pressed,685.122497558594,-347.170654296875,-33.3333320617676,0.0,Move_Left,pressed
234.913,platform_landed,597.812561035156,-255.074493408203,-180.0,0.0,land_on_platform,platform_scene-1/Tile Map/32_-14_layer_Tile Map_tile_32_-14_source_1_atlas_19_3
234.913,landed,597.812561035156,-255.074493408203,-180.0,0.0,land,surface_wood_impact_1.25925939941406
234.922,musicking,597.812561035156,-255.074493408203,-180.0,0.0,osc_received,"value_[1, ""leaves""]"
235.039,musicking,598.007629394531,-254.583480834961,0.0,37.037036895752,osc_received,"value_[1, ""head-bump""]"
235.057,musicking,598.53466796875,-253.653335571289,0.0,74.0740737915039,osc_received,"value_[1, ""head-bump""]"
235.064,musicking,599.074279785156,-251.995697021484,0.0,111.111114501953,osc_received,"value_[1, ""head-bump""]"
235.088,musicking,599.074279785156,-249.526565551758,0.0,148.148147583008,osc_received,"value_[1, ""head-bump""]"
235.148,musicking,599.074279785156,-233.477172851562,0.0,296.296295166016,osc_received,"value_[1, ""head-bump""]"
235.298,platform_landed,599.074279785156,-171.03141784668,0.0,0.0,land_on_platform,platform_scene-1/Tile Map/33_-9_layer_Tile Map_tile_33_-9_source_1_atlas_1_0
235.298,landed,599.074279785156,-171.03141784668,0.0,0.0,land,surface_wood_impact_1.25925939941406
236.214,jump_input_pressed,599.074279785156,-171.03141784668,0.0,0.0,Jump,pressed
236.214,jump_executed,599.074279785156,-171.03141784668,0.0,-500.0,jump,x_599.074279785156_y_-171.03141784668
236.514,move_left_pressed,599.074279785156,-269.000762939453,-15.0,-134.499893188477,Move_Left,pressed
236.649,jump_peak_reached,590.074279785156,-277.898895263672,-135.0,39.8149261474609,jump_peak,x_590.074279785156_y_-277.898895263672
236.684,jump_input_released,585.324279785156,-275.954467773438,-165.0,113.889007568359,Jump,released
236.765,platform_landed,581.213195800781,-258.012756347656,0.0,0.0,land_on_platform,platform_scene-1/Tile Map/32_-14_layer_Tile Map_tile_32_-14_source_1_atlas_19_3
236.765,landed,581.213195800781,-258.012756347656,0.0,0.0,land,surface_wood_impact_0.59814837646484
236.772,musicking,581.213195800781,-258.012756347656,0.0,0.0,osc_received,"value_[1, ""leaves""]"
237.282,move_right_pressed,581.213195800781,-258.012756347656,33.3333320617676,0.0,Move_Right,pressed
237.313,jump_input_pressed,582.880310058594,-258.071350097656,100.0,0.0,Jump,pressed
237.313,jump_executed,582.880310058594,-258.071350097656,100.0,-500.0,jump,x_582.880310058594_y_-258.071350097656
237.747,jump_peak_reached,656.630493164062,-364.900543212891,180.0,39.8149261474609,jump_peak,x_656.630493164062_y_-364.900543212891
237.799,jump_input_released,664.241577148438,-361.057952880859,13.3333311080933,150.926040649414,Jump,released
237.847,platform_landed,664.463806152344,-348.00048828125,0.0,0.0,land_on_platform,platform_scene-1/Tile Map/36_-19_layer_Tile Map_tile_36_-19_source_1_atlas_17_3
237.847,landed,664.463806152344,-348.00048828125,0.0,0.0,land,surface_wood_impact_0.52407427978516
237.849,musicking,664.463806152344,-348.00048828125,0.0,0.0,osc_received,"value_[1, ""leaves""]"
240.214,jump_input_pressed,664.463806152344,-348.00048828125,0.0,0.0,Jump,pressed
240.215,jump_executed,664.463806152344,-348.00048828125,0.0,-500.0,jump,x_664.463806152344_y_-348.00048828125
240.432,move_left_pressed,664.463806152344,-429.724914550781,-15.0,-234.222106933594,Move_Left,pressed
240.647,jump_peak_reached,641.963806152344,-454.882293701172,-180.0,39.8149261474609,jump_peak,x_641.963806152344_y_-454.882293701172
240.682,jump_input_released,635.963806152344,-452.937866210938,-180.0,113.889007568359,Jump,released
240.816,platform_landed,622.130493164062,-420.001342773438,0.0,0.0,land_on_platform,platform_scene-1/Tile Map/34_-23_layer_Tile Map_tile_34_-23_source_1_atlas_17_3
240.817,landed,622.130493164062,-420.001342773438,0.0,0.0,land,surface_wood_impact_0.82037066650391
240.822,musicking,622.130493164062,-420.001342773438,0.0,0.0,osc_received,"value_[1, ""leaves""]"
241.299,move_right_pressed,622.130493164062,-420.001342773438,33.3333320617676,0.0,Move_Right,pressed
241.731,platform_landed,665.321960449219,-347.992004394531,0.0,0.0,land_on_platform,platform_scene-1/Tile Map/36_-19_layer_Tile Map_tile_36_-19_source_1_atlas_17_3
241.731,landed,665.321960449219,-347.992004394531,0.0,0.0,land,surface_wood_impact_1.11111120605469
241.739,musicking,665.321960449219,-347.992004394531,0.0,0.0,osc_received,"value_[1, ""leaves""]"
242.213,jump_input_pressed,665.321960449219,-347.992004394531,0.0,0.0,Jump,pressed
242.213,jump_executed,665.321960449219,-347.992004394531,0.0,-500.0,jump,x_665.321960449219_y_-347.992004394531
242.364,move_left_pressed,665.321960449219,-410.703674316406,-15.0,-314.999908447266,Move_Left,pressed
242.53,jump_input_released,651.571960449219,-448.240661621094,-165.0,-114.722114562988,Jump,released
242.63,jump_peak_reached,633.821960449219,-453.032318115234,-180.0,41.2037048339844,jump_peak,x_633.821960449219_y_-453.032318115234
242.763,move_right_pressed,625.988647460938,-430.254516601562,15.0,337.500030517578,Move_Right,pressed
242.782,platform_landed,626.742431640625,-420.056091308594,30.0,0.0,land_on_platform,platform_scene-1/Tile Map/34_-23_layer_Tile Map_tile_34_-23_source_1_atlas_17_3
242.783,landed,626.742431640625,-420.056091308594,30.0,0.0,land,surface_wood_impact_0.74907415771484
242.788,musicking,626.742431640625,-420.056091308594,30.0,0.0,osc_received,"value_[1, ""leaves""]"
242.797,jump_input_pressed,626.742431640625,-420.056091308594,63.3333320617676,0.0,Jump,pressed
242.797,jump_executed,626.742431640625,-420.056091308594,63.3333320617676,-500.0,jump,x_626.742431640625_y_-420.056091308594
242.798,musicking,627.799011230469,-428.398315429688,63.3333320617676,-500.055541992188,osc_received,"value_[1, ""chain-jumps""]"
243.147,jump_input_released,681.187805175781,-523.787170410156,180.0,-75.3332214355469,Jump,released
243.23,jump_peak_reached,696.187805175781,-526.592651367188,180.0,45.0371475219727,jump_peak,x_696.187805175781_y_-526.592651367188
243.363,jump_input_pressed,720.187805175781,-503.303802490234,180.0,341.333465576172,Jump,pressed
243.383,platform_landed,724.798950195312,-495.067291259766,96.6666641235352,0.0,land_on_platform,platform_scene-1/Tile Map/40_-27_layer_Tile Map_tile_40_-27_source_1_atlas_3_0
243.383,landed,724.798950195312,-495.067291259766,96.6666641235352,0.0,land,surface_wood_impact_0.75674102783203
243.397,jump_executed,724.798950195312,-495.067291259766,96.6666641235352,-500.0,jump,x_724.798950195312_y_-495.067291259766
243.405,musicking,725.021362304688,-503.409118652344,13.3333311080933,-500.055541992188,osc_received,"value_[1, ""chain-jumps""]"
243.514,move_right_pressed,725.021362304688,-546.194274902344,15.0,-355.722137451172,Move_Right,pressed
243.8,jump_input_released,759.521362304688,-601.64892578125,180.0,-16.6665554046631,Jump,released
243.83,jump_peak_reached,765.521362304688,-601.857238769531,180.0,41.2038154602051,jump_peak,x_765.521362304688_y_-601.857238769531
243.93,platform_landed,786.521362304688,-585.066711425781,180.0,0.0,land_on_platform,platform_scene-1/Tile Map/43_-32_layer_Tile Map_tile_43_-32_source_1_atlas_2_0
243.93,landed,786.521362304688,-585.066711425781,180.0,0.0,land,surface_wood_impact_0.52685205078125
243.963,jump_input_pressed,789.521362304688,-585.066711425781,96.6666641235352,0.0,Jump,pressed
243.963,jump_executed,789.521362304688,-585.066711425781,96.6666641235352,-500.0,jump,x_789.521362304688_y_-585.066711425781
243.971,musicking,791.133972167969,-593.408813476562,96.6666641235352,-500.055541992188,osc_received,"value_[1, ""chain-jumps""]"
243.981,move_left_pressed,791.133972167969,-593.408813476562,0.0,-479.222198486328,Move_Left,pressed
244.097,move_right_pressed,787.383972167969,-642.130065917969,15.0,-335.333251953125,Move_Right,pressed
244.347,jump_input_released,815.883972167969,-691.023620605469,180.0,-36.1665573120117,Jump,released
244.397,jump_peak_reached,824.883972167969,-691.790283203125,96.6666641235352,42.5371475219727,jump_peak,x_824.883972167969_y_-691.790283203125
244.549,platform_landed,826.71728515625,-657.002502441406,0.0,0.0,land_on_platform,platform_scene-1/Tile Map/45_-36_layer_Tile Map_tile_45_-36_source_1_atlas_0_0
244.549,landed,826.71728515625,-657.002502441406,0.0,0.0,land,surface_wood_impact_0.75174102783203
244.566,jump_input_pressed,826.71728515625,-657.002502441406,0.0,0.0,Jump,pressed
244.566,jump_executed,826.71728515625,-657.002502441406,0.0,-500.0,jump,x_826.71728515625_y_-657.002502441406
244.572,musicking,826.71728515625,-665.400756835938,0.0,-500.055541992188,osc_received,"value_[1, ""chain-jumps""]"
244.582,move_left_pressed,826.71728515625,-665.400756835938,-15.0,-479.222198486328,Move_Left,pressed
244.997,jump_peak_reached,768.21728515625,-763.895141601562,-180.0,39.8149261474609,jump_peak,x_768.21728515625_y_-763.895141601562
245.1,platform_landed,747.21728515625,-747.066345214844,-180.0,0.0,land_on_platform,platform_scene-1/Tile Map/41_-41_layer_Tile Map_tile_41_-41_source_1_atlas_3_0
245.1,landed,747.21728515625,-747.066345214844,-180.0,0.0,land,surface_wood_impact_0.52407427978516
245.114,jump_input_released,747.21728515625,-747.066345214844,-180.0,0.0,Jump,released
309.781,jump_input_pressed,742.383972167969,-747.066345214844,0.0,0.0,Jump,pressed
309.781,jump_executed,742.383972167969,-747.066345214844,0.0,-500.0,jump,x_742.383972167969_y_-747.066345214844
309.917,move_right_pressed,742.383972167969,-804.130310058594,15.0,-335.333251953125,Move_Right,pressed
310.1,jump_input_released,758.883972167969,-847.264587402344,180.0,-114.722114562988,Jump,released
310.198,jump_peak_reached,772.71728515625,-852.056274414062,0.0,41.2037048339844,jump_peak,x_772.71728515625_y_-852.056274414062
310.399,jump_input_pressed,772.71728515625,-803.074768066406,0.0,485.648223876953,Jump,pressed
310.399,platform_landed,772.71728515625,-801.019592285156,0.0,0.0,land_on_platform,platform_scene-1/Tile Map/42_-44_layer_Tile Map_tile_42_-44_source_1_atlas_1_0
310.399,landed,772.71728515625,-801.019592285156,0.0,0.0,land,surface_wood_impact_0.97129644775391
310.415,jump_executed,772.71728515625,-801.019592285156,0.0,-500.0,jump,x_772.71728515625_y_-801.019592285156
310.422,musicking,772.71728515625,-809.402954101562,0.0,-500.055541992188,osc_received,"value_[1, ""chain-jumps""]"
310.516,move_left_pressed,772.71728515625,-845.912170410156,-15.0,-376.166595458984,Move_Left,pressed
310.849,jump_peak_reached,729.21728515625,-907.897338867188,-180.0,39.8149261474609,jump_peak,x_729.21728515625_y_-907.897338867188
310.849,jump_input_released,729.21728515625,-907.897338867188,-180.0,39.8149261474609,Jump,released
310.948,platform_landed,718.383972167969,-891.022888183594,0.0,0.0,land_on_platform,platform_scene-1/Tile Map/39_-49_layer_Tile Map_tile_39_-49_source_1_atlas_1_0
310.948,landed,718.383972167969,-891.022888183594,0.0,0.0,land,surface_wood_impact_0.52407427978516
310.982,move_right_pressed,718.383972167969,-891.022888183594,33.3333320617676,0.0,Move_Right,pressed
310.982,jump_input_pressed,718.383972167969,-891.022888183594,33.3333320617676,0.0,Jump,pressed
310.982,jump_executed,718.383972167969,-891.022888183594,33.3333320617676,-500.0,jump,x_718.383972167969_y_-891.022888183594
310.983,musicking,718.942565917969,-899.403137207031,33.3333320617676,-500.055541992188,osc_received,"value_[1, ""chain-jumps""]"
311.414,jump_peak_reached,783.192443847656,-997.897521972656,180.0,39.8149261474609,jump_peak,x_783.192443847656_y_-997.897521972656
311.43,jump_input_released,786.192443847656,-997.233947753906,180.0,76.8519668579102,Jump,released
311.582,platform_landed,806.025756835938,-963.0166015625,0.0,0.0,land_on_platform,platform_scene-1/Tile Map/44_-53_layer_Tile Map_tile_44_-53_source_1_atlas_13_7
311.582,landed,806.025756835938,-963.0166015625,0.0,0.0,land,surface_wood_impact_0.82037066650391
311.584,musicking,806.025756835938,-963.0166015625,0.0,0.0,osc_received,"value_[1, ""cloud""]"
312.197,move_right_pressed,806.025756835938,-963.0166015625,33.3333320617676,0.0,Move_Right,pressed
312.357,musicking,829.359069824219,-963.068298339844,180.0,0.0,osc_received,"value_[1, ""chain-jumps-combo""]"
312.597,platform_landed,852.223754882812,-909.010314941406,0.0,0.0,land_on_platform,platform_scene-1/Tile Map/47_-50_layer_Tile Map_tile_47_-50_source_1_atlas_3_0
312.597,landed,852.223754882812,-909.010314941406,0.0,0.0,land,surface_wood_impact_0.96296307373047
312.649,jump_input_pressed,852.223754882812,-909.010314941406,0.0,0.0,Jump,pressed
312.649,jump_executed,852.223754882812,-909.010314941406,0.0,-500.0,jump,x_852.223754882812_y_-909.010314941406
312.65,musicking,852.223754882812,-917.401733398438,0.0,-500.055541992188,osc_received,"value_[1, ""chain-jumps""]"
312.782,move_left_pressed,852.223754882812,-966.122985839844,-15.0,-335.333251953125,Move_Left,pressed
312.931,jump_input_released,840.973754882812,-1004.40911865234,-150.0,-154.333221435547,Jump,released
313.031,jump_peak_reached,823.723754882812,-1009.20080566406,-180.0,41.2037048339844,jump_peak,x_823.723754882812_y_-1009.20080566406
313.214,platform_landed,806.890441894531,-963.023132324219,0.0,0.0,land_on_platform,platform_scene-1/Tile Map/44_-53_layer_Tile Map_tile_44_-53_source_1_atlas_13_7
313.214,landed,806.890441894531,-963.023132324219,0.0,0.0,land,surface_wood_impact_0.89722235107422
313.216,musicking,806.890441894531,-963.023132324219,0.0,0.0,osc_received,"value_[1, ""cloud""]"
313.363,move_right_pressed,806.890441894531,-963.023132324219,33.3333320617676,0.0,Move_Right,pressed
313.44,musicking,815.223754882812,-963.069213867188,166.666656494141,0.0,osc_received,"value_[1, ""chain-jumps-combo""]"
313.747,platform_landed,844.068115234375,-909.010864257812,0.0,0.0,land_on_platform,platform_scene-1/Tile Map/46_-50_layer_Tile Map_tile_46_-50_source_1_atlas_1_0
313.747,landed,844.068115234375,-909.010864257812,0.0,0.0,land,surface_wood_impact_0.96296307373047
313.832,move_right_pressed,844.068115234375,-909.010864257812,33.3333320617676,0.0,Move_Right,pressed
313.849,jump_input_pressed,844.623657226562,-909.010864257812,66.6666641235352,0.0,Jump,pressed
313.849,jump_executed,844.623657226562,-909.010864257812,66.6666641235352,-500.0,jump,x_844.623657226562_y_-909.010864257812
314.281,jump_peak_reached,914.519775390625,-1015.89520263672,180.0,39.8149261474609,jump_peak,x_914.519775390625_y_-1015.89520263672
314.382,platform_landed,935.364318847656,-998.876403808594,180.0,0.0,land_on_platform,platform_scene-1/Tile Map/52_-55_layer_Tile Map_tile_52_-55_source_1_atlas_1_0
314.382,landed,935.364318847656,-998.876403808594,180.0,0.0,land,surface_wood_impact_0.52407427978516
314.447,jump_input_released,944.30810546875,-999.002136230469,180.0,0.0,Jump,released
314.549,jump_input_pressed,949.141418457031,-999.002136230469,0.0,0.0,Jump,pressed
314.549,jump_executed,949.141418457031,-999.002136230469,0.0,-500.0,jump,x_949.141418457031_y_-999.002136230469
314.699,move_left_pressed,949.141418457031,-1061.71936035156,-15.0,-314.999908447266,Move_Left,pressed
314.982,jump_peak_reached,914.641418457031,-1105.89526367188,-180.0,39.8149261474609,jump_peak,x_914.641418457031_y_-1105.89526367188
314.998,jump_input_released,911.641418457031,-1105.23168945312,-180.0,76.8519668579102,Jump,released
315.082,platform_landed,906.80810546875,-1089.02087402344,0.0,0.0,land_on_platform,platform_scene-1/Tile Map/50_-60_layer_Tile Map_tile_50_-60_source_1_atlas_3_0
315.082,landed,906.80810546875,-1089.02087402344,0.0,0.0,land,surface_wood_impact_0.52407427978516
315.225,jump_input_pressed,906.80810546875,-1089.02087402344,0.0,0.0,Jump,pressed
315.225,jump_executed,906.80810546875,-1089.02087402344,0.0,-500.0,jump,x_906.80810546875_y_-1089.02087402344
315.28,move_right_pressed,906.80810546875,-1120.33715820312,15.0,-417.22216796875,Move_Right,pressed
315.606,jump_input_released,950.30810546875,-1195.64270019531,180.0,-16.6665554046631,Jump,released
315.639,jump_peak_reached,956.30810546875,-1195.85107421875,96.6666641235352,41.2038154602051,jump_peak,x_956.30810546875_y_-1195.85107421875
315.741,platform_landed,958.141418457031,-1179.02429199219,0.0,0.0,land_on_platform,platform_scene-1/Tile Map/53_-65_layer_Tile Map_tile_53_-65_source_1_atlas_3_0
315.741,landed,958.141418457031,-1179.02429199219,0.0,0.0,land,surface_wood_impact_0.52685205078125
315.756,move_left_pressed,958.141418457031,-1179.02429199219,-33.3333320617676,0.0,Move_Left,pressed
315.822,musicking,949.80810546875,-1179.06921386719,-166.666656494141,0.0,osc_received,"value_[1, ""chain-jumps-combo""]"
315.842,jump_input_pressed,949.80810546875,-1179.06921386719,-180.0,0.0,Jump,pressed
315.842,jump_executed,949.80810546875,-1179.06921386719,-180.0,-500.0,jump,x_949.80810546875_y_-1179.06921386719
316.272,jump_peak_reached,871.806213378906,-1285.90307617188,-180.0,39.8149261474609,jump_peak,x_871.806213378906_y_-1285.90307617188
316.272,jump_input_released,871.806213378906,-1285.90307617188,-180.0,39.8149261474609,Jump,released
316.573,platform_landed,842.972900390625,-1179.01965332031,0.0,0.0,land_on_platform,platform_scene-1/Tile Map/46_-65_layer_Tile Map_tile_46_-65_source_1_atlas_13_7
316.573,landed,842.972900390625,-1179.01965332031,0.0,0.0,land,surface_wood_impact_1.41296337890625
316.574,musicking,842.972900390625,-1179.01965332031,0.0,0.0,osc_received,"value_[1, ""cloud""]"
316.99,move_left_pressed,842.972900390625,-1179.01965332031,-33.3333320617676,0.0,Move_Left,pressed
317.04,jump_input_pressed,839.639587402344,-1179.01965332031,-133.33332824707,0.0,Jump,pressed
317.04,jump_executed,839.639587402344,-1179.01965332031,-133.33332824707,-500.0,jump,x_839.639587402344_y_-1179.01965332031
317.373,jump_input_released,781.238464355469,-1281.18579101562,-180.0,-94.9998931884766,Jump,released
317.472,jump_peak_reached,763.238464355469,-1285.47741699219,-180.0,46.2038116455078,jump_peak,x_763.238464355469_y_-1285.47741699219
317.757,platform_landed,740.405151367188,-1179.06384277344,0.0,0.0,land_on_platform,platform_scene-1/Tile Map/41_-65_layer_Tile Map_tile_41_-65_source_1_atlas_3_0
317.757,landed,740.405151367188,-1179.06384277344,0.0,0.0,land,surface_wood_impact_1.35166711425781
318.039,move_left_pressed,740.405151367188,-1179.06384277344,-33.3333320617676,0.0,Move_Left,pressed
318.058,jump_input_pressed,739.849609375,-1179.06384277344,-66.6666641235352,0.0,Jump,pressed
318.059,jump_executed,739.849609375,-1179.06384277344,-66.6666641235352,-500.0,jump,x_739.849609375_y_-1179.06384277344
318.073,jump_peak_reached,738.737121582031,-1187.40844726562,-81.6666641235352,-479.222198486328,jump_peak,x_738.737121582031_y_-1187.40844726562
318.472,jump_input_released,672.959533691406,-1285.94909667969,-180.0,2.77788853645325,Jump,released
318.706,move_left_pressed,656.126220703125,-1229.12805175781,-15.0,521.296447753906,Move_Left,pressed
318.89,platform_landed,644.01513671875,-1089.02551269531,0.0,0.0,land_on_platform,platform_scene-1/Tile Map/35_-60_layer_Tile Map_tile_35_-60_source_1_atlas_1_0
318.89,landed,644.01513671875,-1089.02551269531,0.0,0.0,land,surface_wood_impact_1.85740795898438
319.257,move_left_pressed,644.01513671875,-1089.02551269531,-33.3333320617676,0.0,Move_Left,pressed
319.273,jump_input_pressed,643.459594726562,-1089.02551269531,-66.6666641235352,0.0,Jump,pressed
319.273,jump_executed,643.459594726562,-1089.02551269531,-66.6666641235352,-500.0,jump,x_643.459594726562_y_-1089.02551269531
319.289,jump_peak_reached,642.342712402344,-1097.40295410156,-81.6666641235352,-479.222198486328,jump_peak,x_642.342712402344_y_-1097.40295410156
319.64,jump_input_released,585.565124511719,-1194.06774902344,-180.0,-55.722110748291,Jump,released
319.906,platform_landed,562.731811523438,-1143.0166015625,0.0,0.0,land_on_platform,platform_scene-1/Tile Map/31_-63_layer_Tile Map_tile_31_-63_source_1_atlas_3_0
319.906,landed,562.731811523438,-1143.0166015625,0.0,0.0,land,surface_wood_impact_0.97651885986328
319.924,move_left_pressed,562.731811523438,-1143.0166015625,-33.3333320617676,0.0,Move_Left,pressed
319.94,jump_input_pressed,562.17626953125,-1143.0166015625,-66.6666641235352,0.0,Jump,pressed
319.94,jump_executed,562.17626953125,-1143.0166015625,-66.6666641235352,-500.0,jump,x_562.17626953125_y_-1143.0166015625
319.943,musicking,561.058410644531,-1151.40161132812,-66.6666641235352,-500.055541992188,osc_received,"value_[1, ""chain-jumps""]"
320.241,jump_input_released,516.280822753906,-1240.99792480469,-180.0,-134.499893188477,Jump,released
320.339,jump_peak_reached,502.447479248047,-1245.78955078125,0.0,41.2037048339844,jump_peak,x_502.447479248047_y_-1245.78955078125
320.457,move_left_pressed,502.447479248047,-1228.01953125,-15.0,300.462982177734,Move_Left,pressed
320.522,platform_landed,498.697509765625,-1197.06616210938,-75.0,0.0,land_on_platform,platform_scene-1/Tile Map/27_-66_layer_Tile Map_tile_27_-66_source_1_atlas_3_0
320.523,landed,498.697509765625,-1197.06616210938,-75.0,0.0,land,surface_wood_impact_0.89722235107422
320.589,jump_input_pressed,491.614196777344,-1197.06616210938,-180.0,0.0,Jump,pressed
320.59,jump_executed,491.614196777344,-1197.06616210938,-180.0,-500.0,jump,x_491.614196777344_y_-1197.06616210938
320.598,musicking,488.611480712891,-1205.40795898438,-180.0,-500.055541992188,osc_received,"value_[1, ""chain-jumps""]"
321.023,jump_peak_reached,413.611480712891,-1303.90234375,-180.0,39.8149261474609,jump_peak,x_413.611480712891_y_-1303.90234375
321.042,jump_input_released,410.611480712891,-1303.23876953125,-180.0,76.8519668579102,Jump,released
321.257,platform_landed,399.778137207031,-1232.44165039062,0.0,0.0,land_on_platform,platform_scene-1/Tile Map/21_-68_layer_Tile Map_tile_21_-68_source_1_atlas_15_7
321.257,landed,399.778137207031,-1232.44165039062,0.0,0.0,land,surface_wood_impact_1.1166669921875
321.259,musicking,399.778137207031,-1232.44165039062,0.0,0.0,osc_received,"value_[1, ""cloud""]"
321.29,move_left_pressed,399.778137207031,-1232.44165039062,-33.3333320617676,0.0,Move_Left,pressed
321.364,musicking,391.627807617188,-1233.04077148438,-166.666656494141,0.0,osc_received,"value_[1, ""chain-jumps-combo""]"
321.522,jump_input_pressed,364.627807617188,-1233.07141113281,-180.0,0.0,Jump,pressed
321.522,jump_executed,364.627807617188,-1233.07141113281,-180.0,-500.0,jump,x_364.627807617188_y_-1233.07141113281
321.723,musicking,325.625427246094,-1309.38562011719,-180.0,37.037036895752,osc_received,"value_[1, ""head-bump""]"
321.74,jump_peak_reached,325.625427246094,-1309.38562011719,-180.0,74.0740737915039,jump_peak,x_325.625427246094_y_-1309.38562011719
321.973,platform_landed,280.625427246094,-1233.06640625,-180.0,0.0,land_on_platform,platform_scene-1/Tile Map/15_-68_layer_Tile Map_tile_15_-68_source_1_atlas_3_0
321.974,landed,280.625427246094,-1233.06640625,-180.0,0.0,land,surface_wood_impact_1.18518530273438
322.006,jump_input_released,277.625427246094,-1233.06640625,-180.0,0.0,Jump,released
322.242,move_left_pressed,263.792083740234,-1233.06640625,-33.3333320617676,0.0,Move_Left,pressed
322.34,jump_input_pressed,252.458770751953,-1232.98046875,-180.0,0.0,Jump,pressed
322.34,jump_executed,252.458770751953,-1232.98046875,-180.0,-500.0,jump,x_252.458770751953_y_-1232.98046875
322.547,musicking,213.434631347656,-1309.59204101562,-180.0,20.1030788421631,osc_received,"value_[1, ""head-bump""]"
322.557,jump_peak_reached,213.434631347656,-1309.59204101562,-180.0,57.1401176452637,jump_peak,x_213.434631347656_y_-1309.59204101562
322.706,jump_input_released,190.601287841797,-1278.798828125,0.0,390.473480224609,Jump,released
322.856,platform_landed,190.601287841797,-1197.03955078125,0.0,0.0,land_on_platform,platform_scene-1/Tile Map/10_-66_layer_Tile Map_tile_10_-66_source_1_atlas_3_0
322.856,landed,190.601287841797,-1197.03955078125,0.0,0.0,land,surface_wood_impact_1.44761376953125
322.972,jump_input_pressed,190.601287841797,-1197.03955078125,0.0,0.0,Jump,pressed
322.972,jump_executed,190.601287841797,-1197.03955078125,0.0,-500.0,jump,x_190.601287841797_y_-1197.03955078125
322.989,move_left_pressed,190.601287841797,-1205.40551757812,-15.0,-479.222198486328,Move_Left,pressed
323.406,jump_peak_reached,132.101287841797,-1303.89990234375,-180.0,39.8149261474609,jump_peak,x_132.101287841797_y_-1303.89990234375
323.406,jump_input_released,132.101287841797,-1303.89990234375,-180.0,39.8149261474609,Jump,released
323.572,platform_landed,127.267951965332,-1269.01904296875,0.0,0.0,land_on_platform,platform_scene-1/Tile Map/7_-70_layer_Tile Map_tile_7_-70_source_1_atlas_3_0
323.572,landed,127.267951965332,-1269.01904296875,0.0,0.0,land,surface_wood_impact_0.82037066650391
323.607,move_right_pressed,127.267951965332,-1269.01904296875,33.3333320617676,0.0,Move_Right,pressed
323.607,jump_input_pressed,127.267951965332,-1269.01904296875,33.3333320617676,0.0,Jump,pressed
323.607,jump_executed,127.267951965332,-1269.01904296875,33.3333320617676,-500.0,jump,x_127.267951965332_y_-1269.01904296875
323.608,musicking,127.827110290527,-1277.40734863281,33.3333320617676,-500.055541992188,osc_received,"value_[1, ""chain-jumps""]"
324.039,jump_peak_reached,192.077117919922,-1375.90173339844,180.0,39.8149261474609,jump_peak,x_192.077117919922_y_-1375.90173339844
324.122,jump_input_released,207.077117919922,-1366.41101074219,180.0,225.000106811523,Jump,released
324.207,platform_landed,225.081512451172,-1338.05773925781,180.0,0.0,land_on_platform,platform_scene-1/Tile Map/12_-74_layer_Tile Map_tile_12_-74_source_1_atlas_13_6
324.207,landed,225.081512451172,-1338.05773925781,180.0,0.0,land,surface_wood_impact_0.82037066650391
324.209,musicking,225.081512451172,-1338.05773925781,180.0,0.0,osc_received,"value_[1, ""water-tube""]"
324.424,jump_input_pressed,261.08154296875,-1338.05773925781,180.0,0.0,Jump,pressed
324.424,jump_executed,261.08154296875,-1338.05773925781,180.0,-500.0,jump,x_261.08154296875_y_-1338.05773925781
324.822,jump_input_released,333.083984375,-1444.63854980469,96.6666641235352,-16.6665554046631,Jump,released
324.856,jump_peak_reached,334.917327880859,-1444.84692382812,0.0,41.2038154602051,jump_peak,x_334.917327880859_y_-1444.84692382812
324.957,platform_landed,334.917327880859,-1428.72326660156,0.0,0.0,land_on_platform,platform_scene-1/Tile Map/18_-79_layer_Tile Map_tile_18_-79_source_1_atlas_14_6
324.957,landed,334.917327880859,-1428.72326660156,0.0,0.0,land,surface_wood_impact_0.52685205078125
324.959,musicking,334.917327880859,-1428.72326660156,0.0,0.0,osc_received,"value_[1, ""water-tube""]"
325.239,move_left_pressed,334.917327880859,-1428.72326660156,-33.3333320617676,0.0,Move_Left,pressed
325.307,jump_input_pressed,329.414916992188,-1429.04650878906,-166.666656494141,0.0,Jump,pressed
325.307,jump_executed,329.414916992188,-1429.04650878906,-166.666656494141,-500.0,jump,x_329.414916992188_y_-1429.04650878906
325.74,jump_peak_reached,251.636383056641,-1535.87744140625,-180.0,39.8149261474609,jump_peak,x_251.636383056641_y_-1535.87744140625
325.773,jump_input_released,245.636383056641,-1533.93298339844,-180.0,113.889007568359,Jump,released
325.942,platform_landed,234.803039550781,-1482.00317382812,0.0,0.0,land_on_platform,platform_scene-1/Tile Map/12_-82_layer_Tile Map_tile_12_-82_source_1_atlas_14_6
325.942,landed,234.803039550781,-1482.00317382812,0.0,0.0,land,surface_wood_impact_0.96851885986328
325.947,musicking,234.803039550781,-1482.00317382812,0.0,0.0,osc_received,"value_[1, ""water-tube""]"
326.006,move_right_pressed,234.803039550781,-1482.00317382812,33.3333320617676,0.0,Move_Right,pressed
326.057,jump_input_pressed,238.137573242188,-1482.08215332031,133.33332824707,0.0,Jump,pressed
326.057,jump_executed,238.137573242188,-1482.08215332031,133.33332824707,-500.0,jump,x_238.137573242188_y_-1482.08215332031
326.489,jump_peak_reached,314.529693603516,-1588.9228515625,180.0,39.8149261474609,jump_peak,x_314.529693603516_y_-1588.9228515625
326.591,jump_input_released,332.529693603516,-1575.68212890625,180.0,262.037139892578,Jump,released
326.689,move_left_pressed,337.363037109375,-1540.21911621094,-15.0,484.259429931641,Move_Left,pressed
326.69,platform_landed,337.14453125,-1536.10961914062,-15.0,0.0,land_on_platform,platform_scene-1/Tile Map/18_-85_layer_Tile Map_tile_18_-85_source_1_atlas_14_6
326.69,landed,337.14453125,-1536.10961914062,-15.0,0.0,land,surface_wood_impact_0.96851885986328
326.691,musicking,337.14453125,-1536.10961914062,-15.0,0.0,osc_received,"value_[1, ""water-tube""]"
326.755,jump_input_pressed,333.475860595703,-1537.13269042969,-148.33332824707,0.0,Jump,pressed
326.755,jump_executed,333.475860595703,-1537.13269042969,-148.33332824707,-500.0,jump,x_333.475860595703_y_-1537.13269042969
326.756,musicking,331.003631591797,-1545.46691894531,-148.33332824707,-500.055541992188,osc_received,"value_[1, ""chain-jumps""]"
327.189,jump_peak_reached,256.309173583984,-1643.96130371094,-180.0,39.8149261474609,jump_peak,x_256.309173583984_y_-1643.96130371094
327.273,jump_input_released,241.309173583984,-1634.47058105469,-180.0,225.000106811523,Jump,released
327.389,platform_landed,236.475830078125,-1590.02404785156,0.0,0.0,land_on_platform,platform_scene-1/Tile Map/13_-88_layer_Tile Map_tile_13_-88_source_1_atlas_14_6
327.39,landed,236.475830078125,-1590.02404785156,0.0,0.0,land,surface_wood_impact_0.96851885986328
327.399,musicking,236.475830078125,-1590.02404785156,0.0,0.0,osc_received,"value_[1, ""water-tube""]"
327.406,move_right_pressed,236.475830078125,-1590.02404785156,33.3333320617676,0.0,Move_Right,pressed
327.423,jump_input_pressed,237.030944824219,-1590.07995605469,66.6666641235352,0.0,Jump,pressed
327.423,jump_executed,237.030944824219,-1590.07995605469,66.6666641235352,-500.0,jump,x_237.030944824219_y_-1590.07995605469
327.431,musicking,238.143005371094,-1598.42126464844,66.6666641235352,-500.055541992188,osc_received,"value_[1, ""chain-jumps""]"
327.858,jump_peak_reached,306.920806884766,-1696.91564941406,180.0,39.8149261474609,jump_peak,x_306.920806884766_y_-1696.91564941406
328.022,jump_input_released,336.920806884766,-1662.50207519531,180.0,410.185333251953,Jump,released
328.058,platform_landed,344.501617431641,-1644.07629394531,96.6666641235352,0.0,land_on_platform,platform_scene-1/Tile Map/19_-91_layer_Tile Map_tile_19_-91_source_1_atlas_14_6
328.058,landed,344.501617431641,-1644.07629394531,96.6666641235352,0.0,land,surface_wood_impact_0.96851885986328
328.059,musicking,344.501617431641,-1644.07629394531,96.6666641235352,0.0,osc_received,"value_[1, ""water-tube""]"
328.091,move_left_pressed,344.723785400391,-1644.08459472656,-20.0000019073486,0.0,Move_Left,pressed
328.14,jump_input_pressed,342.057647705078,-1644.06994628906,-120.000007629395,0.0,Jump,pressed
328.14,jump_executed,342.057647705078,-1644.06994628906,-120.000007629395,-500.0,jump,x_342.057647705078_y_-1644.06994628906
328.148,musicking,340.055725097656,-1652.41223144531,-120.000007629395,-500.055541992188,osc_received,"value_[1, ""chain-jumps""]"
328.572,jump_peak_reached,266.555725097656,-1750.90661621094,-180.0,39.8149261474609,jump_peak,x_266.555725097656_y_-1750.90661621094
328.64,jump_input_released,254.555725097656,-1744.54858398438,-180.0,187.963073730469,Jump,released
328.775,platform_landed,249.722381591797,-1698.98706054688,0.0,0.0,land_on_platform,platform_scene-1/Tile Map/13_-94_layer_Tile Map_tile_13_-94_source_1_atlas_14_6
328.775,landed,249.722381591797,-1698.98706054688,0.0,0.0,land,surface_wood_impact_0.96851885986328
328.781,musicking,249.722381591797,-1698.98706054688,0.0,0.0,osc_received,"value_[1, ""water-tube""]"
329.274,jump_input_pressed,249.722381591797,-1698.98706054688,0.0,0.0,Jump,pressed
329.274,jump_executed,249.722381591797,-1698.98706054688,0.0,-500.0,jump,x_249.722381591797_y_-1698.98706054688
329.706,jump_peak_reached,249.722381591797,-1805.86682128906,0.0,39.8149261474609,jump_peak,x_249.722381591797_y_-1805.86682128906
330.006,platform_landed,249.722381591797,-1698.9833984375,0.0,0.0,land_on_platform,platform_scene-1/Tile Map/13_-94_layer_Tile Map_tile_13_-94_source_1_atlas_14_6
330.006,landed,249.722381591797,-1698.9833984375,0.0,0.0,land,surface_wood_impact_1.41296337890625
330.015,musicking,249.722381591797,-1698.9833984375,0.0,0.0,osc_received,"value_[1, ""water-tube""]"
330.772,jump_input_released,249.722381591797,-1698.9833984375,0.0,0.0,Jump,released
331.606,jump_input_pressed,249.722381591797,-1698.9833984375,0.0,0.0,Jump,pressed
331.606,jump_executed,249.722381591797,-1698.9833984375,0.0,-500.0,jump,x_249.722381591797_y_-1698.9833984375
332.04,jump_peak_reached,249.722381591797,-1805.86633300781,0.0,39.8149261474609,jump_peak,x_249.722381591797_y_-1805.86633300781
332.34,platform_landed,249.722381591797,-1698.98291015625,0.0,0.0,land_on_platform,platform_scene-1/Tile Map/13_-94_layer_Tile Map_tile_13_-94_source_1_atlas_14_6
332.34,landed,249.722381591797,-1698.98291015625,0.0,0.0,land,surface_wood_impact_1.41296337890625
332.348,musicking,249.722381591797,-1698.98291015625,0.0,0.0,osc_received,"value_[1, ""water-tube""]"
333.561,jump_input_released,249.722381591797,-1698.98291015625,0.0,0.0,Jump,released
334.441,jump_input_pressed,249.722381591797,-1698.98291015625,0.0,0.0,Jump,pressed
334.441,jump_executed,249.722381591797,-1698.98291015625,0.0,-500.0,jump,x_249.722381591797_y_-1698.98291015625
334.873,jump_peak_reached,249.722381591797,-1805.8662109375,0.0,39.8149261474609,jump_peak,x_249.722381591797_y_-1805.8662109375
335.172,platform_landed,249.722381591797,-1698.98278808594,0.0,0.0,land_on_platform,platform_scene-1/Tile Map/13_-94_layer_Tile Map_tile_13_-94_source_1_atlas_14_6
335.172,landed,249.722381591797,-1698.98278808594,0.0,0.0,land,surface_wood_impact_1.41296337890625
335.173,musicking,249.722381591797,-1698.98278808594,0.0,0.0,osc_received,"value_[1, ""water-tube""]"
335.531,jump_input_released,249.722381591797,-1698.98278808594,0.0,0.0,Jump,released
335.675,move_left_pressed,249.722381591797,-1698.98278808594,-33.3333320617676,0.0,Move_Left,pressed
336.173,move_right_pressed,225.013824462891,-1699.05200195312,33.3333320617676,0.0,Move_Right,pressed
336.257,jump_input_pressed,233.398284912109,-1698.03637695312,180.0,0.0,Jump,pressed
336.257,jump_executed,233.398284912109,-1698.03637695312,180.0,-500.0,jump,x_233.398284912109_y_-1698.03637695312
336.575,jump_input_released,290.411743164062,-1798.263671875,180.0,-114.722114562988,Jump,released
336.673,jump_peak_reached,308.411743164062,-1803.05529785156,96.6666641235352,41.2037048339844,jump_peak,x_308.411743164062_y_-1803.05529785156
336.823,move_right_pressed,310.245086669922,-1774.65258789062,15.0,374.537078857422,Move_Right,pressed
337.04,platform_landed,335.700347900391,-1645.0615234375,180.0,0.0,land_on_platform,platform_scene-1/Tile Map/18_-91_layer_Tile Map_tile_18_-91_source_1_atlas_14_6
337.04,landed,335.700347900391,-1645.0615234375,180.0,0.0,land,surface_wood_impact_1.71203735351563
337.04,musicking,335.700347900391,-1645.0615234375,180.0,0.0,osc_received,"value_[1, ""water-tube""]"
337.091,platform_landed,344.722717285156,-1644.05737304688,180.0,0.0,land_on_platform,platform_scene-1/Tile Map/19_-91_layer_Tile Map_tile_19_-91_source_1_atlas_14_6
337.091,landed,344.722717285156,-1644.05737304688,180.0,0.0,land,surface_wood_impact_0.14814814758301
337.093,musicking,344.722717285156,-1644.05737304688,180.0,0.0,osc_received,"value_[1, ""water-tube""]"
337.389,jump_input_pressed,349.555572509766,-1644.11975097656,0.0,0.0,Jump,pressed
337.39,jump_executed,349.555572509766,-1644.11975097656,0.0,-500.0,jump,x_349.555572509766_y_-1644.11975097656
337.606,musicking,348.295135498047,-1723.31872558594,-23.7932224273682,37.4807167053223,osc_received,"value_[1, ""head-bump""]"
337.623,jump_peak_reached,348.295135498047,-1723.31872558594,0.0,74.5177536010742,jump_peak,x_348.295135498047_y_-1723.31872558594
337.857,platform_landed,348.295135498047,-1644.04431152344,0.0,0.0,land_on_platform,platform_scene-1/Tile Map/19_-91_layer_Tile Map_tile_19_-91_source_1_atlas_14_6
337.858,landed,348.295135498047,-1644.04431152344,0.0,0.0,land,surface_wood_impact_1.18607275390625
337.859,musicking,348.295135498047,-1644.04431152344,0.0,0.0,osc_received,"value_[1, ""water-tube""]"
338.14,jump_input_released,348.295135498047,-1644.04431152344,0.0,0.0,Jump,released
338.658,move_left_pressed,348.295135498047,-1644.04431152344,-33.3333320617676,0.0,Move_Left,pressed
338.79,jump_input_pressed,331.518005371094,-1644.98254394531,-180.0,0.0,Jump,pressed
338.79,jump_executed,331.518005371094,-1644.98254394531,-180.0,-500.0,jump,x_331.518005371094_y_-1644.98254394531
339.223,jump_peak_reached,253.497589111328,-1751.86791992188,-180.0,39.8149261474609,jump_peak,x_253.497589111328_y_-1751.86791992188
339.357,jump_input_released,239.664245605469,-1729.27526855469,0.0,336.111236572266,Jump,released
339.423,platform_landed,239.664245605469,-1698.05676269531,0.0,0.0,land_on_platform,platform_scene-1/Tile Map/13_-94_layer_Tile Map_tile_13_-94_source_1_atlas_14_6
339.423,landed,239.664245605469,-1698.05676269531,0.0,0.0,land,surface_wood_impact_0.96851885986328
339.431,musicking,239.664245605469,-1698.05676269531,0.0,0.0,osc_received,"value_[1, ""water-tube""]"
340.059,move_right_pressed,239.664245605469,-1698.05676269531,33.3333320617676,0.0,Move_Right,pressed
340.106,jump_input_pressed,242.670394897461,-1698.73681640625,133.33332824707,0.0,Jump,pressed
340.106,jump_executed,242.670394897461,-1698.73681640625,133.33332824707,-500.0,jump,x_242.670394897461_y_-1698.73681640625
340.54,jump_peak_reached,299.892639160156,-1805.5654296875,0.0,39.8149261474609,jump_peak,x_299.892639160156_y_-1805.5654296875
340.56,move_right_pressed,299.892639160156,-1804.90185546875,15.0,76.8519668579102,Move_Right,pressed
340.782,musicking,319.139892578125,-1730.96508789062,15.0,558.33349609375,osc_received,"value_[1, ""head-bump""]"
340.907,platform_landed,326.251007080078,-1644.98120117188,0.0,0.0,land_on_platform,platform_scene-1/Tile Map/18_-91_layer_Tile Map_tile_18_-91_source_1_atlas_14_6
340.907,landed,326.251007080078,-1644.98120117188,0.0,0.0,land,surface_wood_impact_1.709259765625
340.908,musicking,326.251007080078,-1644.98120117188,0.0,0.0,osc_received,"value_[1, ""water-tube""]"
341.207,jump_input_released,326.251007080078,-1644.98120117188,0.0,0.0,Jump,released
341.357,move_right_pressed,326.251007080078,-1644.98120117188,33.3333320617676,0.0,Move_Right,pressed
341.822,jump_input_pressed,345.432006835938,-1644.09045410156,0.0,0.0,Jump,pressed
341.822,jump_executed,345.432006835938,-1644.09045410156,0.0,-500.0,jump,x_345.432006835938_y_-1644.09045410156
342.041,musicking,345.439666748047,-1723.58020019531,0.0,20.8288173675537,osc_received,"value_[1, ""head-bump""]"
342.057,jump_peak_reached,345.439666748047,-1723.58020019531,0.0,57.8658561706543,jump_peak,x_345.439666748047_y_-1723.58020019531
342.306,platform_landed,345.439666748047,-1644.01928710938,0.0,0.0,land_on_platform,platform_scene-1/Tile Map/19_-91_layer_Tile Map_tile_19_-91_source_1_atlas_14_6
342.306,landed,345.439666748047,-1644.01928710938,0.0,0.0,land,surface_wood_impact_1.22684301757813
342.307,musicking,345.439666748047,-1644.01928710938,0.0,0.0,osc_received,"value_[1, ""water-tube""]"
342.789,jump_input_released,345.439666748047,-1644.01928710938,0.0,0.0,Jump,released
343.689,jump_input_pressed,345.439666748047,-1644.01928710938,0.0,0.0,Jump,pressed
343.689,jump_executed,345.439666748047,-1644.01928710938,0.0,-500.0,jump,x_345.439666748047_y_-1644.01928710938
343.915,musicking,345.447265625,-1723.58044433594,0.0,20.82887840271,osc_received,"value_[1, ""head-bump""]"
343.922,jump_peak_reached,345.447265625,-1723.58044433594,0.0,57.8659172058105,jump_peak,x_345.447265625_y_-1723.58044433594
344.173,platform_landed,345.447265625,-1644.01953125,0.0,0.0,land_on_platform,platform_scene-1/Tile Map/19_-91_layer_Tile Map_tile_19_-91_source_1_atlas_14_6
344.173,landed,345.447265625,-1644.01953125,0.0,0.0,land,surface_wood_impact_1.22684313964844
344.174,musicking,345.447265625,-1644.01953125,0.0,0.0,osc_received,"value_[1, ""water-tube""]"
344.323,jump_input_released,345.447265625,-1644.01953125,0.0,0.0,Jump,released
345.4,jump_input_pressed,345.447265625,-1644.01953125,0.0,0.0,Jump,pressed
345.401,jump_executed,345.447265625,-1644.01953125,0.0,-500.0,jump,x_345.447265625_y_-1644.01953125
345.622,musicking,345.454864501953,-1723.58044433594,0.0,20.82887840271,osc_received,"value_[1, ""head-bump""]"
345.631,jump_peak_reached,345.454864501953,-1723.58044433594,0.0,57.8659172058105,jump_peak,x_345.454864501953_y_-1723.58044433594
345.891,platform_landed,345.454864501953,-1644.01953125,0.0,0.0,land_on_platform,platform_scene-1/Tile Map/19_-91_layer_Tile Map_tile_19_-91_source_1_atlas_14_6
345.891,landed,345.454864501953,-1644.01953125,0.0,0.0,land,surface_wood_impact_1.22684313964844
345.892,musicking,345.454864501953,-1644.01953125,0.0,0.0,osc_received,"value_[1, ""water-tube""]"
346.642,jump_input_released,345.454864501953,-1644.01953125,0.0,0.0,Jump,released
347.172,jump_input_pressed,345.454864501953,-1644.01953125,0.0,0.0,Jump,pressed
347.172,jump_executed,345.454864501953,-1644.01953125,0.0,-500.0,jump,x_345.454864501953_y_-1644.01953125
347.398,musicking,345.462432861328,-1723.58044433594,0.0,20.82887840271,osc_received,"value_[1, ""head-bump""]"
347.406,jump_peak_reached,345.462432861328,-1723.58044433594,0.0,57.8659172058105,jump_peak,x_345.462432861328_y_-1723.58044433594
347.658,platform_landed,345.462432861328,-1644.01953125,0.0,0.0,land_on_platform,platform_scene-1/Tile Map/19_-91_layer_Tile Map_tile_19_-91_source_1_atlas_14_6
347.658,landed,345.462432861328,-1644.01953125,0.0,0.0,land,surface_wood_impact_1.22684313964844
347.665,musicking,345.462432861328,-1644.01953125,0.0,0.0,osc_received,"value_[1, ""water-tube""]"
347.758,jump_input_released,345.462432861328,-1644.01953125,0.0,0.0,Jump,released
347.792,move_left_pressed,345.462432861328,-1644.01953125,-33.3333320617676,0.0,Move_Left,pressed
347.973,jump_input_pressed,319.632843017578,-1644.23559570312,-180.0,74.0740737915039,Jump,pressed
347.973,jump_executed,319.632843017578,-1644.23559570312,-180.0,-500.0,jump,x_319.632843017578_y_-1644.23559570312
348.106,move_right_pressed,297.021728515625,-1701.29113769531,0.0,-335.333251953125,Move_Right,pressed
348.364,musicking,321.516326904297,-1750.55261230469,50.9421501159668,-37.4998893737793,osc_received,"value_[1, ""head-bump""]"
348.383,musicking,321.74169921875,-1750.78881835938,37.8396606445312,-18.0554447174072,osc_received,"value_[1, ""head-bump""]"
348.392,musicking,321.765655517578,-1750.81103515625,23.6150150299072,2.77788853645325,osc_received,"value_[1, ""head-bump""]"
348.415,musicking,321.458343505859,-1750.48413085938,0.0,39.8149261474609,osc_received,"value_[1, ""head-bump""]"
348.422,jump_peak_reached,321.458343505859,-1750.48413085938,15.0,76.8519668579102,jump_peak,x_321.458343505859_y_-1750.48413085938
348.423,musicking,320.851379394531,-1749.71154785156,0.0,76.8519668579102,osc_received,"value_[1, ""head-bump""]"
348.444,musicking,320.079956054688,-1748.279296875,0.0,113.889007568359,osc_received,"value_[1, ""head-bump""]"
348.458,musicking,319.602325439453,-1745.90014648438,0.0,150.926040649414,osc_received,"value_[1, ""head-bump""]"
348.474,musicking,319.852325439453,-1742.76745605469,15.0,187.963073730469,osc_received,"value_[1, ""head-bump""]"
348.573,jump_input_released,319.852325439453,-1717.84460449219,0.0,410.185333251953,Jump,released
348.79,move_right_pressed,319.852325439453,-1580.82287597656,15.0,891.666931152344,Move_Right,pressed
348.864,musicking,313.575897216797,-1506.47021484375,15.0,1039.81506347656,osc_received,"value_[1, ""head-bump""]"
349.006,platform_landed,314.825897216797,-1338.00720214844,0.0,0.0,land_on_platform,platform_scene-1/Tile Map/17_-74_layer_Tile Map_tile_17_-74_source_1_atlas_13_6
349.006,landed,314.825897216797,-1338.00720214844,0.0,0.0,land,surface_wood_impact_2.7462958984375
349.015,musicking,314.825897216797,-1338.00720214844,0.0,0.0,osc_received,"value_[1, ""water-tube""]"
349.556,jump_input_pressed,314.825897216797,-1338.00720214844,0.0,0.0,Jump,pressed
349.556,jump_executed,314.825897216797,-1338.00720214844,0.0,-500.0,jump,x_314.825897216797_y_-1338.00720214844
349.573,move_left_pressed,314.825897216797,-1346.39343261719,-15.0,-479.222198486328,Move_Left,pressed
349.69,move_right_pressed,311.075897216797,-1395.11474609375,15.0,-335.333251953125,Move_Right,pressed
349.991,jump_peak_reached,348.575897216797,-1444.88781738281,96.6666641235352,39.8149261474609,jump_peak,x_348.575897216797_y_-1444.88781738281
349.991,jump_input_released,348.575897216797,-1444.88781738281,96.6666641235352,39.8149261474609,Jump,released
350.09,platform_landed,350.409240722656,-1428.49108886719,0.0,0.0,land_on_platform,platform_scene-1/Tile Map/19_-79_layer_Tile Map_tile_19_-79_source_1_atlas_14_6
350.09,landed,350.409240722656,-1428.49108886719,0.0,0.0,land,surface_wood_impact_0.52407427978516
350.092,musicking,350.409240722656,-1428.49108886719,0.0,0.0,osc_received,"value_[1, ""water-tube""]"
350.191,move_left_pressed,350.409240722656,-1428.49108886719,-33.3333320617676,0.0,Move_Left,pressed
350.374,jump_input_pressed,324.63720703125,-1428.58618164062,-180.0,0.0,Jump,pressed
350.374,jump_executed,324.63720703125,-1428.58618164062,-180.0,-500.0,jump,x_324.63720703125_y_-1428.58618164062
350.741,jump_input_released,258.613006591797,-1533.65246582031,-180.0,-55.722110748291,Jump,released
350.806,jump_peak_reached,246.613006591797,-1535.28393554688,-180.0,43.8149261474609,jump_peak,x_246.613006591797_y_-1535.28393554688
351.007,platform_landed,241.779663085938,-1482.21997070312,0.0,0.0,land_on_platform,platform_scene-1/Tile Map/13_-82_layer_Tile Map_tile_13_-82_source_1_atlas_14_6
351.007,landed,241.779663085938,-1482.21997070312,0.0,0.0,land,surface_wood_impact_0.97651885986328
351.015,musicking,241.779663085938,-1482.21997070312,0.0,0.0,osc_received,"value_[1, ""water-tube""]"
351.058,move_right_pressed,241.779663085938,-1482.21997070312,33.3333320617676,0.0,Move_Right,pressed
351.089,jump_input_pressed,243.183135986328,-1482.84387207031,100.0,0.0,Jump,pressed
351.089,jump_executed,243.183135986328,-1482.84387207031,100.0,-500.0,jump,x_243.183135986328_y_-1482.84387207031
351.09,musicking,244.849807739258,-1491.17810058594,100.0,-500.055541992188,osc_received,"value_[1, ""chain-jumps""]"
351.522,jump_peak_reached,316.933166503906,-1589.67248535156,180.0,39.8149261474609,jump_peak,x_316.933166503906_y_-1589.67248535156
351.64,jump_input_released,337.933166503906,-1572.064453125,180.0,299.074188232422,Jump,released
351.723,platform_landed,342.766510009766,-1536.01892089844,0.0,0.0,land_on_platform,platform_scene-1/Tile Map/18_-85_layer_Tile Map_tile_18_-85_source_1_atlas_14_6
351.723,landed,342.766510009766,-1536.01892089844,0.0,0.0,land,surface_wood_impact_0.96851885986328
351.724,musicking,342.766510009766,-1536.01892089844,0.0,0.0,osc_received,"value_[1, ""water-tube""]"
351.873,move_left_pressed,342.766510009766,-1536.01892089844,-33.3333320617676,0.0,Move_Left,pressed
351.941,jump_input_pressed,337.211730957031,-1536.11364746094,-166.666656494141,0.0,Jump,pressed
351.941,jump_executed,337.211730957031,-1536.11364746094,-166.666656494141,-500.0,jump,x_337.211730957031_y_-1536.11364746094
352.373,jump_peak_reached,259.432861328125,-1642.94555664062,-180.0,39.8149261474609,jump_peak,x_259.432861328125_y_-1642.94555664062
352.575,jump_input_released,224.821746826172,-1594.24182128906,-13.3333311080933,484.259429931641,Jump,released
352.576,platform_landed,224.583877563477,-1591.05041503906,-13.3333311080933,0.0,land_on_platform,platform_scene-1/Tile Map/12_-88_layer_Tile Map_tile_12_-88_source_1_atlas_14_6
352.576,landed,224.583877563477,-1591.05041503906,-13.3333311080933,0.0,land,surface_wood_impact_0.96851885986328
352.581,musicking,224.583877563477,-1591.05041503906,-13.3333311080933,0.0,osc_received,"value_[1, ""water-tube""]"
352.672,move_right_pressed,224.583877563477,-1591.05041503906,33.3333320617676,0.0,Move_Right,pressed
352.773,jump_input_pressed,235.956848144531,-1590.03637695312,180.0,0.0,Jump,pressed
352.773,jump_executed,235.956848144531,-1590.03637695312,180.0,-500.0,jump,x_235.956848144531_y_-1590.03637695312
353.206,jump_peak_reached,313.968872070312,-1696.8984375,180.0,39.8149261474609,jump_peak,x_313.968872070312_y_-1696.8984375
353.356,jump_input_released,339.579986572266,-1668.70397949219,13.3333311080933,373.148284912109,Jump,released
353.406,platform_landed,339.802215576172,-1644.03308105469,0.0,0.0,land_on_platform,platform_scene-1/Tile Map/18_-91_layer_Tile Map_tile_18_-91_source_1_atlas_14_6
353.406,landed,339.802215576172,-1644.03308105469,0.0,0.0,land,surface_wood_impact_0.96851885986328
353.416,musicking,339.802215576172,-1644.03308105469,0.0,0.0,osc_received,"value_[1, ""water-tube""]"
353.423,move_left_pressed,339.802215576172,-1644.03308105469,-33.3333320617676,0.0,Move_Left,pressed
353.524,jump_input_pressed,328.95947265625,-1645.04528808594,-180.0,0.0,Jump,pressed
353.524,jump_executed,328.95947265625,-1645.04528808594,-180.0,-500.0,jump,x_328.95947265625_y_-1645.04528808594
353.957,jump_peak_reached,250.958740234375,-1751.8759765625,-180.0,39.8149261474609,jump_peak,x_250.958740234375_y_-1751.8759765625
354.073,jump_input_released,231.347625732422,-1734.26794433594,-13.3333311080933,299.074188232422,Jump,released
354.156,platform_landed,231.125396728516,-1698.03332519531,0.0,0.0,land_on_platform,platform_scene-1/Tile Map/12_-94_layer_Tile Map_tile_12_-94_source_1_atlas_14_6
354.156,landed,231.125396728516,-1698.03332519531,0.0,0.0,land,surface_wood_impact_0.96851885986328
354.157,musicking,231.125396728516,-1698.03332519531,0.0,0.0,osc_received,"value_[1, ""water-tube""]"
354.256,move_right_pressed,231.125396728516,-1698.03332519531,33.3333320617676,0.0,Move_Right,pressed
354.292,jump_input_pressed,232.792587280273,-1698.08996582031,100.0,0.0,Jump,pressed
354.292,jump_executed,232.792587280273,-1698.08996582031,100.0,-500.0,jump,x_232.792587280273_y_-1698.08996582031
354.723,jump_peak_reached,306.542633056641,-1804.91857910156,180.0,39.8149261474609,jump_peak,x_306.542633056641_y_-1804.91857910156
354.908,jump_input_released,338.153747558594,-1763.66857910156,13.3333311080933,447.222381591797,Jump,released
354.922,platform_landed,338.3759765625,-1752.05322265625,0.0,0.0,land_on_platform,platform_scene-1/Tile Map/18_-97_layer_Tile Map_tile_18_-97_source_1_atlas_14_6
354.922,landed,338.3759765625,-1752.05322265625,0.0,0.0,land,surface_wood_impact_0.96851885986328
354.923,musicking,338.3759765625,-1752.05322265625,0.0,0.0,osc_received,"value_[1, ""water-tube""]"
355.059,move_right_pressed,338.3759765625,-1752.05322265625,33.3333320617676,0.0,Move_Right,pressed
355.292,jump_input_pressed,351.167144775391,-1752.73999023438,0.0,0.0,Jump,pressed
355.292,jump_executed,351.167144775391,-1752.73999023438,0.0,-500.0,jump,x_351.167144775391_y_-1752.73999023438
355.373,jump_input_released,351.167144775391,-1791.02734375,0.0,-396.666595458984,Jump,released
355.408,musicking,351.167144775391,-1792.31567382812,0.0,37.037036895752,osc_received,"value_[1, ""head-bump""]"
355.423,jump_peak_reached,351.167144775391,-1792.31567382812,0.0,74.0740737915039,jump_peak,x_351.167144775391_y_-1792.31567382812
355.473,jump_input_pressed,351.167144775391,-1786.76013183594,0.0,185.185180664062,Jump,pressed
355.525,jump_input_released,351.167144775391,-1775.64892578125,0.0,296.296295166016,Jump,released
355.573,platform_landed,351.167144775391,-1752.77575683594,0.0,0.0,land_on_platform,platform_scene-1/Tile Map/19_-97_layer_Tile Map_tile_19_-97_source_1_atlas_14_6
355.573,landed,351.167144775391,-1752.77575683594,0.0,0.0,land,surface_wood_impact_0.81481488037109
355.582,musicking,351.167144775391,-1752.77575683594,0.0,0.0,osc_received,"value_[1, ""water-tube""]"
355.591,jump_executed,351.167144775391,-1752.77575683594,0.0,-500.0,jump,x_351.167144775391_y_-1752.77575683594
355.592,musicking,351.167144775391,-1761.14074707031,0.0,-500.0,osc_received,"value_[1, ""chain-jumps""]"
355.64,jump_input_pressed,351.167144775391,-1776.76574707031,0.0,-437.499969482422,Jump,pressed
355.698,musicking,351.167144775391,-1792.3154296875,0.0,37.037036895752,osc_received,"value_[1, ""head-bump""]"
355.708,jump_peak_reached,351.167144775391,-1792.3154296875,0.0,74.0740737915039,jump_peak,x_351.167144775391_y_-1792.3154296875
355.708,jump_input_released,351.167144775391,-1792.3154296875,0.0,74.0740737915039,Jump,released
355.806,jump_input_pressed,351.167144775391,-1775.64868164062,0.0,296.296295166016,Jump,pressed
355.864,platform_landed,351.167144775391,-1752.77551269531,0.0,0.0,land_on_platform,platform_scene-1/Tile Map/19_-97_layer_Tile Map_tile_19_-97_source_1_atlas_14_6
355.864,landed,351.167144775391,-1752.77551269531,0.0,0.0,land,surface_wood_impact_0.81481488037109
355.865,musicking,351.167144775391,-1752.77551269531,0.0,0.0,osc_received,"value_[1, ""water-tube""]"
355.881,jump_executed,351.167144775391,-1752.77551269531,0.0,-500.0,jump,x_351.167144775391_y_-1752.77551269531
355.881,jump_input_released,351.167144775391,-1752.77551269531,0.0,-500.0,Jump,released
355.882,musicking,351.167144775391,-1754.47399902344,0.0,-100.0,osc_received,"value_[1, ""chain-jumps""]"
355.897,jump_peak_reached,351.167144775391,-1754.47399902344,0.0,-79.1666641235352,jump_peak,x_351.167144775391_y_-1754.47399902344
355.948,jump_input_pressed,351.167144775391,-1757.390625,0.0,-16.6666660308838,Jump,pressed
356.023,jump_input_released,351.167144775391,-1753.68701171875,0.0,152.314819335938,Jump,released
356.023,platform_landed,351.167144775391,-1752.74499511719,0.0,0.0,land_on_platform,platform_scene-1/Tile Map/19_-97_layer_Tile Map_tile_19_-97_source_1_atlas_14_6
356.024,landed,351.167144775391,-1752.74499511719,0.0,0.0,land,surface_wood_impact_0.30462963867187
356.024,musicking,351.167144775391,-1752.74499511719,0.0,0.0,osc_received,"value_[1, ""water-tube""]"
356.122,jump_input_pressed,351.167144775391,-1752.74499511719,0.0,0.0,Jump,pressed
356.122,jump_executed,351.167144775391,-1752.74499511719,0.0,-500.0,jump,x_351.167144775391_y_-1752.74499511719
356.191,jump_input_released,351.167144775391,-1784.07006835938,0.0,-417.22216796875,Jump,released
356.29,jump_peak_reached,351.167144775391,-1788.86169433594,0.0,41.2037048339844,jump_peak,x_351.167144775391_y_-1788.86169433594
356.306,jump_input_pressed,351.167144775391,-1788.17492675781,0.0,78.2407455444336,Jump,pressed
356.359,jump_input_released,351.167144775391,-1782.4111328125,0.0,189.351852416992,Jump,released
356.458,platform_landed,351.167144775391,-1752.74291992188,0.0,0.0,land_on_platform,platform_scene-1/Tile Map/19_-97_layer_Tile Map_tile_19_-97_source_1_atlas_14_6
356.458,landed,351.167144775391,-1752.74291992188,0.0,0.0,land,surface_wood_impact_0.82314825439453
356.46,musicking,351.167144775391,-1752.74291992188,0.0,0.0,osc_received,"value_[1, ""water-tube""]"
356.489,jump_input_pressed,351.167144775391,-1752.74291992188,0.0,0.0,Jump,pressed
356.489,jump_executed,351.167144775391,-1752.74291992188,0.0,-500.0,jump,x_351.167144775391_y_-1752.74291992188
356.49,musicking,351.167144775391,-1761.13537597656,0.0,-500.055541992188,osc_received,"value_[1, ""chain-jumps""]"
356.541,jump_input_released,351.167144775391,-1776.76867675781,0.0,-437.833282470703,Jump,released
356.64,jump_peak_reached,351.167144775391,-1781.56030273438,0.0,41.2037048339844,jump_peak,x_351.167144775391_y_-1781.56030273438
356.691,jump_input_pressed,351.167144775391,-1777.64831542969,0.0,152.314819335938,Jump,pressed
356.791,platform_landed,351.167144775391,-1752.76745605469,0.0,0.0,land_on_platform,platform_scene-1/Tile Map/19_-97_layer_Tile Map_tile_19_-97_source_1_atlas_14_6
356.791,landed,351.167144775391,-1752.76745605469,0.0,0.0,land,surface_wood_impact_0.74907415771484
356.798,musicking,351.167144775391,-1752.76745605469,0.0,0.0,osc_received,"value_[1, ""water-tube""]"
356.806,jump_executed,351.167144775391,-1752.76745605469,0.0,-500.0,jump,x_351.167144775391_y_-1752.76745605469
356.807,musicking,351.167144775391,-1761.14013671875,0.0,-500.055541992188,osc_received,"value_[1, ""chain-jumps""]"
356.873,jump_input_released,351.167144775391,-1784.07434082031,0.0,-417.22216796875,Jump,released
356.973,jump_peak_reached,351.167144775391,-1788.86596679688,0.0,41.2037048339844,jump_peak,x_351.167144775391_y_-1788.86596679688
357.141,platform_landed,351.167144775391,-1752.74719238281,0.0,0.0,land_on_platform,platform_scene-1/Tile Map/19_-97_layer_Tile Map_tile_19_-97_source_1_atlas_14_6
357.141,landed,351.167144775391,-1752.74719238281,0.0,0.0,land,surface_wood_impact_0.82314825439453
357.142,musicking,351.167144775391,-1752.74719238281,0.0,0.0,osc_received,"value_[1, ""water-tube""]"
357.358,jump_input_pressed,351.167144775391,-1752.74719238281,0.0,0.0,Jump,pressed
357.358,jump_executed,351.167144775391,-1752.74719238281,0.0,-500.0,jump,x_351.167144775391_y_-1752.74719238281
357.464,musicking,351.167144775391,-1792.31567382812,0.0,37.037036895752,osc_received,"value_[1, ""head-bump""]"
357.474,jump_peak_reached,351.167144775391,-1792.31567382812,0.0,74.0740737915039,jump_peak,x_351.167144775391_y_-1792.31567382812
357.624,platform_landed,351.167144775391,-1752.77575683594,0.0,0.0,land_on_platform,platform_scene-1/Tile Map/19_-97_layer_Tile Map_tile_19_-97_source_1_atlas_14_6
357.624,landed,351.167144775391,-1752.77575683594,0.0,0.0,land,surface_wood_impact_0.81481488037109
357.626,musicking,351.167144775391,-1752.77575683594,0.0,0.0,osc_received,"value_[1, ""water-tube""]"
357.64,jump_input_released,351.167144775391,-1752.77575683594,0.0,0.0,Jump,released
357.757,jump_input_pressed,351.167144775391,-1752.77575683594,0.0,0.0,Jump,pressed
357.757,jump_executed,351.167144775391,-1752.77575683594,0.0,-500.0,jump,x_351.167144775391_y_-1752.77575683594
357.864,musicking,351.167144775391,-1792.31640625,0.0,37.037036895752,osc_received,"value_[1, ""head-bump""]"
357.873,jump_peak_reached,351.167144775391,-1792.31640625,0.0,74.0740737915039,jump_peak,x_351.167144775391_y_-1792.31640625
358.022,jump_input_released,351.167144775391,-1758.98303222656,0.0,407.407440185547,Jump,released
358.022,platform_landed,351.167144775391,-1752.73669433594,0.0,0.0,land_on_platform,platform_scene-1/Tile Map/19_-97_layer_Tile Map_tile_19_-97_source_1_atlas_14_6
358.023,landed,351.167144775391,-1752.73669433594,0.0,0.0,land,surface_wood_impact_0.81481488037109
358.023,musicking,351.167144775391,-1752.73669433594,0.0,0.0,osc_received,"value_[1, ""water-tube""]"
358.141,jump_input_pressed,351.167144775391,-1752.73669433594,0.0,0.0,Jump,pressed
358.141,jump_executed,351.167144775391,-1752.73669433594,0.0,-500.0,jump,x_351.167144775391_y_-1752.73669433594
358.247,musicking,351.167144775391,-1792.3154296875,0.0,37.037036895752,osc_received,"value_[1, ""head-bump""]"
358.257,jump_peak_reached,351.167144775391,-1792.3154296875,0.0,74.0740737915039,jump_peak,x_351.167144775391_y_-1792.3154296875
358.393,jump_input_released,351.167144775391,-1765.15490722656,0.0,370.370391845703,Jump,released
358.406,platform_landed,351.167144775391,-1752.77551269531,0.0,0.0,land_on_platform,platform_scene-1/Tile Map/19_-97_layer_Tile Map_tile_19_-97_source_1_atlas_14_6
358.406,landed,351.167144775391,-1752.77551269531,0.0,0.0,land,surface_wood_impact_0.81481488037109
358.415,musicking,351.167144775391,-1752.77551269531,0.0,0.0,osc_received,"value_[1, ""water-tube""]"
358.508,jump_input_pressed,351.167144775391,-1752.77551269531,0.0,0.0,Jump,pressed
358.508,jump_executed,351.167144775391,-1752.77551269531,0.0,-500.0,jump,x_351.167144775391_y_-1752.77551269531
358.608,musicking,351.167144775391,-1792.31640625,0.0,37.037036895752,osc_received,"value_[1, ""head-bump""]"
358.623,jump_peak_reached,351.167144775391,-1792.31640625,0.0,74.0740737915039,jump_peak,x_351.167144775391_y_-1792.31640625
358.758,jump_input_released,351.167144775391,-1765.15588378906,0.0,370.370391845703,Jump,released
358.775,platform_landed,351.167144775391,-1752.73669433594,0.0,0.0,land_on_platform,platform_scene-1/Tile Map/19_-97_layer_Tile Map_tile_19_-97_source_1_atlas_14_6
358.775,landed,351.167144775391,-1752.73669433594,0.0,0.0,land,surface_wood_impact_0.81481488037109
358.776,musicking,351.167144775391,-1752.73669433594,0.0,0.0,osc_received,"value_[1, ""water-tube""]"
358.857,jump_input_pressed,351.167144775391,-1752.73669433594,0.0,0.0,Jump,pressed
358.858,jump_executed,351.167144775391,-1752.73669433594,0.0,-500.0,jump,x_351.167144775391_y_-1752.73669433594
358.864,musicking,351.167144775391,-1761.13427734375,0.0,-500.055541992188,osc_received,"value_[1, ""chain-jumps""]"
358.964,musicking,351.167144775391,-1792.3154296875,0.0,37.037036895752,osc_received,"value_[1, ""head-bump""]"
358.973,jump_peak_reached,351.167144775391,-1792.3154296875,0.0,74.0740737915039,jump_peak,x_351.167144775391_y_-1792.3154296875
359.091,jump_input_released,351.167144775391,-1770.71044921875,0.0,333.333343505859,Jump,released
359.123,platform_landed,351.167144775391,-1752.77551269531,0.0,0.0,land_on_platform,platform_scene-1/Tile Map/19_-97_layer_Tile Map_tile_19_-97_source_1_atlas_14_6
359.123,landed,351.167144775391,-1752.77551269531,0.0,0.0,land,surface_wood_impact_0.81481488037109
359.124,musicking,351.167144775391,-1752.77551269531,0.0,0.0,osc_received,"value_[1, ""water-tube""]"
359.207,jump_input_pressed,351.167144775391,-1752.77551269531,0.0,0.0,Jump,pressed
359.207,jump_executed,351.167144775391,-1752.77551269531,0.0,-500.0,jump,x_351.167144775391_y_-1752.77551269531
359.208,musicking,351.167144775391,-1761.1416015625,0.0,-500.055541992188,osc_received,"value_[1, ""chain-jumps""]"
359.309,musicking,351.167144775391,-1792.31640625,0.0,37.037036895752,osc_received,"value_[1, ""head-bump""]"
359.322,jump_peak_reached,351.167144775391,-1792.31640625,0.0,74.0740737915039,jump_peak,x_351.167144775391_y_-1792.31640625
359.457,jump_input_released,351.167144775391,-1765.15588378906,0.0,370.370391845703,Jump,released
359.473,platform_landed,351.167144775391,-1752.73669433594,0.0,0.0,land_on_platform,platform_scene-1/Tile Map/19_-97_layer_Tile Map_tile_19_-97_source_1_atlas_14_6
359.473,landed,351.167144775391,-1752.73669433594,0.0,0.0,land,surface_wood_impact_0.81481488037109
359.484,musicking,351.167144775391,-1752.73669433594,0.0,0.0,osc_received,"value_[1, ""water-tube""]"
359.606,jump_input_pressed,351.167144775391,-1752.73669433594,0.0,0.0,Jump,pressed
359.606,jump_executed,351.167144775391,-1752.73669433594,0.0,-500.0,jump,x_351.167144775391_y_-1752.73669433594
359.707,musicking,351.167144775391,-1792.3154296875,0.0,37.037036895752,osc_received,"value_[1, ""head-bump""]"
359.723,jump_peak_reached,351.167144775391,-1792.3154296875,0.0,74.0740737915039,jump_peak,x_351.167144775391_y_-1792.3154296875
359.84,jump_input_released,351.167144775391,-1770.71044921875,0.0,333.333343505859,Jump,released
359.874,platform_landed,351.167144775391,-1752.77551269531,0.0,0.0,land_on_platform,platform_scene-1/Tile Map/19_-97_layer_Tile Map_tile_19_-97_source_1_atlas_14_6
359.874,landed,351.167144775391,-1752.77551269531,0.0,0.0,land,surface_wood_impact_0.81481488037109
359.881,musicking,351.167144775391,-1752.77551269531,0.0,0.0,osc_received,"value_[1, ""water-tube""]"
360.008,jump_input_pressed,351.167144775391,-1752.77551269531,0.0,0.0,Jump,pressed
360.008,jump_executed,351.167144775391,-1752.77551269531,0.0,-500.0,jump,x_351.167144775391_y_-1752.77551269531
360.107,musicking,351.167144775391,-1792.31640625,0.0,37.037036895752,osc_received,"value_[1, ""head-bump""]"
360.122,jump_peak_reached,351.167144775391,-1792.31640625,0.0,74.0740737915039,jump_peak,x_351.167144775391_y_-1792.31640625
360.24,jump_input_released,351.167144775391,-1770.71142578125,0.0,333.333343505859,Jump,released
360.274,platform_landed,351.167144775391,-1752.73669433594,0.0,0.0,land_on_platform,platform_scene-1/Tile Map/19_-97_layer_Tile Map_tile_19_-97_source_1_atlas_14_6
360.274,landed,351.167144775391,-1752.73669433594,0.0,0.0,land,surface_wood_impact_0.81481488037109
360.276,musicking,351.167144775391,-1752.73669433594,0.0,0.0,osc_received,"value_[1, ""water-tube""]"
360.389,jump_input_pressed,351.167144775391,-1752.73669433594,0.0,0.0,Jump,pressed
360.389,jump_executed,351.167144775391,-1752.73669433594,0.0,-500.0,jump,x_351.167144775391_y_-1752.73669433594
360.498,musicking,351.167144775391,-1792.3154296875,0.0,37.037036895752,osc_received,"value_[1, ""head-bump""]"
360.506,jump_peak_reached,351.167144775391,-1792.3154296875,0.0,74.0740737915039,jump_peak,x_351.167144775391_y_-1792.3154296875
360.657,jump_input_released,351.167144775391,-1758.98205566406,0.0,407.407440185547,Jump,released
360.658,platform_landed,351.167144775391,-1752.77551269531,0.0,0.0,land_on_platform,platform_scene-1/Tile Map/19_-97_layer_Tile Map_tile_19_-97_source_1_atlas_14_6
360.658,landed,351.167144775391,-1752.77551269531,0.0,0.0,land,surface_wood_impact_0.81481488037109
360.664,musicking,351.167144775391,-1752.77551269531,0.0,0.0,osc_received,"value_[1, ""water-tube""]"
360.807,jump_input_pressed,351.167144775391,-1752.77551269531,0.0,0.0,Jump,pressed
360.807,jump_executed,351.167144775391,-1752.77551269531,0.0,-500.0,jump,x_351.167144775391_y_-1752.77551269531
360.907,musicking,351.167144775391,-1792.31640625,0.0,37.037036895752,osc_received,"value_[1, ""head-bump""]"
360.923,jump_peak_reached,351.167144775391,-1792.31640625,0.0,74.0740737915039,jump_peak,x_351.167144775391_y_-1792.31640625
361.04,jump_input_released,351.167144775391,-1770.71142578125,0.0,333.333343505859,Jump,released
361.074,platform_landed,351.167144775391,-1752.73669433594,0.0,0.0,land_on_platform,platform_scene-1/Tile Map/19_-97_layer_Tile Map_tile_19_-97_source_1_atlas_14_6
361.074,landed,351.167144775391,-1752.73669433594,0.0,0.0,land,surface_wood_impact_0.81481488037109
361.081,musicking,351.167144775391,-1752.73669433594,0.0,0.0,osc_received,"value_[1, ""water-tube""]"
361.189,jump_input_pressed,351.167144775391,-1752.73669433594,0.0,0.0,Jump,pressed
361.189,jump_executed,351.167144775391,-1752.73669433594,0.0,-500.0,jump,x_351.167144775391_y_-1752.73669433594
361.298,musicking,351.167144775391,-1792.3154296875,0.0,37.037036895752,osc_received,"value_[1, ""head-bump""]"
361.306,jump_peak_reached,351.167144775391,-1792.3154296875,0.0,74.0740737915039,jump_peak,x_351.167144775391_y_-1792.3154296875
361.422,jump_input_released,351.167144775391,-1770.71044921875,0.0,333.333343505859,Jump,released
361.457,platform_landed,351.167144775391,-1752.77551269531,0.0,0.0,land_on_platform,platform_scene-1/Tile Map/19_-97_layer_Tile Map_tile_19_-97_source_1_atlas_14_6
361.458,landed,351.167144775391,-1752.77551269531,0.0,0.0,land,surface_wood_impact_0.81481488037109
361.462,musicking,351.167144775391,-1752.77551269531,0.0,0.0,osc_received,"value_[1, ""water-tube""]"
361.574,jump_input_pressed,351.167144775391,-1752.77551269531,0.0,0.0,Jump,pressed
361.575,jump_executed,351.167144775391,-1752.77551269531,0.0,-500.0,jump,x_351.167144775391_y_-1752.77551269531
361.674,musicking,351.167144775391,-1792.31640625,0.0,37.037036895752,osc_received,"value_[1, ""head-bump""]"
361.69,jump_peak_reached,351.167144775391,-1792.31640625,0.0,74.0740737915039,jump_peak,x_351.167144775391_y_-1792.31640625
361.808,jump_input_released,351.167144775391,-1770.71142578125,0.0,333.333343505859,Jump,released
361.842,platform_landed,351.167144775391,-1752.73669433594,0.0,0.0,land_on_platform,platform_scene-1/Tile Map/19_-97_layer_Tile Map_tile_19_-97_source_1_atlas_14_6
361.842,landed,351.167144775391,-1752.73669433594,0.0,0.0,land,surface_wood_impact_0.81481488037109
361.843,musicking,351.167144775391,-1752.73669433594,0.0,0.0,osc_received,"value_[1, ""water-tube""]"
361.942,jump_input_pressed,351.167144775391,-1752.73669433594,0.0,0.0,Jump,pressed
361.942,jump_executed,351.167144775391,-1752.73669433594,0.0,-500.0,jump,x_351.167144775391_y_-1752.73669433594
362.041,musicking,351.167144775391,-1792.3154296875,0.0,37.037036895752,osc_received,"value_[1, ""head-bump""]"
362.057,jump_peak_reached,351.167144775391,-1792.3154296875,0.0,74.0740737915039,jump_peak,x_351.167144775391_y_-1792.3154296875
362.19,jump_input_released,351.167144775391,-1765.15490722656,0.0,370.370391845703,Jump,released
362.206,platform_landed,351.167144775391,-1752.77551269531,0.0,0.0,land_on_platform,platform_scene-1/Tile Map/19_-97_layer_Tile Map_tile_19_-97_source_1_atlas_14_6
362.206,landed,351.167144775391,-1752.77551269531,0.0,0.0,land,surface_wood_impact_0.81481488037109
362.207,musicking,351.167144775391,-1752.77551269531,0.0,0.0,osc_received,"value_[1, ""water-tube""]"
362.307,jump_input_pressed,351.167144775391,-1752.77551269531,0.0,0.0,Jump,pressed
362.307,jump_executed,351.167144775391,-1752.77551269531,0.0,-500.0,jump,x_351.167144775391_y_-1752.77551269531
362.408,musicking,351.167144775391,-1792.31640625,0.0,37.037036895752,osc_received,"value_[1, ""head-bump""]"
362.423,jump_peak_reached,351.167144775391,-1792.31640625,0.0,74.0740737915039,jump_peak,x_351.167144775391_y_-1792.31640625
362.507,jump_input_released,351.167144775391,-1779.970703125,0.0,259.259246826172,Jump,released
362.572,platform_landed,351.167144775391,-1752.73669433594,0.0,0.0,land_on_platform,platform_scene-1/Tile Map/19_-97_layer_Tile Map_tile_19_-97_source_1_atlas_14_6
362.572,landed,351.167144775391,-1752.73669433594,0.0,0.0,land,surface_wood_impact_0.81481488037109
362.573,musicking,351.167144775391,-1752.73669433594,0.0,0.0,osc_received,"value_[1, ""water-tube""]"
362.658,jump_input_pressed,351.167144775391,-1752.73669433594,0.0,0.0,Jump,pressed
362.658,jump_executed,351.167144775391,-1752.73669433594,0.0,-500.0,jump,x_351.167144775391_y_-1752.73669433594
362.664,musicking,351.167144775391,-1761.13427734375,0.0,-500.055541992188,osc_received,"value_[1, ""chain-jumps""]"
362.764,musicking,351.167144775391,-1792.3154296875,0.0,37.037036895752,osc_received,"value_[1, ""head-bump""]"
362.773,jump_peak_reached,351.167144775391,-1792.3154296875,0.0,74.0740737915039,jump_peak,x_351.167144775391_y_-1792.3154296875
362.892,jump_input_released,351.167144775391,-1770.71044921875,0.0,333.333343505859,Jump,released
362.923,platform_landed,351.167144775391,-1752.77551269531,0.0,0.0,land_on_platform,platform_scene-1/Tile Map/19_-97_layer_Tile Map_tile_19_-97_source_1_atlas_14_6
362.923,landed,351.167144775391,-1752.77551269531,0.0,0.0,land,surface_wood_impact_0.81481488037109
362.931,musicking,351.167144775391,-1752.77551269531,0.0,0.0,osc_received,"value_[1, ""water-tube""]"
363.025,jump_input_pressed,351.167144775391,-1752.77551269531,0.0,0.0,Jump,pressed
363.026,jump_executed,351.167144775391,-1752.77551269531,0.0,-500.0,jump,x_351.167144775391_y_-1752.77551269531
363.131,musicking,351.167144775391,-1792.31640625,0.0,37.037036895752,osc_received,"value_[1, ""head-bump""]"
363.14,jump_peak_reached,351.167144775391,-1792.31640625,0.0,74.0740737915039,jump_peak,x_351.167144775391_y_-1792.31640625
363.257,jump_input_released,351.167144775391,-1770.71142578125,0.0,333.333343505859,Jump,released
363.292,platform_landed,351.167144775391,-1752.73669433594,0.0,0.0,land_on_platform,platform_scene-1/Tile Map/19_-97_layer_Tile Map_tile_19_-97_source_1_atlas_14_6
363.292,landed,351.167144775391,-1752.73669433594,0.0,0.0,land,surface_wood_impact_0.81481488037109
363.298,musicking,351.167144775391,-1752.73669433594,0.0,0.0,osc_received,"value_[1, ""water-tube""]"
363.392,jump_input_pressed,351.167144775391,-1752.73669433594,0.0,0.0,Jump,pressed
363.392,jump_executed,351.167144775391,-1752.73669433594,0.0,-500.0,jump,x_351.167144775391_y_-1752.73669433594
363.393,musicking,351.167144775391,-1761.13427734375,0.0,-500.055541992188,osc_received,"value_[1, ""chain-jumps""]"
363.494,musicking,351.167144775391,-1792.3154296875,0.0,37.037036895752,osc_received,"value_[1, ""head-bump""]"
363.506,jump_peak_reached,351.167144775391,-1792.3154296875,0.0,74.0740737915039,jump_peak,x_351.167144775391_y_-1792.3154296875
363.606,jump_input_released,351.167144775391,-1775.64868164062,0.0,296.296295166016,Jump,released
363.658,platform_landed,351.167144775391,-1752.77551269531,0.0,0.0,land_on_platform,platform_scene-1/Tile Map/19_-97_layer_Tile Map_tile_19_-97_source_1_atlas_14_6
363.658,landed,351.167144775391,-1752.77551269531,0.0,0.0,land,surface_wood_impact_0.81481488037109
363.664,musicking,351.167144775391,-1752.77551269531,0.0,0.0,osc_received,"value_[1, ""water-tube""]"
363.825,jump_input_pressed,351.167144775391,-1752.77551269531,0.0,0.0,Jump,pressed
363.825,jump_executed,351.167144775391,-1752.77551269531,0.0,-500.0,jump,x_351.167144775391_y_-1752.77551269531
363.925,musicking,351.167144775391,-1792.31640625,0.0,37.037036895752,osc_received,"value_[1, ""head-bump""]"
363.942,jump_peak_reached,351.167144775391,-1792.31640625,0.0,74.0740737915039,jump_peak,x_351.167144775391_y_-1792.31640625
364.042,jump_input_released,351.167144775391,-1775.64965820312,0.0,296.296295166016,Jump,released
364.091,platform_landed,351.167144775391,-1752.73669433594,0.0,0.0,land_on_platform,platform_scene-1/Tile Map/19_-97_layer_Tile Map_tile_19_-97_source_1_atlas_14_6
364.091,landed,351.167144775391,-1752.73669433594,0.0,0.0,land,surface_wood_impact_0.81481488037109
364.093,musicking,351.167144775391,-1752.73669433594,0.0,0.0,osc_received,"value_[1, ""water-tube""]"
364.222,jump_input_pressed,351.167144775391,-1752.73669433594,0.0,0.0,Jump,pressed
364.222,jump_executed,351.167144775391,-1752.73669433594,0.0,-500.0,jump,x_351.167144775391_y_-1752.73669433594
364.331,musicking,351.167144775391,-1792.3154296875,0.0,37.037036895752,osc_received,"value_[1, ""head-bump""]"
364.34,jump_peak_reached,351.167144775391,-1792.3154296875,0.0,74.0740737915039,jump_peak,x_351.167144775391_y_-1792.3154296875
364.406,jump_input_released,351.167144775391,-1783.67346191406,0.0,222.222213745117,Jump,released
364.49,platform_landed,351.167144775391,-1752.77551269531,0.0,0.0,land_on_platform,platform_scene-1/Tile Map/19_-97_layer_Tile Map_tile_19_-97_source_1_atlas_14_6
364.49,landed,351.167144775391,-1752.77551269531,0.0,0.0,land,surface_wood_impact_0.81481488037109
364.498,musicking,351.167144775391,-1752.77551269531,0.0,0.0,osc_received,"value_[1, ""water-tube""]"
364.593,jump_input_pressed,351.167144775391,-1752.77551269531,0.0,0.0,Jump,pressed
364.593,jump_executed,351.167144775391,-1752.77551269531,0.0,-500.0,jump,x_351.167144775391_y_-1752.77551269531
364.692,musicking,351.167144775391,-1792.31640625,0.0,37.037036895752,osc_received,"value_[1, ""head-bump""]"
364.707,jump_peak_reached,351.167144775391,-1792.31640625,0.0,74.0740737915039,jump_peak,x_351.167144775391_y_-1792.31640625
364.806,jump_input_released,351.167144775391,-1775.64965820312,0.0,296.296295166016,Jump,released
364.86,platform_landed,351.167144775391,-1752.73669433594,0.0,0.0,land_on_platform,platform_scene-1/Tile Map/19_-97_layer_Tile Map_tile_19_-97_source_1_atlas_14_6
364.86,landed,351.167144775391,-1752.73669433594,0.0,0.0,land,surface_wood_impact_0.81481488037109
364.864,musicking,351.167144775391,-1752.73669433594,0.0,0.0,osc_received,"value_[1, ""water-tube""]"
364.975,jump_input_pressed,351.167144775391,-1752.73669433594,0.0,0.0,Jump,pressed
364.975,jump_executed,351.167144775391,-1752.73669433594,0.0,-500.0,jump,x_351.167144775391_y_-1752.73669433594
365.081,musicking,351.167144775391,-1792.3154296875,0.0,37.037036895752,osc_received,"value_[1, ""head-bump""]"
365.092,jump_peak_reached,351.167144775391,-1792.3154296875,0.0,74.0740737915039,jump_peak,x_351.167144775391_y_-1792.3154296875
365.174,jump_input_released,351.167144775391,-1779.9697265625,0.0,259.259246826172,Jump,released
365.242,platform_landed,351.167144775391,-1752.77551269531,0.0,0.0,land_on_platform,platform_scene-1/Tile Map/19_-97_layer_Tile Map_tile_19_-97_source_1_atlas_14_6
365.242,landed,351.167144775391,-1752.77551269531,0.0,0.0,land,surface_wood_impact_0.81481488037109
365.243,musicking,351.167144775391,-1752.77551269531,0.0,0.0,osc_received,"value_[1, ""water-tube""]"
365.358,jump_input_pressed,351.167144775391,-1752.77551269531,0.0,0.0,Jump,pressed
365.358,jump_executed,351.167144775391,-1752.77551269531,0.0,-500.0,jump,x_351.167144775391_y_-1752.77551269531
365.464,musicking,351.167144775391,-1792.31640625,0.0,37.037036895752,osc_received,"value_[1, ""head-bump""]"
365.475,jump_peak_reached,351.167144775391,-1792.31640625,0.0,74.0740737915039,jump_peak,x_351.167144775391_y_-1792.31640625
365.558,jump_input_released,351.167144775391,-1779.970703125,0.0,259.259246826172,Jump,released
365.624,platform_landed,351.167144775391,-1752.73669433594,0.0,0.0,land_on_platform,platform_scene-1/Tile Map/19_-97_layer_Tile Map_tile_19_-97_source_1_atlas_14_6
365.624,landed,351.167144775391,-1752.73669433594,0.0,0.0,land,surface_wood_impact_0.81481488037109
365.626,musicking,351.167144775391,-1752.73669433594,0.0,0.0,osc_received,"value_[1, ""water-tube""]"
365.74,jump_input_pressed,351.167144775391,-1752.73669433594,0.0,0.0,Jump,pressed
365.74,jump_executed,351.167144775391,-1752.73669433594,0.0,-500.0,jump,x_351.167144775391_y_-1752.73669433594
365.841,musicking,351.167144775391,-1792.3154296875,0.0,37.037036895752,osc_received,"value_[1, ""head-bump""]"
365.857,jump_peak_reached,351.167144775391,-1792.3154296875,0.0,74.0740737915039,jump_peak,x_351.167144775391_y_-1792.3154296875
365.922,jump_input_released,351.167144775391,-1783.67346191406,0.0,222.222213745117,Jump,released
366.014,platform_landed,351.167144775391,-1752.77551269531,0.0,0.0,land_on_platform,platform_scene-1/Tile Map/19_-97_layer_Tile Map_tile_19_-97_source_1_atlas_14_6
366.014,landed,351.167144775391,-1752.77551269531,0.0,0.0,land,surface_wood_impact_0.81481488037109
366.022,musicking,351.167144775391,-1752.77551269531,0.0,0.0,osc_received,"value_[1, ""water-tube""]"
366.124,jump_input_pressed,351.167144775391,-1752.77551269531,0.0,0.0,Jump,pressed
366.124,jump_executed,351.167144775391,-1752.77551269531,0.0,-500.0,jump,x_351.167144775391_y_-1752.77551269531
366.224,musicking,351.167144775391,-1792.31640625,0.0,37.037036895752,osc_received,"value_[1, ""head-bump""]"
366.24,jump_peak_reached,351.167144775391,-1792.31640625,0.0,74.0740737915039,jump_peak,x_351.167144775391_y_-1792.31640625
366.29,jump_input_released,351.167144775391,-1786.76086425781,0.0,185.185180664062,Jump,released
366.392,platform_landed,351.167144775391,-1752.73669433594,0.0,0.0,land_on_platform,platform_scene-1/Tile Map/19_-97_layer_Tile Map_tile_19_-97_source_1_atlas_14_6
366.393,landed,351.167144775391,-1752.73669433594,0.0,0.0,land,surface_wood_impact_0.81481488037109
366.398,musicking,351.167144775391,-1752.73669433594,0.0,0.0,osc_received,"value_[1, ""water-tube""]"
366.506,jump_input_pressed,351.167144775391,-1752.73669433594,0.0,0.0,Jump,pressed
366.506,jump_executed,351.167144775391,-1752.73669433594,0.0,-500.0,jump,x_351.167144775391_y_-1752.73669433594
366.607,musicking,351.167144775391,-1792.3154296875,0.0,37.037036895752,osc_received,"value_[1, ""head-bump""]"
366.623,jump_peak_reached,351.167144775391,-1792.3154296875,0.0,74.0740737915039,jump_peak,x_351.167144775391_y_-1792.3154296875
366.706,jump_input_released,351.167144775391,-1779.9697265625,0.0,259.259246826172,Jump,released
366.774,platform_landed,351.167144775391,-1752.77551269531,0.0,0.0,land_on_platform,platform_scene-1/Tile Map/19_-97_layer_Tile Map_tile_19_-97_source_1_atlas_14_6
366.775,landed,351.167144775391,-1752.77551269531,0.0,0.0,land,surface_wood_impact_0.81481488037109
366.777,musicking,351.167144775391,-1752.77551269531,0.0,0.0,osc_received,"value_[1, ""water-tube""]"
366.858,jump_input_pressed,351.167144775391,-1752.77551269531,0.0,0.0,Jump,pressed
366.859,jump_executed,351.167144775391,-1752.77551269531,0.0,-500.0,jump,x_351.167144775391_y_-1752.77551269531
366.864,musicking,351.167144775391,-1761.1416015625,0.0,-500.055541992188,osc_received,"value_[1, ""chain-jumps""]"
366.964,musicking,351.167144775391,-1792.31640625,0.0,37.037036895752,osc_received,"value_[1, ""head-bump""]"
366.973,jump_peak_reached,351.167144775391,-1792.31640625,0.0,74.0740737915039,jump_peak,x_351.167144775391_y_-1792.31640625
367.073,jump_input_released,351.167144775391,-1775.64965820312,0.0,296.296295166016,Jump,released
367.123,platform_landed,351.167144775391,-1752.73669433594,0.0,0.0,land_on_platform,platform_scene-1/Tile Map/19_-97_layer_Tile Map_tile_19_-97_source_1_atlas_14_6
367.123,landed,351.167144775391,-1752.73669433594,0.0,0.0,land,surface_wood_impact_0.81481488037109
367.125,musicking,351.167144775391,-1752.73669433594,0.0,0.0,osc_received,"value_[1, ""water-tube""]"
367.276,jump_input_pressed,351.167144775391,-1752.73669433594,0.0,0.0,Jump,pressed
367.276,jump_executed,351.167144775391,-1752.73669433594,0.0,-500.0,jump,x_351.167144775391_y_-1752.73669433594
367.374,musicking,351.167144775391,-1792.3154296875,0.0,37.037036895752,osc_received,"value_[1, ""head-bump""]"
367.39,jump_peak_reached,351.167144775391,-1792.3154296875,0.0,74.0740737915039,jump_peak,x_351.167144775391_y_-1792.3154296875
367.473,jump_input_released,351.167144775391,-1779.9697265625,0.0,259.259246826172,Jump,released
367.541,platform_landed,351.167144775391,-1752.77551269531,0.0,0.0,land_on_platform,platform_scene-1/Tile Map/19_-97_layer_Tile Map_tile_19_-97_source_1_atlas_14_6
367.541,landed,351.167144775391,-1752.77551269531,0.0,0.0,land,surface_wood_impact_0.81481488037109
367.548,musicking,351.167144775391,-1752.77551269531,0.0,0.0,osc_received,"value_[1, ""water-tube""]"
367.64,jump_input_pressed,351.167144775391,-1752.77551269531,0.0,0.0,Jump,pressed
367.64,jump_executed,351.167144775391,-1752.77551269531,0.0,-500.0,jump,x_351.167144775391_y_-1752.77551269531
367.641,musicking,351.167144775391,-1761.1416015625,0.0,-500.055541992188,osc_received,"value_[1, ""chain-jumps""]"
367.749,musicking,351.167144775391,-1792.31640625,0.0,37.037036895752,osc_received,"value_[1, ""head-bump""]"
367.757,jump_peak_reached,351.167144775391,-1792.31640625,0.0,74.0740737915039,jump_peak,x_351.167144775391_y_-1792.31640625
367.839,jump_input_released,351.167144775391,-1779.970703125,0.0,259.259246826172,Jump,released
367.906,platform_landed,351.167144775391,-1752.73669433594,0.0,0.0,land_on_platform,platform_scene-1/Tile Map/19_-97_layer_Tile Map_tile_19_-97_source_1_atlas_14_6
367.906,landed,351.167144775391,-1752.73669433594,0.0,0.0,land,surface_wood_impact_0.81481488037109
367.906,musicking,351.167144775391,-1752.73669433594,0.0,0.0,osc_received,"value_[1, ""water-tube""]"
368.041,jump_input_pressed,351.167144775391,-1752.73669433594,0.0,0.0,Jump,pressed
368.041,jump_executed,351.167144775391,-1752.73669433594,0.0,-500.0,jump,x_351.167144775391_y_-1752.73669433594
368.141,musicking,351.167144775391,-1792.3154296875,0.0,37.037036895752,osc_received,"value_[1, ""head-bump""]"
368.157,jump_peak_reached,351.167144775391,-1792.3154296875,0.0,74.0740737915039,jump_peak,x_351.167144775391_y_-1792.3154296875
368.222,jump_input_released,351.167144775391,-1783.67346191406,0.0,222.222213745117,Jump,released
368.307,platform_landed,351.167144775391,-1752.77551269531,0.0,0.0,land_on_platform,platform_scene-1/Tile Map/19_-97_layer_Tile Map_tile_19_-97_source_1_atlas_14_6
368.307,landed,351.167144775391,-1752.77551269531,0.0,0.0,land,surface_wood_impact_0.81481488037109
368.314,musicking,351.167144775391,-1752.77551269531,0.0,0.0,osc_received,"value_[1, ""water-tube""]"
368.459,jump_input_pressed,351.167144775391,-1752.77551269531,0.0,0.0,Jump,pressed
368.459,jump_executed,351.167144775391,-1752.77551269531,0.0,-500.0,jump,x_351.167144775391_y_-1752.77551269531
368.564,musicking,351.167144775391,-1792.31640625,0.0,37.037036895752,osc_received,"value_[1, ""head-bump""]"
368.573,jump_peak_reached,351.167144775391,-1792.31640625,0.0,74.0740737915039,jump_peak,x_351.167144775391_y_-1792.31640625
368.607,jump_input_released,351.167144775391,-1789.22998046875,0.0,148.148147583008,Jump,released
368.724,platform_landed,351.167144775391,-1752.73669433594,0.0,0.0,land_on_platform,platform_scene-1/Tile Map/19_-97_layer_Tile Map_tile_19_-97_source_1_atlas_14_6
368.724,landed,351.167144775391,-1752.73669433594,0.0,0.0,land,surface_wood_impact_0.81481488037109
368.731,musicking,351.167144775391,-1752.73669433594,0.0,0.0,osc_received,"value_[1, ""water-tube""]"
368.823,jump_input_pressed,351.167144775391,-1752.73669433594,0.0,0.0,Jump,pressed
368.823,jump_executed,351.167144775391,-1752.73669433594,0.0,-500.0,jump,x_351.167144775391_y_-1752.73669433594
368.824,musicking,351.167144775391,-1761.13427734375,0.0,-500.055541992188,osc_received,"value_[1, ""chain-jumps""]"
368.924,musicking,351.167144775391,-1792.3154296875,0.0,37.037036895752,osc_received,"value_[1, ""head-bump""]"
368.94,jump_peak_reached,351.167144775391,-1792.3154296875,0.0,74.0740737915039,jump_peak,x_351.167144775391_y_-1792.3154296875
369.058,jump_input_released,351.167144775391,-1770.71044921875,0.0,333.333343505859,Jump,released
369.091,platform_landed,351.167144775391,-1752.77551269531,0.0,0.0,land_on_platform,platform_scene-1/Tile Map/19_-97_layer_Tile Map_tile_19_-97_source_1_atlas_14_6
369.091,landed,351.167144775391,-1752.77551269531,0.0,0.0,land,surface_wood_impact_0.81481488037109
369.093,musicking,351.167144775391,-1752.77551269531,0.0,0.0,osc_received,"value_[1, ""water-tube""]"
369.26,jump_input_pressed,351.167144775391,-1752.77551269531,0.0,0.0,Jump,pressed
369.26,jump_executed,351.167144775391,-1752.77551269531,0.0,-500.0,jump,x_351.167144775391_y_-1752.77551269531
369.359,musicking,351.167144775391,-1792.31640625,0.0,37.037036895752,osc_received,"value_[1, ""head-bump""]"
369.375,jump_peak_reached,351.167144775391,-1792.31640625,0.0,74.0740737915039,jump_peak,x_351.167144775391_y_-1792.31640625
369.423,jump_input_released,351.167144775391,-1786.76086425781,0.0,185.185180664062,Jump,released
369.523,platform_landed,351.167144775391,-1752.73669433594,0.0,0.0,land_on_platform,platform_scene-1/Tile Map/19_-97_layer_Tile Map_tile_19_-97_source_1_atlas_14_6
369.523,landed,351.167144775391,-1752.73669433594,0.0,0.0,land,surface_wood_impact_0.81481488037109
369.526,musicking,351.167144775391,-1752.73669433594,0.0,0.0,osc_received,"value_[1, ""water-tube""]"
369.608,jump_input_pressed,351.167144775391,-1752.73669433594,0.0,0.0,Jump,pressed
369.608,jump_executed,351.167144775391,-1752.73669433594,0.0,-500.0,jump,x_351.167144775391_y_-1752.73669433594
369.609,musicking,351.167144775391,-1761.13427734375,0.0,-500.055541992188,osc_received,"value_[1, ""chain-jumps""]"
369.707,musicking,351.167144775391,-1792.3154296875,0.0,37.037036895752,osc_received,"value_[1, ""head-bump""]"
369.723,jump_peak_reached,351.167144775391,-1792.3154296875,0.0,74.0740737915039,jump_peak,x_351.167144775391_y_-1792.3154296875
369.806,jump_input_released,351.167144775391,-1779.9697265625,0.0,259.259246826172,Jump,released
369.873,platform_landed,351.167144775391,-1752.77551269531,0.0,0.0,land_on_platform,platform_scene-1/Tile Map/19_-97_layer_Tile Map_tile_19_-97_source_1_atlas_14_6
369.873,landed,351.167144775391,-1752.77551269531,0.0,0.0,land,surface_wood_impact_0.81481488037109
369.882,musicking,351.167144775391,-1752.77551269531,0.0,0.0,osc_received,"value_[1, ""water-tube""]"
369.972,jump_input_pressed,351.167144775391,-1752.77551269531,0.0,0.0,Jump,pressed
369.972,jump_executed,351.167144775391,-1752.77551269531,0.0,-500.0,jump,x_351.167144775391_y_-1752.77551269531
369.972,musicking,351.167144775391,-1761.1416015625,0.0,-500.055541992188,osc_received,"value_[1, ""chain-jumps""]"
370.074,musicking,351.167144775391,-1792.31640625,0.0,37.037036895752,osc_received,"value_[1, ""head-bump""]"
370.09,jump_peak_reached,351.167144775391,-1792.31640625,0.0,74.0740737915039,jump_peak,x_351.167144775391_y_-1792.31640625
370.206,jump_input_released,351.167144775391,-1770.71142578125,0.0,333.333343505859,Jump,released
370.24,platform_landed,351.167144775391,-1752.73669433594,0.0,0.0,land_on_platform,platform_scene-1/Tile Map/19_-97_layer_Tile Map_tile_19_-97_source_1_atlas_14_6
370.241,landed,351.167144775391,-1752.73669433594,0.0,0.0,land,surface_wood_impact_0.81481488037109
370.248,musicking,351.167144775391,-1752.73669433594,0.0,0.0,osc_received,"value_[1, ""water-tube""]"
370.407,jump_input_pressed,351.167144775391,-1752.73669433594,0.0,0.0,Jump,pressed
370.407,jump_executed,351.167144775391,-1752.73669433594,0.0,-500.0,jump,x_351.167144775391_y_-1752.73669433594
370.506,musicking,351.167144775391,-1792.3154296875,0.0,37.037036895752,osc_received,"value_[1, ""head-bump""]"
370.525,jump_peak_reached,351.167144775391,-1792.3154296875,0.0,74.0740737915039,jump_peak,x_351.167144775391_y_-1792.3154296875
370.606,jump_input_released,351.167144775391,-1779.9697265625,0.0,259.259246826172,Jump,released
370.674,platform_landed,351.167144775391,-1752.77551269531,0.0,0.0,land_on_platform,platform_scene-1/Tile Map/19_-97_layer_Tile Map_tile_19_-97_source_1_atlas_14_6
370.674,landed,351.167144775391,-1752.77551269531,0.0,0.0,land,surface_wood_impact_0.81481488037109
370.676,musicking,351.167144775391,-1752.77551269531,0.0,0.0,osc_received,"value_[1, ""water-tube""]"
370.793,jump_input_pressed,351.167144775391,-1752.77551269531,0.0,0.0,Jump,pressed
370.793,jump_executed,351.167144775391,-1752.77551269531,0.0,-500.0,jump,x_351.167144775391_y_-1752.77551269531
370.898,musicking,351.167144775391,-1792.31640625,0.0,37.037036895752,osc_received,"value_[1, ""head-bump""]"
370.906,jump_peak_reached,351.167144775391,-1792.31640625,0.0,74.0740737915039,jump_peak,x_351.167144775391_y_-1792.31640625
371.023,jump_input_released,351.167144775391,-1770.71142578125,0.0,333.333343505859,Jump,released
371.059,platform_landed,351.167144775391,-1752.73669433594,0.0,0.0,land_on_platform,platform_scene-1/Tile Map/19_-97_layer_Tile Map_tile_19_-97_source_1_atlas_14_6
371.059,landed,351.167144775391,-1752.73669433594,0.0,0.0,land,surface_wood_impact_0.81481488037109
371.064,musicking,351.167144775391,-1752.73669433594,0.0,0.0,osc_received,"value_[1, ""water-tube""]"
371.192,jump_input_pressed,351.167144775391,-1752.73669433594,0.0,0.0,Jump,pressed
371.192,jump_executed,351.167144775391,-1752.73669433594,0.0,-500.0,jump,x_351.167144775391_y_-1752.73669433594
371.291,musicking,351.167144775391,-1792.3154296875,0.0,37.037036895752,osc_received,"value_[1, ""head-bump""]"
371.306,jump_peak_reached,351.167144775391,-1792.3154296875,0.0,74.0740737915039,jump_peak,x_351.167144775391_y_-1792.3154296875
371.406,jump_input_released,351.167144775391,-1775.64868164062,0.0,296.296295166016,Jump,released
371.457,platform_landed,351.167144775391,-1752.77551269531,0.0,0.0,land_on_platform,platform_scene-1/Tile Map/19_-97_layer_Tile Map_tile_19_-97_source_1_atlas_14_6
371.457,landed,351.167144775391,-1752.77551269531,0.0,0.0,land,surface_wood_impact_0.81481488037109
371.458,musicking,351.167144775391,-1752.77551269531,0.0,0.0,osc_received,"value_[1, ""water-tube""]"
371.573,jump_input_pressed,351.167144775391,-1752.77551269531,0.0,0.0,Jump,pressed
371.573,jump_executed,351.167144775391,-1752.77551269531,0.0,-500.0,jump,x_351.167144775391_y_-1752.77551269531
371.675,musicking,351.167144775391,-1792.31640625,0.0,37.037036895752,osc_received,"value_[1, ""head-bump""]"
371.69,jump_peak_reached,351.167144775391,-1792.31640625,0.0,74.0740737915039,jump_peak,x_351.167144775391_y_-1792.31640625
371.791,jump_input_released,351.167144775391,-1775.64965820312,0.0,296.296295166016,Jump,released
371.841,platform_landed,351.167144775391,-1752.73669433594,0.0,0.0,land_on_platform,platform_scene-1/Tile Map/19_-97_layer_Tile Map_tile_19_-97_source_1_atlas_14_6
371.841,landed,351.167144775391,-1752.73669433594,0.0,0.0,land,surface_wood_impact_0.81481488037109
371.848,musicking,351.167144775391,-1752.73669433594,0.0,0.0,osc_received,"value_[1, ""water-tube""]"
371.976,jump_input_pressed,351.167144775391,-1752.73669433594,0.0,0.0,Jump,pressed
371.976,jump_executed,351.167144775391,-1752.73669433594,0.0,-500.0,jump,x_351.167144775391_y_-1752.73669433594
372.076,musicking,351.167144775391,-1792.3154296875,0.0,37.037036895752,osc_received,"value_[1, ""head-bump""]"
372.092,jump_peak_reached,351.167144775391,-1792.3154296875,0.0,74.0740737915039,jump_peak,x_351.167144775391_y_-1792.3154296875
372.141,jump_input_released,351.167144775391,-1786.75988769531,0.0,185.185180664062,Jump,released
372.242,platform_landed,351.167144775391,-1752.77551269531,0.0,0.0,land_on_platform,platform_scene-1/Tile Map/19_-97_layer_Tile Map_tile_19_-97_source_1_atlas_14_6
372.242,landed,351.167144775391,-1752.77551269531,0.0,0.0,land,surface_wood_impact_0.81481488037109
372.243,musicking,351.167144775391,-1752.77551269531,0.0,0.0,osc_received,"value_[1, ""water-tube""]"
372.325,jump_input_pressed,351.167144775391,-1752.77551269531,0.0,0.0,Jump,pressed
372.325,jump_executed,351.167144775391,-1752.77551269531,0.0,-500.0,jump,x_351.167144775391_y_-1752.77551269531
372.331,musicking,351.167144775391,-1761.1416015625,0.0,-500.055541992188,osc_received,"value_[1, ""chain-jumps""]"
372.424,musicking,351.167144775391,-1792.31640625,0.0,37.037036895752,osc_received,"value_[1, ""head-bump""]"
372.441,jump_peak_reached,351.167144775391,-1792.31640625,0.0,74.0740737915039,jump_peak,x_351.167144775391_y_-1792.31640625
372.54,jump_input_released,351.167144775391,-1775.64965820312,0.0,296.296295166016,Jump,released
372.592,platform_landed,351.167144775391,-1752.73669433594,0.0,0.0,land_on_platform,platform_scene-1/Tile Map/19_-97_layer_Tile Map_tile_19_-97_source_1_atlas_14_6
372.592,landed,351.167144775391,-1752.73669433594,0.0,0.0,land,surface_wood_impact_0.81481488037109
372.593,musicking,351.167144775391,-1752.73669433594,0.0,0.0,osc_received,"value_[1, ""water-tube""]"
372.759,jump_input_pressed,351.167144775391,-1752.73669433594,0.0,0.0,Jump,pressed
372.759,jump_executed,351.167144775391,-1752.73669433594,0.0,-500.0,jump,x_351.167144775391_y_-1752.73669433594
372.859,musicking,351.167144775391,-1792.3154296875,0.0,37.037036895752,osc_received,"value_[1, ""head-bump""]"
372.874,jump_peak_reached,351.167144775391,-1792.3154296875,0.0,74.0740737915039,jump_peak,x_351.167144775391_y_-1792.3154296875
372.973,jump_input_released,351.167144775391,-1775.64868164062,0.0,296.296295166016,Jump,released
373.023,platform_landed,351.167144775391,-1752.77551269531,0.0,0.0,land_on_platform,platform_scene-1/Tile Map/19_-97_layer_Tile Map_tile_19_-97_source_1_atlas_14_6
373.023,landed,351.167144775391,-1752.77551269531,0.0,0.0,land,surface_wood_impact_0.81481488037109
373.031,musicking,351.167144775391,-1752.77551269531,0.0,0.0,osc_received,"value_[1, ""water-tube""]"
373.191,jump_input_pressed,351.167144775391,-1752.77551269531,0.0,0.0,Jump,pressed
373.191,jump_executed,351.167144775391,-1752.77551269531,0.0,-500.0,jump,x_351.167144775391_y_-1752.77551269531
373.29,musicking,351.167144775391,-1792.31640625,0.0,37.037036895752,osc_received,"value_[1, ""head-bump""]"
373.307,jump_peak_reached,351.167144775391,-1792.31640625,0.0,74.0740737915039,jump_peak,x_351.167144775391_y_-1792.31640625
373.359,jump_input_released,351.167144775391,-1786.76086425781,0.0,185.185180664062,Jump,released
373.457,platform_landed,351.167144775391,-1752.73669433594,0.0,0.0,land_on_platform,platform_scene-1/Tile Map/19_-97_layer_Tile Map_tile_19_-97_source_1_atlas_14_6
373.458,landed,351.167144775391,-1752.73669433594,0.0,0.0,land,surface_wood_impact_0.81481488037109
373.461,musicking,351.167144775391,-1752.73669433594,0.0,0.0,osc_received,"value_[1, ""water-tube""]"
373.54,jump_input_pressed,351.167144775391,-1752.73669433594,0.0,0.0,Jump,pressed
373.54,jump_executed,351.167144775391,-1752.73669433594,0.0,-500.0,jump,x_351.167144775391_y_-1752.73669433594
373.543,musicking,351.167144775391,-1761.13427734375,0.0,-500.055541992188,osc_received,"value_[1, ""chain-jumps""]"
373.648,musicking,351.167144775391,-1792.3154296875,0.0,37.037036895752,osc_received,"value_[1, ""head-bump""]"
373.659,jump_peak_reached,351.167144775391,-1792.3154296875,0.0,74.0740737915039,jump_peak,x_351.167144775391_y_-1792.3154296875
373.758,jump_input_released,351.167144775391,-1775.64868164062,0.0,296.296295166016,Jump,released
373.806,platform_landed,351.167144775391,-1752.77551269531,0.0,0.0,land_on_platform,platform_scene-1/Tile Map/19_-97_layer_Tile Map_tile_19_-97_source_1_atlas_14_6
373.806,landed,351.167144775391,-1752.77551269531,0.0,0.0,land,surface_wood_impact_0.81481488037109
373.815,musicking,351.167144775391,-1752.77551269531,0.0,0.0,osc_received,"value_[1, ""water-tube""]"
373.976,jump_input_pressed,351.167144775391,-1752.77551269531,0.0,0.0,Jump,pressed
373.976,jump_executed,351.167144775391,-1752.77551269531,0.0,-500.0,jump,x_351.167144775391_y_-1752.77551269531
374.076,musicking,351.167144775391,-1792.31640625,0.0,37.037036895752,osc_received,"value_[1, ""head-bump""]"
374.09,jump_peak_reached,351.167144775391,-1792.31640625,0.0,74.0740737915039,jump_peak,x_351.167144775391_y_-1792.31640625
374.173,jump_input_released,351.167144775391,-1779.970703125,0.0,259.259246826172,Jump,released
374.241,platform_landed,351.167144775391,-1752.73669433594,0.0,0.0,land_on_platform,platform_scene-1/Tile Map/19_-97_layer_Tile Map_tile_19_-97_source_1_atlas_14_6
374.241,landed,351.167144775391,-1752.73669433594,0.0,0.0,land,surface_wood_impact_0.81481488037109
374.248,musicking,351.167144775391,-1752.73669433594,0.0,0.0,osc_received,"value_[1, ""water-tube""]"
374.406,jump_input_pressed,351.167144775391,-1752.73669433594,0.0,0.0,Jump,pressed
374.406,jump_executed,351.167144775391,-1752.73669433594,0.0,-500.0,jump,x_351.167144775391_y_-1752.73669433594
374.508,musicking,351.167144775391,-1792.3154296875,0.0,37.037036895752,osc_received,"value_[1, ""head-bump""]"
374.522,jump_peak_reached,351.167144775391,-1792.3154296875,0.0,74.0740737915039,jump_peak,x_351.167144775391_y_-1792.3154296875
374.606,jump_input_released,351.167144775391,-1779.9697265625,0.0,259.259246826172,Jump,released
374.673,platform_landed,351.167144775391,-1752.77551269531,0.0,0.0,land_on_platform,platform_scene-1/Tile Map/19_-97_layer_Tile Map_tile_19_-97_source_1_atlas_14_6
374.673,landed,351.167144775391,-1752.77551269531,0.0,0.0,land,surface_wood_impact_0.81481488037109
374.673,musicking,351.167144775391,-1752.77551269531,0.0,0.0,osc_received,"value_[1, ""water-tube""]"
374.808,jump_input_pressed,351.167144775391,-1752.77551269531,0.0,0.0,Jump,pressed
374.808,jump_executed,351.167144775391,-1752.77551269531,0.0,-500.0,jump,x_351.167144775391_y_-1752.77551269531
374.907,musicking,351.167144775391,-1792.31640625,0.0,37.037036895752,osc_received,"value_[1, ""head-bump""]"
374.924,jump_peak_reached,351.167144775391,-1792.31640625,0.0,74.0740737915039,jump_peak,x_351.167144775391_y_-1792.31640625
375.042,jump_input_released,351.167144775391,-1770.71142578125,0.0,333.333343505859,Jump,released
375.075,platform_landed,351.167144775391,-1752.73669433594,0.0,0.0,land_on_platform,platform_scene-1/Tile Map/19_-97_layer_Tile Map_tile_19_-97_source_1_atlas_14_6
375.075,landed,351.167144775391,-1752.73669433594,0.0,0.0,land,surface_wood_impact_0.81481488037109
375.081,musicking,351.167144775391,-1752.73669433594,0.0,0.0,osc_received,"value_[1, ""water-tube""]"
375.257,jump_input_pressed,351.167144775391,-1752.73669433594,0.0,0.0,Jump,pressed
375.257,jump_executed,351.167144775391,-1752.73669433594,0.0,-500.0,jump,x_351.167144775391_y_-1752.73669433594
375.365,musicking,351.167144775391,-1792.3154296875,0.0,37.037036895752,osc_received,"value_[1, ""head-bump""]"
375.374,jump_peak_reached,351.167144775391,-1792.3154296875,0.0,74.0740737915039,jump_peak,x_351.167144775391_y_-1792.3154296875
375.493,jump_input_released,351.167144775391,-1770.71044921875,0.0,333.333343505859,Jump,released
375.522,platform_landed,351.167144775391,-1752.77551269531,0.0,0.0,land_on_platform,platform_scene-1/Tile Map/19_-97_layer_Tile Map_tile_19_-97_source_1_atlas_14_6
375.523,landed,351.167144775391,-1752.77551269531,0.0,0.0,land,surface_wood_impact_0.81481488037109
375.523,musicking,351.167144775391,-1752.77551269531,0.0,0.0,osc_received,"value_[1, ""water-tube""]"
375.723,jump_input_pressed,351.167144775391,-1752.77551269531,0.0,0.0,Jump,pressed
375.723,jump_executed,351.167144775391,-1752.77551269531,0.0,-500.0,jump,x_351.167144775391_y_-1752.77551269531
375.824,musicking,351.167144775391,-1792.31640625,0.0,37.037036895752,osc_received,"value_[1, ""head-bump""]"
375.841,jump_peak_reached,351.167144775391,-1792.31640625,0.0,74.0740737915039,jump_peak,x_351.167144775391_y_-1792.31640625
375.959,jump_input_released,351.167144775391,-1770.71142578125,0.0,333.333343505859,Jump,released
375.991,platform_landed,351.167144775391,-1752.73669433594,0.0,0.0,land_on_platform,platform_scene-1/Tile Map/19_-97_layer_Tile Map_tile_19_-97_source_1_atlas_14_6
375.991,landed,351.167144775391,-1752.73669433594,0.0,0.0,land,surface_wood_impact_0.81481488037109
375.993,musicking,351.167144775391,-1752.73669433594,0.0,0.0,osc_received,"value_[1, ""water-tube""]"
376.166,jump_input_pressed,351.167144775391,-1752.73669433594,0.0,0.0,Jump,pressed
376.166,jump_executed,351.167144775391,-1752.73669433594,0.0,-500.0,jump,x_351.167144775391_y_-1752.73669433594
376.232,musicking,351.167144775391,-1792.3154296875,0.0,37.037036895752,osc_received,"value_[1, ""head-bump""]"
376.248,jump_peak_reached,351.167144775391,-1792.3154296875,0.0,74.0740737915039,jump_peak,x_351.167144775391_y_-1792.3154296875
376.399,jump_input_released,351.167144775391,-1758.98205566406,0.0,407.407440185547,Jump,released
376.4,platform_landed,351.167144775391,-1752.77551269531,0.0,0.0,land_on_platform,platform_scene-1/Tile Map/19_-97_layer_Tile Map_tile_19_-97_source_1_atlas_14_6
376.4,landed,351.167144775391,-1752.77551269531,0.0,0.0,land,surface_wood_impact_0.81481488037109
376.406,musicking,351.167144775391,-1752.77551269531,0.0,0.0,osc_received,"value_[1, ""water-tube""]"
376.615,jump_input_pressed,351.167144775391,-1752.77551269531,0.0,0.0,Jump,pressed
376.615,jump_executed,351.167144775391,-1752.77551269531,0.0,-500.0,jump,x_351.167144775391_y_-1752.77551269531
376.723,musicking,351.167144775391,-1792.31640625,0.0,37.037036895752,osc_received,"value_[1, ""head-bump""]"
376.732,jump_peak_reached,351.167144775391,-1792.31640625,0.0,74.0740737915039,jump_peak,x_351.167144775391_y_-1792.31640625
376.848,jump_input_released,351.167144775391,-1770.71142578125,0.0,333.333343505859,Jump,released
376.882,platform_landed,351.167144775391,-1752.73669433594,0.0,0.0,land_on_platform,platform_scene-1/Tile Map/19_-97_layer_Tile Map_tile_19_-97_source_1_atlas_14_6
376.882,landed,351.167144775391,-1752.73669433594,0.0,0.0,land,surface_wood_impact_0.81481488037109
376.891,musicking,351.167144775391,-1752.73669433594,0.0,0.0,osc_received,"value_[1, ""water-tube""]"
377.082,jump_input_pressed,351.167144775391,-1752.73669433594,0.0,0.0,Jump,pressed
377.082,jump_executed,351.167144775391,-1752.73669433594,0.0,-500.0,jump,x_351.167144775391_y_-1752.73669433594
377.185,musicking,351.167144775391,-1792.3154296875,0.0,37.037036895752,osc_received,"value_[1, ""head-bump""]"
377.2,jump_peak_reached,351.167144775391,-1792.3154296875,0.0,74.0740737915039,jump_peak,x_351.167144775391_y_-1792.3154296875
377.348,jump_input_released,351.167144775391,-1758.98205566406,0.0,407.407440185547,Jump,released
377.35,platform_landed,351.167144775391,-1752.77551269531,0.0,0.0,land_on_platform,platform_scene-1/Tile Map/19_-97_layer_Tile Map_tile_19_-97_source_1_atlas_14_6
377.35,landed,351.167144775391,-1752.77551269531,0.0,0.0,land,surface_wood_impact_0.81481488037109
377.351,musicking,351.167144775391,-1752.77551269531,0.0,0.0,osc_received,"value_[1, ""water-tube""]"
377.598,jump_input_pressed,351.167144775391,-1752.77551269531,0.0,0.0,Jump,pressed
377.598,jump_executed,351.167144775391,-1752.77551269531,0.0,-500.0,jump,x_351.167144775391_y_-1752.77551269531
377.706,musicking,351.167144775391,-1792.31640625,0.0,37.037036895752,osc_received,"value_[1, ""head-bump""]"
377.715,jump_peak_reached,351.167144775391,-1792.31640625,0.0,74.0740737915039,jump_peak,x_351.167144775391_y_-1792.31640625
377.865,jump_input_released,351.167144775391,-1758.98303222656,0.0,407.407440185547,Jump,released
377.865,platform_landed,351.167144775391,-1752.73669433594,0.0,0.0,land_on_platform,platform_scene-1/Tile Map/19_-97_layer_Tile Map_tile_19_-97_source_1_atlas_14_6
377.865,landed,351.167144775391,-1752.73669433594,0.0,0.0,land,surface_wood_impact_0.81481488037109
377.866,musicking,351.167144775391,-1752.73669433594,0.0,0.0,osc_received,"value_[1, ""water-tube""]"
378.182,jump_input_pressed,351.167144775391,-1752.73669433594,0.0,0.0,Jump,pressed
378.182,jump_executed,351.167144775391,-1752.73669433594,0.0,-500.0,jump,x_351.167144775391_y_-1752.73669433594
378.282,musicking,351.167144775391,-1792.3154296875,0.0,37.037036895752,osc_received,"value_[1, ""head-bump""]"
378.298,jump_peak_reached,351.167144775391,-1792.3154296875,0.0,74.0740737915039,jump_peak,x_351.167144775391_y_-1792.3154296875
378.448,platform_landed,351.167144775391,-1752.77551269531,0.0,0.0,land_on_platform,platform_scene-1/Tile Map/19_-97_layer_Tile Map_tile_19_-97_source_1_atlas_14_6
378.448,landed,351.167144775391,-1752.77551269531,0.0,0.0,land,surface_wood_impact_0.81481488037109
378.449,musicking,351.167144775391,-1752.77551269531,0.0,0.0,osc_received,"value_[1, ""water-tube""]"
378.5,jump_input_released,351.167144775391,-1752.77551269531,0.0,0.0,Jump,released
378.764,jump_input_pressed,351.167144775391,-1752.77551269531,0.0,0.0,Jump,pressed
378.764,jump_executed,351.167144775391,-1752.77551269531,0.0,-500.0,jump,x_351.167144775391_y_-1752.77551269531
378.866,musicking,351.167144775391,-1792.31640625,0.0,37.037036895752,osc_received,"value_[1, ""head-bump""]"
378.883,jump_peak_reached,351.167144775391,-1792.31640625,0.0,74.0740737915039,jump_peak,x_351.167144775391_y_-1792.31640625
379.034,platform_landed,351.167144775391,-1752.73669433594,0.0,0.0,land_on_platform,platform_scene-1/Tile Map/19_-97_layer_Tile Map_tile_19_-97_source_1_atlas_14_6
379.034,landed,351.167144775391,-1752.73669433594,0.0,0.0,land,surface_wood_impact_0.81481488037109
379.04,musicking,351.167144775391,-1752.73669433594,0.0,0.0,osc_received,"value_[1, ""water-tube""]"
379.081,jump_input_released,351.167144775391,-1752.73669433594,0.0,0.0,Jump,released
379.382,jump_input_pressed,351.167144775391,-1752.73669433594,0.0,0.0,Jump,pressed
379.383,jump_executed,351.167144775391,-1752.73669433594,0.0,-500.0,jump,x_351.167144775391_y_-1752.73669433594
379.484,musicking,351.167144775391,-1792.3154296875,0.0,37.037036895752,osc_received,"value_[1, ""head-bump""]"
379.499,jump_peak_reached,351.167144775391,-1792.3154296875,0.0,74.0740737915039,jump_peak,x_351.167144775391_y_-1792.3154296875
379.649,platform_landed,351.167144775391,-1752.77551269531,0.0,0.0,land_on_platform,platform_scene-1/Tile Map/19_-97_layer_Tile Map_tile_19_-97_source_1_atlas_14_6
379.649,landed,351.167144775391,-1752.77551269531,0.0,0.0,land,surface_wood_impact_0.81481488037109
379.65,musicking,351.167144775391,-1752.77551269531,0.0,0.0,osc_received,"value_[1, ""water-tube""]"
379.699,jump_input_released,351.167144775391,-1752.77551269531,0.0,0.0,Jump,released
379.948,jump_input_pressed,351.167144775391,-1752.77551269531,0.0,0.0,Jump,pressed
379.948,jump_executed,351.167144775391,-1752.77551269531,0.0,-500.0,jump,x_351.167144775391_y_-1752.77551269531
380.05,musicking,351.167144775391,-1792.31640625,0.0,37.037036895752,osc_received,"value_[1, ""head-bump""]"
380.064,jump_peak_reached,351.167144775391,-1792.31640625,0.0,74.0740737915039,jump_peak,x_351.167144775391_y_-1792.31640625
380.218,platform_landed,351.167144775391,-1752.73669433594,0.0,0.0,land_on_platform,platform_scene-1/Tile Map/19_-97_layer_Tile Map_tile_19_-97_source_1_atlas_14_6
380.219,landed,351.167144775391,-1752.73669433594,0.0,0.0,land,surface_wood_impact_0.81481488037109
380.222,musicking,351.167144775391,-1752.73669433594,0.0,0.0,osc_received,"value_[1, ""water-tube""]"
380.248,jump_input_released,351.167144775391,-1752.73669433594,0.0,0.0,Jump,released
380.582,jump_input_pressed,351.167144775391,-1752.73669433594,0.0,0.0,Jump,pressed
380.582,jump_executed,351.167144775391,-1752.73669433594,0.0,-500.0,jump,x_351.167144775391_y_-1752.73669433594
380.683,musicking,351.167144775391,-1792.3154296875,0.0,37.037036895752,osc_received,"value_[1, ""head-bump""]"
380.699,jump_peak_reached,351.167144775391,-1792.3154296875,0.0,74.0740737915039,jump_peak,x_351.167144775391_y_-1792.3154296875
380.848,platform_landed,351.167144775391,-1752.77551269531,0.0,0.0,land_on_platform,platform_scene-1/Tile Map/19_-97_layer_Tile Map_tile_19_-97_source_1_atlas_14_6
380.848,landed,351.167144775391,-1752.77551269531,0.0,0.0,land,surface_wood_impact_0.81481488037109
380.85,musicking,351.167144775391,-1752.77551269531,0.0,0.0,osc_received,"value_[1, ""water-tube""]"
380.965,jump_input_released,351.167144775391,-1752.77551269531,0.0,0.0,Jump,released
381.131,jump_input_pressed,351.167144775391,-1752.77551269531,0.0,0.0,Jump,pressed
381.131,jump_executed,351.167144775391,-1752.77551269531,0.0,-500.0,jump,x_351.167144775391_y_-1752.77551269531
381.241,musicking,351.167144775391,-1792.31640625,0.0,37.037036895752,osc_received,"value_[1, ""head-bump""]"
381.248,jump_peak_reached,351.167144775391,-1792.31640625,0.0,74.0740737915039,jump_peak,x_351.167144775391_y_-1792.31640625
381.399,platform_landed,351.167144775391,-1752.73669433594,0.0,0.0,land_on_platform,platform_scene-1/Tile Map/19_-97_layer_Tile Map_tile_19_-97_source_1_atlas_14_6
381.399,landed,351.167144775391,-1752.73669433594,0.0,0.0,land,surface_wood_impact_0.81481488037109
381.4,musicking,351.167144775391,-1752.73669433594,0.0,0.0,osc_received,"value_[1, ""water-tube""]"
381.448,jump_input_released,351.167144775391,-1752.73669433594,0.0,0.0,Jump,released
381.732,jump_input_pressed,351.167144775391,-1752.73669433594,0.0,0.0,Jump,pressed
381.732,jump_executed,351.167144775391,-1752.73669433594,0.0,-500.0,jump,x_351.167144775391_y_-1752.73669433594
381.84,musicking,351.167144775391,-1792.3154296875,0.0,37.037036895752,osc_received,"value_[1, ""head-bump""]"
381.848,jump_peak_reached,351.167144775391,-1792.3154296875,0.0,74.0740737915039,jump_peak,x_351.167144775391_y_-1792.3154296875
381.999,platform_landed,351.167144775391,-1752.77551269531,0.0,0.0,land_on_platform,platform_scene-1/Tile Map/19_-97_layer_Tile Map_tile_19_-97_source_1_atlas_14_6
381.999,landed,351.167144775391,-1752.77551269531,0.0,0.0,land,surface_wood_impact_0.81481488037109
382.006,musicking,351.167144775391,-1752.77551269531,0.0,0.0,osc_received,"value_[1, ""water-tube""]"
382.048,jump_input_released,351.167144775391,-1752.77551269531,0.0,0.0,Jump,released
382.283,jump_input_pressed,351.167144775391,-1752.77551269531,0.0,0.0,Jump,pressed
382.284,jump_executed,351.167144775391,-1752.77551269531,0.0,-500.0,jump,x_351.167144775391_y_-1752.77551269531
382.389,musicking,351.167144775391,-1792.31640625,0.0,37.037036895752,osc_received,"value_[1, ""head-bump""]"
382.398,jump_peak_reached,351.167144775391,-1792.31640625,0.0,74.0740737915039,jump_peak,x_351.167144775391_y_-1792.31640625
382.55,platform_landed,351.167144775391,-1752.73669433594,0.0,0.0,land_on_platform,platform_scene-1/Tile Map/19_-97_layer_Tile Map_tile_19_-97_source_1_atlas_14_6
382.55,landed,351.167144775391,-1752.73669433594,0.0,0.0,land,surface_wood_impact_0.81481488037109
382.557,musicking,351.167144775391,-1752.73669433594,0.0,0.0,osc_received,"value_[1, ""water-tube""]"
382.565,jump_input_released,351.167144775391,-1752.73669433594,0.0,0.0,Jump,released
382.965,jump_input_pressed,351.167144775391,-1752.73669433594,0.0,0.0,Jump,pressed
382.966,jump_executed,351.167144775391,-1752.73669433594,0.0,-500.0,jump,x_351.167144775391_y_-1752.73669433594
383.066,musicking,351.167144775391,-1792.3154296875,0.0,37.037036895752,osc_received,"value_[1, ""head-bump""]"
383.082,jump_peak_reached,351.167144775391,-1792.3154296875,0.0,74.0740737915039,jump_peak,x_351.167144775391_y_-1792.3154296875
383.232,platform_landed,351.167144775391,-1752.77551269531,0.0,0.0,land_on_platform,platform_scene-1/Tile Map/19_-97_layer_Tile Map_tile_19_-97_source_1_atlas_14_6
383.232,landed,351.167144775391,-1752.77551269531,0.0,0.0,land,surface_wood_impact_0.81481488037109
383.233,musicking,351.167144775391,-1752.77551269531,0.0,0.0,osc_received,"value_[1, ""water-tube""]"
383.315,jump_input_released,351.167144775391,-1752.77551269531,0.0,0.0,Jump,released
383.598,jump_input_pressed,351.167144775391,-1752.77551269531,0.0,0.0,Jump,pressed
383.598,jump_executed,351.167144775391,-1752.77551269531,0.0,-500.0,jump,x_351.167144775391_y_-1752.77551269531
383.7,musicking,351.167144775391,-1792.31640625,0.0,37.037036895752,osc_received,"value_[1, ""head-bump""]"
383.716,jump_peak_reached,351.167144775391,-1792.31640625,0.0,74.0740737915039,jump_peak,x_351.167144775391_y_-1792.31640625
383.865,platform_landed,351.167144775391,-1752.73669433594,0.0,0.0,land_on_platform,platform_scene-1/Tile Map/19_-97_layer_Tile Map_tile_19_-97_source_1_atlas_14_6
383.866,landed,351.167144775391,-1752.73669433594,0.0,0.0,land,surface_wood_impact_0.81481488037109
383.867,musicking,351.167144775391,-1752.73669433594,0.0,0.0,osc_received,"value_[1, ""water-tube""]"
383.931,jump_input_released,351.167144775391,-1752.73669433594,0.0,0.0,Jump,released
384.217,jump_input_pressed,351.167144775391,-1752.73669433594,0.0,0.0,Jump,pressed
384.217,jump_executed,351.167144775391,-1752.73669433594,0.0,-500.0,jump,x_351.167144775391_y_-1752.73669433594
384.322,musicking,351.167144775391,-1792.3154296875,0.0,37.037036895752,osc_received,"value_[1, ""head-bump""]"
384.331,jump_peak_reached,351.167144775391,-1792.3154296875,0.0,74.0740737915039,jump_peak,x_351.167144775391_y_-1792.3154296875
384.483,platform_landed,351.167144775391,-1752.77551269531,0.0,0.0,land_on_platform,platform_scene-1/Tile Map/19_-97_layer_Tile Map_tile_19_-97_source_1_atlas_14_6
384.483,landed,351.167144775391,-1752.77551269531,0.0,0.0,land,surface_wood_impact_0.81481488037109
384.486,musicking,351.167144775391,-1752.77551269531,0.0,0.0,osc_received,"value_[1, ""water-tube""]"
384.549,jump_input_released,351.167144775391,-1752.77551269531,0.0,0.0,Jump,released
384.9,jump_input_pressed,351.167144775391,-1752.77551269531,0.0,0.0,Jump,pressed
384.9,jump_executed,351.167144775391,-1752.77551269531,0.0,-500.0,jump,x_351.167144775391_y_-1752.77551269531
384.999,musicking,351.167144775391,-1792.31640625,0.0,37.037036895752,osc_received,"value_[1, ""head-bump""]"
385.015,jump_peak_reached,351.167144775391,-1792.31640625,0.0,74.0740737915039,jump_peak,x_351.167144775391_y_-1792.31640625
385.165,platform_landed,351.167144775391,-1752.73669433594,0.0,0.0,land_on_platform,platform_scene-1/Tile Map/19_-97_layer_Tile Map_tile_19_-97_source_1_atlas_14_6
385.165,landed,351.167144775391,-1752.73669433594,0.0,0.0,land,surface_wood_impact_0.81481488037109
385.166,musicking,351.167144775391,-1752.73669433594,0.0,0.0,osc_received,"value_[1, ""water-tube""]"
385.184,jump_input_released,351.167144775391,-1752.73669433594,0.0,0.0,Jump,released
385.531,jump_input_pressed,351.167144775391,-1752.73669433594,0.0,0.0,Jump,pressed
385.532,jump_executed,351.167144775391,-1752.73669433594,0.0,-500.0,jump,x_351.167144775391_y_-1752.73669433594
385.632,musicking,351.167144775391,-1792.3154296875,0.0,37.037036895752,osc_received,"value_[1, ""head-bump""]"
385.647,jump_peak_reached,351.167144775391,-1792.3154296875,0.0,74.0740737915039,jump_peak,x_351.167144775391_y_-1792.3154296875
385.798,platform_landed,351.167144775391,-1752.77551269531,0.0,0.0,land_on_platform,platform_scene-1/Tile Map/19_-97_layer_Tile Map_tile_19_-97_source_1_atlas_14_6
385.798,landed,351.167144775391,-1752.77551269531,0.0,0.0,land,surface_wood_impact_0.81481488037109
385.799,musicking,351.167144775391,-1752.77551269531,0.0,0.0,osc_received,"value_[1, ""water-tube""]"
385.849,jump_input_released,351.167144775391,-1752.77551269531,0.0,0.0,Jump,released
386.149,jump_input_pressed,351.167144775391,-1752.77551269531,0.0,0.0,Jump,pressed
386.149,jump_executed,351.167144775391,-1752.77551269531,0.0,-500.0,jump,x_351.167144775391_y_-1752.77551269531
386.257,musicking,351.167144775391,-1792.31640625,0.0,37.037036895752,osc_received,"value_[1, ""head-bump""]"
386.265,jump_peak_reached,351.167144775391,-1792.31640625,0.0,74.0740737915039,jump_peak,x_351.167144775391_y_-1792.31640625
386.423,platform_landed,351.167144775391,-1752.73669433594,0.0,0.0,land_on_platform,platform_scene-1/Tile Map/19_-97_layer_Tile Map_tile_19_-97_source_1_atlas_14_6
386.423,landed,351.167144775391,-1752.73669433594,0.0,0.0,land,surface_wood_impact_0.81481488037109
386.431,musicking,351.167144775391,-1752.73669433594,0.0,0.0,osc_received,"value_[1, ""water-tube""]"
386.506,jump_input_released,351.167144775391,-1752.73669433594,0.0,0.0,Jump,released
386.806,jump_input_pressed,351.167144775391,-1752.73669433594,0.0,0.0,Jump,pressed
386.806,jump_executed,351.167144775391,-1752.73669433594,0.0,-500.0,jump,x_351.167144775391_y_-1752.73669433594
386.915,musicking,351.167144775391,-1792.3154296875,0.0,37.037036895752,osc_received,"value_[1, ""head-bump""]"
386.922,jump_peak_reached,351.167144775391,-1792.3154296875,0.0,74.0740737915039,jump_peak,x_351.167144775391_y_-1792.3154296875
387.075,platform_landed,351.167144775391,-1752.77551269531,0.0,0.0,land_on_platform,platform_scene-1/Tile Map/19_-97_layer_Tile Map_tile_19_-97_source_1_atlas_14_6
387.075,landed,351.167144775391,-1752.77551269531,0.0,0.0,land,surface_wood_impact_0.81481488037109
387.077,musicking,351.167144775391,-1752.77551269531,0.0,0.0,osc_received,"value_[1, ""water-tube""]"
387.106,jump_input_released,351.167144775391,-1752.77551269531,0.0,0.0,Jump,released
387.477,jump_input_pressed,351.167144775391,-1752.77551269531,0.0,0.0,Jump,pressed
387.477,jump_executed,351.167144775391,-1752.77551269531,0.0,-500.0,jump,x_351.167144775391_y_-1752.77551269531
387.581,musicking,351.167144775391,-1792.31640625,0.0,37.037036895752,osc_received,"value_[1, ""head-bump""]"
387.591,jump_peak_reached,351.167144775391,-1792.31640625,0.0,74.0740737915039,jump_peak,x_351.167144775391_y_-1792.31640625
387.743,platform_landed,351.167144775391,-1752.73669433594,0.0,0.0,land_on_platform,platform_scene-1/Tile Map/19_-97_layer_Tile Map_tile_19_-97_source_1_atlas_14_6
387.743,landed,351.167144775391,-1752.73669433594,0.0,0.0,land,surface_wood_impact_0.81481488037109
387.748,musicking,351.167144775391,-1752.73669433594,0.0,0.0,osc_received,"value_[1, ""water-tube""]"
387.773,jump_input_released,351.167144775391,-1752.73669433594,0.0,0.0,Jump,released
388.039,jump_input_pressed,351.167144775391,-1752.73669433594,0.0,0.0,Jump,pressed
388.04,jump_executed,351.167144775391,-1752.73669433594,0.0,-500.0,jump,x_351.167144775391_y_-1752.73669433594
388.148,musicking,351.167144775391,-1792.3154296875,0.0,37.037036895752,osc_received,"value_[1, ""head-bump""]"
388.157,jump_peak_reached,351.167144775391,-1792.3154296875,0.0,74.0740737915039,jump_peak,x_351.167144775391_y_-1792.3154296875
388.306,jump_input_released,351.167144775391,-1758.98205566406,0.0,407.407440185547,Jump,released
388.306,platform_landed,351.167144775391,-1752.77551269531,0.0,0.0,land_on_platform,platform_scene-1/Tile Map/19_-97_layer_Tile Map_tile_19_-97_source_1_atlas_14_6
388.306,landed,351.167144775391,-1752.77551269531,0.0,0.0,land,surface_wood_impact_0.81481488037109
388.308,musicking,351.167144775391,-1752.77551269531,0.0,0.0,osc_received,"value_[1, ""water-tube""]"
388.54,jump_input_pressed,351.167144775391,-1752.77551269531,0.0,0.0,Jump,pressed
388.54,jump_executed,351.167144775391,-1752.77551269531,0.0,-500.0,jump,x_351.167144775391_y_-1752.77551269531
388.648,musicking,351.167144775391,-1792.31640625,0.0,37.037036895752,osc_received,"value_[1, ""head-bump""]"
388.659,jump_peak_reached,351.167144775391,-1792.31640625,0.0,74.0740737915039,jump_peak,x_351.167144775391_y_-1792.31640625
388.806,platform_landed,351.167144775391,-1752.73669433594,0.0,0.0,land_on_platform,platform_scene-1/Tile Map/19_-97_layer_Tile Map_tile_19_-97_source_1_atlas_14_6
388.806,landed,351.167144775391,-1752.73669433594,0.0,0.0,land,surface_wood_impact_0.81481488037109
388.809,musicking,351.167144775391,-1752.73669433594,0.0,0.0,osc_received,"value_[1, ""water-tube""]"
388.823,jump_input_released,351.167144775391,-1752.73669433594,0.0,0.0,Jump,released
389.106,jump_input_pressed,351.167144775391,-1752.73669433594,0.0,0.0,Jump,pressed
389.106,jump_executed,351.167144775391,-1752.73669433594,0.0,-500.0,jump,x_351.167144775391_y_-1752.73669433594
389.207,musicking,351.167144775391,-1792.3154296875,0.0,37.037036895752,osc_received,"value_[1, ""head-bump""]"
389.222,jump_peak_reached,351.167144775391,-1792.3154296875,0.0,74.0740737915039,jump_peak,x_351.167144775391_y_-1792.3154296875
389.374,platform_landed,351.167144775391,-1752.77551269531,0.0,0.0,land_on_platform,platform_scene-1/Tile Map/19_-97_layer_Tile Map_tile_19_-97_source_1_atlas_14_6
389.374,landed,351.167144775391,-1752.77551269531,0.0,0.0,land,surface_wood_impact_0.81481488037109
389.375,musicking,351.167144775391,-1752.77551269531,0.0,0.0,osc_received,"value_[1, ""water-tube""]"
389.457,jump_input_released,351.167144775391,-1752.77551269531,0.0,0.0,Jump,released
389.674,jump_input_pressed,351.167144775391,-1752.77551269531,0.0,0.0,Jump,pressed
389.674,jump_executed,351.167144775391,-1752.77551269531,0.0,-500.0,jump,x_351.167144775391_y_-1752.77551269531
389.782,musicking,351.167144775391,-1792.31640625,0.0,37.037036895752,osc_received,"value_[1, ""head-bump""]"
389.789,jump_peak_reached,351.167144775391,-1792.31640625,0.0,74.0740737915039,jump_peak,x_351.167144775391_y_-1792.31640625
389.94,platform_landed,351.167144775391,-1752.73669433594,0.0,0.0,land_on_platform,platform_scene-1/Tile Map/19_-97_layer_Tile Map_tile_19_-97_source_1_atlas_14_6
389.94,landed,351.167144775391,-1752.73669433594,0.0,0.0,land,surface_wood_impact_0.81481488037109
389.941,musicking,351.167144775391,-1752.73669433594,0.0,0.0,osc_received,"value_[1, ""water-tube""]"
390.056,jump_input_released,351.167144775391,-1752.73669433594,0.0,0.0,Jump,released
390.342,jump_input_pressed,351.167144775391,-1752.73669433594,0.0,0.0,Jump,pressed
390.342,jump_executed,351.167144775391,-1752.73669433594,0.0,-500.0,jump,x_351.167144775391_y_-1752.73669433594
390.441,musicking,351.167144775391,-1792.3154296875,0.0,37.037036895752,osc_received,"value_[1, ""head-bump""]"
390.46,jump_peak_reached,351.167144775391,-1792.3154296875,0.0,74.0740737915039,jump_peak,x_351.167144775391_y_-1792.3154296875
390.606,platform_landed,351.167144775391,-1752.77551269531,0.0,0.0,land_on_platform,platform_scene-1/Tile Map/19_-97_layer_Tile Map_tile_19_-97_source_1_atlas_14_6
390.607,landed,351.167144775391,-1752.77551269531,0.0,0.0,land,surface_wood_impact_0.81481488037109
390.609,musicking,351.167144775391,-1752.77551269531,0.0,0.0,osc_received,"value_[1, ""water-tube""]"
390.64,jump_input_released,351.167144775391,-1752.77551269531,0.0,0.0,Jump,released
390.906,jump_input_pressed,351.167144775391,-1752.77551269531,0.0,0.0,Jump,pressed
390.906,jump_executed,351.167144775391,-1752.77551269531,0.0,-500.0,jump,x_351.167144775391_y_-1752.77551269531
391.007,musicking,351.167144775391,-1792.31640625,0.0,37.037036895752,osc_received,"value_[1, ""head-bump""]"
391.023,jump_peak_reached,351.167144775391,-1792.31640625,0.0,74.0740737915039,jump_peak,x_351.167144775391_y_-1792.31640625
391.173,jump_input_released,351.167144775391,-1758.98303222656,0.0,407.407440185547,Jump,released
391.174,platform_landed,351.167144775391,-1752.73669433594,0.0,0.0,land_on_platform,platform_scene-1/Tile Map/19_-97_layer_Tile Map_tile_19_-97_source_1_atlas_14_6
391.174,landed,351.167144775391,-1752.73669433594,0.0,0.0,land,surface_wood_impact_0.81481488037109
391.175,musicking,351.167144775391,-1752.73669433594,0.0,0.0,osc_received,"value_[1, ""water-tube""]"
391.473,jump_input_pressed,351.167144775391,-1752.73669433594,0.0,0.0,Jump,pressed
391.473,jump_executed,351.167144775391,-1752.73669433594,0.0,-500.0,jump,x_351.167144775391_y_-1752.73669433594
391.574,musicking,351.167144775391,-1792.3154296875,0.0,37.037036895752,osc_received,"value_[1, ""head-bump""]"
391.589,jump_peak_reached,351.167144775391,-1792.3154296875,0.0,74.0740737915039,jump_peak,x_351.167144775391_y_-1792.3154296875
391.741,platform_landed,351.167144775391,-1752.77551269531,0.0,0.0,land_on_platform,platform_scene-1/Tile Map/19_-97_layer_Tile Map_tile_19_-97_source_1_atlas_14_6
391.741,landed,351.167144775391,-1752.77551269531,0.0,0.0,land,surface_wood_impact_0.81481488037109
391.748,musicking,351.167144775391,-1752.77551269531,0.0,0.0,osc_received,"value_[1, ""water-tube""]"
391.823,jump_input_released,351.167144775391,-1752.77551269531,0.0,0.0,Jump,released
392.122,jump_input_pressed,351.167144775391,-1752.77551269531,0.0,0.0,Jump,pressed
392.122,jump_executed,351.167144775391,-1752.77551269531,0.0,-500.0,jump,x_351.167144775391_y_-1752.77551269531
392.225,musicking,351.167144775391,-1792.31640625,0.0,37.037036895752,osc_received,"value_[1, ""head-bump""]"
392.241,jump_peak_reached,351.167144775391,-1792.31640625,0.0,74.0740737915039,jump_peak,x_351.167144775391_y_-1792.31640625
392.392,platform_landed,351.167144775391,-1752.73669433594,0.0,0.0,land_on_platform,platform_scene-1/Tile Map/19_-97_layer_Tile Map_tile_19_-97_source_1_atlas_14_6
392.392,landed,351.167144775391,-1752.73669433594,0.0,0.0,land,surface_wood_impact_0.81481488037109
392.393,musicking,351.167144775391,-1752.73669433594,0.0,0.0,osc_received,"value_[1, ""water-tube""]"
392.44,jump_input_released,351.167144775391,-1752.73669433594,0.0,0.0,Jump,released
392.74,jump_input_pressed,351.167144775391,-1752.73669433594,0.0,0.0,Jump,pressed
392.74,jump_executed,351.167144775391,-1752.73669433594,0.0,-500.0,jump,x_351.167144775391_y_-1752.73669433594
392.849,musicking,351.167144775391,-1792.3154296875,0.0,37.037036895752,osc_received,"value_[1, ""head-bump""]"
392.857,jump_peak_reached,351.167144775391,-1792.3154296875,0.0,74.0740737915039,jump_peak,x_351.167144775391_y_-1792.3154296875
393.007,platform_landed,351.167144775391,-1752.77551269531,0.0,0.0,land_on_platform,platform_scene-1/Tile Map/19_-97_layer_Tile Map_tile_19_-97_source_1_atlas_14_6
393.007,landed,351.167144775391,-1752.77551269531,0.0,0.0,land,surface_wood_impact_0.81481488037109
393.008,musicking,351.167144775391,-1752.77551269531,0.0,0.0,osc_received,"value_[1, ""water-tube""]"
393.041,jump_input_released,351.167144775391,-1752.77551269531,0.0,0.0,Jump,released
393.374,jump_input_pressed,351.167144775391,-1752.77551269531,0.0,0.0,Jump,pressed
393.374,jump_executed,351.167144775391,-1752.77551269531,0.0,-500.0,jump,x_351.167144775391_y_-1752.77551269531
393.474,musicking,351.167144775391,-1792.31640625,0.0,37.037036895752,osc_received,"value_[1, ""head-bump""]"
393.491,jump_peak_reached,351.167144775391,-1792.31640625,0.0,74.0740737915039,jump_peak,x_351.167144775391_y_-1792.31640625
393.641,platform_landed,351.167144775391,-1752.73669433594,0.0,0.0,land_on_platform,platform_scene-1/Tile Map/19_-97_layer_Tile Map_tile_19_-97_source_1_atlas_14_6
393.641,landed,351.167144775391,-1752.73669433594,0.0,0.0,land,surface_wood_impact_0.81481488037109
393.648,musicking,351.167144775391,-1752.73669433594,0.0,0.0,osc_received,"value_[1, ""water-tube""]"
393.74,jump_input_released,351.167144775391,-1752.73669433594,0.0,0.0,Jump,released
394.025,jump_input_pressed,351.167144775391,-1752.73669433594,0.0,0.0,Jump,pressed
394.025,jump_executed,351.167144775391,-1752.73669433594,0.0,-500.0,jump,x_351.167144775391_y_-1752.73669433594
394.131,musicking,351.167144775391,-1792.3154296875,0.0,37.037036895752,osc_received,"value_[1, ""head-bump""]"
394.14,jump_peak_reached,351.167144775391,-1792.3154296875,0.0,74.0740737915039,jump_peak,x_351.167144775391_y_-1792.3154296875
394.292,platform_landed,351.167144775391,-1752.77551269531,0.0,0.0,land_on_platform,platform_scene-1/Tile Map/19_-97_layer_Tile Map_tile_19_-97_source_1_atlas_14_6
394.292,landed,351.167144775391,-1752.77551269531,0.0,0.0,land,surface_wood_impact_0.81481488037109
394.299,musicking,351.167144775391,-1752.77551269531,0.0,0.0,osc_received,"value_[1, ""water-tube""]"
394.359,jump_input_released,351.167144775391,-1752.77551269531,0.0,0.0,Jump,released
394.66,jump_input_pressed,351.167144775391,-1752.77551269531,0.0,0.0,Jump,pressed
394.66,jump_executed,351.167144775391,-1752.77551269531,0.0,-500.0,jump,x_351.167144775391_y_-1752.77551269531
394.766,musicking,351.167144775391,-1792.31640625,0.0,37.037036895752,osc_received,"value_[1, ""head-bump""]"
394.773,jump_peak_reached,351.167144775391,-1792.31640625,0.0,74.0740737915039,jump_peak,x_351.167144775391_y_-1792.31640625
394.924,platform_landed,351.167144775391,-1752.73669433594,0.0,0.0,land_on_platform,platform_scene-1/Tile Map/19_-97_layer_Tile Map_tile_19_-97_source_1_atlas_14_6
394.924,landed,351.167144775391,-1752.73669433594,0.0,0.0,land,surface_wood_impact_0.81481488037109
394.926,musicking,351.167144775391,-1752.73669433594,0.0,0.0,osc_received,"value_[1, ""water-tube""]"
395.006,jump_input_released,351.167144775391,-1752.73669433594,0.0,0.0,Jump,released
395.657,move_left_pressed,351.167144775391,-1752.73669433594,-33.3333320617676,0.0,Move_Left,pressed
395.79,jump_input_pressed,334.380401611328,-1753.23559570312,-180.0,0.0,Jump,pressed
395.79,jump_executed,334.380401611328,-1753.23559570312,-180.0,-500.0,jump,x_334.380401611328_y_-1753.23559570312
395.808,move_right_pressed,331.380401611328,-1761.56982421875,-96.6666641235352,-479.222198486328,Move_Right,pressed
396.126,jump_input_released,361.380310058594,-1855.35595703125,180.0,-94.9998931884766,Jump,released
396.223,jump_peak_reached,366.213653564453,-1859.64758300781,0.0,46.2038116455078,jump_peak,x_366.213653564453_y_-1859.64758300781
396.306,move_left_pressed,366.213653564453,-1849.62438964844,-15.0,231.38899230957,Move_Left,pressed
396.375,platform_landed,362.463653564453,-1827.06689453125,-75.0,0.0,land_on_platform,platform_scene-1/Tile Map/20_-101_layer_Tile Map_tile_20_-101_source_1_atlas_3_4
396.375,landed,362.463653564453,-1827.06689453125,-75.0,0.0,land,surface_wood_impact_0.75907434082031
396.441,jump_input_pressed,355.380340576172,-1827.06689453125,-180.0,0.0,Jump,pressed
396.442,jump_executed,355.380340576172,-1827.06689453125,-180.0,-500.0,jump,x_355.380340576172_y_-1827.06689453125
396.443,musicking,352.377838134766,-1835.40808105469,-180.0,-500.055541992188,osc_received,"value_[1, ""chain-jumps""]"
396.857,jump_input_released,280.377838134766,-1933.94873046875,-180.0,2.77788853645325,Jump,released
396.874,jump_peak_reached,277.377838134766,-1933.90246582031,-180.0,39.8149261474609,jump_peak,x_277.377838134766_y_-1933.90246582031
397.107,platform_landed,245.544494628906,-1863.02331542969,0.0,0.0,land_on_platform,platform_scene-1/Tile Map/13_-103_layer_Tile Map_tile_13_-103_source_1_atlas_1_4
397.107,landed,245.544494628906,-1863.02331542969,0.0,0.0,land,surface_wood_impact_1.1166669921875
397.124,jump_input_pressed,245.544494628906,-1863.02331542969,0.0,0.0,Jump,pressed
397.124,jump_executed,245.544494628906,-1863.02331542969,0.0,-500.0,jump,x_245.544494628906_y_-1863.02331542969
397.125,musicking,245.544494628906,-1871.4033203125,0.0,-500.055541992188,osc_received,"value_[1, ""chain-jumps""]"
397.173,move_left_pressed,245.544494628906,-1887.03662109375,-15.0,-437.833282470703,Move_Left,pressed
397.442,jump_input_released,214.044494628906,-1963.25891113281,-180.0,-114.722114562988,Jump,released
397.541,jump_peak_reached,200.211151123047,-1968.05053710938,0.0,41.2037048339844,jump_peak,x_200.211151123047_y_-1968.05053710938
397.726,jump_input_pressed,200.211151123047,-1926.5458984375,0.0,448.611175537109,Jump,pressed
397.74,platform_landed,200.211151123047,-1917.01391601562,0.0,0.0,land_on_platform,platform_scene-1/Tile Map/11_-106_layer_Tile Map_tile_11_-106_source_1_atlas_15_7
397.74,landed,200.211151123047,-1917.01391601562,0.0,0.0,land,surface_wood_impact_0.97129644775391
397.748,musicking,200.211151123047,-1917.01391601562,0.0,0.0,osc_received,"value_[1, ""cloud""]"
397.757,jump_executed,200.211151123047,-1917.01391601562,0.0,-500.0,jump,x_200.211151123047_y_-1917.01391601562
397.765,musicking,200.211151123047,-1925.40209960938,0.0,-500.055541992188,osc_received,"value_[1, ""chain-jumps""]"
397.775,move_right_pressed,200.211151123047,-1925.40209960938,15.0,-479.222198486328,Move_Right,pressed
397.892,top/checkpoint reached,207.211151123047,-1974.12341308594,120.0,-335.833251953125,top/checkpoint,coins collected: 4
398.174,jump_input_released,255.711151123047,-2023.94274902344,180.0,2.77788853645325,Jump,released
398.191,jump_peak_reached,258.711151123047,-2023.896484375,180.0,39.8149261474609,jump_peak,x_258.711151123047_y_-2023.896484375
398.358,platform_landed,291.710662841797,-1989.07458496094,180.0,0.0,land_on_platform,platform_scene-1/Tile Map/16_-110_layer_Tile Map_tile_16_-110_source_1_atlas_2_4
398.358,landed,291.710662841797,-1989.07458496094,180.0,0.0,land,surface_wood_impact_0.82037066650391
567.082,move_right_pressed,299.544006347656,-1989.07458496094,33.3333320617676,0.0,Move_Right,pressed
569.634,scene_transition,321.710662841797,-1989.07458496094,0.0,0.0,switch,from_res://Scenes/Main/scene-1.tscn_to_res://Scenes/Main/scene-2.tscn
569.634,session_end,321.710662841797,-1989.07458496094,0.0,0.0,,
