timestamp_seconds,event,x,y,velocity_x,velocity_y,action,info
538.732,session_start,392.0,624.0,0.0,0.0,,
538.782,jump_peak_reached,392.0,624.0,0.0,37.037036895752,jump_peak,x_392.0_y_624.0
538.828,platform_landed,392.0,638.988403320312,0.0,0.0,land_on_platform,platform_scene-1/Tile Map/21_36_layer_Tile Map_tile_21_36_source_1_atlas_2_0
538.828,landed,392.0,638.988403320312,0.0,0.0,land,surface_wood_impact_0.51851849365234
539.821,move_right_pressed,392.0,638.988403320312,33.3333320617676,0.0,Move_Right,pressed
540.72,jump_input_pressed,525.166625976562,638.932373046875,0.0,0.0,Jump,pressed
540.72,jump_executed,525.166625976562,638.932373046875,0.0,-500.0,jump,x_525.166625976562_y_638.932373046875
540.864,move_left_pressed,525.166625976562,576.272338867188,-15.0,-314.999908447266,Move_Left,pressed
541.154,jump_peak_reached,490.666625976562,532.096435546875,-180.0,39.8149261474609,jump_peak,x_490.666625976562_y_532.096435546875
541.155,jump_input_released,490.666625976562,532.096435546875,-180.0,39.8149261474609,Jump,released
541.162,coin_collected,487.666625976562,532.760009765625,-180.0,39.8149261474609,collect_coin,coin_coin_score_2
541.254,platform_landed,482.833282470703,548.996459960938,0.0,0.0,land_on_platform,platform_scene-1/Tile Map/26_31_layer_Tile Map_tile_26_31_source_1_atlas_2_0
541.255,landed,482.833282470703,548.996459960938,0.0,0.0,land,surface_wood_impact_0.52407427978516
541.455,jump_input_pressed,482.833282470703,548.996459960938,0.0,0.0,Jump,pressed
541.455,jump_executed,482.833282470703,548.996459960938,0.0,-500.0,jump,x_482.833282470703_y_548.996459960938
541.587,move_right_pressed,482.833282470703,491.877807617188,15.0,-335.333251953125,Move_Right,pressed
541.788,jump_input_released,502.333282470703,446.813049316406,180.0,-94.9998931884766,Jump,released
541.888,jump_peak_reached,520.333312988281,442.521392822266,180.0,46.2038116455078,jump_peak,x_520.333312988281_y_442.521392822266
542.087,platform_landed,548.481567382812,494.933471679688,159.085556030273,0.0,land_on_platform,platform_scene-1/Tile Map/30_28_layer_Tile Map_tile_30_28_source_1_atlas_3_0
542.087,landed,548.481567382812,494.933471679688,159.085556030273,0.0,land,surface_wood_impact_0.98129663085938
542.295,platform_landed,587.494750976562,513.93310546875,180.0,0.0,land_on_platform,platform_scene-1/Tile Map/32_29_layer_Tile Map_tile_32_29_source_1_atlas_18_0
542.296,landed,587.494750976562,513.93310546875,180.0,0.0,land,surface_wood_impact_0.59259259033203
542.654,platform_landed,625.355834960938,549.961486816406,0.0,0.0,land_on_platform,platform_scene-1/Tile Map/34_31_layer_Tile Map_tile_34_31_source_1_atlas_18_0
542.654,landed,625.355834960938,549.961486816406,0.0,0.0,land,surface_wood_impact_0.81481488037109
542.896,move_right_pressed,625.355834960938,549.961486816406,33.3333320617676,0.0,Move_Right,pressed
543.255,move_left_pressed,668.533020019531,584.047424316406,-15.0,407.407440185547,Move_Left,pressed
543.354,platform_landed,666.033020019531,638.966430664062,0.0,0.0,land_on_platform,platform_scene-1/Tile Map/36_36_layer_Tile Map_tile_36_36_source_1_atlas_12_0
543.354,landed,666.033020019531,638.966430664062,0.0,0.0,land,surface_wood_impact_1.25925939941406
543.487,move_right_pressed,666.033020019531,638.966430664062,33.3333320617676,0.0,Move_Right,pressed
544.053,jump_input_pressed,761.366333007812,638.929504394531,180.0,0.0,Jump,pressed
544.053,jump_executed,761.366333007812,638.929504394531,180.0,-500.0,jump,x_761.366333007812_y_638.929504394531
544.321,move_right_pressed,769.201171875,546.503051757812,15.0,-174.222106933594,Move_Right,pressed
544.429,jump_input_released,776.201171875,532.976196289062,120.0,-36.1665573120117,Jump,released
544.488,jump_peak_reached,782.951171875,532.209533691406,165.0,42.5371475219727,jump_peak,x_782.951171875_y_532.209533691406
544.589,platform_landed,803.701171875,548.933532714844,180.0,0.0,land_on_platform,platform_scene-1/Tile Map/44_31_layer_Tile Map_tile_44_31_source_1_atlas_14_0
544.589,landed,803.701171875,548.933532714844,180.0,0.0,land,surface_wood_impact_0.52951873779297
544.688,jump_input_pressed,818.701171875,548.933532714844,180.0,0.0,Jump,pressed
544.688,jump_executed,818.701171875,548.933532714844,180.0,-500.0,jump,x_818.701171875_y_548.933532714844
545.063,jump_input_released,887.703796386719,442.977142333984,180.0,-36.1665573120117,Jump,released
545.121,jump_peak_reached,896.703796386719,442.210479736328,180.0,42.5371475219727,jump_peak,x_896.703796386719_y_442.210479736328
545.221,platform_landed,917.703796386719,458.93359375,180.0,0.0,land_on_platform,platform_scene-1/Tile Map/50_26_layer_Tile Map_tile_50_26_source_1_atlas_13_0
545.221,landed,917.703796386719,458.93359375,180.0,0.0,land,surface_wood_impact_0.52951873779297
545.595,platform_landed,986.71923828125,530.933776855469,180.0,0.0,land_on_platform,platform_scene-1/Tile Map/54_30_layer_Tile Map_tile_54_30_source_1_atlas_13_0
545.596,landed,986.71923828125,530.933776855469,180.0,0.0,land,surface_wood_impact_1.11111120605469
545.729,move_left_pressed,991.552551269531,530.925231933594,-33.3333320617676,0.0,Move_Left,pressed
545.788,jump_input_pressed,988.21923828125,530.925231933594,-133.33332824707,0.0,Jump,pressed
545.788,jump_executed,988.21923828125,530.925231933594,-133.33332824707,-500.0,jump,x_988.21923828125_y_530.925231933594
546.13,jump_input_released,926.830078125,427.201110839844,-180.0,-75.3332214355469,Jump,released
546.221,jump_peak_reached,915.996765136719,424.395568847656,0.0,45.0371475219727,jump_peak,x_915.996765136719_y_424.395568847656
546.362,platform_landed,915.996765136719,458.989776611328,0.0,0.0,land_on_platform,platform_scene-1/Tile Map/50_26_layer_Tile Map_tile_50_26_source_1_atlas_13_0
546.362,landed,915.996765136719,458.989776611328,0.0,0.0,land,surface_wood_impact_0.75674102783203
546.421,jump_input_pressed,915.996765136719,458.989776611328,0.0,0.0,Jump,pressed
546.421,jump_executed,915.996765136719,458.989776611328,0.0,-500.0,jump,x_915.996765136719_y_458.989776611328
546.454,move_right_pressed,915.996765136719,442.609405517578,15.0,-458.499969482422,Move_Right,pressed
546.854,jump_peak_reached,971.496765136719,352.103881835938,180.0,39.8149261474609,jump_peak,x_971.496765136719_y_352.103881835938
546.92,jump_input_released,983.496765136719,358.4619140625,180.0,187.963073730469,Jump,released
546.954,coin_collected,989.496765136719,365.344635009766,180.0,225.000106811523,collect_coin,coin_coin26_score_4
546.955,platform_landed,992.496765136719,368.933654785156,180.0,0.0,land_on_platform,platform_scene-1/Tile Map/55_21_layer_Tile Map_tile_55_21_source_1_atlas_13_0
546.955,landed,992.496765136719,368.933654785156,180.0,0.0,land,surface_wood_impact_0.52407427978516
547.155,jump_input_pressed,994.330078125,368.933654785156,0.0,0.0,Jump,pressed
547.155,jump_executed,994.330078125,368.933654785156,0.0,-500.0,jump,x_994.330078125_y_368.933654785156
547.221,move_left_pressed,994.330078125,337.65673828125,-15.0,-417.22216796875,Move_Left,pressed
547.587,jump_peak_reached,944.830078125,262.096588134766,-180.0,39.8149261474609,jump_peak,x_944.830078125_y_262.096588134766
547.663,jump_input_released,929.830078125,271.587341308594,-180.0,225.000106811523,Jump,released
547.687,platform_landed,923.830078125,278.933654785156,-180.0,0.0,land_on_platform,platform_scene-1/Tile Map/51_16_layer_Tile Map_tile_51_16_source_1_atlas_15_0
547.687,landed,923.830078125,278.933654785156,-180.0,0.0,land,surface_wood_impact_0.52407427978516
547.821,jump_input_pressed,918.996765136719,278.924163818359,0.0,0.0,Jump,pressed
547.821,jump_executed,918.996765136719,278.924163818359,0.0,-500.0,jump,x_918.996765136719_y_278.924163818359
547.954,move_right_pressed,918.996765136719,221.868469238281,15.0,-335.333251953125,Move_Right,pressed
548.254,jump_peak_reached,956.496765136719,172.095306396484,180.0,39.8149261474609,jump_peak,x_956.496765136719_y_172.095306396484
548.295,jump_input_released,965.496765136719,175.937911987305,180.0,150.926040649414,Jump,released
548.32,coin_collected,968.496765136719,178.453338623047,180.0,150.926040649414,collect_coin,coin_coin27_score_6
548.354,platform_landed,977.496765136719,188.933624267578,180.0,0.0,land_on_platform,platform_scene-1/Tile Map/54_11_layer_Tile Map_tile_54_11_source_1_atlas_13_0
548.354,landed,977.496765136719,188.933624267578,180.0,0.0,land,surface_wood_impact_0.52407427978516
548.488,jump_input_pressed,979.330078125,188.933624267578,0.0,0.0,Jump,pressed
548.488,jump_executed,979.330078125,188.933624267578,0.0,-500.0,jump,x_979.330078125_y_188.933624267578
548.496,move_left_pressed,979.330078125,180.59098815918,-15.0,-479.222198486328,Move_Left,pressed
548.92,jump_peak_reached,920.830078125,82.0965881347656,-180.0,39.8149261474609,jump_peak,x_920.830078125_y_82.0965881347656
549.029,jump_input_released,899.830078125,99.7046279907227,-180.0,299.074188232422,Jump,released
549.089,platform_landed,889.218994140625,116.932952880859,-96.6666641235352,0.0,land_on_platform,platform_scene-1/Tile Map/49_7_layer_Tile Map_tile_49_7_source_1_atlas_15_0
549.089,landed,889.218994140625,116.932952880859,-96.6666641235352,0.0,land,surface_wood_impact_0.82037066650391
549.197,jump_input_pressed,888.996765136719,116.932952880859,0.0,0.0,Jump,pressed
549.197,jump_executed,888.996765136719,116.932952880859,0.0,-500.0,jump,x_888.996765136719_y_116.932952880859
549.321,move_left_pressed,888.996765136719,65.8057098388672,-15.0,-355.722137451172,Move_Left,pressed
549.637,jump_peak_reached,848.496765136719,10.0964803695679,-180.0,39.8149261474609,jump_peak,x_848.496765136719_y_10.0964803695679
549.79,jump_input_released,821.496765136719,38.2909393310547,-180.0,373.148284912109,Jump,released
549.804,platform_landed,815.496765136719,44.9329566955566,-180.0,0.0,land_on_platform,platform_scene-1/Tile Map/45_3_layer_Tile Map_tile_45_3_source_1_atlas_13_0
549.804,landed,815.496765136719,44.9329566955566,-180.0,0.0,land,surface_wood_impact_0.82037066650391
550.289,jump_input_pressed,731.496765136719,44.9329566955566,-180.0,0.0,Jump,pressed
550.29,jump_executed,731.496765136719,44.9329566955566,-180.0,-500.0,jump,x_731.496765136719_y_44.9329566955566
550.655,jump_input_released,678.660949707031,-60.0729866027832,0.0,-55.722110748291,Jump,released
550.721,jump_peak_reached,678.660949707031,-61.704460144043,0.0,43.8149261474609,jump_peak,x_678.660949707031_y_-61.704460144043
550.871,platform_landed,678.660949707031,-27.0170574188232,0.0,0.0,land_on_platform,platform_scene-1/Tile Map/37_-1_layer_Tile Map_tile_37_-1_source_1_atlas_15_7
550.871,landed,678.660949707031,-27.0170574188232,0.0,0.0,land,surface_wood_impact_0.75429656982422
550.904,move_left_pressed,678.660949707031,-27.0170574188232,-33.3333320617676,0.0,Move_Left,pressed
551.004,jump_input_pressed,667.32763671875,-27.0170574188232,-180.0,0.0,Jump,pressed
551.004,jump_executed,667.32763671875,-27.0170574188232,-180.0,-500.0,jump,x_667.32763671875_y_-27.0170574188232
551.363,jump_input_released,601.309692382812,-132.06591796875,-180.0,-55.722110748291,Jump,released
551.429,jump_peak_reached,589.309692382812,-133.697387695312,-180.0,43.8149261474609,jump_peak,x_589.309692382812_y_-133.697387695312
551.662,platform_landed,557.476379394531,-63.0176544189453,0.0,0.0,land_on_platform,platform_scene-1/Tile Map/30_-3_layer_Tile Map_tile_30_-3_source_1_atlas_1_0
551.662,landed,557.476379394531,-63.0176544189453,0.0,0.0,land,surface_wood_impact_1.1246669921875
551.763,jump_input_pressed,557.476379394531,-63.0176544189453,0.0,0.0,Jump,pressed
551.763,jump_executed,557.476379394531,-63.0176544189453,0.0,-500.0,jump,x_557.476379394531_y_-63.0176544189453
551.996,move_left_pressed,557.476379394531,-148.65641784668,-15.0,-214.166549682617,Move_Left,pressed
552.195,jump_peak_reached,537.976379394531,-169.897155761719,-180.0,39.8149261474609,jump_peak,x_537.976379394531_y_-169.897155761719
552.254,jump_input_released,528.976379394531,-166.054550170898,-180.0,150.926040649414,Jump,released
552.388,coin_collected,504.976379394531,-128.64714050293,-180.0,410.185333251953,collect_coin,coin_coin9_score_8
552.396,platform_landed,503.143035888672,-117.066879272461,-13.3333311080933,0.0,land_on_platform,platform_scene-1/Tile Map/27_-6_layer_Tile Map_tile_27_-6_source_1_atlas_2_0
552.396,landed,503.143035888672,-117.066879272461,-13.3333311080933,0.0,land,surface_wood_impact_0.96851885986328
552.697,jump_input_pressed,503.143035888672,-117.066879272461,0.0,0.0,Jump,pressed
552.697,jump_executed,503.143035888672,-117.066879272461,0.0,-500.0,jump,x_503.143035888672_y_-117.066879272461
552.956,move_left_pressed,503.143035888672,-206.24609375,-15.0,-194.166549682617,Move_Left,pressed
553.129,jump_peak_reached,486.643035888672,-223.903503417969,-180.0,39.8149261474609,jump_peak,x_486.643035888672_y_-223.903503417969
553.163,jump_input_released,480.643035888672,-221.959045410156,-180.0,113.889007568359,Jump,released
553.229,platform_landed,465.643035888672,-207.066360473633,-180.0,0.0,land_on_platform,platform_scene-1/Tile Map/25_-11_layer_Tile Map_tile_25_-11_source_1_atlas_2_0
553.229,landed,465.643035888672,-207.066360473633,-180.0,0.0,land,surface_wood_impact_0.52407427978516
553.33,jump_input_pressed,450.643035888672,-207.066360473633,-180.0,0.0,Jump,pressed
553.33,jump_executed,450.643035888672,-207.066360473633,-180.0,-500.0,jump,x_450.643035888672_y_-207.066360473633
553.488,jump_peak_reached,423.638793945312,-262.315368652344,-180.0,74.0740737915039,jump_peak,x_423.638793945312_y_-262.315368652344
553.696,jump_input_released,403.324737548828,-200.201278686523,-45.0,555.555603027344,Jump,released
554.13,platform_landed,398.713623046875,263.993865966797,0.0,0.0,land_on_platform,platform_scene-1/Tile Map/22_15_layer_Tile Map_tile_22_15_source_1_atlas_13_6
554.13,landed,398.713623046875,263.993865966797,0.0,0.0,land,surface_wood_impact_3.0370361328125
554.59,move_right_pressed,398.713623046875,263.993865966797,33.3333320617676,0.0,Move_Right,pressed
554.755,jump_input_pressed,421.920532226562,263.657958984375,180.0,0.0,Jump,pressed
554.755,jump_executed,421.920532226562,263.657958984375,180.0,-500.0,jump,x_421.920532226562_y_263.657958984375
554.762,jump_peak_reached,424.921600341797,255.320770263672,180.0,-479.222198486328,jump_peak,x_424.921600341797_y_255.320770263672
555.195,platform_landed,502.960906982422,261.232788085938,180.0,0.0,land_on_platform,platform_scene-1/Tile Map/28_15_layer_Tile Map_tile_28_15_source_1_atlas_1_0
555.195,landed,502.960906982422,261.232788085938,180.0,0.0,land,surface_wood_impact_1.18518530273438
555.22,jump_input_released,502.960906982422,261.232788085938,180.0,0.0,Jump,released
555.455,jump_input_pressed,516.649291992188,260.996398925781,0.0,0.0,Jump,pressed
555.455,jump_executed,516.649291992188,260.996398925781,0.0,-500.0,jump,x_516.649291992188_y_260.996398925781
555.588,move_right_pressed,516.649291992188,203.877838134766,15.0,-335.333251953125,Move_Right,pressed
555.888,jump_peak_reached,554.149291992188,154.104675292969,180.0,39.8149261474609,jump_peak,x_554.149291992188_y_154.104675292969
555.964,jump_input_released,569.149291992188,163.595428466797,180.0,225.000106811523,Jump,released
555.988,platform_landed,575.149291992188,170.933639526367,180.0,0.0,land_on_platform,platform_scene-1/Tile Map/31_10_layer_Tile Map_tile_31_10_source_1_atlas_1_0
555.988,landed,575.149291992188,170.933639526367,180.0,0.0,land,surface_wood_impact_0.52407427978516
556.088,move_left_pressed,576.982604980469,170.924163818359,-33.3333320617676,0.0,Move_Left,pressed
556.089,jump_input_pressed,576.982604980469,170.924163818359,-33.3333320617676,0.0,Jump,pressed
556.089,jump_executed,576.982604980469,170.924163818359,-33.3333320617676,-500.0,jump,x_576.982604980469_y_170.924163818359
556.453,jump_input_released,557.074768066406,67.2239227294922,-135.0,-55.722110748291,Jump,released
556.521,jump_peak_reached,551.213684082031,65.5924453735352,0.0,43.8149261474609,jump_peak,x_551.213684082031_y_65.5924453735352
556.589,move_left_pressed,551.213684082031,72.2171401977539,-15.0,191.963073730469,Move_Left,pressed
556.62,platform_landed,549.713684082031,80.933708190918,-45.0,0.0,land_on_platform,platform_scene-1/Tile Map/30_5_layer_Tile Map_tile_30_5_source_1_atlas_3_0
556.621,landed,549.713684082031,80.933708190918,-45.0,0.0,land,surface_wood_impact_0.53207427978516
556.83,move_left_pressed,530.324829101562,80.9252624511719,-33.3333320617676,0.0,Move_Left,pressed
557.254,coin_collected,466.149078369141,137.242630004883,-13.3333311080933,481.481536865234,collect_coin,coin_coin5_score_10
557.262,platform_landed,466.149078369141,152.991821289062,0.0,0.0,land_on_platform,platform_scene-1/Tile Map/25_9_layer_Tile Map_tile_25_9_source_1_atlas_2_0
557.262,landed,466.149078369141,152.991821289062,0.0,0.0,land,surface_wood_impact_1.11111120605469
557.431,move_right_pressed,466.149078369141,152.991821289062,33.3333320617676,0.0,Move_Right,pressed
557.554,jump_input_pressed,479.996063232422,152.999359130859,33.3333320617676,0.0,Jump,pressed
557.554,jump_executed,479.996063232422,152.999359130859,33.3333320617676,-500.0,jump,x_479.996063232422_y_152.999359130859
557.93,jump_input_released,526.42529296875,47.0503234863281,180.0,-36.1665573120117,Jump,released
557.988,jump_peak_reached,535.42529296875,46.2836608886719,180.0,42.5371475219727,jump_peak,x_535.42529296875_y_46.2836608886719
558.296,platform_landed,595.42529296875,170.933715820312,180.0,0.0,land_on_platform,platform_scene-1/Tile Map/33_10_layer_Tile Map_tile_33_10_source_1_atlas_3_0
558.296,landed,595.42529296875,170.933715820312,180.0,0.0,land,surface_wood_impact_1.49248193359375
558.688,platform_landed,651.290710449219,242.966720581055,0.0,0.0,land_on_platform,platform_scene-1/Tile Map/36_14_layer_Tile Map_tile_36_14_source_1_atlas_3_0
558.688,landed,651.290710449219,242.966720581055,0.0,0.0,land,surface_wood_impact_1.11111120605469
558.722,move_left_pressed,651.290710449219,242.966720581055,-33.3333320617676,0.0,Move_Left,pressed
559.055,move_left_pressed,629.124084472656,242.966720581055,-33.3333320617676,0.0,Move_Left,pressed
559.322,move_right_pressed,597.946899414062,260.383483886719,15.0,296.296295166016,Move_Right,pressed
559.713,platform_landed,643.280212402344,549.986145019531,0.0,0.0,land_on_platform,platform_scene-1/Tile Map/35_31_layer_Tile Map_tile_35_31_source_1_atlas_19_0
559.713,landed,643.280212402344,549.986145019531,0.0,0.0,land,surface_wood_impact_2.37037036132813
560.055,move_left_pressed,643.280212402344,549.986145019531,-33.3333320617676,0.0,Move_Left,pressed
560.187,jump_input_pressed,625.946899414062,549.986145019531,-180.0,0.0,Jump,pressed
560.187,jump_executed,625.946899414062,549.986145019531,-180.0,-500.0,jump,x_625.946899414062_y_549.986145019531
560.621,jump_peak_reached,584.074768066406,443.729919433594,-15.0,39.8149261474609,jump_peak,x_584.074768066406_y_443.729919433594
560.745,jump_input_released,581.574768066406,466.322479248047,-75.0,336.111236572266,Jump,released
560.855,platform_landed,567.574768066406,513.933410644531,-165.0,0.0,land_on_platform,platform_scene-1/Tile Map/31_29_layer_Tile Map_tile_31_29_source_1_atlas_17_0
560.855,landed,567.574768066406,513.933410644531,-165.0,0.0,land,surface_wood_impact_1.1166669921875
561.254,move_left_pressed,566.074829101562,513.933715820312,-33.3333320617676,0.0,Move_Left,pressed
561.288,jump_input_pressed,566.074829101562,513.933715820312,-33.3333320617676,0.0,Jump,pressed
561.288,jump_executed,566.074829101562,513.933715820312,-33.3333320617676,-500.0,jump,x_566.074829101562_y_513.933715820312
561.43,jump_peak_reached,559.072265625,457.68505859375,-120.0,74.0740737915039,jump_peak,x_559.072265625_y_457.68505859375
561.43,jump_input_released,559.072265625,457.68505859375,-120.0,74.0740737915039,Jump,released
561.588,platform_landed,531.572265625,494.933044433594,-180.0,0.0,land_on_platform,platform_scene-1/Tile Map/29_28_layer_Tile Map_tile_29_28_source_1_atlas_2_0
561.588,landed,531.572265625,494.933044433594,-180.0,0.0,land,surface_wood_impact_0.81481488037109
561.829,jump_input_pressed,526.738952636719,494.933044433594,0.0,0.0,Jump,pressed
561.829,jump_executed,526.738952636719,494.933044433594,0.0,-500.0,jump,x_526.738952636719_y_494.933044433594
561.988,move_right_pressed,526.738952636719,432.272369384766,15.0,-314.999908447266,Move_Right,pressed
562.19,jump_input_released,546.238952636719,391.202056884766,180.0,-75.3332214355469,Jump,released
562.264,jump_peak_reached,559.850036621094,388.396514892578,13.3333311080933,45.0371475219727,jump_peak,x_559.850036621094_y_388.396514892578
562.387,move_left_pressed,560.072265625,406.613800048828,-15.0,304.296417236328,Move_Left,pressed
562.422,platform_landed,558.570617675781,422.929138183594,-45.0,0.0,land_on_platform,platform_scene-1/Tile Map/30_24_layer_Tile Map_tile_30_24_source_1_atlas_1_0
562.422,landed,558.570617675781,422.929138183594,-45.0,0.0,land,surface_wood_impact_0.75674102783203
562.464,jump_input_pressed,555.403991699219,422.929138183594,-145.0,0.0,Jump,pressed
562.464,jump_executed,555.403991699219,422.929138183594,-145.0,-500.0,jump,x_555.403991699219_y_422.929138183594
562.896,jump_peak_reached,478.402770996094,316.096343994141,-180.0,39.8149261474609,jump_peak,x_478.402770996094_y_316.096343994141
562.896,jump_input_released,478.402770996094,316.096343994141,-180.0,39.8149261474609,Jump,released
563.121,coin_collected,439.402770996094,372.871063232422,-180.0,484.259429931641,collect_coin,coin_coin2_score_12
563.13,platform_landed,434.791656494141,386.932739257812,-96.6666641235352,0.0,land_on_platform,platform_scene-1/Tile Map/24_22_layer_Tile Map_tile_24_22_source_1_atlas_2_0
563.131,landed,434.791656494141,386.932739257812,-96.6666641235352,0.0,land,surface_wood_impact_1.1166669921875
563.222,move_right_pressed,434.569427490234,386.932739257812,33.3333320617676,0.0,Move_Right,pressed
563.223,jump_input_pressed,434.569427490234,386.932739257812,33.3333320617676,0.0,Jump,pressed
563.223,jump_executed,434.569427490234,386.932739257812,33.3333320617676,-500.0,jump,x_434.569427490234_y_386.932739257812
563.454,jump_input_released,463.375366210938,301.337249755859,180.0,-214.166549682617,Jump,released
563.554,jump_peak_reached,481.375366210938,296.545593261719,180.0,41.2037048339844,jump_peak,x_481.375366210938_y_296.545593261719
563.788,platform_landed,495.208709716797,368.964813232422,0.0,0.0,land_on_platform,platform_scene-1/Tile Map/27_21_layer_Tile Map_tile_27_21_source_1_atlas_2_0
563.788,landed,495.208709716797,368.964813232422,0.0,0.0,land,surface_wood_impact_1.11944458007812
563.854,move_right_pressed,495.208709716797,368.964813232422,33.3333320617676,0.0,Move_Right,pressed
563.922,musicking,503.542022705078,368.964813232422,166.666656494141,0.0,osc_received,"value_[1, ""chain-jumps-combo-walk""]"
563.954,jump_input_pressed,506.542022705078,368.964813232422,180.0,0.0,Jump,pressed
563.954,jump_executed,506.542022705078,368.964813232422,180.0,-500.0,jump,x_506.542022705078_y_368.964813232422
564.162,jump_peak_reached,545.553344726562,295.686157226562,180.0,74.0740737915039,jump_peak,x_545.553344726562_y_295.686157226562
564.196,jump_input_released,551.553344726562,298.772552490234,180.0,148.148147583008,Jump,released
564.362,platform_landed,584.569946289062,353.959686279297,180.0,0.0,land_on_platform,platform_scene-1/Tile Map/32_20_layer_Tile Map_tile_32_20_source_1_atlas_18_3
564.362,landed,584.569946289062,353.959686279297,180.0,0.0,land,surface_wood_impact_1.037037109375
564.447,jump_input_pressed,596.564514160156,353.912780761719,180.0,0.0,Jump,pressed
564.447,jump_executed,596.564514160156,353.912780761719,180.0,-500.0,jump,x_596.564514160156_y_353.912780761719
564.663,jump_peak_reached,635.570556640625,277.684814453125,180.0,74.0740737915039,jump_peak,x_635.570556640625_y_277.684814453125
564.822,platform_landed,665.570556640625,314.933044433594,180.0,0.0,land_on_platform,platform_scene-1/Tile Map/36_18_layer_Tile Map_tile_36_18_source_1_atlas_0_0
564.822,landed,665.570556640625,314.933044433594,180.0,0.0,land,surface_wood_impact_0.81481488037109
564.854,jump_input_released,668.570556640625,315.177185058594,180.0,0.0,Jump,released
564.888,coin_collected,674.585205078125,315.794464111328,180.0,37.037036895752,collect_coin,coin_coin3_score_14
564.979,platform_landed,682.418518066406,332.972320556641,0.0,0.0,land_on_platform,platform_scene-1/Tile Map/37_19_layer_Tile Map_tile_37_19_source_1_atlas_1_0
564.979,landed,682.418518066406,332.972320556641,0.0,0.0,land,surface_wood_impact_0.59259259033203
565.188,jump_input_pressed,682.418518066406,332.972320556641,0.0,0.0,Jump,pressed
565.189,jump_executed,682.418518066406,332.972320556641,0.0,-500.0,jump,x_682.418518066406_y_332.972320556641
565.389,move_left_pressed,682.418518066406,255.509902954102,-15.0,-254.333206176758,Move_Left,pressed
565.622,jump_peak_reached,656.918518066406,226.1015625,-180.0,39.8149261474609,jump_peak,x_656.918518066406_y_226.1015625
565.622,jump_input_released,656.918518066406,226.1015625,-180.0,39.8149261474609,Jump,released
565.721,platform_landed,635.918518066406,242.93359375,-180.0,0.0,land_on_platform,platform_scene-1/Tile Map/35_14_layer_Tile Map_tile_35_14_source_1_atlas_2_0
565.721,landed,635.918518066406,242.93359375,-180.0,0.0,land,surface_wood_impact_0.52407427978516
565.788,jump_input_pressed,626.918518066406,242.93359375,-180.0,0.0,Jump,pressed
565.788,jump_executed,626.918518066406,242.93359375,-180.0,-500.0,jump,x_626.918518066406_y_242.93359375
565.888,jump_peak_reached,613.323852539062,205.750289916992,0.0,78.0146255493164,jump_peak,x_613.323852539062_y_205.750289916992
565.93,jump_input_released,613.323852539062,211.502868652344,0.0,189.125732421875,Jump,released
565.946,move_right_pressed,613.323852539062,214.654968261719,15.0,226.16276550293,Move_Right,pressed
566.029,platform_landed,618.573852539062,242.933700561523,90.0,0.0,land_on_platform,platform_scene-1/Tile Map/34_14_layer_Tile Map_tile_34_14_source_1_atlas_1_0
566.029,landed,618.573852539062,242.933700561523,90.0,0.0,land,surface_wood_impact_0.82269598388672
566.196,move_right_pressed,631.073791503906,242.924392700195,33.3333320617676,0.0,Move_Right,pressed
566.455,jump_input_pressed,632.740417480469,242.924392700195,0.0,0.0,Jump,pressed
566.455,jump_executed,632.740417480469,242.924392700195,0.0,-500.0,jump,x_632.740417480469_y_242.924392700195
566.555,move_left_pressed,632.740417480469,198.080551147461,-15.0,-376.166595458984,Move_Left,pressed
566.854,jump_input_released,595.240417480469,136.349990844727,-180.0,-16.6665554046631,Jump,released
566.888,jump_peak_reached,589.240417480469,136.141662597656,-180.0,41.2038154602051,jump_peak,x_589.240417480469_y_136.141662597656
567.055,platform_landed,569.407104492188,170.994400024414,0.0,0.0,land_on_platform,platform_scene-1/Tile Map/31_10_layer_Tile Map_tile_31_10_source_1_atlas_1_0
567.055,landed,569.407104492188,170.994400024414,0.0,0.0,land,surface_wood_impact_0.8231484375
567.363,move_right_pressed,569.407104492188,170.994400024414,33.3333320617676,0.0,Move_Right,pressed
567.422,jump_input_pressed,572.740417480469,170.994400024414,16.6666660308838,0.0,Jump,pressed
567.422,jump_executed,572.740417480469,170.994400024414,16.6666660308838,-500.0,jump,x_572.740417480469_y_170.994400024414
567.696,move_left_pressed,573.020263671875,75.5915679931641,-15.0,-154.333221435547,Move_Left,pressed
567.854,jump_peak_reached,561.770263671875,64.1045379638672,-150.0,39.8149261474609,jump_peak,x_561.770263671875_y_64.1045379638672
567.93,jump_input_released,547.520263671875,73.5952911376953,-180.0,225.000106811523,Jump,released
567.946,platform_landed,541.520629882812,80.9333190917969,-180.0,0.0,land_on_platform,platform_scene-1/Tile Map/30_5_layer_Tile Map_tile_30_5_source_1_atlas_3_0
567.946,landed,541.520629882812,80.9333190917969,-180.0,0.0,land,surface_wood_impact_0.52407427978516
568.154,move_left_pressed,524.687316894531,80.9333190917969,-33.3333320617676,0.0,Move_Left,pressed
568.19,jump_input_pressed,523.020690917969,80.9333190917969,-100.0,0.0,Jump,pressed
568.19,jump_executed,523.020690917969,80.9333190917969,-100.0,-500.0,jump,x_523.020690917969_y_80.9333190917969
568.587,jump_input_released,455.268829345703,-25.649528503418,-96.6666641235352,-16.6665554046631,Jump,released
568.622,jump_peak_reached,453.435485839844,-25.8578586578369,0.0,41.2038154602051,jump_peak,x_453.435485839844_y_-25.8578586578369
568.722,platform_landed,453.435485839844,-9.00531578063965,0.0,0.0,land_on_platform,platform_scene-1/Tile Map/25_0_layer_Tile Map_tile_25_0_source_1_atlas_15_7
568.722,landed,453.435485839844,-9.00531578063965,0.0,0.0,land,surface_wood_impact_0.52685205078125
568.797,move_left_pressed,453.435485839844,-9.00531578063965,-33.3333320617676,0.0,Move_Left,pressed
568.921,jump_input_pressed,439.101501464844,-9.06752777099609,-180.0,0.0,Jump,pressed
568.921,jump_executed,439.101501464844,-9.06752777099609,-180.0,-500.0,jump,x_439.101501464844_y_-9.06752777099609
569.354,jump_peak_reached,361.099151611328,-115.902725219727,-180.0,39.8149261474609,jump_peak,x_361.099151611328_y_-115.902725219727
569.589,jump_input_released,319.099151611328,-50.4397239685059,-180.0,558.33349609375,Jump,released
569.755,move_right_pressed,302.265808105469,70.3936538696289,15.0,928.703979492188,Move_Right,pressed
569.756,platform_landed,302.515808105469,80.933837890625,15.0,0.0,land_on_platform,platform_scene-1/Tile Map/16_5_layer_Tile Map_tile_16_5_source_1_atlas_13_0
569.756,landed,302.515808105469,80.933837890625,15.0,0.0,land,surface_wood_impact_1.85740795898438
570.089,move_left_pressed,313.904693603516,80.933837890625,-33.3333320617676,0.0,Move_Left,pressed
571.721,jump_input_pressed,30.7380485534668,80.933837890625,0.0,0.0,Jump,pressed
571.722,jump_executed,30.7380485534668,80.933837890625,0.0,-500.0,jump,x_30.7380485534668_y_80.933837890625
571.729,jump_peak_reached,30.7380485534668,72.5910186767578,0.0,-479.222198486328,jump_peak,x_30.7380485534668_y_72.5910186767578
571.931,move_right_pressed,30.7380485534668,-0.74600696563721,15.0,-234.222106933594,Move_Right,pressed
572.43,jump_input_released,104.238052368164,69.3281402587891,180.0,669.444641113281,Jump,released
572.454,platform_landed,110.238052368164,80.9327926635742,180.0,0.0,land_on_platform,platform_scene-1/Tile Map/6_5_layer_Tile Map_tile_6_5_source_1_atlas_13_0
572.454,landed,110.238052368164,80.9327926635742,180.0,0.0,land,surface_wood_impact_1.41296337890625
573.822,jump_input_pressed,353.238067626953,80.9327926635742,180.0,0.0,Jump,pressed
573.822,jump_executed,353.238067626953,80.9327926635742,180.0,-500.0,jump,x_353.238067626953_y_80.9327926635742
574.155,move_right_pressed,385.073852539062,-21.1943283081055,15.0,-94.9998931884766,Move_Right,pressed
574.254,jump_peak_reached,390.323852539062,-25.9026508331299,105.0,39.8149261474609,jump_peak,x_390.323852539062_y_-25.9026508331299
574.495,jump_input_released,413.012939453125,48.1131973266602,105.0,595.370544433594,Jump,released
574.621,platform_landed,419.874053955078,134.987258911133,0.0,0.0,land_on_platform,platform_scene-1/Tile Map/23_8_layer_Tile Map_tile_23_8_source_1_atlas_0_0
574.621,landed,419.874053955078,134.987258911133,0.0,0.0,land,surface_wood_impact_1.709259765625
574.995,move_right_pressed,419.874053955078,134.987258911133,33.3333320617676,0.0,Move_Right,pressed
575.121,jump_input_pressed,434.207366943359,135.102493286133,180.0,0.0,Jump,pressed
575.121,jump_executed,434.207366943359,135.102493286133,180.0,-500.0,jump,x_434.207366943359_y_135.102493286133
575.555,jump_peak_reached,512.228759765625,28.2144222259521,180.0,39.8149261474609,jump_peak,x_512.228759765625_y_28.2144222259521
575.555,jump_input_released,512.228759765625,28.2144222259521,180.0,39.8149261474609,Jump,released
575.754,platform_landed,520.062072753906,80.9851837158203,0.0,0.0,land_on_platform,platform_scene-1/Tile Map/28_5_layer_Tile Map_tile_28_5_source_1_atlas_1_0
575.754,landed,520.062072753906,80.9851837158203,0.0,0.0,land,surface_wood_impact_0.96851885986328
575.83,jump_input_pressed,520.062072753906,80.9851837158203,0.0,0.0,Jump,pressed
575.83,jump_executed,520.062072753906,80.9851837158203,0.0,-500.0,jump,x_520.062072753906_y_80.9851837158203
575.863,move_left_pressed,520.062072753906,64.608772277832,-15.0,-458.499969482422,Move_Left,pressed
576.262,jump_peak_reached,464.562072753906,-25.8967456817627,-180.0,39.8149261474609,jump_peak,x_464.562072753906_y_-25.8967456817627
576.321,jump_input_released,455.562072753906,-22.0541477203369,-180.0,150.926040649414,Jump,released
576.362,platform_landed,450.728729248047,-9.02227592468262,0.0,0.0,land_on_platform,platform_scene-1/Tile Map/24_0_layer_Tile Map_tile_24_0_source_1_atlas_14_7
576.363,landed,450.728729248047,-9.02227592468262,0.0,0.0,land,surface_wood_impact_0.52407427978516
576.43,move_right_pressed,450.728729248047,-9.02227592468262,33.3333320617676,0.0,Move_Right,pressed
576.521,jump_input_pressed,459.062591552734,-9.07245922088623,180.0,0.0,Jump,pressed
576.521,jump_executed,459.062591552734,-9.07245922088623,180.0,-500.0,jump,x_459.062591552734_y_-9.07245922088623
576.729,jump_peak_reached,498.064697265625,-82.3131408691406,180.0,74.0740737915039,jump_peak,x_498.064697265625_y_-82.3131408691406
576.931,jump_input_released,534.064697265625,-26.7575836181641,180.0,518.5185546875,Jump,released
577.055,move_left_pressed,544.898010253906,46.6992149353027,-15.0,777.777893066406,Move_Left,pressed
577.088,platform_landed,543.398010253906,80.9326705932617,-45.0,0.0,land_on_platform,platform_scene-1/Tile Map/30_5_layer_Tile Map_tile_30_5_source_1_atlas_3_0
577.088,landed,543.398010253906,80.9326705932617,-45.0,0.0,land,surface_wood_impact_1.70370397949219
577.454,move_right_pressed,539.759155273438,80.9326705932617,33.3333320617676,0.0,Move_Right,pressed
577.523,jump_input_pressed,545.314697265625,80.9326705932617,166.666656494141,0.0,Jump,pressed
577.523,jump_executed,545.314697265625,80.9326705932617,166.666656494141,-500.0,jump,x_545.314697265625_y_80.9326705932617
577.929,jump_input_released,620.0947265625,-25.9490871429443,180.0,2.77788853645325,Jump,released
577.954,jump_peak_reached,623.0947265625,-25.9027881622314,180.0,39.8149261474609,jump_peak,x_623.0947265625_y_-25.9027881622314
578.188,platform_landed,630.928039550781,44.9763336181641,0.0,0.0,land_on_platform,platform_scene-1/Tile Map/34_3_layer_Tile Map_tile_34_3_source_1_atlas_14_0
578.188,landed,630.928039550781,44.9763336181641,0.0,0.0,land,surface_wood_impact_1.1166669921875
578.296,jump_input_pressed,630.928039550781,44.9763336181641,0.0,0.0,Jump,pressed
578.296,jump_executed,630.928039550781,44.9763336181641,0.0,-500.0,jump,x_630.928039550781_y_44.9763336181641
578.429,move_right_pressed,630.928039550781,-12.130443572998,15.0,-335.333251953125,Move_Right,pressed
578.621,jump_input_released,647.428039550781,-55.2646827697754,180.0,-114.722114562988,Jump,released
578.721,jump_peak_reached,661.261352539062,-60.0563507080078,0.0,41.2037048339844,jump_peak,x_661.261352539062_y_-60.0563507080078
578.866,move_left_pressed,661.261352539062,-31.6535682678223,-15.0,374.537078857422,Move_Left,pressed
578.867,platform_landed,661.011352539062,-27.0663108825684,-15.0,0.0,land_on_platform,platform_scene-1/Tile Map/36_-1_layer_Tile Map_tile_36_-1_source_1_atlas_13_7
578.867,landed,661.011352539062,-27.0663108825684,-15.0,0.0,land,surface_wood_impact_0.74907415771484
578.887,jump_input_pressed,661.011352539062,-27.0663108825684,-48.3333320617676,0.0,Jump,pressed
578.887,jump_executed,661.011352539062,-27.0663108825684,-48.3333320617676,-500.0,jump,x_661.011352539062_y_-27.0663108825684
579.321,jump_peak_reached,593.760681152344,-133.903335571289,-180.0,39.8149261474609,jump_peak,x_593.760681152344_y_-133.903335571289
579.388,jump_input_released,581.760681152344,-127.545295715332,-180.0,187.963073730469,Jump,released
579.555,platform_landed,567.927368164062,-63.0241966247559,0.0,0.0,land_on_platform,platform_scene-1/Tile Map/31_-3_layer_Tile Map_tile_31_-3_source_1_atlas_2_0
579.555,landed,567.927368164062,-63.0241966247559,0.0,0.0,land,surface_wood_impact_1.1166669921875
579.63,jump_input_pressed,567.927368164062,-63.0241966247559,0.0,0.0,Jump,pressed
579.63,jump_executed,567.927368164062,-63.0241966247559,0.0,-500.0,jump,x_567.927368164062_y_-63.0241966247559
579.787,move_left_pressed,567.927368164062,-125.722076416016,-15.0,-314.999908447266,Move_Left,pressed
580.055,jump_input_released,536.427368164062,-169.944305419922,-180.0,2.77788853645325,Jump,released
580.063,jump_peak_reached,533.427368164062,-169.898010253906,-180.0,39.8149261474609,jump_peak,x_533.427368164062_y_-169.898010253906
580.23,platform_landed,528.594055175781,-135.01708984375,0.0,0.0,land_on_platform,platform_scene-1/Tile Map/29_-7_layer_Tile Map_tile_29_-7_source_1_atlas_0_0
580.23,landed,528.594055175781,-135.01708984375,0.0,0.0,land,surface_wood_impact_0.82037066650391
580.323,jump_input_pressed,528.594055175781,-135.01708984375,0.0,0.0,Jump,pressed
580.323,jump_executed,528.594055175781,-135.01708984375,0.0,-500.0,jump,x_528.594055175781_y_-135.01708984375
580.421,move_left_pressed,528.594055175781,-179.911880493164,-15.0,-376.166595458984,Move_Left,pressed
580.755,jump_peak_reached,485.094055175781,-241.897064208984,-180.0,39.8149261474609,jump_peak,x_485.094055175781_y_-241.897064208984
580.797,jump_input_released,476.094055175781,-238.054458618164,-180.0,150.926040649414,Jump,released
580.922,platform_landed,459.260711669922,-207.016128540039,0.0,0.0,land_on_platform,platform_scene-1/Tile Map/25_-11_layer_Tile Map_tile_25_-11_source_1_atlas_2_0
580.922,landed,459.260711669922,-207.016128540039,0.0,0.0,land,surface_wood_impact_0.82037066650391
581.122,jump_input_pressed,459.260711669922,-207.016128540039,0.0,0.0,Jump,pressed
581.122,jump_executed,459.260711669922,-207.016128540039,0.0,-500.0,jump,x_459.260711669922_y_-207.016128540039
581.348,move_left_pressed,459.260711669922,-292.656158447266,-15.0,-214.166549682617,Move_Left,pressed
581.555,jump_peak_reached,439.760711669922,-313.896881103516,-180.0,39.8149261474609,jump_peak,x_439.760711669922_y_-313.896881103516
581.564,jump_input_released,436.760711669922,-313.233306884766,-180.0,76.8519668579102,Jump,released
581.654,platform_landed,431.927368164062,-297.022399902344,0.0,0.0,land_on_platform,platform_scene-1/Tile Map/23_-16_layer_Tile Map_tile_23_-16_source_1_atlas_2_0
581.654,landed,431.927368164062,-297.022399902344,0.0,0.0,land,surface_wood_impact_0.52407427978516
581.73,move_right_pressed,431.927368164062,-297.022399902344,33.3333320617676,0.0,Move_Right,pressed
581.757,jump_input_pressed,432.48291015625,-297.022399902344,66.6666641235352,0.0,Jump,pressed
581.757,jump_executed,432.48291015625,-297.022399902344,66.6666641235352,-500.0,jump,x_432.48291015625_y_-297.022399902344
582.188,jump_peak_reached,502.378204345703,-403.89892578125,180.0,39.8149261474609,jump_peak,x_502.378204345703_y_-403.89892578125
582.189,jump_input_released,502.378204345703,-403.89892578125,180.0,39.8149261474609,Jump,released
582.389,platform_landed,541.378234863281,-351.06689453125,180.0,0.0,land_on_platform,platform_scene-1/Tile Map/30_-19_layer_Tile Map_tile_30_-19_source_1_atlas_15_0
582.389,landed,541.378234863281,-351.06689453125,180.0,0.0,land,surface_wood_impact_0.96851885986328
582.464,musicking,556.378234863281,-351.06689453125,180.0,0.0,osc_received,"value_[1, ""chain-jumps-combo-walk""]"
582.521,jump_input_pressed,562.378234863281,-350.13525390625,180.0,0.0,Jump,pressed
582.521,jump_executed,562.378234863281,-350.13525390625,180.0,-500.0,jump,x_562.378234863281_y_-350.13525390625
582.856,jump_input_released,622.399230957031,-452.313903808594,180.0,-94.9998931884766,Jump,released
582.954,jump_peak_reached,630.232543945312,-456.605560302734,0.0,46.2038116455078,jump_peak,x_630.232543945312_y_-456.605560302734
583.029,coin_collected,630.232543945312,-446.582397460938,0.0,194.351959228516,collect_coin,coin_coin11_score_16
583.121,platform_landed,630.232543945312,-420.001617431641,0.0,0.0,land_on_platform,platform_scene-1/Tile Map/35_-23_layer_Tile Map_tile_35_-23_source_1_atlas_19_3
583.121,landed,630.232543945312,-420.001617431641,0.0,0.0,land,surface_wood_impact_0.8331484375
583.255,jump_input_pressed,630.232543945312,-420.001617431641,0.0,0.0,Jump,pressed
583.255,jump_executed,630.232543945312,-420.001617431641,0.0,-500.0,jump,x_630.232543945312_y_-420.001617431641
583.321,move_right_pressed,630.232543945312,-451.334594726562,15.0,-417.22216796875,Move_Right,pressed
583.688,jump_peak_reached,679.732543945312,-526.894714355469,180.0,39.8149261474609,jump_peak,x_679.732543945312_y_-526.894714355469
583.823,jump_input_released,703.732543945312,-504.302154541016,180.0,336.111236572266,Jump,released
583.83,platform_landed,709.732604980469,-495.066864013672,180.0,0.0,land_on_platform,platform_scene-1/Tile Map/39_-27_layer_Tile Map_tile_39_-27_source_1_atlas_2_0
583.83,landed,709.732604980469,-495.066864013672,180.0,0.0,land,surface_wood_impact_0.74629656982422
584.046,move_right_pressed,717.56591796875,-495.066864013672,33.3333320617676,0.0,Move_Right,pressed
584.222,jump_input_pressed,730.732543945312,-495.066864013672,0.0,0.0,Jump,pressed
584.222,jump_executed,730.732543945312,-495.066864013672,0.0,-500.0,jump,x_730.732543945312_y_-495.066864013672
584.423,move_right_pressed,730.732543945312,-572.495178222656,15.0,-254.333206176758,Move_Right,pressed
584.656,jump_peak_reached,756.232543945312,-601.903442382812,180.0,39.8149261474609,jump_peak,x_756.232543945312_y_-601.903442382812
584.757,platform_landed,777.232543945312,-585.066345214844,180.0,0.0,land_on_platform,platform_scene-1/Tile Map/43_-32_layer_Tile Map_tile_43_-32_source_1_atlas_2_0
584.757,landed,777.232543945312,-585.066345214844,180.0,0.0,land,surface_wood_impact_0.52407427978516
584.804,jump_input_released,783.232543945312,-585.066345214844,180.0,0.0,Jump,released
585.255,move_left_pressed,860.086364746094,-500.68603515625,-1.66666889190674,629.629699707031,Move_Left,pressed
585.287,coin_collected,859.780822753906,-479.081085205078,-16.6666679382324,666.666748046875,collect_coin,coin_coin17_score_18
585.288,platform_landed,859.262329101562,-474.052124023438,-31.6666679382324,0.0,land_on_platform,platform_scene-1/Tile Map/47_-26_layer_Tile Map_tile_47_-26_source_1_atlas_13_6
585.288,landed,859.262329101562,-474.052124023438,-31.6666679382324,0.0,land,surface_wood_impact_1.40740759277344
585.495,move_left_pressed,859.262329101562,-474.052124023438,-33.3333320617676,0.0,Move_Left,pressed
585.622,coin_collected,844.929016113281,-474.052124023438,-180.0,0.0,collect_coin,coin_coin16_score_20
585.721,move_right_pressed,843.095703125,-474.052124023438,33.3333320617676,0.0,Move_Right,pressed
586.087,coin_collected,902.429077148438,-474.054504394531,180.0,0.0,collect_coin,coin_coin18_score_22
586.288,coin_collected,938.429077148438,-474.054504394531,180.0,0.0,collect_coin,coin_coin19_score_24
586.363,move_left_pressed,952.040161132812,-474.054504394531,0.0,0.0,Move_Left,pressed
587.022,jump_input_pressed,844.706848144531,-474.054504394531,-180.0,0.0,Jump,pressed
587.022,jump_executed,844.706848144531,-474.054504394531,-180.0,-500.0,jump,x_844.706848144531_y_-474.054504394531
587.264,move_left_pressed,836.872741699219,-563.227966308594,-15.0,-194.166549682617,Move_Left,pressed
587.446,jump_peak_reached,820.372741699219,-580.885314941406,-180.0,39.8149261474609,jump_peak,x_820.372741699219_y_-580.885314941406
587.589,jump_input_released,818.074768066406,-558.4541015625,-15.0,336.111236572266,Jump,released
587.729,move_right_pressed,817.324768066406,-485.815185546875,15.0,669.444641113281,Move_Right,pressed
587.729,platform_landed,817.573547363281,-475.046661376953,15.0,0.0,land_on_platform,platform_scene-1/Tile Map/45_-26_layer_Tile Map_tile_45_-26_source_1_atlas_14_6
587.729,landed,817.573547363281,-475.046661376953,15.0,0.0,land,surface_wood_impact_1.33888928222656
588.163,move_left_pressed,831.994934082031,-474.034942626953,-33.3333320617676,0.0,Move_Left,pressed
588.33,jump_input_pressed,809.113525390625,-474.975494384766,-180.0,37.037036895752,Jump,pressed
588.662,jump_input_released,749.113525390625,-345.345886230469,-180.0,777.777893066406,Jump,released
588.854,move_right_pressed,741.280212402344,-168.802642822266,15.0,1185.18518066406,Move_Right,pressed
588.996,platform_landed,743.780212402344,44.939136505127,0.0,0.0,land_on_platform,platform_scene-1/Tile Map/41_3_layer_Tile Map_tile_41_3_source_1_atlas_13_0
588.996,landed,743.780212402344,44.939136505127,0.0,0.0,land,surface_wood_impact_3.0370361328125
589.555,move_left_pressed,743.780212402344,44.939136505127,-33.3333320617676,0.0,Move_Left,pressed
589.755,jump_input_pressed,714.446899414062,44.939136505127,-96.6666641235352,0.0,Jump,pressed
589.755,jump_executed,714.446899414062,44.939136505127,-96.6666641235352,-500.0,jump,x_714.446899414062_y_44.939136505127
589.763,jump_peak_reached,712.833312988281,36.5921783447266,-13.3333311080933,-479.222198486328,jump_peak,x_712.833312988281_y_36.5921783447266
589.988,move_left_pressed,712.611083984375,-40.661506652832,-15.0,-214.166549682617,Move_Left,pressed
590.155,jump_input_released,698.861083984375,-61.6475982666016,-165.0,-16.6665554046631,Jump,released
590.356,platform_landed,667.277770996094,-27.0031795501709,0.0,0.0,land_on_platform,platform_scene-1/Tile Map/37_-1_layer_Tile Map_tile_37_-1_source_1_atlas_15_7
590.356,landed,667.277770996094,-27.0031795501709,0.0,0.0,land,surface_wood_impact_0.8231484375
590.456,jump_input_pressed,667.277770996094,-27.0031795501709,0.0,0.0,Jump,pressed
590.456,jump_executed,667.277770996094,-27.0031795501709,0.0,-500.0,jump,x_667.277770996094_y_-27.0031795501709
590.555,move_left_pressed,667.277770996094,-71.91748046875,-15.0,-376.166595458984,Move_Left,pressed
590.888,jump_peak_reached,623.777770996094,-133.902633666992,-180.0,39.8149261474609,jump_peak,x_623.777770996094_y_-133.902633666992
591.063,jump_input_released,590.777770996094,-92.6525955200195,-180.0,447.222381591797,Jump,released
591.122,platform_landed,578.777770996094,-63.0672454833984,-180.0,0.0,land_on_platform,platform_scene-1/Tile Map/32_-3_layer_Tile Map_tile_32_-3_source_1_atlas_3_0
591.122,landed,578.777770996094,-63.0672454833984,-180.0,0.0,land,surface_wood_impact_1.1166669921875
591.255,jump_input_pressed,573.944458007812,-63.0672454833984,0.0,0.0,Jump,pressed
591.255,jump_executed,573.944458007812,-63.0672454833984,0.0,-500.0,jump,x_573.944458007812_y_-63.0672454833984
591.389,move_left_pressed,573.944458007812,-120.130432128906,-15.0,-335.333251953125,Move_Left,pressed
591.655,jump_input_released,542.444458007812,-169.648956298828,-180.0,-16.6665554046631,Jump,released
591.688,jump_peak_reached,536.444458007812,-169.857284545898,-180.0,41.2038154602051,jump_peak,x_536.444458007812_y_-169.857284545898
591.854,platform_landed,531.611145019531,-135.004531860352,0.0,0.0,land_on_platform,platform_scene-1/Tile Map/29_-7_layer_Tile Map_tile_29_-7_source_1_atlas_0_0
591.854,landed,531.611145019531,-135.004531860352,0.0,0.0,land,surface_wood_impact_0.8231484375
591.955,move_right_pressed,531.611145019531,-135.004531860352,33.3333320617676,0.0,Move_Right,pressed
591.996,jump_input_pressed,534.944458007812,-135.004531860352,133.33332824707,0.0,Jump,pressed
591.996,jump_executed,534.944458007812,-135.004531860352,133.33332824707,-500.0,jump,x_534.944458007812_y_-135.004531860352
592.296,jump_peak_reached,587.350524902344,-229.386322021484,180.0,74.0740737915039,jump_peak,x_587.350524902344_y_-229.386322021484
592.422,jump_input_released,608.350524902344,-207.781372070312,180.0,333.333343505859,Jump,released
592.496,platform_landed,626.350524902344,-171.066711425781,180.0,0.0,land_on_platform,platform_scene-1/Tile Map/34_-9_layer_Tile Map_tile_34_-9_source_1_atlas_2_0
592.496,landed,626.350524902344,-171.066711425781,180.0,0.0,land,surface_wood_impact_1.037037109375
592.63,jump_input_pressed,634.183837890625,-171.066711425781,0.0,0.0,Jump,pressed
592.63,jump_executed,634.183837890625,-171.066711425781,0.0,-500.0,jump,x_634.183837890625_y_-171.066711425781
592.691,move_left_pressed,634.183837890625,-195.042388916016,-15.0,-437.833282470703,Move_Left,pressed
593.063,jump_peak_reached,581.683837890625,-277.903472900391,-180.0,39.8149261474609,jump_peak,x_581.683837890625_y_-277.903472900391
593.121,jump_input_released,572.683837890625,-274.060882568359,-96.6666641235352,150.926040649414,Jump,released
593.189,platform_landed,570.850524902344,-257.978393554688,0.0,0.0,land_on_platform,platform_scene-1/Tile Map/31_-14_layer_Tile Map_tile_31_-14_source_1_atlas_18_3
593.189,landed,570.850524902344,-257.978393554688,0.0,0.0,land,surface_wood_impact_0.59814837646484
593.296,jump_input_pressed,570.850524902344,-257.978393554688,0.0,0.0,Jump,pressed
593.296,jump_executed,570.850524902344,-257.978393554688,0.0,-500.0,jump,x_570.850524902344_y_-257.978393554688
593.422,move_right_pressed,570.850524902344,-309.149078369141,15.0,-355.722137451172,Move_Right,pressed
593.689,jump_input_released,602.350524902344,-363.978637695312,180.0,-36.1665573120117,Jump,released
593.73,jump_peak_reached,607.183837890625,-364.745300292969,-1.66666889190674,42.5371475219727,jump_peak,x_607.183837890625_y_-364.745300292969
593.73,move_left_pressed,607.183837890625,-364.745300292969,-1.66666889190674,42.5371475219727,Move_Left,pressed
594.021,platform_landed,573.740905761719,-258.01904296875,-96.6666641235352,0.0,land_on_platform,platform_scene-1/Tile Map/31_-14_layer_Tile Map_tile_31_-14_source_1_atlas_18_3
594.022,landed,573.740905761719,-258.01904296875,-96.6666641235352,0.0,land,surface_wood_impact_1.34433374023437
594.188,jump_input_pressed,573.518676757812,-258.01904296875,0.0,0.0,Jump,pressed
594.189,jump_executed,573.518676757812,-258.01904296875,0.0,-500.0,jump,x_573.518676757812_y_-258.01904296875
594.195,jump_peak_reached,573.518676757812,-266.362335205078,0.0,-479.222198486328,jump_peak,x_573.518676757812_y_-266.362335205078
594.421,move_left_pressed,573.518676757812,-343.616027832031,-15.0,-214.166549682617,Move_Left,pressed
594.629,jump_input_released,551.018676757812,-364.193176269531,-180.0,76.8519668579102,Jump,released
594.721,platform_landed,543.185363769531,-351.010375976562,0.0,0.0,land_on_platform,platform_scene-1/Tile Map/30_-19_layer_Tile Map_tile_30_-19_source_1_atlas_15_0
594.721,landed,543.185363769531,-351.010375976562,0.0,0.0,land,surface_wood_impact_0.52407427978516
594.796,move_right_pressed,543.185363769531,-351.010375976562,33.3333320617676,0.0,Move_Right,pressed
594.89,jump_input_pressed,551.518676757812,-351.010375976562,180.0,0.0,Jump,pressed
594.89,jump_executed,551.518676757812,-351.010375976562,180.0,-500.0,jump,x_551.518676757812_y_-351.010375976562
595.257,jump_input_released,617.536865234375,-456.059967041016,180.0,-55.722110748291,Jump,released
595.322,jump_peak_reached,629.536865234375,-457.691436767578,96.6666641235352,43.8149261474609,jump_peak,x_629.536865234375_y_-457.691436767578
595.489,move_left_pressed,631.370178222656,-422.611175537109,-15.0,414.185333251953,Move_Left,pressed
595.489,platform_landed,631.153869628906,-420.105163574219,-15.0,0.0,land_on_platform,platform_scene-1/Tile Map/35_-23_layer_Tile Map_tile_35_-23_source_1_atlas_19_3
595.489,landed,631.153869628906,-420.105163574219,-15.0,0.0,land,surface_wood_impact_0.82837066650391
595.622,jump_input_pressed,615.594299316406,-420.058013916016,-180.0,0.0,Jump,pressed
595.622,jump_executed,615.594299316406,-420.058013916016,-180.0,-500.0,jump,x_615.594299316406_y_-420.058013916016
596.055,jump_peak_reached,537.589172363281,-526.90087890625,-180.0,39.8149261474609,jump_peak,x_537.589172363281_y_-526.90087890625
596.096,jump_input_released,528.589172363281,-523.058288574219,-180.0,150.926040649414,Jump,released
596.322,platform_landed,486.596160888672,-438.067932128906,-180.0,0.0,land_on_platform,platform_scene-1/Tile Map/27_-24_layer_Tile Map_tile_27_-24_source_1_atlas_13_6
596.322,landed,486.596160888672,-438.067932128906,-180.0,0.0,land,surface_wood_impact_1.26481518554687
596.722,move_right_pressed,421.761108398438,-438.052734375,20.0000019073486,0.0,Move_Right,pressed
597.421,jump_input_pressed,539.500610351562,-438.975677490234,180.0,0.0,Jump,pressed
597.421,jump_executed,539.500610351562,-438.975677490234,180.0,-500.0,jump,x_539.500610351562_y_-438.975677490234
597.713,jump_input_released,593.517578125,-536.953369140625,180.0,-134.499893188477,Jump,released
597.821,jump_peak_reached,611.517578125,-541.745056152344,180.0,41.2037048339844,jump_peak,x_611.517578125_y_-541.745056152344
598.129,platform_landed,643.350891113281,-419.989349365234,0.0,0.0,land_on_platform,platform_scene-1/Tile Map/35_-23_layer_Tile Map_tile_35_-23_source_1_atlas_19_3
598.129,landed,643.350891113281,-419.989349365234,0.0,0.0,land,surface_wood_impact_1.48981506347656
598.322,jump_input_pressed,643.350891113281,-419.989349365234,0.0,0.0,Jump,pressed
598.322,jump_executed,643.350891113281,-419.989349365234,0.0,-500.0,jump,x_643.350891113281_y_-419.989349365234
598.396,move_right_pressed,643.350891113281,-458.247009277344,15.0,-396.666595458984,Move_Right,pressed
598.755,jump_peak_reached,689.850891113281,-526.848754882812,180.0,39.8149261474609,jump_peak,x_689.850891113281_y_-526.848754882812
598.788,jump_input_released,695.850891113281,-524.904296875,180.0,113.889007568359,Jump,released
598.896,platform_landed,709.684204101562,-495.010314941406,0.0,0.0,land_on_platform,platform_scene-1/Tile Map/39_-27_layer_Tile Map_tile_39_-27_source_1_atlas_2_0
598.896,landed,709.684204101562,-495.010314941406,0.0,0.0,land,surface_wood_impact_0.74629656982422
599.021,jump_input_pressed,709.684204101562,-495.010314941406,0.0,0.0,Jump,pressed
599.021,jump_executed,709.684204101562,-495.010314941406,0.0,-500.0,jump,x_709.684204101562_y_-495.010314941406
599.154,move_right_pressed,709.684204101562,-552.122985839844,15.0,-335.333251953125,Move_Right,pressed
599.454,jump_peak_reached,747.184204101562,-601.896118164062,180.0,39.8149261474609,jump_peak,x_747.184204101562_y_-601.896118164062
599.555,platform_landed,768.184204101562,-585.066345214844,180.0,0.0,land_on_platform,platform_scene-1/Tile Map/42_-32_layer_Tile Map_tile_42_-32_source_1_atlas_1_0
599.555,landed,768.184204101562,-585.066345214844,180.0,0.0,land,surface_wood_impact_0.52407427978516
599.621,jump_input_released,777.184204101562,-585.066345214844,180.0,0.0,Jump,released
599.73,move_left_pressed,782.017517089844,-585.066345214844,-33.3333320617676,0.0,Move_Left,pressed
599.854,jump_input_pressed,767.684204101562,-585.066345214844,-180.0,0.0,Jump,pressed
599.854,jump_executed,767.684204101562,-585.066345214844,-180.0,-500.0,jump,x_767.684204101562_y_-585.066345214844
600.288,jump_peak_reached,689.681518554688,-691.902465820312,-180.0,39.8149261474609,jump_peak,x_689.681518554688_y_-691.902465820312
600.289,jump_input_released,689.681518554688,-691.902465820312,-180.0,39.8149261474609,Jump,released
600.422,move_left_pressed,681.848205566406,-669.309875488281,-15.0,336.111236572266,Move_Left,pressed
600.589,coin_collected,668.098205566406,-585.513549804688,-150.0,669.444641113281,collect_coin,coin_coin15_score_26
600.589,platform_landed,666.987121582031,-585.067199707031,-66.6666641235352,0.0,land_on_platform,platform_scene-1/Tile Map/36_-32_layer_Tile Map_tile_36_-32_source_1_atlas_2_0
600.589,landed,666.987121582031,-585.067199707031,-66.6666641235352,0.0,land,surface_wood_impact_1.41296337890625
600.821,move_left_pressed,666.987121582031,-585.067199707031,-33.3333320617676,0.0,Move_Left,pressed
601.022,move_right_pressed,665.320495605469,-585.067199707031,33.3333320617676,0.0,Move_Right,pressed
601.121,jump_input_pressed,676.65380859375,-585.067199707031,180.0,0.0,Jump,pressed
601.121,jump_executed,676.65380859375,-585.067199707031,180.0,-500.0,jump,x_676.65380859375_y_-585.067199707031
601.321,jump_input_released,680.425231933594,-662.487548828125,0.0,-254.333206176758,Jump,released
601.356,move_left_pressed,680.425231933594,-665.473693847656,-15.0,-58.3333320617676,Move_Left,pressed
601.421,jump_peak_reached,677.925231933594,-667.279235839844,-75.0,41.2037048339844,jump_peak,x_677.925231933594_y_-667.279235839844
601.563,move_right_pressed,670.814147949219,-638.87646484375,15.0,374.537078857422,Move_Right,pressed
601.664,platform_landed,677.814147949219,-585.067199707031,105.0,0.0,land_on_platform,platform_scene-1/Tile Map/37_-32_layer_Tile Map_tile_37_-32_source_1_atlas_3_0
601.664,landed,677.814147949219,-585.067199707031,105.0,0.0,land,surface_wood_impact_1.19351867675781
601.854,move_left_pressed,677.925231933594,-585.066284179688,-33.3333320617676,0.0,Move_Left,pressed
602.055,jump_input_pressed,648.591918945312,-585.074768066406,-180.0,0.0,Jump,pressed
602.056,jump_executed,648.591918945312,-585.074768066406,-180.0,-500.0,jump,x_648.591918945312_y_-585.074768066406
602.488,jump_peak_reached,570.591552734375,-691.904357910156,-180.0,39.8149261474609,jump_peak,x_570.591552734375_y_-691.904357910156
602.53,jump_input_released,561.591552734375,-688.061767578125,-180.0,150.926040649414,Jump,released
602.788,platform_landed,553.758239746094,-585.02099609375,0.0,0.0,land_on_platform,platform_scene-1/Tile Map/30_-32_layer_Tile Map_tile_30_-32_source_1_atlas_2_0
602.789,landed,553.758239746094,-585.02099609375,0.0,0.0,land,surface_wood_impact_1.41296337890625
602.964,jump_input_pressed,553.758239746094,-585.02099609375,0.0,0.0,Jump,pressed
602.964,jump_executed,553.758239746094,-585.02099609375,0.0,-500.0,jump,x_553.758239746094_y_-585.02099609375
603.088,move_left_pressed,553.758239746094,-636.188354492188,-15.0,-355.722137451172,Move_Left,pressed
603.396,jump_peak_reached,513.258239746094,-691.897583007812,-180.0,39.8149261474609,jump_peak,x_513.258239746094_y_-691.897583007812
603.722,platform_landed,453.236602783203,-564.081115722656,-180.0,0.0,land_on_platform,platform_scene-1/Tile Map/25_-31_layer_Tile Map_tile_25_-31_source_1_atlas_14_6
603.722,landed,453.236602783203,-564.081115722656,-180.0,0.0,land,surface_wood_impact_1.48703747558594
603.788,jump_input_released,444.236633300781,-564.049377441406,-180.0,0.0,Jump,released
603.996,move_left_pressed,436.403289794922,-564.049377441406,-33.3333320617676,0.0,Move_Left,pressed
604.055,jump_input_pressed,433.069976806641,-564.049377441406,-133.33332824707,0.0,Jump,pressed
604.056,jump_executed,433.069976806641,-564.049377441406,-133.33332824707,-500.0,jump,x_433.069976806641_y_-564.049377441406
604.063,jump_peak_reached,430.841400146484,-572.407470703125,-148.33332824707,-479.222198486328,jump_peak,x_430.841400146484_y_-572.407470703125
604.63,jump_input_released,329.674713134766,-642.707397460938,-180.0,373.148284912109,Jump,released
604.755,platform_landed,307.070587158203,-582.067443847656,-96.6666641235352,0.0,land_on_platform,platform_scene-1/Tile Map/17_-32_layer_Tile Map_tile_17_-32_source_1_atlas_13_6
604.755,landed,307.070587158203,-582.067443847656,-96.6666641235352,0.0,land,surface_wood_impact_1.26481518554687
604.891,move_left_pressed,306.848358154297,-582.067443847656,-33.3333320617676,0.0,Move_Left,pressed
604.896,jump_input_pressed,306.292877197266,-582.076599121094,-66.6666641235352,0.0,Jump,pressed
604.896,jump_executed,306.292877197266,-582.076599121094,-66.6666641235352,-500.0,jump,x_306.292877197266_y_-582.076599121094
605.329,jump_peak_reached,236.40380859375,-688.906372070312,-180.0,39.8149261474609,jump_peak,x_236.40380859375_y_-688.906372070312
605.489,jump_input_released,209.40380859375,-660.7119140625,-180.0,373.148284912109,Jump,released
605.63,platform_landed,179.417572021484,-582.070007324219,-180.0,0.0,land_on_platform,platform_scene-1/Tile Map/9_-32_layer_Tile Map_tile_9_-32_source_1_atlas_14_6
605.63,landed,179.417572021484,-582.070007324219,-180.0,0.0,land,surface_wood_impact_1.41296337890625
605.688,jump_input_pressed,173.664031982422,-582.563415527344,-180.0,0.0,Jump,pressed
605.688,jump_executed,173.664031982422,-582.563415527344,-180.0,-500.0,jump,x_173.664031982422_y_-582.563415527344
605.988,jump_input_released,119.664031982422,-680.493957519531,-180.0,-134.499893188477,Jump,released
606.088,jump_peak_reached,101.664031982422,-685.28564453125,-180.0,41.2037048339844,jump_peak,x_101.664031982422_y_-685.28564453125
606.354,coin_collected,72.830696105957,-600.223876953125,0.0,596.759338378906,collect_coin,coin_coin20_score_28
606.363,platform_landed,72.830696105957,-585.031127929688,0.0,0.0,land_on_platform,platform_scene-1/Tile Map/3_-32_layer_Tile Map_tile_3_-32_source_1_atlas_1_0
606.363,landed,72.830696105957,-585.031127929688,0.0,0.0,land,surface_wood_impact_1.34166687011719
606.389,move_right_pressed,72.830696105957,-585.031127929688,33.3333320617676,0.0,Move_Right,pressed
606.722,move_left_pressed,100.99829864502,-585.072692871094,-33.3333320617676,0.0,Move_Left,pressed
606.797,musicking,89.6649627685547,-585.072692871094,-180.0,0.0,osc_received,"value_[1, ""chain-jumps-combo-walk""]"
606.921,jump_input_pressed,71.6649627685547,-585.072692871094,-180.0,0.0,Jump,pressed
606.921,jump_executed,71.6649627685547,-585.072692871094,-180.0,-500.0,jump,x_71.6649627685547_y_-585.072692871094
607.196,jump_peak_reached,20.6625862121582,-676.314880371094,-180.0,74.0740737915039,jump_peak,x_20.6625862121582_y_-676.314880371094
607.288,jump_input_released,5.6625862121582,-663.96923828125,-180.0,259.259246826172,Jump,released
607.363,platform_landed,-2.17074680328369,-635.988891601562,0.0,0.0,land_on_platform,platform_scene-1/Tile Map/-1_-35_layer_Tile Map_tile_-1_-35_source_1_atlas_13_6
607.364,landed,-2.17074680328369,-635.988891601562,0.0,0.0,land,surface_wood_impact_0.88888897705078
607.521,jump_input_pressed,-2.17074680328369,-635.988891601562,0.0,0.0,Jump,pressed
607.522,jump_executed,-2.17074680328369,-635.988891601562,0.0,-500.0,jump,x_-2.17074680328369_y_-635.988891601562
607.656,move_right_pressed,-2.17074680328369,-693.104919433594,15.0,-335.333251953125,Move_Right,pressed
607.855,jump_input_released,17.3292541503906,-738.169738769531,180.0,-94.9998931884766,Jump,released
607.954,jump_peak_reached,35.3292541503906,-742.46142578125,180.0,46.2038116455078,jump_peak,x_35.3292541503906_y_-742.46142578125
608.096,platform_landed,61.1625900268555,-711.066772460938,13.3333311080933,0.0,land_on_platform,platform_scene-1/Tile Map/3_-39_layer_Tile Map_tile_3_-39_source_1_atlas_3_0
608.096,landed,61.1625900268555,-711.066772460938,13.3333311080933,0.0,land,surface_wood_impact_0.75907434082031
608.189,move_left_pressed,61.1625900268555,-711.066772460938,-33.3333320617676,0.0,Move_Left,pressed
608.254,jump_input_pressed,55.6070327758789,-711.066772460938,-166.666656494141,0.0,Jump,pressed
608.254,jump_executed,55.6070327758789,-711.066772460938,-166.666656494141,-500.0,jump,x_55.6070327758789_y_-711.066772460938
608.63,jump_input_released,-13.1731605529785,-817.023071289062,-96.6666641235352,-36.1665573120117,Jump,released
608.679,jump_peak_reached,-15.0064935684204,-817.789733886719,0.0,42.5371475219727,jump_peak,x_-15.0064935684204_y_-817.789733886719
608.755,move_right_pressed,-15.0064935684204,-811.250244140625,15.0,190.685302734375,Move_Right,pressed
608.78,platform_landed,-13.5064935684204,-801.06640625,45.0,0.0,land_on_platform,platform_scene-1/Tile Map/-1_-44_layer_Tile Map_tile_-1_-44_source_1_atlas_3_0
608.78,landed,-13.5064935684204,-801.06640625,45.0,0.0,land,surface_wood_impact_0.52951873779297
608.889,jump_input_pressed,-1.95093607902527,-801.06640625,180.0,0.0,Jump,pressed
608.889,jump_executed,-1.95093607902527,-801.06640625,180.0,-500.0,jump,x_-1.95093607902527_y_-801.06640625
609.255,jump_input_released,64.0517272949219,-906.072875976562,180.0,-55.722110748291,Jump,released
609.313,jump_peak_reached,76.0517272949219,-907.704345703125,180.0,43.8149261474609,jump_peak,x_76.0517272949219_y_-907.704345703125
609.588,platform_landed,104.885063171387,-816.021423339844,0.0,0.0,land_on_platform,platform_scene-1/Tile Map/5_-45_layer_Tile Map_tile_5_-45_source_1_atlas_13_6
609.588,landed,104.885063171387,-816.021423339844,0.0,0.0,land,surface_wood_impact_1.27281518554688
609.73,jump_input_pressed,104.885063171387,-816.021423339844,0.0,0.0,Jump,pressed
609.731,jump_executed,104.885063171387,-816.021423339844,0.0,-500.0,jump,x_104.885063171387_y_-816.021423339844
609.789,move_right_pressed,104.885063171387,-840.022277832031,15.0,-437.833282470703,Move_Right,pressed
610.079,jump_input_released,142.385070800781,-919.777770996094,180.0,-75.3332214355469,Jump,released
610.163,jump_peak_reached,157.385070800781,-922.583251953125,180.0,45.0371475219727,jump_peak,x_157.385070800781_y_-922.583251953125
610.456,platform_landed,211.385070800781,-819.066162109375,180.0,0.0,land_on_platform,platform_scene-1/Tile Map/11_-45_layer_Tile Map_tile_11_-45_source_1_atlas_14_7
610.456,landed,211.385070800781,-819.066162109375,180.0,0.0,land,surface_wood_impact_1.34933374023438
610.621,move_right_pressed,216.218414306641,-819.066162109375,33.3333320617676,0.0,Move_Right,pressed
610.655,jump_input_pressed,217.88508605957,-819.074768066406,100.0,0.0,Jump,pressed
610.655,jump_executed,217.88508605957,-819.074768066406,100.0,-500.0,jump,x_217.88508605957_y_-819.074768066406
611.088,jump_peak_reached,291.635345458984,-925.904479980469,180.0,39.8149261474609,jump_peak,x_291.635345458984_y_-925.904479980469
611.322,jump_input_released,333.635345458984,-860.441467285156,180.0,558.33349609375,Jump,released
611.389,platform_landed,348.569946289062,-816.106628417969,180.0,0.0,land_on_platform,platform_scene-1/Tile Map/19_-45_layer_Tile Map_tile_19_-45_source_1_atlas_14_6
611.389,landed,348.569946289062,-816.106628417969,180.0,0.0,land,surface_wood_impact_1.41296337890625
611.456,move_right_pressed,352.953491210938,-817.058471679688,46.6666641235352,0.0,Move_Right,pressed
611.488,jump_input_pressed,355.064605712891,-816.978393554688,113.333335876465,0.0,Jump,pressed
611.489,jump_executed,355.064605712891,-816.978393554688,113.333335876465,-500.0,jump,x_355.064605712891_y_-816.978393554688
611.663,move_left_pressed,372.17529296875,-889.875427246094,0.0,-274.499877929688,Move_Left,pressed
611.829,move_right_pressed,369.67529296875,-920.764282226562,15.0,-75.3332214355469,Move_Right,pressed
611.889,jump_input_released,371.17529296875,-923.615234375,60.0,-16.6665554046631,Jump,released
611.921,jump_peak_reached,373.42529296875,-923.823547363281,90.0,41.2038154602051,jump_peak,x_373.42529296875_y_-923.823547363281
612.063,platform_landed,398.178558349609,-891.072204589844,180.0,0.0,land_on_platform,platform_scene-1/Tile Map/22_-49_layer_Tile Map_tile_22_-49_source_1_atlas_2_0
612.063,landed,398.178558349609,-891.072204589844,180.0,0.0,land,surface_wood_impact_0.74907434082031
612.222,move_left_pressed,400.011901855469,-891.072204589844,-33.3333320617676,0.0,Move_Left,pressed
612.289,jump_input_pressed,394.456359863281,-891.072204589844,-166.666656494141,0.0,Jump,pressed
612.289,jump_executed,394.456359863281,-891.072204589844,-166.666656494141,-500.0,jump,x_394.456359863281_y_-891.072204589844
612.395,jump_peak_reached,376.672210693359,-929.9501953125,-97.4139251708984,92.3506546020508,jump_peak,x_376.672210693359_y_-929.9501953125
612.589,jump_input_released,349.569702148438,-879.068603515625,-13.3333311080933,499.758117675781,Jump,released
612.655,move_right_pressed,349.347473144531,-842.047729492188,15.0,647.906311035156,Move_Right,pressed
612.69,platform_landed,349.210815429688,-816.049255371094,45.0,0.0,land_on_platform,platform_scene-1/Tile Map/19_-45_layer_Tile Map_tile_19_-45_source_1_atlas_14_6
612.69,landed,349.210815429688,-816.049255371094,45.0,0.0,land,surface_wood_impact_1.44396081542969
613.056,jump_input_pressed,355.3818359375,-817.044372558594,0.0,0.0,Jump,pressed
613.056,jump_executed,355.3818359375,-817.044372558594,0.0,-500.0,jump,x_355.3818359375_y_-817.044372558594
613.147,move_right_pressed,355.3818359375,-861.895568847656,15.0,-376.166595458984,Move_Right,pressed
613.488,jump_peak_reached,398.8818359375,-923.880737304688,180.0,39.8149261474609,jump_peak,x_398.8818359375_y_-923.880737304688
613.488,jump_input_released,398.8818359375,-923.880737304688,180.0,39.8149261474609,Jump,released
613.63,platform_landed,406.715179443359,-891.021911621094,0.0,0.0,land_on_platform,platform_scene-1/Tile Map/22_-49_layer_Tile Map_tile_22_-49_source_1_atlas_2_0
613.63,landed,406.715179443359,-891.021911621094,0.0,0.0,land,surface_wood_impact_0.74629656982422
613.689,jump_input_pressed,406.715179443359,-891.021911621094,0.0,0.0,Jump,pressed
613.689,jump_executed,406.715179443359,-891.021911621094,0.0,-500.0,jump,x_406.715179443359_y_-891.021911621094
613.856,move_left_pressed,406.715179443359,-958.981079101562,-15.0,-294.722106933594,Move_Left,pressed
614.122,jump_peak_reached,375.215179443359,-997.897705078125,-180.0,39.8149261474609,jump_peak,x_375.215179443359_y_-997.897705078125
614.122,jump_input_released,375.215179443359,-997.897705078125,-180.0,39.8149261474609,Jump,released
614.288,platform_landed,367.3818359375,-960.06591796875,0.0,0.0,land_on_platform,platform_scene-1/Tile Map/20_-53_layer_Tile Map_tile_20_-53_source_1_atlas_14_6
614.288,landed,367.3818359375,-960.06591796875,0.0,0.0,land,surface_wood_impact_0.82037066650391
614.323,move_right_pressed,367.3818359375,-960.06591796875,33.3333320617676,0.0,Move_Right,pressed
614.354,jump_input_pressed,368.745178222656,-960.714599609375,100.0,0.0,Jump,pressed
614.354,jump_executed,368.745178222656,-960.714599609375,100.0,-500.0,jump,x_368.745178222656_y_-960.714599609375
614.79,jump_peak_reached,442.4951171875,-1067.54321289062,180.0,39.8149261474609,jump_peak,x_442.4951171875_y_-1067.54321289062
614.871,jump_input_released,457.4951171875,-1058.05249023438,180.0,225.000106811523,Jump,released
615.021,coin_collected,474.328460693359,-1002.08020019531,0.0,521.296447753906,collect_coin,coin_coin21_score_30
615.057,platform_landed,474.328460693359,-981.019653320312,0.0,0.0,land_on_platform,platform_scene-1/Tile Map/26_-54_layer_Tile Map_tile_26_-54_source_1_atlas_2_0
615.058,landed,474.328460693359,-981.019653320312,0.0,0.0,land,surface_wood_impact_1.26481518554687
615.225,jump_input_pressed,474.328460693359,-981.019653320312,0.0,0.0,Jump,pressed
615.225,jump_executed,474.328460693359,-981.019653320312,0.0,-500.0,jump,x_474.328460693359_y_-981.019653320312
615.358,move_right_pressed,474.328460693359,-1038.12426757812,15.0,-335.333251953125,Move_Right,pressed
615.591,jump_input_released,499.828460693359,-1086.06774902344,180.0,-55.722110748291,Jump,released
615.656,jump_peak_reached,511.828460693359,-1087.69921875,180.0,43.8149261474609,jump_peak,x_511.828460693359_y_-1087.69921875
615.838,move_left_pressed,531.661804199219,-1045.7158203125,-15.0,451.222381591797,Move_Left,pressed
615.924,platform_landed,529.794677734375,-995.655395507812,-90.0,0.0,land_on_platform,platform_scene-1/Tile Map/28_-55_layer_Tile Map_tile_28_-55_source_1_atlas_0_0
615.924,landed,529.794677734375,-995.655395507812,-90.0,0.0,land,surface_wood_impact_1.27281518554688
616.29,move_left_pressed,530.17529296875,-921.728759765625,-15.0,592.592651367188,Move_Left,pressed
616.621,platform_landed,528.67529296875,-585.006408691406,0.0,0.0,land_on_platform,platform_scene-1/Tile Map/29_-32_layer_Tile Map_tile_29_-32_source_1_atlas_1_0
616.621,landed,528.67529296875,-585.006408691406,0.0,0.0,land,surface_wood_impact_2.66666625976563
617.254,jump_input_pressed,528.67529296875,-585.006408691406,0.0,0.0,Jump,pressed
617.254,jump_executed,528.67529296875,-585.006408691406,0.0,-500.0,jump,x_528.67529296875_y_-585.006408691406
617.271,jump_peak_reached,528.67529296875,-593.401245117188,-15.0,-479.222198486328,jump_peak,x_528.67529296875_y_-593.401245117188
617.271,move_left_pressed,528.67529296875,-593.401245117188,-15.0,-479.222198486328,Move_Left,pressed
617.605,jump_input_released,485.17529296875,-688.790100097656,-180.0,-75.3332214355469,Jump,released
618.005,platform_landed,456.341949462891,-564.076354980469,0.0,0.0,land_on_platform,platform_scene-1/Tile Map/25_-31_layer_Tile Map_tile_25_-31_source_1_atlas_14_6
618.005,landed,456.341949462891,-564.076354980469,0.0,0.0,land,surface_wood_impact_1.49748193359375
618.139,move_left_pressed,456.341949462891,-564.076354980469,-33.3333320617676,0.0,Move_Left,pressed
618.238,jump_input_pressed,445.006652832031,-564.025695800781,-180.0,0.0,Jump,pressed
618.238,jump_executed,445.006652832031,-564.025695800781,-180.0,-500.0,jump,x_445.006652832031_y_-564.025695800781
618.671,jump_peak_reached,366.996612548828,-670.882202148438,-180.0,39.8149261474609,jump_peak,x_366.996612548828_y_-670.882202148438
618.763,jump_input_released,351.996612548828,-661.391479492188,-180.0,225.000106811523,Jump,released
618.938,platform_landed,316.003509521484,-582.05615234375,-180.0,0.0,land_on_platform,platform_scene-1/Tile Map/17_-32_layer_Tile Map_tile_17_-32_source_1_atlas_13_6
618.938,landed,316.003509521484,-582.05615234375,-180.0,0.0,land,surface_wood_impact_1.26481518554687
619.022,jump_input_pressed,304.003784179688,-582.090881347656,-180.0,0.0,Jump,pressed
619.022,jump_executed,304.003784179688,-582.090881347656,-180.0,-500.0,jump,x_304.003784179688_y_-582.090881347656
619.355,jump_input_released,244.002349853516,-684.215148925781,-180.0,-94.9998931884766,Jump,released
619.446,jump_peak_reached,226.002349853516,-688.5068359375,-180.0,46.2038116455078,jump_peak,x_226.002349853516_y_-688.5068359375
619.73,platform_landed,172.666732788086,-582.848449707031,-180.0,0.0,land_on_platform,platform_scene-1/Tile Map/9_-32_layer_Tile Map_tile_9_-32_source_1_atlas_14_6
619.73,landed,172.666732788086,-582.848449707031,-180.0,0.0,land,surface_wood_impact_1.35166711425781
619.79,jump_input_pressed,166.731643676758,-582.973327636719,-96.6666641235352,0.0,Jump,pressed
619.79,jump_executed,166.731643676758,-582.973327636719,-96.6666641235352,-500.0,jump,x_166.731643676758_y_-582.973327636719
619.796,jump_peak_reached,165.108520507812,-591.369689941406,-13.3333311080933,-479.222198486328,jump_peak,x_165.108520507812_y_-591.369689941406
619.997,move_left_pressed,164.886291503906,-664.706726074219,-15.0,-234.222106933594,Move_Left,pressed
620.196,jump_input_released,145.386291503906,-689.910400390625,-180.0,2.77788853645325,Jump,released
620.496,platform_landed,125.552955627441,-603.031677246094,0.0,0.0,land_on_platform,platform_scene-1/Tile Map/6_-33_layer_Tile Map_tile_6_-33_source_1_atlas_0_0
620.496,landed,125.552955627441,-603.031677246094,0.0,0.0,land,surface_wood_impact_1.26481518554687
620.954,jump_input_pressed,125.552955627441,-603.031677246094,0.0,0.0,Jump,pressed
620.954,jump_executed,125.552955627441,-603.031677246094,0.0,-500.0,jump,x_125.552955627441_y_-603.031677246094
620.997,move_left_pressed,125.552955627441,-627.037902832031,-15.0,-437.833282470703,Move_Left,pressed
621.355,platform_landed,76.2697906494141,-710.289733886719,-180.0,-18.0554447174072,land_on_platform,platform_scene-1/Tile Map/3_-39_layer_Tile Map_tile_3_-39_source_1_atlas_3_0
621.355,landed,76.2697906494141,-710.289733886719,-180.0,-18.0554447174072,land,surface_wood_impact_0.03611088943481
621.389,jump_input_released,73.6540908813477,-711.446899414062,-180.0,-18.0554447174072,Jump,released
621.421,jump_peak_reached,67.6540908813477,-711.701477050781,-180.0,39.8149261474609,jump_peak,x_67.6540908813477_y_-711.701477050781
621.43,platform_landed,61.6540946960449,-711.066284179688,-180.0,0.0,land_on_platform,platform_scene-1/Tile Map/3_-39_layer_Tile Map_tile_3_-39_source_1_atlas_3_0
621.43,landed,61.6540946960449,-711.066284179688,-180.0,0.0,land,surface_wood_impact_0.15370393371582
621.522,musicking,46.6540946960449,-711.066284179688,-180.0,0.0,osc_received,"value_[1, ""chain-jumps-combo-walk""]"
621.925,jump_input_pressed,38.8207626342773,-711.066284179688,0.0,0.0,Jump,pressed
621.925,jump_executed,38.8207626342773,-711.066284179688,0.0,-500.0,jump,x_38.8207626342773_y_-711.066284179688
622.097,move_left_pressed,38.8207626342773,-783.909057617188,-15.0,-274.499877929688,Move_Left,pressed
622.354,jump_peak_reached,10.3207626342773,-817.903442382812,-180.0,39.8149261474609,jump_peak,x_10.3207626342773_y_-817.903442382812
622.389,jump_input_released,4.32076263427734,-815.958984375,-180.0,113.889007568359,Jump,released
622.455,platform_landed,-10.679238319397,-801.066345214844,-180.0,0.0,land_on_platform,platform_scene-1/Tile Map/-1_-44_layer_Tile Map_tile_-1_-44_source_1_atlas_3_0
622.455,landed,-10.679238319397,-801.066345214844,-180.0,0.0,land,surface_wood_impact_0.52407427978516
622.589,move_right_pressed,-15.5125722885132,-801.066345214844,33.3333320617676,0.0,Move_Right,pressed
622.664,jump_input_pressed,-7.17923831939697,-801.066345214844,180.0,0.0,Jump,pressed
622.664,jump_executed,-7.17923831939697,-801.066345214844,180.0,-500.0,jump,x_-7.17923831939697_y_-801.066345214844
623.096,jump_peak_reached,70.8234481811523,-907.902465820312,180.0,39.8149261474609,jump_peak,x_70.8234481811523_y_-907.902465820312
623.097,jump_input_released,70.8234481811523,-907.902465820312,180.0,39.8149261474609,Jump,released
623.363,platform_landed,99.6567840576172,-816.005920410156,0.0,0.0,land_on_platform,platform_scene-1/Tile Map/5_-45_layer_Tile Map_tile_5_-45_source_1_atlas_13_6
623.364,landed,99.6567840576172,-816.005920410156,0.0,0.0,land,surface_wood_impact_1.26481518554687
623.522,move_right_pressed,99.6567840576172,-816.005920410156,33.3333320617676,0.0,Move_Right,pressed
623.58,jump_input_pressed,105.212409973145,-816.057678222656,166.666656494141,0.0,Jump,pressed
623.58,jump_executed,105.212409973145,-816.057678222656,166.666656494141,-500.0,jump,x_105.212409973145_y_-816.057678222656
623.989,jump_input_released,176.990570068359,-922.632873535156,180.0,-16.6665554046631,Jump,released
624.022,jump_peak_reached,182.990570068359,-922.841186523438,180.0,41.2038154602051,jump_peak,x_182.990570068359_y_-922.841186523438
624.296,platform_landed,208.823913574219,-819.00537109375,0.0,0.0,land_on_platform,platform_scene-1/Tile Map/11_-45_layer_Tile Map_tile_11_-45_source_1_atlas_14_7
624.296,landed,208.823913574219,-819.00537109375,0.0,0.0,land,surface_wood_impact_1.34166711425781
624.389,move_right_pressed,208.823913574219,-819.00537109375,33.3333320617676,0.0,Move_Right,pressed
624.522,jump_input_pressed,226.157257080078,-819.06689453125,180.0,0.0,Jump,pressed
624.522,jump_executed,226.157257080078,-819.06689453125,180.0,-500.0,jump,x_226.157257080078_y_-819.06689453125
624.83,jump_input_released,283.159790039062,-919.263732910156,180.0,-114.722114562988,Jump,released
624.929,jump_peak_reached,301.159790039062,-924.055419921875,180.0,41.2037048339844,jump_peak,x_301.159790039062_y_-924.055419921875
625.23,platform_landed,347.993133544922,-816.09765625,0.0,0.0,land_on_platform,platform_scene-1/Tile Map/19_-45_layer_Tile Map_tile_19_-45_source_1_atlas_14_6
625.23,landed,347.993133544922,-816.09765625,0.0,0.0,land,surface_wood_impact_1.41574096679688
625.489,jump_input_pressed,347.993133544922,-816.09765625,0.0,0.0,Jump,pressed
625.489,jump_executed,347.993133544922,-816.09765625,0.0,-500.0,jump,x_347.993133544922_y_-816.09765625
625.579,move_right_pressed,347.993133544922,-860.953430175781,15.0,-376.166595458984,Move_Right,pressed
625.889,jump_input_released,385.493133544922,-922.684020996094,180.0,-16.6665554046631,Jump,released
625.921,jump_peak_reached,391.493133544922,-922.892333984375,180.0,41.2038154602051,jump_peak,x_391.493133544922_y_-922.892333984375
626.063,platform_landed,396.326477050781,-891.002685546875,0.0,0.0,land_on_platform,platform_scene-1/Tile Map/21_-49_layer_Tile Map_tile_21_-49_source_1_atlas_1_0
626.064,landed,396.326477050781,-891.002685546875,0.0,0.0,land,surface_wood_impact_0.74907434082031
626.155,jump_input_pressed,396.326477050781,-891.002685546875,0.0,0.0,Jump,pressed
626.155,jump_executed,396.326477050781,-891.002685546875,0.0,-500.0,jump,x_396.326477050781_y_-891.002685546875
626.356,move_left_pressed,396.326477050781,-968.487976074219,-15.0,-254.333206176758,Move_Left,pressed
626.556,jump_input_released,376.826477050781,-997.641662597656,-180.0,-16.6665554046631,Jump,released
626.589,jump_peak_reached,370.826477050781,-997.849975585938,-96.6666641235352,41.2038154602051,jump_peak,x_370.826477050781_y_-997.849975585938
626.755,platform_landed,368.993133544922,-960.686157226562,0.0,0.0,land_on_platform,platform_scene-1/Tile Map/20_-53_layer_Tile Map_tile_20_-53_source_1_atlas_14_6
626.755,landed,368.993133544922,-960.686157226562,0.0,0.0,land,surface_wood_impact_0.8231484375
626.821,move_right_pressed,368.993133544922,-960.686157226562,33.3333320617676,0.0,Move_Right,pressed
626.889,jump_input_pressed,374.478973388672,-960.974670410156,166.666656494141,0.0,Jump,pressed
626.889,jump_executed,374.478973388672,-960.974670410156,166.666656494141,-500.0,jump,x_374.478973388672_y_-960.974670410156
626.896,musicking,380.2763671875,-977.356689453125,180.0,-479.333312988281,osc_received,"value_[1, ""chain-jumps-combo-walk""]"
627.313,jump_peak_reached,452.2763671875,-1067.86218261719,180.0,39.8149261474609,jump_peak,x_452.2763671875_y_-1067.86218261719
627.53,jump_input_released,491.2763671875,-1011.08746337891,180.0,521.296447753906,Jump,released
627.589,platform_landed,497.925170898438,-981.02978515625,0.0,0.0,land_on_platform,platform_scene-1/Tile Map/27_-54_layer_Tile Map_tile_27_-54_source_1_atlas_3_0
627.589,landed,497.925170898438,-981.02978515625,0.0,0.0,land,surface_wood_impact_1.26481518554687
627.854,jump_input_pressed,497.925170898438,-981.02978515625,0.0,0.0,Jump,pressed
627.854,jump_executed,497.925170898438,-981.02978515625,0.0,-500.0,jump,x_497.925170898438_y_-981.02978515625
628.023,move_right_pressed,497.924041748047,-1048.94177246094,15.0,-294.722106933594,Move_Right,pressed
628.031,jump_input_released,498.174041748047,-1053.86401367188,30.0,-274.499877929688,Jump,released
628.131,jump_peak_reached,503.28515625,-1058.65563964844,0.0,41.2037048339844,jump_peak,x_503.28515625_y_-1058.65563964844
628.356,platform_landed,503.28515625,-998.789672851562,0.0,0.0,land_on_platform,platform_scene-1/Tile Map/28_-55_layer_Tile Map_tile_28_-55_source_1_atlas_0_0
628.356,landed,503.28515625,-998.789672851562,0.0,0.0,land,surface_wood_impact_1.04537048339844
628.422,move_right_pressed,503.28515625,-998.789672851562,33.3333320617676,0.0,Move_Right,pressed
628.723,move_right_pressed,516.415405273438,-999.069091796875,33.3333320617676,0.0,Move_Right,pressed
628.723,jump_input_pressed,516.415405273438,-999.069091796875,33.3333320617676,0.0,Jump,pressed
628.723,jump_executed,516.415405273438,-999.069091796875,33.3333320617676,-500.0,jump,x_516.415405273438_y_-999.069091796875
629.13,jump_input_released,578.221252441406,-1105.95007324219,180.0,2.77788853645325,Jump,released
629.154,jump_peak_reached,581.221252441406,-1105.90380859375,180.0,39.8149261474609,jump_peak,x_581.221252441406_y_-1105.90380859375
629.389,platform_landed,595.054565429688,-1032.0439453125,0.0,0.0,land_on_platform,platform_scene-1/Tile Map/33_-57_layer_Tile Map_tile_33_-57_source_1_atlas_14_6
629.389,landed,595.054565429688,-1032.0439453125,0.0,0.0,land,surface_wood_impact_1.1166669921875
629.555,jump_input_pressed,595.054565429688,-1032.0439453125,0.0,0.0,Jump,pressed
629.555,jump_executed,595.054565429688,-1032.0439453125,0.0,-500.0,jump,x_595.054565429688_y_-1032.0439453125
629.563,jump_peak_reached,595.054565429688,-1040.40319824219,0.0,-479.222198486328,jump_peak,x_595.054565429688_y_-1040.40319824219
629.654,move_right_pressed,595.054565429688,-1076.91247558594,15.0,-376.166595458984,Move_Right,pressed
629.964,jump_input_released,635.554565429688,-1138.94384765625,180.0,2.77788853645325,Jump,released
630.19,platform_landed,643.387878417969,-1089.02734375,0.0,0.0,land_on_platform,platform_scene-1/Tile Map/35_-60_layer_Tile Map_tile_35_-60_source_1_atlas_1_0
630.19,landed,643.387878417969,-1089.02734375,0.0,0.0,land,surface_wood_impact_0.96851885986328
630.289,jump_input_pressed,643.387878417969,-1089.02734375,0.0,0.0,Jump,pressed
630.289,jump_executed,643.387878417969,-1089.02734375,0.0,-500.0,jump,x_643.387878417969_y_-1089.02734375
630.331,move_left_pressed,643.387878417969,-1113.037109375,-15.0,-437.833282470703,Move_Left,pressed
630.722,jump_peak_reached,590.887878417969,-1195.89819335938,-180.0,39.8149261474609,jump_peak,x_590.887878417969_y_-1195.89819335938
630.883,jump_input_released,560.887878417969,-1161.48461914062,-180.0,410.185333251953,Jump,released
630.924,platform_landed,556.054565429688,-1143.06689453125,-13.3333311080933,0.0,land_on_platform,platform_scene-1/Tile Map/30_-63_layer_Tile Map_tile_30_-63_source_1_atlas_1_0
630.924,landed,556.054565429688,-1143.06689453125,-13.3333311080933,0.0,land,surface_wood_impact_0.96851885986328
631.064,jump_input_pressed,556.054565429688,-1143.06689453125,0.0,0.0,Jump,pressed
631.064,jump_executed,556.054565429688,-1143.06689453125,0.0,-500.0,jump,x_556.054565429688_y_-1143.06689453125
631.256,move_left_pressed,556.054565429688,-1215.90893554688,-15.0,-274.499877929688,Move_Left,pressed
631.496,jump_peak_reached,527.554565429688,-1249.9033203125,-180.0,39.8149261474609,jump_peak,x_527.554565429688_y_-1249.9033203125
631.555,jump_input_released,518.554565429688,-1246.06066894531,-180.0,150.926040649414,Jump,released
631.663,platform_landed,510.721221923828,-1215.0224609375,0.0,0.0,land_on_platform,platform_scene-1/Tile Map/28_-67_layer_Tile Map_tile_28_-67_source_1_atlas_0_0
631.663,landed,510.721221923828,-1215.0224609375,0.0,0.0,land,surface_wood_impact_0.82037066650391
631.789,move_left_pressed,510.721221923828,-1215.0224609375,-33.3333320617676,0.0,Move_Left,pressed
631.789,jump_input_pressed,510.721221923828,-1215.0224609375,-33.3333320617676,0.0,Jump,pressed
631.789,jump_executed,510.721221923828,-1215.0224609375,-33.3333320617676,-500.0,jump,x_510.721221923828_y_-1215.0224609375
632.056,jump_input_released,475.912689208984,-1307.49108886719,-180.0,-174.222106933594,Jump,released
632.096,jump_peak_reached,466.911041259766,-1309.38842773438,-180.0,74.0740737915039,jump_peak,x_466.911041259766_y_-1309.38842773438
632.363,platform_landed,459.077697753906,-1215.02954101562,0.0,0.0,land_on_platform,platform_scene-1/Tile Map/25_-67_layer_Tile Map_tile_25_-67_source_1_atlas_0_0
632.364,landed,459.077697753906,-1215.02954101562,0.0,0.0,land,surface_wood_impact_1.33333349609375
632.58,move_left_pressed,459.077697753906,-1215.02954101562,-33.3333320617676,0.0,Move_Left,pressed
632.655,jump_input_pressed,453.522155761719,-1215.02954101562,-166.666656494141,0.0,Jump,pressed
632.655,jump_executed,453.522155761719,-1215.02954101562,-166.666656494141,-500.0,jump,x_453.522155761719_y_-1215.02954101562
632.955,jump_peak_reached,399.730621337891,-1309.38854980469,-180.0,74.0740737915039,jump_peak,x_399.730621337891_y_-1309.38854980469
633.255,jump_input_released,345.730621337891,-1192.72192382812,-180.0,740.740844726562,Jump,released
633.263,platform_landed,339.730621337891,-1179.06713867188,-180.0,0.0,land_on_platform,platform_scene-1/Tile Map/18_-65_layer_Tile Map_tile_18_-65_source_1_atlas_3_0
633.263,landed,339.730621337891,-1179.06713867188,-180.0,0.0,land,surface_wood_impact_1.55555578613281
633.646,move_left_pressed,334.897277832031,-1179.06713867188,-33.3333320617676,0.0,Move_Left,pressed
633.79,jump_input_pressed,317.56396484375,-1179.06713867188,-180.0,0.0,Jump,pressed
633.79,jump_executed,317.56396484375,-1179.06713867188,-180.0,-500.0,jump,x_317.56396484375_y_-1179.06713867188
634.222,jump_peak_reached,239.561553955078,-1285.90246582031,-180.0,39.8149261474609,jump_peak,x_239.561553955078_y_-1285.90246582031
634.354,jump_input_released,215.561553955078,-1263.30981445312,-180.0,336.111236572266,Jump,released
634.455,platform_landed,201.728210449219,-1215.02331542969,0.0,0.0,land_on_platform,platform_scene-1/Tile Map/11_-67_layer_Tile Map_tile_11_-67_source_1_atlas_0_0
634.455,landed,201.728210449219,-1215.02331542969,0.0,0.0,land,surface_wood_impact_1.1166669921875
634.596,jump_input_pressed,201.728210449219,-1215.02331542969,0.0,0.0,Jump,pressed
634.596,jump_executed,201.728210449219,-1215.02331542969,0.0,-500.0,jump,x_201.728210449219_y_-1215.02331542969
634.689,move_left_pressed,201.728210449219,-1253.2958984375,-15.0,-396.666595458984,Move_Left,pressed
635.029,jump_peak_reached,155.228210449219,-1321.89770507812,-180.0,39.8149261474609,jump_peak,x_155.228210449219_y_-1321.89770507812
635.055,jump_input_released,152.228210449219,-1321.23413085938,-180.0,76.8519668579102,Jump,released
635.23,platform_landed,144.394866943359,-1269.00085449219,0.0,0.0,land_on_platform,platform_scene-1/Tile Map/7_-70_layer_Tile Map_tile_7_-70_source_1_atlas_3_0
635.23,landed,144.394866943359,-1269.00085449219,0.0,0.0,land,surface_wood_impact_0.96851885986328
635.314,jump_input_pressed,144.394866943359,-1269.00085449219,0.0,0.0,Jump,pressed
635.314,jump_executed,144.394866943359,-1269.00085449219,0.0,-500.0,jump,x_144.394866943359_y_-1269.00085449219
635.422,move_left_pressed,144.394866943359,-1313.90966796875,-15.0,-376.166595458984,Move_Left,pressed
635.755,jump_peak_reached,100.894866943359,-1375.89477539062,-180.0,39.8149261474609,jump_peak,x_100.894866943359_y_-1375.89477539062
635.797,jump_input_released,91.8948669433594,-1372.05212402344,-180.0,150.926040649414,Jump,released
635.855,coin_collected,82.8948669433594,-1362.65405273438,-180.0,225.000106811523,collect_coin,coin_coin23_score_32
635.922,platform_landed,81.0615310668945,-1338.00952148438,0.0,0.0,land_on_platform,platform_scene-1/Tile Map/4_-74_layer_Tile Map_tile_4_-74_source_1_atlas_13_6
635.922,landed,81.0615310668945,-1338.00952148438,0.0,0.0,land,surface_wood_impact_0.82037066650391
635.956,move_right_pressed,81.0615310668945,-1338.00952148438,33.3333320617676,0.0,Move_Right,pressed
636.022,musicking,89.3949356079102,-1338.05871582031,166.666656494141,0.0,osc_received,"value_[1, ""chain-jumps-combo-walk""]"
636.097,jump_input_pressed,100.826026916504,-1339.45349121094,180.0,0.0,Jump,pressed
636.097,jump_executed,100.826026916504,-1339.45349121094,180.0,-500.0,jump,x_100.826026916504_y_-1339.45349121094
636.53,jump_peak_reached,178.826034545898,-1446.28210449219,180.0,39.8149261474609,jump_peak,x_178.826034545898_y_-1446.28210449219
636.663,jump_input_released,202.826034545898,-1423.689453125,180.0,336.111236572266,Jump,released
636.829,coin_collected,232.826034545898,-1339.89306640625,180.0,669.444641113281,collect_coin,coin_coin22_score_34
636.831,platform_landed,235.839141845703,-1338.04504394531,180.0,0.0,land_on_platform,platform_scene-1/Tile Map/13_-74_layer_Tile Map_tile_13_-74_source_1_atlas_13_6
636.831,landed,235.839141845703,-1338.04504394531,180.0,0.0,land,surface_wood_impact_1.41296337890625
636.964,jump_input_pressed,256.839263916016,-1338.04809570312,180.0,0.0,Jump,pressed
636.964,jump_executed,256.839263916016,-1338.04809570312,180.0,-500.0,jump,x_256.839263916016_y_-1338.04809570312
637.396,jump_peak_reached,334.845886230469,-1444.89514160156,180.0,39.8149261474609,jump_peak,x_334.845886230469_y_-1444.89514160156
637.396,jump_input_released,334.845886230469,-1444.89514160156,180.0,39.8149261474609,Jump,released
637.496,platform_landed,342.679229736328,-1428.02075195312,0.0,0.0,land_on_platform,platform_scene-1/Tile Map/18_-79_layer_Tile Map_tile_18_-79_source_1_atlas_14_6
637.496,landed,342.679229736328,-1428.02075195312,0.0,0.0,land,surface_wood_impact_0.52407427978516
637.522,move_left_pressed,342.679229736328,-1428.02075195312,-33.3333320617676,0.0,Move_Left,pressed
637.555,jump_input_pressed,341.013092041016,-1428.08581542969,-100.0,0.0,Jump,pressed
637.555,jump_executed,341.013092041016,-1428.08581542969,-100.0,-500.0,jump,x_341.013092041016_y_-1428.08581542969
637.988,jump_peak_reached,267.262786865234,-1534.91625976562,-180.0,39.8149261474609,jump_peak,x_267.262786865234_y_-1534.91625976562
638.055,jump_input_released,255.262786865234,-1528.55822753906,-180.0,187.963073730469,Jump,released
638.18,platform_landed,247.429443359375,-1482.99670410156,0.0,0.0,land_on_platform,platform_scene-1/Tile Map/13_-82_layer_Tile Map_tile_13_-82_source_1_atlas_14_6
638.18,landed,247.429443359375,-1482.99670410156,0.0,0.0,land,surface_wood_impact_0.96851885986328
638.289,jump_input_pressed,247.429443359375,-1482.99670410156,0.0,0.0,Jump,pressed
638.289,jump_executed,247.429443359375,-1482.99670410156,0.0,-500.0,jump,x_247.429443359375_y_-1482.99670410156
638.356,move_right_pressed,247.429443359375,-1514.31420898438,15.0,-417.22216796875,Move_Right,pressed
638.722,jump_peak_reached,296.929443359375,-1589.87438964844,180.0,39.8149261474609,jump_peak,x_296.929443359375_y_-1589.87438964844
638.889,jump_input_released,326.929443359375,-1555.46081542969,180.0,410.185333251953,Jump,released
638.915,platform_landed,334.979644775391,-1536.86706542969,96.6666641235352,0.0,land_on_platform,platform_scene-1/Tile Map/18_-85_layer_Tile Map_tile_18_-85_source_1_atlas_14_6
638.915,landed,334.979644775391,-1536.86706542969,96.6666641235352,0.0,land,surface_wood_impact_0.96851885986328
639.014,move_left_pressed,335.201873779297,-1536.62878417969,-33.3333320617676,0.0,Move_Left,pressed
639.015,jump_input_pressed,335.201873779297,-1536.62878417969,-33.3333320617676,0.0,Jump,pressed
639.015,jump_executed,335.201873779297,-1536.62878417969,-33.3333320617676,-500.0,jump,x_335.201873779297_y_-1536.62878417969
639.456,jump_peak_reached,270.392608642578,-1643.51489257812,-180.0,39.8149261474609,jump_peak,x_270.392608642578_y_-1643.51489257812
639.564,jump_input_released,249.392608642578,-1625.90686035156,-96.6666641235352,299.074188232422,Jump,released
639.654,platform_landed,247.559265136719,-1590.99633789062,0.0,0.0,land_on_platform,platform_scene-1/Tile Map/13_-88_layer_Tile Map_tile_13_-88_source_1_atlas_14_6
639.655,landed,247.559265136719,-1590.99633789062,0.0,0.0,land,surface_wood_impact_0.96851885986328
639.691,move_right_pressed,247.559265136719,-1590.99633789062,33.3333320617676,0.0,Move_Right,pressed
639.697,jump_input_pressed,248.114974975586,-1591.04382324219,66.6666641235352,0.0,Jump,pressed
639.697,jump_executed,248.114974975586,-1591.04382324219,66.6666641235352,-500.0,jump,x_248.114974975586_y_-1591.04382324219
640.13,jump_peak_reached,318.004669189453,-1697.87841796875,180.0,39.8149261474609,jump_peak,x_318.004669189453_y_-1697.87841796875
640.256,jump_input_released,339.004669189453,-1680.27038574219,96.6666641235352,299.074188232422,Jump,released
640.33,move_left_pressed,340.838012695312,-1649.17468261719,-15.0,484.259429931641,Move_Left,pressed
640.331,platform_landed,340.611145019531,-1644.08203125,-15.0,0.0,land_on_platform,platform_scene-1/Tile Map/18_-91_layer_Tile Map_tile_18_-91_source_1_atlas_14_6
640.331,landed,340.611145019531,-1644.08203125,-15.0,0.0,land,surface_wood_impact_0.96851885986328
640.39,jump_input_pressed,338.444610595703,-1644.09533691406,-115.0,0.0,Jump,pressed
640.39,jump_executed,338.444610595703,-1644.09533691406,-115.0,-500.0,jump,x_338.444610595703_y_-1644.09533691406
640.825,jump_peak_reached,263.358856201172,-1750.93469238281,-180.0,39.8149261474609,jump_peak,x_263.358856201172_y_-1750.93469238281
640.923,jump_input_released,249.525512695312,-1737.69396972656,0.0,262.037139892578,Jump,released
641.024,platform_landed,249.525512695312,-1698.98364257812,0.0,0.0,land_on_platform,platform_scene-1/Tile Map/13_-94_layer_Tile Map_tile_13_-94_source_1_atlas_14_6
641.024,landed,249.525512695312,-1698.98364257812,0.0,0.0,land,surface_wood_impact_0.96851885986328
641.056,jump_input_pressed,249.525512695312,-1698.98364257812,0.0,0.0,Jump,pressed
641.056,jump_executed,249.525512695312,-1698.98364257812,0.0,-500.0,jump,x_249.525512695312_y_-1698.98364257812
641.09,move_right_pressed,249.525512695312,-1715.361328125,15.0,-458.499969482422,Move_Right,pressed
641.488,jump_peak_reached,305.025512695312,-1805.86682128906,180.0,39.8149261474609,jump_peak,x_305.025512695312_y_-1805.86682128906
641.656,jump_input_released,335.025512695312,-1771.45324707031,96.6666641235352,410.185333251953,Jump,released
641.689,platform_landed,336.858856201172,-1752.0556640625,0.0,0.0,land_on_platform,platform_scene-1/Tile Map/18_-97_layer_Tile Map_tile_18_-97_source_1_atlas_14_6
641.689,landed,336.858856201172,-1752.0556640625,0.0,0.0,land,surface_wood_impact_0.96851885986328
641.764,jump_input_pressed,336.858856201172,-1752.0556640625,0.0,0.0,Jump,pressed
641.764,jump_executed,336.858856201172,-1752.0556640625,0.0,-500.0,jump,x_336.858856201172_y_-1752.0556640625
642.056,move_right_pressed,334.264312744141,-1846.22619628906,15.0,-154.333221435547,Move_Right,pressed
642.196,jump_peak_reached,345.514312744141,-1857.71313476562,150.0,39.8149261474609,jump_peak,x_345.514312744141_y_-1857.71313476562
642.223,jump_input_released,348.014312744141,-1857.04956054688,165.0,76.8519668579102,Jump,released
642.356,platform_landed,355.59765625,-1827.01647949219,0.0,0.0,land_on_platform,platform_scene-1/Tile Map/19_-101_layer_Tile Map_tile_19_-101_source_1_atlas_1_4
642.356,landed,355.59765625,-1827.01647949219,0.0,0.0,land,surface_wood_impact_0.74629656982422
642.389,move_left_pressed,355.59765625,-1827.01647949219,-33.3333320617676,0.0,Move_Left,pressed
642.464,jump_input_pressed,347.264343261719,-1827.01647949219,-180.0,0.0,Jump,pressed
642.464,jump_executed,347.264343261719,-1827.01647949219,-180.0,-500.0,jump,x_347.264343261719_y_-1827.01647949219
642.896,jump_peak_reached,269.247863769531,-1933.89099121094,-180.0,39.8149261474609,jump_peak,x_269.247863769531_y_-1933.89099121094
642.955,jump_input_released,261.636749267578,-1930.04833984375,-13.3333311080933,150.926040649414,Jump,released
643.096,coin_collected,261.414520263672,-1885.18725585938,0.0,447.222381591797,collect_coin,coin_coin25_score_36
643.13,platform_landed,261.414520263672,-1863.01184082031,0.0,0.0,land_on_platform,platform_scene-1/Tile Map/14_-103_layer_Tile Map_tile_14_-103_source_1_atlas_3_4
643.13,landed,261.414520263672,-1863.01184082031,0.0,0.0,land,surface_wood_impact_1.1166669921875
643.179,move_left_pressed,261.414520263672,-1863.01184082031,-33.3333320617676,0.0,Move_Left,pressed
643.255,musicking,253.081207275391,-1863.01184082031,-166.666656494141,0.0,osc_received,"value_[1, ""chain-jumps-combo-walk""]"
643.489,jump_input_pressed,245.247863769531,-1863.06762695312,0.0,0.0,Jump,pressed
643.489,jump_executed,245.247863769531,-1863.06762695312,0.0,-500.0,jump,x_245.247863769531_y_-1863.06762695312
643.531,move_left_pressed,245.247863769531,-1887.04235839844,-15.0,-437.833282470703,Move_Left,pressed
643.822,jump_input_released,210.747863769531,-1965.19519042969,-180.0,-94.9998931884766,Jump,released
643.922,jump_peak_reached,202.914520263672,-1969.48681640625,0.0,46.2038116455078,jump_peak,x_202.914520263672_y_-1969.48681640625
644.123,platform_landed,202.914520263672,-1917.01379394531,0.0,0.0,land_on_platform,platform_scene-1/Tile Map/11_-106_layer_Tile Map_tile_11_-106_source_1_atlas_15_7
644.123,landed,202.914520263672,-1917.01379394531,0.0,0.0,land,surface_wood_impact_0.98129663085938
644.222,jump_input_pressed,202.914520263672,-1917.01379394531,0.0,0.0,Jump,pressed
644.222,jump_executed,202.914520263672,-1917.01379394531,0.0,-500.0,jump,x_202.914520263672_y_-1917.01379394531
644.355,move_left_pressed,202.914520263672,-1974.12341308594,-15.0,-335.333251953125,Move_Left,pressed
644.356,top/checkpoint reached,202.914520263672,-1974.12341308594,-15.0,-335.833251953125,top/checkpoint,coins collected: 36
644.657,jump_peak_reached,165.414520263672,-2023.896484375,-180.0,39.8149261474609,jump_peak,x_165.414520263672_y_-2023.896484375
644.657,jump_input_released,165.414520263672,-2023.896484375,-180.0,39.8149261474609,Jump,released
644.789,move_right_pressed,157.581176757812,-2001.30383300781,15.0,336.111236572266,Move_Right,pressed
644.822,platform_landed,159.081176757812,-1989.06689453125,45.0,0.0,land_on_platform,platform_scene-1/Tile Map/8_-110_layer_Tile Map_tile_8_-110_source_1_atlas_2_4
644.822,landed,159.081176757812,-1989.06689453125,45.0,0.0,land,surface_wood_impact_0.82037066650391
644.897,musicking,170.636749267578,-1989.06689453125,180.0,0.0,osc_received,"value_[1, ""chain-jumps-combo-walk""]"
644.956,jump_input_pressed,176.636749267578,-1989.06689453125,180.0,0.0,Jump,pressed
644.956,jump_executed,176.636749267578,-1989.06689453125,180.0,-500.0,jump,x_176.636749267578_y_-1989.06689453125
645.38,jump_peak_reached,254.639236450195,-2095.90258789062,180.0,39.8149261474609,jump_peak,x_254.639236450195_y_-2095.90258789062
645.563,jump_input_released,281.92529296875,-2054.65283203125,15.0,447.222381591797,Jump,released
645.689,platform_landed,283.42529296875,-1989.01940917969,0.0,0.0,land_on_platform,platform_scene-1/Tile Map/15_-110_layer_Tile Map_tile_15_-110_source_1_atlas_2_4
645.689,landed,283.42529296875,-1989.01940917969,0.0,0.0,land,surface_wood_impact_1.41296337890625
645.822,move_right_pressed,283.42529296875,-1989.01940917969,33.3333320617676,0.0,Move_Right,pressed
646.457,jump_input_pressed,390.758605957031,-1989.07495117188,180.0,0.0,Jump,pressed
646.457,jump_executed,390.758605957031,-1989.07495117188,180.0,-500.0,jump,x_390.758605957031_y_-1989.07495117188
646.822,jump_input_released,456.758880615234,-2094.07495117188,180.0,-55.722110748291,Jump,released
646.888,jump_peak_reached,467.369995117188,-2095.70654296875,13.3333311080933,43.8149261474609,jump_peak,x_467.369995117188_y_-2095.70654296875
646.99,platform_landed,467.592224121094,-2079.00024414062,0.0,0.0,land_on_platform,platform_scene-1/Tile Map/25_-115_layer_Tile Map_tile_25_-115_source_1_atlas_0_0
646.99,landed,467.592224121094,-2079.00024414062,0.0,0.0,land,surface_wood_impact_0.53207427978516
647.097,jump_input_pressed,467.592224121094,-2079.00024414062,0.0,0.0,Jump,pressed
647.097,jump_executed,467.592224121094,-2079.00024414062,0.0,-500.0,jump,x_467.592224121094_y_-2079.00024414062
647.522,move_right_pressed,467.592224121094,-2185.94140625,15.0,2.77788853645325,Move_Right,pressed
647.529,jump_peak_reached,467.842224121094,-2185.89501953125,30.0,39.8149261474609,jump_peak,x_467.842224121094_y_-2185.89501953125
647.655,jump_input_released,476.592224121094,-2168.287109375,135.0,299.074188232422,Jump,released
647.855,platform_landed,514.092224121094,-2061.06665039062,180.0,0.0,land_on_platform,platform_scene-1/Tile Map/28_-114_layer_Tile Map_tile_28_-114_source_1_atlas_3_0
647.855,landed,514.092224121094,-2061.06665039062,180.0,0.0,land,surface_wood_impact_1.48703747558594
647.997,jump_input_pressed,515.990661621094,-2061.00048828125,33.3333320617676,0.0,Jump,pressed
647.997,jump_executed,515.990661621094,-2061.00048828125,33.3333320617676,-500.0,jump,x_515.990661621094_y_-2061.00048828125
648.156,jump_input_released,522.92529296875,-2123.65307617188,120.0,-314.999908447266,Jump,released
648.255,jump_peak_reached,538.42529296875,-2128.44482421875,180.0,41.2037048339844,jump_peak,x_538.42529296875_y_-2128.44482421875
648.588,move_left_pressed,579.258605957031,-1997.42626953125,-15.0,781.944580078125,Move_Left,pressed
648.589,platform_landed,579.008605957031,-1989.06665039062,-15.0,0.0,land_on_platform,platform_scene-1/Tile Map/32_-110_layer_Tile Map_tile_32_-110_source_1_atlas_3_4
648.589,landed,579.008605957031,-1989.06665039062,-15.0,0.0,land,surface_wood_impact_1.56388916015625
648.789,move_right_pressed,574.397521972656,-1989.07470703125,33.3333320617676,0.0,Move_Right,pressed
648.99,jump_input_pressed,603.756530761719,-1987.82849121094,180.0,74.0740737915039,Jump,pressed
648.99,jump_executed,603.756530761719,-1987.82849121094,180.0,-500.0,jump,x_603.756530761719_y_-1987.82849121094
649.422,jump_peak_reached,681.756530761719,-2094.6572265625,180.0,39.8149261474609,jump_peak,x_681.756530761719_y_-2094.6572265625
649.455,jump_input_released,687.756530761719,-2092.712890625,180.0,113.889007568359,Jump,released
649.696,platform_landed,735.756530761719,-1989.06665039062,180.0,0.0,land_on_platform,platform_scene-1/Tile Map/40_-110_layer_Tile Map_tile_40_-110_source_1_atlas_2_4
649.696,landed,735.756530761719,-1989.06665039062,180.0,0.0,land,surface_wood_impact_1.33888928222656
651.223,move_left_pressed,1001.60968017578,-1989.07470703125,-20.0000019073486,0.0,Move_Left,pressed
651.522,move_right_pressed,959.554138183594,-1989.07470703125,20.0000019073486,0.0,Move_Right,pressed
651.689,move_left_pressed,981.7763671875,-1989.07470703125,63.3333396911621,0.0,Move_Left,pressed
651.864,move_right_pressed,963.887512207031,-1989.07470703125,0.0,0.0,Move_Right,pressed
652.023,move_left_pressed,981.220825195312,-1989.07470703125,63.3333396911621,0.0,Move_Left,pressed
652.198,move_right_pressed,963.331970214844,-1989.07470703125,0.0,0.0,Move_Right,pressed
652.422,move_left_pressed,992.665283203125,-1989.07470703125,96.6666641235352,0.0,Move_Left,pressed
653.923,move_right_pressed,738.2763671875,-1989.07470703125,-63.3333396911621,0.0,Move_Right,pressed
654.121,move_left_pressed,753.387451171875,-1989.07470703125,-33.3333320617676,0.0,Move_Left,pressed
654.33,scene_transition,743.665222167969,-1989.07470703125,0.0,0.0,switch,from_res://Scenes/Main/scene-1.tscn_to_res://Scenes/Main/menu.tscn
654.33,session_end,743.665222167969,-1989.07470703125,0.0,0.0,,
