timestamp_seconds,event,x,y,velocity_x,velocity_y,action,info
149.744,session_start,392.0,624.0,0.0,0.0,,
149.793,jump_peak_reached,392.0,624.0,0.0,37.037036895752,jump_peak,x_392.0_y_624.0
149.823,platform_landed,392.0,638.988403320312,0.0,0.0,land_on_platform,platform_scene-1/Tile Map/21_36_layer_Tile Map_tile_21_36_source_1_atlas_2_0
149.823,landed,392.0,638.988403320312,0.0,0.0,land,surface_wood_impact_0.51851849365234
162.393,move_left_pressed,392.0,638.988403320312,-33.3333320617676,0.0,Move_Left,pressed
162.456,musicking,383.666687011719,638.988403320312,-166.666656494141,0.0,osc_received,"value_[1, ""chain-jumps-combo-walk""]"
162.697,musicking,338.666687011719,638.988403320312,-180.0,0.0,osc_received,"value_[1, ""chain-jumps-combo-walk""]"
162.788,musicking,323.666687011719,638.988403320312,-180.0,0.0,osc_received,"value_[1, ""chain-jumps-combo-walk""]"
163.022,move_right_pressed,288.832855224609,638.92626953125,20.0000019073486,0.0,Move_Right,pressed
163.03,musicking,290.068176269531,638.92626953125,53.3333358764648,0.0,osc_received,"value_[1, ""chain-jumps-combo-walk""]"
163.122,musicking,302.068176269531,638.92626953125,180.0,0.0,osc_received,"value_[1, ""chain-jumps-combo-walk""]"
175.43,move_right_pressed,330.901519775391,638.92626953125,33.3333320617676,0.0,Move_Right,pressed
175.49,musicking,339.234832763672,638.92626953125,166.666656494141,0.0,osc_received,"value_[1, ""chain-jumps-combo-walk""]"
175.564,musicking,350.068176269531,638.92626953125,13.3333311080933,0.0,osc_received,"value_[1, ""chain-jumps-combo-walk""]"
175.621,move_right_pressed,350.068176269531,638.92626953125,33.3333320617676,0.0,Move_Right,pressed
175.823,move_left_pressed,363.234832763672,638.92626953125,-33.3333320617676,0.0,Move_Left,pressed
175.964,musicking,341.290405273438,638.92626953125,-96.6666641235352,0.0,osc_received,"value_[1, ""chain-jumps-combo-walk""]"
176.188,move_left_pressed,341.068176269531,638.92626953125,-33.3333320617676,0.0,Move_Left,pressed
176.264,musicking,329.73486328125,638.92626953125,-180.0,0.0,osc_received,"value_[1, ""chain-jumps-combo-walk""]"
176.464,move_left_pressed,321.901519775391,638.92626953125,-33.3333320617676,0.0,Move_Left,pressed
176.664,move_left_pressed,312.179321289062,638.92626953125,-33.3333320617676,0.0,Move_Left,pressed
176.73,musicking,303.846008300781,638.92626953125,-166.666656494141,0.0,osc_received,"value_[1, ""chain-jumps-combo-walk""]"
176.98,move_left_pressed,302.457122802734,638.92626953125,-33.3333320617676,0.0,Move_Left,pressed
177.047,musicking,294.123809814453,638.92626953125,-166.666656494141,0.0,osc_received,"value_[1, ""chain-jumps-combo-walk""]"
177.297,move_left_pressed,289.290466308594,638.92626953125,-33.3333320617676,0.0,Move_Left,pressed
177.621,move_left_pressed,282.901580810547,638.92626953125,-33.3333320617676,0.0,Move_Left,pressed
177.864,move_left_pressed,276.5126953125,638.92626953125,-33.3333320617676,0.0,Move_Left,pressed
177.931,musicking,268.179382324219,638.92626953125,-166.666656494141,0.0,osc_received,"value_[1, ""chain-jumps-combo-walk""]"
178.23,move_right_pressed,260.346038818359,638.92626953125,33.3333320617676,0.0,Move_Right,pressed
178.296,musicking,268.679351806641,638.92626953125,166.666656494141,0.0,osc_received,"value_[1, ""chain-jumps-combo-walk""]"
178.531,move_left_pressed,282.5126953125,638.92626953125,-33.3333320617676,0.0,Move_Left,pressed
178.822,move_right_pressed,263.346038818359,638.92626953125,33.3333320617676,0.0,Move_Right,pressed
179.023,move_left_pressed,279.5126953125,638.92626953125,-33.3333320617676,0.0,Move_Left,pressed
179.289,move_right_pressed,260.346038818359,638.92626953125,33.3333320617676,0.0,Move_Right,pressed
179.456,move_left_pressed,273.5126953125,638.92626953125,-33.3333320617676,0.0,Move_Left,pressed
179.696,move_right_pressed,257.346038818359,638.92626953125,33.3333320617676,0.0,Move_Right,pressed
180.197,move_left_pressed,312.5126953125,638.92626953125,-33.3333320617676,0.0,Move_Left,pressed
180.397,jump_input_pressed,296.346038818359,638.92626953125,0.0,0.0,Jump,pressed
180.397,jump_executed,296.346038818359,638.92626953125,0.0,-500.0,jump,x_296.346038818359_y_638.92626953125
180.523,jump_input_released,296.346038818359,587.804931640625,0.0,-355.722137451172,Jump,released
180.622,jump_peak_reached,296.346038818359,583.013244628906,0.0,41.2037048339844,jump_peak,x_296.346038818359_y_583.013244628906
180.63,move_right_pressed,296.346038818359,583.699951171875,15.0,78.2407455444336,Move_Right,pressed
180.823,platform_landed,303.707153320312,638.966430664062,0.0,0.0,land_on_platform,platform_scene-1/Tile Map/16_36_layer_Tile Map_tile_16_36_source_1_atlas_2_0
180.823,landed,303.707153320312,638.966430664062,0.0,0.0,land,surface_wood_impact_0.97129644775391
180.923,move_left_pressed,303.707153320312,638.966430664062,-33.3333320617676,0.0,Move_Left,pressed
181.822,move_right_pressed,173.540496826172,638.929504394531,33.3333320617676,0.0,Move_Right,pressed
182.931,jump_input_pressed,367.873840332031,638.929504394531,180.0,0.0,Jump,pressed
182.931,jump_executed,367.873840332031,638.929504394531,180.0,-500.0,jump,x_367.873840332031_y_638.929504394531
183.289,move_right_pressed,378.708709716797,535.2021484375,15.0,-75.3332214355469,Move_Right,pressed
183.363,jump_peak_reached,382.458709716797,532.096618652344,90.0,39.8149261474609,jump_peak,x_382.458709716797_y_532.096618652344
183.381,jump_input_released,383.958709716797,532.760192871094,105.0,76.8519668579102,Jump,released
183.564,platform_landed,414.81982421875,584.932983398438,96.6666641235352,0.0,land_on_platform,platform_scene-1/Tile Map/22_33_layer_Tile Map_tile_22_33_source_1_atlas_1_0
183.564,landed,414.81982421875,584.932983398438,96.6666641235352,0.0,land,surface_wood_impact_0.96851885986328
183.721,move_left_pressed,415.042053222656,584.924194335938,-33.3333320617676,0.0,Move_Left,pressed
183.963,move_right_pressed,405.319854736328,584.924194335938,33.3333320617676,0.0,Move_Right,pressed
184.088,jump_input_pressed,419.653167724609,584.924194335938,180.0,0.0,Jump,pressed
184.088,jump_executed,419.653167724609,584.924194335938,180.0,-500.0,jump,x_419.653167724609_y_584.924194335938
184.429,jump_input_released,458.116973876953,481.455810546875,0.0,-75.3332214355469,Jump,released
184.454,move_left_pressed,458.116973876953,480.200256347656,-15.0,-54.4998893737793,Move_Left,pressed
184.523,jump_peak_reached,458.074737548828,478.650238037109,-15.0,45.0371475219727,jump_peak,x_458.074737548828_y_478.650238037109
184.656,move_right_pressed,458.07470703125,501.939147949219,15.0,341.333465576172,Move_Right,pressed
184.755,coin_collected,463.32470703125,545.331787109375,90.0,526.518676757812,collect_coin,coin_coin_score_2
184.756,platform_landed,465.07470703125,548.932983398438,105.0,0.0,land_on_platform,platform_scene-1/Tile Map/25_31_layer_Tile Map_tile_25_31_source_1_atlas_1_0
184.756,landed,465.07470703125,548.932983398438,105.0,0.0,land,surface_wood_impact_1.12711145019531
184.758,sonification,465.07470703125,548.932983398438,105.0,0.0,osc_received,"value_[1, ""coins-with-pitch""]"
185.221,jump_input_pressed,471.796936035156,548.932983398438,0.0,0.0,Jump,pressed
185.221,jump_executed,471.796936035156,548.932983398438,0.0,-500.0,jump,x_471.796936035156_y_548.932983398438
185.313,move_right_pressed,471.796936035156,504.081665039062,15.0,-376.166595458984,Move_Right,pressed
185.589,jump_input_released,503.296936035156,443.926177978516,180.0,-55.722110748291,Jump,released
185.655,jump_peak_reached,515.296936035156,442.294708251953,96.6666641235352,43.8149261474609,jump_peak,x_515.296936035156_y_442.294708251953
185.846,platform_landed,517.130249023438,494.977203369141,0.0,0.0,land_on_platform,platform_scene-1/Tile Map/28_28_layer_Tile Map_tile_28_28_source_1_atlas_1_0
185.846,landed,517.130249023438,494.977203369141,0.0,0.0,land,surface_wood_impact_0.97651885986328
185.871,musicking,517.130249023438,494.977203369141,0.0,0.0,osc_received,"value_[1, ""platform_pan_nav""]"
186.064,move_left_pressed,517.130249023438,494.977203369141,-33.3333320617676,0.0,Move_Left,pressed
186.189,jump_input_pressed,502.796936035156,495.352203369141,-180.0,0.0,Jump,pressed
186.189,jump_executed,502.796936035156,495.352203369141,-180.0,-500.0,jump,x_502.796936035156_y_495.352203369141
186.396,jump_peak_reached,463.774017333984,421.684692382812,-180.0,74.0740737915039,jump_peak,x_463.774017333984_y_421.684692382812
186.43,jump_input_released,457.774017333984,424.771087646484,-180.0,148.148147583008,Jump,released
186.555,platform_landed,433.773986816406,458.933044433594,-180.0,0.0,land_on_platform,platform_scene-1/Tile Map/24_26_layer_Tile Map_tile_24_26_source_1_atlas_3_0
186.555,landed,433.773986816406,458.933044433594,-180.0,0.0,land,surface_wood_impact_0.81481488037109
186.93,move_left_pressed,401.940643310547,458.933044433594,-33.3333320617676,0.0,Move_Left,pressed
187.122,move_right_pressed,392.218444824219,458.933044433594,33.3333320617676,0.0,Move_Right,pressed
187.513,jump_input_pressed,457.58935546875,459.968200683594,180.0,37.037036895752,Jump,pressed
187.513,jump_executed,457.58935546875,459.968200683594,180.0,-500.0,jump,x_457.58935546875_y_459.968200683594
187.696,jump_peak_reached,491.780914306641,403.688995361328,180.0,74.0740737915039,jump_peak,x_491.780914306641_y_403.688995361328
187.929,jump_input_released,533.780883789062,477.145751953125,180.0,592.592651367188,Jump,released
187.955,platform_landed,539.780883789062,494.93359375,180.0,0.0,land_on_platform,platform_scene-1/Tile Map/29_28_layer_Tile Map_tile_29_28_source_1_atlas_2_0
187.955,landed,539.780883789062,494.93359375,180.0,0.0,land,surface_wood_impact_1.25925939941406
187.989,move_left_pressed,542.780883789062,494.93359375,63.3333396911621,0.0,Move_Left,pressed
188.288,move_left_pressed,530.669799804688,494.93359375,-33.3333320617676,0.0,Move_Left,pressed
188.464,jump_input_pressed,504.336486816406,495.03125,-180.0,0.0,Jump,pressed
188.464,jump_executed,504.336486816406,495.03125,-180.0,-500.0,jump,x_504.336486816406_y_495.03125
188.679,jump_peak_reached,466.914093017578,422.235687255859,-145.908111572266,98.8420791625977,jump_peak,x_466.914093017578_y_422.235687255859
188.822,jump_input_released,443.868713378906,452.698577880859,-180.0,395.138397216797,Jump,released
188.823,platform_landed,440.868713378906,458.933776855469,-180.0,0.0,land_on_platform,platform_scene-1/Tile Map/24_26_layer_Tile Map_tile_24_26_source_1_atlas_3_0
188.823,landed,440.868713378906,458.933776855469,-180.0,0.0,land,surface_wood_impact_0.79027679443359
189.158,move_left_pressed,409.035369873047,458.933776855469,-33.3333320617676,0.0,Move_Left,pressed
189.422,move_left_pressed,386.868713378906,458.933776855469,-33.3333320617676,0.0,Move_Left,pressed
189.697,jump_input_pressed,373.702056884766,458.933776855469,0.0,0.0,Jump,pressed
189.697,jump_executed,373.702056884766,458.933776855469,0.0,-500.0,jump,x_373.702056884766_y_458.933776855469
190.022,jump_input_released,371.522369384766,360.615783691406,0.0,-114.722114562988,Jump,released
190.122,jump_peak_reached,371.522369384766,355.824127197266,0.0,41.2037048339844,jump_peak,x_371.522369384766_y_355.824127197266
190.396,platform_landed,371.522369384766,458.961090087891,0.0,0.0,land_on_platform,platform_scene-1/Tile Map/20_26_layer_Tile Map_tile_20_26_source_1_atlas_1_0
190.396,landed,371.522369384766,458.961090087891,0.0,0.0,land,surface_wood_impact_1.34166687011719
190.58,jump_input_pressed,371.522369384766,458.961090087891,0.0,0.0,Jump,pressed
190.58,jump_executed,371.522369384766,458.961090087891,0.0,-500.0,jump,x_371.522369384766_y_458.961090087891
190.889,move_right_pressed,371.522369384766,360.998260498047,15.0,-134.499893188477,Move_Right,pressed
191.022,jump_peak_reached,380.522369384766,352.100128173828,135.0,39.8149261474609,jump_peak,x_380.522369384766_y_352.100128173828
191.022,jump_input_released,380.522369384766,352.100128173828,135.0,39.8149261474609,Jump,released
191.122,platform_landed,395.855712890625,368.93359375,13.3333311080933,0.0,land_on_platform,platform_scene-1/Tile Map/21_21_layer_Tile Map_tile_21_21_source_1_atlas_1_0
191.122,landed,395.855712890625,368.93359375,13.3333311080933,0.0,land,surface_wood_impact_0.52407427978516
191.13,musicking,395.855712890625,368.93359375,0.0,0.0,osc_received,"value_[1, ""platform_pan_nav""]"
191.256,move_right_pressed,395.855712890625,368.93359375,33.3333320617676,0.0,Move_Right,pressed
191.464,coin_collected,428.200225830078,372.805236816406,180.0,111.111114501953,collect_coin,coin_coin2_score_4
191.465,sonification,431.200225830078,375.274383544922,180.0,148.148147583008,osc_received,"value_[1, ""coins-with-pitch""]"
191.53,platform_landed,443.200225830078,386.933807373047,180.0,0.0,land_on_platform,platform_scene-1/Tile Map/24_22_layer_Tile Map_tile_24_22_source_1_atlas_2_0
191.53,landed,443.200225830078,386.933807373047,180.0,0.0,land,surface_wood_impact_0.59259259033203
191.697,move_left_pressed,451.033569335938,386.924224853516,-33.3333320617676,0.0,Move_Left,pressed
191.864,jump_input_pressed,427.700256347656,386.924224853516,-180.0,0.0,Jump,pressed
191.864,jump_executed,427.700256347656,386.924224853516,-180.0,-500.0,jump,x_427.700256347656_y_386.924224853516
191.989,jump_input_released,416.866851806641,335.804595947266,0.0,-355.722137451172,Jump,released
192.079,jump_peak_reached,416.866851806641,331.012939453125,0.0,41.2037048339844,jump_peak,x_416.866851806641_y_331.012939453125
192.221,move_left_pressed,416.866851806641,353.790740966797,-15.0,337.500030517578,Move_Left,pressed
192.255,platform_landed,415.747406005859,368.973266601562,-45.0,0.0,land_on_platform,platform_scene-1/Tile Map/22_21_layer_Tile Map_tile_22_21_source_1_atlas_3_0
192.255,landed,415.747406005859,368.973266601562,-45.0,0.0,land,surface_wood_impact_0.82314825439453
192.555,move_left_pressed,409.136322021484,368.930389404297,-33.3333320617676,0.0,Move_Left,pressed
192.688,jump_input_pressed,391.803009033203,368.930389404297,-180.0,0.0,Jump,pressed
192.689,jump_executed,391.803009033203,368.930389404297,-180.0,-500.0,jump,x_391.803009033203_y_368.930389404297
192.897,jump_peak_reached,353.080749511719,292.934661865234,-15.0,57.1145133972168,jump_peak,x_353.080749511719_y_292.934661865234
193.063,platform_landed,336.590850830078,335.979461669922,-165.0,0.0,land_on_platform,platform_scene-1/Tile Map/18_19_layer_Tile Map_tile_18_19_source_1_atlas_19_3
193.063,landed,336.590850830078,335.979461669922,-165.0,0.0,land,surface_wood_impact_0.85496984863281
193.072,musicking,336.590850830078,335.979461669922,-165.0,0.0,osc_received,"value_[1, ""leaves""]"
193.089,jump_input_released,336.590850830078,335.979461669922,-180.0,0.0,Jump,released
193.097,musicking,330.591064453125,335.951934814453,-180.0,0.0,osc_received,"value_[1, ""platform_pan_nav""]"
193.163,move_left_pressed,322.979583740234,336.048919677734,-130.0,0.0,Move_Left,pressed
193.446,move_left_pressed,307.257690429688,335.936981201172,-33.3333320617676,0.0,Move_Left,pressed
193.763,jump_input_pressed,300.869018554688,335.965362548828,0.0,0.0,Jump,pressed
193.763,jump_executed,300.869018554688,335.965362548828,0.0,-500.0,jump,x_300.869018554688_y_335.965362548828
193.897,move_right_pressed,300.869018554688,278.907592773438,15.0,-335.333251953125,Move_Right,pressed
194.197,jump_peak_reached,338.369018554688,229.13444519043,180.0,39.8149261474609,jump_peak,x_338.369018554688_y_229.13444519043
194.289,jump_input_released,353.369018554688,238.625213623047,180.0,225.000106811523,Jump,released
194.363,platform_landed,371.376220703125,263.944580078125,180.0,0.0,land_on_platform,platform_scene-1/Tile Map/20_15_layer_Tile Map_tile_20_15_source_1_atlas_13_6
194.363,landed,371.376220703125,263.944580078125,180.0,0.0,land,surface_wood_impact_0.82037066650391
194.364,musicking,371.376220703125,263.944580078125,180.0,0.0,osc_received,"value_[1, ""water-tube""]"
194.604,move_right_pressed,373.209564208984,263.944580078125,33.3333320617676,0.0,Move_Right,pressed
194.823,move_left_pressed,386.376220703125,263.928680419922,-33.3333320617676,0.0,Move_Left,pressed
194.889,jump_input_pressed,380.820678710938,263.928680419922,-166.666656494141,0.0,Jump,pressed
194.889,jump_executed,380.820678710938,263.928680419922,-166.666656494141,-500.0,jump,x_380.820678710938_y_263.928680419922
194.997,jump_peak_reached,364.691772460938,222.086532592773,-15.0,40.063606262207,jump_peak,x_364.691772460938_y_222.086532592773
195.189,platform_landed,357.330657958984,263.935638427734,0.0,0.0,land_on_platform,platform_scene-1/Tile Map/19_15_layer_Tile Map_tile_19_15_source_1_atlas_14_6
195.189,landed,357.330657958984,263.935638427734,0.0,0.0,land,surface_wood_impact_0.89494213867187
195.19,musicking,357.330657958984,263.935638427734,0.0,0.0,osc_received,"value_[1, ""water-tube""]"
195.321,jump_input_released,357.330657958984,263.935638427734,0.0,0.0,Jump,released
195.355,move_right_pressed,357.330657958984,263.935638427734,33.3333320617676,0.0,Move_Right,pressed
195.656,jump_input_pressed,385.498199462891,263.952941894531,0.0,0.0,Jump,pressed
195.656,jump_executed,385.498199462891,263.952941894531,0.0,-500.0,jump,x_385.498199462891_y_263.952941894531
195.823,move_left_pressed,385.498199462891,196.022048950195,-15.0,-294.722106933594,Move_Left,pressed
196.056,jump_input_released,359.998199462891,157.360000610352,-96.6666641235352,-16.6665554046631,Jump,released
196.08,jump_peak_reached,358.164855957031,157.151672363281,0.0,41.2038154602051,jump_peak,x_358.164855957031_y_157.151672363281
196.23,platform_landed,358.164855957031,188.992614746094,0.0,0.0,land_on_platform,platform_scene-1/Tile Map/19_11_layer_Tile Map_tile_19_11_source_1_atlas_3_0
196.23,landed,358.164855957031,188.992614746094,0.0,0.0,land,surface_wood_impact_0.74907434082031
196.247,musicking,358.164855957031,188.992614746094,0.0,0.0,osc_received,"value_[1, ""platform_pan_nav""]"
196.557,move_right_pressed,358.164855957031,188.992614746094,33.3333320617676,0.0,Move_Right,pressed
196.557,jump_input_pressed,358.164855957031,188.992614746094,33.3333320617676,0.0,Jump,pressed
196.557,jump_executed,358.164855957031,188.992614746094,33.3333320617676,-500.0,jump,x_358.164855957031_y_188.992614746094
196.988,jump_peak_reached,422.974243164062,82.1044921875,180.0,39.8149261474609,jump_peak,x_422.974243164062_y_82.1044921875
197.13,jump_input_released,449.974243164062,110.298957824707,180.0,373.148284912109,Jump,released
197.196,coin_collected,461.974243164062,138.879211425781,180.0,484.259429931641,collect_coin,coin_coin5_score_6
197.198,sonification,464.974243164062,147.567489624023,180.0,521.296447753906,osc_received,"value_[1, ""coins-with-pitch""]"
197.223,platform_landed,466.585357666016,152.932876586914,96.6666641235352,0.0,land_on_platform,platform_scene-1/Tile Map/25_9_layer_Tile Map_tile_25_9_source_1_atlas_2_0
197.223,landed,466.585357666016,152.932876586914,96.6666641235352,0.0,land,surface_wood_impact_1.1166669921875
197.598,move_right_pressed,466.807586669922,152.932876586914,33.3333320617676,0.0,Move_Right,pressed
197.598,jump_input_pressed,466.807586669922,152.932876586914,33.3333320617676,0.0,Jump,pressed
197.598,jump_executed,466.807586669922,152.932876586914,33.3333320617676,-500.0,jump,x_466.807586669922_y_152.932876586914
198.03,jump_peak_reached,531.613525390625,46.0965042114258,180.0,39.8149261474609,jump_peak,x_531.613525390625_y_46.0965042114258
198.055,jump_input_released,534.613525390625,46.7600860595703,180.0,76.8519668579102,Jump,released
198.197,platform_landed,539.446838378906,80.9774398803711,0.0,0.0,land_on_platform,platform_scene-1/Tile Map/29_5_layer_Tile Map_tile_29_5_source_1_atlas_2_0
198.197,landed,539.446838378906,80.9774398803711,0.0,0.0,land,surface_wood_impact_0.82037066650391
198.389,move_right_pressed,539.446838378906,80.9774398803711,33.3333320617676,0.0,Move_Right,pressed
198.389,jump_input_pressed,539.446838378906,80.9774398803711,33.3333320617676,0.0,Jump,pressed
198.389,jump_executed,539.446838378906,80.9774398803711,33.3333320617676,-500.0,jump,x_539.446838378906_y_80.9774398803711
198.822,jump_peak_reached,604.25537109375,-25.8975391387939,180.0,39.8149261474609,jump_peak,x_604.25537109375_y_-25.8975391387939
199.056,jump_input_released,646.25537109375,39.5654563903809,180.0,558.33349609375,Jump,released
199.056,platform_landed,649.25537109375,44.9328422546387,180.0,0.0,land_on_platform,platform_scene-1/Tile Map/36_3_layer_Tile Map_tile_36_3_source_1_atlas_13_0
199.056,landed,649.25537109375,44.9328422546387,180.0,0.0,land,surface_wood_impact_1.1166669921875
199.057,sonification,649.25537109375,44.9328422546387,180.0,0.0,osc_received,"value_[1, ""mushrooms""]"
199.09,musicking,653.866455078125,44.9251441955566,96.6666641235352,0.0,osc_received,"value_[1, ""platform_pan_nav""]"
199.123,sonification,654.088684082031,44.9251441955566,0.0,0.0,osc_received,"value_[1, ""mushrooms""]"
199.429,move_right_pressed,654.088684082031,44.9251441955566,33.3333320617676,0.0,Move_Right,pressed
199.438,sonification,654.644226074219,44.9251441955566,33.3333320617676,0.0,osc_received,"value_[1, ""mushrooms""]"
199.48,jump_input_pressed,657.421997070312,44.9251441955566,133.33332824707,0.0,Jump,pressed
199.48,jump_executed,657.421997070312,44.9251441955566,133.33332824707,-500.0,jump,x_657.421997070312_y_44.9251441955566
199.481,sonification,659.644470214844,36.5899543762207,133.33332824707,-500.055541992188,osc_received,"value_[1, ""mushrooms""]"
199.596,jump_peak_reached,676.812805175781,3.68394994735718,180.0,74.0740737915039,jump_peak,x_676.812805175781_y_3.68394994735718
199.63,jump_input_released,682.812805175781,6.77037000656128,180.0,148.148147583008,Jump,released
199.763,platform_landed,709.812805175781,44.933780670166,180.0,0.0,land_on_platform,platform_scene-1/Tile Map/39_3_layer_Tile Map_tile_39_3_source_1_atlas_13_0
199.763,landed,709.812805175781,44.933780670166,180.0,0.0,land,surface_wood_impact_0.88888897705078
199.765,sonification,709.812805175781,44.933780670166,180.0,0.0,osc_received,"value_[1, ""mushrooms""]"
199.963,jump_input_pressed,742.812805175781,44.933780670166,180.0,0.0,Jump,pressed
199.963,jump_executed,742.812805175781,44.933780670166,180.0,-500.0,jump,x_742.812805175781_y_44.933780670166
199.964,sonification,745.815490722656,36.591983795166,180.0,-500.055541992188,osc_received,"value_[1, ""mushrooms""]"
200.363,jump_input_released,783.648803710938,-61.6477928161621,0.0,-16.6665554046631,Jump,released
200.396,jump_peak_reached,783.648803710938,-61.8561210632324,0.0,41.2038154602051,jump_peak,x_783.648803710938_y_-61.8561210632324
200.464,move_left_pressed,783.648803710938,-55.4054946899414,-15.0,189.351959228516,Move_Left,pressed
200.696,platform_landed,765.787719726562,44.9494857788086,0.0,0.0,land_on_platform,platform_scene-1/Tile Map/42_3_layer_Tile Map_tile_42_3_source_1_atlas_13_0
200.697,landed,765.787719726562,44.9494857788086,0.0,0.0,land,surface_wood_impact_1.4157412109375
200.88,move_right_pressed,765.787719726562,44.9494857788086,33.3333320617676,0.0,Move_Right,pressed
200.88,sonification,766.34326171875,44.9494857788086,33.3333320617676,0.0,osc_received,"value_[1, ""mushrooms""]"
201.223,sonification,814.954345703125,44.9494857788086,0.0,0.0,osc_received,"value_[1, ""mushrooms""]"
201.281,move_left_pressed,814.954345703125,44.9494857788086,-33.3333320617676,0.0,Move_Left,pressed
201.288,sonification,814.398803710938,44.9494857788086,-33.3333320617676,0.0,osc_received,"value_[1, ""mushrooms""]"
201.857,jump_input_pressed,719.621032714844,44.9494857788086,-180.0,0.0,Jump,pressed
201.857,jump_executed,719.621032714844,44.9494857788086,-180.0,-500.0,jump,x_719.621032714844_y_44.9494857788086
201.863,sonification,716.613952636719,36.595588684082,-180.0,-500.055541992188,osc_received,"value_[1, ""mushrooms""]"
202.256,jump_input_released,692.074829101562,-61.6441879272461,0.0,-16.6665554046631,Jump,released
202.288,jump_peak_reached,692.074829101562,-61.8525161743164,0.0,41.2038154602051,jump_peak,x_692.074829101562_y_-61.8525161743164
202.331,move_left_pressed,692.074829101562,-57.9404716491699,-15.0,152.314926147461,Move_Left,pressed
202.457,platform_landed,684.769409179688,-27.0684452056885,-21.6666660308838,0.0,land_on_platform,platform_scene-1/Tile Map/37_-1_layer_Tile Map_tile_37_-1_source_1_atlas_15_7
202.457,landed,684.769409179688,-27.0684452056885,-21.6666660308838,0.0,land,surface_wood_impact_0.8231484375
202.46,sonification,684.769409179688,-27.0684452056885,-21.6666660308838,0.0,osc_received,"value_[1, ""leadr-mel""]"
202.463,musicking,684.769409179688,-27.0684452056885,0.0,0.0,osc_received,"value_[1, ""cloud""]"
202.864,move_left_pressed,684.769409179688,-27.0684452056885,-33.3333320617676,0.0,Move_Left,pressed
202.989,jump_input_pressed,670.436096191406,-27.0684452056885,-180.0,0.0,Jump,pressed
202.989,jump_executed,670.436096191406,-27.0684452056885,-180.0,-500.0,jump,x_670.436096191406_y_-27.0684452056885
203.39,jump_input_released,598.434020996094,-133.648300170898,-180.0,-16.6665554046631,Jump,released
203.421,jump_peak_reached,592.434020996094,-133.856628417969,-180.0,41.2038154602051,jump_peak,x_592.434020996094_y_-133.856628417969
203.656,platform_landed,584.600708007812,-63.0043525695801,0.0,0.0,land_on_platform,platform_scene-1/Tile Map/32_-3_layer_Tile Map_tile_32_-3_source_1_atlas_3_0
203.656,landed,584.600708007812,-63.0043525695801,0.0,0.0,land,surface_wood_impact_1.11944482421875
203.657,sonification,584.600708007812,-63.0043525695801,0.0,0.0,osc_received,"value_[1, ""leadr-mel""]"
203.68,musicking,584.600708007812,-63.0043525695801,0.0,0.0,osc_received,"value_[1, ""platform_pan_nav""]"
203.93,move_left_pressed,584.600708007812,-63.0043525695801,-33.3333320617676,0.0,Move_Left,pressed
204.023,jump_input_pressed,576.267395019531,-63.0043525695801,-180.0,0.0,Jump,pressed
204.024,jump_executed,576.267395019531,-63.0043525695801,-180.0,-500.0,jump,x_576.267395019531_y_-63.0043525695801
204.298,move_left_pressed,571.413513183594,-158.403228759766,-15.0,-154.333221435547,Move_Left,pressed
204.456,jump_peak_reached,560.163513183594,-169.890258789062,-150.0,39.8149261474609,jump_peak,x_560.163513183594_y_-169.890258789062
204.563,jump_input_released,539.913513183594,-152.2822265625,-180.0,299.074188232422,Jump,released
204.621,platform_landed,527.913513183594,-135.066818237305,-180.0,0.0,land_on_platform,platform_scene-1/Tile Map/29_-7_layer_Tile Map_tile_29_-7_source_1_atlas_0_0
204.621,landed,527.913513183594,-135.066818237305,-180.0,0.0,land,surface_wood_impact_0.82037066650391
204.627,sonification,527.913513183594,-135.066818237305,-180.0,0.0,osc_received,"value_[1, ""leadr-mel""]"
204.755,coin_collected,506.903442382812,-128.743591308594,-180.0,148.148147583008,collect_coin,coin_coin9_score_8
204.757,sonification,503.903442382812,-125.657173156738,-180.0,185.185180664062,osc_received,"value_[1, ""coins-with-pitch""]"
204.798,platform_landed,494.903442382812,-117.066909790039,-180.0,0.0,land_on_platform,platform_scene-1/Tile Map/27_-6_layer_Tile Map_tile_27_-6_source_1_atlas_2_0
204.798,landed,494.903442382812,-117.066909790039,-180.0,0.0,land,surface_wood_impact_0.59259259033203
204.799,sonification,494.903442382812,-117.066909790039,-180.0,0.0,osc_received,"value_[1, ""leadr-mel""]"
205.147,move_left_pressed,476.074768066406,-117.066230773926,-33.3333320617676,0.0,Move_Left,pressed
205.163,jump_input_pressed,476.074768066406,-117.066230773926,-33.3333320617676,0.0,Jump,pressed
205.163,jump_executed,476.074768066406,-117.066230773926,-33.3333320617676,-500.0,jump,x_476.074768066406_y_-117.066230773926
205.321,jump_peak_reached,469.072540283203,-172.313919067383,-120.0,74.0740737915039,jump_peak,x_469.072540283203_y_-172.313919067383
205.43,jump_input_released,450.572540283203,-150.708969116211,-180.0,333.333343505859,Jump,released
205.922,platform_landed,373.739196777344,263.997375488281,0.0,0.0,land_on_platform,platform_scene-1/Tile Map/20_15_layer_Tile Map_tile_20_15_source_1_atlas_13_6
205.922,landed,373.739196777344,263.997375488281,0.0,0.0,land,surface_wood_impact_2.81481420898437
205.923,musicking,373.739196777344,263.997375488281,0.0,0.0,osc_received,"value_[1, ""water-tube""]"
205.924,sonification,373.739196777344,263.997375488281,0.0,0.0,osc_received,"value_[1, ""leadr-mel""]"
205.956,musicking,373.739196777344,263.997375488281,0.0,0.0,osc_received,"value_[1, ""far-fall""]"
206.789,jump_input_pressed,373.739196777344,263.997375488281,0.0,0.0,Jump,pressed
206.789,jump_executed,373.739196777344,263.997375488281,0.0,-500.0,jump,x_373.739196777344_y_263.997375488281
207.057,move_left_pressed,373.739196777344,171.524368286133,-15.0,-174.222106933594,Move_Left,pressed
207.189,jump_input_released,364.739196777344,157.372512817383,-135.0,-16.6665554046631,Jump,released
207.213,jump_peak_reached,359.989196777344,157.164184570312,-165.0,41.2038154602051,jump_peak,x_359.989196777344_y_157.164184570312
207.362,platform_landed,355.878082275391,188.980743408203,0.0,0.0,land_on_platform,platform_scene-1/Tile Map/19_11_layer_Tile Map_tile_19_11_source_1_atlas_3_0
207.362,landed,355.878082275391,188.980743408203,0.0,0.0,land,surface_wood_impact_0.74907434082031
207.371,sonification,355.878082275391,188.980743408203,0.0,0.0,osc_received,"value_[1, ""leadr-mel""]"
207.39,musicking,355.878082275391,188.980743408203,0.0,0.0,osc_received,"value_[1, ""platform_pan_nav""]"
207.789,move_right_pressed,355.878082275391,188.980743408203,33.3333320617676,0.0,Move_Right,pressed
207.822,jump_input_pressed,357.544738769531,188.980743408203,100.0,0.0,Jump,pressed
207.822,jump_executed,357.544738769531,188.980743408203,100.0,-500.0,jump,x_357.544738769531_y_188.980743408203
208.189,jump_input_released,419.30419921875,83.9342269897461,96.6666641235352,-55.722110748291,Jump,released
208.256,jump_peak_reached,421.137542724609,82.3027496337891,0.0,43.8149261474609,jump_peak,x_421.137542724609_y_82.3027496337891
208.455,platform_landed,421.137542724609,134.985244750977,0.0,0.0,land_on_platform,platform_scene-1/Tile Map/23_8_layer_Tile Map_tile_23_8_source_1_atlas_0_0
208.455,landed,421.137542724609,134.985244750977,0.0,0.0,land,surface_wood_impact_0.97651885986328
208.456,sonification,421.137542724609,134.985244750977,0.0,0.0,osc_received,"value_[1, ""leadr-mel""]"
208.822,move_left_pressed,421.137542724609,134.985244750977,-33.3333320617676,0.0,Move_Left,pressed
208.83,jump_input_pressed,420.582000732422,134.985244750977,-66.6666641235352,0.0,Jump,pressed
208.83,jump_executed,420.582000732422,134.985244750977,-66.6666641235352,-500.0,jump,x_420.582000732422_y_134.985244750977
209.263,jump_peak_reached,350.686096191406,28.1041927337646,-180.0,39.8149261474609,jump_peak,x_350.686096191406_y_28.1041927337646
209.463,platform_landed,313.074981689453,80.9326782226562,-96.6666641235352,0.0,land_on_platform,platform_scene-1/Tile Map/17_5_layer_Tile Map_tile_17_5_source_1_atlas_13_0
209.463,landed,313.074981689453,80.9326782226562,-96.6666641235352,0.0,land,surface_wood_impact_0.96851885986328
209.472,sonification,313.074981689453,80.9326782226562,-96.6666641235352,0.0,osc_received,"value_[1, ""mushrooms""]"
209.473,sonification,313.074981689453,80.9326782226562,-96.6666641235352,0.0,osc_received,"value_[1, ""leadr-mel""]"
209.489,jump_input_released,313.074981689453,80.9326782226562,-13.3333311080933,0.0,Jump,released
209.504,sonification,312.852752685547,80.9326782226562,0.0,0.0,osc_received,"value_[1, ""mushrooms""]"
209.721,move_left_pressed,312.852752685547,80.9326782226562,-33.3333320617676,0.0,Move_Left,pressed
209.723,sonification,312.297210693359,80.9326782226562,-33.3333320617676,0.0,osc_received,"value_[1, ""mushrooms""]"
211.157,sonification,65.6861038208008,80.9251251220703,0.0,0.0,osc_received,"value_[1, ""mushrooms""]"
211.297,move_left_pressed,65.6861038208008,80.9251251220703,-33.3333320617676,0.0,Move_Left,pressed
211.305,sonification,65.1305465698242,80.9251251220703,-33.3333320617676,0.0,osc_received,"value_[1, ""mushrooms""]"
211.522,sonification,37.5194320678711,80.9251251220703,0.0,0.0,osc_received,"value_[1, ""mushrooms""]"
211.664,move_right_pressed,37.5194320678711,80.9251251220703,33.3333320617676,0.0,Move_Right,pressed
211.665,sonification,38.0749893188477,80.9251251220703,33.3333320617676,0.0,osc_received,"value_[1, ""mushrooms""]"
213.397,sonification,338.686126708984,80.9251251220703,0.0,0.0,osc_received,"value_[1, ""mushrooms""]"
213.522,jump_input_pressed,338.686126708984,80.9251251220703,0.0,0.0,Jump,pressed
213.522,jump_executed,338.686126708984,80.9251251220703,0.0,-500.0,jump,x_338.686126708984_y_80.9251251220703
213.622,move_right_pressed,338.686126708984,36.0806312561035,15.0,-376.166595458984,Move_Right,pressed
213.955,jump_peak_reached,382.186126708984,-25.9045238494873,180.0,39.8149261474609,jump_peak,x_382.186126708984_y_-25.9045238494873
214.256,jump_input_released,416.92529296875,80.4844055175781,135.0,706.481689453125,Jump,released
214.313,platform_landed,420.036407470703,134.959136962891,0.0,0.0,land_on_platform,platform_scene-1/Tile Map/23_8_layer_Tile Map_tile_23_8_source_1_atlas_0_0
214.313,landed,420.036407470703,134.959136962891,0.0,0.0,land,surface_wood_impact_1.709259765625
214.321,sonification,420.036407470703,134.959136962891,0.0,0.0,osc_received,"value_[1, ""leadr-mel""]"
214.68,move_right_pressed,420.036407470703,134.959136962891,33.3333320617676,0.0,Move_Right,pressed
214.797,jump_input_pressed,434.369720458984,135.132965087891,180.0,0.0,Jump,pressed
214.797,jump_executed,434.369720458984,135.132965087891,180.0,-500.0,jump,x_434.369720458984_y_135.132965087891
215.23,jump_peak_reached,512.391174316406,28.2445888519287,180.0,39.8149261474609,jump_peak,x_512.391174316406_y_28.2445888519287
215.297,jump_input_released,524.391174316406,34.6026229858398,180.0,187.963073730469,Jump,released
215.431,platform_landed,529.224487304688,80.9838104248047,0.0,0.0,land_on_platform,platform_scene-1/Tile Map/29_5_layer_Tile Map_tile_29_5_source_1_atlas_2_0
215.431,landed,529.224487304688,80.9838104248047,0.0,0.0,land,surface_wood_impact_0.96851885986328
215.432,sonification,529.224487304688,80.9838104248047,0.0,0.0,osc_received,"value_[1, ""leadr-mel""]"
215.631,move_left_pressed,529.224487304688,80.9838104248047,-33.3333320617676,0.0,Move_Left,pressed
215.758,jump_input_pressed,514.891174316406,80.931755065918,-180.0,0.0,Jump,pressed
215.758,jump_executed,514.891174316406,80.931755065918,-180.0,-500.0,jump,x_514.891174316406_y_80.931755065918
216.091,move_left_pressed,476.07470703125,-21.1945648193359,-15.0,-94.9998931884766,Move_Left,pressed
216.18,jump_peak_reached,470.82470703125,-25.9028873443604,-105.0,39.8149261474609,jump_peak,x_470.82470703125_y_-25.9028873443604
216.256,jump_input_released,462.32470703125,-19.5448551177979,-165.0,187.963073730469,Jump,released
216.28,platform_landed,458.213592529297,-9.00282669067383,0.0,0.0,land_on_platform,platform_scene-1/Tile Map/25_0_layer_Tile Map_tile_25_0_source_1_atlas_15_7
216.28,landed,458.213592529297,-9.00282669067383,0.0,0.0,land,surface_wood_impact_0.52407427978516
216.281,musicking,458.213592529297,-9.00282669067383,0.0,0.0,osc_received,"value_[1, ""cloud""]"
216.523,move_right_pressed,458.213592529297,-9.00282669067383,33.3333320617676,0.0,Move_Right,pressed
216.722,jump_input_pressed,487.583862304688,-1.86026072502136,180.0,185.185180664062,Jump,pressed
216.914,platform_landed,526.583862304688,80.9335632324219,180.0,0.0,land_on_platform,platform_scene-1/Tile Map/29_5_layer_Tile Map_tile_29_5_source_1_atlas_2_0
216.914,landed,526.583862304688,80.9335632324219,180.0,0.0,land,surface_wood_impact_1.25925939941406
217.023,jump_input_released,541.583862304688,80.9335632324219,96.6666641235352,0.0,Jump,released
217.296,move_right_pressed,543.417175292969,80.9335632324219,33.3333320617676,0.0,Move_Right,pressed
217.357,jump_input_pressed,546.75048828125,80.9335632324219,133.33332824707,0.0,Jump,pressed
217.357,jump_executed,546.75048828125,80.9335632324219,133.33332824707,-500.0,jump,x_546.75048828125_y_80.9335632324219
217.763,jump_input_released,620.141479492188,-25.9491710662842,180.0,2.77788853645325,Jump,released
217.79,jump_peak_reached,623.141479492188,-25.9028720855713,180.0,39.8149261474609,jump_peak,x_623.141479492188_y_-25.9028720855713
218.022,platform_landed,627.974792480469,44.9762496948242,0.0,0.0,land_on_platform,platform_scene-1/Tile Map/34_3_layer_Tile Map_tile_34_3_source_1_atlas_14_0
218.022,landed,627.974792480469,44.9762496948242,0.0,0.0,land,surface_wood_impact_1.1166669921875
218.056,musicking,627.974792480469,44.9762496948242,0.0,0.0,osc_received,"value_[1, ""platform_pan_nav""]"
218.19,jump_input_pressed,627.974792480469,44.9762496948242,0.0,0.0,Jump,pressed
218.19,jump_executed,627.974792480469,44.9762496948242,0.0,-500.0,jump,x_627.974792480469_y_44.9762496948242
218.355,move_right_pressed,627.974792480469,-22.981258392334,15.0,-294.722106933594,Move_Right,pressed
218.564,jump_input_released,650.474792480469,-61.0182685852051,180.0,-36.1665573120117,Jump,released
218.624,jump_peak_reached,659.474792480469,-61.7849311828613,180.0,42.5371475219727,jump_peak,x_659.474792480469_y_-61.7849311828613
218.764,platform_landed,664.30810546875,-27.0063304901123,0.0,0.0,land_on_platform,platform_scene-1/Tile Map/36_-1_layer_Tile Map_tile_36_-1_source_1_atlas_13_7
218.764,landed,664.30810546875,-27.0063304901123,0.0,0.0,land,surface_wood_impact_0.75174102783203
218.765,sonification,664.30810546875,-27.0063304901123,0.0,0.0,osc_received,"value_[1, ""leadr-mel""]"
218.765,musicking,664.30810546875,-27.0063304901123,0.0,0.0,osc_received,"value_[1, ""cloud""]"
218.923,move_left_pressed,664.30810546875,-27.0063304901123,-33.3333320617676,0.0,Move_Left,pressed
218.988,jump_input_pressed,658.752563476562,-27.0063304901123,-166.666656494141,0.0,Jump,pressed
218.988,jump_executed,658.752563476562,-27.0063304901123,-166.666656494141,-500.0,jump,x_658.752563476562_y_-27.0063304901123
219.422,jump_peak_reached,580.956604003906,-133.889572143555,-180.0,39.8149261474609,jump_peak,x_580.956604003906_y_-133.889572143555
219.456,jump_input_released,574.956604003906,-131.945114135742,-180.0,113.889007568359,Jump,released
219.658,platform_landed,567.123291015625,-63.0104331970215,0.0,0.0,land_on_platform,platform_scene-1/Tile Map/31_-3_layer_Tile Map_tile_31_-3_source_1_atlas_2_0
219.658,landed,567.123291015625,-63.0104331970215,0.0,0.0,land,surface_wood_impact_1.1166669921875
219.663,sonification,567.123291015625,-63.0104331970215,0.0,0.0,osc_received,"value_[1, ""leadr-mel""]"
219.856,jump_input_pressed,567.123291015625,-63.0104331970215,0.0,0.0,Jump,pressed
219.856,jump_executed,567.123291015625,-63.0104331970215,0.0,-500.0,jump,x_567.123291015625_y_-63.0104331970215
220.046,move_left_pressed,567.123291015625,-140.487884521484,-15.0,-254.333206176758,Move_Left,pressed
220.28,jump_peak_reached,541.623291015625,-169.896224975586,-180.0,39.8149261474609,jump_peak,x_541.623291015625_y_-169.896224975586
220.297,jump_input_released,538.623291015625,-169.232635498047,-180.0,76.8519668579102,Jump,released
220.457,platform_landed,533.789978027344,-135.01530456543,0.0,0.0,land_on_platform,platform_scene-1/Tile Map/29_-7_layer_Tile Map_tile_29_-7_source_1_atlas_0_0
220.457,landed,533.789978027344,-135.01530456543,0.0,0.0,land,surface_wood_impact_0.82037066650391
220.458,sonification,533.789978027344,-135.01530456543,0.0,0.0,osc_received,"value_[1, ""leadr-mel""]"
220.623,jump_input_pressed,533.789978027344,-135.01530456543,0.0,0.0,Jump,pressed
220.623,jump_executed,533.789978027344,-135.01530456543,0.0,-500.0,jump,x_533.789978027344_y_-135.01530456543
220.69,move_left_pressed,533.789978027344,-166.336654663086,-15.0,-417.22216796875,Move_Left,pressed
221.055,jump_peak_reached,484.289978027344,-241.896850585938,-180.0,39.8149261474609,jump_peak,x_484.289978027344_y_-241.896850585938
221.189,jump_input_released,464.456634521484,-219.304244995117,0.0,336.111236572266,Jump,released
221.214,platform_landed,464.456634521484,-207.015930175781,0.0,0.0,land_on_platform,platform_scene-1/Tile Map/25_-11_layer_Tile Map_tile_25_-11_source_1_atlas_2_0
221.214,landed,464.456634521484,-207.015930175781,0.0,0.0,land,surface_wood_impact_0.82037066650391
221.214,sonification,464.456634521484,-207.015930175781,0.0,0.0,osc_received,"value_[1, ""leadr-mel""]"
221.363,jump_input_pressed,464.456634521484,-207.015930175781,0.0,0.0,Jump,pressed
221.363,jump_executed,464.456634521484,-207.015930175781,0.0,-500.0,jump,x_464.456634521484_y_-207.015930175781
221.598,move_left_pressed,464.456634521484,-292.656127929688,-15.0,-214.166549682617,Move_Left,pressed
221.797,jump_peak_reached,444.956634521484,-313.896850585938,-180.0,39.8149261474609,jump_peak,x_444.956634521484_y_-313.896850585938
221.856,jump_input_released,435.956634521484,-310.054260253906,-180.0,150.926040649414,Jump,released
221.896,platform_landed,423.956634521484,-297.066345214844,-180.0,0.0,land_on_platform,platform_scene-1/Tile Map/23_-16_layer_Tile Map_tile_23_-16_source_1_atlas_2_0
221.897,landed,423.956634521484,-297.066345214844,-180.0,0.0,land,surface_wood_impact_0.52407427978516
221.897,sonification,423.956634521484,-297.066345214844,-180.0,0.0,osc_received,"value_[1, ""leadr-mel""]"
221.924,musicking,420.956634521484,-297.066345214844,-180.0,0.0,osc_received,"value_[1, ""platform_pan_nav""]"
222.123,move_left_pressed,419.123291015625,-297.066345214844,-33.3333320617676,0.0,Move_Left,pressed
222.497,platform_landed,375.945770263672,-243.01383972168,0.0,0.0,land_on_platform,platform_scene-1/Tile Map/20_-13_layer_Tile Map_tile_20_-13_source_1_atlas_1_0
222.497,landed,375.945770263672,-243.01383972168,0.0,0.0,land,surface_wood_impact_0.96296307373047
222.505,sonification,375.945770263672,-243.01383972168,0.0,0.0,osc_received,"value_[1, ""leadr-mel""]"
222.723,jump_input_pressed,375.945770263672,-243.01383972168,0.0,0.0,Jump,pressed
222.723,jump_executed,375.945770263672,-243.01383972168,0.0,-500.0,jump,x_375.945770263672_y_-243.01383972168
222.881,move_right_pressed,375.945770263672,-310.97998046875,15.0,-294.722106933594,Move_Right,pressed
223.056,jump_input_released,389.695770263672,-345.188262939453,165.0,-94.9998931884766,Jump,released
223.156,jump_peak_reached,406.056884765625,-349.479919433594,13.3333311080933,46.2038116455078,jump_peak,x_406.056884765625_y_-349.479919433594
223.357,platform_landed,406.279113769531,-297.0068359375,0.0,0.0,land_on_platform,platform_scene-1/Tile Map/22_-16_layer_Tile Map_tile_22_-16_source_1_atlas_1_0
223.357,landed,406.279113769531,-297.0068359375,0.0,0.0,land,surface_wood_impact_0.98129663085938
223.358,sonification,406.279113769531,-297.0068359375,0.0,0.0,osc_received,"value_[1, ""leadr-mel""]"
223.49,move_right_pressed,406.279113769531,-297.0068359375,33.3333320617676,0.0,Move_Right,pressed
223.581,jump_input_pressed,417.612426757812,-297.067016601562,180.0,0.0,Jump,pressed
223.581,jump_executed,417.612426757812,-297.067016601562,180.0,-500.0,jump,x_417.612426757812_y_-297.067016601562
224.022,jump_peak_reached,495.614929199219,-403.902618408203,180.0,39.8149261474609,jump_peak,x_495.614929199219_y_-403.902618408203
224.214,platform_landed,534.614929199219,-351.066955566406,180.0,0.0,land_on_platform,platform_scene-1/Tile Map/29_-19_layer_Tile Map_tile_29_-19_source_1_atlas_12_0
224.214,landed,534.614929199219,-351.066955566406,180.0,0.0,land,surface_wood_impact_0.96851885986328
224.214,sonification,534.614929199219,-351.066955566406,180.0,0.0,osc_received,"value_[1, ""mushrooms""]"
224.221,sonification,534.614929199219,-351.066955566406,180.0,0.0,osc_received,"value_[1, ""leadr-mel""]"
224.248,musicking,540.614929199219,-351.066955566406,180.0,0.0,osc_received,"value_[1, ""platform_pan_nav""]"
224.29,jump_input_released,543.614929199219,-351.066955566406,180.0,0.0,Jump,released
224.363,sonification,551.4482421875,-351.066955566406,0.0,0.0,osc_received,"value_[1, ""mushrooms""]"
224.557,jump_input_pressed,551.4482421875,-351.066955566406,0.0,0.0,Jump,pressed
224.557,jump_executed,551.4482421875,-351.066955566406,0.0,-500.0,jump,x_551.4482421875_y_-351.066955566406
224.798,move_left_pressed,551.4482421875,-440.246124267578,-15.0,-194.166549682617,Move_Left,pressed
224.988,jump_peak_reached,534.9482421875,-457.903503417969,-180.0,39.8149261474609,jump_peak,x_534.9482421875_y_-457.903503417969
224.997,jump_input_released,531.9482421875,-457.239929199219,-180.0,76.8519668579102,Jump,released
225.097,platform_landed,524.114929199219,-438.017364501953,0.0,0.0,land_on_platform,platform_scene-1/Tile Map/29_-24_layer_Tile Map_tile_29_-24_source_1_atlas_14_6
225.097,landed,524.114929199219,-438.017364501953,0.0,0.0,land,surface_wood_impact_0.59814837646484
225.098,musicking,524.114929199219,-438.017364501953,0.0,0.0,osc_received,"value_[1, ""water-tube""]"
225.098,sonification,524.114929199219,-438.017364501953,0.0,0.0,osc_received,"value_[1, ""leadr-mel""]"
225.23,move_right_pressed,524.114929199219,-438.017364501953,33.3333320617676,0.0,Move_Right,pressed
225.315,jump_input_pressed,531.841735839844,-439.302093505859,180.0,0.0,Jump,pressed
225.315,jump_executed,531.841735839844,-439.302093505859,180.0,-500.0,jump,x_531.841735839844_y_-439.302093505859
225.755,jump_peak_reached,609.841735839844,-546.130737304688,180.0,39.8149261474609,jump_peak,x_609.841735839844_y_-546.130737304688
225.815,jump_input_released,621.841735839844,-539.772705078125,180.0,187.963073730469,Jump,released
226.055,coin_collected,626.675048828125,-439.741790771484,0.0,669.444641113281,collect_coin,coin_coin11_score_10
226.057,sonification,626.675048828125,-427.967102050781,0.0,706.481689453125,osc_received,"value_[1, ""coins-with-pitch""]"
226.064,platform_landed,626.675048828125,-420.028503417969,0.0,0.0,land_on_platform,platform_scene-1/Tile Map/34_-23_layer_Tile Map_tile_34_-23_source_1_atlas_17_3
226.064,landed,626.675048828125,-420.028503417969,0.0,0.0,land,surface_wood_impact_1.48703747558594
226.064,musicking,626.675048828125,-420.028503417969,0.0,0.0,osc_received,"value_[1, ""leaves""]"
226.065,sonification,626.675048828125,-420.028503417969,0.0,0.0,osc_received,"value_[1, ""leadr-mel""]"
226.223,move_right_pressed,626.675048828125,-420.028503417969,33.3333320617676,0.0,Move_Right,pressed
226.564,jump_input_pressed,639.842590332031,-420.041137695312,0.0,0.0,Jump,pressed
226.564,jump_executed,639.842590332031,-420.041137695312,0.0,-500.0,jump,x_639.842590332031_y_-420.041137695312
226.581,move_right_pressed,639.842590332031,-428.383392333984,15.0,-479.222198486328,Move_Right,pressed
226.997,jump_peak_reached,698.342590332031,-526.877746582031,180.0,39.8149261474609,jump_peak,x_698.342590332031_y_-526.877746582031
227.056,jump_input_released,707.342590332031,-523.03515625,180.0,150.926040649414,Jump,released
227.156,platform_landed,715.175903320312,-495.014984130859,0.0,0.0,land_on_platform,platform_scene-1/Tile Map/39_-27_layer_Tile Map_tile_39_-27_source_1_atlas_2_0
227.156,landed,715.175903320312,-495.014984130859,0.0,0.0,land,surface_wood_impact_0.74629656982422
227.163,sonification,715.175903320312,-495.014984130859,0.0,0.0,osc_received,"value_[1, ""leadr-mel""]"
227.414,jump_input_pressed,715.175903320312,-495.014984130859,0.0,0.0,Jump,pressed
227.414,jump_executed,715.175903320312,-495.014984130859,0.0,-500.0,jump,x_715.175903320312_y_-495.014984130859
227.723,move_left_pressed,715.175903320312,-592.998596191406,-15.0,-134.499893188477,Move_Left,pressed
227.831,platform_landed,706.3759765625,-602.219787597656,-120.0,0.0,land_on_platform,platform_scene-1/Tile Map/38_-33_layer_Tile Map_tile_38_-33_source_1_atlas_0_0
227.831,landed,706.3759765625,-602.219787597656,-120.0,0.0,land,surface_wood_impact_0.00555577707291
227.832,sonification,706.3759765625,-602.219787597656,-120.0,0.0,osc_received,"value_[1, ""leadr-mel""]"
227.964,jump_input_released,686.31884765625,-603.00146484375,-180.0,0.0,Jump,released
228.298,move_left_pressed,681.439086914062,-602.03076171875,-33.3333320617676,0.0,Move_Left,pressed
228.33,jump_peak_reached,679.701965332031,-601.64013671875,-81.6666641235352,37.037036895752,jump_peak,x_679.701965332031_y_-601.64013671875
228.413,coin_collected,670.396545410156,-592.380859375,-141.666656494141,185.185180664062,collect_coin,coin_coin15_score_12
228.414,sonification,667.785461425781,-588.677185058594,-156.666656494141,222.222213745117,osc_received,"value_[1, ""coins-with-pitch""]"
228.43,platform_landed,664.924377441406,-585.066589355469,-171.666656494141,0.0,land_on_platform,platform_scene-1/Tile Map/36_-32_layer_Tile Map_tile_36_-32_source_1_atlas_2_0
228.43,landed,664.924377441406,-585.066589355469,-171.666656494141,0.0,land,surface_wood_impact_0.51851849365234
228.438,sonification,664.924377441406,-585.066589355469,-171.666656494141,0.0,osc_received,"value_[1, ""leadr-mel""]"
228.73,jump_input_pressed,663.368835449219,-585.066589355469,0.0,0.0,Jump,pressed
228.73,jump_executed,663.368835449219,-585.066589355469,0.0,-500.0,jump,x_663.368835449219_y_-585.066589355469
228.822,move_right_pressed,663.368835449219,-623.301635742188,15.0,-396.666595458984,Move_Right,pressed
229.164,jump_peak_reached,709.868835449219,-691.903442382812,180.0,39.8149261474609,jump_peak,x_709.868835449219_y_-691.903442382812
229.464,platform_landed,766.868835449219,-585.067260742188,180.0,0.0,land_on_platform,platform_scene-1/Tile Map/42_-32_layer_Tile Map_tile_42_-32_source_1_atlas_1_0
229.464,landed,766.868835449219,-585.067260742188,180.0,0.0,land,surface_wood_impact_1.41296337890625
229.465,sonification,766.868835449219,-585.067260742188,180.0,0.0,osc_received,"value_[1, ""leadr-mel""]"
229.564,jump_input_released,781.868835449219,-585.067260742188,180.0,0.0,Jump,released
230.031,coin_collected,865.877075195312,-490.501708984375,180.0,629.629699707031,collect_coin,coin_coin17_score_14
230.032,sonification,867.488159179688,-479.390594482422,96.6666641235352,666.666748046875,osc_received,"value_[1, ""coins-with-pitch""]"
230.047,platform_landed,867.719848632812,-474.064636230469,13.3333311080933,0.0,land_on_platform,platform_scene-1/Tile Map/48_-26_layer_Tile Map_tile_48_-26_source_1_atlas_13_6
230.047,landed,867.719848632812,-474.064636230469,13.3333311080933,0.0,land,surface_wood_impact_1.40740759277344
230.048,musicking,867.719848632812,-474.064636230469,13.3333311080933,0.0,osc_received,"value_[1, ""water-tube""]"
230.048,sonification,867.719848632812,-474.064636230469,13.3333311080933,0.0,osc_received,"value_[1, ""leadr-mel""]"
230.488,move_left_pressed,867.719848632812,-474.064636230469,-33.3333320617676,0.0,Move_Left,pressed
230.655,coin_collected,844.386596679688,-474.048431396484,-180.0,0.0,collect_coin,coin_coin16_score_16
230.657,sonification,842.775512695312,-474.048431396484,-96.6666641235352,0.0,osc_received,"value_[1, ""coins-with-pitch""]"
230.889,move_right_pressed,842.553283691406,-474.048431396484,33.3333320617676,0.0,Move_Right,pressed
231.263,coin_collected,904.886596679688,-474.048431396484,180.0,0.0,collect_coin,coin_coin18_score_18
231.271,sonification,907.886596679688,-474.048431396484,180.0,0.0,osc_received,"value_[1, ""coins-with-pitch""]"
231.463,coin_collected,940.886596679688,-474.048431396484,180.0,0.0,collect_coin,coin_coin19_score_20
231.472,sonification,943.886596679688,-474.048431396484,180.0,0.0,osc_received,"value_[1, ""coins-with-pitch""]"
232.014,move_right_pressed,993.719909667969,-474.048431396484,33.3333320617676,0.0,Move_Right,pressed
232.63,move_left_pressed,1037.92529296875,-474.054107666016,-33.3333320617676,0.0,Move_Left,pressed
232.956,jump_input_pressed,988.980712890625,-473.982574462891,-13.3333311080933,0.0,Jump,pressed
232.956,jump_executed,988.980712890625,-473.982574462891,-13.3333311080933,-500.0,jump,x_988.980712890625_y_-473.982574462891
233.164,move_right_pressed,988.756774902344,-555.718566894531,15.0,-234.222106933594,Move_Right,pressed
233.38,jump_peak_reached,1011.25677490234,-580.875915527344,180.0,39.8149261474609,jump_peak,x_1011.25677490234_y_-580.875915527344
233.523,jump_input_released,1031.09008789062,-558.283325195312,0.0,336.111236572266,Jump,released
233.656,move_left_pressed,1031.09008789062,-496.184478759766,-15.0,632.407592773438,Move_Left,pressed
233.688,platform_landed,1029.60583496094,-474.065063476562,-45.0,0.0,land_on_platform,platform_scene-1/Tile Map/57_-26_layer_Tile Map_tile_57_-26_source_1_atlas_13_6
233.689,landed,1029.60583496094,-474.065063476562,-45.0,0.0,land,surface_wood_impact_1.41296337890625
233.698,musicking,1028.30029296875,-474.065063476562,-78.3333358764648,0.0,osc_received,"value_[1, ""water-tube""]"
233.698,sonification,1028.30029296875,-474.065063476562,-78.3333358764648,0.0,osc_received,"value_[1, ""leadr-mel""]"
234.689,jump_input_pressed,856.050354003906,-474.048645019531,-180.0,0.0,Jump,pressed
234.689,jump_executed,856.050354003906,-474.048645019531,-180.0,-500.0,jump,x_856.050354003906_y_-474.048645019531
235.081,move_left_pressed,845.212341308594,-580.635803222656,-15.0,-16.6665554046631,Move_Left,pressed
235.123,jump_peak_reached,844.462341308594,-580.890380859375,-45.0,39.8149261474609,jump_peak,x_844.462341308594_y_-580.890380859375
235.223,jump_input_released,839.851257324219,-567.649658203125,0.0,262.037139892578,Jump,released
235.347,move_right_pressed,839.851257324219,-515.427368164062,15.0,558.33349609375,Move_Right,pressed
235.414,platform_landed,843.616821289062,-474.049713134766,75.0,0.0,land_on_platform,platform_scene-1/Tile Map/46_-26_layer_Tile Map_tile_46_-26_source_1_atlas_13_6
235.414,landed,843.616821289062,-474.049713134766,75.0,0.0,land,surface_wood_impact_1.41296337890625
235.415,musicking,843.616821289062,-474.049713134766,75.0,0.0,osc_received,"value_[1, ""water-tube""]"
235.415,sonification,843.616821289062,-474.049713134766,75.0,0.0,osc_received,"value_[1, ""leadr-mel""]"
235.613,move_left_pressed,843.616821289062,-474.049713134766,-33.3333320617676,0.0,Move_Left,pressed
235.831,jump_input_pressed,811.778137207031,-474.875518798828,-180.0,0.0,Jump,pressed
235.831,jump_executed,811.778137207031,-474.875518798828,-180.0,-500.0,jump,x_811.778137207031_y_-474.875518798828
236.047,jump_peak_reached,772.753234863281,-550.31396484375,-180.0,74.0740737915039,jump_peak,x_772.753234863281_y_-550.31396484375
236.23,platform_landed,736.753234863281,-495.066253662109,-180.0,0.0,land_on_platform,platform_scene-1/Tile Map/40_-27_layer_Tile Map_tile_40_-27_source_1_atlas_3_0
236.23,landed,736.753234863281,-495.066253662109,-180.0,0.0,land,surface_wood_impact_0.96296307373047
236.231,sonification,736.753234863281,-495.066253662109,-180.0,0.0,osc_received,"value_[1, ""leadr-mel""]"
236.356,jump_input_released,718.753234863281,-495.066253662109,-96.6666641235352,0.0,Jump,released
236.548,move_right_pressed,716.919921875,-495.066253662109,33.3333320617676,0.0,Move_Right,pressed
236.68,jump_input_pressed,734.253234863281,-495.066253662109,180.0,0.0,Jump,pressed
236.68,jump_executed,734.253234863281,-495.066253662109,180.0,-500.0,jump,x_734.253234863281_y_-495.066253662109
236.83,jump_peak_reached,761.257446289062,-550.315307617188,180.0,74.0740737915039,jump_peak,x_761.257446289062_y_-550.315307617188
237.247,move_right_pressed,766.090759277344,-334.265930175781,15.0,1000.00018310547,Move_Right,pressed
237.28,jump_input_released,766.840759277344,-300.315307617188,45.0,1074.07421875,Jump,released
237.298,move_left_pressed,767.590759277344,-282.4140625,0.0,1111.11120605469,Move_Left,pressed
237.531,platform_landed,742.090698242188,44.9316139221191,-180.0,0.0,land_on_platform,platform_scene-1/Tile Map/41_3_layer_Tile Map_tile_41_3_source_1_atlas_13_0
237.531,landed,742.090698242188,44.9316139221191,-180.0,0.0,land,surface_wood_impact_3.25925805664063
237.532,sonification,742.090698242188,44.9316139221191,-180.0,0.0,osc_received,"value_[1, ""mushrooms""]"
237.532,sonification,742.090698242188,44.9316139221191,-180.0,0.0,osc_received,"value_[1, ""leadr-mel""]"
237.564,musicking,740.257385253906,44.9316139221191,-13.3333311080933,0.0,osc_received,"value_[1, ""platform_pan_nav""]"
237.565,musicking,740.257385253906,44.9316139221191,-13.3333311080933,0.0,osc_received,"value_[1, ""far-fall""]"
237.592,sonification,740.257385253906,44.9316139221191,0.0,0.0,osc_received,"value_[1, ""mushrooms""]"
238.323,move_left_pressed,740.257385253906,44.9316139221191,-33.3333320617676,0.0,Move_Left,pressed
238.323,sonification,739.701843261719,44.9316139221191,-33.3333320617676,0.0,osc_received,"value_[1, ""mushrooms""]"
238.497,sonification,718.090759277344,44.9316139221191,0.0,0.0,osc_received,"value_[1, ""mushrooms""]"
238.597,jump_input_pressed,718.090759277344,44.9316139221191,0.0,0.0,Jump,pressed
238.598,jump_executed,718.090759277344,44.9316139221191,0.0,-500.0,jump,x_718.090759277344_y_44.9316139221191
238.613,jump_peak_reached,718.090759277344,36.5907249450684,0.0,-479.222198486328,jump_peak,x_718.090759277344_y_36.5907249450684
238.764,move_left_pressed,718.090759277344,-22.9870452880859,-15.0,-294.722106933594,Move_Left,pressed
239.063,jump_input_released,680.590759277344,-59.9592323303223,-180.0,113.889007568359,Jump,released
239.197,platform_landed,675.757446289062,-27.022741317749,0.0,0.0,land_on_platform,platform_scene-1/Tile Map/37_-1_layer_Tile Map_tile_37_-1_source_1_atlas_15_7
239.197,landed,675.757446289062,-27.022741317749,0.0,0.0,land,surface_wood_impact_0.82037066650391
239.197,musicking,675.757446289062,-27.022741317749,0.0,0.0,osc_received,"value_[1, ""cloud""]"
239.281,move_left_pressed,675.757446289062,-27.022741317749,-33.3333320617676,0.0,Move_Left,pressed
239.364,jump_input_pressed,667.424133300781,-27.022741317749,-180.0,0.0,Jump,pressed
239.364,jump_executed,667.424133300781,-27.022741317749,-180.0,-500.0,jump,x_667.424133300781_y_-27.022741317749
239.797,jump_peak_reached,589.408264160156,-133.895492553711,-180.0,39.8149261474609,jump_peak,x_589.408264160156_y_-133.895492553711
239.856,jump_input_released,580.408264160156,-130.052886962891,-180.0,150.926040649414,Jump,released
240.031,platform_landed,575.574951171875,-63.0163536071777,0.0,0.0,land_on_platform,platform_scene-1/Tile Map/31_-3_layer_Tile Map_tile_31_-3_source_1_atlas_2_0
240.031,landed,575.574951171875,-63.0163536071777,0.0,0.0,land,surface_wood_impact_1.1166669921875
240.246,jump_input_pressed,575.574951171875,-63.0163536071777,0.0,0.0,Jump,pressed
240.246,jump_executed,575.574951171875,-63.0163536071777,0.0,-500.0,jump,x_575.574951171875_y_-63.0163536071777
240.397,move_left_pressed,575.574951171875,-125.721054077148,-15.0,-314.999908447266,Move_Left,pressed
240.688,jump_peak_reached,541.074951171875,-169.896987915039,-180.0,39.8149261474609,jump_peak,x_541.074951171875_y_-169.896987915039
240.714,jump_input_released,535.074951171875,-167.952529907227,-180.0,113.889007568359,Jump,released
240.847,platform_landed,530.241638183594,-135.016067504883,0.0,0.0,land_on_platform,platform_scene-1/Tile Map/29_-7_layer_Tile Map_tile_29_-7_source_1_atlas_0_0
240.847,landed,530.241638183594,-135.016067504883,0.0,0.0,land,surface_wood_impact_0.82037066650391
240.956,jump_input_pressed,530.241638183594,-135.016067504883,0.0,0.0,Jump,pressed
240.956,jump_executed,530.241638183594,-135.016067504883,0.0,-500.0,jump,x_530.241638183594_y_-135.016067504883
241.081,move_left_pressed,530.241638183594,-192.123779296875,-15.0,-335.333251953125,Move_Left,pressed
241.381,jump_peak_reached,492.741638183594,-241.896942138672,-180.0,39.8149261474609,jump_peak,x_492.741638183594_y_-241.896942138672
241.531,jump_input_released,465.741638183594,-213.702484130859,-180.0,373.148284912109,Jump,released
241.557,platform_landed,459.741638183594,-207.066925048828,-180.0,0.0,land_on_platform,platform_scene-1/Tile Map/25_-11_layer_Tile Map_tile_25_-11_source_1_atlas_2_0
241.557,landed,459.741638183594,-207.066925048828,-180.0,0.0,land,surface_wood_impact_0.82037066650391
241.713,move_left_pressed,454.908294677734,-207.066925048828,-33.3333320617676,0.0,Move_Left,pressed
241.889,jump_input_pressed,431.574981689453,-206.857940673828,-180.0,0.0,Jump,pressed
241.889,jump_executed,431.574981689453,-206.857940673828,-180.0,-500.0,jump,x_431.574981689453_y_-206.857940673828
242.03,jump_peak_reached,404.552947998047,-262.313018798828,-180.0,74.0740737915039,jump_peak,x_404.552947998047_y_-262.313018798828
242.131,platform_landed,383.552917480469,-243.066650390625,-180.0,0.0,land_on_platform,platform_scene-1/Tile Map/21_-13_layer_Tile Map_tile_21_-13_source_1_atlas_3_0
242.131,landed,383.552917480469,-243.066650390625,-180.0,0.0,land,surface_wood_impact_0.59259259033203
242.147,musicking,380.552917480469,-243.066650390625,-180.0,0.0,osc_received,"value_[1, ""platform_pan_nav""]"
242.223,jump_input_released,371.552917480469,-243.066650390625,-180.0,0.0,Jump,released
242.522,jump_input_pressed,366.719573974609,-243.066650390625,0.0,0.0,Jump,pressed
242.522,jump_executed,366.719573974609,-243.066650390625,0.0,-500.0,jump,x_366.719573974609_y_-243.066650390625
242.657,move_right_pressed,366.719573974609,-300.130340576172,15.0,-335.333251953125,Move_Right,pressed
242.956,jump_peak_reached,404.219573974609,-349.903442382812,180.0,39.8149261474609,jump_peak,x_404.219573974609_y_-349.903442382812
242.956,jump_input_released,404.219573974609,-349.903442382812,180.0,39.8149261474609,Jump,released
243.157,platform_landed,427.052917480469,-297.006561279297,0.0,0.0,land_on_platform,platform_scene-1/Tile Map/23_-16_layer_Tile Map_tile_23_-16_source_1_atlas_2_0
243.157,landed,427.052917480469,-297.006561279297,0.0,0.0,land,surface_wood_impact_0.96851885986328
243.265,jump_input_pressed,427.052917480469,-297.006561279297,0.0,0.0,Jump,pressed
243.265,jump_executed,427.052917480469,-297.006561279297,0.0,-500.0,jump,x_427.052917480469_y_-297.006561279297
243.281,move_right_pressed,427.052917480469,-305.401245117188,15.0,-479.222198486328,Move_Right,pressed
243.696,jump_peak_reached,485.552917480469,-403.895660400391,180.0,39.8149261474609,jump_peak,x_485.552917480469_y_-403.895660400391
243.814,jump_input_released,506.552917480469,-386.287628173828,180.0,299.074188232422,Jump,released
243.897,platform_landed,524.553649902344,-351.074066162109,180.0,0.0,land_on_platform,platform_scene-1/Tile Map/29_-19_layer_Tile Map_tile_29_-19_source_1_atlas_12_0
243.897,landed,524.553649902344,-351.074066162109,180.0,0.0,land,surface_wood_impact_0.96851885986328
243.898,sonification,524.553649902344,-351.074066162109,180.0,0.0,osc_received,"value_[1, ""mushrooms""]"
244.147,sonification,562.429626464844,-350.107269287109,0.0,0.0,osc_received,"value_[1, ""mushrooms""]"
244.322,move_left_pressed,562.429626464844,-350.107269287109,-33.3333320617676,0.0,Move_Left,pressed
244.338,sonification,561.082275390625,-350.789337158203,-66.6666641235352,0.0,osc_received,"value_[1, ""mushrooms""]"
244.405,sonification,556.430297851562,-351.000091552734,0.0,0.0,osc_received,"value_[1, ""mushrooms""]"
244.646,jump_input_pressed,556.430297851562,-351.000091552734,0.0,0.0,Jump,pressed
244.646,jump_executed,556.430297851562,-351.000091552734,0.0,-500.0,jump,x_556.430297851562_y_-351.000091552734
244.814,move_left_pressed,556.430297851562,-418.978210449219,-15.0,-294.722106933594,Move_Left,pressed
245.08,jump_peak_reached,524.930297851562,-457.894836425781,-180.0,39.8149261474609,jump_peak,x_524.930297851562_y_-457.894836425781
245.147,jump_input_released,512.930297851562,-451.536804199219,-180.0,187.963073730469,Jump,released
245.197,platform_landed,502.323028564453,-438.048248291016,-96.6666641235352,0.0,land_on_platform,platform_scene-1/Tile Map/27_-24_layer_Tile Map_tile_27_-24_source_1_atlas_13_6
245.197,landed,502.323028564453,-438.048248291016,-96.6666641235352,0.0,land,surface_wood_impact_0.59814837646484
245.197,musicking,502.323028564453,-438.048248291016,-96.6666641235352,0.0,osc_received,"value_[1, ""water-tube""]"
245.539,move_left_pressed,502.100799560547,-438.048248291016,-33.3333320617676,0.0,Move_Left,pressed
248.697,move_right_pressed,-39.0640296936035,-438.058135986328,33.3333320617676,0.0,Move_Right,pressed
248.88,jump_input_pressed,-12.7306203842163,-438.058135986328,180.0,0.0,Jump,pressed
248.88,jump_executed,-12.7306203842163,-438.058135986328,180.0,-500.0,jump,x_-12.7306203842163_y_-438.058135986328
249.313,jump_peak_reached,65.2730865478516,-544.897094726562,180.0,39.8149261474609,jump_peak,x_65.2730865478516_y_-544.897094726562
249.622,platform_landed,122.286895751953,-438.051666259766,180.0,0.0,land_on_platform,platform_scene-1/Tile Map/6_-24_layer_Tile Map_tile_6_-24_source_1_atlas_13_6
249.622,landed,122.286895751953,-438.051666259766,180.0,0.0,land,surface_wood_impact_1.41296337890625
249.63,musicking,125.286903381348,-438.051666259766,180.0,0.0,osc_received,"value_[1, ""water-tube""]"
249.731,jump_input_released,140.286956787109,-438.051666259766,180.0,0.0,Jump,released
250.323,jump_input_pressed,245.287231445312,-438.051666259766,180.0,0.0,Jump,pressed
250.323,jump_executed,245.287231445312,-438.051666259766,180.0,-500.0,jump,x_245.287231445312_y_-438.051666259766
250.756,jump_peak_reached,323.290649414062,-544.889831542969,180.0,39.8149261474609,jump_peak,x_323.290649414062_y_-544.889831542969
251.022,jump_input_released,371.290649414062,-460.198425292969,180.0,632.407592773438,Jump,released
251.047,platform_landed,380.306396484375,-438.043670654297,180.0,0.0,land_on_platform,platform_scene-1/Tile Map/21_-24_layer_Tile Map_tile_21_-24_source_1_atlas_13_6
251.048,landed,380.306396484375,-438.043670654297,180.0,0.0,land,surface_wood_impact_1.41296337890625
251.048,musicking,380.306396484375,-438.043670654297,180.0,0.0,osc_received,"value_[1, ""water-tube""]"
251.957,move_left_pressed,520.139709472656,-438.043670654297,-33.3333320617676,0.0,Move_Left,pressed
252.197,move_right_pressed,506.973052978516,-438.043670654297,33.3333320617676,0.0,Move_Right,pressed
252.356,jump_input_pressed,527.305908203125,-438.098236083984,180.0,0.0,Jump,pressed
252.357,jump_executed,527.305908203125,-438.098236083984,180.0,-500.0,jump,x_527.305908203125_y_-438.098236083984
252.78,jump_peak_reached,605.308166503906,-544.93310546875,180.0,39.8149261474609,jump_peak,x_605.308166503906_y_-544.93310546875
252.864,jump_input_released,620.308166503906,-535.4423828125,180.0,225.000106811523,Jump,released
253.097,platform_landed,631.141479492188,-420.041015625,0.0,0.0,land_on_platform,platform_scene-1/Tile Map/35_-23_layer_Tile Map_tile_35_-23_source_1_atlas_19_3
253.097,landed,631.141479492188,-420.041015625,0.0,0.0,land,surface_wood_impact_1.48703747558594
253.097,musicking,631.141479492188,-420.041015625,0.0,0.0,osc_received,"value_[1, ""leaves""]"
253.123,musicking,631.141479492188,-420.041015625,0.0,0.0,osc_received,"value_[1, ""platform_pan_nav""]"
253.356,jump_input_pressed,631.141479492188,-420.041015625,0.0,0.0,Jump,pressed
253.356,jump_executed,631.141479492188,-420.041015625,0.0,-500.0,jump,x_631.141479492188_y_-420.041015625
253.413,move_right_pressed,631.141479492188,-451.372924804688,15.0,-417.22216796875,Move_Right,pressed
253.78,jump_peak_reached,680.641479492188,-526.933044433594,180.0,39.8149261474609,jump_peak,x_680.641479492188_y_-526.933044433594
253.924,jump_input_released,704.641479492188,-504.340484619141,180.0,336.111236572266,Jump,released
253.931,platform_landed,709.252563476562,-495.066223144531,96.6666641235352,0.0,land_on_platform,platform_scene-1/Tile Map/39_-27_layer_Tile Map_tile_39_-27_source_1_atlas_2_0
253.931,landed,709.252563476562,-495.066223144531,96.6666641235352,0.0,land,surface_wood_impact_0.74629656982422
254.148,jump_input_pressed,709.474792480469,-495.066223144531,0.0,0.0,Jump,pressed
254.148,jump_executed,709.474792480469,-495.066223144531,0.0,-500.0,jump,x_709.474792480469_y_-495.066223144531
254.247,move_right_pressed,709.474792480469,-539.918212890625,15.0,-376.166595458984,Move_Right,pressed
254.58,jump_peak_reached,752.974792480469,-601.903381347656,180.0,39.8149261474609,jump_peak,x_752.974792480469_y_-601.903381347656
254.682,platform_landed,773.974792480469,-585.066345214844,180.0,0.0,land_on_platform,platform_scene-1/Tile Map/42_-32_layer_Tile Map_tile_42_-32_source_1_atlas_1_0
254.682,landed,773.974792480469,-585.066345214844,180.0,0.0,land,surface_wood_impact_0.52407427978516
254.747,jump_input_released,782.974792480469,-585.066345214844,180.0,0.0,Jump,released
254.897,move_left_pressed,787.80810546875,-585.066345214844,-33.3333320617676,0.0,Move_Left,pressed
255.057,jump_input_pressed,767.474792480469,-585.066345214844,-180.0,0.0,Jump,pressed
255.057,jump_executed,767.474792480469,-585.066345214844,-180.0,-500.0,jump,x_767.474792480469_y_-585.066345214844
255.48,jump_peak_reached,689.472106933594,-691.902465820312,-180.0,39.8149261474609,jump_peak,x_689.472106933594_y_-691.902465820312
255.622,jump_input_released,665.472106933594,-669.309875488281,-180.0,336.111236572266,Jump,released
255.78,platform_landed,638.074829101562,-585.019104003906,0.0,0.0,land_on_platform,platform_scene-1/Tile Map/35_-32_layer_Tile Map_tile_35_-32_source_1_atlas_1_0
255.78,landed,638.074829101562,-585.019104003906,0.0,0.0,land,surface_wood_impact_1.41296337890625
256.057,jump_input_pressed,638.074829101562,-585.019104003906,0.0,0.0,Jump,pressed
256.057,jump_executed,638.074829101562,-585.019104003906,0.0,-500.0,jump,x_638.074829101562_y_-585.019104003906
256.148,move_left_pressed,638.075988769531,-629.862609863281,-15.0,-376.166595458984,Move_Left,pressed
256.48,jump_peak_reached,594.575988769531,-691.847778320312,-180.0,39.8149261474609,jump_peak,x_594.575988769531_y_-691.847778320312
256.664,jump_input_released,561.575988769531,-650.597778320312,-180.0,447.222381591797,Jump,released
256.79,platform_landed,556.74267578125,-585.033386230469,0.0,0.0,land_on_platform,platform_scene-1/Tile Map/30_-32_layer_Tile Map_tile_30_-32_source_1_atlas_2_0
256.79,landed,556.74267578125,-585.033386230469,0.0,0.0,land,surface_wood_impact_1.41296337890625
256.797,musicking,556.74267578125,-585.033386230469,0.0,0.0,osc_received,"value_[1, ""platform_pan_nav""]"
256.914,jump_input_pressed,556.74267578125,-585.033386230469,0.0,0.0,Jump,pressed
256.914,jump_executed,556.74267578125,-585.033386230469,0.0,-500.0,jump,x_556.74267578125_y_-585.033386230469
256.931,move_left_pressed,556.74267578125,-593.40478515625,-15.0,-479.222198486328,Move_Left,pressed
257.347,jump_peak_reached,498.24267578125,-691.899169921875,-180.0,39.8149261474609,jump_peak,x_498.24267578125_y_-691.899169921875
257.664,platform_landed,438.245574951172,-564.060729980469,-180.0,0.0,land_on_platform,platform_scene-1/Tile Map/24_-31_layer_Tile Map_tile_24_-31_source_1_atlas_13_6
257.664,landed,438.245574951172,-564.060729980469,-180.0,0.0,land,surface_wood_impact_1.48703747558594
257.664,musicking,438.245574951172,-564.060729980469,-180.0,0.0,osc_received,"value_[1, ""water-tube""]"
257.731,jump_input_released,429.245849609375,-564.0966796875,-96.6666641235352,0.0,Jump,released
257.991,move_left_pressed,427.412628173828,-564.113952636719,-33.3333320617676,0.0,Move_Left,pressed
258.014,jump_input_pressed,425.91357421875,-564.428649902344,-100.0,0.0,Jump,pressed
258.014,jump_executed,425.91357421875,-564.428649902344,-100.0,-500.0,jump,x_425.91357421875_y_-564.428649902344
258.03,jump_peak_reached,424.246917724609,-572.762878417969,-115.0,-479.222198486328,jump_peak,x_424.246917724609_y_-572.762878417969
258.663,jump_input_released,313.163635253906,-614.482543945312,-180.0,521.296447753906,Jump,released
258.714,platform_landed,301.212066650391,-582.109436035156,-180.0,0.0,land_on_platform,platform_scene-1/Tile Map/16_-32_layer_Tile Map_tile_16_-32_source_1_atlas_14_6
258.714,landed,301.212066650391,-582.109436035156,-180.0,0.0,land,surface_wood_impact_1.26481518554687
258.715,musicking,301.212066650391,-582.109436035156,-180.0,0.0,osc_received,"value_[1, ""water-tube""]"
258.814,jump_input_pressed,286.704010009766,-582.864807128906,-180.0,37.037036895752,Jump,pressed
258.814,jump_executed,286.704010009766,-582.864807128906,-180.0,-500.0,jump,x_286.704010009766_y_-582.864807128906
259.197,jump_input_released,217.704010009766,-688.813903808594,-180.0,-36.1665573120117,Jump,released
259.247,jump_peak_reached,208.704010009766,-689.58056640625,-180.0,42.5371475219727,jump_peak,x_208.704010009766_y_-689.58056640625
259.53,move_right_pressed,176.870666503906,-593.577758789062,15.0,672.166870117188,Move_Right,pressed
259.557,platform_landed,177.711380004883,-582.089477539062,30.0,0.0,land_on_platform,platform_scene-1/Tile Map/9_-32_layer_Tile Map_tile_9_-32_source_1_atlas_14_6
259.557,landed,177.711380004883,-582.089477539062,30.0,0.0,land,surface_wood_impact_1.41840783691406
259.564,musicking,178.766998291016,-582.089477539062,63.3333320617676,0.0,osc_received,"value_[1, ""water-tube""]"
259.571,musicking,178.766998291016,-582.089477539062,63.3333320617676,0.0,osc_received,"value_[1, ""platform_pan_nav""]"
259.832,move_left_pressed,196.100509643555,-582.048950195312,-33.3333320617676,0.0,Move_Left,pressed
259.913,jump_input_pressed,187.767181396484,-582.06591796875,-180.0,0.0,Jump,pressed
259.913,jump_executed,187.767181396484,-582.06591796875,-180.0,-500.0,jump,x_187.767181396484_y_-582.06591796875
260.356,jump_peak_reached,109.766479492188,-688.896484375,-180.0,39.8149261474609,jump_peak,x_109.766479492188_y_-688.896484375
260.414,jump_input_released,97.7664794921875,-682.538452148438,-180.0,187.963073730469,Jump,released
260.631,platform_landed,63.7941436767578,-585.013854980469,0.0,0.0,land_on_platform,platform_scene-1/Tile Map/3_-32_layer_Tile Map_tile_3_-32_source_1_atlas_1_0
260.631,landed,63.7941436767578,-585.013854980469,0.0,0.0,land,surface_wood_impact_1.33888928222656
260.856,move_right_pressed,63.7941436767578,-585.013854980469,33.3333320617676,0.0,Move_Right,pressed
260.963,coin_collected,78.1274795532227,-585.013854980469,180.0,0.0,collect_coin,coin_coin20_score_22
260.965,sonification,81.1274795532227,-585.013854980469,180.0,0.0,osc_received,"value_[1, ""coins-with-pitch""]"
261.247,jump_input_pressed,88.9608154296875,-585.013854980469,0.0,0.0,Jump,pressed
261.247,jump_executed,88.9608154296875,-585.013854980469,0.0,-500.0,jump,x_88.9608154296875_y_-585.013854980469
261.263,jump_peak_reached,88.9608154296875,-593.402221679688,0.0,-479.222198486328,jump_peak,x_88.9608154296875_y_-593.402221679688
261.464,move_left_pressed,88.9608154296875,-666.7392578125,-15.0,-234.222106933594,Move_Left,pressed
261.697,jump_input_released,80.0747375488281,-691.233154296875,0.0,76.8519668579102,Jump,released
261.99,platform_landed,80.0747375488281,-585.013366699219,0.0,0.0,land_on_platform,platform_scene-1/Tile Map/4_-32_layer_Tile Map_tile_4_-32_source_1_atlas_2_0
261.99,landed,80.0747375488281,-585.013366699219,0.0,0.0,land,surface_wood_impact_1.41296337890625
262.123,move_left_pressed,80.0747375488281,-585.013366699219,-33.3333320617676,0.0,Move_Left,pressed
262.163,jump_input_pressed,76.7414016723633,-585.013366699219,-133.33332824707,0.0,Jump,pressed
262.163,jump_executed,76.7414016723633,-585.013366699219,-133.33332824707,-500.0,jump,x_76.7414016723633_y_-585.013366699219
262.297,jump_input_released,54.3389282226562,-642.119812011719,-180.0,-335.333251953125,Jump,released
262.397,jump_peak_reached,49.5055961608887,-646.911499023438,0.0,41.2037048339844,jump_peak,x_49.5055961608887_y_-646.911499023438
262.58,platform_landed,49.5055961608887,-603.011901855469,0.0,0.0,land_on_platform,platform_scene-1/Tile Map/2_-33_layer_Tile Map_tile_2_-33_source_1_atlas_0_0
262.581,landed,49.5055961608887,-603.011901855469,0.0,0.0,land,surface_wood_impact_0.89722235107422
262.73,jump_input_pressed,49.5055961608887,-603.011901855469,0.0,0.0,Jump,pressed
262.73,jump_executed,49.5055961608887,-603.011901855469,0.0,-500.0,jump,x_49.5055961608887_y_-603.011901855469
262.814,move_left_pressed,49.5055961608887,-641.294555664062,-15.0,-396.666595458984,Move_Left,pressed
262.956,jump_peak_reached,40.5033416748047,-676.315185546875,-135.0,74.0740737915039,jump_peak,x_40.5033416748047_y_-676.315185546875
263.097,platform_landed,12.0060682296753,-637.04833984375,-180.0,0.0,land_on_platform,platform_scene-1/Tile Map/0_-35_layer_Tile Map_tile_0_-35_source_1_atlas_14_6
263.097,landed,12.0060682296753,-637.04833984375,-180.0,0.0,land,surface_wood_impact_0.81481488037109
263.098,musicking,12.0060682296753,-637.04833984375,-180.0,0.0,osc_received,"value_[1, ""water-tube""]"
263.131,jump_input_released,9.00609302520752,-636.69287109375,-180.0,0.0,Jump,released
263.131,musicking,5.98782444000244,-636.03662109375,-180.0,0.0,osc_received,"value_[1, ""platform_pan_nav""]"
263.423,jump_input_pressed,-1.84635293483734,-636.055053710938,0.0,0.0,Jump,pressed
263.423,jump_executed,-1.84635293483734,-636.055053710938,0.0,-500.0,jump,x_-1.84635293483734_y_-636.055053710938
263.547,move_right_pressed,-1.84635293483734,-693.113098144531,15.0,-335.333251953125,Move_Right,pressed
263.847,jump_peak_reached,35.6536483764648,-742.88623046875,180.0,39.8149261474609,jump_peak,x_35.6536483764648_y_-742.88623046875
263.889,jump_input_released,41.6536483764648,-740.941772460938,96.6666641235352,113.889007568359,Jump,released
263.997,platform_landed,43.4869804382324,-711.0234375,0.0,0.0,land_on_platform,platform_scene-1/Tile Map/2_-39_layer_Tile Map_tile_2_-39_source_1_atlas_2_0
263.997,landed,43.4869804382324,-711.0234375,0.0,0.0,land,surface_wood_impact_0.74629656982422
264.189,jump_input_pressed,43.4869804382324,-711.0234375,0.0,0.0,Jump,pressed
264.189,jump_executed,43.4869804382324,-711.0234375,0.0,-500.0,jump,x_43.4869804382324_y_-711.0234375
264.297,move_left_pressed,43.4869804382324,-762.188598632812,-15.0,-355.722137451172,Move_Left,pressed
264.624,jump_peak_reached,2.986980676651,-817.897827148438,-180.0,39.8149261474609,jump_peak,x_2.986980676651_y_-817.897827148438
264.697,jump_input_released,-12.0130205154419,-808.407104492188,-96.6666641235352,225.000106811523,Jump,released
264.722,platform_landed,-13.8463535308838,-801.06640625,-13.3333311080933,0.0,land_on_platform,platform_scene-1/Tile Map/-1_-44_layer_Tile Map_tile_-1_-44_source_1_atlas_3_0
264.722,landed,-13.8463535308838,-801.06640625,-13.3333311080933,0.0,land,surface_wood_impact_0.52407427978516
264.856,move_right_pressed,-13.8463535308838,-801.06640625,33.3333320617676,0.0,Move_Right,pressed
264.932,jump_input_pressed,-5.51302051544189,-801.06640625,180.0,0.0,Jump,pressed
264.932,jump_executed,-5.51302051544189,-801.06640625,180.0,-500.0,jump,x_-5.51302051544189_y_-801.06640625
265.364,jump_peak_reached,72.4896469116211,-907.902465820312,180.0,39.8149261474609,jump_peak,x_72.4896469116211_y_-907.902465820312
265.457,jump_input_released,87.4896469116211,-898.411743164062,180.0,225.000106811523,Jump,released
265.631,platform_landed,101.322982788086,-816.005920410156,0.0,0.0,land_on_platform,platform_scene-1/Tile Map/5_-45_layer_Tile Map_tile_5_-45_source_1_atlas_13_6
265.631,landed,101.322982788086,-816.005920410156,0.0,0.0,land,surface_wood_impact_1.26481518554687
265.631,musicking,101.322982788086,-816.005920410156,0.0,0.0,osc_received,"value_[1, ""water-tube""]"
265.79,move_right_pressed,101.322982788086,-816.005920410156,33.3333320617676,0.0,Move_Right,pressed
265.79,jump_input_pressed,101.322982788086,-816.005920410156,33.3333320617676,0.0,Jump,pressed
265.79,jump_executed,101.322982788086,-816.005920410156,33.3333320617676,-500.0,jump,x_101.322982788086_y_-816.005920410156
266.214,jump_peak_reached,166.131896972656,-922.884887695312,180.0,39.8149261474609,jump_peak,x_166.131896972656_y_-922.884887695312
266.347,jump_input_released,190.131896972656,-900.292297363281,180.0,336.111236572266,Jump,released
266.497,platform_landed,206.965240478516,-819.023803710938,0.0,0.0,land_on_platform,platform_scene-1/Tile Map/11_-45_layer_Tile Map_tile_11_-45_source_1_atlas_14_7
266.497,landed,206.965240478516,-819.023803710938,0.0,0.0,land,surface_wood_impact_1.33888928222656
266.498,sonification,206.965240478516,-819.023803710938,0.0,0.0,osc_received,"value_[1, ""leadr-mel""]"
266.498,musicking,206.965240478516,-819.023803710938,0.0,0.0,osc_received,"value_[1, ""cloud""]"
266.531,musicking,206.965240478516,-819.023803710938,0.0,0.0,osc_received,"value_[1, ""platform_pan_nav""]"
266.747,move_right_pressed,206.965240478516,-819.023803710938,33.3333320617676,0.0,Move_Right,pressed
266.831,jump_input_pressed,215.298583984375,-819.023803710938,180.0,0.0,Jump,pressed
266.831,jump_executed,215.298583984375,-819.023803710938,180.0,-500.0,jump,x_215.298583984375_y_-819.023803710938
266.847,jump_peak_reached,218.313049316406,-827.398254394531,180.0,-479.222198486328,jump_peak,x_218.313049316406_y_-827.398254394531
267.364,jump_input_released,311.313049316406,-912.651916503906,180.0,262.037139892578,Jump,released
267.563,platform_landed,325.146392822266,-816.008117675781,0.0,0.0,land_on_platform,platform_scene-1/Tile Map/18_-45_layer_Tile Map_tile_18_-45_source_1_atlas_13_6
267.563,landed,325.146392822266,-816.008117675781,0.0,0.0,land,surface_wood_impact_1.41296337890625
267.564,musicking,325.146392822266,-816.008117675781,0.0,0.0,osc_received,"value_[1, ""water-tube""]"
267.572,sonification,325.146392822266,-816.008117675781,0.0,0.0,osc_received,"value_[1, ""leadr-mel""]"
276.863,move_right_pressed,325.146392822266,-816.008117675781,33.3333320617676,0.0,Move_Right,pressed
276.931,jump_input_pressed,330.703155517578,-816.068664550781,166.666656494141,0.0,Jump,pressed
276.931,jump_executed,330.703155517578,-816.068664550781,166.666656494141,-500.0,jump,x_330.703155517578_y_-816.068664550781
277.348,jump_input_released,404.092315673828,-922.944458007812,13.3333311080933,2.77788853645325,Jump,released
277.364,jump_peak_reached,404.314544677734,-922.898132324219,0.0,39.8149261474609,jump_peak,x_404.314544677734_y_-922.898132324219
277.514,platform_landed,404.314544677734,-891.011047363281,0.0,0.0,land_on_platform,platform_scene-1/Tile Map/22_-49_layer_Tile Map_tile_22_-49_source_1_atlas_2_0
277.514,landed,404.314544677734,-891.011047363281,0.0,0.0,land,surface_wood_impact_0.74629656982422
277.522,sonification,404.314544677734,-891.011047363281,0.0,0.0,osc_received,"value_[1, ""leadr-mel""]"
277.656,jump_input_pressed,404.314544677734,-891.011047363281,0.0,0.0,Jump,pressed
277.656,jump_executed,404.314544677734,-891.011047363281,0.0,-500.0,jump,x_404.314544677734_y_-891.011047363281
277.781,move_left_pressed,404.314544677734,-948.123107910156,-15.0,-335.333251953125,Move_Left,pressed
278.015,jump_input_released,378.814544677734,-996.066650390625,-96.6666641235352,-55.722110748291,Jump,released
278.08,jump_peak_reached,376.981201171875,-997.698120117188,0.0,43.8149261474609,jump_peak,x_376.981201171875_y_-997.698120117188
278.257,jump_input_pressed,376.981201171875,-962.617858886719,0.0,414.185333251953,Jump,pressed
278.258,platform_landed,376.981201171875,-960.972961425781,0.0,0.0,land_on_platform,platform_scene-1/Tile Map/20_-53_layer_Tile Map_tile_20_-53_source_1_atlas_14_6
278.258,landed,376.981201171875,-960.972961425781,0.0,0.0,land,surface_wood_impact_0.82837066650391
278.258,musicking,376.981201171875,-960.972961425781,0.0,0.0,osc_received,"value_[1, ""water-tube""]"
278.259,sonification,376.981201171875,-960.972961425781,0.0,0.0,osc_received,"value_[1, ""leadr-mel""]"
278.263,jump_executed,376.981201171875,-960.972961425781,0.0,-500.0,jump,x_376.981201171875_y_-960.972961425781
278.264,musicking,376.981201171875,-969.374389648438,0.0,-500.055541992188,osc_received,"value_[1, ""chain-jumps""]"
278.364,move_right_pressed,376.981201171875,-1005.88360595703,15.0,-376.166595458984,Move_Right,pressed
278.696,jump_peak_reached,420.481201171875,-1067.86877441406,180.0,39.8149261474609,jump_peak,x_420.481201171875_y_-1067.86877441406
278.781,jump_input_released,435.481201171875,-1058.37805175781,180.0,225.000106811523,Jump,released
278.947,coin_collected,465.481201171875,-993.100219726562,180.0,558.33349609375,collect_coin,coin_coin21_score_24
278.948,sonification,468.481201171875,-983.177368164062,180.0,595.370544433594,osc_received,"value_[1, ""coins-with-pitch""]"
278.964,platform_landed,471.4677734375,-981.075439453125,180.0,0.0,land_on_platform,platform_scene-1/Tile Map/26_-54_layer_Tile Map_tile_26_-54_source_1_atlas_2_0
278.964,landed,471.4677734375,-981.075439453125,180.0,0.0,land,surface_wood_impact_1.26481518554687
278.965,sonification,471.4677734375,-981.075439453125,180.0,0.0,osc_received,"value_[1, ""leadr-mel""]"
279.048,musicking,486.4677734375,-981.075439453125,180.0,0.0,osc_received,"value_[1, ""chain-jumps-combo-walk""]"
279.231,jump_input_pressed,488.301116943359,-981.075439453125,0.0,0.0,Jump,pressed
279.231,jump_executed,488.301116943359,-981.075439453125,0.0,-500.0,jump,x_488.301116943359_y_-981.075439453125
279.281,move_right_pressed,488.301116943359,-1005.04351806641,15.0,-437.833282470703,Move_Right,pressed
279.664,jump_peak_reached,540.801147460938,-1087.90454101562,180.0,39.8149261474609,jump_peak,x_540.801147460938_y_-1087.90454101562
279.832,jump_input_released,570.801147460938,-1053.49096679688,180.0,410.185333251953,Jump,released
279.864,platform_landed,575.642028808594,-1032.07336425781,13.3333311080933,0.0,land_on_platform,platform_scene-1/Tile Map/31_-57_layer_Tile Map_tile_31_-57_source_1_atlas_14_6
279.864,landed,575.642028808594,-1032.07336425781,13.3333311080933,0.0,land,surface_wood_impact_0.96851885986328
279.865,musicking,575.642028808594,-1032.07336425781,13.3333311080933,0.0,osc_received,"value_[1, ""water-tube""]"
279.865,sonification,575.642028808594,-1032.07336425781,13.3333311080933,0.0,osc_received,"value_[1, ""leadr-mel""]"
279.898,musicking,575.642028808594,-1032.07336425781,0.0,0.0,osc_received,"value_[1, ""platform_pan_nav""]"
280.031,move_right_pressed,575.642028808594,-1032.07336425781,33.3333320617676,0.0,Move_Right,pressed
280.114,jump_input_pressed,583.975402832031,-1031.99328613281,180.0,0.0,Jump,pressed
280.114,jump_executed,583.975402832031,-1031.99328613281,180.0,-500.0,jump,x_583.975402832031_y_-1031.99328613281
280.463,jump_input_released,639.829467773438,-1135.77404785156,0.0,-75.3332214355469,Jump,released
280.556,jump_peak_reached,639.829467773438,-1138.57958984375,0.0,45.0371475219727,jump_peak,x_639.829467773438_y_-1138.57958984375
280.731,platform_landed,639.829467773438,-1089.01550292969,0.0,0.0,land_on_platform,platform_scene-1/Tile Map/35_-60_layer_Tile Map_tile_35_-60_source_1_atlas_1_0
280.731,landed,639.829467773438,-1089.01550292969,0.0,0.0,land,surface_wood_impact_0.90488922119141
280.732,sonification,639.829467773438,-1089.01550292969,0.0,0.0,osc_received,"value_[1, ""leadr-mel""]"
280.78,jump_input_pressed,639.829467773438,-1089.01550292969,0.0,0.0,Jump,pressed
280.78,jump_executed,639.829467773438,-1089.01550292969,0.0,-500.0,jump,x_639.829467773438_y_-1089.01550292969
280.79,musicking,639.829467773438,-1097.40234375,0.0,-500.055541992188,osc_received,"value_[1, ""chain-jumps""]"
280.857,move_left_pressed,639.829467773438,-1120.33654785156,-15.0,-417.22216796875,Move_Left,pressed
281.214,jump_peak_reached,590.329467773438,-1195.89672851562,-180.0,39.8149261474609,jump_peak,x_590.329467773438_y_-1195.89672851562
281.314,jump_input_released,572.329467773438,-1182.65600585938,-96.6666641235352,262.037139892578,Jump,released
281.414,platform_landed,570.496154785156,-1143.03137207031,0.0,0.0,land_on_platform,platform_scene-1/Tile Map/31_-63_layer_Tile Map_tile_31_-63_source_1_atlas_3_0
281.414,landed,570.496154785156,-1143.03137207031,0.0,0.0,land,surface_wood_impact_0.96851885986328
281.415,sonification,570.496154785156,-1143.03137207031,0.0,0.0,osc_received,"value_[1, ""leadr-mel""]"
281.848,move_left_pressed,570.496154785156,-1143.03137207031,-33.3333320617676,0.0,Move_Left,pressed
281.88,jump_input_pressed,568.829528808594,-1143.03137207031,-100.0,0.0,Jump,pressed
281.88,jump_executed,568.829528808594,-1143.03137207031,-100.0,-500.0,jump,x_568.829528808594_y_-1143.03137207031
282.297,jump_input_released,498.071960449219,-1249.94360351562,-180.0,2.77788853645325,Jump,released
282.323,jump_peak_reached,495.071960449219,-1249.89733886719,-96.6666641235352,39.8149261474609,jump_peak,x_495.071960449219_y_-1249.89733886719
282.514,platform_landed,493.238616943359,-1197.00048828125,0.0,0.0,land_on_platform,platform_scene-1/Tile Map/27_-66_layer_Tile Map_tile_27_-66_source_1_atlas_3_0
282.514,landed,493.238616943359,-1197.00048828125,0.0,0.0,land,surface_wood_impact_0.96851885986328
282.515,sonification,493.238616943359,-1197.00048828125,0.0,0.0,osc_received,"value_[1, ""leadr-mel""]"
282.531,musicking,493.238616943359,-1197.00048828125,0.0,0.0,osc_received,"value_[1, ""platform_pan_nav""]"
282.715,jump_input_pressed,493.238616943359,-1197.00048828125,0.0,0.0,Jump,pressed
282.715,jump_executed,493.238616943359,-1197.00048828125,0.0,-500.0,jump,x_493.238616943359_y_-1197.00048828125
282.79,move_left_pressed,493.238616943359,-1228.33459472656,-15.0,-417.22216796875,Move_Left,pressed
283.147,jump_peak_reached,443.738616943359,-1303.89477539062,-180.0,39.8149261474609,jump_peak,x_443.738616943359_y_-1303.89477539062
283.481,platform_landed,380.870513916016,-1160.81408691406,-180.0,0.0,land_on_platform,platform_scene-1/Tile Map/20_-64_layer_Tile Map_tile_20_-64_source_1_atlas_15_7
283.481,landed,380.870513916016,-1160.81408691406,-180.0,0.0,land,surface_wood_impact_1.56111157226563
283.481,musicking,380.870513916016,-1160.81408691406,-180.0,0.0,osc_received,"value_[1, ""cloud""]"
283.564,jump_input_released,368.976989746094,-1161.00219726562,-180.0,0.0,Jump,released
283.915,move_left_pressed,364.143646240234,-1161.00219726562,-33.3333320617676,0.0,Move_Left,pressed
283.998,jump_input_pressed,355.863372802734,-1161.00219726562,-180.0,0.0,Jump,pressed
283.998,jump_executed,355.863372802734,-1161.00219726562,-180.0,-500.0,jump,x_355.863372802734_y_-1161.00219726562
284.014,jump_peak_reached,352.842895507812,-1169.39331054688,-180.0,-479.222198486328,jump_peak,x_352.842895507812_y_-1169.39331054688
284.148,jump_input_released,345.009552001953,-1223.71179199219,0.0,-314.999908447266,Jump,released
284.389,move_left_pressed,345.009552001953,-1205.72570800781,-15.0,337.500030517578,Move_Left,pressed
284.457,platform_landed,341.259552001953,-1179.06677246094,-75.0,0.0,land_on_platform,platform_scene-1/Tile Map/18_-65_layer_Tile Map_tile_18_-65_source_1_atlas_3_0
284.457,landed,341.259552001953,-1179.06677246094,-75.0,0.0,land,surface_wood_impact_0.97129644775391
284.716,move_left_pressed,341.259552001953,-1179.06677246094,-33.3333320617676,0.0,Move_Left,pressed
284.857,jump_input_pressed,323.926239013672,-1179.06677246094,-180.0,0.0,Jump,pressed
284.857,jump_executed,323.926239013672,-1179.06677246094,-180.0,-500.0,jump,x_323.926239013672_y_-1179.06677246094
285.289,jump_peak_reached,245.923706054688,-1285.90246582031,-180.0,39.8149261474609,jump_peak,x_245.923706054688_y_-1285.90246582031
285.49,jump_input_released,209.923706054688,-1237.19873046875,-96.6666641235352,484.259429931641,Jump,released
285.522,platform_landed,208.090362548828,-1215.02331542969,0.0,0.0,land_on_platform,platform_scene-1/Tile Map/11_-67_layer_Tile Map_tile_11_-67_source_1_atlas_0_0
285.523,landed,208.090362548828,-1215.02331542969,0.0,0.0,land,surface_wood_impact_1.1166669921875
285.68,jump_input_pressed,208.090362548828,-1215.02331542969,0.0,0.0,Jump,pressed
285.68,jump_executed,208.090362548828,-1215.02331542969,0.0,-500.0,jump,x_208.090362548828_y_-1215.02331542969
285.714,move_left_pressed,208.090362548828,-1231.39221191406,-15.0,-458.499969482422,Move_Left,pressed
286.114,jump_peak_reached,152.590362548828,-1321.89770507812,-180.0,39.8149261474609,jump_peak,x_152.590362548828_y_-1321.89770507812
286.148,jump_input_released,146.590362548828,-1319.95324707031,-96.6666641235352,113.889007568359,Jump,released
286.314,platform_landed,144.757019042969,-1269.00085449219,0.0,0.0,land_on_platform,platform_scene-1/Tile Map/7_-70_layer_Tile Map_tile_7_-70_source_1_atlas_3_0
286.314,landed,144.757019042969,-1269.00085449219,0.0,0.0,land,surface_wood_impact_0.96851885986328
286.331,musicking,144.757019042969,-1269.00085449219,0.0,0.0,osc_received,"value_[1, ""platform_pan_nav""]"
286.648,jump_input_pressed,144.757019042969,-1269.00085449219,0.0,0.0,Jump,pressed
286.648,jump_executed,144.757019042969,-1269.00085449219,0.0,-500.0,jump,x_144.757019042969_y_-1269.00085449219
286.732,move_left_pressed,144.757019042969,-1307.29296875,-15.0,-396.666595458984,Move_Left,pressed
287.08,jump_peak_reached,98.2570190429688,-1375.89477539062,-180.0,39.8149261474609,jump_peak,x_98.2570190429688_y_-1375.89477539062
287.19,coin_collected,80.2570190429688,-1362.65405273438,-180.0,225.000106811523,collect_coin,coin_coin23_score_26
287.19,jump_input_released,80.2570190429688,-1362.65405273438,-96.6666641235352,262.037139892578,Jump,released
287.191,sonification,78.6459045410156,-1358.28674316406,-96.6666641235352,262.037139892578,osc_received,"value_[1, ""coins-with-pitch""]"
287.248,platform_landed,78.4236831665039,-1338.00952148438,0.0,0.0,land_on_platform,platform_scene-1/Tile Map/4_-74_layer_Tile Map_tile_4_-74_source_1_atlas_13_6
287.248,landed,78.4236831665039,-1338.00952148438,0.0,0.0,land,surface_wood_impact_0.82037066650391
287.248,musicking,78.4236831665039,-1338.00952148438,0.0,0.0,osc_received,"value_[1, ""water-tube""]"
287.381,move_right_pressed,78.4236831665039,-1338.00952148438,33.3333320617676,0.0,Move_Right,pressed
287.557,jump_input_pressed,101.237586975098,-1339.42126464844,180.0,0.0,Jump,pressed
287.557,jump_executed,101.237586975098,-1339.42126464844,180.0,-500.0,jump,x_101.237586975098_y_-1339.42126464844
287.99,jump_peak_reached,179.237594604492,-1446.24987792969,180.0,39.8149261474609,jump_peak,x_179.237594604492_y_-1446.24987792969
288.165,jump_input_released,212.237594604492,-1404.99987792969,180.0,447.222381591797,Jump,released
288.281,coin_collected,233.237594604492,-1339.86083984375,180.0,669.444641113281,collect_coin,coin_coin22_score_28
288.281,platform_landed,236.249267578125,-1338.04357910156,180.0,0.0,land_on_platform,platform_scene-1/Tile Map/13_-74_layer_Tile Map_tile_13_-74_source_1_atlas_13_6
288.281,landed,236.249267578125,-1338.04357910156,180.0,0.0,land,surface_wood_impact_1.41296337890625
288.283,sonification,236.249267578125,-1338.04357910156,180.0,0.0,osc_received,"value_[1, ""coins-with-pitch""]"
288.284,musicking,236.249267578125,-1338.04357910156,180.0,0.0,osc_received,"value_[1, ""water-tube""]"
288.547,move_right_pressed,247.082717895508,-1338.05212402344,33.3333320617676,0.0,Move_Right,pressed
288.697,jump_input_pressed,267.416137695312,-1338.05322265625,180.0,0.0,Jump,pressed
288.697,jump_executed,267.416137695312,-1338.05322265625,180.0,-500.0,jump,x_267.416137695312_y_-1338.05322265625
289.098,jump_input_released,335.251037597656,-1444.63159179688,0.0,-16.6665554046631,Jump,released
289.131,jump_peak_reached,335.251037597656,-1444.83996582031,0.0,41.2038154602051,jump_peak,x_335.251037597656_y_-1444.83996582031
289.231,platform_landed,335.251037597656,-1428.61340332031,0.0,0.0,land_on_platform,platform_scene-1/Tile Map/18_-79_layer_Tile Map_tile_18_-79_source_1_atlas_14_6
289.231,landed,335.251037597656,-1428.61340332031,0.0,0.0,land,surface_wood_impact_0.52685205078125
289.232,musicking,335.251037597656,-1428.61340332031,0.0,0.0,osc_received,"value_[1, ""water-tube""]"
289.298,move_left_pressed,335.251037597656,-1428.61340332031,-33.3333320617676,0.0,Move_Left,pressed
289.431,jump_input_pressed,317.979553222656,-1427.71643066406,-180.0,74.0740737915039,Jump,pressed
289.431,jump_executed,317.979553222656,-1427.71643066406,-180.0,-500.0,jump,x_317.979553222656_y_-1427.71643066406
289.756,jump_input_released,260.979553222656,-1527.90625,-96.6666641235352,-114.722114562988,Jump,released
289.847,jump_peak_reached,259.146209716797,-1532.69787597656,0.0,41.2037048339844,jump_peak,x_259.146209716797_y_-1532.69787597656
290.056,move_left_pressed,259.146209716797,-1483.71643066406,-15.0,485.648223876953,Move_Left,pressed
290.247,platform_landed,254.030822753906,-1338.03454589844,0.0,0.0,land_on_platform,platform_scene-1/Tile Map/14_-74_layer_Tile Map_tile_14_-74_source_1_atlas_13_6
290.247,landed,254.030822753906,-1338.03454589844,0.0,0.0,land,surface_wood_impact_1.860185546875
290.248,musicking,254.030822753906,-1338.03454589844,0.0,0.0,osc_received,"value_[1, ""water-tube""]"
290.431,move_right_pressed,254.030822753906,-1338.03454589844,33.3333320617676,0.0,Move_Right,pressed
290.581,jump_input_pressed,274.3642578125,-1338.05212402344,180.0,0.0,Jump,pressed
290.581,jump_executed,274.3642578125,-1338.05212402344,180.0,-500.0,jump,x_274.3642578125_y_-1338.05212402344
290.947,jump_input_released,336.203277587891,-1443.06701660156,0.0,-55.722110748291,Jump,released
291.022,jump_peak_reached,336.203277587891,-1444.69848632812,0.0,43.8149261474609,jump_peak,x_336.203277587891_y_-1444.69848632812
291.122,platform_landed,336.203277587891,-1428.21728515625,0.0,0.0,land_on_platform,platform_scene-1/Tile Map/18_-79_layer_Tile Map_tile_18_-79_source_1_atlas_14_6
291.122,landed,336.203277587891,-1428.21728515625,0.0,0.0,land,surface_wood_impact_0.53207427978516
291.124,musicking,336.203277587891,-1428.21728515625,0.0,0.0,osc_received,"value_[1, ""water-tube""]"
291.157,move_left_pressed,336.203277587891,-1428.21728515625,-33.3333320617676,0.0,Move_Left,pressed
291.298,jump_input_pressed,316.157287597656,-1426.89624023438,-180.0,111.111114501953,Jump,pressed
291.298,jump_executed,316.157287597656,-1426.89624023438,-180.0,-500.0,jump,x_316.157287597656_y_-1426.89624023438
291.631,jump_input_released,256.157287597656,-1529.0166015625,-180.0,-94.9998931884766,Jump,released
291.731,jump_peak_reached,251.323944091797,-1533.30822753906,0.0,46.2038116455078,jump_peak,x_251.323944091797_y_-1533.30822753906
291.931,platform_landed,251.323944091797,-1482.9833984375,0.0,0.0,land_on_platform,platform_scene-1/Tile Map/13_-82_layer_Tile Map_tile_13_-82_source_1_atlas_14_6
291.931,landed,251.323944091797,-1482.9833984375,0.0,0.0,land,surface_wood_impact_0.98129663085938
291.931,musicking,251.323944091797,-1482.9833984375,0.0,0.0,osc_received,"value_[1, ""water-tube""]"
291.948,musicking,251.323944091797,-1482.9833984375,0.0,0.0,osc_received,"value_[1, ""platform_pan_nav""]"
292.33,move_right_pressed,251.323944091797,-1482.9833984375,33.3333320617676,0.0,Move_Right,pressed
292.347,jump_input_pressed,251.881378173828,-1482.9833984375,66.6666641235352,0.0,Jump,pressed
292.347,jump_executed,251.881378173828,-1482.9833984375,66.6666641235352,-500.0,jump,x_251.881378173828_y_-1482.9833984375
292.747,jump_input_released,315.771881103516,-1589.56945800781,180.0,-16.6665554046631,Jump,released
292.781,jump_peak_reached,321.771881103516,-1589.77783203125,96.6666641235352,41.2038154602051,jump_peak,x_321.771881103516_y_-1589.77783203125
292.99,platform_landed,323.605224609375,-1536.14855957031,0.0,0.0,land_on_platform,platform_scene-1/Tile Map/18_-85_layer_Tile Map_tile_18_-85_source_1_atlas_14_6
292.99,landed,323.605224609375,-1536.14855957031,0.0,0.0,land,surface_wood_impact_0.97129663085938
292.991,musicking,323.605224609375,-1536.14855957031,0.0,0.0,osc_received,"value_[1, ""water-tube""]"
293.18,move_left_pressed,323.605224609375,-1536.14855957031,-33.3333320617676,0.0,Move_Left,pressed
293.214,jump_input_pressed,321.869964599609,-1535.78137207031,-81.6666641235352,37.037036895752,Jump,pressed
293.214,jump_executed,321.869964599609,-1535.78137207031,-81.6666641235352,-500.0,jump,x_321.869964599609_y_-1535.78137207031
293.615,jump_input_released,256.092163085938,-1642.35534667969,-180.0,-16.6665554046631,Jump,released
293.647,jump_peak_reached,250.092163085938,-1642.56372070312,-180.0,41.2038154602051,jump_peak,x_250.092163085938_y_-1642.56372070312
293.847,platform_landed,245.258819580078,-1590.98962402344,0.0,0.0,land_on_platform,platform_scene-1/Tile Map/13_-88_layer_Tile Map_tile_13_-88_source_1_atlas_14_6
293.847,landed,245.258819580078,-1590.98962402344,0.0,0.0,land,surface_wood_impact_0.97129663085938
293.849,musicking,245.258819580078,-1590.98962402344,0.0,0.0,osc_received,"value_[1, ""water-tube""]"
293.998,move_right_pressed,245.258819580078,-1590.98962402344,33.3333320617676,0.0,Move_Right,pressed
294.031,jump_input_pressed,246.925689697266,-1591.04931640625,100.0,0.0,Jump,pressed
294.032,jump_executed,246.925689697266,-1591.04931640625,100.0,-500.0,jump,x_246.925689697266_y_-1591.04931640625
294.464,jump_peak_reached,320.676574707031,-1697.88244628906,180.0,39.8149261474609,jump_peak,x_320.676574707031_y_-1697.88244628906
294.515,jump_input_released,329.676574707031,-1694.03979492188,180.0,150.926040649414,Jump,released
294.664,platform_landed,337.509918212891,-1644.0712890625,0.0,0.0,land_on_platform,platform_scene-1/Tile Map/18_-91_layer_Tile Map_tile_18_-91_source_1_atlas_14_6
294.664,landed,337.509918212891,-1644.0712890625,0.0,0.0,land,surface_wood_impact_0.96851885986328
294.664,musicking,337.509918212891,-1644.0712890625,0.0,0.0,osc_received,"value_[1, ""water-tube""]"
294.715,move_left_pressed,337.509918212891,-1644.0712890625,-33.3333320617676,0.0,Move_Left,pressed
294.914,jump_input_pressed,308.532470703125,-1637.94140625,-180.0,185.185180664062,Jump,pressed
295.224,platform_landed,255.246353149414,-1482.07495117188,-96.6666641235352,0.0,land_on_platform,platform_scene-1/Tile Map/13_-82_layer_Tile Map_tile_13_-82_source_1_atlas_14_6
295.224,landed,255.246353149414,-1482.07495117188,-96.6666641235352,0.0,land,surface_wood_impact_1.70370397949219
295.225,musicking,255.246353149414,-1482.07495117188,-96.6666641235352,0.0,osc_received,"value_[1, ""water-tube""]"
295.23,jump_input_released,255.246353149414,-1482.07495117188,-13.3333311080933,0.0,Jump,released
295.464,move_right_pressed,255.024124145508,-1481.75073242188,33.3333320617676,0.0,Move_Right,pressed
295.856,platform_landed,258.140686035156,-1338.01147460938,0.0,0.0,land_on_platform,platform_scene-1/Tile Map/14_-74_layer_Tile Map_tile_14_-74_source_1_atlas_13_6
295.856,landed,258.140686035156,-1338.01147460938,0.0,0.0,land,surface_wood_impact_1.6296298828125
295.856,musicking,258.140686035156,-1338.01147460938,0.0,0.0,osc_received,"value_[1, ""water-tube""]"
296.398,move_right_pressed,258.140686035156,-1338.01147460938,33.3333320617676,0.0,Move_Right,pressed
296.465,jump_input_pressed,263.6962890625,-1338.06213378906,166.666656494141,0.0,Jump,pressed
296.465,jump_executed,263.6962890625,-1338.06213378906,166.666656494141,-500.0,jump,x_263.6962890625_y_-1338.06213378906
296.849,jump_input_released,332.474426269531,-1444.01220703125,96.6666641235352,-36.1665573120117,Jump,released
296.897,jump_peak_reached,334.307769775391,-1444.77880859375,0.0,42.5371475219727,jump_peak,x_334.307769775391_y_-1444.77880859375
296.997,platform_landed,334.307769775391,-1428.86987304688,0.0,0.0,land_on_platform,platform_scene-1/Tile Map/18_-79_layer_Tile Map_tile_18_-79_source_1_atlas_14_6
296.997,landed,334.307769775391,-1428.86987304688,0.0,0.0,land,surface_wood_impact_0.52951873779297
296.998,musicking,334.307769775391,-1428.86987304688,0.0,0.0,osc_received,"value_[1, ""water-tube""]"
297.098,move_left_pressed,334.307769775391,-1428.86987304688,-33.3333320617676,0.0,Move_Left,pressed
297.215,jump_input_pressed,319.979461669922,-1428.28784179688,-180.0,74.0740737915039,Jump,pressed
297.215,jump_executed,319.979461669922,-1428.28784179688,-180.0,-500.0,jump,x_319.979461669922_y_-1428.28784179688
297.597,jump_input_released,250.979461669922,-1534.23681640625,-180.0,-36.1665573120117,Jump,released
297.647,jump_peak_reached,241.979461669922,-1535.00341796875,-96.6666641235352,42.5371475219727,jump_peak,x_241.979461669922_y_-1535.00341796875
297.856,platform_landed,240.146118164062,-1482.04577636719,0.0,0.0,land_on_platform,platform_scene-1/Tile Map/13_-82_layer_Tile Map_tile_13_-82_source_1_atlas_14_6
297.856,landed,240.146118164062,-1482.04577636719,0.0,0.0,land,surface_wood_impact_0.97396331787109
297.857,musicking,240.146118164062,-1482.04577636719,0.0,0.0,osc_received,"value_[1, ""water-tube""]"
297.947,move_right_pressed,240.146118164062,-1482.04577636719,33.3333320617676,0.0,Move_Right,pressed
298.047,jump_input_pressed,251.077056884766,-1482.97814941406,180.0,0.0,Jump,pressed
298.047,jump_executed,251.077056884766,-1482.97814941406,180.0,-500.0,jump,x_251.077056884766_y_-1482.97814941406
298.463,jump_input_released,326.098663330078,-1589.9130859375,96.6666641235352,2.77788853645325,Jump,released
298.481,jump_peak_reached,327.709777832031,-1589.86682128906,13.3333311080933,39.8149261474609,jump_peak,x_327.709777832031_y_-1589.86682128906
298.681,platform_landed,327.932006835938,-1536.96997070312,0.0,0.0,land_on_platform,platform_scene-1/Tile Map/18_-85_layer_Tile Map_tile_18_-85_source_1_atlas_14_6
298.681,landed,327.932006835938,-1536.96997070312,0.0,0.0,land,surface_wood_impact_0.96851885986328
298.682,musicking,327.932006835938,-1536.96997070312,0.0,0.0,osc_received,"value_[1, ""water-tube""]"
299.015,move_left_pressed,327.932006835938,-1536.96997070312,-33.3333320617676,0.0,Move_Left,pressed
299.015,jump_input_pressed,327.932006835938,-1536.96997070312,-33.3333320617676,0.0,Jump,pressed
299.015,jump_executed,327.932006835938,-1536.96997070312,-33.3333320617676,-500.0,jump,x_327.932006835938_y_-1536.96997070312
299.447,jump_peak_reached,263.122253417969,-1643.86340332031,-180.0,39.8149261474609,jump_peak,x_263.122253417969_y_-1643.86340332031
299.481,jump_input_released,257.122253417969,-1641.9189453125,-180.0,113.889007568359,Jump,released
299.648,platform_landed,252.288909912109,-1590.87194824219,0.0,0.0,land_on_platform,platform_scene-1/Tile Map/13_-88_layer_Tile Map_tile_13_-88_source_1_atlas_14_6
299.648,landed,252.288909912109,-1590.87194824219,0.0,0.0,land,surface_wood_impact_0.96851885986328
299.649,musicking,252.288909912109,-1590.87194824219,0.0,0.0,osc_received,"value_[1, ""water-tube""]"
299.858,move_right_pressed,252.288909912109,-1590.87194824219,33.3333320617676,0.0,Move_Right,pressed
299.858,jump_input_pressed,252.288909912109,-1590.87194824219,33.3333320617676,0.0,Jump,pressed
299.858,jump_executed,252.288909912109,-1590.87194824219,33.3333320617676,-500.0,jump,x_252.288909912109_y_-1590.87194824219
300.29,jump_peak_reached,317.098571777344,-1697.76342773438,180.0,39.8149261474609,jump_peak,x_317.098571777344_y_-1697.76342773438
300.331,jump_input_released,326.098571777344,-1693.92077636719,96.6666641235352,150.926040649414,Jump,released
300.481,platform_landed,327.931915283203,-1644.99267578125,0.0,0.0,land_on_platform,platform_scene-1/Tile Map/18_-91_layer_Tile Map_tile_18_-91_source_1_atlas_14_6
300.481,landed,327.931915283203,-1644.99267578125,0.0,0.0,land,surface_wood_impact_0.96851885986328
300.482,musicking,327.931915283203,-1644.99267578125,0.0,0.0,osc_received,"value_[1, ""water-tube""]"
300.664,move_left_pressed,327.931915283203,-1644.99267578125,-33.3333320617676,0.0,Move_Left,pressed
300.664,jump_input_pressed,327.931915283203,-1644.99267578125,-33.3333320617676,0.0,Jump,pressed
300.664,jump_executed,327.931915283203,-1644.99267578125,-33.3333320617676,-500.0,jump,x_327.931915283203_y_-1644.99267578125
301.097,jump_peak_reached,263.123474121094,-1751.86645507812,-180.0,39.8149261474609,jump_peak,x_263.123474121094_y_-1751.86645507812
301.18,jump_input_released,248.123474121094,-1742.37573242188,-96.6666641235352,225.000106811523,Jump,released
301.297,platform_landed,246.290130615234,-1699.00109863281,0.0,0.0,land_on_platform,platform_scene-1/Tile Map/13_-94_layer_Tile Map_tile_13_-94_source_1_atlas_14_6
301.297,landed,246.290130615234,-1699.00109863281,0.0,0.0,land,surface_wood_impact_0.96851885986328
301.298,musicking,246.290130615234,-1699.00109863281,0.0,0.0,osc_received,"value_[1, ""water-tube""]"
301.482,move_right_pressed,246.290130615234,-1699.00109863281,33.3333320617676,0.0,Move_Right,pressed
301.482,jump_input_pressed,246.290130615234,-1699.00109863281,33.3333320617676,0.0,Jump,pressed
301.482,jump_executed,246.290130615234,-1699.00109863281,33.3333320617676,-500.0,jump,x_246.290130615234_y_-1699.00109863281
301.915,jump_peak_reached,311.098876953125,-1805.8779296875,180.0,39.8149261474609,jump_peak,x_311.098876953125_y_-1805.8779296875
301.982,jump_input_released,323.098876953125,-1799.51989746094,96.6666641235352,187.963073730469,Jump,released
302.114,platform_landed,324.932220458984,-1752.697265625,0.0,0.0,land_on_platform,platform_scene-1/Tile Map/18_-97_layer_Tile Map_tile_18_-97_source_1_atlas_14_6
302.115,landed,324.932220458984,-1752.697265625,0.0,0.0,land,surface_wood_impact_0.96851885986328
302.115,musicking,324.932220458984,-1752.697265625,0.0,0.0,osc_received,"value_[1, ""water-tube""]"
302.447,jump_input_pressed,324.932220458984,-1752.697265625,0.0,0.0,Jump,pressed
302.447,jump_executed,324.932220458984,-1752.697265625,0.0,-500.0,jump,x_324.932220458984_y_-1752.697265625
302.632,move_right_pressed,324.932220458984,-1825.5849609375,15.0,-274.499877929688,Move_Right,pressed
302.857,jump_input_released,347.432220458984,-1859.32470703125,96.6666641235352,-16.6665554046631,Jump,released
302.881,jump_peak_reached,349.265563964844,-1859.53308105469,0.0,41.2038154602051,jump_peak,x_349.265563964844_y_-1859.53308105469
303.031,platform_landed,349.265563964844,-1827.00952148438,0.0,0.0,land_on_platform,platform_scene-1/Tile Map/19_-101_layer_Tile Map_tile_19_-101_source_1_atlas_1_4
303.031,landed,349.265563964844,-1827.00952148438,0.0,0.0,land,surface_wood_impact_0.74907434082031
303.056,musicking,349.265563964844,-1827.00952148438,0.0,0.0,osc_received,"value_[1, ""platform_pan_nav""]"
303.098,move_left_pressed,349.265563964844,-1827.00952148438,-33.3333320617676,0.0,Move_Left,pressed
303.098,jump_input_pressed,349.265563964844,-1827.00952148438,-33.3333320617676,0.0,Jump,pressed
303.098,jump_executed,349.265563964844,-1827.00952148438,-33.3333320617676,-500.0,jump,x_349.265563964844_y_-1827.00952148438
303.099,musicking,348.706176757812,-1835.40124511719,-33.3333320617676,-500.055541992188,osc_received,"value_[1, ""chain-jumps""]"
303.531,jump_peak_reached,284.456298828125,-1933.89562988281,-180.0,39.8149261474609,jump_peak,x_284.456298828125_y_-1933.89562988281
303.681,jump_input_released,257.456298828125,-1905.701171875,-180.0,373.148284912109,Jump,released
303.731,coin_collected,252.622955322266,-1885.19189453125,-13.3333311080933,447.222381591797,collect_coin,coin_coin25_score_30
303.732,sonification,252.622955322266,-1877.12084960938,0.0,484.259429931641,osc_received,"value_[1, ""coins-with-pitch""]"
303.764,platform_landed,252.622955322266,-1863.01647949219,0.0,0.0,land_on_platform,platform_scene-1/Tile Map/13_-103_layer_Tile Map_tile_13_-103_source_1_atlas_1_4
303.764,landed,252.622955322266,-1863.01647949219,0.0,0.0,land,surface_wood_impact_1.1166669921875
303.948,jump_input_pressed,252.622955322266,-1863.01647949219,0.0,0.0,Jump,pressed
303.948,jump_executed,252.622955322266,-1863.01647949219,0.0,-500.0,jump,x_252.622955322266_y_-1863.01647949219
303.965,move_left_pressed,252.622955322266,-1871.40539550781,-15.0,-479.222198486328,Move_Left,pressed
304.281,jump_input_released,212.122955322266,-1965.19152832031,-180.0,-94.9998931884766,Jump,released
304.381,jump_peak_reached,204.289611816406,-1969.48315429688,0.0,46.2038116455078,jump_peak,x_204.289611816406_y_-1969.48315429688
304.59,platform_landed,204.289611816406,-1917.01013183594,0.0,0.0,land_on_platform,platform_scene-1/Tile Map/11_-106_layer_Tile Map_tile_11_-106_source_1_atlas_15_7
304.59,landed,204.289611816406,-1917.01013183594,0.0,0.0,land,surface_wood_impact_0.98129663085938
304.591,sonification,204.289611816406,-1917.01013183594,0.0,0.0,osc_received,"value_[1, ""leadr-mel""]"
304.592,musicking,204.289611816406,-1917.01013183594,0.0,0.0,osc_received,"value_[1, ""cloud""]"
304.698,jump_input_pressed,204.289611816406,-1917.01013183594,0.0,0.0,Jump,pressed
304.698,jump_executed,204.289611816406,-1917.01013183594,0.0,-500.0,jump,x_204.289611816406_y_-1917.01013183594
304.748,move_left_pressed,204.289611816406,-1941.03491210938,-15.0,-437.833282470703,Move_Left,pressed
304.831,top/checkpoint reached,200.539611816406,-1974.12292480469,-90.0,-335.833251953125,top/checkpoint,coins collected: 30
305.131,jump_peak_reached,151.789611816406,-2023.89599609375,-180.0,39.8149261474609,jump_peak,x_151.789611816406_y_-2023.89599609375
305.157,jump_input_released,148.789611816406,-2023.232421875,-180.0,76.8519668579102,Jump,released
305.298,platform_landed,143.956268310547,-1989.01513671875,0.0,0.0,land_on_platform,platform_scene-1/Tile Map/7_-110_layer_Tile Map_tile_7_-110_source_1_atlas_2_4
305.298,landed,143.956268310547,-1989.01513671875,0.0,0.0,land,surface_wood_impact_0.82037066650391
305.299,sonification,143.956268310547,-1989.01513671875,0.0,0.0,osc_received,"value_[1, ""leadr-mel""]"
305.364,move_right_pressed,143.956268310547,-1989.01513671875,33.3333320617676,0.0,Move_Right,pressed
305.491,jump_input_pressed,158.289947509766,-1989.06884765625,180.0,0.0,Jump,pressed
305.491,jump_executed,158.289947509766,-1989.06884765625,180.0,-500.0,jump,x_158.289947509766_y_-1989.06884765625
305.914,jump_peak_reached,236.291885375977,-2095.90307617188,180.0,39.8149261474609,jump_peak,x_236.291885375977_y_-2095.90307617188
305.957,jump_input_released,242.291885375977,-2093.95874023438,180.0,113.889007568359,Jump,released
306.214,platform_landed,268.125213623047,-1989.01965332031,0.0,0.0,land_on_platform,platform_scene-1/Tile Map/14_-110_layer_Tile Map_tile_14_-110_source_1_atlas_2_4
306.214,landed,268.125213623047,-1989.01965332031,0.0,0.0,land,surface_wood_impact_1.41296337890625
306.215,sonification,268.125213623047,-1989.01965332031,0.0,0.0,osc_received,"value_[1, ""leadr-mel""]"
306.364,jump_input_pressed,268.125213623047,-1989.01965332031,0.0,0.0,Jump,pressed
306.364,jump_executed,268.125213623047,-1989.01965332031,0.0,-500.0,jump,x_268.125213623047_y_-1989.01965332031
306.532,move_right_pressed,268.125213623047,-2056.98071289062,15.0,-294.722106933594,Move_Right,pressed
306.798,jump_peak_reached,299.625213623047,-2095.8974609375,180.0,39.8149261474609,jump_peak,x_299.625213623047_y_-2095.8974609375
306.89,jump_input_released,314.625213623047,-2086.40673828125,180.0,225.000106811523,Jump,released
306.898,platform_landed,320.625213623047,-2079.06640625,180.0,0.0,land_on_platform,platform_scene-1/Tile Map/17_-115_layer_Tile Map_tile_17_-115_source_1_atlas_15_0
306.898,landed,320.625213623047,-2079.06640625,180.0,0.0,land,surface_wood_impact_0.52407427978516
306.899,sonification,320.625213623047,-2079.06640625,180.0,0.0,osc_received,"value_[1, ""mushrooms""]"
306.9,sonification,320.625213623047,-2079.06640625,180.0,0.0,osc_received,"value_[1, ""leadr-mel""]"
306.982,sonification,328.502655029297,-2078.064453125,0.0,0.0,osc_received,"value_[1, ""mushrooms""]"
306.997,move_right_pressed,328.502655029297,-2078.064453125,33.3333320617676,0.0,Move_Right,pressed
306.997,jump_input_pressed,328.502655029297,-2078.064453125,33.3333320617676,0.0,Jump,pressed
306.997,jump_executed,328.502655029297,-2078.064453125,33.3333320617676,-500.0,jump,x_328.502655029297_y_-2078.064453125
307.005,musicking,329.061981201172,-2086.45532226562,33.3333320617676,-500.055541992188,osc_received,"value_[1, ""chain-jumps""]"
307.43,jump_peak_reached,393.311859130859,-2184.94970703125,180.0,39.8149261474609,jump_peak,x_393.311859130859_y_-2184.94970703125
307.732,platform_landed,444.598785400391,-2076.419921875,180.0,0.0,land_on_platform,platform_scene-1/Tile Map/25_-115_layer_Tile Map_tile_25_-115_source_1_atlas_0_0
307.732,landed,444.598785400391,-2076.419921875,180.0,0.0,land,surface_wood_impact_1.41296337890625
307.733,sonification,444.598785400391,-2076.419921875,180.0,0.0,osc_received,"value_[1, ""leadr-mel""]"
307.814,jump_input_released,445.571441650391,-2076.29296875,33.3333320617676,0.0,Jump,released
308.148,move_right_pressed,443.946411132812,-2021.00830078125,15.0,518.5185546875,Move_Right,pressed
308.198,platform_landed,446.446411132812,-1989.06689453125,60.0,0.0,land_on_platform,platform_scene-1/Tile Map/24_-110_layer_Tile Map_tile_24_-110_source_1_atlas_2_4
308.198,landed,446.446411132812,-1989.06689453125,60.0,0.0,land,surface_wood_impact_1.25925939941406
308.199,sonification,446.446411132812,-1989.06689453125,60.0,0.0,osc_received,"value_[1, ""leadr-mel""]"
308.481,move_left_pressed,460.613067626953,-1989.06689453125,-33.3333320617676,0.0,Move_Left,pressed
308.556,musicking,452.279754638672,-1989.06689453125,-166.666656494141,0.0,osc_received,"value_[1, ""chain-jumps-combo-walk""]"
308.749,jump_input_pressed,435.446411132812,-1989.06689453125,0.0,0.0,Jump,pressed
308.75,jump_executed,435.446411132812,-1989.06689453125,0.0,-500.0,jump,x_435.446411132812_y_-1989.06689453125
308.898,move_right_pressed,435.446411132812,-2051.7275390625,15.0,-314.999908447266,Move_Right,pressed
309.181,jump_peak_reached,469.946411132812,-2095.90356445312,180.0,39.8149261474609,jump_peak,x_469.946411132812_y_-2095.90356445312
309.181,jump_input_released,469.946411132812,-2095.90356445312,180.0,39.8149261474609,Jump,released
309.347,platform_landed,492.779754638672,-2061.02270507812,0.0,0.0,land_on_platform,platform_scene-1/Tile Map/27_-114_layer_Tile Map_tile_27_-114_source_1_atlas_2_0
309.348,landed,492.779754638672,-2061.02270507812,0.0,0.0,land,surface_wood_impact_0.82037066650391
309.348,sonification,492.779754638672,-2061.02270507812,0.0,0.0,osc_received,"value_[1, ""leadr-mel""]"
309.482,move_right_pressed,492.779754638672,-2061.02270507812,33.3333320617676,0.0,Move_Right,pressed
309.565,jump_input_pressed,501.113067626953,-2061.02270507812,180.0,0.0,Jump,pressed
309.565,jump_executed,501.113067626953,-2061.02270507812,180.0,-500.0,jump,x_501.113067626953_y_-2061.02270507812
309.699,jump_input_released,514.961120605469,-2118.119140625,0.0,-335.333251953125,Jump,released
309.799,jump_peak_reached,514.961120605469,-2122.91088867188,0.0,41.2037048339844,jump_peak,x_514.961120605469_y_-2122.91088867188
309.832,jump_input_pressed,514.961120605469,-2120.92016601562,0.0,115.277786254883,Jump,pressed
309.915,move_right_pressed,514.961120605469,-2105.14086914062,15.0,300.462982177734,Move_Right,pressed
309.956,jump_input_released,515.711120605469,-2094.50805664062,45.0,374.537078857422,Jump,released
309.981,platform_landed,516.837463378906,-2075.875,75.0,0.0,land_on_platform,platform_scene-1/Tile Map/29_-115_layer_Tile Map_tile_29_-115_source_1_atlas_0_0
309.981,landed,516.837463378906,-2075.875,75.0,0.0,land,surface_wood_impact_0.89722235107422
309.989,sonification,516.837463378906,-2075.875,75.0,0.0,osc_received,"value_[1, ""leadr-mel""]"
310.114,platform_landed,515.826965332031,-2061.01416015625,0.0,0.0,land_on_platform,platform_scene-1/Tile Map/28_-114_layer_Tile Map_tile_28_-114_source_1_atlas_3_0
310.114,landed,515.826965332031,-2061.01416015625,0.0,0.0,land,surface_wood_impact_0.51851849365234
310.115,sonification,515.826965332031,-2061.01416015625,0.0,0.0,osc_received,"value_[1, ""leadr-mel""]"
310.164,move_right_pressed,515.826965332031,-2061.01416015625,33.3333320617676,0.0,Move_Right,pressed
310.447,move_right_pressed,515.925231933594,-2061.06811523438,33.3333320617676,0.0,Move_Right,pressed
310.447,jump_input_pressed,515.925231933594,-2061.06811523438,33.3333320617676,0.0,Jump,pressed
310.447,jump_executed,515.925231933594,-2061.06811523438,33.3333320617676,-500.0,jump,x_515.925231933594_y_-2061.06811523438
310.548,jump_input_released,516.175231933594,-2105.91162109375,0.0,-376.166595458984,Jump,released
310.656,jump_peak_reached,516.175231933594,-2110.70336914062,0.0,41.2037048339844,jump_peak,x_516.175231933594_y_-2110.70336914062
310.748,move_right_pressed,516.175231933594,-2097.32373046875,15.0,263.425933837891,Move_Right,pressed
310.798,platform_landed,517.914306640625,-2076.94897460938,60.0,0.0,land_on_platform,platform_scene-1/Tile Map/29_-115_layer_Tile Map_tile_29_-115_source_1_atlas_0_0
310.798,landed,517.914306640625,-2076.94897460938,60.0,0.0,land,surface_wood_impact_0.74907415771484
310.798,sonification,517.914306640625,-2076.94897460938,60.0,0.0,osc_received,"value_[1, ""leadr-mel""]"
311.231,move_right_pressed,520.892456054688,-2078.70703125,33.3333320617676,0.0,Move_Right,pressed
311.365,jump_input_pressed,538.155334472656,-2079.0732421875,180.0,0.0,Jump,pressed
311.365,jump_executed,538.155334472656,-2079.0732421875,180.0,-500.0,jump,x_538.155334472656_y_-2079.0732421875
311.798,jump_peak_reached,616.156127929688,-2185.90405273438,180.0,39.8149261474609,jump_peak,x_616.156127929688_y_-2185.90405273438
312.181,jump_input_released,685.156127929688,-2014.46875,180.0,891.666931152344,Jump,released
312.198,platform_landed,691.156127929688,-1989.06616210938,180.0,0.0,land_on_platform,platform_scene-1/Tile Map/38_-110_layer_Tile Map_tile_38_-110_source_1_atlas_2_4
312.198,landed,691.156127929688,-1989.06616210938,180.0,0.0,land,surface_wood_impact_1.85740795898438
312.198,sonification,691.156127929688,-1989.06616210938,180.0,0.0,osc_received,"value_[1, ""leadr-mel""]"
312.798,move_right_pressed,692.989440917969,-1989.06616210938,33.3333320617676,0.0,Move_Right,pressed
313.447,move_right_pressed,772.156066894531,-1989.06616210938,33.3333320617676,0.0,Move_Right,pressed
314.822,scene_transition,1011.48937988281,-1989.06616210938,180.0,0.0,switch,from_res://Scenes/Main/scene-1.tscn_to_res://Scenes/Main/menu.tscn
314.822,session_end,1011.48937988281,-1989.06616210938,180.0,0.0,,
